isin,company_name,type,nse_symbol,bse_script_code,open_date,close_date,listing_date,issue_price,issue_amount_cr,pricing_method,listing_at,lead_manager,year,market_maker,market_maker_src,fresh_issue_cr,fresh_issue_cr_src,ofs_cr,ofs_cr_src,ofs_pct,ofs_pct_src,anchor_allocation_cr,anchor_allocation_cr_src,listing_open,listing_open_src,listing_high,listing_high_src,listing_low,listing_low_src,listing_close,listing_close_src,objects_of_issue,objects_of_issue_src,issue_size_cr,issue_size_cr_src,sub_qib_x,sub_nii_x,sub_retail_x,sub_total_x,sub_qib_cr,sub_nii_cr,sub_retail_cr,sub_total_cr,gmp_pct,promoter_pre_issue_pct,promoter_post_issue_pct,price_band_low,book_built,lot_size_shares,min_investment_rs,pe_ratio,pat_ttm_cr,sales_ttm_cr,eps_ttm,net_sales_yr1,net_sales_yr2,net_sales_yr3,operating_profit_yr1,operating_profit_yr2,operating_profit_yr3,pat_yr1,pat_yr2,pat_yr3,eps_yr1,eps_yr2,eps_yr3,shareholder_funds_yr1,shareholder_funds_yr2,shareholder_funds_yr3,borrowings_yr1,borrowings_yr2,borrowings_yr3,total_assets_yr1,total_assets_yr2,total_assets_yr3,operating_cf_yr1,operating_cf_yr2,operating_cf_yr3,pre_ipo_pat_margin_pct,pre_ipo_roe_pct,pre_ipo_debt_equity,pre_ipo_net_sales,pre_ipo_pat,pre_ipo_fin_year,pre_ipo_years_available,sub_total_x_src,pat_yr3_src,gmp_pct_src,promoter_post_issue_pct_src
INE0D5F01013,Net Pix Shorts Digital Media Ltd.,SME,,543247,2020-11-18,2020-11-23,2020-12-02,30.00,2.70,Fixed Price,BSE SME,Aryaman Financial,2020,Aryaman Capital Markets Ltd.,chittorgarh,3,chittorgarh,0.00,chittorgarh,0.0,chittorgarh,,,30.15,chittorgarh,30.15,chittorgarh,30.00,chittorgarh,30.05,chittorgarh,Acquisition of workshop & Godown and Writer’s Lounge on a long term lease basi | Further Augment our Digital Media Content Library | General Corporate Purpose,chittorgarh,3,chittorgarh,,,,,,,,,,,,,,,,,,,,,,0.18,,,0.07,,,0.02,,,0.12,,,,,,,,,,,,-3.0,11.11,,,0.18,0.02,Mar 2020,1,,screener,,
INE0BLY01023,Shine Fashions (India) Ltd.,SME,,543244,2020-10-22,2020-10-26,2020-11-02,40.00,1.60,Fixed Price,BSE SME,Shreni Shares,2020,Shreni Shares Ltd.,chittorgarh,2,chittorgarh,0.00,chittorgarh,0.0,chittorgarh,,,40.50,chittorgarh,40.50,chittorgarh,38.50,chittorgarh,39.55,chittorgarh,To meet Working Capital requirements | General Corporate Purpose | To meet the Issue Expenses,chittorgarh,2,chittorgarh,,,,,,,,,,,,,,,,,,,,,,,,,,,,,,,,,,,,,,,,,,,,,,,,,,,,,,
INE0EEJ01023,Bodhi Tree Multimedia Ltd.,SME,BTML,543767,2020-10-09,2020-10-13,2020-10-21,95.00,3.71,Fixed Price,NSE SME,Shreni Shares,2020,Shreni Shares Ltd.,chittorgarh,4,chittorgarh,0.00,chittorgarh,0.0,chittorgarh,,,95.00,chittorgarh,97.50,chittorgarh,94.00,chittorgarh,95.80,chittorgarh,To meet working capital requirement | General Corporate Expenses,chittorgarh,4,chittorgarh,,,,,,,,,,,,,,,,,,,,,,27.0,,,3.0,,,4.0,,,0.9,,,,,,,,,,,,-4.0,14.81,,,27.0,4.0,Mar 2020,1,,screener,,
INE244W01010,Veer Global Infraconstruction Ltd.,SME,,543241,2020-09-30,2020-10-09,2020-10-19,28.00,4.92,Fixed Price,BSE SME,Capital Square,2020,,,5,chittorgarh,0.00,chittorgarh,0.0,chittorgarh,,,31.00,chittorgarh,31.00,chittorgarh,29.45,chittorgarh,29.50,chittorgarh,To Meet the Short term Working Capital Expenses. | General corporate purpose.,chittorgarh,5,chittorgarh,,,,,,,,,,,,,,,,,,,,,10.08,8.51,,0.21,0.28,,0.12,0.19,,0.25,0.21,,5.81,10.24,,1.27,0.17,,29.33,32.63,,-0.99,-3.98,2.23,1.86,0.02,8.51,0.19,Mar 2020,2,,screener,,
INE0ALR01029,Atal Realtech Ltd.,SME,ATALREAL,543911,2020-09-30,2020-10-07,2020-10-15,72.00,10.83,Fixed Price,NSE SME,Aryaman Financial,2020,Aryaman Capital Markets Ltd.,chittorgarh,2,chittorgarh,9,chittorgarh,81.8,chittorgarh,,,70.20,chittorgarh,70.20,chittorgarh,66.70,chittorgarh,66.70,chittorgarh,Funding Working Capital Requirement | General Corporate Purpose,chittorgarh,11,chittorgarh,,,,,,,,,,,,,,,,,,,,,,,,,,,,,,,,,,,,,,,,,,,,,,,,,,,,,,
INE0E2801015,GM Polyplast Ltd.,SME,,543239,2020-09-30,2020-10-06,2020-10-14,159.00,8.09,Fixed Price,BSE SME,Gretex Corporate,2020,Gretex Share Broking Pvt.Ltd.,chittorgarh,5,chittorgarh,3,chittorgarh,37.5,chittorgarh,,,160.00,chittorgarh,168.00,chittorgarh,153.20,chittorgarh,167.50,chittorgarh,To Meet working capital requirement | General Corporate Purposes,chittorgarh,8,chittorgarh,,,,,,,,,,,,,,,,,,,,,,,,,,,,,,,,,,,,,,,,,,,,,,,,,,,,,,
INE0D0U01013,AAA Technologies Ltd.,SME,AAATECH,543671,2020-09-30,2020-10-05,2020-10-13,42.00,10.23,Fixed Price,NSE SME,Chartered Finance,2020,NNM Securities Pvt.Ltd.,chittorgarh,10,chittorgarh,0.00,chittorgarh,0.0,chittorgarh,,,44.50,chittorgarh,44.60,chittorgarh,42.30,chittorgarh,43.60,chittorgarh,Expansion and development of business operations across various cities in India | Working Capital Requirements (includingBank Guarantee) | General Corporate purposes,chittorgarh,10,chittorgarh,,,,,,,,,,,,,,,,,,,,10.23,10.34,14.16,1.29,2.94,5.05,1.0,2.06,3.69,12.5,25.75,46.12,,,,,,,,,,0.95,0.94,1.17,26.06,,,14.16,3.69,Mar 2020,3,,screener,,
INE0A0S01028,Sigma Solve Ltd.,SME,SIGMA,543917,2020-09-29,2020-10-09,2020-10-19,45.00,4.95,Fixed Price,NSE SME,Beeline Broking,2020,Nikunj Stock Brokers Ltd.,chittorgarh,5,chittorgarh,0.00,chittorgarh,0.0,chittorgarh,,,46.00,chittorgarh,46.00,chittorgarh,45.10,chittorgarh,45.10,chittorgarh,Acquisitions And Other Strategic Initiatives | Investment in Subsidiary | General Corporate Purpose | Public Issue Expenses,chittorgarh,5,chittorgarh,,,,,,,,,,,,,,,,,,,,,,10.0,,,2.0,,,2.0,,,0.2,,,6.0,,,3.0,,,14.0,,,-0.0,20.0,33.33,0.5,10.0,2.0,Mar 2020,1,,screener,,
INE09KD01013,Atam Valves Ltd.,SME,ATAM,543236,2020-09-18,2020-09-25,2020-10-06,40.00,4.50,Fixed Price,BSE SME,Fedex Securities,2020,Rikhav Securities Ltd.,chittorgarh,4,chittorgarh,1.00,chittorgarh,20.0,chittorgarh,,,40.00,chittorgarh,40.00,chittorgarh,38.00,chittorgarh,39.05,chittorgarh,Repayment/ Prepayment of certain secured borrowings availed by our Company | General corporate purposes,chittorgarh,5,chittorgarh,,,,,,,,,,,,,,,,,,,,17.3,18.34,16.29,2.48,2.52,1.86,0.51,0.65,0.04,0.85,1.08,0.07,3.71,4.36,4.86,12.75,10.72,8.5,18.56,17.26,16.02,0.96,3.63,3.74,0.25,0.82,1.75,16.29,0.04,Mar 2020,3,,screener,,
INE0BTM01013,SecMark Consultancy Ltd.,SME,SECMARK,543234,2020-09-18,2020-09-23,2020-10-01,135.00,15.04,Fixed Price,BSE SME,Indorient Financial,2020,Vijeta Broking India Pvt.Ltd.,chittorgarh,14,chittorgarh,1.00,chittorgarh,6.7,chittorgarh,,,134.00,chittorgarh,134.00,chittorgarh,127.30,chittorgarh,127.30,chittorgarh,"To finance development and/or procurement of technology, applications, software, infrastructure etc. including strategic acquisitions of Firms/Companies in the technology space to complement and enhance our Company’s value proposition | To expand and retain our Leadership team that will lead the Company into the next phase of growth | To acquire / rent assets | Repayment of bank facilities | General corporate purposes",chittorgarh,15,chittorgarh,,,,,,,,,,,,,,,,,,,,3.24,3.83,5.63,1.23,1.39,1.61,0.87,0.97,1.06,,,1.41,2.08,3.05,4.21,0.35,0.42,1.12,2.93,4.92,6.11,0.56,2.2,-0.26,18.83,25.18,0.27,5.63,1.06,Mar 2020,3,,screener,,
INE0ALI01010,Advait Infratech Ltd.,SME,ADVAIT,543230,2020-09-15,2020-09-18,2020-09-28,51.00,6.89,Fixed Price,BSE SME,ISK Advisors,2020,NNM Securities Pvt.Ltd.,chittorgarh,7,chittorgarh,0.00,chittorgarh,0.0,chittorgarh,,,51.95,chittorgarh,54.50,chittorgarh,51.25,chittorgarh,51.55,chittorgarh,Working Capital Requirement | General Corporate Purpose,chittorgarh,7,chittorgarh,,,,,,,,,,,,,,,,,,,,,28.0,45.0,,4.0,4.0,,2.0,1.0,,2.8,0.72,,19.0,20.0,,6.0,10.0,,44.0,52.0,,3.0,1.0,2.22,5.0,0.5,45.0,1.0,Mar 2020,2,,screener,,
INE0DG401010,Trekkingtoes.com Ltd.,SME,,543222,2020-08-18,2020-08-20,2020-08-28,105.00,4.55,Fixed Price,BSE SME,Novus Capital,2020,Nidhi Broking Services Pvt.Ltd.,chittorgarh,4,chittorgarh,1.00,chittorgarh,20.0,chittorgarh,,,105.00,chittorgarh,105.00,chittorgarh,99.75,chittorgarh,99.75,chittorgarh,Strategic initiatives and investments | Repayment and pre-payment of a portion of certain indebtedness availed by our company | General corporate purposes,chittorgarh,5,chittorgarh,,,,,,,,,,,,,,,,,,,,,,,,,,,,,,,,,,,,,,,,,,,,,,,,,,,,,,
INE05ST01028,Suratwwala Business Group Ltd.,SME,SBGLP,543218,2020-08-03,2020-08-05,2020-08-13,15.00,6.90,Fixed Price,BSE SME,Hem Securities,2020,Hem Securities Ltd.,chittorgarh,7,chittorgarh,0.00,chittorgarh,0.0,chittorgarh,,,15.45,chittorgarh,16.22,chittorgarh,15.45,chittorgarh,16.22,chittorgarh,To meet Working Capital requirements | General Corporate Purpose,chittorgarh,7,chittorgarh,,,,,,,,,,,,,,,,,,,,,,,,,,,,,,,,,,,,,,,,,,,,,,,,,,,,,,
INE0B9A01018,Bonlon Industries Ltd.,SME,BONLON,543211,2020-06-30,2020-07-03,2020-07-13,28.00,10.52,Fixed Price,BSE SME,Sarthi Capital Advisors,2020,Choice Equity Broking Pvt.Ltd.,chittorgarh,10,chittorgarh,1.00,chittorgarh,9.1,chittorgarh,,,21.00,chittorgarh,21.50,chittorgarh,21.00,chittorgarh,21.50,chittorgarh,Working Capital Requirements | Issue Expenses,chittorgarh,11,chittorgarh,,,,,,,,,,,,,,,,,,,,242.0,215.0,243.0,-2.0,-8.0,-5.0,0.0,3.0,12.0,0.93,2.59,11.51,,,,,,,,,,6.0,-4.0,59.0,4.94,,,243.0,12.0,Mar 2020,3,,screener,,
INE0D6I01023,Ksolves India Ltd.,SME,KSOLVES,543599,2020-06-23,2020-06-26,2020-07-06,100.00,4.02,Fixed Price,NSE SME,Shreni Shares,2020,Shreni Shares Ltd.,chittorgarh,4,chittorgarh,0.00,chittorgarh,0.0,chittorgarh,,,101.95,chittorgarh,106.90,chittorgarh,101.95,chittorgarh,106.90,chittorgarh,To Meet Working Capital Requirement | General Corporate Expenses | Public Issue Expenses,chittorgarh,4,chittorgarh,,,,,,,,,,,,,,,,,,,,,,10.0,,,1.0,,,1.0,,,,,,1.02,,,0.0,,,2.0,,,1.0,10.0,98.04,0.0,10.0,1.0,Mar 2020,1,,screener,,
INE0CRS01012,Billwin Industries Ltd.,SME,,543209,2020-06-18,2020-06-22,2020-06-30,37.00,2.46,Fixed Price,BSE SME,Gretex Corporate,2020,Gretex Share Broking Pvt.Ltd.,chittorgarh,2,chittorgarh,0.00,chittorgarh,0.0,chittorgarh,,,36.90,chittorgarh,38.20,chittorgarh,36.90,chittorgarh,37.10,chittorgarh,Funding the working capital requirements of our Company,chittorgarh,2,chittorgarh,,,,,,,,,,,,,,,,,,,,,,,,,,,,,,,,,,,,,,,,,,,,,,,,,,,,,,
INE0CPQ01010,Nirmitee Robotics India Ltd.,SME,,543194,2020-03-31,2020-04-09,2020-04-21,185.00,3.24,Fixed Price,BSE SME,Aryaman Financial,2020,Aryaman Capital Markets Ltd.,chittorgarh,3,chittorgarh,0.00,chittorgarh,0.0,chittorgarh,,,189.00,chittorgarh,189.00,chittorgarh,187.00,chittorgarh,189.00,chittorgarh,"Redemption of Preference Shares | Security Deposit towards acquisition of Registered Office, R & D facility & assembling unit | General Corporate Purpose",chittorgarh,3,chittorgarh,,,,,,,,,,,,,,,,,,,,,,,,,,,,,,,,,,,,,,,,,,,,,,,,,,,,,,
INE0B1K01014,DJ Mediaprint & Logistics Ltd.,SME,DJML,543193,2020-03-26,2020-03-31,2020-04-13,20.00,2.40,Fixed Price,BSE SME,Finshore Management,2020,Nikunj Stock Brokers Ltd.,chittorgarh,2,chittorgarh,0.00,chittorgarh,0.0,chittorgarh,,,20.60,chittorgarh,21.60,chittorgarh,20.00,chittorgarh,20.80,chittorgarh,Funding the working capital requirements of the Company | Issue related expenses | General corporate purposes,chittorgarh,2,chittorgarh,,,,,,,,,,,,,,,,,,,,,,,,,,,,,,,,,,,,,,,,,,,,,,,,,,,,,,
INE258Y01016,Laxmi Goldorna House Ltd.,SME,LGHL,,2020-03-20,2020-04-03,2020-04-16,15.00,8.28,Fixed Price,NSE SME,Beeline Broking,2020,Hem Finlease Pvt.Ltd.,chittorgarh,8,chittorgarh,0.00,chittorgarh,0.0,chittorgarh,,,15.00,chittorgarh,15.10,chittorgarh,14.65,chittorgarh,15.00,chittorgarh,To Meet Working Capital Requirement | General Corporate Expenses | Public Issue Expenses,chittorgarh,8,chittorgarh,,,,,,,,,,,,,,,,,,,,,,,,,,,,,,,,,,,,,,,,,,,,,,,,,,,,,,
INE0CQB01010,Cospower Engineering Ltd.,SME,,543172,2020-03-17,2020-03-19,2020-03-30,51.00,2.04,Fixed Price,BSE SME,Shreni Shares,2020,Shreni Shares Ltd.,chittorgarh,2,chittorgarh,0.00,chittorgarh,0.0,chittorgarh,,,51.00,chittorgarh,53.10,chittorgarh,51.00,chittorgarh,53.10,chittorgarh,To meet Working Capital requirements | General Corporate Purpose,chittorgarh,2,chittorgarh,,,,,,,,,,,,,,,,,,,,,,,,,,,,,,,,,,,,,,,,,,,,,,,,,,,,,,
INE0BDU01028,RO Jewels Ltd.,SME,,543171,2020-03-12,2020-03-17,2020-03-25,36.00,4.91,Fixed Price,BSE SME,First Overseas,2020,Beeline Broking Ltd.,chittorgarh,5,chittorgarh,0.00,chittorgarh,0.0,chittorgarh,,,36.00,chittorgarh,36.00,chittorgarh,36.00,chittorgarh,36.00,chittorgarh,Additional Working Capital | General Corporate Expenses | To meet the expenses of the Issue,chittorgarh,5,chittorgarh,,,,,,,,,,,,,,,,,,,,,,4.24,,,0.02,,,0.01,,,0.01,,,,,,,,,,,,-0.87,0.24,,,4.24,0.01,Mar 2019,1,,screener,,
INE0C4I01011,SM Auto Stamping Ltd.,SME,,543065,2020-03-03,2020-03-05,2020-03-16,18.00,6.91,Fixed Price,BSE SME,Hem Securities,2020,Hem Securities Ltd.,chittorgarh,7,chittorgarh,0.00,chittorgarh,0.0,chittorgarh,,,18.00,chittorgarh,18.00,chittorgarh,18.00,chittorgarh,18.00,chittorgarh,To meet Working Capital requirements | General Corporate Purpose,chittorgarh,7,chittorgarh,,,,,,,,,,,,,,,,,,,,,,,,,,,,,,,,,,,,,,,,,,,,,,,,,,,,,,
INE0AU701018,ICL Organic Dairy Products Ltd.,SME,,542935,2020-01-31,2020-02-07,2020-02-17,20.00,4.08,Fixed Price,BSE SME,Finshore Management,2020,Beeline Broking Ltd.,chittorgarh,4,chittorgarh,0.00,chittorgarh,0.0,chittorgarh,,,20.80,chittorgarh,21.80,chittorgarh,19.80,chittorgarh,21.80,chittorgarh,Funding the working capital requirements of the Company | Issue related expenses | General corporate purposes,chittorgarh,4,chittorgarh,,,,,,,,,,,,,,,,,,,,,,,,,,,,,,,,,,,,,,,,,,,,,,,,,,,,,,
INE07QQ01016,Chandra Bhagat Pharma Ltd.,SME,,542934,2020-01-31,2020-02-06,2020-02-14,51.00,10.20,Fixed Price,BSE SME,Beeline Broking,2020,Beeline Broking Ltd.,chittorgarh,10,chittorgarh,0.00,chittorgarh,0.0,chittorgarh,,,51.70,chittorgarh,52.10,chittorgarh,51.00,chittorgarh,51.75,chittorgarh,To Meet Incremental Working Capital Requirements | Setting up Distribution and Warehousing Centre’s | General Corporate Purpose | To meet Public Issue Expenses,chittorgarh,10,chittorgarh,,,,,,,,,,,,,,,,,,,,,,,,,,,,,,,,,,,,,,,,,,,,,,,,,,,,,,
INE813V01022,Madhav Copper Ltd. FPO,SME,MCL,,2020-01-27,2020-01-30,2020-02-06,102.00,25.50,Bookbuilding,NSE SME,Pantomath Capital,2020,,,,,,,,,,,,,,,,,,,,,,,,,,,,,,,,,,,,,,,,,,71.0,169.0,213.0,2.0,4.0,9.0,1.0,2.0,4.0,0.34,0.96,1.48,7.0,9.0,13.0,11.0,7.0,12.0,23.0,24.0,46.0,-6.0,7.0,9.0,1.88,30.77,0.92,213.0,4.0,Mar 2019,3,,screener,,
INE04OV01018,Janus Corp.Ltd.,SME,,542924,2020-01-27,2020-01-30,2020-02-06,50.00,8.00,Fixed Price,BSE SME,First Overseas,2020,,,8,chittorgarh,0.00,chittorgarh,0.0,chittorgarh,,,50.70,chittorgarh,50.70,chittorgarh,48.20,chittorgarh,48.50,chittorgarh,Augmenting additional working capital requirements | General Corporate Purposes,chittorgarh,8,chittorgarh,,,,,,,,,,,,,,,,,,,,,,,,,,,,,,,,,,,,,,,,,,,,,,,,,,,,,,
INE0BIW01023,Tranway Technologies Ltd.,SME,,542923,2020-01-27,2020-01-29,2020-02-05,10.00,4.24,Fixed Price,BSE SME,Finshore Management,2020,Nikunj Stock Brokers Ltd.,chittorgarh,4,chittorgarh,0.00,chittorgarh,0.0,chittorgarh,,,11.10,chittorgarh,11.65,chittorgarh,11.10,chittorgarh,11.65,chittorgarh,To meet the working capital requirements of the company for business operations and expansion in India and Abroad. | General Corporate Purposes.,chittorgarh,4,chittorgarh,,,,,,,,,,,,,,,,,,,,,,,,,,,,,,,,,,,,,,,,,,,,,,,,,,,,,,
INE05X901010,HindPrakash Industries Ltd.,SME,HPIL,543645,2020-01-15,2020-01-17,2020-01-27,40.00,11.52,Fixed Price,NSE SME,Hem Securities,2020,Hem Finlease Pvt.Ltd.,chittorgarh,11,chittorgarh,1.00,chittorgarh,8.3,chittorgarh,,,40.70,chittorgarh,42.70,chittorgarh,40.70,chittorgarh,41.30,chittorgarh,To Meet Working Capital Requirements | General Corporate Purpose | To Meet the Issue Expenses,chittorgarh,12,chittorgarh,,,,,,,,,,,,,,,,,,,,,,,,,,,,,,,,,,,,,,,,,,,,,,,,,,,,,,
INE0DRT01018,Fabino Life Sciences Ltd.,SME,,543444,2021-12-31,2022-01-05,2022-01-13,36.00,3.24,Fixed Price,BSE SME,Aryaman Financial,2021,Aryaman Capital Markets Ltd.,chittorgarh,3,chittorgarh,0.00,chittorgarh,0.0,chittorgarh,,,38.45,chittorgarh,40.35,chittorgarh,36.55,chittorgarh,40.35,chittorgarh,Part Repayment of Loans | Funding Working capital requirements | General Corporate Purpose,chittorgarh,3,chittorgarh,,,,,,,,,,,,,,,,,,,,,,,,,,,,,,,,,,,,,,,,,,,,,,,,,,,,,,
INE0IJY01014,Timescan Logistics (India) Ltd.,SME,TIMESCAN,,2021-12-31,2022-01-04,2022-01-12,51.00,4.81,Fixed Price,NSE SME,Finshore Management,2021,Nikunj Stock Brokers Ltd.,chittorgarh,5,chittorgarh,0.00,chittorgarh,0.0,chittorgarh,,,82.00,chittorgarh,86.10,chittorgarh,82.00,chittorgarh,86.10,chittorgarh,To meet the working capital requirements | General Corporate Purposes,chittorgarh,5,chittorgarh,,,,,,,,,,,,,,,,,,,,,,,,,,,,,,,,,,,,,,,,,,,,,,,,,,,,,,
INE0E4I01027,Ascensive Educare Ltd.,SME,,543443,2021-12-30,2022-01-04,2022-01-12,26.00,2.26,Fixed Price,BSE SME,GYR Capital,2021,Beeline Broking Ltd.,chittorgarh,2,chittorgarh,0.00,chittorgarh,0.0,chittorgarh,,,27.60,chittorgarh,28.95,chittorgarh,27.50,chittorgarh,28.95,chittorgarh,Funding the working capital requirements of the company | General Corporate Purposes,chittorgarh,2,chittorgarh,,,,,,,,,,,,,,,,,,,,9.08,9.54,10.04,1.08,1.56,1.43,0.28,0.43,0.44,0.22,0.33,0.19,1.98,2.41,2.91,5.36,6.13,5.67,8.22,10.65,12.37,-1.74,-0.01,-0.61,4.38,15.12,1.95,10.04,0.44,Mar 2021,3,,screener,,
INE08PH01015,AB Cotspin India Ltd.,SME,ABCOTS,544522,2021-12-30,2022-01-03,2022-01-11,35.00,10.09,Bookbuilding,NSE SME,Pantomath Capital,2021,Pentagon Stock Brokers Pvt.Ltd.,chittorgarh,10,chittorgarh,0.00,chittorgarh,0.0,chittorgarh,,,38.50,chittorgarh,40.40,chittorgarh,38.00,chittorgarh,40.40,chittorgarh,Funding the working capital requirements of the Company Requirement | General corporate purposes,chittorgarh,10,chittorgarh,,,,,,,,,,,,,,,,,,,,,,,,,,,,,,,,,,,,,,,,,,,,,,,,,,,,,,
INE0ILD01014,Brandbucket Media & Technology Ltd.,SME,,543439,2021-12-20,2021-12-23,2021-12-31,55.00,8.25,Fixed Price,BSE SME,Inventure Merchant Banker,2021,NNM Securities Pvt.Ltd.,chittorgarh,8,chittorgarh,0.00,chittorgarh,0.0,chittorgarh,,,55.25,chittorgarh,55.25,chittorgarh,52.50,chittorgarh,52.50,chittorgarh,Augmenting additional working capital requirements | Funding capital expenditure requirements | General Corporate Purposes,chittorgarh,8,chittorgarh,,,,,,,,,,,,,,,,,,,,,,,,,,,,,,,,,,,,,,,,,,,,,,,,,,,,,,
INE0IA701014,Vivo Collaboration Solutions Ltd.,SME,VIVO,,2021-12-20,2021-12-23,2021-12-31,82.00,4.40,Fixed Price,NSE SME,Sarthi Capital Advisors,2021,O J Financial Services Ltd.,chittorgarh,4,chittorgarh,0.00,chittorgarh,0.0,chittorgarh,,,355.10,chittorgarh,372.85,chittorgarh,337.35,chittorgarh,337.35,chittorgarh,To meet the working capital requirements of the Company | General Corporate Purpose,chittorgarh,4,chittorgarh,,,,,,,,,,,,,,,,,,,,,,,,,,,,,,,,,,,,,,,,,,,,,,,,,,,,,,
INE0IM001015,Wherrelz IT Solutions Ltd.,SME,,543436,2021-12-16,2021-12-21,2021-12-29,171.00,2.01,Fixed Price,BSE SME,Fedex Securities,2021,Gretex Share Broking Pvt.Ltd.,chittorgarh,2,chittorgarh,0.00,chittorgarh,0.0,chittorgarh,,,173.05,chittorgarh,178.50,chittorgarh,173.05,chittorgarh,177.20,chittorgarh,Funding working capital requirements | General Corporate Purpose,chittorgarh,2,chittorgarh,,,,,,,,,,,,,,,,,,,,0.19,0.22,0.2,0.01,0.05,0.03,0.01,0.03,0.02,10.0,30.0,20.0,,,,,,,,,,0.02,0.0,0.03,10.0,,,0.2,0.02,Mar 2021,3,,screener,,
INE0JJS01014,Clara Industries Ltd.,SME,,543435,2021-12-16,2021-12-21,2021-12-29,43.00,3.02,Fixed Price,BSE SME,Gretex Corporate,2021,Gretex Share Broking Pvt.Ltd.,chittorgarh,3,chittorgarh,0.00,chittorgarh,0.0,chittorgarh,,,43.20,chittorgarh,45.30,chittorgarh,43.20,chittorgarh,44.00,chittorgarh,To Meet Working Capital Requirements | General Corporate Purposes,chittorgarh,3,chittorgarh,,,,,,,,,,,,,,,,,,,,,,,,,,,,,,,,,,,,,,,,,,,,,,,,,,,,,,
INE505V01016,Euro Panel Products Ltd.,SME,EUROBOND,544461,2021-12-14,2021-12-16,2021-12-24,70.00,45.50,Fixed Price,NSE SME,Fedex Securities,2021,Rikhav Securities Ltd.,chittorgarh,43,chittorgarh,3.00,chittorgarh,6.5,chittorgarh,,,70.00,chittorgarh,73.50,chittorgarh,70.00,chittorgarh,71.40,chittorgarh,Meeting incremental working capital requirements | Repayment of unsecured loan availed by the company | General corporate purposes,chittorgarh,46,chittorgarh,,,,,,,,,,,,,,,,,,,,,,,,,,,,,,,,,,,,,,,,,,,,,,,,,,,,,,
INE0I7D01019,Foce India Ltd.,SME,FOCE,,2021-12-13,2021-12-17,2021-12-28,225.00,29.03,Fixed Price,NSE SME,Mark Corporate,2021,Svcm Securities Pvt.Ltd.,chittorgarh,19,chittorgarh,9,chittorgarh,31.0,chittorgarh,,,225.00,chittorgarh,231.00,chittorgarh,225.00,chittorgarh,225.70,chittorgarh,To meet Working Capital Requirement | General Corporate Purpose,chittorgarh,29,chittorgarh,,,,,,,,,,,,,,,,,,,,,,,,,,,,,,,,,,,,,,,,,,,,,,,,,,,,,,
INE0JM501013,Nupur Recyclers Ltd.,SME,NRL,,2021-12-13,2021-12-15,2021-12-23,60.00,34.20,Fixed Price,NSE SME,Corporate Capitalventures,2021,SS Corporate Securities Ltd.,chittorgarh,32,chittorgarh,2.00,chittorgarh,5.9,chittorgarh,,,74.00,chittorgarh,77.70,chittorgarh,70.35,chittorgarh,77.70,chittorgarh,To meet out the Working Capital requirements of the Company | To meet out the General Corporate Purposes,chittorgarh,34,chittorgarh,,,,,,,,,,,,,,,,,,,,,,,,,,,,,,,,,,,,,,,,,,,,,,,,,,,,,,
INE07L501010,DMR Hydroengineering & Infrastructures Ltd.,SME,,543410,2021-11-24,2021-11-29,2021-12-07,21.00,2.09,Fixed Price,BSE SME,Shreni Shares,2021,Shreni Shares Ltd.,chittorgarh,2,chittorgarh,0.4158,chittorgarh,20.8,chittorgarh,,,25.00,chittorgarh,26.25,chittorgarh,24.05,chittorgarh,26.25,chittorgarh,Funding working capital requirement | General corporate purposes,chittorgarh,2,chittorgarh,,,,,,,,,,,,,,,,,,,,,,,,,,,,,,,,,,,,,,,,,,,,,,,,,,,,,,
INE0JFE01012,Omnipotent Industries Ltd.,SME,,543400,2021-11-16,2021-11-22,2021-11-29,63.00,18.90,Fixed Price,BSE SME,Inventure Merchant Banker,2021,Sernet Financial Services Pvt.Ltd.,chittorgarh,18,chittorgarh,1.00,chittorgarh,5.3,chittorgarh,,,99.00,chittorgarh,99.00,chittorgarh,94.05,chittorgarh,94.05,chittorgarh,Repayment of Loans | Augmenting additional working capital requirements | General Corporate Purposes,chittorgarh,19,chittorgarh,,,,,,,,,,,,,,,,,,,,,,,,,,,,,,,,,,,,,,,,,,,,,,,,,,,,,,
INE07GA01011,Suyog Gurbaxani Funicular Ropeways Ltd.,SME,,543391,2021-11-01,2021-11-08,2021-11-16,45.00,29.50,Fixed Price,BSE SME,Aryaman Financial,2021,Aryaman Capital Markets Ltd.,chittorgarh,5,chittorgarh,23,chittorgarh,79.3,chittorgarh,,,45.45,chittorgarh,45.45,chittorgarh,45.10,chittorgarh,45.10,chittorgarh,Repayment of loans | General Corporate Purposes,chittorgarh,29,chittorgarh,,,,,,,,,,,,,,,,,,,,,,,,,,,,,,,,,,,,,,,,,,,,,,,,,,,,,,
INE0J6L01013,Nidan Laboratories & Healthcare Ltd.,SME,NIDAN,,2021-10-28,2021-11-02,2021-11-12,125.00,50.00,Fixed Price,NSE SME,First Overseas,2021,NNM Securities Pvt.Ltd.,chittorgarh,48,chittorgarh,2.00,chittorgarh,4.0,chittorgarh,,,123.90,chittorgarh,123.90,chittorgarh,117.75,chittorgarh,117.75,chittorgarh,Repayment of Loans | Additional Working Capital | General Corporate Expenses | To meet the expenses of the Issue,chittorgarh,50,chittorgarh,,,,,,,,,,,,,,,,,,,,,,,,,,,,,,,,,,,,,,,,,,,,,,,,,,,,,,
INE0J0B01017,Kotyark Industries Ltd.,SME,KOTYARK,544726,2021-10-21,2021-10-25,2021-11-02,51.00,11.26,Fixed Price,NSE SME,Beeline Broking,2021,Sunflower Broking Pvt.Ltd.,chittorgarh,11,chittorgarh,0.00,chittorgarh,0.0,chittorgarh,,,51.00,chittorgarh,51.90,chittorgarh,48.45,chittorgarh,48.45,chittorgarh,To Meet Working Capital Requirement | General Corporate Expenses | Public Issue Expenses,chittorgarh,11,chittorgarh,,,,,,,,,,,,,,,,,,,,,,,,,,,,,,,,,,,,,,,,,,,,,,,,,,,,,,
INE0GN101014,D.K.Enterprises Global Ltd.,SME,DKEGL,,2021-10-07,2021-10-12,2021-10-22,40.00,7.99,Fixed Price,NSE SME,Beeline Broking,2021,Nikunj Stock Brokers Ltd.,chittorgarh,8,chittorgarh,0.00,chittorgarh,0.0,chittorgarh,,,42.00,chittorgarh,44.10,chittorgarh,41.00,chittorgarh,43.30,chittorgarh,"Acquisition of Land for new Manufacturing Plant at Baddi, Himachal Pradesh | Construction of Building and Civil Work for new Manufacturing Plant at Baddi, Himachal Pradesh | Purchase of Plant and Machinery at new Manufacturing Plant at Baddi, Himachal Pradesh | Incremental Working Capital Requirements | For General Corporate Purposes | Total",chittorgarh,8,chittorgarh,,,,,,,,,,,,,,,,,,,,,,,,,,,,,,,,,,,,,,,,,,,,,,,,,,,,,,
INE0IGO01011,Destiny Logistics & Infra Ltd.,SME,DESTINY,,2021-09-30,2021-10-05,2021-10-13,20.00,5.39,Fixed Price,NSE SME,Finshore Management,2021,Nikunj Stock Brokers Ltd.,chittorgarh,5,chittorgarh,0.00,chittorgarh,0.0,chittorgarh,,,20.70,chittorgarh,20.70,chittorgarh,19.70,chittorgarh,19.70,chittorgarh,To meet Working Capital requirement | General Corporate Expenses | Public Issue Expenses,chittorgarh,5,chittorgarh,,,,,,,,,,,,,,,,,,,,,,,,,,,,,,,,,,,,,,,,,,,,,,,,,,,,,,
INE0DZ701010,Dynamic Services & Security Ltd.,SME,DYNAMIC,,2021-09-30,2021-10-05,2021-10-13,51.00,24.13,Fixed Price,NSE SME,Finshore Management,2021,Nikunj Stock Brokers Ltd.,chittorgarh,23,chittorgarh,1.00,chittorgarh,4.2,chittorgarh,,,53.00,chittorgarh,55.65,chittorgarh,50.35,chittorgarh,53.55,chittorgarh,To meet Working Capital Requirement | General Corporate Expenses | Public Issue Expenses,chittorgarh,24,chittorgarh,,,,,,,,,,,,,,,,,,,,,,,,,,,,,,,,,,,,,,,,,,,,,,,,,,,,,,
INE0GD201014,Samor Reality Ltd.,SME,,543376,2021-09-30,2021-10-05,2021-10-13,62.00,8.06,Fixed Price,BSE SME,Beeline Broking,2021,Sunflower Broking Pvt.Ltd.,chittorgarh,8,chittorgarh,0.00,chittorgarh,0.0,chittorgarh,,,64.80,chittorgarh,65.00,chittorgarh,62.35,chittorgarh,62.45,chittorgarh,Investment into our subsidiary namely M/s Samor & Motherland LLP (“SML”) | General Corporate Expenses | Public Issue Expenses,chittorgarh,8,chittorgarh,,,,,,,,,,,,,,,,,,,,,,9.64,,,0.14,,,0.1,,,0.07,,,3.1,,,7.34,,,10.87,,,-8.74,1.04,3.23,2.37,9.64,0.1,Mar 2021,1,,screener,,
INE0CWK01019,Adishakti Loha & Ispat Ltd.,SME,,543377,2021-09-30,2021-10-05,2021-10-13,11.00,2.00,Fixed Price,BSE SME,Turnaround Corporate,2021,NNM Securities Pvt.Ltd.,chittorgarh,2,chittorgarh,0.00,chittorgarh,0.0,chittorgarh,,,12.00,chittorgarh,12.00,chittorgarh,11.40,chittorgarh,11.40,chittorgarh,To meet the incremental working capital requirements | General Corporate Purpose,chittorgarh,2,chittorgarh,,,,,,,,,,,,,,,,,,,,,,,,,,,,,,,,,,,,,,,,,,,,,,,,,,,,,,
INE0H8H01019,CWD Ltd.,SME,,543378,2021-09-30,2021-10-05,2021-10-13,180.00,18.01,Fixed Price,BSE SME,Aryaman Financial,2021,Aryaman Capital Markets Ltd.,chittorgarh,14,chittorgarh,3,chittorgarh,16.7,chittorgarh,,,180.90,chittorgarh,189.00,chittorgarh,180.15,chittorgarh,180.60,chittorgarh,Security Deposit towards acquisition of Registered Office on a long term lease basis | Funding Working Capital requirements | General Corporate Purpose,chittorgarh,18,chittorgarh,,,,,,,,,,,,,,,,,,,,,3.02,3.39,,1.02,1.39,,0.51,1.37,,3.19,0.99,,,,,,,,,,,-0.74,0.39,40.41,,,3.39,1.37,Mar 2021,2,,screener,,
INE0I2F01015,Promax Power Ltd.,SME,,543375,2021-09-30,2021-10-04,2021-10-12,10.00,1.60,Fixed Price,BSE SME,Finshore Management,2021,Nikunj Stock Brokers Ltd.,chittorgarh,2,chittorgarh,0.00,chittorgarh,0.0,chittorgarh,,,11.00,chittorgarh,11.55,chittorgarh,11.00,chittorgarh,11.55,chittorgarh,To meet Working Capital Requirement | General Corporate Expenses | Public Issue Expenses,chittorgarh,2,chittorgarh,,,,,,,,,,,,,,,,,,,,,,,,,,,,,,,,,,,,,,,,,,,,,,,,,,,,,,
INE0I3Y01014,Bombay Metrics Supply Chain Ltd.,SME,BMETRICS,,2021-09-30,2021-10-04,2021-10-12,93.00,4.29,Fixed Price,NSE SME,Unistone Capital,2021,Rikhav Securities Ltd.,chittorgarh,4,chittorgarh,0.00,chittorgarh,0.0,chittorgarh,,,98.30,chittorgarh,103.20,chittorgarh,98.30,chittorgarh,103.20,chittorgarh,Working Capital Requirements | General corporate purposes | Issue Expenses,chittorgarh,4,chittorgarh,,,,,,,,,,,,,,,,,,,,,,,,,,,,,,,,,,,,,,,,,,,,,,,,,,,,,,
INE0HLJ01013,Shri Venkatesh Refineries Ltd.,SME,,543373,2021-09-29,2021-10-01,2021-10-11,40.00,11.71,Fixed Price,BSE SME,Hem Securities,2021,Hem Finlease Pvt.Ltd.,chittorgarh,11,chittorgarh,1.00,chittorgarh,8.3,chittorgarh,,,42.00,chittorgarh,43.50,chittorgarh,42.00,chittorgarh,42.10,chittorgarh,To meet Working Capital requirements | General Corporate Purpose,chittorgarh,12,chittorgarh,,,,,,,,,,,,,,,,,,,,,,,,,,,,,,,,,,,,,,,,,,,,,,,,,,,,,,
INE02KC01010,Jainam Ferro Alloys (I) Ltd.,SME,JAINAM,,2021-09-28,2021-09-30,2021-10-08,70.00,19.61,Fixed Price,NSE SME,Hem Securities,2021,Hem Finlease Pvt.Ltd.,chittorgarh,8,chittorgarh,11,chittorgarh,55.0,chittorgarh,,,73.00,chittorgarh,76.65,chittorgarh,73.00,chittorgarh,73.10,chittorgarh,To meet Working Capital requirements | General Corporate Purpose,chittorgarh,20,chittorgarh,,,,,,,,,,,,,,,,,,,,,,,,,,,,,,,,,,,,,,,,,,,,,,,,,,,,,,
INE0H1201020,Getalong Enterprise Ltd.,SME,,543372,2021-09-27,2021-09-30,2021-10-08,69.00,5.18,Fixed Price,BSE SME,Shreni Shares,2021,Shreni Shares Ltd.,chittorgarh,5,chittorgarh,0.00,chittorgarh,0.0,chittorgarh,,,73.05,chittorgarh,76.70,chittorgarh,72.10,chittorgarh,76.70,chittorgarh,Funding working capital requirements | General corporate purposes,chittorgarh,5,chittorgarh,,,,,,,,,,,,,,,,,,,,,,,,,,,,,,,,,,,,,,,,,,,,,,,,,,,,,,
INE0GOJ01027,Quadpro ITeS Ltd.,SME,QUADPRO,,2021-09-20,2021-09-22,2021-09-30,20.00,14.10,Fixed Price,NSE SME,Beeline Broking,2021,Beeline Broking Ltd.,chittorgarh,12,chittorgarh,2,chittorgarh,14.3,chittorgarh,,,19.80,chittorgarh,20.00,chittorgarh,18.85,chittorgarh,19.85,chittorgarh,To Meet Capital Expenditure Requirements | Acquisitions and Other Strategic Initiatives | For General Corporate Purposes,chittorgarh,14,chittorgarh,,,,,,,,,,,,,,,,,,,,,,,,,,,,,,,,,,,,,,,,,,,,,,,,,,,,,,
INE0DLM01024,SBL Infratech Ltd.,SME,,543366,2021-09-16,2021-09-20,2021-09-28,111.00,2.49,Fixed Price,BSE SME,Novus Capital,2021,Nikunj Stock Brokers Ltd.,chittorgarh,2,chittorgarh,0.00,chittorgarh,0.0,chittorgarh,,,130.00,chittorgarh,130.00,chittorgarh,125.00,chittorgarh,125.00,chittorgarh,To meet out the Working Capital requirements of the Company | To meet out the General Corporate Purposes,chittorgarh,2,chittorgarh,,,,,,,,,,,,,,,,,,,,,,,,,,,,,,,,,,,,,,,,,,,,,,,,,,,,,,
INE0FW001016,Markolines Traffic Controls Ltd.,SME,MARKOLINES,543364,2021-09-15,2021-09-20,2021-09-27,78.00,40.00,Fixed Price,BSE SME,Gretex Corporate,2021,Gretex Share Broking Pvt.Ltd.,chittorgarh,38,chittorgarh,2.00,chittorgarh,5.0,chittorgarh,,,62.20,chittorgarh,65.30,chittorgarh,59.10,chittorgarh,65.30,chittorgarh,Prepayment / Repayment of certain debt facilities availed by our company | Funding of Working Capital Requirements of our company | General Corporate Purposes,chittorgarh,40,chittorgarh,,,,,,,,,6.41,,,,,,,,,,,,,,,,,,,,,,,,,,,,,,,,,,,,,,,,,,,,investorgain,
INE0GAO01018,Prevest Denpro Ltd.,SME,,543363,2021-09-15,2021-09-17,2021-09-27,84.00,26.61,Bookbuilding,BSE SME,Hem Securities,2021,Hem Finlease Pvt.Ltd.,chittorgarh,25,chittorgarh,2.00,chittorgarh,7.4,chittorgarh,7.58,chittorgarh,180.55,chittorgarh,189.55,chittorgarh,180.55,chittorgarh,189.55,chittorgarh,"Purchase of machineries, equipments and utilities for manufacturing of proposed additional line of products, R&D unit and existing manufacturing operations | General Corporate Purpose | To meet Issue Expenses",chittorgarh,27,chittorgarh,,,,,,,,,,,,,,,,,,,,,,,,,,,,,,,,,,,,,,,,,,,,,,,,,,,,,,
INE0HQI01014,BEW Engineering Ltd.,SME,BEWLTD,,2021-09-02,2021-09-07,2021-09-16,58.00,3.97,Fixed Price,NSE SME,First Overseas,2021,NNM Securities Pvt.Ltd.,chittorgarh,4,chittorgarh,0.00,chittorgarh,0.0,chittorgarh,,,127.60,chittorgarh,133.95,chittorgarh,127.60,chittorgarh,133.95,chittorgarh,"Meeting additional Working Capital Requirements, | General Corporate Purpose",chittorgarh,4,chittorgarh,,,,,,,,,,,,,,,,,,,,,,,,,,,,,,,,,,,,,,,,,,,,,,,,,,,,,,
INE0DTJ01015,Platinumone Business Services Ltd.,SME,,543352,2021-09-02,2021-09-07,2021-09-16,92.00,3.89,Fixed Price,BSE SME,Gretex Corporate,2021,Gretex Share Broking Pvt.Ltd.,chittorgarh,4,chittorgarh,0.00,chittorgarh,0.0,chittorgarh,,,99.95,chittorgarh,104.90,chittorgarh,99.95,chittorgarh,104.90,chittorgarh,To Meet working capital requirement | General Corporate Purposes,chittorgarh,4,chittorgarh,,,,,,,,,,,,,,,,,,,,,,,,,,,,,,,,,,,,,,,,,,,,,,,,,,,,,,
INE0GOA01018,Naapbooks Ltd.,SME,,543351,2021-09-01,2021-09-06,2021-09-15,74.00,3.99,Bookbuilding,BSE SME,GYR Capital,2021,Beeline Broking Ltd.,chittorgarh,4,chittorgarh,0.00,chittorgarh,0.0,chittorgarh,,,77.00,chittorgarh,77.70,chittorgarh,74.00,chittorgarh,74.00,chittorgarh,Funding the working capital requirements of the company | Funding purchases of equipment; | Marketing initiatives; | General Corporate Purposes,chittorgarh,4,chittorgarh,,,,,,,,,,,,,,,,,,,,,,,,,,,,,,,,,,,,,,,,,,,,,,,,,,,,,,
INE0HPK01012,DU Digital Technologies Ltd.,SME,DUDIGITAL,,2021-08-12,2021-08-17,2021-08-26,65.00,4.49,Fixed Price,NSE SME,Hem Securities,2021,Hem Finlease Pvt.Ltd.,chittorgarh,4,chittorgarh,0.00,chittorgarh,0.0,chittorgarh,,,60.00,chittorgarh,63.00,chittorgarh,57.00,chittorgarh,63.00,chittorgarh,"To meet Working Capital requirements | To make investment in the Subsidiary Company, Dudigital Global LLC | General Corporate Purpose",chittorgarh,4,chittorgarh,,,,,,,,,,,,,,,,,,,,,,,,,,,,,,,,,,,,,,,,,,,,,,,,,,,,,,
INE0EAX01014,Aashka Hospitals Ltd.,SME,,543346,2021-08-10,2021-08-24,2021-09-01,121.00,101.64,Fixed Price,BSE SME,Fedex Securities,2021,Rikhav Securities Ltd.,chittorgarh,60,chittorgarh,36,chittorgarh,35.3,chittorgarh,,,121.10,chittorgarh,121.10,chittorgarh,115.05,chittorgarh,115.05,chittorgarh,"Repayment / prepayment, in full or part, of certain borrowings availed by thr Company; | Funding of our inorganic growth initiatives | General corporate purposes",chittorgarh,102,chittorgarh,,,,,,,,,,,,,,,,,,,,,,,,,,,,,,,,,,,,,,,,,,,,,,,,,,,,,,
INE00D001018,Rex Pipes & Cables Industries Ltd.,SME,REXPIPES,,2021-07-28,2021-08-02,2021-08-10,26.00,6.24,Fixed Price,NSE SME,Navigant Corporate,2021,,,6,chittorgarh,0.00,chittorgarh,0.0,chittorgarh,,,26.70,chittorgarh,28.00,chittorgarh,26.50,chittorgarh,26.80,chittorgarh,To part finance the requirement of Incremental Working Capital | To meet General corporate purposes,chittorgarh,6,chittorgarh,,,,,,,,,,,,,,,,,,,,,,,,,,,,,,,,,,,,,,,,,,,,,,,,,,,,,,
INE0FFK01017,Network People Services Technologies Ltd.,SME,NPST,544396,2021-07-28,2021-08-02,2021-08-10,80.00,13.70,Bookbuilding,NSE SME,BOI Merchant Bankers,2021,Maverick Share Brokers Pvt.Ltd.,chittorgarh,13,chittorgarh,1.00,chittorgarh,7.1,chittorgarh,,,83.95,chittorgarh,83.95,chittorgarh,79.80,chittorgarh,79.90,chittorgarh,Development of TimePay® | Acquiring IT hardware and equipment’s | Marketing and promotion of TimePay® | General corporate purposes,chittorgarh,14,chittorgarh,,,,,,,,,,,,,,,,,,,,18.0,15.0,15.0,3.0,2.0,3.0,1.0,1.0,1.0,4.5,3.47,0.8,5.0,6.0,6.0,0.0,0.0,0.0,9.0,10.0,17.0,1.0,3.0,2.0,6.67,16.67,0.0,15.0,1.0,Mar 2021,3,,screener,,
INE199P01028,Gretex Corporate Services Ltd.,SME,GCSL,543324,2021-07-27,2021-07-30,2021-08-09,170.00,5.13,Fixed Price,BSE SME,Aryaman Financial,2021,Intellect Stock Broking Ltd.,chittorgarh,4,chittorgarh,1,chittorgarh,20.0,chittorgarh,,,172.00,chittorgarh,180.60,chittorgarh,171.15,chittorgarh,180.60,chittorgarh,Payment of Security Deposit for renting of office space and | Working Capital Requirements | General Corporate Purposes,chittorgarh,5,chittorgarh,,,,,,,,,,,,,,,,,,,,3.0,1.0,3.0,1.0,-1.0,1.0,0.0,-2.0,1.0,0.2,-1.27,0.36,5.65,3.65,5.9,3.0,4.0,2.0,9.0,8.0,10.0,0.0,-0.0,1.0,33.33,16.95,0.34,3.0,1.0,Mar 2021,3,,screener,,
INE0C5901022,AA Plus Tradelink Ltd.,SME,,543319,2021-07-08,2021-07-13,2021-07-22,18.00,6.48,Fixed Price,BSE SME,Inventure Merchant Banker,2021,Sernet Financial Services Pvt.Ltd.,chittorgarh,6,chittorgarh,0.00,chittorgarh,0.0,chittorgarh,,,17.50,chittorgarh,17.50,chittorgarh,17.50,chittorgarh,17.50,chittorgarh,Augmenting additional working capital requirements | General Corporate Purposes,chittorgarh,6,chittorgarh,,,,,,,,,,,,,,,,,,,,,,,,,,,,,,,,,,,,,,,,,,,,,,,,,,,,,,
INE0DXR01010,Focus Business Solution Ltd.,SME,,543312,2021-06-30,2021-07-05,2021-07-13,19.00,1.22,Fixed Price,BSE SME,Navigant Corporate,2021,Nikunj Stock Brokers Ltd.,chittorgarh,1,chittorgarh,0.00,chittorgarh,0.0,chittorgarh,,,29.35,chittorgarh,29.35,chittorgarh,27.90,chittorgarh,27.90,chittorgarh,To part finance working capital requirements of the Company | General corporate purposes,chittorgarh,1,chittorgarh,,,,,,,,,,,,,,,,,,,,,,,,,,,,,,,,,,,,,,,,,,,,,,,,,,,,,,
INE0G2G01015,Walpar Nutritions Ltd.,SME,WALPAR,,2021-06-30,2021-07-05,2021-07-13,55.00,6.60,Fixed Price,NSE SME,Beeline Broking,2021,Nikunj Stock Brokers Ltd.,chittorgarh,6,chittorgarh,1.00,chittorgarh,14.3,chittorgarh,,,59.95,chittorgarh,62.85,chittorgarh,57.00,chittorgarh,57.00,chittorgarh,Investment in Subsidiary | To Meet Incremental Working Capital Requirements | General Corporate Purpose | Public Issue expenses,chittorgarh,7,chittorgarh,,,,,,,,,,,,,,,,,,,,,,,,,,,,,,,,,,,,,,,,,,,,,,,,,,,,,,
INE0B6101012,Times Green Energy (India) Ltd.,SME,,543310,2021-06-16,2021-06-22,2021-06-30,61.00,4.05,Fixed Price,BSE SME,Aryaman Financial,2021,Aryaman Capital Markets Ltd.,chittorgarh,4,chittorgarh,0.00,chittorgarh,0.0,chittorgarh,,,61.40,chittorgarh,64.45,chittorgarh,61.00,chittorgarh,61.60,chittorgarh,Funding Working Capital Requirement | Funding Purchase and Set-up of Registered Office | Funding Purchase of Vehicle and ERP Package | Funding Setting up of Sanitary Napkin SBUs | To fund expenditure for General Corporate Purposes,chittorgarh,4,chittorgarh,,,,,,,,,,,,,,,,,,,,,,,,,,,,,,,,,,,,,,,,,,,,,,,,,,,,,,
INE0H8J01015,Adeshwar Meditex Ltd.,SME,,543309,2021-06-15,2021-06-18,2021-06-28,25.00,9.75,Fixed Price,BSE SME,Aryaman Financial,2021,Aryaman Capital Markets Ltd.,chittorgarh,9,chittorgarh,1.00,chittorgarh,10.0,chittorgarh,,,25.25,chittorgarh,25.50,chittorgarh,25.10,chittorgarh,25.15,chittorgarh,Part Repayment of Loans | Funding Working capital requirements | General Corporate Purpose,chittorgarh,10,chittorgarh,,,,,,,,,,,,,,,,,,,,,,,,,,,,,,,,,,,,,,,,,,,,,,,,,,,,,,
INE0DB001013,Navoday Enterprises Ltd.,SME,,543305,2021-06-14,2021-06-17,2021-06-25,20.00,4.61,Fixed Price,BSE SME,Inventure Merchant Banker,2021,NNM Securities Pvt.Ltd.,chittorgarh,4,chittorgarh,1.00,chittorgarh,20.0,chittorgarh,,,19.50,chittorgarh,19.50,chittorgarh,18.55,chittorgarh,18.55,chittorgarh,"Meeting Additional Working Capital Requirements, and | General Corporate Purpose",chittorgarh,5,chittorgarh,,,,,,,,,70.0,,,,,,,,,,,,,,,,,,,,,,,,,,,,,,,,,,,,,,,,,,,,investorgain,
INE0CAJ01017,Abhishek Integrations Ltd.,SME,AILIMITED,,2021-06-08,2021-06-11,2021-06-21,50.00,4.95,Fixed Price,NSE SME,Beeline Broking,2021,Nikunj Stock Brokers Ltd.,chittorgarh,5,chittorgarh,0.00,chittorgarh,0.0,chittorgarh,,,40.00,chittorgarh,40.00,chittorgarh,38.00,chittorgarh,38.00,chittorgarh,To Meet Incremental Working Capital Requirements | General Corporate Purpose,chittorgarh,5,chittorgarh,,,,,,,,,,,,,,,,,,,,,,,,,,,,,,,,,,,,,,,,,,,,,,,,,,,,,,
INE04CO01018,Kuberan Global Edu Solutions Ltd.,SME,KGES,543289,2021-04-20,2021-04-27,2021-05-05,20.00,1.12,Fixed Price,BSE SME,Fedex Securities,2021,Rikhav Securities Ltd.,chittorgarh,1,chittorgarh,0.00,chittorgarh,0.0,chittorgarh,,,21.00,chittorgarh,22.05,chittorgarh,20.20,chittorgarh,22.05,chittorgarh,Capital  expenditure  for Digitalizing  Banking  Course through online mode by using Information Technology | General Corporate Purposes,chittorgarh,1,chittorgarh,,,,,,,,,,,,,,,,,,,,,0.91,0.93,,0.21,0.17,,0.03,0.0,,0.2,0.0,,1.54,1.63,,0.03,0.01,,1.58,1.64,,0.0,0.07,0.0,0.0,0.01,0.93,0.0,Mar 2021,2,,screener,,
INE0D9X01018,Jetmall Spices & Masala Ltd.,SME,,543286,2021-03-31,2021-04-07,2021-04-19,20.00,4.98,Fixed Price,BSE SME,Mark Corporate,2021,Harjivandas Nemidas Securities Pvt.Ltd.,chittorgarh,5,chittorgarh,0.00,chittorgarh,0.0,chittorgarh,,,20.50,chittorgarh,21.00,chittorgarh,19.50,chittorgarh,19.50,chittorgarh,Setting up of Ten (10) new Retail Outlets | To meet the Working Capital Requirements | General Corporate Purposes | Issue Expenses,chittorgarh,5,chittorgarh,,,,,,,,,,,,,,,,,,,,,,,,,,,,,,,,,,,,,,,,,,,,,,,,,,,,,,
INE0CQ101015,Rajeshwari Cans Ltd.,SME,,543285,2021-03-31,2021-04-06,2021-04-15,20.00,4.03,Fixed Price,BSE SME,Fedex Securities,2021,Beeline Broking Ltd.,chittorgarh,4,chittorgarh,0.00,chittorgarh,0.0,chittorgarh,,,20.75,chittorgarh,21.00,chittorgarh,20.00,chittorgarh,20.00,chittorgarh,Meeting incremental working capital requirements | General corporate purposes,chittorgarh,4,chittorgarh,,,,,,,,,,,,,,,,,,,,,,,,,,,,,,,,,,,,,,,,,,,,,,,,,,,,,,
INE0GXK01018,V-Marc India Ltd.,SME,VMARCIND,,2021-03-25,2021-03-31,2021-04-09,39.00,23.40,Bookbuilding,NSE SME,Pantomath Capital,2021,Pentagon Stock Brokers Pvt.Ltd.,chittorgarh,22,chittorgarh,1.00,chittorgarh,4.3,chittorgarh,,,46.50,chittorgarh,48.60,chittorgarh,44.20,chittorgarh,47.10,chittorgarh,Funding capital expenditure for the Project | Funding the working capital requirements of our Company | General corporate purposes,chittorgarh,23,chittorgarh,,,,,,,,,,,,,,,,,,,,,,,,,,,,,,,,,,,,,,,,,,,,,,,,,,,,,,
INE0CPR01018,EKI Energy Services Ltd.,SME,,543284,2021-03-24,2021-03-26,2021-04-07,102.00,18.60,Bookbuilding,BSE SME,Hem Securities,2021,Hem Finlease Pvt.Ltd.,chittorgarh,18,chittorgarh,1.00,chittorgarh,5.3,chittorgarh,5.28,chittorgarh,140.00,chittorgarh,147.00,chittorgarh,140.00,chittorgarh,147.00,chittorgarh,To meet Working Capital requirements | General Corporate Purpose,chittorgarh,19,chittorgarh,,,,,,,,,,,,,,,,,,,,,,,,,,,,,,,,,,,,,,,,,,,,,,,,,,,,,,
INE0A1E01018,Siddhika Coatings Ltd.,SME,SIDDHIKA,,2021-03-24,2021-03-26,2021-04-07,57.00,4.70,Fixed Price,NSE SME,Unistone Capital,2021,Rikhav Securities Ltd.,chittorgarh,4,chittorgarh,1.00,chittorgarh,20.0,chittorgarh,,,55.00,chittorgarh,58.00,chittorgarh,54.15,chittorgarh,56.95,chittorgarh,Working Capital Requirements | General Corporate Purposes | Issue Expenses,chittorgarh,5,chittorgarh,,,,,,,,,,,,,,,,,,,,,,,,,,,,,,,,,,,,,,,,,,,,,,,,,,,,,,
INE0GX601011,NIKS Technology Ltd.,SME,,543282,2021-03-19,2021-03-23,2021-03-31,201.00,2.01,Fixed Price,BSE SME,Gretex Corporate,2021,Gretex Share Broking Pvt.Ltd.,chittorgarh,0.5588,chittorgarh,1,chittorgarh,50.0,chittorgarh,,,202.10,chittorgarh,203.00,chittorgarh,202.00,chittorgarh,203.00,chittorgarh,Funding the working capital requirements of our Company | General Corporate Purposes,chittorgarh,2,chittorgarh,,,,,,,,,,,,,,,,,,,,,,0.2,,,0.13,,,0.08,,,40.0,,,0.11,,,0.04,,,0.41,,,0.16,40.0,72.73,0.36,0.2,0.08,Mar 2020,1,,screener,,
INE0CJD01029,Knowledge Marine & Engineering Works Ltd.,SME,KMEW,543273,2021-03-09,2021-03-12,2021-03-22,37.00,10.12,Fixed Price,BSE SME,Hem Securities,2021,Hem Finlease Pvt.Ltd.,chittorgarh,10,chittorgarh,0.00,chittorgarh,0.0,chittorgarh,,,38.00,chittorgarh,38.50,chittorgarh,37.10,chittorgarh,38.25,chittorgarh,To meet Working Capital requirements | General Corporate Purpose,chittorgarh,10,chittorgarh,,,,,,,,,,,,,,,,,,,,11.0,11.0,24.0,3.0,4.0,8.0,1.0,3.0,5.0,,3.8,9.08,2.01,6.0,10.0,7.0,11.0,16.0,14.0,30.0,36.0,3.0,11.0,2.0,20.83,50.0,1.6,24.0,5.0,Mar 2020,3,,screener,,
INE0EMB01015,Rangoli Tradecomm Ltd.,SME,,543274,2021-03-09,2021-03-12,2021-03-22,207.00,45.15,Fixed Price,BSE SME,Fedex Securities,2021,Rikhav Securities Ltd.,chittorgarh,43,chittorgarh,2.00,chittorgarh,4.4,chittorgarh,,,211.00,chittorgarh,221.55,chittorgarh,207.50,chittorgarh,220.40,chittorgarh,Meeting Working Capital Requirements | General corporate purposes,chittorgarh,45,chittorgarh,,,,,,,,,,,,,,,,,,,,,,,,,,,,,,,,,,,,,,,,,,,,,,,,,,,,,,
INE05FR01029,Ashapuri Gold Ornament Ltd. FPO,SME,,542579,2021-03-03,2021-03-08,2021-03-17,81.00,30.02,Fixed Price,BSE SME,Fedex Securities,2021,,,,,,,,,,,,,,,,,,,,,,,,,,,,,,,,,,,,,,,,,,47.0,88.0,121.0,1.0,1.0,0.0,0.0,0.0,0.0,0.7,0.01,0.02,6.1,45.0,45.0,5.0,0.0,0.0,15.0,47.0,48.0,2.0,0.0,-1.0,0.0,0.0,0.0,121.0,0.0,Mar 2020,3,,screener,,
INE0G0V01018,ADJIA Technologies Ltd.,SME,,543269,2021-03-02,2021-03-04,2021-03-15,74.00,2.00,Fixed Price,BSE SME,Shreni Shares,2021,Shreni Shares Ltd.,chittorgarh,2,chittorgarh,0.00,chittorgarh,0.0,chittorgarh,,,74.50,chittorgarh,74.65,chittorgarh,74.00,chittorgarh,74.25,chittorgarh,Funding purchases of equipment | Marketing initiatives | General Corporate Purposes,chittorgarh,2,chittorgarh,,,,,,,,,,,,,,,,,,,,0.0,0.0,0.1,0.0,0.0,0.02,0.0,0.0,0.03,0.0,0.0,4.17,-0.04,-0.04,0.04,0.06,0.06,0.0,0.02,0.01,0.04,,,0.03,30.0,75.0,0.0,0.1,0.03,Mar 2020,3,,screener,,
INE07S101038,Pavna Industries Ltd.,SME,PAVNAIND,543915,2021-02-24,2021-03-01,2021-03-09,165.00,29.70,Fixed Price,NSE SME,Aryaman Financial,2021,Aryaman Capital Markets Ltd.,chittorgarh,13,chittorgarh,15,chittorgarh,50.0,chittorgarh,,,165.60,chittorgarh,166.50,chittorgarh,165.05,chittorgarh,165.50,chittorgarh,Part Repayment of Loans | General Corporate Purpose,chittorgarh,30,chittorgarh,,,,,,,,,,,,,,,,,,,,,,180.0,,,19.0,,,4.0,,,0.83,,,27.0,,,49.0,,,120.0,,,-5.0,2.22,14.81,1.81,180.0,4.0,Mar 2020,1,,screener,,
INE06ZX01015,Party Cruisers Ltd.,SME,PARTYCRUS,,2021-02-22,2021-02-25,2021-03-05,51.00,7.75,Fixed Price,NSE SME,First Overseas,2021,NNM Securities Pvt.Ltd.,chittorgarh,7,chittorgarh,1.00,chittorgarh,12.5,chittorgarh,,,54.00,chittorgarh,54.00,chittorgarh,51.30,chittorgarh,51.30,chittorgarh,Expansion of Business through strategic investment | Additional Working Capital | General Corporate Expenses | To meet the expenses of the Issue,chittorgarh,8,chittorgarh,,,,,,,,,,,,,,,,,,,,,,,,,,,,,,,,,,,,,,,,,,,,,,,,,,,,,,
INE0D7801012,MRP Agro Ltd.,SME,,543262,2021-02-08,2021-02-10,2021-02-18,40.00,3.24,Fixed Price,BSE SME,Beeline Broking,2021,Nikunj Stock Brokers Ltd.,chittorgarh,3,chittorgarh,0.00,chittorgarh,0.0,chittorgarh,,,39.75,chittorgarh,39.75,chittorgarh,37.80,chittorgarh,37.80,chittorgarh,To Meet Working Capital Requirement | General Corporate Purpose,chittorgarh,3,chittorgarh,,,,,,,,,,,,,,,,,,,,,,,,,,,,,,,,,,,,,,,,,,,,,,,,,,,,,,
INE0MID01012,SVS Ventures Ltd.,SME,,543745,2022-12-30,2023-01-04,2023-01-12,20.00,11.24,Fixed Price,BSE SME,First Overseas,2022,Svcm Securities Pvt.Ltd.,chittorgarh,11,chittorgarh,0.00,chittorgarh,0.0,chittorgarh,,,20.50,chittorgarh,21.50,chittorgarh,20.50,chittorgarh,21.50,chittorgarh,To meet the Working Capital requirements | General Corporate Expenses | To meet the expenses of the Issue,chittorgarh,11,chittorgarh,,0.53,2.01,1.27,,,,,20.0,,,,,,,,,,,,,,,,,,,,,,,,,,,,,,,,,,,,,,,,,,ipowatch,,investorgain,
INE0MFT01014,Rex Sealing & Packing Industries Ltd.,SME,,543744,2022-12-30,2023-01-04,2023-01-12,135.00,8.09,Fixed Price,BSE SME,Aryaman Financial,2022,Aryaman Capital Markets Ltd.,chittorgarh,4,chittorgarh,4,chittorgarh,50.0,chittorgarh,,,137.00,chittorgarh,143.85,chittorgarh,136.00,chittorgarh,143.85,chittorgarh,Funding Working Capital Requirement | General Corporate Purpose,chittorgarh,8,chittorgarh,,,,,,,,,5.93,,,,,,,,,,,,,,,,,,,,,,,,,,,,,,,,,,,,,,,,,,,,investorgain,
INE0LR101013,Anlon Technology Solutions Ltd.,SME,ANLON,,2022-12-29,2023-01-02,2023-01-10,100.00,15.00,Bookbuilding,NSE SME,GYR Capital,2022,Rikhav Securities Ltd.,chittorgarh,14,chittorgarh,1.00,chittorgarh,6.7,chittorgarh,4.26,chittorgarh,251.10,chittorgarh,263.65,chittorgarh,250.00,chittorgarh,263.65,chittorgarh,Funding the working capital requirements of the company | General Corporate Purposes,chittorgarh,15,chittorgarh,,,,,,,,,60.0,,,,,,,,,,,,,,,,,,,,,,,,,,,,,,,,,,,,,,,,,,,,investorgain,
INE0NA301016,RBM Infracon Ltd.,SME,RBMINFRA,,2022-12-23,2022-12-27,2023-01-04,36.00,8.37,Fixed Price,NSE SME,Beeline Capital,2022,Sunflower Broking Pvt.Ltd.,chittorgarh,8,chittorgarh,0.00,chittorgarh,0.0,chittorgarh,,,52.50,chittorgarh,55.10,chittorgarh,49.90,chittorgarh,55.10,chittorgarh,To Meet Working Capital Requirements | General Corporate Purpose,chittorgarh,8,chittorgarh,,46.32,34.32,40.32,,,,,19.44,,,,,,,,,,,,,,,,,,,,,,,,,,,,,,,,,,,,,,,,,,ipowatch,,ipowatch,
INE0N7F01017,Homesfy Realty Ltd.,SME,HOMESFY,,2022-12-21,2022-12-23,2023-01-02,197.00,15.86,Fixed Price,NSE SME,Sarthi Capital Advisors,2022,Rikhav Securities Ltd.,chittorgarh,15,chittorgarh,1.00,chittorgarh,6.2,chittorgarh,,,275.05,chittorgarh,288.80,chittorgarh,263.00,chittorgarh,287.95,chittorgarh,Working Capital requirements of the Company | General Corporate Purpose,chittorgarh,16,chittorgarh,,26.82,16.55,21.69,,,,,12.69,,,,,,,,,,,,,,,,,,,,,,,,,,,,,,,,,,,,,,,,,,ipowatch,,ipowatch,
INE0N6D01014,Moxsh Overseas Educon Ltd.,SME,MOXSH,,2022-12-21,2022-12-23,2022-12-30,153.00,10.42,Fixed Price,NSE SME,Fedex Securities,2022,Pure Broking Pvt.Ltd.,chittorgarh,10,chittorgarh,0.00,chittorgarh,0.0,chittorgarh,,,131.00,chittorgarh,135.00,chittorgarh,124.45,chittorgarh,127.85,chittorgarh,Meeting our working capital requirements | Expenditure to enhance visibility and awareness of the brands | General corporate purposes,chittorgarh,10,chittorgarh,,93.1,107.78,100.44,,,,,13.07,,,,,,,,,,,,,,,,,,,,,,,,,,,,,,,,,,,,,,,,,,ipowatch,,ipowatch,
INE0NCC01015,Arihant Academy Ltd.,SME,ARIHANTACA,,2022-12-16,2022-12-21,2022-12-29,90.00,14.72,Fixed Price,NSE SME,Shreni Shares,2022,Shreni Shares Ltd.,chittorgarh,14,chittorgarh,1.00,chittorgarh,6.7,chittorgarh,,,120.10,chittorgarh,126.10,chittorgarh,120.10,chittorgarh,126.10,chittorgarh,Funding working capital requirements; and | General corporate purposes,chittorgarh,15,chittorgarh,,242.89,228.85,235.87,,,,,44.44,,,,,,,,,,,,,,,,,,,,,,,,,,,,,,,,,,,,,,,,,,ipowatch,,ipowatch,
INE067901012,Uma Converter Ltd.,SME,UMA,,2022-12-15,2022-12-21,2022-12-29,33.00,18.41,Fixed Price,NSE SME,GYR Capital,2022,SMC Global Securities Ltd.,chittorgarh,17,chittorgarh,1.00,chittorgarh,5.6,chittorgarh,,,34.25,chittorgarh,34.50,chittorgarh,33.00,chittorgarh,33.15,chittorgarh,Funding the working capital requirements of the company | General corporate purposes,chittorgarh,18,chittorgarh,,15.5,17.82,16.66,,,,,9.09,,,,,,,,,,,,,,,,,,,,,,,,,,,,,,,,,,,,,,,,,,ipowatch,,ipowatch,
INE0JHH01011,Dollex Agrotech Ltd.,SME,DOLLEX,,2022-12-15,2022-12-20,2022-12-28,35.00,24.39,Fixed Price,NSE SME,Expert Global,2022,Nikunj Stock Brokers Ltd.,chittorgarh,16,chittorgarh,7,chittorgarh,29.2,chittorgarh,,,30.00,chittorgarh,31.50,chittorgarh,30.00,chittorgarh,31.50,chittorgarh,To meet out the Working Capital requirements of the Company | To meet out the General Corporate Purposes,chittorgarh,24,chittorgarh,,1.46,2.28,1.87,,,,,8.57,,,,,,,,,,,,,,,,,,,,,,,,,,,,,,,,,,,,,,,,,,ipowatch,,investorgain,
INE0MQD01015,Droneacharya Aerial Innovations Ltd.,SME,,543713,2022-12-13,2022-12-15,2022-12-23,54.00,33.97,Bookbuilding,BSE SME,Corporate Capitalventures,2022,R.K.Stock Holding Pvt.Ltd.,chittorgarh,32,chittorgarh,2.00,chittorgarh,5.9,chittorgarh,9.67,chittorgarh,102.00,chittorgarh,107.10,chittorgarh,96.90,chittorgarh,107.10,chittorgarh,Purchase of Drone and other accessories. | General Corporate Expenses.,chittorgarh,34,chittorgarh,46.21,287.8,330.82,243.7,,,,,83.33,,,,,,,,,,,,,,,,,,,,,,,,,,,,,,,,,,,,,,,,,,ipowatch,,ipowatch,
INE0M2X01012,All E Technologies Ltd.,SME,ALLETEC,,2022-12-09,2022-12-13,2022-12-21,90.00,48.20,Bookbuilding,NSE SME,Unistone Capital,2022,Nikunj Stock Brokers Ltd.,chittorgarh,41,chittorgarh,4,chittorgarh,8.3,chittorgarh,13.72,chittorgarh,125.00,chittorgarh,131.25,chittorgarh,120.10,chittorgarh,131.25,chittorgarh,Expansion of Business | Acquisitions of Businesses in similar or complementary areas | General Corporate Purposes,chittorgarh,48,chittorgarh,,,,,,,,,50.0,,,,,,,,,,,,,,,,,,,,,,,,,,,,,,,,,,,,,,,,,,,,investorgain,
INE0NT601018,PNGS Gargi Fashion Jewellery Ltd.,SME,,543709,2022-12-08,2022-12-13,2022-12-20,30.00,7.80,Fixed Price,BSE SME,Shreni Shares,2022,Shreni Shares Ltd.,chittorgarh,7,chittorgarh,1.00,chittorgarh,12.5,chittorgarh,,,57.00,chittorgarh,59.85,chittorgarh,57.00,chittorgarh,59.85,chittorgarh,Funding working capital requirement | General Corporate Purpose,chittorgarh,8,chittorgarh,,213.2,248.44,230.82,,,,,66.67,,,,,,,,,,,,,,,,,,,,,,,,,,,,,,,,,,,,,,,,,,ipowatch,,ipowatch,
INE0L2Y01011,Arham Technologies Ltd.,SME,ARHAM,,2022-12-05,2022-12-07,2022-12-15,42.00,9.58,Fixed Price,NSE SME,Finshore Management,2022,Nikunj Stock Brokers Ltd.,chittorgarh,9,chittorgarh,1.00,chittorgarh,10.0,chittorgarh,,,60.00,chittorgarh,63.00,chittorgarh,58.25,chittorgarh,63.00,chittorgarh,To meet the working capital requirements | General Corporate Purposes,chittorgarh,10,chittorgarh,,417.59,467.99,442.79,,,,,95.24,,,,,,,,,,,,,,,,,,,,,,,,,,,,,,,,,,,,,,,,,,ipowatch,,ipowatch,
INE029Q01017,Baheti Recycling Industries Ltd.,SME,BAHETI,,2022-11-28,2022-11-30,2022-12-08,45.00,12.42,Fixed Price,NSE SME,Hem Securities,2022,Hem Finlease Pvt.Ltd.,chittorgarh,12,chittorgarh,0.00,chittorgarh,0.0,chittorgarh,,,120.00,chittorgarh,126.00,chittorgarh,114.00,chittorgarh,114.00,chittorgarh,Modernization and expansion of existing manufacturing unit | To meet Working Capital requirements | General Corporate Purpose,chittorgarh,12,chittorgarh,,259.21,435.65,347.53,,,,,100.0,,,,,,,,,,,,,,,,,,,,,,,,,,,,,,,,,,,,,,,,,,ipowatch,,ipowatch,
INE0MJQ01020,Pritika Engineering Components Ltd.,SME,PRITIKA,,2022-11-25,2022-11-30,2022-12-08,29.00,9.42,Fixed Price,NSE SME,GYR Capital,2022,SMC Global Securities Ltd.,chittorgarh,9,chittorgarh,0.00,chittorgarh,0.0,chittorgarh,,,42.20,chittorgarh,44.30,chittorgarh,40.10,chittorgarh,44.30,chittorgarh,"Investment in relation to the new unit set up by our wholly owned subsidiary, Meeta Castings Limited (MCL) | General Corporate Purposes | Total",chittorgarh,9,chittorgarh,,,,,,,,,34.48,,,,,,,,,,,,,,,,,,,,,,,,,,,,,,,,,,,,,,,,,,,,investorgain,
INE0N6V01016,AMBO Agritec Ltd.,SME,,543678,2022-11-21,2022-11-24,2022-12-02,30.00,10.20,Fixed Price,BSE SME,Finshore Management,2022,Nikunj Stock Brokers Ltd.,chittorgarh,10,chittorgarh,0.00,chittorgarh,0.0,chittorgarh,,,40.10,chittorgarh,42.10,chittorgarh,39.30,chittorgarh,42.10,chittorgarh,To meet the working capital requirements | General Corporate Purposes,chittorgarh,10,chittorgarh,,323.51,350.0,336.75,,,,,50.0,,,,,,,,,,,,,,,,,,,,,,,,,,,,,,,,,,,,,,,,,,ipowatch,,ipowatch,
INE0MXP01015,Technopack Polymers Ltd.,SME,,543656,2022-11-02,2022-11-07,2022-11-16,55.00,7.87,Fixed Price,BSE SME,ISK Advisors,2022,Sunflower Broking Pvt.Ltd.,chittorgarh,7,chittorgarh,1.00,chittorgarh,12.5,chittorgarh,,,74.00,chittorgarh,77.70,chittorgarh,70.30,chittorgarh,77.70,chittorgarh,Part Funding to purchase and set up additional SACMI CCM24S-F plant for manufacturing of HDPE Beverages Closures (Compression moulding machine fully equipped with all ancillaries) | Working Capital Requirement | General Corporate Purpose,chittorgarh,8,chittorgarh,,19.82,19.79,19.8,,,,,,,,,,,,,,,,,,,,,,,,,,,,,,,,,,,,,,,,,,,,,,,ipowatch,,,
INE0MTP01013,Amiable Logistics (India) Ltd.,SME,AMIABLE,,2022-11-02,2022-11-07,2022-11-16,81.00,4.37,Fixed Price,NSE SME,Shreni Shares,2022,Shreni Shares Ltd.,chittorgarh,4,chittorgarh,0.00,chittorgarh,0.0,chittorgarh,,,129.95,chittorgarh,136.40,chittorgarh,125.00,chittorgarh,136.40,chittorgarh,Funding working capital requirements | General Corporate Purpose,chittorgarh,4,chittorgarh,,186.03,281.98,234.0,,,,,61.73,,,,,,,,,,,,,,,,,,,,,,,,,,,,,,,,,,,,,,,,,,ipowatch,,ipowatch,
INE0L4K01016,Vital Chemtech Ltd.,SME,VITAL,,2022-10-31,2022-11-03,2022-11-14,101.00,64.64,Bookbuilding,NSE SME,Beeline Capital,2022,Sunflower Broking Pvt.Ltd.,chittorgarh,61,chittorgarh,4.00,chittorgarh,6.2,chittorgarh,18.36,chittorgarh,164.00,chittorgarh,170.00,chittorgarh,155.80,chittorgarh,163.10,chittorgarh,Working Capital Requirements | General Corporate Purpose | Public Issue Expenses,chittorgarh,65,chittorgarh,15.48,204.05,116.98,79.33,,,,,79.21,,,,,,,,,,,,,58.0,,,12.0,,,8.0,,,11.75,,,,,,,,,,,,-13.0,13.79,,,58.0,8.0,Mar 2022,1,ipowatch,screener,ipowatch,
INE975Z01012,DAPS Advertising Ltd.,SME,,543651,2022-10-31,2022-11-03,2022-11-14,30.00,5.10,Fixed Price,BSE SME,Shreni Shares,2022,Shreni Shares Ltd.,chittorgarh,5,chittorgarh,0.00,chittorgarh,0.0,chittorgarh,,,57.00,chittorgarh,59.85,chittorgarh,54.15,chittorgarh,55.10,chittorgarh,Funding working capital requirements | General Corporate Purpose,chittorgarh,5,chittorgarh,,83.24,48.63,65.93,,,,,26.67,,,,,,,,,,,,,,,,,,,,,,,,,,,,,,,,,,,,,,,,,,ipowatch,,ipowatch,
INE02EE01019,Integrated Personnel Services Ltd.,SME,IPSL,,2022-10-31,2022-11-02,2022-11-11,59.00,12.74,Fixed Price,NSE SME,Unistone Capital,2022,Nikunj Stock Brokers Ltd.,chittorgarh,12,chittorgarh,1.00,chittorgarh,7.7,chittorgarh,,,66.50,chittorgarh,69.80,chittorgarh,65.00,chittorgarh,69.80,chittorgarh,To    meet    the    working    capital requirements | General             Corporate             Purposes | Issue Expenses,chittorgarh,13,chittorgarh,,14.67,24.49,19.58,,,,,16.95,,,,,,,,,,,,,,,,,,,,,,,,,,,,,,,,,,,,,,,,,,ipowatch,,ipowatch,
INE0MRA01019,Rite Zone Chemcon India Ltd.,SME,RITEZONE,,2022-10-31,2022-11-02,2022-11-11,75.00,8.96,Fixed Price,NSE SME,Expert Global,2022,Rikhav Securities Ltd.,chittorgarh,9,chittorgarh,0.00,chittorgarh,0.0,chittorgarh,,,82.85,chittorgarh,86.95,chittorgarh,78.75,chittorgarh,86.95,chittorgarh,Working Capital Requirements | General Corporate Purposes | Issue Expenses,chittorgarh,9,chittorgarh,,2.36,7.1,4.73,,,,,6.67,,,,,,,,,,,,,,,,,,,,,,,,,,,,,,,,,,,,,,,,,,ipowatch,,ipowatch,
INE0MLZ01019,Phantom Digital Effects Ltd.,SME,PHANTOMFX,,2022-10-12,2022-10-14,2022-10-21,95.00,29.10,Bookbuilding,NSE SME,Corporate Capitalventures,2022,SS Corporate Securities Ltd.,chittorgarh,24,chittorgarh,4,chittorgarh,13.8,chittorgarh,8.22,chittorgarh,300.00,chittorgarh,315.00,chittorgarh,290.05,chittorgarh,312.70,chittorgarh,Capital Expenditure for Setting up of Studios | General Corporate Expenses,chittorgarh,29,chittorgarh,14.75,554.75,207.08,164.22,,,,,68.42,,,,,,,,,,,,,,,,,,,,,,,,,,,,,,,,,,,,,,,,,,ipowatch,,ipowatch,
INE0NC801013,Vedant Asset Ltd.,SME,,543623,2022-09-30,2022-10-04,2022-10-12,40.00,3.00,Fixed Price,BSE SME,Hem Securities,2022,Hem Securities Ltd.,chittorgarh,3,chittorgarh,0.00,chittorgarh,0.0,chittorgarh,,,65.00,chittorgarh,68.25,chittorgarh,65.00,chittorgarh,68.25,chittorgarh,Financing the expenditure for Business Expansion | To meet working capital requirements | General Corporate Purpose,chittorgarh,3,chittorgarh,,42.98,55.16,49.07,,,,,37.5,,,,,,,,,,,,,,,,,,,,,,,,,,,,,,,,,,,,,,,,,,ipowatch,,ipowatch,
INE0N1L01018,Pace E-Commerce Ventures Ltd.,SME,,543637,2022-09-29,2022-10-13,2022-10-20,103.00,66.53,Fixed Price,BSE SME,Interactive Financial,2022,Beeline Broking Ltd.,chittorgarh,38,chittorgarh,25,chittorgarh,37.3,chittorgarh,,,104.50,chittorgarh,109.70,chittorgarh,104.50,chittorgarh,109.70,chittorgarh,Acquisition of plant and machineries | Working capital requirement | General Corporate Purpose,chittorgarh,67,chittorgarh,,1.72,0.55,1.14,,,,,,,,,,,,,,,,,,,,,,,,,,,,,,,,,,,,,,,,,,,,,,,ipowatch,,,
INE385O01018,Frog Cellsat Ltd.,SME,FROG,,2022-09-29,2022-10-04,2022-10-13,102.00,41.57,Bookbuilding,NSE SME,Sarthi Capital Advisors,2022,SS Corporate Securities Ltd.,chittorgarh,39,chittorgarh,3.00,chittorgarh,7.1,chittorgarh,11.82,chittorgarh,177.00,chittorgarh,185.85,chittorgarh,168.15,chittorgarh,185.80,chittorgarh,To part finance the expansion project | General Corporate Purposes | Issue Expenses,chittorgarh,42,chittorgarh,5.36,70.94,22.1,21.06,,,,,49.02,,,,,,,,,,,,,,,,,,,,,,,,,,,,,,,,,,,,,,,,,,ipowatch,,ipowatch,
INE0DGC01025,Swastik Pipe Ltd.,SME,SWASTIK,,2022-09-29,2022-10-03,2022-10-12,100.00,62.52,Bookbuilding,NSE SME,Corporate Capitalventures,2022,SS Corporate Securities Ltd.,chittorgarh,59,chittorgarh,4.00,chittorgarh,6.3,chittorgarh,,,66.00,chittorgarh,69.30,chittorgarh,66.00,chittorgarh,69.30,chittorgarh,Working Capital Requirement | General Corporate Purposes | Issue Expenses,chittorgarh,63,chittorgarh,,1.37,1.33,1.35,,,,,10.0,,,,,,,,,,,,,,,,,,,,,,,,,,,,,,,,,,,,,,,,,,ipowatch,,ipowatch,
INE0DTQ01028,Lloyds Luxuries Ltd.,SME,LLOYDS,,2022-09-28,2022-09-30,2022-10-11,40.00,24.00,Fixed Price,NSE SME,Hem Securities,2022,Hem Finlease Pvt.Ltd.,chittorgarh,23,chittorgarh,1.00,chittorgarh,4.2,chittorgarh,,,45.15,chittorgarh,46.80,chittorgarh,42.90,chittorgarh,42.90,chittorgarh,Financing the expenditure for opening new stores | Repayment of short term borrowings | To meet Working Capital requirements | General Corporate Purpose,chittorgarh,24,chittorgarh,,11.64,1.81,6.73,,,,,12.5,,,,,,,,,,,,,,,,,,,,,,,,,,,,,,,,,,,,,,,,,,ipowatch,,investorgain,
INE0MNV01014,Silicon Rental Solutions Ltd.,SME,,543615,2022-09-28,2022-09-30,2022-10-10,78.00,21.15,Fixed Price,BSE SME,Hem Securities,2022,Hem Securities Ltd.,chittorgarh,20,chittorgarh,1.00,chittorgarh,4.8,chittorgarh,,,80.00,chittorgarh,84.00,chittorgarh,80.00,chittorgarh,84.00,chittorgarh,To meet Capital Expenditure requirements relating to IT equipments | Prepayment or repayment of all or a portion of certain outstanding borrowings availed by our Company | General Corporate Purpose,chittorgarh,21,chittorgarh,,2.85,2.92,2.89,,,,,12.82,,,,,,,,,,,,,,,,,,,,,,,,,,,,,,,,,,,,,,,,,,ipowatch,,ipowatch,
INE0KZM01011,Cargosol Logistics Ltd.,SME,,543621,2022-09-28,2022-09-30,2022-10-10,28.00,7.56,Fixed Price,BSE SME,Hem Securities,2022,Hem Finlease Pvt.Ltd.,chittorgarh,7,chittorgarh,1.00,chittorgarh,12.5,chittorgarh,,,42.40,chittorgarh,44.50,chittorgarh,40.60,chittorgarh,44.50,chittorgarh,Purchase of vehicle for commercial purpose | Purchase of Containers for expansion of the NVOCC division | To meet working capital requirements | General Corporate Purpose,chittorgarh,8,chittorgarh,,84.61,26.26,55.43,,,,,53.57,,,,,,,,,,,,,,,,,,,,,,,,,,,,,,,,,,,,,,,,,,ipowatch,,ipowatch,
INE0FMW01018,QMS Medical Allied Services Ltd.,SME,QMSMEDI,,2022-09-27,2022-09-30,2022-10-11,121.00,56.87,Fixed Price,NSE SME,First Overseas,2022,Rikhav Securities Ltd.,chittorgarh,31,chittorgarh,23,chittorgarh,40.4,chittorgarh,,,128.00,chittorgarh,134.40,chittorgarh,128.00,chittorgarh,134.40,chittorgarh,Funding additional working capital requirements | General Corporate Purposes,chittorgarh,57,chittorgarh,,,,,,,,,1.65,,,,,,,,,,,,,,,,,,,,,,,,,,,,,,,,,,,,,,,,,,,,investorgain,
INE075Z01011,Cyber Media Research & Services Ltd.,SME,CMRSL,,2022-09-27,2022-09-29,2022-10-10,180.00,14.04,Bookbuilding,NSE SME,Swastika Investmart,2022,Sunflower Broking Pvt.Ltd.,chittorgarh,7,chittorgarh,7,chittorgarh,50.0,chittorgarh,3.97,chittorgarh,245.25,chittorgarh,257.50,chittorgarh,245.25,chittorgarh,257.50,chittorgarh,Funding the working capital requirements | Funding investments in new projects and general corporate purposes,chittorgarh,14,chittorgarh,,,,,,,,,22.22,,,,,,,,,,,,,,,,,,,,,,,,,,,,,,,,,,,,,,,,,,,,investorgain,
INE0N0J01014,Concord Control Systems Ltd.,SME,,543619,2022-09-27,2022-09-29,2022-10-10,55.00,8.32,Bookbuilding,BSE SME,Hem Securities,2022,Hem Securities Ltd.,chittorgarh,8,chittorgarh,0.00,chittorgarh,0.0,chittorgarh,2.35,chittorgarh,109.95,chittorgarh,115.40,chittorgarh,109.95,chittorgarh,115.40,chittorgarh,To meet working capital requirements | General Corporate Purpose,chittorgarh,8,chittorgarh,15.18,307.4,424.26,202.41,,,,,127.27,,,,,,,,,,,,,,,,,,,,,,,,,,,,,,,,,,,,,,,,,,ipowatch,,ipowatch,
INE0M4L01013,Cargotrans Maritime Ltd.,SME,,543618,2022-09-27,2022-09-29,2022-10-10,45.00,4.86,Fixed Price,BSE SME,Hem Securities,2022,Hem Securities Ltd.,chittorgarh,5,chittorgarh,0.00,chittorgarh,0.0,chittorgarh,,,70.00,chittorgarh,73.50,chittorgarh,66.50,chittorgarh,73.50,chittorgarh,To meet Working Capital requirements | General Corporate Purpose,chittorgarh,5,chittorgarh,,129.63,166.86,148.25,,,,,55.56,,,,,,,,,,,,,,,,,,,,,,,,,,,,,,,,,,,,,,,,,,ipowatch,,ipowatch,
INE0MKO01015,Reetech International Cargo & Courier Ltd.,SME,,543617,2022-09-27,2022-09-29,2022-10-10,105.00,11.71,Fixed Price,BSE SME,Gretex Corporate,2022,Gretex Share Broking Pvt.Ltd.,chittorgarh,6,chittorgarh,5,chittorgarh,41.7,chittorgarh,,,82.00,chittorgarh,84.00,chittorgarh,77.90,chittorgarh,83.60,chittorgarh,Working Capital Requirements | General Corporate Purposes,chittorgarh,12,chittorgarh,,,,,,,,,0.95,,,,,,,,,,,,,,,,,,,,,,,,,,,,,,,,,,,,,,,,,,,,investorgain,
INE0KY201021,Maagh Advertising & Marketing Services Ltd.,SME,,543624,2022-09-26,2022-10-04,2022-10-13,60.00,9.12,Fixed Price,BSE SME,Inventure Merchant Banker,2022,NNM Securities Pvt.Ltd.,chittorgarh,9,chittorgarh,0.00,chittorgarh,0.0,chittorgarh,,,62.30,chittorgarh,65.40,chittorgarh,62.30,chittorgarh,65.40,chittorgarh,Funding the cost of Purchase of Software | Purchase of Media Inventory | General Corporate Purposes,chittorgarh,9,chittorgarh,,,,,,,,,,,,,,,,,,,,,,,,,,,,,,,,,,,,,,,,,,,,,,,,,,,,,,
INE0LGX01024,Insolation Energy Ltd.,SME,INA,543620,2022-09-26,2022-09-29,2022-10-10,38.00,22.16,Bookbuilding,BSE SME,Holani Consultants,2022,Holani Consultants Pvt.Ltd.,chittorgarh,21,chittorgarh,1.00,chittorgarh,4.5,chittorgarh,,,76.10,chittorgarh,79.90,chittorgarh,72.55,chittorgarh,79.90,chittorgarh,Funding the working Capital Requirement of our Company | General corporate purposes,chittorgarh,22,chittorgarh,161.9,605.2,289.4,320.7,3331.63,3735.68,4167.67,13196.08,92.11,100,54.12,131,True,1000,138000,13.1,12,151,10.5,,,215.0,,,14.0,,,7.0,,,0.46,,,22.0,,,31.0,,,70.0,,,9.0,3.26,31.82,1.41,215.0,7.0,Mar 2022,1,sharescart,screener,ipowatch,sharescart
INE0MSK01016,Steelman Telecom Ltd.,SME,,543622,2022-09-26,2022-09-29,2022-10-10,96.00,26.02,Fixed Price,BSE SME,Gretex Corporate,2022,Gretex Share Broking Pvt.Ltd.,chittorgarh,17,chittorgarh,8,chittorgarh,30.8,chittorgarh,,,161.00,chittorgarh,169.05,chittorgarh,161.00,chittorgarh,169.05,chittorgarh,Investment in Subsidiary | Working Capital Requirements | General Corporate Purposes,chittorgarh,26,chittorgarh,7.78,70.09,22.82,22.4,,,,,36.46,,,,,,,,,,,,,,,,,,,,,,,,,,,,,,,,,,,,,,,,,,ipowatch,,ipowatch,
INE0MKA01014,Trident Lifeline Ltd.,SME,,543616,2022-09-26,2022-09-29,2022-10-10,101.00,35.34,Fixed Price,BSE SME,Beeline Capital,2022,Sunflower Broking Pvt.Ltd.,chittorgarh,34,chittorgarh,1.00,chittorgarh,2.9,chittorgarh,,,105.00,chittorgarh,110.25,chittorgarh,105.00,chittorgarh,108.15,chittorgarh,To Meet Working Capital Requirements | Product registration in the International Markets | General Corporate Purpose | Public Issue Expenses,chittorgarh,35,chittorgarh,,1.69,0.98,1.84,,,,,3.96,,,,,,,,,,,,,,,,,,,,,,,,,,,,,,,,,,,,,,,,,,ipowatch,,ipowatch,
INE0KQQ01011,Mafia Trends Ltd.,SME,,543613,2022-09-22,2022-09-27,2022-10-06,28.00,3.60,Fixed Price,BSE SME,GYR Capital,2022,Giriraj Stock Broking Pvt.Ltd.,chittorgarh,3,chittorgarh,1.00,chittorgarh,25.0,chittorgarh,,,32.65,chittorgarh,32.65,chittorgarh,31.05,chittorgarh,31.10,chittorgarh,Funding the working capital requirements of the company,chittorgarh,4,chittorgarh,,3.91,5.97,4.94,,,,,10.71,,,,,,,,,,,,,,,,,,,,,,,,,,,,,,,,,,,,,,,,,,ipowatch,,investorgain,
INE0M8901010,Containe Technologies Ltd.,SME,,543606,2022-09-20,2022-09-22,2022-09-30,15.00,2.62,Fixed Price,BSE SME,Finshore Management,2022,Nikunj Stock Brokers Ltd.,chittorgarh,2,chittorgarh,1.00,chittorgarh,33.3,chittorgarh,,,22.00,chittorgarh,23.10,chittorgarh,20.90,chittorgarh,23.10,chittorgarh,To meet the working capital requirements | General corporate purposes | Issue related expenses,chittorgarh,3,chittorgarh,,154.99,86.33,121.24,,,,,26.67,,,,,,,,,,,,,,,,,,,,,,,,,,,,,,,,,,,,,,,,,,ipowatch,,ipowatch,
INE0JOO01021,Varanium Cloud Ltd.,SME,CLOUD,,2022-09-16,2022-09-20,2022-09-27,122.00,36.60,Fixed Price,NSE SME,First Overseas,2022,Rikhav Securities Ltd.,chittorgarh,31,chittorgarh,6.00,chittorgarh,16.2,chittorgarh,,,131.00,chittorgarh,136.45,chittorgarh,124.45,chittorgarh,128.55,chittorgarh,Setting up 3 Nos. Containerized Edge Data Centres | Rollout of 3 Edmission flagship Digital Learning Centres | General Corporate Purpose,chittorgarh,37,chittorgarh,,5.83,5.09,5.46,,,,,4.1,,,,,,,,,,,,,,,,,,,,,,,,,,,,,,,,,,,,,,,,,,ipowatch,,ipowatch,
INE0CDK01019,Maks Energy Solutions India Ltd.,SME,MAKS,,2022-09-16,2022-09-20,2022-09-28,20.00,4.00,Fixed Price,NSE SME,Sun Capital,2022,NNM Securities Pvt.Ltd.,chittorgarh,4,chittorgarh,0.00,chittorgarh,0.0,chittorgarh,,,20.00,chittorgarh,21.00,chittorgarh,20.00,chittorgarh,21.00,chittorgarh,"Repayment/ pre-payment, in full or part, of certain  borrowings availed by our Company | General Corporate Purpose",chittorgarh,4,chittorgarh,,,,,,,,,25.0,,,,,,,,,,,,,,,,,,,,,,,,,,,,,,,,,,,,,,,,,,,,investorgain,
INE0MOT01016,Kandarp Digi Smart BPO Ltd.,SME,KANDARP,,2022-09-16,2022-09-20,2022-09-28,30.00,8.10,Fixed Price,NSE SME,Beeline Capital,2022,Sunflower Broking Pvt.Ltd.,chittorgarh,8,chittorgarh,0.00,chittorgarh,0.0,chittorgarh,,,30.00,chittorgarh,30.00,chittorgarh,28.50,chittorgarh,28.50,chittorgarh,To Meet Working Capital Requirement | General Corporate Expenses,chittorgarh,8,chittorgarh,,0.88,2.79,1.84,,,,,6.67,,,,,,,,,,,,,,,,,,,,,,,,,,,,,,,,,,,,,,,,,,ipowatch,,ipowatch,
INE0MGM01017,Annapurna Swadisht Ltd.,SME,ANNAPURNA,,2022-09-15,2022-09-19,2022-09-27,70.00,30.25,Bookbuilding,NSE SME,Corporate Capitalventures,2022,SS Corporate Securities Ltd.,chittorgarh,29,chittorgarh,1.00,chittorgarh,3.3,chittorgarh,8.61,chittorgarh,120.00,chittorgarh,126.00,chittorgarh,114.00,chittorgarh,126.00,chittorgarh,Funding the capital expenditure requirements | General Corporate Expenses,chittorgarh,30,chittorgarh,18.34,301.13,225.53,133.43,,,,,64.29,,,,,,,,,,,,,,,,,,,,,,,,,,,,,,,,,,,,,,,,,,ipowatch,,ipowatch,
INE0M7001010,Tapi Fruit Processing Ltd.,SME,TAPIFRUIT,,2022-09-12,2022-09-14,2022-09-22,48.00,5.21,Fixed Price,NSE SME,Fedex Securities,2022,Pure Broking Pvt.Ltd.,chittorgarh,5,chittorgarh,0.00,chittorgarh,0.0,chittorgarh,,,52.10,chittorgarh,54.70,chittorgarh,49.60,chittorgarh,54.70,chittorgarh,Meeting incremental working capital requirements | Repayment / prepayment of certain borrowings availed by our Company | General corporate purposes,chittorgarh,5,chittorgarh,,1.93,3.32,2.01,,,,,4.17,,,,,,,,,,,,,,,,,,,,,,,,,,,,,,,,,,,,,,,,,,ipowatch,,ipowatch,
INE0LCW01025,Ishan International Ltd.,SME,ISHAN,,2022-09-09,2022-09-14,2022-09-22,80.00,18.24,Fixed Price,NSE SME,First Overseas,2022,NNM Securities Pvt.Ltd.,chittorgarh,17,chittorgarh,1.00,chittorgarh,5.6,chittorgarh,,,82.00,chittorgarh,86.10,chittorgarh,77.90,chittorgarh,82.80,chittorgarh,Funding the Proposed Joint Venture and/or Acquisition | To meet the Working Capital requirements | General Corporate Expenses | To meet the expenses of the Issue,chittorgarh,18,chittorgarh,,1.6,1.65,1.62,,,,,,,,,,,,,,,,,,,,,,,,,,,,,,,,,,,,,,,,,,,,,,,ipowatch,,,
INE0DZ101013,Sabar Flex India Ltd.,SME,SABAR,,2022-09-08,2022-09-13,2022-09-21,11.00,4.48,Fixed Price,NSE SME,GYR Capital,2022,Econo Broking Pvt.Ltd.,chittorgarh,4,chittorgarh,0.00,chittorgarh,0.0,chittorgarh,,,21.00,chittorgarh,22.05,chittorgarh,20.10,chittorgarh,22.05,chittorgarh,Funding the working capital requirements of the company | General Corporate Purposes,chittorgarh,4,chittorgarh,,116.46,54.47,85.47,,,,,36.36,,,,,,,,,,,,,,,,,,,,,,,,,,,,,,,,,,,,,,,,,,ipowatch,,ipowatch,
INE0G1D01014,Mega Flex Plastics Ltd.,SME,MEGAFLEX,,2022-09-06,2022-09-09,2022-09-19,40.00,11.40,Fixed Price,NSE SME,Finshore Management,2022,Rainbow Securities Pvt.Ltd.,chittorgarh,11,chittorgarh,0.00,chittorgarh,0.0,chittorgarh,,,54.00,chittorgarh,56.70,chittorgarh,51.30,chittorgarh,56.70,chittorgarh,Working capital requirements | Issue related expenses | General corporate expenses,chittorgarh,11,chittorgarh,,52.86,39.75,46.31,,,,,30.0,,,,,,,,,,,,,,,,,,,,,,,,,,,,,,,,,,,,,,,,,,ipowatch,,ipowatch,
INE0LU301014,Shantidoot Infra Services Ltd.,SME,,543598,2022-09-06,2022-09-09,2022-09-19,81.00,4.02,Fixed Price,BSE SME,Gretex Corporate,2022,Gretex Share Broking Pvt.Ltd.,chittorgarh,2,chittorgarh,2,chittorgarh,50.0,chittorgarh,,,105.00,chittorgarh,110.25,chittorgarh,105.00,chittorgarh,110.25,chittorgarh,Working Capital Requirements | General Corporate Purposes,chittorgarh,4,chittorgarh,,2.36,3.33,2.85,,,,,,,,,,,,,,,,,,,,,,,,,,,,,,,,,,,,,,,,,,,,,,,ipowatch,,,
INE0MEG01014,Viviana Power Tech Ltd.,SME,VIVIANA,,2022-09-05,2022-09-08,2022-09-16,55.00,8.80,Fixed Price,NSE SME,Beeline Capital,2022,Sunflower Broking Pvt.Ltd.,chittorgarh,8,chittorgarh,1.00,chittorgarh,11.1,chittorgarh,,,90.00,chittorgarh,94.50,chittorgarh,87.00,chittorgarh,94.50,chittorgarh,To Meet Working Capital Requirement | General Corporate Expenses,chittorgarh,9,chittorgarh,,97.47,72.92,85.2,,,,,45.45,,,,,,,,,,,,,,,,,,,,,,,,,,,,,,,,,,,,,,,,,,ipowatch,,ipowatch,
INE0I0T01010,Virtuoso Optoelectronics Ltd.,SME,,543597,2022-09-02,2022-09-07,2022-09-15,56.00,30.24,Fixed Price,BSE SME,Fedex Securities,2022,Gretex Share Broking Pvt.Ltd.,chittorgarh,29,chittorgarh,1.00,chittorgarh,3.3,chittorgarh,,,117.00,chittorgarh,122.85,chittorgarh,111.15,chittorgarh,115.40,chittorgarh,Funding incremental working capital requirements of our Company | General corporate purposes,chittorgarh,30,chittorgarh,,112.87,80.79,96.83,,,,,80.36,,,,,,,,,,,,,,,,,,,,,,,,,,,,,,,,,,,,,,,,,,ipowatch,,ipowatch,
INE0D2I01014,EP Biocomposites Ltd.,SME,,543595,2022-08-29,2022-09-05,2022-09-13,126.00,6.35,Fixed Price,BSE SME,Aryaman Financial,2022,Aryaman Capital Markets Ltd.,chittorgarh,6,chittorgarh,0.00,chittorgarh,0.0,chittorgarh,,,160.25,chittorgarh,168.25,chittorgarh,160.25,chittorgarh,168.25,chittorgarh,Long term lease deposit for manufacturing facilities | Part Repayment of loan | Funding Working Capital Requirement | General Corporate Purpose,chittorgarh,6,chittorgarh,,21.58,15.44,18.51,,,,,19.84,,,,,,,,,,,,,,,,,,,,,,,,,,,,,,,,,,,,,,,,,,ipowatch,,ipowatch,
INE0J6801010,Jay Jalaram Technologies Ltd.,SME,KORE,,2022-08-26,2022-08-30,2022-09-08,36.00,10.80,Fixed Price,NSE SME,Beeline Capital,2022,Sunflower Broking Pvt.Ltd.,chittorgarh,10,chittorgarh,1.00,chittorgarh,9.1,chittorgarh,,,50.00,chittorgarh,52.50,chittorgarh,50.00,chittorgarh,52.50,chittorgarh,To Meet Working Capital Requirements | General Corporate Purpose | Public Issue Expenses,chittorgarh,11,chittorgarh,,,,,,,,,,,,,,,,,,,,,,,,,,,,,,,,,,,,,,,,,,,,,,,,,,,,,,
INE0LA901015,JFL Life Sciences Ltd.,SME,JFLLIFE,,2022-08-25,2022-08-30,2022-09-08,61.00,18.17,Fixed Price,NSE SME,GYR Capital,2022,Econo Broking Pvt.Ltd.,chittorgarh,17,chittorgarh,1.00,chittorgarh,5.6,chittorgarh,,,70.00,chittorgarh,70.00,chittorgarh,66.50,chittorgarh,66.50,chittorgarh,Repayment of secured and unsecured loans | Funding the working capital requirements of the company | General Corporate Purposes,chittorgarh,18,chittorgarh,,6.11,11.66,8.93,,,,,8.2,,,,,,,,,,,,,,,,,,,,,,,,,,,,,,,,,,,,,,,,,,ipowatch,,ipowatch,
INE0KT901015,Ameya Precision Engineers Ltd.,SME,AMEYA,,2022-08-25,2022-08-30,2022-09-08,34.00,7.14,Fixed Price,NSE SME,Shreni Shares,2022,Shreni Shares Ltd.,chittorgarh,5,chittorgarh,2,chittorgarh,28.6,chittorgarh,,,68.40,chittorgarh,71.80,chittorgarh,65.00,chittorgarh,65.40,chittorgarh,To Meet the Capital Expenditure Requirements | Funding working capital requirements | General corporate purposes,chittorgarh,7,chittorgarh,,,,,,,,,,,,,,,,,,,,,,,,,,,,,,,,,,,,,,,,,,,,,,,,,,,,,,
INE0MC401013,Dipna Pharmachem Ltd.,SME,,543594,2022-08-25,2022-08-30,2022-09-08,38.00,15.21,Fixed Price,BSE SME,Interactive Financial,2022,Sernet Financial Services Pvt.Ltd.,chittorgarh,14,chittorgarh,1.00,chittorgarh,6.7,chittorgarh,,,32.00,chittorgarh,33.60,chittorgarh,30.40,chittorgarh,33.40,chittorgarh,Working capital requirement | General Corporate Purpose,chittorgarh,15,chittorgarh,,0.78,4.75,2.77,,,,,7.89,,,,,,,,,,,,,,,,,,,,,,,,,,,,,,,,,,,,,,,,,,ipowatch,,investorgain,
INE0KKN01029,Rhetan TMT Ltd.,SME,RHETAN,543590,2022-08-22,2022-08-25,2022-09-05,70.00,56.00,Fixed Price,BSE SME,Aryaman Financial,2022,Aryaman Capital Markets Ltd.,chittorgarh,53,chittorgarh,3.00,chittorgarh,5.4,chittorgarh,,,70.00,chittorgarh,72.00,chittorgarh,66.50,chittorgarh,66.50,chittorgarh,"Funding capital expenditure for expansion and modernization at 325, Karannagar, Kadi-Kalol Road, Taluka Kadi, Dist. Mehsana, Gujarat – 382715 | Funding Working capital requirements | General Corporate Purposes",chittorgarh,56,chittorgarh,,2.18,0.76,1.47,,,,,4.29,,,,,,,,,,,20.0,52.0,67.0,1.0,2.0,5.0,-1.0,0.0,2.0,-0.39,0.03,0.05,1.0,8.0,23.0,24.0,25.0,26.0,30.0,40.0,59.0,-12.0,-7.0,-14.0,2.99,8.7,1.13,67.0,2.0,Mar 2022,3,ipowatch,screener,ipowatch,
INE0JNB01012,Naturo Indiabull Ltd.,SME,,543579,2022-08-22,2022-08-24,2022-09-02,30.00,10.92,Fixed Price,BSE SME,Finshore Management,2022,Nikunj Stock Brokers Ltd.,chittorgarh,10,chittorgarh,1.00,chittorgarh,9.1,chittorgarh,,,25.00,chittorgarh,26.25,chittorgarh,25.00,chittorgarh,26.25,chittorgarh,To meet Working Capital Requirement | General Corporate Expenses,chittorgarh,11,chittorgarh,,8.44,32.08,20.26,,,,,16.67,,,,,,,,,,,,,,,,,,,,,,,,,,,,,,,,,,,,,,,,,,ipowatch,,ipowatch,
INE0M3901015,Olatech Solutions Ltd.,SME,,543578,2022-08-12,2022-08-19,2022-08-29,27.00,1.89,Fixed Price,BSE SME,Shreni Shares,2022,Shreni Shares Ltd.,chittorgarh,2,chittorgarh,0.00,chittorgarh,0.0,chittorgarh,,,51.30,chittorgarh,53.85,chittorgarh,51.30,chittorgarh,53.85,chittorgarh,Funding working capital requirements | General Corporate Purpose,chittorgarh,2,chittorgarh,,517.71,679.94,598.82,,,,,29.63,,,,,,,,,,,,,,,,,,,,,,,,,,,,,,,,,,,,,,,,,,ipowatch,,ipowatch,
INE0KTW01013,Veekayem Fashion & Apparels Ltd.,SME,VEEKAYEM,,2022-08-05,2022-08-11,2022-08-22,28.00,4.44,Fixed Price,NSE SME,GYR Capital,2022,Econo Broking Pvt.Ltd.,chittorgarh,4,chittorgarh,0.00,chittorgarh,0.0,chittorgarh,,,49.90,chittorgarh,52.35,chittorgarh,47.45,chittorgarh,50.00,chittorgarh,Funding the working capital requirements of the company | General Corporate Purposes,chittorgarh,4,chittorgarh,,,247.09,301.47,,,,,28.57,,,,,,,,,,,,,,,,,,,,,,,,,,,,,,,,,,,,,,,,,,ipowatch,,ipowatch,
INE0CBM01019,Upsurge Seeds of Agriculture Ltd.,SME,USASEEDS,,2022-07-29,2022-08-02,2022-08-11,120.00,22.81,Fixed Price,NSE SME,Finshore Management,2022,Nikunj Stock Brokers Ltd.,chittorgarh,22,chittorgarh,1.00,chittorgarh,4.3,chittorgarh,,,140.00,chittorgarh,147.00,chittorgarh,135.00,chittorgarh,147.00,chittorgarh,Working capital requirements | General corporate purposes | Issue related expenses,chittorgarh,23,chittorgarh,,101.7,59.29,80.5,,,,,,,,,,,,,,,,,,,,,,,,,,,,,,,,,,,,,,,,,,,,,,,ipowatch,,,
INE0LF301013,Agni Green Power Ltd.,SME,AGNI,,2022-07-20,2022-07-22,2022-08-01,10.00,5.25,Fixed Price,NSE SME,Finshore Management,2022,Nikunj Stock Brokers Ltd.,chittorgarh,5,chittorgarh,0.00,chittorgarh,0.0,chittorgarh,,,25.00,chittorgarh,26.25,chittorgarh,23.75,chittorgarh,26.25,chittorgarh,Working capital requirements | General Corporate Purpose | Issue related expenses,chittorgarh,5,chittorgarh,,107.4,39.92,73.66,,,,,,,,,,,,,,,,,,,,,,,,,,,,,,,,,,,,,,,,,,,,,,,ipowatch,,,
INE0L3501015,Healthy Life Agritec Ltd.,SME,,543546,2022-07-13,2022-07-18,2022-07-26,10.00,10.00,Fixed Price,BSE SME,Finshore Management,2022,Nikunj Stock Brokers Ltd.,chittorgarh,10,chittorgarh,0.00,chittorgarh,0.0,chittorgarh,,,8.90,chittorgarh,9.34,chittorgarh,8.50,chittorgarh,9.34,chittorgarh,To meet the working capital requirements | General corporate purposes | Issue related expenses,chittorgarh,10,chittorgarh,,5.22,11.19,8.21,,,,,,,,,,,,,,,,,,,,,,,,,,,,,,,,,,,,,,,,,,,,,,,ipowatch,,,
INE0KZA01016,SKP Bearing Industries Ltd.,SME,SKP,,2022-06-30,2022-07-05,2022-07-13,70.00,30.80,Fixed Price,NSE SME,Shreni Shares,2022,Shreni Shares Ltd.,chittorgarh,10,chittorgarh,20,chittorgarh,64.5,chittorgarh,,,73.00,chittorgarh,74.50,chittorgarh,70.50,chittorgarh,72.45,chittorgarh,Funding working capital requirements | General Corporate Purposes,chittorgarh,31,chittorgarh,,,,,,,,,7.14,,,,,,,,,,,,,,,,,,,,,,,,,,,,,,,,,,,,,,,,,,,,investorgain,
INE0KR801019,Jayant Infratech Ltd.,SME,,543544,2022-06-30,2022-07-05,2022-07-13,67.00,6.19,Fixed Price,BSE SME,Gretex Corporate,2022,Gretex Share Broking Pvt.Ltd.,chittorgarh,6,chittorgarh,0.00,chittorgarh,0.0,chittorgarh,,,76.00,chittorgarh,79.80,chittorgarh,76.00,chittorgarh,79.80,chittorgarh,Payment of Security Deposit for renting of Office Space | Working Capital Requirements | General Corporate Purposes,chittorgarh,6,chittorgarh,,4.23,3.76,4.0,,,,,,,,,,,,,,,,,,,,,,,,,,,,,,,,,,,,,,,,,,,,,,,ipowatch,,,
INE0IZQ01016,B-Right Realestate Ltd.,SME,,543543,2022-06-30,2022-07-05,2022-07-13,153.00,44.36,Fixed Price,BSE SME,Gretex Corporate,2022,,,42,chittorgarh,2.00,chittorgarh,4.5,chittorgarh,,,155.00,chittorgarh,162.75,chittorgarh,147.25,chittorgarh,154.00,chittorgarh,Working Capital Requirements | General Corporate Purposes,chittorgarh,44,chittorgarh,,1.82,0.6,1.01,,,,,,,,,,,,,,,,,,,,,,,,,,,,,,,,,,,,,,,,,,,,,,,ipowatch,,,
INE0JYY01011,Mangalam Worldwide Ltd.,SME,MWL,,2022-06-30,2022-07-04,2022-07-11,101.00,65.58,Fixed Price,NSE SME,Beeline Broking,2022,Sunflower Broking Pvt.Ltd.,chittorgarh,62,chittorgarh,4.00,chittorgarh,6.1,chittorgarh,,,102.00,chittorgarh,104.95,chittorgarh,96.90,chittorgarh,102.55,chittorgarh,To Meet Working Capital Requirement | General Corporate Purpose,chittorgarh,66,chittorgarh,,2.2,0.46,1.33,,,,,,,,,,,,,,,,,302.0,522.0,,6.0,12.0,,3.0,12.0,,833.33,6.88,,13.2,45.0,,17.0,47.0,,47.0,123.0,,6.0,2.0,2.3,26.67,1.04,522.0,12.0,Mar 2022,2,ipowatch,screener,,
INE0L1C01019,Kesar India Ltd.,SME,,543542,2022-06-30,2022-07-04,2022-07-12,170.00,15.82,Fixed Price,BSE SME,Hem Securities,2022,Hem Finlease Pvt.Ltd.,chittorgarh,15,chittorgarh,1.00,chittorgarh,6.2,chittorgarh,,,172.50,chittorgarh,178.00,chittorgarh,172.00,chittorgarh,174.00,chittorgarh,To finance development Expenses of the Projects & upcoming Projects | Acquisition of land or land development right | General corporate purposes,chittorgarh,16,chittorgarh,,2.62,0.91,1.77,,,,,,,,,,,,,,,,,,,,,,,,,,,,,,,,,,,,,,,,,,,,,,,ipowatch,,,
INE0ID001024,Veerkrupa Jewellers Ltd.,SME,,543545,2022-06-29,2022-07-08,2022-07-18,27.00,8.10,Fixed Price,BSE SME,First Overseas,2022,Beeline Broking Ltd.,chittorgarh,8,chittorgarh,0.00,chittorgarh,0.0,chittorgarh,,,27.00,chittorgarh,27.00,chittorgarh,25.65,chittorgarh,25.65,chittorgarh,To meet the Working Capital requirements | General Corporate Purpose | To meet the expenses of the Issue,chittorgarh,8,chittorgarh,,1.04,2.67,1.85,,,,,3.7,,,,,,,,,,,,,,,,,,,,,,,,,,,,,,,,,,,,,,,,,,ipowatch,,investorgain,
INE0J1E01027,KCK Industries Ltd.,SME,KCK,,2022-06-27,2022-06-30,2022-07-08,30.00,4.50,Fixed Price,NSE SME,Navigant Corporate,2022,Nikunj Stock Brokers Ltd.,chittorgarh,4,chittorgarh,1.00,chittorgarh,20.0,chittorgarh,,,25.00,chittorgarh,26.25,chittorgarh,23.75,chittorgarh,26.25,chittorgarh,To part finance the requirement of Working Capital | To meet General corporate purposes | To meet the expenses of the Issue,chittorgarh,5,chittorgarh,,3.02,8.79,5.91,,,,,,,,,,,,,,,,,,,,,,,,,,,,,,,,,,,,,,,,,,,,,,,ipowatch,,,
INE0KHQ01010,Sailani Tours N Travels Ltd.,SME,,543541,2022-06-27,2022-06-30,2022-07-08,15.00,1.90,Fixed Price,BSE SME,Gretex Corporate,2022,Gretex Share Broking Pvt.Ltd.,chittorgarh,2,chittorgarh,0.00,chittorgarh,0.0,chittorgarh,,,15.50,chittorgarh,16.27,chittorgarh,15.50,chittorgarh,16.27,chittorgarh,Funding of Working Capital Requirements of the company | General Corporate Purpose,chittorgarh,2,chittorgarh,,1.87,4.61,3.24,,,,,,,,,,,,,,,,,,,,,,,,,,,,,,,,,,,,,,,,,,,,,,,ipowatch,,,
INE0GTX01019,Pearl Green Clubs & Resorts Ltd.,SME,,543540,2022-06-27,2022-06-29,2022-07-07,186.00,11.72,Fixed Price,BSE SME,Novus Capital,2022,Nikunj Stock Brokers Ltd.,chittorgarh,11,chittorgarh,1.00,chittorgarh,8.3,chittorgarh,,,189.05,chittorgarh,198.50,chittorgarh,189.05,chittorgarh,198.50,chittorgarh,To Meet the Capital Expenditure Requirements | General corporate purposes,chittorgarh,12,chittorgarh,,1.78,1.35,1.56,,,,,,,,,,,,,,,,,,,,,,,,,,,,,,,,,,,,,,,,,,,,,,,ipowatch,,,
INE0L0L01012,Modi's Navnirman Ltd.,SME,MODIS,543539,2022-06-23,2022-06-28,2022-07-06,180.00,22.68,Fixed Price,BSE SME,Aryaman Financial,2022,Aryaman Capital Markets Ltd.,chittorgarh,21,chittorgarh,2.00,chittorgarh,8.7,chittorgarh,,,189.00,chittorgarh,194.00,chittorgarh,184.00,chittorgarh,188.95,chittorgarh,Investment in subsidiary company – SMNPL for Repayment of its outstanding unsecured loans | General Corporate Purpose,chittorgarh,23,chittorgarh,,2.76,1.22,1.99,,,,,,,,,,,,,,,,,13.0,9.0,,1.0,1.0,,0.0,1.0,,,0.71,,3.0,4.0,,1.0,20.0,,7.0,31.0,,-0.0,-16.0,11.11,25.0,5.0,9.0,1.0,Mar 2022,2,ipowatch,screener,,
INE0K6L01010,Goel Food Products Ltd.,SME,,543538,2022-06-15,2022-06-20,2022-06-28,72.00,7.21,Fixed Price,BSE SME,Gretex Corporate,2022,Gretex Share Broking Pvt.Ltd.,chittorgarh,3,chittorgarh,4,chittorgarh,57.1,chittorgarh,,,75.00,chittorgarh,78.75,chittorgarh,75.00,chittorgarh,78.75,chittorgarh,Funding of Working Capital Requirements of the company | General Corporate Purpose,chittorgarh,7,chittorgarh,,1.21,2.07,1.64,,,,,,,,,,,,,,,,,,,,,,,,,,,,,,,,,,,,,,,,,,,,,,,ipowatch,,,
INE0IXR01019,Scarnose International Ltd.,SME,,543537,2022-06-14,2022-06-17,2022-06-27,55.00,6.60,Fixed Price,BSE SME,Finshore Management,2022,Econo Broking Pvt.Ltd.,chittorgarh,6,chittorgarh,1.00,chittorgarh,14.3,chittorgarh,,,55.50,chittorgarh,56.65,chittorgarh,55.50,chittorgarh,56.05,chittorgarh,To meet the working capital requirements | To make the repayment of Unsecured Loan | General corporate purposes | Issue related expenses,chittorgarh,7,chittorgarh,,2.09,2.34,2.22,,,,,,,,,,,,,,,,,,,,,,,,,,,,,,,,,,,,,,,,,,,,,,,ipowatch,,,
INE0KXN01014,Silver Pearl Hospitality & Luxury Spaces Ltd.,SME,,543536,2022-06-06,2022-06-09,2022-06-17,18.00,9.00,Fixed Price,BSE SME,Inventure Merchant Banker,2022,Svcm Securities Pvt.Ltd.,chittorgarh,9,chittorgarh,0.00,chittorgarh,0.0,chittorgarh,,,16.00,chittorgarh,16.00,chittorgarh,15.20,chittorgarh,15.20,chittorgarh,Purchase of Hotel Property in Goa | General Corporate Purpose,chittorgarh,9,chittorgarh,,,,,,,,,,,,,,,,,,,,,,,,,,,,,,,,,,,,,,,,,,,,,,,,,,,,,,
INE0LQQ01019,Fidel Softech Ltd.,SME,FIDEL,,2022-05-30,2022-06-02,2022-06-10,37.00,13.50,Fixed Price,NSE SME,Shreni Shares,2022,Shreni Shares Ltd.,chittorgarh,13,chittorgarh,0.00,chittorgarh,0.0,chittorgarh,,,59.10,chittorgarh,62.05,chittorgarh,59.10,chittorgarh,62.05,chittorgarh,Funding working capital requirements | General corporate purposes,chittorgarh,13,chittorgarh,,138.34,67.44,102.89,,,,,32.43,,,,,,,,,,,,,,,,,,,,,,,,,,,,,,,,,,,,,,,,,,ipowatch,,ipowatch,
INE00WS01056,Globesecure Technologies Ltd.,SME,GSTL,,2022-05-23,2022-05-25,2022-06-02,29.00,10.13,Fixed Price,NSE SME,Novus Capital,2022,Nirman Share Brokers Pvt.Ltd.,chittorgarh,10,chittorgarh,0.00,chittorgarh,0.0,chittorgarh,,,36.50,chittorgarh,38.30,chittorgarh,34.70,chittorgarh,37.10,chittorgarh,Working Capital Requirements | General Corporate Purposes | Issue Expenses,chittorgarh,10,chittorgarh,,23.7,4.64,14.17,,,,,10.34,,,,,,,,,,,,,,,,,,,,,,,,,,,,,,,,,,,,,,,,,,ipowatch,,ipowatch,
INE02OY01016,Rachana Infrastructure Ltd.,SME,RILINFRA,,2022-05-20,2022-06-02,2022-06-10,135.00,76.28,Fixed Price,NSE SME,Interactive Financial,2022,NNM Securities Pvt.Ltd.,chittorgarh,34,chittorgarh,38,chittorgarh,50.0,chittorgarh,,,138.00,chittorgarh,140.00,chittorgarh,138.00,chittorgarh,138.55,chittorgarh,Repayment of secured Loans | Working capital requirement | General corporate purposes,chittorgarh,76,chittorgarh,,1.82,0.6,1.21,,,,,,,,,,,,,,,,,,,,,,,,,,,,,,,,,,,,,,,,,,,,,,,ipowatch,,,
INE0JZA01018,Sonu Infratech Ltd.,SME,SONUINFRA,,2022-04-29,2022-05-05,2022-05-13,36.00,8.64,Fixed Price,NSE SME,Swastika Investmart,2022,Sunflower Broking Pvt.Ltd.,chittorgarh,8,chittorgarh,1.00,chittorgarh,11.1,chittorgarh,,,36.00,chittorgarh,37.80,chittorgarh,36.00,chittorgarh,37.60,chittorgarh,Working Capital Requirement | General Corporate Purpose | Total,chittorgarh,9,chittorgarh,,,,,,,,,,,,,,,,,,,,,,,,,,,,,,,,,,,,,,,,,,,,,,,,,,,,,,
INE0G1L01017,Le Merite Exports Ltd.,SME,LEMERITE,,2022-04-25,2022-04-28,2022-05-09,75.00,48.00,Fixed Price,NSE SME,Fedex Securities,2022,Rikhav Securities Ltd.,chittorgarh,45,chittorgarh,3.00,chittorgarh,6.2,chittorgarh,,,75.00,chittorgarh,78.75,chittorgarh,71.25,chittorgarh,78.75,chittorgarh,Meeting incremental working capital requirements | General corporate purposes,chittorgarh,48,chittorgarh,,,,,,,,,12.0,,,,,,,,,,,,268.0,525.0,,10.0,31.0,,7.0,21.0,,8.19,2.47,,25.0,45.0,,54.0,100.0,,92.0,177.0,,-22.0,-44.0,4.0,46.67,2.22,525.0,21.0,Mar 2022,2,,screener,investorgain,
INE0L3H01014,Fone4 Communications (India) Ltd.,SME,,543521,2022-04-25,2022-04-27,2022-05-06,10.00,6.80,Fixed Price,BSE SME,Finshore Management,2022,Nikunj Stock Brokers Ltd.,chittorgarh,6,chittorgarh,1.00,chittorgarh,14.3,chittorgarh,,,10.00,chittorgarh,10.00,chittorgarh,9.50,chittorgarh,9.50,chittorgarh,To Meet working capital requirement | Public issue expenses | General corporate purpose,chittorgarh,7,chittorgarh,,,,,,,,,20.0,,,,,,,,,,,,,,,,,,,,,,,,,,,,,,,,,,,,,,,,,,,,investorgain,
INE0E5R01017,Nanavati Ventures Ltd.,SME,,543522,2022-04-25,2022-04-27,2022-05-06,50.00,2.19,Fixed Price,BSE SME,First Overseas,2022,Nikunj Stock Brokers Ltd.,chittorgarh,2,chittorgarh,0.00,chittorgarh,0.0,chittorgarh,,,50.00,chittorgarh,51.80,chittorgarh,48.30,chittorgarh,50.30,chittorgarh,To meet Working Capital requirements | General Corporate Purpose,chittorgarh,2,chittorgarh,,,,,,,,,,,,,,,,,,,,,,,,,,,,,,,,,,,,,,,,,,,,,,,,,,,,,,
INE0J2K01014,Global Longlife Hospital & Research Ltd.,SME,,543520,2022-04-21,2022-04-25,2022-05-04,140.00,49.00,Fixed Price,BSE SME,Interactive Financial,2022,Rikhav Securities Ltd.,chittorgarh,47,chittorgarh,2.00,chittorgarh,4.1,chittorgarh,,,141.10,chittorgarh,141.10,chittorgarh,134.05,chittorgarh,135.35,chittorgarh,Acquire Land on Leasehold Basis | Repayment of Loan | General corporate purposes,chittorgarh,49,chittorgarh,,,,,,,,,0.71,,,,,,,,,,,,,,,,,,,,,,,,,,,,,,,,,,,,,,,,,,,,investorgain,
INE0JMN01019,Shashwat Furnishing Solutions Ltd.,SME,,543519,2022-04-20,2022-04-25,2022-05-04,45.00,2.51,Fixed Price,BSE SME,Beeline Broking,2022,Sunflower Broking Pvt.Ltd.,chittorgarh,2,chittorgarh,1.00,chittorgarh,33.3,chittorgarh,,,45.00,chittorgarh,47.00,chittorgarh,45.00,chittorgarh,45.30,chittorgarh,Working Capital Requirement | General Corporate Expenses,chittorgarh,3,chittorgarh,,,,,,,,,,,,,,,,,,,,,,,,,,,,,,,,,,,,,,,,,,,,,,,,,,,,,,
INE0KSN01014,Eighty Jewellers Ltd.,SME,,543518,2022-03-31,2022-04-05,2022-04-13,41.00,11.07,Fixed Price,BSE SME,Hem Securities,2022,Hem Finlease Pvt.Ltd.,chittorgarh,11,chittorgarh,0.00,chittorgarh,0.0,chittorgarh,,,42.00,chittorgarh,44.10,chittorgarh,42.00,chittorgarh,44.10,chittorgarh,To meet Working Capital requirements | General Corporate Purpose,chittorgarh,11,chittorgarh,,,,,,,,,,,,,,,,,,,,,,,,,,,,,,,,,,,,,,,,,,,,,,,,,,,,,,
INE0J5801029,Jeena Sikho Lifecare Ltd.,SME,JSLL,544476,2022-03-30,2022-04-07,2022-04-19,150.00,55.50,Fixed Price,NSE SME,Novus Capital,2022,Prabhat Financial Services Ltd.,chittorgarh,53,chittorgarh,3.00,chittorgarh,5.4,chittorgarh,,,165.10,chittorgarh,173.35,chittorgarh,162.25,chittorgarh,173.35,chittorgarh,Marketing & Sales Promotion of brand “Shuddhi | Repayment of short-term borrowing | Working capital requirement | General Corporate Purposes | Issue Expenses,chittorgarh,56,chittorgarh,,,,,,,,,30.0,,,,,,,,,,,,,147.0,,,18.0,,,11.0,,,1.23,,,,,,,,,,,,16.0,7.48,,,147.0,11.0,Mar 2022,1,,screener,investorgain,
INE0KPY01017,Sunrise Efficient Marketing Ltd.,SME,,543515,2022-03-30,2022-04-05,2022-04-12,121.00,16.70,Fixed Price,BSE SME,Fedex Securities,2022,Rikhav Securities Ltd.,chittorgarh,16,chittorgarh,1.00,chittorgarh,5.9,chittorgarh,,,121.25,chittorgarh,124.85,chittorgarh,121.25,chittorgarh,124.80,chittorgarh,Meeting incremental working capital requirements | General corporate purposes,chittorgarh,17,chittorgarh,,,,,,,,,,,,,,,,,,,,,,,,,,,,,,,,,,,,,,,,,,,,,,,,,,,,,,
INE0K5F01014,Dhyaani Tile & Marblez Ltd.,SME,,543516,2022-03-30,2022-04-04,2022-04-12,51.00,2.45,Fixed Price,BSE SME,GYR Capital,2022,Giriraj Stock Broking Pvt.Ltd.,chittorgarh,2,chittorgarh,0.00,chittorgarh,0.0,chittorgarh,,,52.25,chittorgarh,54.85,chittorgarh,51.45,chittorgarh,54.80,chittorgarh,Funding the working capital requirements of the company | General Corporate Purposes,chittorgarh,2,chittorgarh,,,,,,,,,,,,,,,,,,,,,,,,,,,,,,,,,,,,,,,,,,,,,,,,,,,,,,
INE0J5601015,Krishna Defence & Allied Industries Ltd.,SME,KRISHNADEF,,2022-03-25,2022-03-29,2022-04-06,39.00,11.89,Bookbuilding,NSE SME,Hem Securities,2022,Hem Finlease Pvt.Ltd.,chittorgarh,11,chittorgarh,1.00,chittorgarh,8.3,chittorgarh,3.37,chittorgarh,75.00,chittorgarh,78.75,chittorgarh,72.00,chittorgarh,78.75,chittorgarh,To meet Working Capital requirements | General Corporate Purpose,chittorgarh,12,chittorgarh,,,,,,,,,,,,,,,,,,,,,,,,,,,,,,,,,,,,,,,,,,,,,,,,,,,,,,
INE0KN801013,P.E.Analytics Ltd.,SME,PROPEQUITY,,2022-03-22,2022-03-25,2022-04-04,114.00,31.60,Bookbuilding,NSE SME,Sarthi Capital Advisors,2022,Choice Equity Broking Pvt.Ltd.,chittorgarh,15,chittorgarh,15,chittorgarh,46.9,chittorgarh,8.99,chittorgarh,170.00,chittorgarh,178.50,chittorgarh,161.50,chittorgarh,168.50,chittorgarh,Expenditure for Technological upgradation | Retail Initiative (B2C Expansion plan) | General Corporate purposes | Issue Expenses,chittorgarh,32,chittorgarh,,,,,,,,,,,,,,,,,,,,,,,,,,,,,,,,,,,,,,,,,,,,,,,,,,,,,,
INE0GGO01015,Empyrean Cashews Ltd.,SME,KRISHIVAL,544416,2022-03-21,2022-03-23,2022-03-31,37.00,19.41,Fixed Price,NSE SME,Systematix Corporate,2022,Systematix Shares & Stocks (India) Ltd.,chittorgarh,18,chittorgarh,1.00,chittorgarh,5.3,chittorgarh,,,42.00,chittorgarh,44.10,chittorgarh,40.70,chittorgarh,44.10,chittorgarh,Funding the working capital requirements of the Company | General corporate purposes,chittorgarh,19,chittorgarh,,,,,,,,,,,,,,,,,,,,50.0,44.0,28.0,3.0,4.0,3.0,1.0,1.0,1.0,0.39,0.57,0.4,18.0,20.0,20.0,9.0,11.0,13.0,33.0,32.0,36.0,-0.0,3.0,4.0,3.57,5.0,0.65,28.0,1.0,Mar 2021,3,,screener,,
INE0JVD01011,Evoq Remedies Ltd.,SME,,543500,2022-03-17,2022-03-22,2022-03-30,27.00,9.72,Fixed Price,BSE SME,Swastika Investmart,2022,Sunflower Broking Pvt.Ltd.,chittorgarh,9,chittorgarh,1.00,chittorgarh,10.0,chittorgarh,,,25.00,chittorgarh,25.00,chittorgarh,23.75,chittorgarh,23.75,chittorgarh,To Meet Incremental Working Capital Requirements | General Corporate Purpose,chittorgarh,10,chittorgarh,,,,,,,,,,,,,,,,,,,,,,,,,,,,,,,,,,,,,,,,,,,,,,,,,,,,,,
INE0K1401020,Achyut Healthcare Ltd.,SME,,543499,2022-03-17,2022-03-22,2022-03-30,20.00,3.60,Fixed Price,BSE SME,GYR Capital,2022,Giriraj Stock Broking Pvt.Ltd.,chittorgarh,3,chittorgarh,1.00,chittorgarh,25.0,chittorgarh,,,20.15,chittorgarh,21.15,chittorgarh,20.00,chittorgarh,21.15,chittorgarh,Funding purchase of machineries and equipment | General Corporate Purpose,chittorgarh,4,chittorgarh,,,,,,,,,,,,,,,,,,,,0.67,0.33,0.27,0.01,0.01,0.01,-0.01,0.01,0.01,-0.02,0.02,0.02,0.2,0.21,0.25,0.0,0.0,0.0,0.24,0.27,0.5,-0.03,-0.02,0.01,3.7,4.0,0.0,0.27,0.01,Mar 2021,3,,screener,,
INE0KNW01016,KN Agri Resources Ltd.,SME,KNAGRI,,2022-03-15,2022-03-17,2022-03-28,75.00,49.38,Bookbuilding,NSE SME,Hem Securities,2022,Hem Finlease Pvt.Ltd.,chittorgarh,47,chittorgarh,2.00,chittorgarh,4.1,chittorgarh,14.05,chittorgarh,153.65,chittorgarh,154.00,chittorgarh,146.00,chittorgarh,146.00,chittorgarh,To Meet Working Capital Requirement | General Corporate Purpose,chittorgarh,49,chittorgarh,,,,,,,,,,,,,,,,,,,,1285.0,850.0,1284.0,35.0,25.0,42.0,21.0,13.0,26.0,17258.06,10653.23,14.03,,,,,,,,,,55.0,37.0,14.0,2.02,,,1284.0,26.0,Mar 2021,3,,screener,,
INE0GMR01016,Swaraj Suiting Ltd.,SME,SWARAJ,,2022-03-15,2022-03-17,2022-03-28,56.00,10.68,Fixed Price,NSE SME,Finshore Management,2022,Nikunj Stock Brokers Ltd.,chittorgarh,10,chittorgarh,1.00,chittorgarh,9.1,chittorgarh,,,56.00,chittorgarh,56.00,chittorgarh,53.20,chittorgarh,53.20,chittorgarh,Working capital requirements for new project | Issue related expenses | General corporate purposes,chittorgarh,11,chittorgarh,,,,,,,,,,,,,,,,,,,,,,,,,,,,,,,,,,,,,,,,,,,,,,,,,,,,,,
INE0KQ001017,Bhatia Colour Chem Ltd.,SME,,543497,2022-03-14,2022-03-16,2022-03-24,80.00,40.00,Fixed Price,BSE SME,Interactive Financial,2022,NNM Securities Pvt.Ltd.,chittorgarh,38,chittorgarh,2.00,chittorgarh,5.0,chittorgarh,,,40.00,chittorgarh,42.00,chittorgarh,40.00,chittorgarh,42.00,chittorgarh,Acquire partnership firm M/s Polychem Exports | Working Capital | General Corporate Purposes,chittorgarh,40,chittorgarh,,,,,,,,,,,,,,,,,,,,,,,,,,,,,,,,,,,,,,,,,,,,,,,,,,,,,,
INE0HS001028,Cool Caps Industries Ltd.,SME,COOLCAPS,,2022-03-10,2022-03-15,2022-03-24,38.00,11.63,Bookbuilding,NSE SME,Holani Consultants,2022,Holani Consultants Pvt.Ltd.,chittorgarh,11,chittorgarh,1.00,chittorgarh,8.3,chittorgarh,,,35.90,chittorgarh,37.65,chittorgarh,34.15,chittorgarh,37.65,chittorgarh,Funding the working Capital Requirement of the Company | General corporate purposes,chittorgarh,12,chittorgarh,,,,,,,,,,,,,,,,,,,,,,,,,,,,,,,,,,,,,,,,,,,,,,,,,,,,,,
INE0JW501011,SP Refractories Ltd.,SME,SPRL,,2022-03-09,2022-03-11,2022-03-22,90.00,4.92,Fixed Price,NSE SME,Aryaman Financial,2022,Aryaman Capital Markets Ltd.,chittorgarh,2,chittorgarh,2,chittorgarh,40.0,chittorgarh,,,90.20,chittorgarh,91.00,chittorgarh,88.00,chittorgarh,90.10,chittorgarh,Funding Working Capital Requirement | General Corporate Purpose,chittorgarh,5,chittorgarh,,,,,,,,,,,,,,,,,,,,,,,,,,,,,,,,,,,,,,,,,,,,,,,,,,,,,,
INE03KJ01013,Shigan Quantum Technologies Ltd.,SME,SHIGAN,,2022-02-28,2022-03-03,2022-03-11,50.00,22.70,Fixed Price,NSE SME,Finshore Management,2022,Nikunj Stock Brokers Ltd.,chittorgarh,22,chittorgarh,1.00,chittorgarh,4.3,chittorgarh,,,61.00,chittorgarh,64.05,chittorgarh,58.20,chittorgarh,64.05,chittorgarh,To meet Working Capital requirements | To finance the purchase of Machinery | General Corporate Purpose,chittorgarh,23,chittorgarh,,,,,,,,,,,,,,,,,,,,,,,,,,,,,,,,,,,,,,,,,,,,,,,,,,,,,,
INE0KCM01010,Ekennis Software Service Ltd.,SME,,543475,2022-02-21,2022-02-24,2022-03-07,72.00,2.88,Fixed Price,BSE SME,Shreni Shares,2022,Shreni Shares Ltd.,chittorgarh,3,chittorgarh,0.00,chittorgarh,0.0,chittorgarh,,,80.00,chittorgarh,84.00,chittorgarh,80.00,chittorgarh,84.00,chittorgarh,Purchase of Plant and Machinery | Funding working capital requirements | General Corporate Purposes,chittorgarh,3,chittorgarh,,,,,,,,,,,,,,,,,,,,,,,,,,,,,,,,,,,,,,,,,,,,,,,,,,,,,,
INE0JR301013,Vaidya Sane Ayurved Laboratories Ltd.,SME,MADHAVBAUG,,2022-02-10,2022-02-15,2022-02-23,73.00,20.23,Fixed Price,NSE SME,First Overseas,2022,Bhh Securities Pvt.Ltd.,chittorgarh,19,chittorgarh,1.00,chittorgarh,5.0,chittorgarh,,,102.00,chittorgarh,107.10,chittorgarh,98.00,chittorgarh,105.40,chittorgarh,Expenses on Marketing and Branding | General Corporate Purposes | Issue Related Expenses,chittorgarh,20,chittorgarh,,,,,,,,,,,,,,,,,,,,,,,,,,,,,,,,,,,,,,,,,,,,,,,,,,,,,,
INE0J1P01015,Richa Info Systems Ltd.,SME,RICHA,,2022-02-09,2022-02-11,2022-02-21,125.00,10.00,Fixed Price,NSE SME,Swastika Investmart,2022,Sunflower Broking Pvt.Ltd.,chittorgarh,10,chittorgarh,0.00,chittorgarh,0.0,chittorgarh,,,125.00,chittorgarh,127.00,chittorgarh,118.75,chittorgarh,118.75,chittorgarh,To Meet Incremental Working Capital Requirements | General Corporate Purpose,chittorgarh,10,chittorgarh,,,,,,,,,,,,,,,,,,,,,,,,,,,,,,,,,,,,,,,,,,,,,,,,,,,,,,
INE0JSJ01014,Maruti Interior Products Ltd.,SME,,543464,2022-02-03,2022-02-08,2022-02-16,55.00,11.00,Fixed Price,BSE SME,ISK Advisors,2022,Sunflower Broking Pvt.Ltd.,chittorgarh,10,chittorgarh,1.00,chittorgarh,9.1,chittorgarh,,,68.50,chittorgarh,71.90,chittorgarh,68.50,chittorgarh,71.90,chittorgarh,To set up fully automatic Nickel/ Chrome Plating Plant and Powder Coating Plant including shed | Working Capital Requirement | General Corporate Purpose,chittorgarh,11,chittorgarh,,,,,,,,,,,,,,,,,,,,,,,,,,,,,,,,,,,,,,,,,,,,,,,,,,,,,,
INE0JNA01014,Safa Systems & Technologies Ltd.,SME,,543461,2022-01-28,2022-02-01,2022-02-09,10.00,4.00,Fixed Price,BSE SME,Finshore Management,2022,Nikunj Stock Brokers Ltd.,chittorgarh,4,chittorgarh,0.00,chittorgarh,0.0,chittorgarh,,,16.55,chittorgarh,17.37,chittorgarh,15.73,chittorgarh,15.73,chittorgarh,To Meet working capital requirement | Public issue expenses | General corporate purpose,chittorgarh,4,chittorgarh,,,,,,,,,,,,,,,,,,,,,,,,,,,,,,,,,,,,,,,,,,,,,,,,,,,,,,
INE0KAF01018,Quality RO Industries Ltd.,SME,,543460,2022-01-27,2022-02-01,2022-02-09,51.00,2.70,Fixed Price,BSE SME,Shreni Shares,2022,Shreni Shares Ltd.,chittorgarh,3,chittorgarh,0.00,chittorgarh,0.0,chittorgarh,,,52.25,chittorgarh,54.40,chittorgarh,52.05,chittorgarh,53.70,chittorgarh,To Meet the Capital Expenditure Requirements | To Meet the Incremental Working Capital Requirements | General Corporate Expenses | Public Issue Expenses,chittorgarh,3,chittorgarh,,,,,,,,,,,,,,,,,,,,,,,,,,,,,,,,,,,,,,,,,,,,,,,,,,,,,,
INE0HKW01018,Precision Metaliks Ltd.,SME,PRECISION,,2022-01-19,2022-01-24,2022-02-01,51.00,21.93,Fixed Price,NSE SME,First Overseas,2022,NNM Securities Pvt.Ltd.,chittorgarh,21,chittorgarh,1.00,chittorgarh,4.5,chittorgarh,,,75.00,chittorgarh,75.00,chittorgarh,71.25,chittorgarh,71.25,chittorgarh,Meeting additional Working Capital Requirements | General Corporate Purpose,chittorgarh,22,chittorgarh,,,,,,,,,,,,,,,,,,,,,,,,,,,,,,,,,,,,,,,,,,,,,,,,,,,,,,
INE0KA601012,Alkosign Ltd.,SME,,543453,2022-01-18,2022-01-21,2022-02-01,45.00,12.15,Fixed Price,BSE SME,Shreni Shares,2022,Shreni Shares Ltd.,chittorgarh,12,chittorgarh,0.00,chittorgarh,0.0,chittorgarh,,,45.25,chittorgarh,46.75,chittorgarh,45.25,chittorgarh,45.25,chittorgarh,Prepayment/repayment of certain secured borrowings availed by the Company | Funding working capital requirements | General corporate purposes,chittorgarh,12,chittorgarh,,,,,,,,,,,,,,,,,,,,,,,,,,,,,,,,,,,,,,,,,,,,,,,,,,,,,,
INE0Q2V01012,Kaushalya Logistics Ltd.,SME,KLL,,2023-12-29,2024-01-03,2024-01-08,75.00,36.60,Bookbuilding,NSE SME,Khandwala Securities,2023,Nikunj Stock Brokers Ltd.,chittorgarh,24,chittorgarh,11,chittorgarh,29.7,chittorgarh,10.01,chittorgarh,100.00,chittorgarh,105.00,chittorgarh,100.00,chittorgarh,105.00,chittorgarh,Repayment of Unsecured Loans | Funding of working capital requirements of the Company | General Corporate Purposes,chittorgarh,37,chittorgarh,92.6,847.9,375.4,390.9,1694.95,4654.86,4809.39,14306.21,40.0,100,48.07,71,True,1600,120000,11.7,12,1227,6.4,625,1466,1227,14,20,25,7,9,12,4.7,4.9,6.4,19,49,60,32,43,43,141,171,254,4,-27,-17,1.12,36.84,1.68,625,7,Mar 2023,1,sharescart,sharescart,ipowatch,sharescart
INE0RCG01017,Kay Cee Energy & Infra Ltd.,SME,KCEIL,,2023-12-28,2024-01-02,2024-01-05,54.00,15.93,Bookbuilding,NSE SME,GYR Capital,2023,Giriraj Stock Broking Pvt.Ltd.,chittorgarh,15,chittorgarh,1.00,chittorgarh,6.2,chittorgarh,4.32,chittorgarh,252.00,chittorgarh,264.60,chittorgarh,239.40,chittorgarh,239.40,chittorgarh,Funding working capital requirements of the Company | General corporate purpose,chittorgarh,16,chittorgarh,127.7,1669,1311.1,1052.5,1017.21,3988.00,7310.04,16765.53,166.67,100,54.35,51,True,2000,108000,3.5,17,153,15.6,,,153,,,28,,,17,,,15.6,,,62,,,17,,,173,,,-75,,,,,,,0,sharescart,sharescart,investorgain,sharescart
INE0RNZ01014,Shri Balaji Valve Components Ltd.,SME,,544074,2023-12-27,2023-12-29,2024-01-03,100.00,21.60,Bookbuilding,BSE SME,Hem Securities,2023,Hem Finlease Pvt.Ltd.,chittorgarh,20,chittorgarh,2.00,chittorgarh,9.1,chittorgarh,6.13,chittorgarh,190.00,chittorgarh,199.50,chittorgarh,190.00,chittorgarh,199.50,chittorgarh,Funding Capital Expenditure towards installation of additional plant and machinery. | To meet working capital requirements | General Corporate Purpose | Total,chittorgarh,22,chittorgarh,70,799.7,170,276.4,756.43,2591.03,1284.82,5971.10,51.0,100,59.22,95,True,1200,120000,12.5,7,81,8,62,83,81,12,15,14,6,8,7,10.8,10.2,8,8,38,44,17,20,19,50,84,78,6,-5,21,9.68,75.00,2.12,62,6,Mar 2023,1,sharescart,sharescart,investorgain,sharescart
INE0A6N01026,Manoj Ceramic Ltd.,SME,,544073,2023-12-27,2023-12-29,2024-01-03,62.00,14.47,Fixed Price,BSE SME,Swaraj Shares,2023,Shreni Shares Ltd.,chittorgarh,14,chittorgarh,0.00,chittorgarh,0.0,chittorgarh,,,82.00,chittorgarh,84.00,chittorgarh,77.90,chittorgarh,77.90,chittorgarh,Working Capital Requirements | General Corporate Purpose,chittorgarh,14,chittorgarh,0,7.3,10.7,9,0.00,52.67,77.64,130.24,9.68,100,52.94,62,False,2000,124000,5.2,11,164,11.9,74,96,164,10,15,23,4,5,11,6.1,6.4,9.6,13,31,107,24,27,29,79,105,190,-10,-13,-40,5.41,30.77,1.85,74,4,Mar 2023,1,sharescart,sharescart,investorgain,sharescart
INE0R3501012,HRH Next Services Ltd.,SME,HRHNEXT,,2023-12-27,2023-12-29,2024-01-03,36.00,9.57,Fixed Price,NSE SME,Finshore Management,2023,Nikunj Stock Brokers Ltd.,chittorgarh,9,chittorgarh,1.00,chittorgarh,10.0,chittorgarh,,,41.00,chittorgarh,43.05,chittorgarh,40.00,chittorgarh,43.05,chittorgarh,Expansion of our Services by launching 2 (two) Call Centres | Capital Expenditure towards purchase of Computer Systems | Working capital requirements | General corporate expenses | Issue related expenses,chittorgarh,10,chittorgarh,0,66.9,63.6,66.3,0.00,320.12,304.34,634.32,22.22,72.97,35.38,36,False,3000,108000,12.9,3,58,2.8,51,45,58,7,7,9,3,2,3,4.5,2,2.4,10,21,37,1,4,3,29,38,55,3,-4,-1,5.88,30.00,0.10,51,3,Mar 2023,1,sharescart,sharescart,ipowatch,sharescart
INE0PCY01014,Akanksha Power & Infrastructure Ltd.,SME,AKANKSHA,,2023-12-27,2023-12-29,2024-01-03,55.00,27.49,Bookbuilding,NSE SME,Narnolia Financial,2023,Nikunj Stock Brokers Ltd. SS Corporate Securities Ltd.,chittorgarh,26,chittorgarh,1.00,chittorgarh,3.7,chittorgarh,7.80,chittorgarh,62.00,chittorgarh,65.10,chittorgarh,62.00,chittorgarh,65.10,chittorgarh,Capital Expenditure | Working Capital Requirement | General Corporate Purposes | Issue Expenses,chittorgarh,27,chittorgarh,38.5,238.6,110.4,117.4,529.30,983.83,1062.56,3226.93,18.18,97.81,54.97,52,True,2000,110000,23.9,4,79,2.3,46,57,79,6,7,10,3,3,4,2.2,1.5,2.2,16,45,66,1,1,1,48,78,116,4,-23,-0,6.52,18.75,0.06,46,3,Mar 2023,1,sharescart,sharescart,investorgain,sharescart
INE0QFT01015,AIK Pipes & Polymers Ltd.,SME,,544072,2023-12-26,2023-12-28,2024-01-02,89.00,15.02,Fixed Price,BSE SME,Shreni Shares,2023,Shreni Shares Ltd.,chittorgarh,14,chittorgarh,1.00,chittorgarh,6.7,chittorgarh,,,100.00,chittorgarh,105.00,chittorgarh,100.00,chittorgarh,105.00,chittorgarh,To Meet the Capital Expenditure | To Meet Working Capital Requirement | General Corporate Expense,chittorgarh,15,chittorgarh,0,52.2,30.9,43.6,0.00,391.88,232.33,654.56,5.62,100,74.99,89,False,1600,142400,44.5,1,25,2,30,37,25,3,5,3,2,3,1,3.9,5.4,2,6,22,23,1,1,1,15,32,32,-1,-5,0,6.67,33.33,0.17,30,2,Mar 2023,1,sharescart,sharescart,investorgain,sharescart
INE0PZA01015,Sameera Agro & Infra Ltd.,SME,SAIFL,,2023-12-21,2023-12-27,2024-01-01,180.00,62.64,Fixed Price,NSE SME,First Overseas,2023,Svcm Securities Pvt.Ltd.,chittorgarh,59,chittorgarh,4.00,chittorgarh,6.3,chittorgarh,,,180.00,chittorgarh,185.00,chittorgarh,171.00,chittorgarh,171.00,chittorgarh,Construction of Ongoing Project | Construction of new Multiplex | To meet the existing Working Capital requirement for the agro business | General Corporate Expenses,chittorgarh,63,chittorgarh,0,1.7,4.1,2.9,0.00,53.24,129.66,182.91,,40.44,28.23,180,False,800,144000,17.3,12,236,10.4,,182,236,,15,21,,11,12,,1.8,2.1,,92,121,,2,1,,111,164,,0,26,,,,,,,0,sharescart,sharescart,,sharescart
INE0QD201012,Trident Techlabs Ltd.,SME,TECHLABS,,2023-12-21,2023-12-26,2023-12-29,35.00,16.03,Bookbuilding,NSE SME,GYR Capital,2023,Giriraj Stock Broking Pvt.Ltd.,chittorgarh,15,chittorgarh,1.00,chittorgarh,6.2,chittorgarh,4.21,chittorgarh,98.15,chittorgarh,103.05,chittorgarh,93.25,chittorgarh,103.05,chittorgarh,Funding the working capital requirements of the Company | General corporate purposes,chittorgarh,16,chittorgarh,117.9,854.4,1059.4,763.3,945.05,2054.33,5943.93,12235.70,71.43,70.99,51.19,33,True,4000,140000,5.2,12,77,6.7,,73,77,,16,20,,9,12,,5.4,6.7,,47,58,,13,8,,98,91,,-17,15,,,,,,,0,sharescart,sharescart,ipowatch,sharescart
INE0QHG01026,Supreme Power Equipment Ltd.,SME,SUPREMEPWR,,2023-12-21,2023-12-26,2023-12-29,65.00,46.67,Bookbuilding,NSE SME,Narnolia Financial,2023,Share India Securities Ltd.,chittorgarh,41,chittorgarh,6.00,chittorgarh,12.8,chittorgarh,12.16,chittorgarh,98.00,chittorgarh,102.90,chittorgarh,95.00,chittorgarh,102.90,chittorgarh,Capital Expenditure | Working Capital Requirement | General Corporate Purposes | Issue Expenses,chittorgarh,47,chittorgarh,89,489.1,264.5,262.6,2076.35,3423.94,4320.15,12255.54,46.15,91.95,40,61,True,2000,130000,8.8,19,149,7.4,100,113,149,18,23,29,11,14,19,6.1,5.6,7.4,18,74,92,5,4,9,69,121,158,5,-11,39,11.00,61.11,0.28,100,11,Mar 2023,1,sharescart,sharescart,investorgain,sharescart
INE0PS301014,Indifra Ltd.,SME,INDIFRA,,2023-12-21,2023-12-26,2023-12-29,65.00,14.04,Fixed Price,NSE SME,Beeline Capital,2023,Spread X Securities Pvt.Ltd.,chittorgarh,13,chittorgarh,1.00,chittorgarh,7.1,chittorgarh,,,72.00,chittorgarh,73.00,chittorgarh,68.40,chittorgarh,68.40,chittorgarh,To Meet Working Capital Requirements | For General Corporate Purpose and Funding investments for acquisitions | Public Issue Expenses,chittorgarh,14,chittorgarh,0,2.3,12.1,7.2,0.00,16.43,84.73,101.23,,77.51,47.26,65,False,2000,130000,,0,12,0,10,10,12,1,-1,0,1,-1,0,5.8,-1.6,0,2,18,18,0,0,0,3,18,19,-2,-6,1,10.00,50.00,0.00,10,1,Mar 2023,1,sharescart,sharescart,,sharescart
INE0QZQ01019,Shanti Spintex Ltd.,SME,,544059,2023-12-19,2023-12-21,2023-12-27,70.00,31.25,Bookbuilding,BSE SME,Hem Securities,2023,Hem Finlease Pvt.Ltd.,chittorgarh,17,chittorgarh,12,chittorgarh,38.7,chittorgarh,8.90,chittorgarh,76.00,chittorgarh,79.80,chittorgarh,76.00,chittorgarh,79.80,chittorgarh,To meet Working Capital requirements | General Corporate Purpose,chittorgarh,31,chittorgarh,14.34,57.28,22.01,27.38,,,,,7.14,,,,,,,,,,,,,,,,,,,,,,,,,,,,,,,,,,,,,,,,,,ipowatch,,ipowatch,
INE0Q1W01012,Electro Force (India) Ltd.,SME,EFORCE,,2023-12-19,2023-12-21,2023-12-27,93.00,80.68,Fixed Price,NSE SME,First Overseas,2023,Arham Shares Pvt.Ltd.,chittorgarh,52,chittorgarh,25,chittorgarh,30.9,chittorgarh,,,100.00,chittorgarh,105.00,chittorgarh,95.10,chittorgarh,105.00,chittorgarh,Funding additional working capital requirements of the Company | Pursuing Inorganic Growth | General corporate purposes,chittorgarh,81,chittorgarh,0,2.1,6.4,4.3,0.00,85.52,259.78,345.29,5.38,64.06,35.44,93,False,1200,111600,155,1,52,0.6,30,36,52,12,9,2,8,6,1,1.3,2.5,0.5,18,70,71,0,0,0,72,85,76,-0,-45,17,26.67,44.44,0.00,30,8,Mar 2023,1,sharescart,sharescart,ipowatch,sharescart
INE0PSJ01011,Sahara Maritime Ltd.,SME,,544056,2023-12-18,2023-12-20,2023-12-26,81.00,6.88,Fixed Price,BSE SME,Swaraj Shares,2023,Shreni Shares Ltd.,chittorgarh,7,chittorgarh,0.00,chittorgarh,0.0,chittorgarh,,,81.00,chittorgarh,85.05,chittorgarh,77.40,chittorgarh,81.16,chittorgarh,Funding of capital expenditure requirements of our Company towards purchase of: (i) commercial vehicles; and (ii) Office Equipment’s | Working capital requirements | General Corporate Purposes,chittorgarh,7,chittorgarh,0,9,36.4,22.7,0.00,30.90,125.08,156.01,,54.27,25.3,81,False,1600,129600,101.3,0,25,0.8,26,13,25,2,4,2,1,1,0,5.2,2.5,0.8,5,12,12,1,1,1,10,14,14,1,-1,-3,3.85,20.00,0.20,26,1,Mar 2023,1,sharescart,sharescart,,sharescart
INE0Q2Z01013,Benchmark Computer Solutions Ltd.,SME,,544052,2023-12-14,2023-12-18,2023-12-21,66.00,12.24,Fixed Price,BSE SME,Beeline Capital,2023,Spread X Securities Pvt.Ltd.,chittorgarh,12,chittorgarh,0.00,chittorgarh,0.0,chittorgarh,,,80.00,chittorgarh,81.00,chittorgarh,76.00,chittorgarh,77.12,chittorgarh,Capital Expenditure | Working Capital Requirement | General Corporate Purpose,chittorgarh,12,chittorgarh,0,357.9,590.3,484.5,0.00,2189.64,3611.33,5928.41,22.73,38.03,37.31,66,False,2000,132000,26.4,2,43,2.5,32,35,43,4,5,5,2,2,2,3.9,3.2,2.5,13,25,27,3,3,2,24,42,42,4,8,-4,6.25,15.38,0.23,32,2,Mar 2023,1,sharescart,sharescart,investorgain,sharescart
INE0QSK01017,Siyaram Recycling Industries Ltd.,SME,,544047,2023-12-14,2023-12-18,2023-12-21,46.00,22.96,Bookbuilding,BSE SME,Hem Securities,2023,Hem Finlease Pvt.Ltd.,chittorgarh,22,chittorgarh,1.00,chittorgarh,4.3,chittorgarh,6.54,chittorgarh,55.00,chittorgarh,57.75,chittorgarh,55.00,chittorgarh,57.75,chittorgarh,Repayment of a portion of certain borrowing availed by the Company | General Corporate Purposes,chittorgarh,23,chittorgarh,96.4,597.7,459.1,385.2,1107.17,4803.95,1581.40,8845.20,78.26,100,,43,True,3000,138000,6.9,15,512,6.7,493,413,512,17,18,29,7,8,15,5.2,4,6.7,46,77,127,4,2,7,151,170,283,-35,-4,-43,1.42,15.22,0.09,493,7,Mar 2023,1,sharescart,sharescart,investorgain,
INE02S501018,Shree OSFM E-Mobility Ltd.,SME,SHREEOSFM,,2023-12-14,2023-12-18,2023-12-21,65.00,24.60,Fixed Price,NSE SME,First Overseas,2023,Bhh Securities Pvt.Ltd.,chittorgarh,23,chittorgarh,2.00,chittorgarh,8.0,chittorgarh,,,65.00,chittorgarh,68.25,chittorgarh,63.00,chittorgarh,68.25,chittorgarh,Funding additional Working capital requirements | Purchase of Passenger Vehicles | General Corporate Purposes,chittorgarh,25,chittorgarh,0,6.8,9.3,8.5,0.00,83.87,114.37,209.56,15.38,100,75.44,65,False,2000,130000,9.4,10,138,6.9,82,118,138,8,14,20,3,8,10,2.8,5.7,6.7,20,53,77,3,11,11,41,82,110,-1,4,16,3.66,15.00,0.15,82,3,Mar 2023,1,sharescart,sharescart,ipowatch,sharescart
INE0F3301020,S J Logistics (India) Ltd.,SME,SJLOGISTIC,,2023-12-12,2023-12-14,2023-12-19,125.00,48.00,Bookbuilding,NSE SME,Hem Securities,2023,Hem Finlease Pvt.Ltd.,chittorgarh,46,chittorgarh,2.00,chittorgarh,4.2,chittorgarh,13.65,chittorgarh,175.00,chittorgarh,183.75,chittorgarh,166.25,chittorgarh,183.75,chittorgarh,"Repayment and/or pre-payment, in full or part, of certain borrowings availed by the Company | To meet working capital requirements; | General Corporate Purpose",chittorgarh,48,chittorgarh,116.2,489.5,356.3,316.3,2787.84,8222.76,2565.58,15180.48,86.4,100,51.73,121,True,1000,125000,3.5,52,502,35.8,149,271,502,14,32,76,8,23,52,9.3,15.6,34.4,31,112,217,27,7,45,81,151,298,-6,-39,-52,5.37,25.81,0.87,149,8,Mar 2023,1,sharescart,sharescart,investorgain,sharescart
INE0R1601012,Presstonic Engineering Ltd.,SME,PRESSTONIC,,2023-12-11,2023-12-13,2023-12-18,72.00,23.30,Fixed Price,NSE SME,Finshore Management,2023,Nikunj Stock Brokers Ltd.,chittorgarh,22,chittorgarh,1.00,chittorgarh,4.3,chittorgarh,,,140.00,chittorgarh,147.00,chittorgarh,133.00,chittorgarh,147.00,chittorgarh,Funding Capital Expenditure towards purchase of additional plant and machinery | Prepayment in full of certain borrowings availed by the Company | Working Capital Requirements | General Corporate Expenses | Total,chittorgarh,23,chittorgarh,0,133.6,188.9,168.3,0.00,1556.31,2201.62,3921.06,20.83,99.97,57.99,72,False,1600,115200,65.5,1,21,1.1,21,26,21,7,7,5,2,3,1,5.4,3.3,1.1,5,25,26,4,2,4,28,41,47,6,-1,-3,9.52,40.00,0.80,21,2,Mar 2023,1,sharescart,sharescart,ipowatch,sharescart
INE0Q5D01013,Accent Microcell Ltd.,SME,ACCENTMIC,,2023-12-08,2023-12-12,2023-12-15,140.00,78.40,Bookbuilding,NSE SME,Corporate Capitalventures,2023,Prabhat Financial Services Ltd.,chittorgarh,74,chittorgarh,4.00,chittorgarh,5.1,chittorgarh,22.34,chittorgarh,300.00,chittorgarh,315.00,chittorgarh,285.00,chittorgarh,315.00,chittorgarh,"To Set up plant at Navagam Kheda for manufacturing Croscarmellose Sodium (“CCS”), Sodium Starch Glycolate and Carboxymethylcellulose (CMC); and | General Corporate Expenses",chittorgarh,78,chittorgarh,118.5,576.7,410,362.4,4644.42,15824.65,4821.01,28412.94,71.43,73.13,53.67,133,True,1000,140000,8.9,33,265,15.7,197,245,265,21,43,48,12,30,33,9.5,14.3,15.7,50,164,195,5,1,1,113,213,250,8,11,25,6.09,24.00,0.10,197,12,Mar 2023,1,sharescart,sharescart,ipowatch,sharescart
INE04VX01019,Sheetal Universal Ltd.,SME,SHEETAL,,2023-12-04,2023-12-06,2023-12-11,70.00,23.80,Fixed Price,NSE SME,Beeline Capital,2023,Spread X Securities Pvt.Ltd.,chittorgarh,23,chittorgarh,1.00,chittorgarh,4.2,chittorgarh,,,75.00,chittorgarh,78.75,chittorgarh,75.00,chittorgarh,75.40,chittorgarh,Funding capital expenditure | Working Capital Requirement | General Corporate Purpose,chittorgarh,24,chittorgarh,0,212.6,129.7,179.2,0.00,2529.34,1543.79,4264.96,10.0,95,,70,False,2000,140000,8.6,9,106,8.1,129,132,106,4,5,16,2,2,9,2.8,1.8,8.1,7,35,44,5,4,5,28,51,72,-3,-27,10,1.55,28.57,0.71,129,2,Mar 2023,1,sharescart,sharescart,ipowatch,
INE0POU01017,Graphisads Ltd.,SME,GRAPHISAD,,2023-11-30,2023-12-05,2023-12-13,111.00,53.41,Fixed Price,NSE SME,First Overseas,2023,Rikhav Securities Ltd.,chittorgarh,51,chittorgarh,2.00,chittorgarh,3.8,chittorgarh,,,111.50,chittorgarh,112.00,chittorgarh,105.95,chittorgarh,105.95,chittorgarh,Repayment of certain borrowings; | To meet the Working Capital requirements; | General Corporate Expenses,chittorgarh,53,chittorgarh,0,2,5.5,3.9,0.00,53.68,147.42,206.17,,99.99,73.66,111,False,1200,133200,24.1,8,154,4.6,98,113,154,12,12,12,6,4,8,4.1,2,4.6,43,100,102,16,6,6,110,158,182,6,-27,7,6.12,13.95,0.37,98,6,Mar 2023,1,sharescart,sharescart,,sharescart
INE0P1P01017,Marinetrans India Ltd.,SME,MARINETRAN,,2023-11-30,2023-12-05,2023-12-08,26.00,10.92,Fixed Price,NSE SME,Swaraj Shares,2023,NNM Securities Pvt.Ltd.,chittorgarh,10,chittorgarh,1.00,chittorgarh,9.1,chittorgarh,,,30.00,chittorgarh,31.50,chittorgarh,28.50,chittorgarh,31.00,chittorgarh,Funding of working capital requirements of the Company | General Corporate Expenses,chittorgarh,11,chittorgarh,0,18.1,47.2,33,0.00,98.55,257.93,360.36,11.54,100,,26,False,4000,104000,65,0,158,0.4,150,106,158,3,2,2,2,1,0,1.8,0.4,0.4,16,25,26,0,0,0,26,45,41,-1,-8,-1,1.33,12.50,0.00,150,2,Mar 2023,1,sharescart,sharescart,ipowatch,
INE518X01015,Net Avenue Technologies Ltd.,SME,CBAZAAR,,2023-11-30,2023-12-04,2023-12-08,18.00,10.25,Bookbuilding,NSE SME,Shreni Shares,2023,Shreni Shares Ltd.,chittorgarh,10,chittorgarh,0.00,chittorgarh,0.0,chittorgarh,2.91,chittorgarh,42.00,chittorgarh,42.00,chittorgarh,39.90,chittorgarh,39.90,chittorgarh,Customer Acquisition - Marketing & Awareness | Funding Working Capital Requirement | General Corporate Purpose,chittorgarh,10,chittorgarh,62,616.3,721.9,511.2,317.79,947.74,2590.49,5241.33,16.67,45.31,33.28,16,True,8000,144000,-9.5,-4,27,-1.9,33,27,27,3,-2,-4,2,-2,-4,2.1,-0.7,-1.9,2,10,6,0,0,0,14,19,13,-3,-1,-0,6.06,100.00,0.00,33,2,Mar 2023,1,sharescart,sharescart,ipowatch,sharescart
INE0RDM01013,Deepak Chemtex Ltd.,SME,,544036,2023-11-29,2023-12-01,2023-12-06,80.00,23.04,Bookbuilding,BSE SME,Hem Securities,2023,Hem Finlease Pvt.Ltd.,chittorgarh,22,chittorgarh,1.00,chittorgarh,4.3,chittorgarh,6.54,chittorgarh,152.00,chittorgarh,159.60,chittorgarh,152.00,chittorgarh,159.60,chittorgarh,Funding capital expenditure towards installation of plant & machinery in the existing premises | Investment in the subsidiary DCPL Speciality Chemicals Private Limited for financing its capital expenditure towards installation of plant and machinery | Funding to meet working capital requirements | General Corporate Purpose.,chittorgarh,23,chittorgarh,96.8,642.3,475.4,403,1115.14,5179.10,1642.84,9285.81,15.0,100,69.48,76,True,1600,128000,7,13,79,11.5,47,49,79,9,9,19,6,6,13,7.9,5.5,11.5,16,42,55,0,0,1,24,51,70,3,-16,-3,12.77,37.50,0.00,47,6,Mar 2023,1,sharescart,sharescart,ipowatch,sharescart
INE0P9J01013,AMIC Forging Ltd.,SME,,544037,2023-11-29,2023-12-01,2023-12-06,126.00,34.80,Bookbuilding,BSE SME,Gretex Corporate,2023,Gretex Share Broking Pvt.Ltd.,chittorgarh,33,chittorgarh,2.00,chittorgarh,5.7,chittorgarh,9.90,chittorgarh,239.40,chittorgarh,251.35,chittorgarh,239.40,chittorgarh,251.35,chittorgarh,Setting up of Manufacturing facility | Working Capital Requirements | General Corporate Purposes | Total,chittorgarh,35,chittorgarh,91.4,589.3,273,289.1,1590.94,3076.10,3325.38,10059.29,9.52,100,60.25,121,True,1000,126000,3.7,36,121,33.9,116,126,121,15,20,49,10,14,36,12.5,13.2,33.9,20,65,124,4,3,0,62,92,153,18,-8,6,8.62,50.00,0.20,116,10,Mar 2023,1,sharescart,sharescart,ipowatch,sharescart
INE0RDR01012,Swashthik Plascon Ltd.,SME,,544035,2023-11-24,2023-11-29,2023-12-05,86.00,40.76,Bookbuilding,BSE SME,Shreni Shares,2023,Nikunj Stock Brokers Ltd.,chittorgarh,39,chittorgarh,2.00,chittorgarh,4.9,chittorgarh,11.60,chittorgarh,120.10,chittorgarh,126.10,chittorgarh,115.25,chittorgarh,126.10,chittorgarh,Funding capital expenditure for developing new manufacturing facilities and installation of Plant and Machinery | Funding of capital expenditure requirements of our Company towards Set up of Solar Power Plant; | Purchase of Plant and Machinery at our existing Manufacturing facility; | Funding Working Capital Requirements of our Company; | General corporate purposes,chittorgarh,41,chittorgarh,3.4,35.8,13.6,15.4,69.69,218.62,193.72,628.88,8.14,60,43.81,80,True,1600,137600,23.9,7,144,3.6,46,126,144,6,19,21,3,8,7,2.4,4.3,3.6,20,64,85,30,53,85,111,149,200,4,-10,-19,6.52,15.00,1.50,46,3,Mar 2023,1,sharescart,sharescart,ipowatch,sharescart
INE0PTR01012,Rockingdeals Circular Economy Ltd.,SME,ROCKINGDCE,,2023-11-22,2023-11-24,2023-11-30,140.00,21.00,Bookbuilding,NSE SME,Corporate Capitalventures,2023,SS Corporate Securities Ltd.,chittorgarh,20,chittorgarh,1.00,chittorgarh,4.8,chittorgarh,5.88,chittorgarh,300.00,chittorgarh,315.00,chittorgarh,300.00,chittorgarh,315.00,chittorgarh,"To meet the working capital requirements of the company | Brand Positioning, Marketing and Advertisement | General Corporate Purposes",chittorgarh,21,chittorgarh,47.4,458.6,201.4,213.6,497.49,3370.71,634.47,4486.44,64.29,88.45,65,136,True,1000,140000,14.9,5,55,9.4,,50,55,,8,11,,5,5,,9.2,9.4,,35,40,,0,0,,40,54,,-15,3,,,,,,,0,sharescart,sharescart,investorgain,sharescart
INE0PP401015,Arrowhead Seperation Engineering Ltd.,SME,,544025,2023-11-16,2023-11-20,2023-11-28,233.00,13.00,Fixed Price,BSE SME,Aryaman Financial,2023,Aryaman Capital Markets Ltd.,chittorgarh,12,chittorgarh,1.00,chittorgarh,7.7,chittorgarh,,,250.00,chittorgarh,255.00,chittorgarh,237.50,chittorgarh,237.50,chittorgarh,Repayment of Loan from NBFC’s; | Funding Working capital requirements | General Corporate Purpose,chittorgarh,13,chittorgarh,,,,,,,,,10.73,,,,,,,,,,,,,,,,,,,,,,,,,,,,,,,,,,,,,,,,,,,,investorgain,
INE0N6U01018,Kalyani Cast Tech Ltd.,SME,,544023,2023-11-08,2023-11-10,2023-11-17,139.00,30.11,Bookbuilding,BSE SME,Gretex Corporate,2023,Gretex Share Broking Pvt.Ltd.,chittorgarh,25,chittorgarh,5.00,chittorgarh,16.7,chittorgarh,7.51,chittorgarh,264.10,chittorgarh,277.30,chittorgarh,264.10,chittorgarh,277.30,chittorgarh,Working Capital Requirements | General Corporate Purposes,chittorgarh,30,chittorgarh,66.4,439.2,191,208.6,998.81,4628.11,862.35,6280.10,25.18,100,69.83,137,True,1000,139000,7,14,139,19.9,63,94,139,12,14,20,8,10,14,16.1,13.4,19.9,14,50,65,2,0,0,24,65,75,4,-9,8,12.70,57.14,0.14,63,8,Mar 2023,1,sharescart,sharescart,ipowatch,sharescart
INE0PLZ01012,Sunrest Lifescience Ltd.,SME,SUNREST,,2023-11-07,2023-11-09,2023-11-20,84.00,10.85,Fixed Price,NSE SME,Mark Corporate,2023,Svcm Securities Pvt.Ltd.,chittorgarh,10,chittorgarh,1.00,chittorgarh,9.1,chittorgarh,,,84.00,chittorgarh,84.00,chittorgarh,79.80,chittorgarh,79.80,chittorgarh,Meeting Working Capital Requirements | General Corporate Purpose,chittorgarh,11,chittorgarh,0,29.2,65.7,48.5,0.00,158.19,356.51,526.47,9.52,100,78.96,84,False,1600,134400,17.9,2,33,4.7,,,33,,,3,,,2,,,4.7,,,16,,,6,,,58,,,3,,,,,,,0,sharescart,sharescart,ipowatch,sharescart
INE0PDJ01013,ROX Hi-Tech Ltd.,SME,ROXHITECH,,2023-11-07,2023-11-09,2023-11-16,83.00,54.49,Bookbuilding,NSE SME,Swaraj Shares,2023,Share India Securities Ltd.,chittorgarh,43,chittorgarh,5,chittorgarh,9.3,chittorgarh,13.08,chittorgarh,135.00,chittorgarh,141.75,chittorgarh,135.00,chittorgarh,141.75,chittorgarh,Funding for Capital Expenditure | Funding our working capital requirements | General Corporate Expenses,chittorgarh,54,chittorgarh,0,0,0,214.4,0.00,0.00,0.00,11684.37,90.36,83.29,,80,True,1600,132800,9.5,20,187,8.7,,,187,,,32,,,20,,,8.7,,,110,,,5,,,206,,,-34,,,,,,,0,sharescart,sharescart,investorgain,
INE0PZK01014,Micropro Software Solutions Ltd.,SME,MICROPRO,,2023-11-03,2023-11-07,2023-11-10,81.00,30.70,Fixed Price,NSE SME,Swaraj Shares,2023,Nikunj Stock Brokers Ltd.,chittorgarh,29,chittorgarh,2.00,chittorgarh,6.5,chittorgarh,,,80.00,chittorgarh,80.80,chittorgarh,76.00,chittorgarh,76.00,chittorgarh,Working capital requirements | Funding capital expenditure requirements | General corporate expenses,chittorgarh,31,chittorgarh,,22.6,49.07,36.87,,,,,37.04,,,,,,,,,,,,,,,,,,,,,,,,,,,,,,,,,,,,,,,,,,ipowatch,,ipowatch,
INE0QW501012,Baba Food Processing (India) Ltd.,SME,BABAFP,,2023-11-03,2023-11-07,2023-11-15,76.00,32.88,Bookbuilding,NSE SME,Horizon Management,2023,Nikunj Stock Brokers Ltd.,chittorgarh,31,chittorgarh,2.00,chittorgarh,6.1,chittorgarh,,,76.00,chittorgarh,76.00,chittorgarh,72.20,chittorgarh,72.20,chittorgarh,"Investment in PFPL for setting up a manufacturing unit in Patna, Bihar, comprising an ultra-modern highly automated roller flour mill and chakki whole wheat atta mill | Funding purchase of machinery for manufacturing Chickpea Flour (Besan) and Roasted Gram Flour (Sattu) in our existing manufacturing unit in Ranchi | Funding working capital requirements of our Company | Prepayment or repayment of all or a portion of certain outstanding unsecured borrowings availed by our Company | General corporate purposes",chittorgarh,33,chittorgarh,147,84.7,60.8,69.4,97.03,1929.30,582.05,2291.52,13.16,99.99,,72,True,1600,121600,29.2,4,206,2.6,190,184,206,11,12,9,5,6,4,4.2,3.8,2.6,25,59,63,12,9,40,68,90,126,6,16,0,2.63,20.00,0.48,190,5,Mar 2023,1,sharescart,sharescart,investorgain,
INE0PUC01020,SAR Televenture Ltd.,SME,SARTELE,,2023-11-01,2023-11-03,2023-11-08,55.00,24.75,Bookbuilding,NSE SME,Pantomath Capital,2023,R.K.Stock Holding Pvt.Ltd.,chittorgarh,23,chittorgarh,2.00,chittorgarh,8.0,chittorgarh,7.00,chittorgarh,105.00,chittorgarh,110.25,chittorgarh,105.00,chittorgarh,110.25,chittorgarh,"Installation of 5G/4G towers (hereinafter referred to as the “Project”) | Full or part repayment and /or prepayment of certain outstanding secured borrowings (including foreclosure charges, if any) availed by our Company | Funding the working capital requirements of our Company | General Corporate Purposes (GCP)",chittorgarh,25,chittorgarh,77,715.8,222.1,288.1,952.88,6200.36,824.55,7130.23,72.73,100,69.78,52,True,2000,110000,4,47,350,13.9,32,124,350,6,18,62,4,16,47,2.4,10.4,10,12,72,854,4,178,1,24,266,947,-5,-209,-184,12.50,33.33,0.33,32,4,Mar 2023,1,sharescart,sharescart,ipowatch,sharescart
INE0QI101019,Mish Designs Ltd.,SME,,544015,2023-10-31,2023-11-02,2023-11-07,122.00,9.76,Fixed Price,BSE SME,Aryaman Financial,2023,Nikunj Stock Brokers Ltd.,chittorgarh,9,chittorgarh,1.00,chittorgarh,10.0,chittorgarh,,,160.00,chittorgarh,165.00,chittorgarh,124.00,chittorgarh,152.00,chittorgarh,Funding Working capital requirements | To fund branding and marketing initiatives | General Corporate Purpose,chittorgarh,10,chittorgarh,0,98.4,166.7,135.4,0.00,480.39,813.69,1321.80,40.98,95.75,68.35,122,False,1000,122000,40.7,1,18,3,11,13,18,1,2,2,1,1,1,2.6,2.9,2.8,2,11,18,1,0,0,7,14,24,-1,-6,-5,9.09,50.00,0.50,11,1,Mar 2023,1,sharescart,sharescart,ipowatch,sharescart
INE0NVI01020,Transteel Seating Technologies Ltd.,SME,TRANSTEEL,,2023-10-30,2023-11-01,2023-11-06,70.00,49.98,Bookbuilding,NSE SME,Gretex Corporate,2023,Gretex Share Broking Pvt.Ltd.,chittorgarh,42,chittorgarh,2,chittorgarh,4.0,chittorgarh,13.02,chittorgarh,88.90,chittorgarh,93.30,chittorgarh,86.10,chittorgarh,93.30,chittorgarh,Prepayment/ Repayment of Existing Debt Facility | 2 Purchase of Equipments to Facilitate Manufacturing | Working Capital Requirements | General Corporate Purposes,chittorgarh,50,chittorgarh,12.2,122.9,39.8,49.2,303.63,2149.54,298.53,2459.52,17.14,83.75,53.83,67,True,2000,140000,11.1,13,89,6.3,59,74,89,16,20,22,9,11,13,6.8,5.5,6.3,24,78,100,16,10,14,83,142,162,-4,-42,8,15.25,37.50,0.67,59,9,Mar 2023,1,sharescart,sharescart,investorgain,sharescart
INE0Q6901013,Vrundavan Plantation Ltd.,SME,,544011,2023-10-30,2023-11-01,2023-11-06,108.00,15.29,Fixed Price,BSE SME,Interactive Financial,2023,Nikunj Stock Brokers Ltd.,chittorgarh,15,chittorgarh,0.00,chittorgarh,0.0,chittorgarh,,,107.00,chittorgarh,107.00,chittorgarh,101.65,chittorgarh,101.65,chittorgarh,Repayment of working capital and unsecured loans | Working Capital Requirement | General Corporate Purposes,chittorgarh,15,chittorgarh,0,11.6,25.5,18.6,0.00,88.70,195.06,283.99,37.04,85.29,62.65,108,False,1200,129600,32.7,2,26,3.3,0,19,26,0,3,3,0,2,2,0,3.2,3.3,0,21,24,0,0,0,0,26,33,-0,-12,-3,,,,0,0,Mar 2023,1,sharescart,sharescart,ipowatch,sharescart
INE0PLQ01011,Maitreya Medicare Ltd.,SME,MAITREYA,,2023-10-27,2023-11-01,2023-11-07,82.00,14.89,Bookbuilding,NSE SME,GYR Capital,2023,Giriraj Stock Broking Pvt.Ltd.,chittorgarh,14,chittorgarh,1.00,chittorgarh,6.7,chittorgarh,4.05,chittorgarh,162.55,chittorgarh,164.00,chittorgarh,154.45,chittorgarh,154.45,chittorgarh,"Making investment through Equity in the subsidiary named ‘Maitreya Hospital Private Limited’ for setting up Hospital at Valsad, Gujarat. | Redemption of part of issued Non-Convertible Redeemable Preference Shares | Funding the working capital requirements of the company | General Corporate Purposes",chittorgarh,15,chittorgarh,85.4,744,509.4,446.8,635.93,3877.82,1137.84,6653.24,36.59,100,86.88,78,True,1600,131200,27.3,2,47,3,39,48,47,8,6,5,4,3,2,8,3.9,2.8,15,30,32,6,4,4,29,44,48,3,-3,5,10.26,26.67,0.40,39,4,Mar 2023,1,sharescart,sharescart,ipowatch,sharescart
INE0Q9Q01017,Shanthala FMCG Products Ltd.,SME,SHANTHALA,,2023-10-27,2023-10-31,2023-11-03,91.00,16.07,Fixed Price,NSE SME,First Overseas,2023,Bhh Securities Pvt.Ltd.,chittorgarh,15,chittorgarh,1.00,chittorgarh,6.2,chittorgarh,,,108.00,chittorgarh,113.40,chittorgarh,103.00,chittorgarh,103.55,chittorgarh,Funding additional Working capital requirements | General Corporate Purposes,chittorgarh,16,chittorgarh,0,4.8,3.1,3.9,0.00,38.26,24.51,62.85,,77.44,57.02,91,False,1200,109200,65,1,53,1.4,,41,53,,1,1,,0,1,,0.4,1.4,,22,23,,0,0,,23,25,,-15,-0,,,,,,,0,sharescart,sharescart,,sharescart
INE0OH401016,KK Shah Hospitals Ltd.,SME,,544013,2023-10-27,2023-10-31,2023-11-06,45.00,8.78,Fixed Price,BSE SME,Shreni Shares,2023,Rikhav Securities Ltd.,chittorgarh,8,chittorgarh,1.00,chittorgarh,11.1,chittorgarh,,,56.10,chittorgarh,58.90,chittorgarh,53.30,chittorgarh,58.90,chittorgarh,Purchase of medical equipment | General corporate purposes | Public Issue Expenses,chittorgarh,9,chittorgarh,0,17.8,9.4,13.6,0.00,77.88,41.29,119.16,11.11,100,71.36,45,False,3000,135000,-90,-0,9,-0.5,2,7,9,0,1,1,0,1,-0,0.4,0.9,-0.5,5,14,13,0,0,0,6,15,16,1,-1,2,0.00,0.00,0.00,2,0,Mar 2023,1,sharescart,sharescart,ipowatch,sharescart
INE0N4G01012,Paragon Fine & Speciality Chemical Ltd.,SME,PARAGON,,2023-10-26,2023-10-30,2023-11-03,100.00,51.66,Bookbuilding,NSE SME,Hem Securities,2023,Hem Finlease Pvt.Ltd.,chittorgarh,49,chittorgarh,3.00,chittorgarh,5.8,chittorgarh,14.70,chittorgarh,225.00,chittorgarh,236.00,chittorgarh,213.75,chittorgarh,213.75,chittorgarh,"Funding capital expenditure towards civil construction work in the existing premises of factory | Repayment in full or in part, of certain of the outstanding borrowings | Funding Capital Expenditure towards installation of additional plant and machinery for Expansion | Funding to meet working capital requirements | General Corporate Purpose",chittorgarh,52,chittorgarh,81.4,419.5,185.3,205.7,2102.05,7584.26,1435.73,10628.53,105.0,100,47.7,95,True,1200,120000,33.3,6,116,3,104,121,116,16,21,10,10,14,6,6.8,7.3,3,22,83,89,14,8,3,71,106,104,-2,0,-6,9.62,45.45,0.64,104,10,Mar 2023,1,sharescart,sharescart,investorgain,sharescart
INE00ER01015,On Door Concepts Ltd.,SME,ONDOOR,,2023-10-23,2023-10-27,2023-11-01,208.00,31.18,Fixed Price,NSE SME,First Overseas,2023,Bhh Securities Pvt.Ltd.,chittorgarh,29,chittorgarh,2.00,chittorgarh,6.5,chittorgarh,,,214.00,chittorgarh,218.00,chittorgarh,203.30,chittorgarh,203.40,chittorgarh,Augmenting additional working capital requirements | General Corporate Purposes,chittorgarh,31,chittorgarh,0,3.2,7.9,5.6,0.00,49.26,122.67,174.27,7.21,51.92,38.14,208,False,600,124800,15.1,8,273,13.8,180,234,273,4,9,12,13,6,8,33.1,10.7,13.8,51,92,100,0,0,0,89,112,128,21,-25,5,7.22,25.49,0.00,180,13,Mar 2023,1,sharescart,sharescart,investorgain,sharescart
INE0BZQ01011,Rajgor Castor Derivatives Ltd.,SME,RCDL,,2023-10-17,2023-10-20,2023-10-31,50.00,47.81,Bookbuilding,NSE SME,Beeline Capital,2023,Spread X Securities Pvt.Ltd.,chittorgarh,42,chittorgarh,3,chittorgarh,6.2,chittorgarh,13.56,chittorgarh,59.00,chittorgarh,61.95,chittorgarh,56.05,chittorgarh,61.10,chittorgarh,To Meet Working Capital Requirements | General Corporate Purpose,chittorgarh,48,chittorgarh,35.5,260,80.7,107.4,849.02,4350.42,578.68,5135.69,20.0,100,,47,True,3000,150000,13.2,9,625,3.8,429,565,625,12,20,23,6,10,9,3.7,4.1,3.8,24,74,83,4,2,1,78,188,155,-40,-34,11,1.40,25.00,0.17,429,6,Mar 2023,1,sharescart,sharescart,ipowatch,
INE0Q9601016,WomanCart Ltd.,SME,WOMANCART,,2023-10-16,2023-10-18,2023-10-27,86.00,9.56,Fixed Price,NSE SME,Narnolia Financial,2023,Nikunj Stock Brokers Ltd.,chittorgarh,9,chittorgarh,1.00,chittorgarh,10.0,chittorgarh,,,117.00,chittorgarh,122.85,chittorgarh,117.00,chittorgarh,122.85,chittorgarh,To meet out the expenses on Branding and Marketing | To meet the expenses on App Development | To meet out the Working Capital requirements. | To meet out the General Corporate Purposes;,chittorgarh,10,chittorgarh,0,56.3,71.9,67.5,0.00,269.20,343.99,645.32,34.88,78.01,57.4,86,False,1600,137600,5.9,7,59,14.5,10,29,59,1,4,11,1,3,7,1.9,6.8,11.9,3,17,67,1,0,1,6,26,90,0,-10,-27,10.00,33.33,0.33,10,1,Mar 2023,1,sharescart,sharescart,investorgain,sharescart
INE0P4T01013,Arvind & Co.Shipping Agencies Ltd.,SME,ARVINDPORT,,2023-10-12,2023-10-16,2023-10-25,45.00,14.74,Fixed Price,NSE SME,Beeline Capital,2023,Spread X Securities Pvt.Ltd.,chittorgarh,14,chittorgarh,1.00,chittorgarh,6.7,chittorgarh,,,80.00,chittorgarh,84.00,chittorgarh,76.00,chittorgarh,80.05,chittorgarh,Funding Capital Expenditure of the company | General Corporate Purpose,chittorgarh,15,chittorgarh,0,436.1,322,385,0.00,3214.12,2373.24,5676.11,40.0,100,73,45,False,3000,135000,6.4,10,24,7,,,24,,,20,,,10,,,4,,,81,,,7,,,103,,,8,,,,,,,0,sharescart,sharescart,investorgain,sharescart
INE597Z01014,Committed Cargo Care Ltd.,SME,COMMITTED,,2023-10-06,2023-10-10,2023-10-18,77.00,24.95,Fixed Price,NSE SME,Fedex Securities,2023,Nikunj Stock Brokers Ltd.,chittorgarh,24,chittorgarh,1.00,chittorgarh,4.0,chittorgarh,,,82.00,chittorgarh,86.10,chittorgarh,82.00,chittorgarh,86.10,chittorgarh,Meeting working capital requirements | General corporate purposes,chittorgarh,25,chittorgarh,0,94.2,78.7,87.8,0.00,1176.50,983.29,2192.64,19.48,100,25.35,77,False,1600,123200,10.7,8,190,7.2,80,143,190,3,6,12,2,4,8,2.5,3.8,7.2,14,58,76,0,0,1,26,69,89,-0,-3,-6,2.50,14.29,0.00,80,2,Mar 2018,1,sharescart,sharescart,ipowatch,sharescart
INE0PQ001012,Vishnusurya Projects & Infra Ltd.,SME,VISHNUINFR,,2023-09-29,2023-10-05,2023-10-10,68.00,49.98,Fixed Price,NSE SME,Khandwala Securities,2023,Nikunj Stock Brokers Ltd.,chittorgarh,47,chittorgarh,3.00,chittorgarh,6.0,chittorgarh,,,73.00,chittorgarh,76.65,chittorgarh,73.00,chittorgarh,76.65,chittorgarh,"Funding of working capital requirements of the Company | Repayment / Prepayment, in part or full, of certain outstanding borrowings availed by the Company; and | General Corporate Purposes",chittorgarh,50,chittorgarh,0,36.3,43.6,44.1,0.00,907.64,1090.31,2204.62,10.29,100,63.69,68,False,2000,136000,5.7,29,271,12,76,132,271,36,33,50,22,17,29,10.1,9.6,12,42,60,158,26,24,36,118,121,301,-11,11,8,12.88,28.33,0.40,132,17,Mar 2023,2,sharescart,sharescart,investorgain,sharescart
INE460Q01014,Sharp Chucks & Machines Ltd.,SME,SCML,,2023-09-29,2023-10-05,2023-10-12,58.00,16.84,Fixed Price,NSE SME,Fedex Securities,2023,Nikunj Stock Brokers Ltd.,chittorgarh,5,chittorgarh,11,chittorgarh,64.7,chittorgarh,,,66.00,chittorgarh,69.00,chittorgarh,63.00,chittorgarh,65.05,chittorgarh,Funding the working capital requirements; and | General corporate purposes,chittorgarh,17,chittorgarh,0,38.8,63.7,54.2,0.00,326.42,536.37,912.90,43.1,80.28,73,58,False,2000,116000,8.3,8,246,7,176,202,246,21,25,30,5,6,8,5.2,5.7,6.6,52,61,84,31,20,19,180,197,252,15,21,-12,2.84,9.62,0.60,176,5,Mar 2023,1,sharescart,sharescart,ipowatch,sharescart
INE0PXD01014,Plada Infotech Services Ltd.,SME,PLADAINFO,,2023-09-29,2023-10-05,2023-10-13,48.00,12.36,Fixed Price,NSE SME,Indorient Financial,2023,Nikunj Stock Brokers Ltd.,chittorgarh,12,chittorgarh,0.00,chittorgarh,0.0,chittorgarh,,,59.00,chittorgarh,60.00,chittorgarh,56.05,chittorgarh,56.05,chittorgarh,"To meet the working capital requirements | To purchase Laptops and Accessories for IT Development; | Repayment and / or prepayment in part or in full, of certain outstanding loans of the Company; | General Corporate Purposes",chittorgarh,12,chittorgarh,0,39.8,73.8,57.9,0.00,245.93,455.78,714.75,14.58,89.5,62.64,48,False,3000,144000,21.8,2,67,2.2,62,63,67,5,6,5,2,3,2,3.9,3.1,2.2,8,22,23,12,11,9,28,39,44,4,-4,3,3.23,25.00,1.50,62,2,Mar 2023,1,sharescart,sharescart,investorgain,sharescart
INE0MGA01012,Karnika Industries Ltd.,SME,KARNIKA,,2023-09-29,2023-10-05,2023-10-12,76.00,25.07,Fixed Price,NSE SME,Beeline Capital,2023,Spread X Securities Pvt.Ltd.,chittorgarh,24,chittorgarh,1.00,chittorgarh,4.0,chittorgarh,,,81.00,chittorgarh,85.05,chittorgarh,81.00,chittorgarh,82.60,chittorgarh,To Meet Working Capital Requirement | General Corporate Purpose,chittorgarh,25,chittorgarh,0,3.2,2.9,3.1,0.00,40.37,36.48,76.98,3.95,100,51.62,76,False,1600,121600,5.2,18,173,14.5,125,127,173,17,19,30,8,10,18,1.8,1.6,2.9,18,53,71,0,2,1,98,120,154,-53,-6,4,6.40,44.44,0.00,125,8,Mar 2023,1,sharescart,sharescart,investorgain,sharescart
INE0PA601017,Vivaa Tradecom Ltd.,SME,,544002,2023-09-27,2023-10-04,2023-10-12,51.00,7.99,Fixed Price,BSE SME,Interactive Financial,2023,Asnani Stock Broker Pvt.Ltd.,chittorgarh,8,chittorgarh,0.00,chittorgarh,0.0,chittorgarh,,,40.80,chittorgarh,42.82,chittorgarh,38.76,chittorgarh,42.54,chittorgarh,Working capital requirement | General Corporate Purpose,chittorgarh,8,chittorgarh,0,0.7,2.9,1.8,0.00,2.80,11.42,14.46,,50,30.11,51,False,2000,102000,26.8,1,288,1.9,134,198,288,1,1,1,0,1,1,1.3,1.8,1.9,12,21,22,4,4,4,49,63,91,2,-8,-0,0.00,0.00,0.33,134,0,Mar 2023,1,sharescart,sharescart,,sharescart
INE0KFF01017,E Factor Experiences Ltd.,SME,EFACTOR,,2023-09-27,2023-10-03,2023-10-09,75.00,25.92,Bookbuilding,NSE SME,Hem Securities,2023,Hem Finlease Pvt.Ltd.,chittorgarh,25,chittorgarh,1.00,chittorgarh,3.8,chittorgarh,7.38,chittorgarh,115.00,chittorgarh,120.75,chittorgarh,115.00,chittorgarh,120.75,chittorgarh,"Investment in Subsidiary | To meet Working Capital requirements | Repayment and/or pre-payment, in full or part, of certain borrowings availed by the Company | General Corporate Purpose",chittorgarh,26,chittorgarh,46.1,168.3,47.8,73.1,597.33,654.19,433.46,1895.79,26.67,100,21.72,71,True,1600,120000,4.9,20,172,15.4,119,149,172,12,23,29,7,15,20,7.3,11.6,15.4,12,50,71,3,1,1,56,96,150,1,0,-17,5.88,58.33,0.25,119,7,Mar 2023,1,sharescart,sharescart,ipowatch,sharescart
INE0KZ301010,Kontor Space Ltd.,SME,KONTOR,,2023-09-27,2023-10-03,2023-10-10,93.00,15.62,Fixed Price,NSE SME,Srujan Alpha Capital,2023,Rikhav Securities Ltd.,chittorgarh,15,chittorgarh,1.00,chittorgarh,6.2,chittorgarh,,,122.00,chittorgarh,122.00,chittorgarh,115.90,chittorgarh,115.90,chittorgarh,To make the payment of Rental Deposits of new co-working centers | To carry out the Capital Expenditure for fit outs of new co-working centers | General Corporate Purpose,chittorgarh,16,chittorgarh,0,41.9,95.5,71,0.00,327.09,745.97,1108.84,32.26,98.2,,93,False,1200,111600,13.9,4,20,6.7,9,11,20,4,4,6,2,2,4,4.2,3.2,6.7,5,22,26,5,5,4,13,31,38,3,0,1,22.22,40.00,1.00,9,2,Mar 2023,1,sharescart,sharescart,ipowatch,
INE0OLS01010,Vinyas Innovative Technologies Ltd.,SME,VINYAS,,2023-09-27,2023-10-03,2023-10-06,165.00,54.66,Bookbuilding,NSE SME,Sarthi Capital Advisors,2023,Gretex Share Broking Pvt.Ltd.,chittorgarh,52,chittorgarh,3.00,chittorgarh,5.5,chittorgarh,15.56,chittorgarh,330.00,chittorgarh,346.50,chittorgarh,313.50,chittorgarh,346.50,chittorgarh,Working Capital requirements of our Company | General Corporate Purposes,chittorgarh,55,chittorgarh,0,0,0,43.2,0.00,0.00,0.00,2363.55,18.18,39.87,29.37,162,True,800,132000,10.7,19,397,15.4,235,317,397,25,37,44,7,15,19,9.8,12.2,15.4,46,128,147,19,12,8,215,308,330,12,-29,9,2.98,15.22,0.41,235,7,Mar 2023,1,sharescart,sharescart,ipowatch,sharescart
INE0OPS01011,Oneclick Logistics India Ltd.,SME,OLIL,,2023-09-27,2023-10-03,2023-10-11,99.00,9.91,Fixed Price,NSE SME,Fedex Securities,2023,SS Corporate Securities Ltd.,chittorgarh,9,chittorgarh,1.00,chittorgarh,10.0,chittorgarh,,,140.00,chittorgarh,140.00,chittorgarh,133.00,chittorgarh,133.00,chittorgarh,Meeting incremental working capital requirements; | General corporate purposes,chittorgarh,10,chittorgarh,0,139.5,224.2,185.2,0.00,690.83,1110.63,1835.05,35.35,100,75,99,False,1200,118800,16.8,2,45,5.9,,,45,,,3,,,2,,,5.9,,,14,,,0,,,19,,,1,,,,,,,0,sharescart,sharescart,ipowatch,sharescart
INE0QG301017,Canarys Automations Ltd.,SME,CANARYS,,2023-09-27,2023-10-03,2023-10-11,31.00,47.03,Bookbuilding,NSE SME,Indorient Financial,2023,Alacrity Securities Ltd.,chittorgarh,45,chittorgarh,2.00,chittorgarh,4.3,chittorgarh,10.02,chittorgarh,43.45,chittorgarh,44.90,chittorgarh,41.30,chittorgarh,41.30,chittorgarh,Funding of expenditure relating to solutions development for digital transformation and water resources management solutions | Creation of new delivery centre including infrastructure thereof and upgrading existing facilities; | Funding working capital requirements of the Company | General corporate purposes,chittorgarh,47,chittorgarh,0,0,0,9.9,0.00,0.00,0.00,467.51,16.13,77.49,,29,True,4000,124000,20.7,8,89,1.5,75,75,89,14,12,13,9,8,8,2,1.4,1.4,25,74,87,0,0,0,61,104,120,-7,-12,4,12.00,36.00,0.00,75,9,Mar 2023,1,sharescart,sharescart,ipowatch,
INE0Q1S01010,Sunita Tools Ltd.,SME,,544001,2023-09-26,2023-10-03,2023-10-11,145.00,22.04,Fixed Price,BSE SME,Aryaman Financial,2023,SS Corporate Securities Ltd.,chittorgarh,18,chittorgarh,3,chittorgarh,13.6,chittorgarh,,,155.00,chittorgarh,158.00,chittorgarh,147.25,chittorgarh,147.25,chittorgarh,Funding working capital requirements of the Company | General Corporate Purposes | Total,chittorgarh,22,chittorgarh,0,5.3,21.1,13.2,0.00,58.08,232.52,291.81,37.93,100,29.4,145,False,1000,145000,16.9,5,30,8.6,,26,30,,8,9,,5,5,,8.6,8.4,,26,47,,4,0,,38,59,,-3,-8,,,,,,,0,sharescart,sharescart,ipowatch,sharescart
INE0QFE01017,Goyal Salt Ltd.,SME,GOYALSALT,,2023-09-26,2023-10-03,2023-10-11,38.00,18.63,Bookbuilding,NSE SME,Holani Consultants,2023,Holani Consultants Pvt.Ltd.,chittorgarh,18,chittorgarh,1.00,chittorgarh,5.3,chittorgarh,5.00,chittorgarh,130.00,chittorgarh,136.50,chittorgarh,123.50,chittorgarh,136.10,chittorgarh,Capital Expenditure for Quality Enhancement; | Brand Creation and Marketing Expenses | Funding the working capital requirements of our Company | General corporate purposes,chittorgarh,19,chittorgarh,0,0,0,294.6,0.00,0.00,0.00,5487.88,39.47,100,,36,True,3000,114000,5.1,13,130,7.4,118,118,130,7,14,19,4,9,13,2.7,5.3,7.4,16,42,56,0,0,15,30,53,85,-2,5,12,3.39,25.00,0.00,118,4,Mar 2023,1,sharescart,sharescart,ipowatch,
INE0M7501019,City Crops Agro Ltd.,SME,,544000,2023-09-26,2023-09-29,2023-10-10,25.00,15.00,Fixed Price,BSE SME,Turnaround Corporate,2023,MNM Stock Broking Pvt.Ltd.,chittorgarh,14,chittorgarh,1.00,chittorgarh,6.7,chittorgarh,,,25.50,chittorgarh,26.00,chittorgarh,24.90,chittorgarh,25.42,chittorgarh,To meet the working capital requirements of the company | General Corporate Purposes,chittorgarh,15,chittorgarh,0,2.2,4.8,3.5,0.00,16.12,35.85,52.05,8.0,86.51,54.7,25,False,6000,150000,16.7,2,56,1.5,25,45,56,1,3,3,1,2,2,1.1,1.4,1.5,12,29,32,0,0,0,14,32,40,-1,-12,-0,4.00,8.33,0.00,25,1,Mar 2023,1,sharescart,sharescart,ipowatch,sharescart
INE0QJ901011,Digikore Studios Ltd.,SME,DIGIKORE,,2023-09-25,2023-09-27,2023-10-04,171.00,30.48,Bookbuilding,NSE SME,Sarthi Capital Advisors,2023,Gretex Share Broking Pvt.Ltd.,chittorgarh,19,chittorgarh,9,chittorgarh,30.0,chittorgarh,8.22,chittorgarh,270.00,chittorgarh,283.50,chittorgarh,270.00,chittorgarh,283.50,chittorgarh,Funding Working Capital requirements | General Corporate Purposes,chittorgarh,30,chittorgarh,65.6,362.7,370.2,281.6,1000.17,1657.98,3948.85,8582.29,61.4,93.38,66.55,168,True,800,136800,-15,-7,36,-11.4,36,47,36,7,15,-4,4,10,-7,4.1,7.5,-5.7,5,42,35,1,8,5,19,58,82,1,-17,-22,11.11,80.00,0.20,36,4,Mar 2023,1,sharescart,sharescart,ipowatch,sharescart
INE0PSK01027,Saakshi Medtech & Panels Ltd.,SME,SAAKSHI,,2023-09-25,2023-09-27,2023-10-03,97.00,45.16,Bookbuilding,NSE SME,Hem Securities,2023,Hem Finlease Pvt.Ltd.,chittorgarh,43,chittorgarh,2.00,chittorgarh,4.4,chittorgarh,12.85,chittorgarh,146.00,chittorgarh,153.30,chittorgarh,146.00,chittorgarh,153.30,chittorgarh,"Repayment in full or in part, of certain of our outstanding borrowings | Funding to meet working capital requirements | General Corporate Purpose",chittorgarh,45,chittorgarh,37.4,200.8,75.9,91.7,843.42,1360.18,1199.44,4139.21,37.11,100,24.61,92,True,1200,116400,35.9,5,92,2.7,122,122,92,21,21,11,12,11,5,9.5,6.4,2.7,42,93,98,7,15,14,93,131,131,11,7,3,9.84,28.57,0.17,122,12,Mar 2023,1,sharescart,sharescart,investorgain,sharescart
INE0NDX01019,Inspire Films Ltd.,SME,INSPIRE,,2023-09-25,2023-09-27,2023-10-05,59.00,21.23,Bookbuilding,NSE SME,Narnolia Financial,2023,Share India Securities Ltd.,chittorgarh,20,chittorgarh,1.00,chittorgarh,4.8,chittorgarh,6.03,chittorgarh,67.00,chittorgarh,70.35,chittorgarh,64.20,chittorgarh,67.85,chittorgarh,To meet the Working Capital requirements of the Company. | To meet out the General Corporate Purposes; and,chittorgarh,21,chittorgarh,0,0,0,129.1,0.00,0.00,0.00,2740.14,42.37,93.98,69.17,56,True,2000,118000,-15.5,-5,8,-3.8,49,30,8,7,6,-3,4,3,-5,4.1,1.9,-3.7,13,34,29,7,7,6,41,46,49,-2,-15,0,8.16,30.77,0.54,49,4,Mar 2023,1,sharescart,sharescart,ipowatch,sharescart
INE0PW501021,Newjaisa Technologies Ltd.,SME,NEWJAISA,,2023-09-25,2023-09-27,2023-10-05,47.00,39.93,Bookbuilding,NSE SME,Indorient Financial,2023,Nikunj Stock Brokers Ltd.,chittorgarh,38,chittorgarh,2.00,chittorgarh,5.0,chittorgarh,11.36,chittorgarh,71.00,chittorgarh,74.55,chittorgarh,67.45,chittorgarh,70.80,chittorgarh,"Expansion of refurbishment facility and purchase of plant, machinery and equipment | Investment in technology development | Branding & Marketing | Funding Working Capital requirement | Repayment of Bank facilities | General Corporate purposes",chittorgarh,40,chittorgarh,0,0,0,6.9,0.00,0.00,0.00,273.53,10.64,94.23,,44,True,3000,141000,-67.1,-1,66,-0.7,45,62,66,9,9,1,7,6,-1,3,2,-0.3,9,55,78,0,2,2,22,66,94,-4,-21,-7,15.56,77.78,0.00,45,7,Mar 2023,1,sharescart,sharescart,ipowatch,
INE08NJ01024,Arabian Petroleum Ltd.,SME,ARABIAN,,2023-09-25,2023-09-27,2023-10-09,70.00,20.24,Fixed Price,NSE SME,Hem Securities,2023,Hem Finlease Pvt.Ltd.,chittorgarh,19,chittorgarh,1.00,chittorgarh,5.0,chittorgarh,,,77.40,chittorgarh,78.80,chittorgarh,74.25,chittorgarh,76.25,chittorgarh,To meet Working Capital requirements | General Corporate Purpose,chittorgarh,20,chittorgarh,0,15.7,23.2,19.9,0.00,159.12,234.73,403.06,12.86,80,61.47,70,False,2000,140000,7.8,9,285,9,,262,285,,15,17,,7,9,,6.2,8.3,,49,58,,1,1,,99,106,,-9,12,,,,,,,0,sharescart,sharescart,investorgain,sharescart
INE0MIO01019,Organic Recycling Systems Ltd.,SME,,543997,2023-09-21,2023-09-26,2023-10-06,200.00,50.00,Fixed Price,BSE SME,Arihant Capital,2023,Arihant Capital Markets Ltd.,chittorgarh,47,chittorgarh,3.00,chittorgarh,6.0,chittorgarh,,,215.00,chittorgarh,225.75,chittorgarh,214.00,chittorgarh,225.75,chittorgarh,Reduction of the aggregate outstanding borrowings of the Company | Towards general corporate purposes,chittorgarh,50,chittorgarh,0,2,1.2,1.6,0.00,49.50,29.75,79.51,5.0,30.14,20.35,200,False,600,120000,9.8,16,44,20.4,25,27,44,12,11,21,4,8,16,7,10.1,18.2,26,82,135,67,31,35,112,126,185,-24,3,-7,16.00,15.38,2.58,25,4,Mar 2023,1,sharescart,sharescart,ipowatch,sharescart
INE0PIC01017,Hi-Green Carbon Ltd.,SME,HIGREEN,,2023-09-21,2023-09-25,2023-09-28,75.00,52.80,Bookbuilding,NSE SME,Beeline Capital,2023,Spread X Securities Pvt.Ltd.,chittorgarh,42,chittorgarh,8,chittorgarh,15.1,chittorgarh,14.88,chittorgarh,77.00,chittorgarh,80.85,chittorgarh,75.45,chittorgarh,80.85,chittorgarh,Setting up of new Manufacturing Unit at Maharashtra | To Meet Working Capital Requirements | General Corporate Purpose,chittorgarh,53,chittorgarh,70,236.8,196.4,168.9,1846.68,1875.14,3628.55,8918.98,26.67,100,71.83,71,True,1600,120000,16.7,11,97,4.5,78,70,97,20,18,21,12,10,11,6.5,4.1,4.5,24,76,87,4,14,31,45,105,141,10,-2,12,15.38,50.00,0.17,78,12,Mar 2023,1,sharescart,sharescart,ipowatch,sharescart
INE00C401011,Mangalam Alloys Ltd.,SME,MAL,,2023-09-21,2023-09-25,2023-10-04,80.00,54.91,Fixed Price,NSE SME,Expert Global,2023,Rikhav Securities Ltd.,chittorgarh,46,chittorgarh,6,chittorgarh,10.9,chittorgarh,,,80.00,chittorgarh,80.00,chittorgarh,76.00,chittorgarh,76.00,chittorgarh,Working capital requirement; | Capital Expenditure for business expansion and research and Development; | General Corporate Purposes; and,chittorgarh,55,chittorgarh,0,2.4,8.7,5.6,0.00,66.17,239.69,305.86,31.25,100,42.17,80,False,1600,128000,14.8,13,431,5.4,303,305,431,38,35,55,10,11,13,5.5,4.6,5.4,79,135,143,58,52,47,332,390,460,13,9,1,3.30,12.66,0.73,303,10,Mar 2023,1,sharescart,sharescart,ipowatch,sharescart
INE0QP001012,Marco Cables & Conductors Ltd.,SME,MARCO,,2023-09-21,2023-09-25,2023-09-28,36.00,18.73,Fixed Price,NSE SME,Shreni Shares,2023,Shreni Shares Ltd.,chittorgarh,8,chittorgarh,9,chittorgarh,47.4,chittorgarh,,,38.70,chittorgarh,40.60,chittorgarh,37.05,chittorgarh,40.60,chittorgarh,Funding of capital expenditure requirements of the Company towards purchase of: (i) Solar Power System and (ii) 1 + 12 Rigid Stranding Machine | Funding Incremental Working Capital Requirements | General Corporate Purposes | Total,chittorgarh,19,chittorgarh,0,24.4,35.2,30.9,0.00,228.10,329.97,578.67,16.67,100,72.18,36,False,3000,108000,12.9,5,111,2.8,57,72,111,9,11,14,3,3,5,1.9,1.6,2.8,18,27,32,15,17,8,71,80,83,0,-4,12,5.26,16.67,0.83,57,3,Mar 2023,1,sharescart,sharescart,investorgain,sharescart
INE0P6701019,Madhusudan Masala Ltd.,SME,MADHUSUDAN,,2023-09-18,2023-09-21,2023-09-26,70.00,23.80,Bookbuilding,NSE SME,Hem Securities,2023,Hem Finlease Pvt.Ltd.,chittorgarh,23,chittorgarh,1.00,chittorgarh,4.2,chittorgarh,6.76,chittorgarh,120.00,chittorgarh,124.00,chittorgarh,114.00,chittorgarh,114.00,chittorgarh,Funding to meet working capital requirements | General Corporate Purpose,chittorgarh,24,chittorgarh,86.9,574.1,592.7,444.3,1034.23,2049.47,4937.44,10573.63,28.57,100,81.7,66,True,2000,140000,6.4,15,231,10.9,,,231,,,26,,,15,,,10.4,,,94,,,9,,,179,,,-39,,,,,,,0,sharescart,sharescart,ipowatch,sharescart
INE0P4P01011,Techknowgreen Solutions Ltd.,SME,,543991,2023-09-18,2023-09-21,2023-09-27,86.00,16.72,Fixed Price,BSE SME,Indorient Financial,2023,Alacrity Securities Ltd.,chittorgarh,16,chittorgarh,1.00,chittorgarh,5.9,chittorgarh,,,87.00,chittorgarh,91.35,chittorgarh,86.10,chittorgarh,91.35,chittorgarh,Investment in research and development (“R&D”) initiatives which includes hiring of experienced R&D resources and purchase of equipment to support R&D initiatives | Investment in office Premises | Refurbishment of new office premises and purchase of office equipment’s | Expansion of our execution and support service teams including hiring of resources with expertise in environmental consulting | Repayment of Bank facilities | General Corporate purposes,chittorgarh,17,chittorgarh,0,9.1,15.8,13,0.00,75.90,132.24,217.00,5.81,64.52,54.07,86,False,1600,137600,8.4,8,33,10.2,,23,33,,9,10,,6,8,,8.3,10.2,,28,35,,0,2,,30,39,,-5,7,,,,,,,0,sharescart,sharescart,ipowatch,sharescart
INE0OJM01017,Master Components Ltd.,SME,MASTER,,2023-09-18,2023-09-21,2023-09-29,140.00,15.43,Fixed Price,NSE SME,Aryaman Financial,2023,Aryaman Capital Markets Ltd.,chittorgarh,9,chittorgarh,6,chittorgarh,40.0,chittorgarh,,,140.40,chittorgarh,142.00,chittorgarh,140.15,chittorgarh,140.20,chittorgarh,Funding Working capital requirements; | General Corporate Purpose,chittorgarh,15,chittorgarh,0,5.9,10.1,8.2,0.00,45.44,77.99,126.51,14.29,100,64.92,140,False,1000,140000,8.6,6,42,16.2,21,25,42,3,5,7,2,3,6,5.2,6.7,16.2,12,23,29,0,0,0,17,26,43,3,2,2,9.52,16.67,0.00,21,2,Mar 2023,1,sharescart,sharescart,ipowatch,sharescart
INE0OMO01025,Cellecor Gadgets Ltd.,SME,CELLECOR,,2023-09-15,2023-09-20,2023-09-28,92.00,50.77,Bookbuilding,NSE SME,Narnolia Financial,2023,SS Corporate Securities Ltd. Kantilal Chhaganlal Securities Pvt.Ltd.,chittorgarh,48,chittorgarh,3.00,chittorgarh,5.9,chittorgarh,14.46,chittorgarh,92.00,chittorgarh,96.60,chittorgarh,88.15,chittorgarh,96.60,chittorgarh,Working Capital Requirement | General Corporate Purposes,chittorgarh,51,chittorgarh,57.6,176.5,124.1,116.3,1461.75,1344.52,2204.97,5906.42,10.87,69.95,51.54,87,True,1200,110400,61.3,31,1026,1.5,264,500,1026,13,30,54,8,16,31,0.6,0.8,1.4,14,90,156,6,0,0,70,186,335,-21,-102,-34,3.03,57.14,0.43,264,8,Mar 2023,1,sharescart,sharescart,ipowatch,sharescart
INE0LXA01019,Holmarc Opto-Mechatronics Ltd.,SME,HOLMARC,,2023-09-15,2023-09-20,2023-09-25,40.00,11.40,Fixed Price,NSE SME,Finshore Management,2023,Nikunj Stock Brokers Ltd.,chittorgarh,11,chittorgarh,0.00,chittorgarh,0.0,chittorgarh,,,65.25,chittorgarh,68.50,chittorgarh,65.00,chittorgarh,68.50,chittorgarh,Funding Capital Expenditure towards Purchase of Additional Plant & Machinery | To meet the Working Capital Requirements | General Corporate Purposes,chittorgarh,11,chittorgarh,0,93.3,75.8,85.8,0.00,531.64,431.95,978.23,32.5,87.3,62.54,40,False,3000,120000,10.8,4,37,3.7,29,33,37,5,6,6,4,3,4,4.9,3.4,3.7,12,24,27,1,0,0,16,27,31,2,2,3,13.79,33.33,0.08,29,4,Mar 2023,1,sharescart,sharescart,ipowatch,sharescart
INE0Q7P01013,Kody Technolab Ltd.,SME,KODYTECH,,2023-09-15,2023-09-20,2023-09-27,160.00,27.52,Fixed Price,NSE SME,Beeline Capital,2023,Spread X Securities Pvt.Ltd.,chittorgarh,26,chittorgarh,2.00,chittorgarh,7.1,chittorgarh,,,170.00,chittorgarh,178.50,chittorgarh,169.00,chittorgarh,178.50,chittorgarh,"Funding Capital Expenditure toward setting up development center at gift city, Gandhinagar | Funding incremental Working Capital Requirement of the Company | Repayment/ prepayment of certain borrowings availed by the Company | General Corporate Purpose",chittorgarh,28,chittorgarh,0,41.2,53.6,51.6,0.00,566.50,736.99,1418.66,18.75,100,73.01,160,False,800,128000,11.6,18,72,13.8,,,72,,,26,,,18,,,13.8,,,79,,,0,,,112,,,-8,,,,,,,0,sharescart,sharescart,ipowatch,sharescart
INE0OWX01025,Kundan Edifice Ltd.,SME,KEL,,2023-09-12,2023-09-15,2023-09-26,91.00,25.23,Fixed Price,NSE SME,Fedex Securities,2023,Gretex Share Broking Pvt.Ltd.,chittorgarh,24,chittorgarh,1.00,chittorgarh,4.0,chittorgarh,,,75.00,chittorgarh,78.75,chittorgarh,71.25,chittorgarh,78.75,chittorgarh,Meeting incremental working capital requirements; and | General corporate purposes,chittorgarh,25,chittorgarh,0,35.7,44.1,42.3,0.00,450.02,556.59,1066.27,38.46,99,72.28,91,False,1200,109200,11.8,8,98,7.7,60,84,98,9,9,17,5,3,8,2.7,2.9,7.7,8,32,40,5,6,8,30,58,81,-2,-10,5,8.33,62.50,0.62,60,5,Mar 2023,1,sharescart,sharescart,ipowatch,sharescart
INE0PT101017,Chavda Infra Ltd.,SME,CHAVDA,,2023-09-12,2023-09-14,2023-09-25,65.00,43.26,Bookbuilding,NSE SME,Beeline Capital,2023,Spread X Securities Pvt.Ltd.,chittorgarh,41,chittorgarh,2.00,chittorgarh,4.7,chittorgarh,12.32,chittorgarh,91.00,chittorgarh,92.00,chittorgarh,86.45,chittorgarh,86.45,chittorgarh,To Meet Working Capital Requirements | General corporate purposes,chittorgarh,43,chittorgarh,0,0,0,180.1,0.00,0.00,0.00,7790.12,30.77,100,73,60,True,2000,130000,7.6,21,261,8.6,162,242,261,27,43,59,12,19,21,6.7,7.6,8.6,30,92,112,27,13,39,154,250,360,9,-25,-33,7.41,40.00,0.90,162,12,Mar 2023,1,sharescart,sharescart,ipowatch,sharescart
INE0PRF01011,Unihealth Consultancy Ltd.,SME,UNIHEALTH,,2023-09-08,2023-09-12,2023-09-21,132.00,56.55,Bookbuilding,NSE SME,Unistone Capital,2023,Rikhav Securities Ltd.,chittorgarh,54,chittorgarh,3.00,chittorgarh,5.3,chittorgarh,16.08,chittorgarh,135.00,chittorgarh,141.75,chittorgarh,130.25,chittorgarh,133.00,chittorgarh,"Investment in our joint venture, Victoria Hospital Limited (VHL), Kampala, Uganda for funding its capital expenditure requirements for proposed expansion and working capital requirements of VHL | Investment in our joint venture, UMC Global Health Limited (UMCGHL), Nigeria for funding its capital expenditure requirements for proposed expansion; | Investment in our subsidiary, Biohealth Limited (BL), Tanzania for funding its capital expenditure requirements for proposed expansion; and | General corporate purposes",chittorgarh,57,chittorgarh,6,37.7,24.6,18.2,168.80,319.36,487.08,1030.32,11.36,95.32,,126,True,1000,132000,13.5,15,56,9.8,44,49,56,16,19,21,8,10,15,6.9,6.7,9.8,28,85,103,36,12,5,78,110,132,1,5,-3,18.18,28.57,1.29,44,8,Mar 2023,1,sharescart,sharescart,ipowatch,
INE0N5H01017,Jiwanram Sheoduttrai Industries Ltd.,SME,JIWANRAM,,2023-09-08,2023-09-12,2023-09-18,23.00,17.07,Fixed Price,NSE SME,Affinity Global,2023,Giriraj Stock Broking Pvt.Ltd.,chittorgarh,16,chittorgarh,1.00,chittorgarh,5.9,chittorgarh,,,30.00,chittorgarh,30.00,chittorgarh,28.50,chittorgarh,28.50,chittorgarh,To meet the working capital requirements | Prepayment and repayment of all or a portion of certain unsecured loan availed by our company | General Corporate Purpose and | To meet the offer expenses,chittorgarh,17,chittorgarh,0,69.8,151.5,113,0.00,595.34,1292.84,1928.29,56.52,100,70.01,23,False,6000,138000,25.6,2,54,0.9,42,43,54,8,5,5,4,2,2,2.3,0.7,0.9,48,63,65,35,32,32,121,126,136,1,-4,3,9.52,8.33,0.73,42,4,Mar 2023,1,sharescart,sharescart,investorgain,sharescart
INE0OYE01013,Meson Valves India Ltd.,SME,,543982,2023-09-08,2023-09-12,2023-09-21,102.00,31.09,Fixed Price,BSE SME,Shreni Shares,2023,Shreni Shares Ltd.,chittorgarh,29,chittorgarh,2.00,chittorgarh,6.5,chittorgarh,,,193.80,chittorgarh,203.45,chittorgarh,193.80,chittorgarh,203.45,chittorgarh,Purchase of Plant and Machinery for setting up of Manufacturing unit; | Funding working capital requirements; and | General corporate purposes,chittorgarh,31,chittorgarh,0,132.7,203,173.7,0.00,2063.42,3155.91,5398.71,88.24,100,31.27,102,False,1200,122400,16.5,7,67,6.2,,,67,,,13,,,7,,,6.2,,,66,,,19,,,106,,,4,,,,,,,0,sharescart,sharescart,ipowatch,sharescart
INE04T901017,Kahan Packaging Ltd.,SME,,543979,2023-09-06,2023-09-08,2023-09-15,80.00,5.76,Fixed Price,BSE SME,Hem Securities,2023,Hem Finlease Pvt.Ltd.,chittorgarh,5,chittorgarh,1.00,chittorgarh,16.7,chittorgarh,,,152.00,chittorgarh,159.60,chittorgarh,152.00,chittorgarh,159.60,chittorgarh,To meet working capital requirements; | General Corporate Purpose,chittorgarh,6,chittorgarh,0,405.6,1042.4,730.5,0.00,1168.10,3002.03,4207.39,18.75,99.95,73.49,80,False,1600,128000,19.5,1,28,4.1,21,25,28,2,2,3,1,1,1,10,3.7,4.1,2,9,10,4,3,2,15,20,21,1,-1,1,4.76,50.00,2.00,21,1,Mar 2023,1,sharescart,sharescart,ipowatch,sharescart
INE0OCC01013,Basilic Fly Studio Ltd.,SME,BASILIC,,2023-09-01,2023-09-05,2023-09-11,97.00,66.35,Bookbuilding,NSE SME,GYR Capital,2023,Share India Securities Ltd.,chittorgarh,51,chittorgarh,6,chittorgarh,9.1,chittorgarh,16.91,chittorgarh,271.00,chittorgarh,284.55,chittorgarh,270.00,chittorgarh,284.55,chittorgarh,Expenditure for setup of Studio/Facility at Hyderabad and Salem | Expenditure for adding infrastructure to further strengthen the existing facilities/offices of the company located at Chennai and Pune | Making investment through equity in the subsidiaries for expansion of workspace by acquiring new office space located at London and strengthen the existing facilities/offices located at Vancouver | General Corporate Purposes,chittorgarh,66,chittorgarh,0,0,0,358.6,0.00,0.00,0.00,23792.39,154.64,85.42,,92,True,1200,116400,6,46,304,16.1,79,103,304,39,52,67,28,37,46,16.3,15.7,16.1,32,123,202,3,1,36,53,142,307,11,-28,10,35.44,87.50,0.09,79,28,Mar 2023,1,sharescart,sharescart,ipowatch,
INE0O7A01017,Pramara Promotions Ltd.,SME,PRAMARA,,2023-09-01,2023-09-05,2023-09-13,63.00,15.27,Fixed Price,NSE SME,Fedex Securities,2023,Pure Broking Pvt.Ltd.,chittorgarh,14,chittorgarh,1.00,chittorgarh,6.7,chittorgarh,,,111.00,chittorgarh,116.55,chittorgarh,105.55,chittorgarh,116.55,chittorgarh,Funding our working capital requirements; and | General corporate purposes,chittorgarh,15,chittorgarh,0,34,17.1,25.7,0.00,259.53,130.87,392.62,3.17,95.41,69.81,63,False,2000,126000,11.7,6,86,5.4,50,63,86,8,11,14,2,4,6,3.4,4.4,5.4,16,33,65,14,13,16,61,72,105,6,-10,-20,4.00,12.50,0.88,50,2,Mar 2023,1,sharescart,sharescart,ipowatch,sharescart
INE0PCL01011,Saroja Pharma Industries India Ltd.,SME,SAROJA,,2023-08-31,2023-09-05,2023-09-13,84.00,9.11,Fixed Price,NSE SME,Swastika Investmart,2023,Swastika Investmart Ltd.,chittorgarh,9,chittorgarh,0.00,chittorgarh,0.0,chittorgarh,,,65.00,chittorgarh,68.25,chittorgarh,65.00,chittorgarh,68.25,chittorgarh,To Set-up a Manufacturing Unit | To Repay the Unsecured Loans,chittorgarh,9,chittorgarh,0,2.9,14.8,8.9,0.00,13.21,67.57,80.92,,100,73.02,84,False,1600,134400,32.3,1,54,2.6,50,41,54,3,3,3,1,1,1,3.6,2.2,2.6,5,15,16,3,3,1,21,27,40,2,1,1,2.00,20.00,0.60,50,1,Mar 2023,1,sharescart,sharescart,,sharescart
INE0QBU01012,C P S Shapers Ltd.,SME,CPS,,2023-08-29,2023-08-31,2023-09-07,185.00,11.10,Fixed Price,NSE SME,Shreni Shares,2023,Shreni Shares Ltd.,chittorgarh,11,chittorgarh,0.00,chittorgarh,0.0,chittorgarh,,,450.00,chittorgarh,472.50,chittorgarh,427.50,chittorgarh,472.50,chittorgarh,"Purchase of Plant and Machinery at our existing manufacturing facility | Purchase of Commercial Vehicle | Funding of capital expenditure requirements of our Company towards purchase of Solar Power System | Upgradation of existing IT Software at our existing manufacturing facility and registered office | Repayment or prepayment, in full or in part, of borrowings availed by the Company from banks and financial institutions | Funding Working Capital Requirements of the Company | General corporate purposes#",chittorgarh,11,chittorgarh,0,198.2,301,254,0.00,1099.84,1670.72,2819.07,72.97,99.8,,185,False,600,111000,231.3,0,31,0.8,37,36,31,5,3,2,2,1,0,16.4,3.5,0.8,2,12,17,6,2,2,17,25,29,1,-3,-3,5.41,100.00,3.00,37,2,Mar 2023,1,sharescart,sharescart,investorgain,
INE0OIP01012,Mono Pharmacare Ltd.,SME,MONOPHARMA,,2023-08-28,2023-08-30,2023-09-07,28.00,14.84,Bookbuilding,NSE SME,Unistone Capital,2023,Rikhav Securities Ltd.,chittorgarh,14,chittorgarh,1.00,chittorgarh,6.7,chittorgarh,,,29.00,chittorgarh,30.45,chittorgarh,29.00,chittorgarh,30.45,chittorgarh,To meet the working capital requirements | General corporate purposes; and,chittorgarh,15,chittorgarh,10.9,8,19.4,13.4,16.16,53.42,129.55,199.15,17.86,100,42.17,26,True,4000,112000,15.6,3,168,1.8,27,122,168,2,6,9,1,2,3,0.6,1.4,1.7,13,28,31,18,17,26,63,81,110,-28,-9,-4,3.70,7.69,1.38,27,1,Mar 2023,1,sharescart,sharescart,ipowatch,sharescart
INE013901017,Sahaj Fashions Ltd.,SME,SAHAJ,,2023-08-25,2023-08-29,2023-09-06,30.00,13.96,Fixed Price,NSE SME,Khambatta Securities,2023,NNM Securities Pvt.Ltd.,chittorgarh,13,chittorgarh,0.5280,chittorgarh,3.8,chittorgarh,,,31.00,chittorgarh,32.00,chittorgarh,29.45,chittorgarh,30.35,chittorgarh,Working Capital Requirement | Prepayment/repayment of certain secured borrowings availed by our Company | General Corporate Purpose,chittorgarh,14,chittorgarh,,3.78,11.72,7.75,,,,,10.0,,,,,,,,,,,,,,,,,,,,,,,,,,,,,,,,,,,,,,,,,,ipowatch,,ipowatch,
INE0O3O01017,Sungarner Energies Ltd.,SME,SEL,,2023-08-21,2023-08-23,2023-08-31,83.00,5.31,Fixed Price,NSE SME,Novus Capital,2023,Nikunj Stock Brokers Ltd.,chittorgarh,5,chittorgarh,0.00,chittorgarh,0.0,chittorgarh,,,250.00,chittorgarh,262.50,chittorgarh,237.50,chittorgarh,262.35,chittorgarh,Working Capital Requirement | General Corporate Purposes,chittorgarh,5,chittorgarh,0,110.6,192.9,152.4,0.00,293.73,512.42,809.55,18.07,84.94,61.49,83,False,1600,132800,11.7,2,33,7.1,,18,33,,2,4,,1,2,,4.6,7.1,,10,11,,0,5,,19,40,,-10,-5,,,,,,,0,sharescart,sharescart,ipowatch,sharescart
INE00NH01017,Crop Life Science Ltd.,SME,CLSL,,2023-08-18,2023-08-22,2023-08-30,52.00,26.73,Fixed Price,NSE SME,Interactive Financial,2023,Nikunj Stock Brokers Ltd.,chittorgarh,25,chittorgarh,2.00,chittorgarh,7.4,chittorgarh,,,55.95,chittorgarh,55.95,chittorgarh,53.15,chittorgarh,53.15,chittorgarh,Repayment of unsecured Loan | Long-Term Working Capital Requirement | General Corporate Purposes,chittorgarh,27,chittorgarh,0,1.6,7.2,4.4,0.00,20.85,95.55,116.53,9.62,29.97,20.98,52,False,2000,104000,15.8,6,201,3.3,131,199,201,13,15,17,4,6,6,3.4,3.5,3.4,41,72,77,6,6,3,103,182,184,2,-8,-2,3.05,9.76,0.15,131,4,Mar 2023,1,sharescart,sharescart,ipowatch,sharescart
INE0Q8P01029,Bondada Engineering Ltd.,SME,,543971,2023-08-18,2023-08-22,2023-08-30,75.00,42.72,Fixed Price,BSE SME,Vivro Financial,2023,Rikhav Securities Ltd.,chittorgarh,41,chittorgarh,2.00,chittorgarh,4.7,chittorgarh,,,142.50,chittorgarh,149.62,chittorgarh,142.50,chittorgarh,149.62,chittorgarh,To meet long-term working capital requirements; and | General Corporate Purposes.,chittorgarh,43,chittorgarh,0,115.5,100.1,112.3,0.00,2466.23,1495.95,4796.60,20.0,86,,75,False,1600,120000,7.3,115,1571,10.3,371,801,1571,30,71,183,17,46,115,2.1,4.1,10.2,78,162,447,4,15,15,251,505,1193,-32,54,-158,4.58,21.79,0.05,371,17,Mar 2023,1,sharescart,sharescart,ipowatch,
INE0OJZ01019,Shoora Designs Ltd.,SME,,543970,2023-08-17,2023-08-21,2023-08-29,48.00,2.03,Fixed Price,BSE SME,Swaraj Shares,2023,Rikhav Securities Ltd.,chittorgarh,2,chittorgarh,0.00,chittorgarh,0.0,chittorgarh,,,91.20,chittorgarh,95.76,chittorgarh,91.20,chittorgarh,95.76,chittorgarh,Working capital requirements | General Corporate Purposes,chittorgarh,2,chittorgarh,0,2.4,24.4,13.4,0.00,2.39,24.82,27.21,25.0,100,75,48,False,3000,144000,120,0,5,0.4,2,4,5,0,0,0,0,-0,0,1.1,-0.2,0.1,2,3,20,0,0,0,2,3,21,-1,-2,-14,0.00,0.00,0.00,2,0,Mar 2023,1,sharescart,sharescart,investorgain,sharescart
INE013V01011,Shelter Pharma Ltd.,SME,,543963,2023-08-10,2023-08-14,2023-08-23,42.00,16.03,Fixed Price,BSE SME,Gretex Corporate,2023,Gretex Share Broking Pvt.Ltd.,chittorgarh,15,chittorgarh,1.00,chittorgarh,6.2,chittorgarh,,,39.97,chittorgarh,41.96,chittorgarh,37.98,chittorgarh,41.96,chittorgarh,Working Capital Requirements | General Corporate Purposes,chittorgarh,16,chittorgarh,0,6.6,22.3,15.3,0.00,52.81,178.54,244.41,14.29,100,58.86,42,False,3000,126000,6.7,7,51,6.3,36,40,51,8,9,10,5,6,7,6.7,5.4,6.3,15,36,43,0,1,1,21,41,48,-1,-2,5,13.89,33.33,0.00,36,5,Mar 2023,1,sharescart,sharescart,ipowatch,sharescart
INE0ON201012,Srivari Spices & Foods Ltd.,SME,SSFL,,2023-08-07,2023-08-09,2023-08-18,42.00,9.00,Bookbuilding,NSE SME,GYR Capital,2023,Nikunj Stock Brokers Ltd.,chittorgarh,9,chittorgarh,0.00,chittorgarh,0.0,chittorgarh,2.55,chittorgarh,101.50,chittorgarh,106.55,chittorgarh,101.50,chittorgarh,106.55,chittorgarh,Funding the working capital requirements of the Company; and | General corporate purposes,chittorgarh,9,chittorgarh,79.1,786.1,518,450,355.81,1060.82,1630.89,4048.65,64.29,100,51.54,40,True,3000,126000,3.4,9,114,12.2,,78,114,,13,18,,7,9,,9.8,11.1,,24,59,,5,8,,55,83,,-11,-2,,,,,,,0,sharescart,sharescart,investorgain,sharescart
INE09FA01019,Yudiz Solutions Ltd.,SME,YUDIZ,,2023-08-04,2023-08-08,2023-08-17,165.00,44.84,Bookbuilding,NSE SME,Narnolia Financial,2023,Kantilal Chhaganlal Securities Pvt.Ltd.,chittorgarh,43,chittorgarh,2.00,chittorgarh,4.4,chittorgarh,12.54,chittorgarh,185.00,chittorgarh,191.00,chittorgarh,181.00,chittorgarh,181.40,chittorgarh,Unidentified Acquisition (In India & Abroad) | Development of New Product & Technology | Networking & cabling | Branding & Marketing Expenses | Capital Expenditure | Working Capital Requirement | General Corporate Purposes,chittorgarh,45,chittorgarh,2.8,4.8,6.4,5,63.00,32.08,100.60,225.55,15.15,100,73.66,162,True,800,132000,-97.1,-2,21,-1.7,13,19,21,2,2,-2,1,1,-2,1.8,1.6,-1.1,5,7,48,0,0,0,7,9,50,1,3,-5,5.26,14.29,0.00,19,1,Mar 2022,2,sharescart,sharescart,ipowatch,sharescart
INE0OVI01010,Sangani Hospitals Ltd.,SME,SANGANI,,2023-08-04,2023-08-08,2023-08-17,40.00,15.17,Bookbuilding,NSE SME,Unistone Capital,2023,Rikhav Securities Ltd.,chittorgarh,14,chittorgarh,1.00,chittorgarh,6.7,chittorgarh,,,44.00,chittorgarh,44.50,chittorgarh,41.80,chittorgarh,41.85,chittorgarh,"To carry out the capital expenditure for expansion in Sangani Hospital at Keshod, Gujarat | To carry out the capital expenditure for expansion in Sangani Super Speciality Hospital at Veraval, Gujarat | General corporate purposes",chittorgarh,15,chittorgarh,11.4,1.4,6.2,4.5,17.32,9.42,42.11,68.86,10.0,100,,37,True,3000,120000,21.1,3,21,1.9,16,16,21,3,4,4,2,3,3,1.5,2,1.9,18,33,36,0,0,0,20,35,39,3,3,2,12.50,11.11,0.00,16,2,Mar 2023,1,sharescart,sharescart,ipowatch,
INE0OSJ01014,Vinsys IT Services India Ltd.,SME,VINSYS,,2023-08-01,2023-08-04,2023-08-11,128.00,49.84,Bookbuilding,NSE SME,Beeline Capital,2023,Sunflower Broking Pvt.Ltd.,chittorgarh,47,chittorgarh,3.00,chittorgarh,6.0,chittorgarh,14.18,chittorgarh,207.25,chittorgarh,217.60,chittorgarh,200.10,chittorgarh,217.60,chittorgarh,To meet working capital requirements | Repayment of loan to Subsidiary | Loan to Subsidiary | General Corporate Purposes | Total,chittorgarh,50,chittorgarh,37,105.8,111.6,89,920.85,790.64,1946.18,4436.04,19.53,100,47.93,121,True,1000,128000,6.2,30,212,20.5,95,170,212,21,30,42,15,23,30,15,15.6,20.5,24,101,131,18,16,14,72,136,179,20,-11,13,15.79,62.50,0.75,95,15,Mar 2023,1,sharescart,sharescart,ipowatch,sharescart
INE0OUT01019,Oriana Power Ltd.,SME,ORIANA,,2023-08-01,2023-08-03,2023-08-11,118.00,59.66,Bookbuilding,NSE SME,Corporate Capitalventures,2023,Share India Securities Ltd.,chittorgarh,57,chittorgarh,3.00,chittorgarh,5.0,chittorgarh,16.99,chittorgarh,302.00,chittorgarh,317.10,chittorgarh,286.90,chittorgarh,317.10,chittorgarh,Funding of Working Capital Requirements | Investment in Subsidiary | Capital expenditure on infrastructure & technology for expansion | General Corporate Expenses | Total,chittorgarh,60,chittorgarh,72.2,251.7,204,176.6,2152.39,2252.58,4260.07,10534.07,76.27,100,80,115,True,1200,141600,1.5,159,987,79.5,135,383,987,21,84,245,11,54,159,7.9,28.3,78,32,146,510,57,133,220,144,410,1362,16,2,290,8.15,34.38,1.78,135,11,Mar 2023,1,sharescart,sharescart,ipowatch,sharescart
INE0PPS01018,Zeal Global Services Ltd.,SME,ZEAL,,2023-07-28,2023-08-01,2023-08-09,103.00,36.46,Fixed Price,NSE SME,Expert Global,2023,Rikhav Securities Ltd.,chittorgarh,35,chittorgarh,1.00,chittorgarh,2.8,chittorgarh,,,147.00,chittorgarh,154.35,chittorgarh,142.50,chittorgarh,154.35,chittorgarh,Working capital requirement; | Investments in subsidiaries for business expansion; | Part repayment of debt | General corporate purposes;,chittorgarh,36,chittorgarh,0,0,0,4.1,0.00,0.00,0.00,148.04,4.85,100,63.34,103,False,1200,123600,9.4,14,368,11,112,193,368,15,21,26,10,12,14,10.1,9,11,22,67,81,0,0,1,60,115,143,-9,23,14,8.93,45.45,0.00,112,10,Mar 2023,1,sharescart,sharescart,ipowatch,sharescart
INE0OMF01015,Shri Techtex Ltd.,SME,SHRITECH,,2023-07-26,2023-07-28,2023-08-04,61.00,45.14,Bookbuilding,NSE SME,Beeline Capital,2023,Sunflower Broking Pvt.Ltd.,chittorgarh,43,chittorgarh,2.00,chittorgarh,4.4,chittorgarh,12.81,chittorgarh,81.15,chittorgarh,85.20,chittorgarh,77.20,chittorgarh,85.20,chittorgarh,Construction of Factory Shed | Purchase of Machineries | Commissioning of Solar Plant | To Meet Working Capital Requirements | General Corporate Purpose,chittorgarh,45,chittorgarh,58,250.6,156.2,148.4,1309.74,1696.88,2468.44,6696.97,24.59,100,,54,True,2000,122000,10.3,15,83,5.9,57,76,83,14,21,25,9,12,15,5.2,4.9,5.9,30,84,99,25,7,3,74,100,115,-8,8,21,15.79,30.00,0.83,57,9,Mar 2023,1,sharescart,sharescart,ipowatch,
INE0LYO01018,Innovatus Entertainment Networks Ltd.,SME,,543951,2023-07-25,2023-07-27,2023-08-04,50.00,7.74,Fixed Price,BSE SME,Inventure Merchant Banker,2023,Pure Broking Pvt.Ltd.,chittorgarh,7,chittorgarh,1.00,chittorgarh,12.5,chittorgarh,,,50.00,chittorgarh,50.00,chittorgarh,47.50,chittorgarh,48.96,chittorgarh,Augmenting additional working capital requirements | Purchase of Exhibition Related Material | General Corporate Purposes,chittorgarh,8,chittorgarh,,,,,,,,,10.0,,,,,,,,,,,,,,,,,,,,,,,,,,,,,,,,,,,,,,,,,,,,investorgain,
INE0OWC01011,Khazanchi Jewellers Ltd.,SME,,543953,2023-07-24,2023-07-28,2023-08-07,140.00,96.74,Fixed Price,BSE SME,Mark Corporate,2023,Svcm Securities Pvt.Ltd.,chittorgarh,92,chittorgarh,5.00,chittorgarh,5.2,chittorgarh,,,142.30,chittorgarh,149.40,chittorgarh,142.30,chittorgarh,149.40,chittorgarh,"To finance the establishment of the new showroom at Chennai, Tamil Nadu: Estimated Capital Expenditure for the new showroom and Estimated Inventory cost for the new showroom | Augmenting the working capital requirements of the existing operations | General Corporate Purposes",chittorgarh,97,chittorgarh,0,1.7,0.8,1.3,0.00,84.16,37.73,121.89,8.57,100,,140,False,1000,140000,7.7,45,1772,18.2,481,821,1772,17,42,65,8,27,45,7.6,11,18.2,36,188,231,52,19,26,145,254,319,6,-83,0,1.66,22.22,1.44,481,8,Mar 2023,1,sharescart,sharescart,ipowatch,
INE08S201019,Yasons Chemex Care Ltd.,SME,YCCL,,2023-07-24,2023-07-26,2023-08-03,40.00,20.57,Fixed Price,NSE SME,Fedex Securities,2023,Nikunj Stock Brokers Ltd.,chittorgarh,19,chittorgarh,2.00,chittorgarh,9.5,chittorgarh,,,32.00,chittorgarh,33.60,chittorgarh,30.40,chittorgarh,33.60,chittorgarh,Meeting incremental working capital requirements | General corporate purposes,chittorgarh,21,chittorgarh,0,47.7,68.8,59.6,0.00,490.65,707.13,1225.85,10.0,70.16,,40,False,3000,120000,50,2,77,0.8,37,69,77,5,4,4,3,1,2,2.4,0.6,0.8,21,39,41,1,0,0,28,55,59,-0,-16,-2,8.11,14.29,0.05,37,3,Mar 2023,1,sharescart,sharescart,investorgain,
INE0DN001027,Asarfi Hospital Ltd.,SME,,543943,2023-07-17,2023-07-19,2023-07-26,52.00,26.94,Bookbuilding,BSE SME,Hem Securities,2023,Hem Finlease Pvt.Ltd.,chittorgarh,26,chittorgarh,1.00,chittorgarh,3.7,chittorgarh,7.68,chittorgarh,98.80,chittorgarh,103.74,chittorgarh,98.80,chittorgarh,103.74,chittorgarh,"Part Funding of Capital Expenditure of Cancer Hospital at Ranguni, Jharkhand. | Acquiring Land on Leasehold basis for Health Management and Research Institute at Ranchi, Jharkhand | General corporate purposes",chittorgarh,27,chittorgarh,50.6,451.6,167.8,195.1,681.48,1824.73,1582.05,5256.29,42.31,83.03,,51,True,2000,104000,9.6,11,121,5.4,,84,121,,18,31,,4,11,,2.1,5.4,,70,81,,17,34,,154,164,,26,-4,,,,,,,0,sharescart,sharescart,ipowatch,
INE0P1Q01015,Service Care Ltd.,SME,SERVICE,,2023-07-14,2023-07-18,2023-07-26,67.00,20.68,Bookbuilding,NSE SME,Swastika Investmart,2023,Rikhav Securities Ltd.,chittorgarh,20,chittorgarh,1.00,chittorgarh,4.8,chittorgarh,,,70.90,chittorgarh,70.90,chittorgarh,67.35,chittorgarh,67.55,chittorgarh,To Meet Incremental Working Capital Requirements | General Corporate Purpose,chittorgarh,21,chittorgarh,5.1,2.6,10.5,6.4,52.72,8.19,76.27,133.15,5.97,100,73.16,63,True,2000,134000,41.9,2,189,1.6,159,193,189,5,5,3,5,4,2,5.4,3.8,1.5,13,34,47,0,0,0,30,55,68,3,6,2,3.14,38.46,0.00,159,5,Mar 2023,1,sharescart,sharescart,investorgain,sharescart
INE0NEV01011,Ahasolar Technologies Ltd.,SME,,543941,2023-07-10,2023-07-13,2023-07-21,157.00,12.85,Fixed Price,BSE SME,Beeline Capital,2023,Sunflower Broking Pvt.Ltd.,chittorgarh,12,chittorgarh,1.00,chittorgarh,7.7,chittorgarh,,,203.00,chittorgarh,213.15,chittorgarh,203.00,chittorgarh,213.15,chittorgarh,Development of Solar PV Plant | Setting up of Electric Vehicle Charging Infrastructure | Purchase of Electric Vehicle | To Meet Working Capital Requirements | General Corporate Purpose,chittorgarh,13,chittorgarh,0,23.4,46.2,34.8,0.00,150.14,296.68,447.01,9.55,50.31,,157,False,800,125600,-46.2,-1,58,-3.4,,42,58,,0,-1,,0,-1,,0.1,-3.1,,16,15,,0,0,,17,19,,-1,-2,,,,,,,0,sharescart,sharescart,ipowatch,
INE0P3N01018,Kaka Industries Ltd.,SME,,543939,2023-07-10,2023-07-12,2023-07-19,58.00,21.23,Bookbuilding,BSE SME,Hem Securities,2023,Hem Finlease Pvt.Ltd.,chittorgarh,20,chittorgarh,1.00,chittorgarh,4.8,chittorgarh,6.02,chittorgarh,110.20,chittorgarh,115.71,chittorgarh,110.20,chittorgarh,115.71,chittorgarh,"To meet Working Capital requirements | Repayment and/or pre-payment, in full or part, of certain borrowings availed by the Company | General Corporate Purpose",chittorgarh,21,chittorgarh,0,0,0,292.7,0.00,0.00,0.00,6212.59,34.48,95.32,69.78,55,True,2000,116000,6.2,13,198,9.4,154,170,198,14,21,26,7,13,13,7.2,9.5,9.4,20,51,64,23,24,28,66,108,157,8,12,4,4.55,35.00,1.15,154,7,Mar 2023,1,sharescart,sharescart,ipowatch,sharescart
INE0P7201019,Drone Destination Ltd.,SME,DRONE,,2023-07-07,2023-07-13,2023-07-21,65.00,44.20,Bookbuilding,NSE SME,Narnolia Financial,2023,Nikunj Stock Brokers Ltd. Share India Securities Ltd.,chittorgarh,41,chittorgarh,3.00,chittorgarh,6.8,chittorgarh,12.27,chittorgarh,107.45,chittorgarh,107.95,chittorgarh,102.10,chittorgarh,102.10,chittorgarh,To meet out the expenses for purchase of new drones. | To meet out the expenses for purchase of vehicle | To meet out the Capital Expenditure Requirement. | To meet out the Working Capital requirements | To meet out the General Corporate Purposes;,chittorgarh,44,chittorgarh,50.5,243.9,250.1,191.7,1115.17,1616.73,3868.89,8470.93,55.38,85.14,62.31,62,True,2000,130000,-23.2,-7,25,-2.8,12,32,25,5,14,0,3,7,-7,1.5,2.9,-2.8,18,62,59,1,2,4,24,76,77,1,-15,-10,25.00,16.67,0.06,12,3,Mar 2023,1,sharescart,sharescart,ipowatch,sharescart
INE0POP01017,AccelerateBS India Ltd.,SME,,543938,2023-07-06,2023-07-11,2023-07-19,90.00,5.69,Fixed Price,BSE SME,Shreni Shares,2023,Shreni Shares Ltd.,chittorgarh,1,chittorgarh,4,chittorgarh,66.7,chittorgarh,,,109.50,chittorgarh,114.97,chittorgarh,109.50,chittorgarh,114.97,chittorgarh,Long-Term Working Capital Requirements; and | General corporate purposes,chittorgarh,6,chittorgarh,0,39.3,59.1,49.2,0.00,111.63,168.11,279.79,22.22,100,46.81,90,False,1600,144000,34.6,1,7,2.6,,7,7,,2,1,,0,1,,0.1,2.1,,4,4,,1,2,,5,7,,-1,1,,,,,,,0,sharescart,sharescart,ipowatch,sharescart
INE0NZF01019,Alphalogic Industries Ltd.,SME,,543937,2023-07-03,2023-07-06,2023-07-14,96.00,12.88,Fixed Price,BSE SME,Finshore Management,2023,Nikunj Stock Brokers Ltd.,chittorgarh,12,chittorgarh,1.00,chittorgarh,7.7,chittorgarh,,,96.00,chittorgarh,98.30,chittorgarh,96.00,chittorgarh,96.29,chittorgarh,To meet Working Capital Requirements | General Corporate Purposes,chittorgarh,13,chittorgarh,0,4.2,5.2,5.3,0.00,27.30,33.42,68.78,,100,73.67,96,False,1200,115200,33.1,3,62,2.9,18,48,62,3,4,4,2,2,3,2.9,2.3,2.9,4,19,22,0,0,0,10,26,28,-1,-3,3,11.11,50.00,0.00,18,2,Mar 2023,1,sharescart,sharescart,,sharescart
INE0LWY01029,Tridhya Tech Ltd.,SME,TRIDHYA,,2023-06-30,2023-07-05,2023-07-13,42.00,26.41,Bookbuilding,NSE SME,Interactive Financial,2023,Econo Broking Pvt.Ltd.,chittorgarh,25,chittorgarh,1.00,chittorgarh,3.8,chittorgarh,7.52,chittorgarh,42.00,chittorgarh,44.10,chittorgarh,39.90,chittorgarh,44.10,chittorgarh,"Repayment of unsecured and secured loans. | General Corporate Purpose,",chittorgarh,26,chittorgarh,0,0,0,72.4,0.00,0.00,0.00,1911.53,9.52,80.8,58.98,35,True,3000,126000,-28,-4,36,-1.5,22,35,36,8,6,6,3,-0,-4,1.9,-0.2,-1.5,21,47,43,32,29,20,65,91,150,-16,-6,21,13.64,14.29,1.52,22,3,Mar 2023,1,sharescart,sharescart,ipowatch,sharescart
INE0BTR01012,Synoptics Technologies Ltd.,SME,SYNOPTICS,,2023-06-30,2023-07-05,2023-07-13,237.00,54.04,Fixed Price,NSE SME,First Overseas,2023,NNM Securities Pvt.Ltd.,chittorgarh,32,chittorgarh,19,chittorgarh,35.2,chittorgarh,,,238.00,chittorgarh,238.00,chittorgarh,226.10,chittorgarh,226.10,chittorgarh,Repayment of certain Borrowings; | Funding additional Working capital requirements | Investment in Strategic Acquisition / Joint Venture; and | General Corporate Purposes,chittorgarh,54,chittorgarh,0,2.6,2.5,2.7,0.00,69.71,68.63,143.74,8.44,100,73.11,237,False,600,142200,49.4,4,43,4.8,51,43,43,16,14,12,7,6,4,9.5,7.1,4.8,25,66,70,10,6,9,55,91,113,-1,-23,-1,13.73,28.00,0.40,51,7,Mar 2023,1,sharescart,sharescart,ipowatch,sharescart
INE0PS501019,Global Pet Industries Ltd.,SME,GLOBALPET,,2023-06-28,2023-07-03,2023-07-10,49.00,13.23,Fixed Price,NSE SME,Shreni Shares,2023,Shreni Shares Ltd.,chittorgarh,13,chittorgarh,0.00,chittorgarh,0.0,chittorgarh,,,52.00,chittorgarh,54.60,chittorgarh,51.50,chittorgarh,52.80,chittorgarh,Funding Capital Expenditure towards construction of factory building; and | General corporate purposes,chittorgarh,13,chittorgarh,0,4.4,4.1,4.3,0.00,29.37,27.39,56.89,4.08,100,55.3,49,False,3000,147000,12,4,45,4.1,35,39,45,2,3,6,2,2,4,2.8,2.1,3.6,9,24,51,0,0,0,21,34,61,-3,-6,1,5.71,22.22,0.00,35,2,Mar 2023,1,sharescart,sharescart,investorgain,sharescart
INE0ORS01017,Pentagon Rubber Ltd.,SME,PENTAGON,,2023-06-26,2023-06-30,2023-07-07,70.00,16.17,Bookbuilding,NSE SME,Beeline Capital,2023,Sunflower Broking Pvt.Ltd.,chittorgarh,15,chittorgarh,1.00,chittorgarh,6.2,chittorgarh,4.59,chittorgarh,130.00,chittorgarh,130.00,chittorgarh,123.50,chittorgarh,123.50,chittorgarh,To Meet Working Capital Requirement | General Corporate Purpose,chittorgarh,16,chittorgarh,0,0,0,106.2,0.00,0.00,0.00,1717.25,7.14,100,62.28,65,True,2000,140000,20,3,49,3.5,43,58,49,6,7,4,3,4,3,5.7,5.8,3.5,9,29,32,8,14,14,32,56,59,2,-12,6,6.98,33.33,0.89,43,3,Mar 2023,1,sharescart,sharescart,ipowatch,sharescart
INE0ITO01014,Essen Speciality Films Ltd.,SME,ESFL,,2023-06-23,2023-06-27,2023-07-06,107.00,66.33,Bookbuilding,NSE SME,GYR Capital,2023,SMC Global Securities Ltd.,chittorgarh,47,chittorgarh,16,chittorgarh,24.2,chittorgarh,18.89,chittorgarh,140.00,chittorgarh,147.00,chittorgarh,140.00,chittorgarh,147.00,chittorgarh,Prepayment or repayment of all or a portion of certain outstanding borrowings availed by the Company | Funding the working capital requirements of the Company; and | General corporate purposes,chittorgarh,66,chittorgarh,45.3,112.2,68.1,71,1501.08,1116.46,1580.31,4711.52,51.4,100,,101,True,1200,128400,22.8,12,173,4.7,119,143,173,22,26,24,14,14,12,7.4,5.7,4.7,85,143,153,3,0,0,110,153,192,25,-3,-12,11.76,16.47,0.04,119,14,Mar 2023,1,sharescart,sharescart,investorgain,
INE0O7P01015,Greenchef Appliances Ltd.,SME,GREENCHEF,,2023-06-23,2023-06-27,2023-07-06,87.00,53.62,Bookbuilding,NSE SME,Hem Securities,2023,Hem Finlease Pvt.Ltd.,chittorgarh,51,chittorgarh,3.00,chittorgarh,5.6,chittorgarh,15.24,chittorgarh,104.00,chittorgarh,109.20,chittorgarh,104.00,chittorgarh,109.20,chittorgarh,Funding Capital Expenditure towards installation of additional plant and machinery | Funding Capital Expenditure towards construction of factory building | Funding of Working capital requirements | General Corporate Purpose,chittorgarh,54,chittorgarh,0,0,0,44.9,0.00,0.00,0.00,2406.99,17.24,100,73.52,82,True,1600,139200,33.5,6,373,2.6,328,331,373,23,13,16,10,5,6,6.1,2.1,2.6,61,115,120,27,25,22,194,290,306,21,-24,34,3.05,16.39,0.44,328,10,Mar 2023,1,sharescart,sharescart,ipowatch,sharescart
INE0O1S01012,Magson Retail & Distribution Ltd.,SME,MAGSON,,2023-06-23,2023-06-27,2023-07-06,65.00,13.74,Fixed Price,NSE SME,ISK Advisors,2023,Sunflower Broking Pvt.Ltd.,chittorgarh,13,chittorgarh,1.00,chittorgarh,7.1,chittorgarh,,,91.15,chittorgarh,95.70,chittorgarh,86.60,chittorgarh,95.70,chittorgarh,To set up new organisation and stores under franchise model & tie up with major suppliers. | Working Capital Requirement | General Corporate Purpose,chittorgarh,14,chittorgarh,0,0,0,6.7,0.00,0.00,0.00,92.61,1.54,100,59.98,65,False,2000,130000,108.3,0,67,0.6,64,68,67,5,5,2,3,3,0,4.4,3.6,0.6,9,24,25,2,0,0,20,31,41,1,-0,-10,4.69,33.33,0.22,64,3,Mar 2023,1,sharescart,sharescart,investorgain,sharescart
INE0Q0M01015,Veefin Solutions Ltd.,SME,,543931,2023-06-22,2023-06-26,2023-07-05,82.00,46.73,Fixed Price,BSE SME,Shreni Shares,2023,Shreni Shares Ltd.,chittorgarh,21,chittorgarh,23,chittorgarh,48.9,chittorgarh,,,86.05,chittorgarh,90.35,chittorgarh,86.05,chittorgarh,90.22,chittorgarh,"Global – sales and marketing expenditure | Developing new products or enhancement and maintenance, upgrading or updating existing products; and | General corporate purposes",chittorgarh,47,chittorgarh,0,3.3,1.7,2.5,0.00,76.18,38.56,114.96,3.66,84.34,,82,False,1600,131200,13.9,16,79,5.9,14,25,79,6,11,26,4,7,16,2.3,3.3,5.9,44,124,450,1,4,7,52,145,522,-0,8,1,28.57,9.09,0.02,14,4,Mar 2023,1,sharescart,sharescart,investorgain,
INE0OB201016,Aatmaj Healthcare Ltd.,SME,AATMAJ,,2023-06-19,2023-06-21,2023-06-30,60.00,38.40,Fixed Price,NSE SME,Nirbhay Capital,2023,Rikhav Securities Ltd.,chittorgarh,36,chittorgarh,2.00,chittorgarh,5.3,chittorgarh,,,56.00,chittorgarh,56.00,chittorgarh,53.20,chittorgarh,53.20,chittorgarh,Repayment/Prepayment in full or part of existing secured debt of the Company | Funding the Working Capital Requirements of the Company | Purchase of medical equipments for hospitals of our Company and/or newly acquired or set up hospitals | Our inorganic growth initiatives through acquisitions and other strategic initiatives | General Corporate Expenses,chittorgarh,38,chittorgarh,0,0,0,33.6,0.00,0.00,0.00,1290.24,16.67,88.89,,60,False,2000,120000,200,1,20,0.3,27,16,20,10,3,3,6,1,1,3.6,0.4,0.3,14,49,50,2,1,2,31,58,63,5,-8,3,22.22,42.86,0.14,27,6,Mar 2023,1,sharescart,sharescart,ipowatch,
INE0L4V01013,Vilin Bio Med Ltd.,SME,VILINBIO,,2023-06-16,2023-06-21,2023-06-30,30.00,12.00,Fixed Price,NSE SME,Inventure Merchant Banker,2023,Rikhav Securities Ltd.,chittorgarh,11,chittorgarh,1.00,chittorgarh,8.3,chittorgarh,,,30.00,chittorgarh,30.00,chittorgarh,28.50,chittorgarh,28.50,chittorgarh,Augmenting additional working capital requirements | General Corporate Purposes,chittorgarh,12,chittorgarh,0,1.3,4.3,2.8,0.00,7.68,25.86,33.60,,100,76.9,30,False,4000,120000,150,0,15,0.2,12,16,15,3,1,1,1,0,0,1.3,0.1,0.2,11,23,23,0,0,0,18,32,28,-2,-7,0,8.33,9.09,0.00,12,1,Mar 2023,1,sharescart,sharescart,,sharescart
INE0O0001013,Cell Point (India) Ltd.,SME,CELLPOINT,,2023-06-15,2023-06-20,2023-06-28,100.00,50.34,Fixed Price,NSE SME,First Overseas,2023,NNM Securities Pvt.Ltd.,chittorgarh,48,chittorgarh,2.00,chittorgarh,4.0,chittorgarh,,,100.00,chittorgarh,100.00,chittorgarh,95.00,chittorgarh,95.00,chittorgarh,Repayment of certain borrowings; | Repairs and Renovation of existing retail stores & setting of new retail stores; | To meet the Working Capital requirements; | General Corporate Expenses; and,chittorgarh,50,chittorgarh,0,0,0,6,0.00,0.00,0.00,303.55,10.0,100,79.12,100,False,1200,120000,83.3,2,325,1.2,296,321,325,19,10,9,7,2,2,4.9,0.9,1.2,20,72,74,18,1,1,94,134,138,7,-7,-1,2.36,35.00,0.90,296,7,Mar 2023,1,sharescart,sharescart,ipowatch,sharescart
INE0ORA01015,Cosmic CRF Ltd.,SME,,543928,2023-06-14,2023-06-21,2023-06-30,314.00,57.21,Bookbuilding,BSE SME,Horizon Management,2023,Giriraj Stock Broking Pvt.Ltd.,chittorgarh,54,chittorgarh,3.00,chittorgarh,5.3,chittorgarh,,,251.20,chittorgarh,251.20,chittorgarh,238.65,chittorgarh,238.65,chittorgarh,Funding the expansion of our existing manufacturing unit; | Funding of working capital requirements of the Company; | Prepayment or repayment of all or a portion of certain unsecured loans availed by our Company; and | General Corporate Purposes. | Total,chittorgarh,57,chittorgarh,0,0,0,1.2,0.00,0.00,0.00,69.75,4.78,98.42,72.52,314,True,400,132000,8.8,31,402,37.3,,,402,,,44,,,31,,,31.7,,,409,,,6,,,554,,,-73,,,,,,,0,sharescart,sharescart,ipowatch,sharescart
INE0OJ401014,Bizotic Commercial Ltd.,SME,,543926,2023-06-12,2023-06-15,2023-06-23,175.00,42.21,Fixed Price,BSE SME,Interactive Financial,2023,Beeline Broking Ltd.,chittorgarh,40,chittorgarh,2.00,chittorgarh,4.8,chittorgarh,,,180.00,chittorgarh,182.00,chittorgarh,171.00,chittorgarh,171.00,chittorgarh,Setting up Retail network by establishing company owned and company operated stores | Repayment of Loan | Long-term Working capital requirement | General Corporate Purposes,chittorgarh,42,chittorgarh,0,2,1.7,1.9,0.00,42.21,36.72,78.93,0.57,100,75,175,False,800,140000,42.7,4,112,4.1,65,71,112,4,5,8,3,3,4,4.8,3.8,5.3,8,55,58,2,1,0,49,77,108,-3,-25,5,4.62,37.50,0.25,65,3,Mar 2023,1,sharescart,sharescart,investorgain,sharescart
INE0O0201019,Urban Enviro Waste Management Ltd.,SME,URBAN,,2023-06-12,2023-06-14,2023-06-22,100.00,11.42,Fixed Price,NSE SME,Pantomath Capital,2023,Asnani Stock Broker Pvt.Ltd. Nikunj Stock Brokers Ltd.,chittorgarh,9,chittorgarh,2,chittorgarh,18.2,chittorgarh,,,141.00,chittorgarh,148.05,chittorgarh,141.00,chittorgarh,148.05,chittorgarh,"Repayment of certain secured borrowings (including accrued interest and foreclosure charges, if any) in full availed by our Company | Funding the working capital requirements of the Company; and | General corporate purposes.",chittorgarh,11,chittorgarh,0,281.4,220.6,255.5,0.00,1607.41,1260.30,2918.72,25.0,65,51.19,100,False,1200,120000,8.4,10,141,11.9,39,102,141,8,19,26,2,7,10,3.2,8.1,11.8,6,22,32,17,20,22,38,63,94,5,4,10,5.13,33.33,2.83,39,2,Mar 2023,1,sharescart,sharescart,ipowatch,sharescart
INE0OL001018,Spectrum Talent Management Ltd.,SME,SPECTSTM,,2023-06-09,2023-06-14,2023-06-22,173.00,105.14,Bookbuilding,NSE SME,Sarthi Capital Advisors,2023,Rikhav Securities Ltd.,chittorgarh,84,chittorgarh,15,chittorgarh,14.3,chittorgarh,,,155.00,chittorgarh,155.00,chittorgarh,147.25,chittorgarh,147.25,chittorgarh,Funding Working Capital Requirement; | Acquisitions of Businesses in similar or complementary areas | General Corporate Purposes,chittorgarh,105,chittorgarh,11.2,11.7,13.1,12.3,589.32,184.21,481.34,1289.05,11.56,100,72.25,169,True,800,138400,55.8,7,1270,3.1,768,1016,1270,24,12,11,28,12,7,15.5,5,3.1,56,147,160,0,0,0,89,191,242,9,-5,-67,3.65,50.00,0.00,768,28,Mar 2023,1,sharescart,sharescart,ipowatch,sharescart
INE0N5O01013,Sonalis Consumer Products Ltd.,SME,,543924,2023-06-07,2023-06-09,2023-06-19,30.00,2.83,Fixed Price,BSE SME,Expert Global,2023,Beeline Broking Ltd.,chittorgarh,3,chittorgarh,0.00,chittorgarh,0.0,chittorgarh,,,38.00,chittorgarh,39.90,chittorgarh,38.00,chittorgarh,39.90,chittorgarh,To part finance the working capital requirements | General corporate purposes;,chittorgarh,3,chittorgarh,0,38.4,48.1,43.4,0.00,54.63,67.78,122.80,13.33,73.12,38.59,30,False,4000,120000,2.3,3,107,13.3,7,4,107,0,0,4,0,0,3,0,0.1,13.3,3,6,8,2,2,1,6,10,52,-1,-3,-1,0.00,0.00,0.67,7,0,Mar 2023,1,sharescart,sharescart,ipowatch,sharescart
INE0O4R01018,Kore Digital Ltd.,SME,KDL,,2023-06-02,2023-06-07,2023-06-14,180.00,18.00,Fixed Price,NSE SME,First Overseas,2023,NNM Securities Pvt.Ltd.,chittorgarh,17,chittorgarh,1.00,chittorgarh,5.6,chittorgarh,,,201.00,chittorgarh,210.00,chittorgarh,190.95,chittorgarh,190.95,chittorgarh,To meet the Working Capital requirements | Investment in Strategic Acquisition / Joint Venture | General Corporate Expenses,chittorgarh,18,chittorgarh,0,44.9,33.3,39.5,0.00,424.73,283.77,710.28,11.11,38.89,22.89,180,False,800,144000,6.8,32,328,26.4,,104,328,,17,48,,11,32,,9.6,26.4,,75,106,,0,2,,153,246,,-8,13,,,,,,,0,sharescart,sharescart,ipowatch,sharescart
INE0NXA01015,Comrade Appliances Ltd.,SME,,543921,2023-05-31,2023-06-05,2023-06-13,54.00,12.30,Bookbuilding,BSE SME,Gretex Corporate,2023,Gretex Share Broking Pvt.Ltd.,chittorgarh,12,chittorgarh,0.00,chittorgarh,0.0,chittorgarh,3.50,chittorgarh,87.00,chittorgarh,91.35,chittorgarh,87.00,chittorgarh,91.35,chittorgarh,Working Capital Requirements | General Corporate Purposes,chittorgarh,12,chittorgarh,21.9,162.7,72.1,77.3,134.45,300.16,310.33,950.27,12.96,100,73.35,52,True,2000,108000,77.1,1,57,0.7,27,29,57,5,4,5,2,1,1,3.1,0.7,0.7,7,17,23,2,2,12,28,40,73,-0,-6,5,7.41,28.57,0.29,27,2,Mar 2023,1,sharescart,sharescart,ipowatch,sharescart
INE0LEX01011,Sahana System Ltd.,SME,SAHANA,,2023-05-31,2023-06-02,2023-06-12,135.00,32.74,Bookbuilding,NSE SME,Unistone Capital,2023,Rikhav Securities Ltd.,chittorgarh,31,chittorgarh,2.00,chittorgarh,6.1,chittorgarh,,,163.00,chittorgarh,171.15,chittorgarh,163.00,chittorgarh,171.15,chittorgarh,To meet the working capital requirements | Installation of EV charging Station | General Corporate Purposes,chittorgarh,33,chittorgarh,9.7,6.4,13,9.5,31.76,94.43,191.07,311.99,7.41,90.25,,132,True,1000,135000,2.9,39,167,46.7,24,69,167,10,23,58,6,18,39,11.1,22.8,40.1,11,56,176,0,0,1,24,96,252,1,34,-48,25.00,54.55,0.00,24,6,Mar 2023,1,sharescart,sharescart,ipowatch,
INE0NJ001013,CFF Fluid Control Ltd.,SME,,543920,2023-05-30,2023-06-02,2023-06-12,165.00,85.80,Fixed Price,BSE SME,Aryaman Financial,2023,Aryaman Capital Markets Ltd.,chittorgarh,81,chittorgarh,5.00,chittorgarh,5.8,chittorgarh,,,175.00,chittorgarh,183.75,chittorgarh,175.00,chittorgarh,183.75,chittorgarh,Funding Working capital requirements | Repayment of Loans | Purchase of machinery and equipment | Acquire Technology of “ Towed Wire Antenna (TWA) | General Corporate Purpose,chittorgarh,86,chittorgarh,0,0,0,0,,,,,7.88,73.31,68.06,,False,400,0,,24,146,12.3,71,107,146,19,31,41,10,17,24,7.1,8.8,12.2,25,126,148,30,6,5,89,161,199,-9,-27,-3,16.44,16.22,0.03,146,24,Mar 2025,3,sharescart,sharescart,ipowatch,sharescart
INE0NNZ01013,Infollion Research Services Ltd.,SME,INFOLLION,,2023-05-29,2023-05-31,2023-06-08,82.00,21.45,Bookbuilding,NSE SME,Holani Consultants,2023,Holani Consultants Pvt.Ltd.,chittorgarh,17,chittorgarh,3,chittorgarh,14.3,chittorgarh,5.94,chittorgarh,209.00,chittorgarh,218.00,chittorgarh,198.55,chittorgarh,198.55,chittorgarh,Expansion of current service line in the US and Western European regions. | Pex-Panel- Adding new categories of freelancers. | Technology Development | General Corporate Purposes,chittorgarh,21,chittorgarh,70.7,422.3,262.7,259.1,738.03,1476.73,1975.45,5556.93,123.17,67.09,,80,True,1600,131200,6.4,12,77,12.8,,52,77,,12,17,,9,12,,8.8,12.8,,41,54,,0,0,,47,61,,9,6,,,,,,,0,sharescart,sharescart,investorgain,
INE0GYI01028,Hemant Surgical Industries Ltd.,SME,,543916,2023-05-24,2023-05-26,2023-06-05,90.00,24.84,Bookbuilding,BSE SME,Hem Securities,2023,Hem Finlease Pvt.Ltd.,chittorgarh,24,chittorgarh,1.00,chittorgarh,4.0,chittorgarh,7.04,chittorgarh,171.00,chittorgarh,179.55,chittorgarh,171.00,chittorgarh,179.55,chittorgarh,Funding Capital Expenditure towards installation of additional plant and machinery | Funding to meet working capital requirements | General Corporate Purpose,chittorgarh,25,chittorgarh,41.1,203.3,158.7,139.7,509.84,757.35,1380.00,3470.15,88.89,100,68.08,85,True,1600,144000,11.7,8,107,7.7,,,107,,,14,,,8,,,7.7,,,63,,,23,,,148,,,9,,,,,,,0,sharescart,sharescart,investorgain,sharescart
INE0ONE01016,Proventus Agrocom Ltd.,SME,PROV,,2023-05-24,2023-05-26,2023-06-05,771.00,69.54,Fixed Price,NSE SME,Sundae Capital,2023,Ajcon Global Services Ltd.,chittorgarh,48,chittorgarh,18,chittorgarh,25.7,chittorgarh,,,821.00,chittorgarh,862.05,chittorgarh,821.00,chittorgarh,862.05,chittorgarh,"Funding working capital requirements of the Company | Funding working capital requirements of our material subsidiary namely, Prov Foods Private Limited | General Corporate Purposes",chittorgarh,70,chittorgarh,0,4.3,0.7,2.6,0.00,149.52,25.73,181.51,2.33,92.29,70.84,771,False,160,123360,36,7,582,21.4,419,497,582,8,12,13,4,7,7,13,21.1,21.3,63,123,130,4,0,6,95,137,165,-1,-6,-2,0.95,6.35,0.06,419,4,Mar 2023,1,sharescart,sharescart,ipowatch,sharescart
INE0N5801013,Vasa Denticity Ltd.,SME,DENTALKART,,2023-05-23,2023-05-25,2023-06-02,128.00,54.07,Bookbuilding,NSE SME,Hem Securities,2023,Hem Finlease Pvt.Ltd.,chittorgarh,38,chittorgarh,13,chittorgarh,24.1,chittorgarh,15.36,chittorgarh,211.00,chittorgarh,221.55,chittorgarh,211.00,chittorgarh,221.55,chittorgarh,To Meet Working Capital Requirements; | Expenditure to enhance visibility and awareness of the brands | General Corporate Purposes,chittorgarh,54,chittorgarh,37.3,115.1,58.1,68,1007.27,933.71,1098.89,3676.03,31.25,95,,121,True,1000,128000,12.2,17,249,10.5,,172,249,,21,26,,15,17,,9.4,10.2,,68,133,,0,0,,85,151,,-11,-4,,,,,,,0,sharescart,sharescart,ipowatch,
INE0OFK01019,Crayons Advertising Ltd.,SME,CRAYONS,,2023-05-22,2023-05-25,2023-06-02,65.00,41.80,Bookbuilding,NSE SME,Corporate Capitalventures,2023,SS Corporate Securities Ltd.,chittorgarh,40,chittorgarh,2.00,chittorgarh,4.8,chittorgarh,11.90,chittorgarh,90.00,chittorgarh,94.50,chittorgarh,90.00,chittorgarh,94.50,chittorgarh,Funding of working capital requirements of the Company | Capital expenditure on infrastructure and cutting-edge technology for expansion | General Corporate Expenses,chittorgarh,42,chittorgarh,45.2,171.7,169.9,137.3,944.57,1076.49,2485.92,5737.62,53.85,100,64.62,62,True,2000,130000,14.4,7,234,4.5,169,234,234,5,26,14,0,17,7,0.1,7.2,4.5,32,107,117,15,3,3,103,194,212,1,-22,8,0.00,0.00,0.47,169,0,Mar 2018,1,sharescart,sharescart,ipowatch,sharescart
INE0O5T01011,Remus Pharmaceuticals Ltd.,SME,REMUS,,2023-05-17,2023-05-19,2023-05-29,1229.00,47.69,Bookbuilding,NSE SME,Beeline Capital,2023,Sunflower Broking Pvt.Ltd.,chittorgarh,45,chittorgarh,3.00,chittorgarh,6.2,chittorgarh,13.58,chittorgarh,1711.25,chittorgarh,1796.80,chittorgarh,1711.25,chittorgarh,1796.80,chittorgarh,To Meet Working Capital Requirements | Funding investments for acquisitions and general corporate purposes | Public Issue Expenses,chittorgarh,48,chittorgarh,10.8,229.3,49.6,57.1,256.31,1640.06,827.48,2723.78,10.17,92.82,68.37,1150,True,100,122900,18.8,38,620,65.2,,213,620,,32,51,,24,38,,17.5,24.7,,158,256,,3,3,,333,433,,1,7,,,,,,,0,sharescart,sharescart,ipowatch,sharescart
INE0NR701018,Krishca Strapping Solutions Ltd.,SME,KRISHCA,,2023-05-16,2023-05-19,2023-05-26,54.00,17.93,Bookbuilding,NSE SME,Share India Capital,2023,Share India Securities Ltd.,chittorgarh,16,chittorgarh,2.00,chittorgarh,11.1,chittorgarh,4.88,chittorgarh,118.80,chittorgarh,118.80,chittorgarh,112.90,chittorgarh,112.90,chittorgarh,Capital Expenditure for setting up of New Strapping Line | Repayment of certain secured borrowings in full availed by our Company | General Corporate Expenses | Issue Expenses,chittorgarh,18,chittorgarh,36.1,786.9,572.8,336.6,323.60,2116.10,3594.39,6034.03,125.93,86.34,62.6,51,True,2000,108000,6.2,12,149,8.7,,,149,,,24,,,12,,,8.2,,,103,,,4,,,160,,,-20,,,,,,,0,sharescart,sharescart,investorgain,sharescart
INE0NUL01018,Auro Impex & Chemicals Ltd.,SME,AUROIMPEX,,2023-05-11,2023-05-15,2023-05-23,78.00,27.07,Bookbuilding,NSE SME,Affinity Global,2023,Rikhav Securities Ltd.,chittorgarh,21,chittorgarh,4,chittorgarh,14.8,chittorgarh,,,78.00,chittorgarh,78.50,chittorgarh,74.20,chittorgarh,75.70,chittorgarh,To meet the working capital requirements | General Corporate Purpose and,chittorgarh,27,chittorgarh,0,0,0,0,0.00,0.00,0.00,0.00,2.56,99.99,,74,True,1600,124800,20.5,5,263,3.8,232,318,263,13,13,10,6,6,5,6.5,5.1,3.8,18,42,47,10,9,8,82,91,120,3,1,-22,2.59,33.33,0.56,232,6,Mar 2023,1,sharescart,sharescart,investorgain,
INE0JWV01011,De Neers Tools Ltd.,SME,DENEERS,,2023-04-28,2023-05-03,2023-05-11,101.00,22.99,Bookbuilding,NSE SME,Khambatta Securities,2023,Share India Securities Ltd.,chittorgarh,22,chittorgarh,1.00,chittorgarh,4.3,chittorgarh,,,190.00,chittorgarh,190.00,chittorgarh,180.50,chittorgarh,180.50,chittorgarh,Working Capital Requirement including margin money | General Corporate Purpose | Issue Expenses,chittorgarh,23,chittorgarh,3.7,60.2,11.9,15,21.42,510.76,103.89,345.86,9.9,91.14,67.03,95,True,1200,121200,5.5,16,145,18.3,,,145,,,27,,,16,,,18.3,,,71,,,25,,,161,,,17,,,,,,,0,sharescart,sharescart,ipowatch,sharescart
INE0LDI01022,Innokaiz India Ltd.,SME,,543905,2023-04-28,2023-05-03,2023-05-11,78.00,21.17,Bookbuilding,BSE SME,Gretex Corporate,2023,Gretex Share Broking Pvt.Ltd.,chittorgarh,20,chittorgarh,1.00,chittorgarh,4.8,chittorgarh,6.03,chittorgarh,148.20,chittorgarh,155.61,chittorgarh,148.20,chittorgarh,155.61,chittorgarh,Working Capital Requirements | General Corporate Purposes,chittorgarh,21,chittorgarh,0,0,0,88.4,0.00,0.00,0.00,1871.72,32.05,98,71.99,76,True,1600,124800,-19.5,-4,9,-4,223,78,9,12,5,-3,9,2,-4,11.8,2.1,-4,27,48,44,0,16,14,56,84,86,-1,-15,-1,4.04,33.33,0.00,223,9,Mar 2023,1,sharescart,sharescart,ipowatch,sharescart
INE0NTC01019,Retina Paints Ltd.,SME,,543902,2023-04-19,2023-04-24,2023-05-03,30.00,11.10,Fixed Price,BSE SME,Gretex Corporate,2023,Gretex Share Broking Pvt.Ltd.,chittorgarh,11,chittorgarh,0.00,chittorgarh,0.0,chittorgarh,,,29.05,chittorgarh,30.50,chittorgarh,28.00,chittorgarh,30.50,chittorgarh,Working Capital Requirements | General Corporate Purposes,chittorgarh,11,chittorgarh,0,6.1,10.4,8.3,0.00,33.85,57.78,92.02,13.33,80.7,59.28,30,False,4000,120000,33.3,1,21,0.9,11,12,21,1,2,3,0,1,1,0.3,0.5,0.9,12,22,34,2,2,2,20,34,54,-1,-9,-11,0.00,0.00,0.17,11,0,Mar 2023,1,sharescart,sharescart,ipowatch,sharescart
INE0K4D01020,Quicktouch Technologies Ltd.,SME,QUICKTOUCH,,2023-04-18,2023-04-21,2023-05-02,61.00,9.33,Fixed Price,NSE SME,Share India Capital,2023,Share India Securities Ltd.,chittorgarh,9,chittorgarh,0.00,chittorgarh,0.0,chittorgarh,,,92.00,chittorgarh,96.60,chittorgarh,92.00,chittorgarh,96.60,chittorgarh,To meet the Working Capital Requirements of our Company | Acquisition of business in similar or complementary areas | General Corporate Purposes | Issue Expense,chittorgarh,9,chittorgarh,0,160.4,49.6,107.3,0.00,748.51,231.23,1001.06,19.67,89.41,65.72,61,False,2000,122000,9,5,92,6.8,88,122,92,11,12,14,6,7,5,15,11.6,4.8,13,83,177,1,3,3,51,117,200,-1,-12,-3,6.82,46.15,0.08,88,6,Mar 2023,1,sharescart,sharescart,ipowatch,sharescart
INE0O6N01012,A G Universal Ltd.,SME,AGUL,,2023-04-11,2023-04-13,2023-04-24,60.00,8.72,Fixed Price,NSE SME,Share India Capital,2023,Share India Securities Ltd.,chittorgarh,8,chittorgarh,1.00,chittorgarh,11.1,chittorgarh,,,60.00,chittorgarh,61.50,chittorgarh,57.25,chittorgarh,60.10,chittorgarh,To meet the Working Capital Requirements of the Company | General Corporate Purposes,chittorgarh,9,chittorgarh,0,3.7,2.5,3.4,0.00,16.18,11.08,29.31,6.67,100,29.8,60,False,2000,120000,24,1,61,2.5,59,78,61,3,5,5,1,2,1,2.9,3.5,2.5,7,17,19,13,13,13,44,48,50,-2,-2,-4,1.69,14.29,1.86,59,1,Mar 2023,1,sharescart,sharescart,investorgain,sharescart
INE0NZW01014,Pattech Fitwell Tube Components Ltd.,SME,PATTECH,,2023-04-05,2023-04-12,2023-04-21,50.00,12.00,Fixed Price,NSE SME,Fedex Securities,2023,Pure Broking Pvt.Ltd.,chittorgarh,11,chittorgarh,1.00,chittorgarh,8.3,chittorgarh,,,55.00,chittorgarh,57.75,chittorgarh,52.55,chittorgarh,57.75,chittorgarh,Funding our working capital requirements; and | General corporate purposes,chittorgarh,12,chittorgarh,0,2.1,1.9,2,0.00,12.30,11.40,23.64,6.0,100,,50,False,3000,150000,31.3,1,48,1.6,12,38,48,1,3,4,0,1,1,0.9,1.9,1.6,6,19,21,7,7,6,24,35,41,0,-10,-4,0.00,0.00,1.17,12,0,Mar 2023,1,sharescart,sharescart,investorgain,
INE0N7S01028,MOS Utility Ltd.,SME,MOS,,2023-03-31,2023-04-06,2023-04-18,76.00,49.97,Bookbuilding,NSE SME,Unistone Capital,2023,Rikhav Securities Ltd.,chittorgarh,41,chittorgarh,6,chittorgarh,12.0,chittorgarh,12.15,chittorgarh,90.00,chittorgarh,94.50,chittorgarh,90.00,chittorgarh,94.50,chittorgarh,To meet the working capital requirements | General corporate purposes,chittorgarh,50,chittorgarh,11.7,57.9,12,21.1,291.55,433.95,209.51,1056.27,9.21,82.91,,72,True,1600,121600,13.8,14,616,5.5,106,187,616,11,18,24,6,12,14,0.3,0.5,0.5,26,75,86,5,1,2,52,105,151,4,-14,37,5.66,23.08,0.19,106,6,Mar 2023,1,sharescart,sharescart,ipowatch,
INE0P7001013,Sancode Technologies Ltd.,SME,,543897,2023-03-31,2023-04-06,2023-04-18,47.00,5.15,Fixed Price,BSE SME,Shreni Shares,2023,Shreni Shares Ltd.,chittorgarh,5,chittorgarh,0.00,chittorgarh,0.0,chittorgarh,,,64.00,chittorgarh,67.20,chittorgarh,60.80,chittorgarh,60.80,chittorgarh,Funding working capital requirements; | General corporate purposes,chittorgarh,5,chittorgarh,0,4,3.4,3.7,0.00,10.24,8.72,18.94,10.64,100,22.57,47,False,3000,141000,22.4,1,14,2.1,2,5,14,0,-2,1,0,-2,1,1.8,-4.9,1.2,3,6,6,0,0,1,3,7,7,1,-3,-3,0.00,0.00,0.00,2,0,Mar 2023,1,sharescart,sharescart,ipowatch,sharescart
INE0MRE01011,Infinium Pharmachem Ltd.,SME,INFINIUM,,2023-03-31,2023-04-05,2023-04-17,135.00,25.25,Fixed Price,NSE SME,Swastika Investmart,2023,Swastika Investmart Ltd.,chittorgarh,24,chittorgarh,1.00,chittorgarh,4.0,chittorgarh,,,141.50,chittorgarh,148.55,chittorgarh,141.50,chittorgarh,147.80,chittorgarh,"Marketing and Branding Expenses (including Registration in Reach - Europe, other marketing expenses) | Repayment of some of Existing Loans; | Expansion of Existing Unit | To Meet Incremental Working Capital Requirements; | General Corporate Purpose",chittorgarh,25,chittorgarh,0,0,0,1.8,0.00,0.00,0.00,46.58,2.22,100,73.05,135,False,1000,135000,24.1,8,156,5.6,114,136,156,17,20,19,10,12,8,9.3,8.1,5.2,23,59,109,10,8,10,71,85,198,9,5,-29,8.77,43.48,0.43,114,10,Mar 2023,1,sharescart,sharescart,ipowatch,sharescart
INE0O8901016,Exhicon Events Media Solutions Ltd.,SME,,543895,2023-03-31,2023-04-05,2023-04-17,64.00,21.12,Bookbuilding,BSE SME,Share India Capital,2023,Share India Securities Ltd.,chittorgarh,19,chittorgarh,2.00,chittorgarh,9.5,chittorgarh,,,64.00,chittorgarh,67.20,chittorgarh,64.00,chittorgarh,67.20,chittorgarh,Working capital gap | Acquisition of exhibition material | General Corporate Purposes,chittorgarh,21,chittorgarh,1,3.3,2.3,2,10.56,10.39,17.08,41.18,1.56,100,,61,True,2000,128000,3.2,30,144,20.1,59,88,144,14,20,38,9,14,30,10.7,10.1,20.1,18,83,112,1,1,0,28,103,143,-3,-29,17,15.25,50.00,0.06,59,9,Mar 2023,1,sharescart,sharescart,ipowatch,
INE0O2D01012,Sotac Pharmaceuticals Ltd.,SME,SOTAC,,2023-03-29,2023-04-03,2023-04-13,111.00,33.30,Bookbuilding,NSE SME,Beeline Capital,2023,Sunflower Broking Pvt.Ltd.,chittorgarh,32,chittorgarh,1.00,chittorgarh,3.0,chittorgarh,9.47,chittorgarh,115.00,chittorgarh,120.75,chittorgarh,115.00,chittorgarh,120.75,chittorgarh,To Meet Working Capital Requirements | Investment in Subsidiary | Upgradation / Construction of Existing /New Building in the Existing Premises | General Corporate Purpose,chittorgarh,33,chittorgarh,1,4,0.9,1.6,16.65,20.18,10.61,53.28,9.01,100,72.85,105,True,1200,133200,15.2,9,97,7.3,77,104,97,8,9,18,2,4,9,3.6,3.9,7.3,19,45,53,8,12,14,74,104,123,8,-16,-4,2.60,10.53,0.42,77,2,Mar 2023,1,sharescart,sharescart,ipowatch,sharescart
INE0O1T01010,Maiden Forgings Ltd.,SME,,543874,2023-03-23,2023-03-27,2023-04-06,63.00,23.84,Bookbuilding,BSE SME,Share India Capital,2023,Share India Securities Ltd.,chittorgarh,23,chittorgarh,1.00,chittorgarh,4.2,chittorgarh,,,63.00,chittorgarh,63.00,chittorgarh,59.85,chittorgarh,59.86,chittorgarh,Consolidation and expansion of the manufacturing facilities | Working Capital and | General Corporate Purpose,chittorgarh,24,chittorgarh,1,1.4,1.1,1.2,11.35,4.84,8.90,27.24,6.35,100,,60,False,2000,120000,14,6,213,4.3,221,236,213,22,24,20,10,10,6,9.2,6.8,4.3,41,71,76,17,15,20,127,149,164,11,-12,5,,,,,,,0,sharescart,sharescart,ipowatch,
INE0NIJ01017,Dev Labtech Venture Ltd.,SME,,543848,2023-03-17,2023-03-21,2023-03-29,51.00,11.22,Fixed Price,BSE SME,Beeline Capital,2023,Sunflower Broking Pvt.Ltd.,chittorgarh,11,chittorgarh,0.00,chittorgarh,0.0,chittorgarh,,,51.00,chittorgarh,51.20,chittorgarh,48.45,chittorgarh,50.21,chittorgarh,To Meet the Capital Expenditure Requirements | To Meet Working Capital Requirement | General Corporate Purpose,chittorgarh,11,chittorgarh,,2.65,8.24,5.47,,,,,15.69,,,,,,,,,,,,,,,,,,,,,,,,,,,,,,,,,,,,,,,,,,ipowatch,,ipowatch,
INE0LKQ01012,Command Polymers Ltd.,SME,,543843,2023-03-17,2023-03-21,2023-03-29,28.00,7.09,Fixed Price,BSE SME,Aryaman Financial,2023,Aryaman Capital Markets Ltd.,chittorgarh,7,chittorgarh,0.00,chittorgarh,0.0,chittorgarh,,,26.75,chittorgarh,27.42,chittorgarh,25.45,chittorgarh,26.50,chittorgarh,Funding Working capital requirements; | Repayment of Loans | General Corporate Purpose,chittorgarh,7,chittorgarh,0,1.8,1,1.4,0.00,6.42,3.47,9.85,17.86,100,,28,False,4000,112000,46.7,1,11,0.6,23,11,11,2,-1,2,0,-2,1,0.4,-2.2,0.6,17,15,16,4,4,3,27,27,27,6,-5,-0,,,,,,,0,sharescart,sharescart,ipowatch,
INE0OK701014,Nirman Agri Genetics Ltd.,SME,NIRMAN,,2023-03-15,2023-03-20,2023-03-28,99.00,20.30,Fixed Price,NSE SME,First Overseas,2023,NNM Securities Pvt.Ltd.,chittorgarh,19,chittorgarh,1.00,chittorgarh,5.0,chittorgarh,,,102.00,chittorgarh,107.10,chittorgarh,96.90,chittorgarh,101.30,chittorgarh,Funding additional Working capital requirements | Investment in Strategic Acquisition / Joint Venture | Purchase of Computer and other hardware | General Corporate Purposes,chittorgarh,20,chittorgarh,0,1.2,2.2,1.7,0.00,12.38,22.33,34.72,2.02,100,52.57,99,False,1200,118800,3.1,25,237,31.6,29,63,237,4,11,27,4,10,25,6.7,17.5,31.6,27,37,110,1,0,0,30,44,113,0,4,-32,,,,,,,0,sharescart,sharescart,ipowatch,sharescart
INE0OMI01019,Bright Outdoor Media Ltd.,SME,,543831,2023-03-14,2023-03-17,2023-03-24,146.00,55.48,Fixed Price,BSE SME,Shreni Shares,2023,Shreni Shares Ltd.,chittorgarh,53,chittorgarh,2.00,chittorgarh,3.6,chittorgarh,,,150.00,chittorgarh,157.50,chittorgarh,150.00,chittorgarh,157.50,chittorgarh,Prepayment/repayment of certain secured borrowings availed by our Company | Purchase of LED Hoardings | Funding working capital requirements; and | General corporate purpose,chittorgarh,55,chittorgarh,0,1.4,1.2,1.3,0.00,38.56,31.90,70.46,3.42,99.99,72.72,146,False,1000,146000,11.1,19,127,13.1,92,107,127,13,23,27,7,16,19,3.4,7.7,9.1,99,146,164,1,0,0,155,187,188,-12,-18,5,,,,,,,0,sharescart,sharescart,ipowatch,sharescart
INE0O1M01015,Quality Foils (India) Ltd.,SME,QFIL,,2023-03-14,2023-03-16,2023-03-24,60.00,4.52,Fixed Price,NSE SME,Khambatta Securities,2023,Khambatta Securities Ltd.,chittorgarh,4,chittorgarh,1.00,chittorgarh,20.0,chittorgarh,,,100.00,chittorgarh,102.00,chittorgarh,95.00,chittorgarh,97.70,chittorgarh,Funding capital expenditure requirements towards purchase of machinery | To meet the working capital requirements of the Company | General Corporate Purpose; and,chittorgarh,5,chittorgarh,0,464.5,259.7,364.4,0.00,1050.70,587.33,1648.46,41.67,72.8,53.57,60,False,2000,120000,12,1,151,5,186,155,151,7,6,6,3,1,1,11.2,4.7,5,27,29,30,13,13,21,76,69,98,9,15,-2,,,,,,,0,sharescart,sharescart,ipowatch,sharescart
INE0NLJ01011,Labelkraft Technologies Ltd.,SME,,543830,2023-03-13,2023-03-15,2023-03-23,55.00,4.75,Fixed Price,BSE SME,Hem Securities,2023,Hem Securities Ltd.,chittorgarh,5,chittorgarh,0.00,chittorgarh,0.0,chittorgarh,,,56.00,chittorgarh,57.90,chittorgarh,53.20,chittorgarh,55.79,chittorgarh,Funding Capital Expenditure towards installation of additional plant and machinery | Funding of Working capital requirements | General Corporate Purpose,chittorgarh,5,chittorgarh,0,46.8,59.8,53.4,0.00,111.29,142.18,253.85,18.18,99.71,73.16,55,False,2000,110000,14.5,1,21,3.8,13,18,21,1,2,2,0,1,1,0.6,3.5,3.8,10,11,12,2,1,2,13,14,15,2,2,2,,,,,,,0,sharescart,sharescart,ipowatch,sharescart
INE0I3H01019,VELS Film International Ltd.,SME,VELS,,2023-03-10,2023-03-14,2023-03-22,99.00,33.74,Fixed Price,NSE SME,Khambatta Securities,2023,SS Corporate Securities Ltd.,chittorgarh,32,chittorgarh,2.00,chittorgarh,5.9,chittorgarh,,,101.00,chittorgarh,106.05,chittorgarh,101.00,chittorgarh,103.40,chittorgarh,Film production | General Corporate Purpose,chittorgarh,34,chittorgarh,0,1.2,1,1.1,0.00,20.58,16.36,37.11,4.04,100,73.52,99,False,1200,118800,3,38,69,33.3,60,40,69,9,-15,23,1,-43,38,1.1,-28.2,33.3,54,18,61,54,52,47,188,236,201,-38,21,32,,,,,,,0,sharescart,sharescart,investorgain,sharescart
INE00TV01023,Sudarshan Pharma Industries Ltd.,SME,,543828,2023-03-09,2023-03-14,2023-03-22,73.00,50.10,Bookbuilding,BSE SME,Gretex Corporate,2023,Gretex Share Broking Pvt.Ltd.,chittorgarh,48,chittorgarh,2.00,chittorgarh,4.0,chittorgarh,5.70,chittorgarh,73.00,chittorgarh,73.25,chittorgarh,69.35,chittorgarh,69.35,chittorgarh,To set up a dedicated manufacturing facility for Pharmaceutical Business | Distribution and Warehousing Centre‘s & Purchase of Corporate Office | Additional Working Capital | General Corporate Expenses,chittorgarh,50,chittorgarh,1,0.8,1.2,1.1,25.30,6.09,21.04,53.10,6.85,80.28,,71,True,1600,116800,104.3,16,505,0.7,461,464,505,16,25,42,7,11,16,0.3,0.5,0.7,101,112,131,13,10,10,232,283,402,-29,8,35,,,,,,,0,sharescart,sharescart,investorgain,
INE0OKG01017,Prospect Commodities Ltd.,SME,,543814,2023-03-08,2023-03-13,2023-03-20,61.00,7.48,Fixed Price,BSE SME,Interactive Financial,2023,Beeline Broking Ltd.,chittorgarh,7,chittorgarh,0.00,chittorgarh,0.0,chittorgarh,,,61.00,chittorgarh,64.05,chittorgarh,61.00,chittorgarh,61.45,chittorgarh,"Repayment of Unsecured Loans | Long-term working capital requirement | General Corporate Purpose,",chittorgarh,7,chittorgarh,0,6.9,3.8,5.3,0.00,25.61,14.06,39.71,8.2,100,69.5,61,False,2000,122000,14.5,2,31,4.2,13,24,31,2,3,4,1,2,2,1.3,4.2,4,11,13,24,1,1,0,14,18,31,-5,-0,-3,,,,,,,0,sharescart,sharescart,ipowatch,sharescart
INE0O4M01019,MCON Rasayan India Ltd.,SME,MCON,,2023-03-06,2023-03-10,2023-03-20,40.00,6.84,Fixed Price,NSE SME,GYR Capital,2023,Econo Broking Pvt.Ltd.,chittorgarh,6,chittorgarh,1.00,chittorgarh,14.3,chittorgarh,,,48.00,chittorgarh,50.40,chittorgarh,48.00,chittorgarh,50.40,chittorgarh,Funding the working capital requirements of the company | General Corporate Purposes,chittorgarh,7,chittorgarh,0,307.1,453.4,384.6,0.00,1050.25,1550.66,2630.94,37.5,91.45,66.64,40,False,3000,120000,11.8,2,51,3.4,31,42,51,3,6,7,1,2,2,1.8,3.6,3.1,13,16,33,4,5,6,30,46,71,-5,4,-14,,,,,,,0,sharescart,sharescart,ipowatch,sharescart
INE0O7R01011,Systango Technologies Ltd.,SME,SYSTANGO,,2023-03-02,2023-03-06,2023-03-15,90.00,34.82,Bookbuilding,NSE SME,Hem Securities,2023,Hem Finlease Pvt.Ltd.,chittorgarh,33,chittorgarh,2.00,chittorgarh,5.7,chittorgarh,9.89,chittorgarh,98.00,chittorgarh,102.90,chittorgarh,95.00,chittorgarh,102.90,chittorgarh,Strategic Investment and Acquisitions | Investment in Subsidiaries | To Meet Working Capital Requirements | General Corporate Purposes,chittorgarh,35,chittorgarh,14.1,230.4,66.6,65,245.48,1203.14,811.51,2262.90,33.33,97.73,71.96,85,True,1600,144000,5.6,24,67,16.2,52,57,67,17,22,30,14,17,24,9.5,11.5,16.2,62,78,102,1,0,0,69,86,112,5,9,12,,,,,,,0,sharescart,sharescart,ipowatch,sharescart
INE0NLB01018,Vertexplus Technologies Ltd.,SME,VERTEXPLUS,,2023-03-02,2023-03-06,2023-03-15,96.00,14.20,Bookbuilding,NSE SME,Beeline Capital,2023,Prabhat Financial Services Ltd.,chittorgarh,13,chittorgarh,1.00,chittorgarh,7.1,chittorgarh,3.99,chittorgarh,101.00,chittorgarh,106.05,chittorgarh,101.00,chittorgarh,106.05,chittorgarh,To Meet Working Capital Requirement | General Corporate Purpose,chittorgarh,14,chittorgarh,1.4,35.2,15.5,11,10.16,74.89,77.21,156.39,9.38,100,50.33,91,True,1200,115200,60,1,18,1.6,21,19,18,3,2,2,2,1,1,3.5,1.1,1.6,22,23,24,0,1,2,32,28,32,-5,1,-1,,,,,,,0,sharescart,sharescart,ipowatch,sharescart
INE0O6A01019,ITCONS E-Solutions Ltd.,SME,,543806,2023-02-28,2023-03-02,2023-03-13,51.00,8.67,Fixed Price,BSE SME,Finshore Management,2023,Nikunj Stock Brokers Ltd.,chittorgarh,8,chittorgarh,1.00,chittorgarh,11.1,chittorgarh,,,46.99,chittorgarh,49.33,chittorgarh,46.00,chittorgarh,49.33,chittorgarh,Working capital requirements | Issue related expenses | General corporate expenses,chittorgarh,9,chittorgarh,0,16.1,17.5,16.8,0.00,69.88,75.65,145.57,13.73,89.67,59.36,51,False,2000,102000,8,3,56,6.4,28,28,56,3,3,5,2,2,3,3.4,3.8,5.8,12,14,37,0,0,1,14,19,50,-1,-2,-23,,,,,,,0,sharescart,sharescart,ipowatch,sharescart
INE0NYN01016,ResGen Ltd.,SME,,543805,2023-02-28,2023-03-02,2023-03-13,47.00,28.20,Bookbuilding,BSE SME,Gretex Corporate,2023,Gretex Share Broking Pvt.Ltd.,chittorgarh,27,chittorgarh,1.00,chittorgarh,3.6,chittorgarh,7.95,chittorgarh,49.00,chittorgarh,49.00,chittorgarh,46.55,chittorgarh,46.57,chittorgarh,Working Capital Requirements | Purchase of the land where our Manufacturing facility is currently situated | General Corporate Purposes,chittorgarh,28,chittorgarh,1.1,3.9,3.9,2.5,15.37,16.37,38.30,70.50,4.26,100,65.16,45,True,3000,141000,12.4,8,65,3.8,24,46,65,10,15,15,4,7,8,2,3.1,3.8,43,50,58,8,5,3,67,66,70,-14,5,7,,,,,,,0,sharescart,sharescart,ipowatch,sharescart
INE0G1V01016,Amanaya Ventures Ltd.,SME,,543804,2023-02-24,2023-02-28,2023-03-09,23.00,2.76,Fixed Price,BSE SME,First Overseas,2023,Nikunj Stock Brokers Ltd.,chittorgarh,3,chittorgarh,0.00,chittorgarh,0.0,chittorgarh,,,20.10,chittorgarh,21.00,chittorgarh,19.10,chittorgarh,19.10,chittorgarh,To meet the Working Capital requirements; | General Corporate Expense,chittorgarh,3,chittorgarh,0,0.8,2.7,1.8,0.00,1.06,3.77,4.83,8.7,100,56.65,23,False,6000,138000,28.8,0,40,0.8,11,31,40,0,0,0,0,0,0,0.2,0.3,0.8,5,5,5,0,0,0,5,5,5,-1,-2,0,,,,,,,0,sharescart,sharescart,investorgain,sharescart
INE0JZS01010,SVJ Enterprises Ltd.,SME,,543799,2023-02-23,2023-02-28,2023-03-09,36.00,6.12,Fixed Price,BSE SME,First Overseas,2023,Nikunj Stock Brokers Ltd.,chittorgarh,6,chittorgarh,0.00,chittorgarh,0.0,chittorgarh,,,38.00,chittorgarh,38.00,chittorgarh,36.10,chittorgarh,36.10,chittorgarh,To meet the working capital requirements of the company | General Corporate Purpose | To meet the expenses of the Issue,chittorgarh,6,chittorgarh,0,2.1,0.9,1.5,0.00,6.43,2.73,9.12,11.11,85.54,59.42,36,False,3000,108000,36,1,5,1,6,6,5,1,1,1,1,1,1,1.3,1.3,1,15,15,16,0,0,0,18,19,22,-6,-1,-1,,,,,,,0,sharescart,sharescart,investorgain,sharescart
INE0NPI01014,Srivasavi Adhesive Tapes Ltd.,SME,SRIVASAVI,,2023-02-23,2023-02-28,2023-03-09,41.00,15.50,Fixed Price,NSE SME,Shreni Shares,2023,Shreni Shares Ltd.,chittorgarh,15,chittorgarh,0.00,chittorgarh,0.0,chittorgarh,,,40.00,chittorgarh,42.00,chittorgarh,38.10,chittorgarh,42.00,chittorgarh,Funding working capital requirements | General Corporate Purpose,chittorgarh,15,chittorgarh,0,7.1,8.4,7.8,0.00,55.17,64.94,120.11,7.32,99.84,73.21,41,False,3000,123000,8.5,7,90,4.8,59,78,90,6,8,11,4,5,7,2.6,3.6,4.8,29,34,41,1,0,0,41,49,58,-0,-1,2,,,,,,,0,sharescart,sharescart,ipowatch,sharescart
INE0NPA01011,Patron Exim Ltd.,SME,,543798,2023-02-21,2023-02-24,2023-03-06,27.00,16.69,Fixed Price,BSE SME,Interactive Financial,2023,Sunflower Broking Pvt.Ltd.,chittorgarh,16,chittorgarh,1.00,chittorgarh,5.9,chittorgarh,,,28.40,chittorgarh,28.40,chittorgarh,26.98,chittorgarh,26.98,chittorgarh,Long term Working capital requirement | General corporate purposes,chittorgarh,17,chittorgarh,0,1,1.2,1.1,0.00,8.09,9.76,17.85,11.11,97.06,71.18,27,False,4000,108000,,0,24,0,13,7,24,2,1,0,1,1,0,0.6,0.3,0,38,39,39,0,0,0,38,45,44,-23,-0,-0,,,,,,,0,sharescart,sharescart,investorgain,sharescart
INE0OLH01013,Macfos Ltd.,SME,,543787,2023-02-17,2023-02-21,2023-03-01,102.00,23.75,Bookbuilding,BSE SME,Hem Securities,2023,Hem Securities Ltd.,chittorgarh,,,23,chittorgarh,95.8,chittorgarh,6.73,chittorgarh,184.00,chittorgarh,184.00,chittorgarh,174.80,chittorgarh,174.80,chittorgarh,"To achieve the benefits of listing the Equity Shares on the Stock Exchanges and the sale of up to 23,28,000 Equity Shares by the Selling Shareholders in the Offer",chittorgarh,24,chittorgarh,21.6,660,268.5,193.9,256.45,2350.78,2231.08,4603.56,78.43,100,73.65,96,True,1200,122400,5.3,18,255,19.1,,125,255,,17,27,,11,18,,11.1,17.3,,27,70,,2,1,,50,108,,5,-25,,,,,,,0,sharescart,sharescart,ipowatch,sharescart
INE0O4601016,Sealmatic India Ltd.,SME,,543782,2023-02-17,2023-02-21,2023-03-01,225.00,56.24,Bookbuilding,BSE SME,ISK Advisors,2023,Sunflower Broking Pvt.Ltd.,chittorgarh,39,chittorgarh,15,chittorgarh,26.8,chittorgarh,12.81,chittorgarh,225.00,chittorgarh,236.25,chittorgarh,216.00,chittorgarh,236.25,chittorgarh,Purchase of Plant & Machinery | Product Development | Marketing and Post-Sales Support | General Corporate Purpose | Provisions and Contingency | Working Capital Requirement,chittorgarh,56,chittorgarh,8.7,30.2,12.1,16.6,195.94,305.93,284.87,934.16,6.67,100,55.56,220,True,600,135000,12.8,16,101,17.6,59,71,101,17,16,25,11,10,16,10.1,9.1,14.7,79,88,103,3,2,3,103,114,132,3,-8,-3,,,,,,,0,sharescart,sharescart,ipowatch,sharescart
INE0MO401019,Viaz Tyres Ltd.,SME,VIAZ,,2023-02-16,2023-02-21,2023-03-01,62.00,20.00,Fixed Price,NSE SME,Beeline Capital,2023,Sunflower Broking Pvt.Ltd.,chittorgarh,19,chittorgarh,1.00,chittorgarh,5.0,chittorgarh,,,68.00,chittorgarh,71.40,chittorgarh,68.00,chittorgarh,68.05,chittorgarh,Repayment or Prepayment or part repayment of Loan | To Meet Working Capital Requirements | General Corporate Purpose | Public Issue Expenses,chittorgarh,20,chittorgarh,0,5.3,6.3,5.8,0.00,53.30,62.50,115.81,3.23,99.2,73.07,62,False,2000,124000,23,3,57,2.7,,50,57,,5,8,,2,3,,1.9,2.7,,33,37,,2,1,,51,59,,4,-3,,,,,,,0,sharescart,sharescart,ipowatch,sharescart
INE0MLA01012,Agarwal Float Glass India Ltd.,SME,AGARWALFT,,2023-02-10,2023-02-15,2023-02-23,42.00,9.20,Fixed Price,NSE SME,GYR Capital,2023,SMC Global Securities Ltd.,chittorgarh,9,chittorgarh,0.00,chittorgarh,0.0,chittorgarh,,,44.00,chittorgarh,44.50,chittorgarh,42.00,chittorgarh,44.05,chittorgarh,Funding the working capital requirements of the company | General Corporate Purposes,chittorgarh,9,chittorgarh,0,3.1,7.2,5.2,0.00,14.39,33.11,47.46,11.9,99.99,69.77,42,False,3000,126000,10,3,72,4.2,48,79,72,5,2,6,2,0,3,3.4,0.3,4.2,15,15,19,2,1,1,27,30,39,-5,-1,2,,,,,,,0,sharescart,sharescart,investorgain,sharescart
INE0KN201016,Indong Tea Co.Ltd.,SME,,543769,2023-02-09,2023-02-13,2023-02-21,26.00,13.67,Fixed Price,BSE SME,Finshore Management,2023,Nikunj Stock Brokers Ltd.,chittorgarh,12,chittorgarh,2.00,chittorgarh,14.3,chittorgarh,,,20.80,chittorgarh,21.80,chittorgarh,19.80,chittorgarh,21.80,chittorgarh,"Funding Capital Expenditure towards Extension, Uprooting, Infilling of Tea Plantation and Irrigation at Indong Tea Estate, Jalpaiguri, West Bengal | Funding Capital Expenditure towards installation of additional plant and machinery for Tea Processing Unit at Indong Tea Estate, Jalpaiguri, West Bengal | Working capital requirements | General corporate purposes | Issue related expenses",chittorgarh,14,chittorgarh,0,2.2,7.8,5,0.00,14.12,50.48,64.66,11.54,100,70.55,26,False,4000,104000,,0,30,0,21,21,30,5,1,3,1,-1,0,0.8,-0.9,0.2,52,49,61,7,4,3,65,66,78,-3,3,-9,,,,,,,0,sharescart,sharescart,ipowatch,sharescart
INE0H4B01011,Lead Reclaim & Rubber Products Ltd.,SME,LRRPL,,2023-02-09,2023-02-13,2023-02-21,25.00,4.88,Fixed Price,NSE SME,Fedex Securities,2023,Svcm Securities Pvt.Ltd.,chittorgarh,5,chittorgarh,0.00,chittorgarh,0.0,chittorgarh,,,27.50,chittorgarh,28.50,chittorgarh,27.15,chittorgarh,27.65,chittorgarh,Funding our working capital requirements | Purchase of plant and machinery for augmenting our Manufacturing Facility | General corporate purposes,chittorgarh,5,chittorgarh,0,87.6,64.4,76,0.00,213.43,157.00,370.40,12.0,100,41.5,25,False,6000,150000,13.2,1,31,1.9,,15,31,,2,4,,0,1,,0.5,1.7,,11,20,,1,2,,19,29,,0,-0,,,,,,,0,sharescart,sharescart,investorgain,sharescart
INE0MM001019,Shera Energy Ltd.,SME,SHERA,,2023-02-07,2023-02-09,2023-02-17,57.00,35.20,Bookbuilding,NSE SME,Holani Consultants,2023,Holani Consultants Pvt.Ltd.,chittorgarh,4,chittorgarh,29,chittorgarh,82.9,chittorgarh,8.55,chittorgarh,64.10,chittorgarh,67.30,chittorgarh,64.00,chittorgarh,67.30,chittorgarh,Funding the working Capital Requirement of our Company | General corporate purposes,chittorgarh,35,chittorgarh,8.7,190.1,51.3,47.4,148.81,1060.14,645.44,1667.22,17.54,66.57,63.51,55,True,2000,114000,7.3,22,1277,7.8,696,875,1277,40,53,60,9,14,22,4,6.2,9.2,89,107,153,41,42,44,375,444,614,13,38,-3,,,,,,,0,sharescart,sharescart,ipowatch,sharescart
INE0O4V01010,Earthstahl & Alloys Ltd.,SME,,543765,2023-01-27,2023-01-31,2023-02-08,40.00,12.96,Bookbuilding,BSE SME,Hem Securities,2023,Hem Securities Ltd.,chittorgarh,12,chittorgarh,1.00,chittorgarh,7.7,chittorgarh,,,55.00,chittorgarh,57.75,chittorgarh,52.50,chittorgarh,57.75,chittorgarh,"Funding capital expenditure towards change in electricity supply voltage from 33 KV to 132 KV at our manufacturing facility at Village Duldula, Baloda Bazar (C.G.) | To meet Working Capital requirements | General Corporate Purpose",chittorgarh,13,chittorgarh,39.83,445.09,191.55,235.1,,,,,50.0,,,,,,,,,,,,,,,,,,,,,,,,,,,,,,,,,,,,,,,,,,ipowatch,,ipowatch,
INE0LVM01018,Gayatri Rubbers & Chemicals Ltd.,SME,GRCL,,2023-01-25,2023-01-30,2023-02-07,30.00,4.58,Fixed Price,NSE SME,Khambatta Securities,2023,Khambatta Securities Ltd.,chittorgarh,4,chittorgarh,1.00,chittorgarh,20.0,chittorgarh,,,35.00,chittorgarh,36.75,chittorgarh,35.00,chittorgarh,36.75,chittorgarh,Working Capital Requirement including margin money | General Corporate Purpose | Issue Expenses,chittorgarh,5,chittorgarh,,,,,,,,,10.0,,,,,,,,,,,,,,,,,,,,,,,,,,,,,,,,,,,,,,,,,,,,investorgain,
INE0MPU01011,Transvoy Logistics India Ltd.,SME,,543754,2023-01-20,2023-01-24,2023-02-02,71.00,5.11,Fixed Price,BSE SME,Beeline Capital,2023,Sunflower Broking Pvt.Ltd.,chittorgarh,5,chittorgarh,0.00,chittorgarh,0.0,chittorgarh,,,71.00,chittorgarh,74.55,chittorgarh,67.50,chittorgarh,74.55,chittorgarh,To Meet Working Capital Requirements | Investment in Subsidiary for Purchase of Containers | General Corporate Purpose | Public Issue Expenses,chittorgarh,5,chittorgarh,,200.0,168.67,184.34,,,,,21.13,,,,,,,,,,,,,,,,,,,,,,,,,,,,,,,,,,,,,,,,,,ipowatch,,ipowatch,
INE0M9Q01011,DHARNI Capital Services Ltd.,SME,,543753,2023-01-18,2023-01-20,2023-01-31,20.00,10.74,Fixed Price,BSE SME,Srujan Alpha Capital,2023,Sunflower Broking Pvt.Ltd.,chittorgarh,10,chittorgarh,1.00,chittorgarh,9.1,chittorgarh,,,21.00,chittorgarh,21.50,chittorgarh,20.20,chittorgarh,20.25,chittorgarh,Investment in Wholly owned Subsidiary Company | General Corporate Purpose,chittorgarh,11,chittorgarh,,,,,,,,,,,,,,,,,,,,,,,,,,,,,,,,,,,,,,,,,,,,,,,,,,,,,,
INE082101010,Aristo Bio-Tech & Lifescience Ltd.,SME,ARISTO,,2023-01-16,2023-01-19,2023-01-30,72.00,13.05,Fixed Price,NSE SME,Beeline Capital,2023,Sunflower Broking Pvt.Ltd.,chittorgarh,12,chittorgarh,1.00,chittorgarh,7.7,chittorgarh,,,80.00,chittorgarh,84.00,chittorgarh,76.05,chittorgarh,84.00,chittorgarh,To Meet Working Capital Requirement | General Corporate Expenses | Public Issue Expenses,chittorgarh,13,chittorgarh,,,,,,,,,50.0,,,,,,,,,,,,,,,,,,,,,,,,,,,,,,,,,,,,,,,,,,,,investorgain,
INE0LZO01015,Ducol Organics & Colours Ltd.,SME,DUCOL,,2023-01-09,2023-01-11,2023-01-19,78.00,31.51,Fixed Price,NSE SME,First Overseas,2023,Bhh Securities Pvt.Ltd.,chittorgarh,28,chittorgarh,4.00,chittorgarh,12.5,chittorgarh,,,111.95,chittorgarh,117.50,chittorgarh,106.35,chittorgarh,117.50,chittorgarh,Funding working capital requirements of our Company | General Corporate Purposes,chittorgarh,32,chittorgarh,,,,,,,,,28.21,,,,,,,,,,,,,,,,,,,,,,,,,,,,,,,,,,,,,,,,,,,,investorgain,
INE0BSU01018,Eastern Logica Infoway Ltd.,SME,,543746,2023-01-05,2023-01-09,2023-01-17,225.00,16.94,Fixed Price,BSE SME,Oneview Corporate,2023,Nikunj Stock Brokers Ltd.,chittorgarh,14,chittorgarh,2,chittorgarh,11.8,chittorgarh,,,270.00,chittorgarh,283.50,chittorgarh,256.50,chittorgarh,283.50,chittorgarh,To meet the Working Capital requirements of the Company | General corporate purposes,chittorgarh,17,chittorgarh,,1.92,1.56,1.74,,,,,0.89,,,,,,,,,,,,,,,,,,,,,,,,,,,,,,,,,,,,,,,,,,ipowatch,,investorgain,
INE06PV01010,Chaman Metallics Ltd.,SME,CMNL,,2023-01-04,2023-01-06,2023-01-16,38.00,24.21,Fixed Price,NSE SME,Hem Securities,2023,Hem Finlease Pvt.Ltd.,chittorgarh,23,chittorgarh,1.00,chittorgarh,4.2,chittorgarh,,,68.00,chittorgarh,68.00,chittorgarh,64.60,chittorgarh,64.60,chittorgarh,To meet Working Capital requirements | General Corporate Purpose,chittorgarh,24,chittorgarh,,255.92,159.85,207.88,,,,,78.95,,,,,,,,,,,,,,,,,,,,,,,,,,,,,,,,,,,,,,,,,,ipowatch,,ipowatch,
INE0ZHT01012,Technichem Organics Ltd.,SME,,544327,2024-12-31,2025-01-02,2025-01-07,55.00,25.25,Bookbuilding,BSE SME,Shreni Shares,2024,Shreni Shares Ltd.,chittorgarh,24,chittorgarh,1.00,chittorgarh,4.0,chittorgarh,7.14,chittorgarh,57.25,chittorgarh,60.11,chittorgarh,57.25,chittorgarh,60.11,chittorgarh,"Funding of capital expenditure requirements of the Company towards setting up of a new plant named as “Plant –4”; | Repayment or prepayment, in full or in part, of certain borrowings availed by the Company from banks, financial institutions and non-banking financial companies; | General corporate purposes;",chittorgarh,25,chittorgarh,101.5,1078.9,329.4,425.1,1281.06,4085.52,2910.76,10731.40,20.0,100,37.07,52,True,2000,110000,18.3,4,57,3,50,46,57,5,10,8,2,4,4,1.4,3.4,2.3,15,19,46,11,12,6,44,51,69,3,2,-7,8.70,21.05,0.63,46,4,Mar 2024,2,sharescart,sharescart,ipowatch,sharescart
INE0A8401016,Citichem India Ltd.,SME,,544324,2024-12-27,2024-12-31,2025-01-03,70.00,12.60,Fixed Price,BSE SME,Horizon Management,2024,Aftertrade Broking Pvt.Ltd.,chittorgarh,12,chittorgarh,1.00,chittorgarh,7.7,chittorgarh,,,70.00,chittorgarh,70.00,chittorgarh,66.50,chittorgarh,68.28,chittorgarh,For Capital expenditure for acquisition of Property; | For purchasing of Transportation Vehicles and accessories; | For General Corporate Purposes;,chittorgarh,13,chittorgarh,0,277.9,543.2,414.4,0.00,1750.64,3422.03,5220.81,42.86,99.99,69.99,70,False,2000,140000,30.4,1,54,2.3,21,20,54,1,2,2,0,1,1,0.7,2.8,1.8,6,8,20,1,1,1,80,69,70,0,0,-12,5.00,12.50,0.12,20,1,Mar 2024,2,sharescart,sharescart,ipowatch,sharescart
INE0SI601032,Anya Polytech & Fertilizers Ltd.,SME,ANYA,,2024-12-26,2024-12-30,2025-01-02,14.00,44.80,Bookbuilding,NSE SME,Beeline Capital,2024,Spread X Securities Pvt.Ltd.,chittorgarh,43,chittorgarh,2.00,chittorgarh,4.4,chittorgarh,12.75,chittorgarh,17.10,chittorgarh,17.95,chittorgarh,17.00,chittorgarh,17.95,chittorgarh,"To meet Capital Expenditure & Working Capital requirement in Anya Polytech & Fertilizers Limited | Setting-up new project (“Proposed Project”) in Yara Green Energy Private Limited, subsidiary Company, along with working capital requirement. | To meet Working Capital & Capital Expenditure in Arawali Phosphate Limited, subsidiary Company | General corporate purposes",chittorgarh,45,chittorgarh,150.8,1100.4,321.5,439.8,3377.92,7394.62,5041.59,19703.04,42.86,89.19,65.4,13,True,10000,140000,12.7,10,123,1.1,92,116,123,5,12,19,1,6,10,0.2,1.5,3,22,27,40,14,34,19,60,96,110,-6,3,2,8.13,25.00,0.47,123,10,Mar 2024,3,sharescart,sharescart,investorgain,sharescart
INE0TP801012,Newmalayalam Steel Ltd.,SME,NMSTEEL,,2024-12-19,2024-12-23,2024-12-27,90.00,41.76,Bookbuilding,NSE SME,Khandwala Securities,2024,Aftertrade Broking Pvt.Ltd.,chittorgarh,40,chittorgarh,2.00,chittorgarh,4.8,chittorgarh,,,90.00,chittorgarh,90.00,chittorgarh,85.50,chittorgarh,85.50,chittorgarh,"IT / Technological Upgradation of existing manufacturing facility | Expansion of the existing solar facility for power generation | Funding of expenditure towards civil construction of new factory shed cum storage facility within the existing factory premises situated at Kerala | Advertising, Marketing and Brand Building | Funding incremental working capital requirements of our Company | General Corporate purposes#",chittorgarh,42,chittorgarh,1.3,24.6,87.7,50.7,5.26,462.85,1648.06,2116.81,33.33,99.8,73.02,85,True,1,90,28.1,4,304,3.2,355,300,304,13,11,11,6,4,4,4.7,3.4,2.6,36,40,78,12,8,3,87,116,109,31,-22,26,1.33,10.00,0.20,300,4,Mar 2024,2,sharescart,sharescart,investorgain,sharescart
INE0TD101011,Identical Brains Studios Ltd.,SME,IDENTICAL,,2024-12-18,2024-12-20,2024-12-26,54.00,19.95,Bookbuilding,NSE SME,Socradamus Capital,2024,Rikhav Securities Ltd.,chittorgarh,19,chittorgarh,1.00,chittorgarh,5.0,chittorgarh,5.66,chittorgarh,95.00,chittorgarh,99.75,chittorgarh,90.25,chittorgarh,99.75,chittorgarh,"Funding capital expenditure towards renovation of existing Andheri office and studio; | Funding capital expenditure towards establishment of Colour Grading Digital Intermediate (“DI”) and Sound Studio Set up at new branch office in Andheri; | Funding capital expenditure towards establishment of new branch office in Lucknow; | Funding capital expenditure for purchase of computers, storage systems and software to further strengthen the existing facilities/offices of the company; | Funding our incremental working capital requirements; and | General corporate purposes",chittorgarh,20,chittorgarh,187.4,1020.2,544.3,544.3,1868.69,3052.58,3799.98,10857.08,25.93,86.53,,51,True,2000,108000,19.3,4,25,2.8,8,20,25,2,8,7,2,5,4,1.8,5.2,2.8,3,12,34,0,0,0,5,17,39,2,1,-8,25.00,41.67,0.00,20,5,Mar 2024,2,sharescart,sharescart,ipowatch,
INE0LB101011,NACDAC Infrastructure Ltd.,SME,,544313,2024-12-17,2024-12-19,2024-12-24,35.00,10.01,Bookbuilding,BSE SME,GYR Capital,2024,Giriraj Stock Broking Pvt.Ltd.,chittorgarh,9,chittorgarh,1.00,chittorgarh,10.0,chittorgarh,2.73,chittorgarh,66.50,chittorgarh,69.82,chittorgarh,66.50,chittorgarh,69.82,chittorgarh,Working Capital | General Corporate Purposes,chittorgarh,10,chittorgarh,236.4,4084.5,2503.7,2209.8,1183.13,6132.82,8771.57,22119.70,60.0,95.9,,33,True,4000,140000,7.1,4,49,4.9,12,36,49,1,5,7,1,3,4,0.9,3.9,3.9,6,12,24,0,0,1,12,25,44,2,-8,-6,8.33,25.00,0.00,36,3,Mar 2024,2,sharescart,sharescart,ipowatch,
INE0QBD01018,Hamps Bio Ltd.,SME,,544312,2024-12-13,2024-12-17,2024-12-20,51.00,6.22,Fixed Price,BSE SME,Marwadi Chandarana Intermediaries,2024,Pure Broking Pvt.Ltd.,chittorgarh,6,chittorgarh,0.00,chittorgarh,0.0,chittorgarh,,,96.90,chittorgarh,101.74,chittorgarh,96.90,chittorgarh,101.74,chittorgarh,Purchase of plant & machinery for FMCG division; | Enhancing the visibility and awareness of our brand; | General corporate purposes,chittorgarh,6,chittorgarh,0,758.3,1342,1057,0.00,2358.98,4175.09,6576.65,41.18,100,74.04,51,False,2000,102000,72.9,0,7,0.7,6,6,7,1,1,1,0,1,0,0.7,0.8,0.3,1,3,9,0,0,2,4,5,13,1,-0,-2,16.67,33.33,0.00,6,1,Mar 2024,2,sharescart,sharescart,ipowatch,sharescart
INE00GK01023,Yash Highvoltage Ltd.,SME,,544310,2024-12-12,2024-12-16,2024-12-19,146.00,110.01,Bookbuilding,BSE SME,Indorient Financial,2024,Alacrity Securities Ltd.,chittorgarh,88,chittorgarh,16,chittorgarh,14.5,chittorgarh,31.33,chittorgarh,277.40,chittorgarh,291.25,chittorgarh,277.40,chittorgarh,291.25,chittorgarh,Setting up a new factory to manufacture RIP/RIS transformer condenser graded bushings | General Corporate Purposes,chittorgarh,110,chittorgarh,123.7,330,151.5,181.8,6804.18,5446.04,5834.10,20002.20,34.25,79.48,,138,True,1000,146000,16.4,21,150,8.9,90,108,150,19,22,34,11,12,21,5.2,5.6,7.5,32,42,148,4,5,6,59,70,202,9,14,9,11.11,28.57,0.12,108,12,Mar 2024,2,sharescart,sharescart,ipowatch,
INE0P5R01014,Purple United Sales Ltd.,SME,PURPLEUTED,,2024-12-11,2024-12-13,2024-12-18,126.00,32.81,Bookbuilding,NSE SME,Expert Global,2024,Prabhat Financial Services Ltd.,chittorgarh,31,chittorgarh,2.00,chittorgarh,6.1,chittorgarh,9.34,chittorgarh,199.00,chittorgarh,208.95,chittorgarh,189.05,chittorgarh,208.95,chittorgarh,Expenditure for opening new stores | Working capital requirements; | General corporate purposes;,chittorgarh,33,chittorgarh,86.3,269.7,155.3,160.1,1415.77,1327.34,1783.29,5252.29,15.87,87.54,,121,True,1000,126000,9.3,10,103,13.6,26,43,103,4,10,21,1,4,10,2.5,6.4,10.9,10,17,61,7,8,11,32,49,130,4,-11,-31,9.30,23.53,0.47,43,4,Mar 2024,2,sharescart,sharescart,ipowatch,
INE0U6N01014,Supreme Facility Management Ltd.,SME,SFML,,2024-12-11,2024-12-13,2024-12-18,76.00,50.00,Bookbuilding,NSE SME,Khandwala Securities,2024,Aftertrade Broking Pvt.Ltd.,chittorgarh,47,chittorgarh,3.00,chittorgarh,6.0,chittorgarh,,,75.00,chittorgarh,75.00,chittorgarh,71.25,chittorgarh,71.25,chittorgarh,Funding the working capital requirements | Pursuing inorganic initiatives | General corporate purposes,chittorgarh,50,chittorgarh,8.2,15.7,42.5,27,41.20,353.26,956.29,1350.55,31.58,97.29,71.51,72,True,1600,121600,19.5,8,401,3.9,330,355,401,25,30,36,6,6,8,3,2.7,3.2,28,35,89,42,44,66,148,176,250,5,18,16,1.69,17.14,1.26,355,6,Mar 2024,2,sharescart,sharescart,investorgain,sharescart
INE0WCH01015,Jungle Camps India Ltd.,SME,,544304,2024-12-10,2024-12-12,2024-12-17,72.00,29.42,Bookbuilding,BSE SME,Khambatta Securities,2024,Nikunj Stock Brokers Ltd.,chittorgarh,28,chittorgarh,1.00,chittorgarh,3.4,chittorgarh,8.38,chittorgarh,136.80,chittorgarh,143.50,chittorgarh,129.96,chittorgarh,129.96,chittorgarh,"To meet capital expenditure for the project development at Sanjay Dubri National Park, Madhya Pradesh. | To meet capital expenditure for renovation of existing resort Pench Jungle Camp, at Pench National Park, Madhya Pradesh | Investment in our Subsidiary, Madhuvan Hospitality Private Limited (“MHPL”) in relation to capital expenditure for the project development at Mathura Hotel Project, Mathura, Uttar Pardesh. | General Corporate Purposes",chittorgarh,29,chittorgarh,196.5,760.5,551.2,494.6,2890.73,3355.91,5675.55,14550.15,62.5,,,68,True,1600,115200,23.2,4,22,3.1,11,17,22,2,7,8,0,4,4,0.7,3.3,2.6,9,18,51,1,1,2,18,29,63,1,2,5,23.53,22.22,0.06,17,4,Mar 2024,2,sharescart,sharescart,ipowatch,
INE0XAY01012,Toss The Coin Ltd.,SME,,544303,2024-12-10,2024-12-12,2024-12-17,182.00,9.17,Bookbuilding,BSE SME,Beeline Capital,2024,Spread X Securities Pvt.Ltd.,chittorgarh,9,chittorgarh,0.00,chittorgarh,0.0,chittorgarh,2.60,chittorgarh,345.80,chittorgarh,363.05,chittorgarh,345.80,chittorgarh,363.05,chittorgarh,Funding capital expenditure for Development of Microservices Application | Funding capital Expenditure for opening new Offices | Funding Working Capital Requirement of our Company | General Corporate Expenses,chittorgarh,9,chittorgarh,147.7,964.2,1550.8,1025.8,677.37,1326.63,4978.68,9409.09,27.47,86.36,69.42,172,True,600,109200,22.2,1,9,8.2,5,5,9,2,2,2,2,1,1,12.9,7.6,6.6,4,4,13,0,0,0,4,5,14,1,1,0,20.00,25.00,0.00,5,1,Mar 2024,2,sharescart,sharescart,ipowatch,sharescart
INE0V9V01010,Dhanlaxmi Crop Science Ltd.,SME,DHANLAXMI,,2024-12-09,2024-12-11,2024-12-16,55.00,23.80,Bookbuilding,NSE SME,Finshore Management,2024,MNM Stock Broking Pvt.Ltd.,chittorgarh,23,chittorgarh,1.00,chittorgarh,4.2,chittorgarh,6.37,chittorgarh,104.50,chittorgarh,109.70,chittorgarh,104.50,chittorgarh,109.70,chittorgarh,Working Capital Requirements | Issue Related Expenses | General Corporate Expense,chittorgarh,24,chittorgarh,197.7,1241.3,441.2,555.8,2352.43,4432.08,3675.65,13230.98,36.36,76.7,56.37,52,True,2000,110000,8.3,9,129,6.6,47,64,129,5,7,13,3,5,9,2.5,3.9,5.3,11,16,46,2,1,1,20,35,83,6,0,-12,7.81,31.25,0.06,64,5,Mar 2024,2,sharescart,sharescart,ipowatch,sharescart
INE0RHD01013,Emerald Tyre Manufacturers Ltd.,SME,ETML,,2024-12-05,2024-12-09,2024-12-12,95.00,49.26,Bookbuilding,NSE SME,GYR Capital,2024,Giriraj Stock Broking Pvt.Ltd.,chittorgarh,45,chittorgarh,2,chittorgarh,4.1,chittorgarh,13.91,chittorgarh,180.50,chittorgarh,189.50,chittorgarh,180.50,chittorgarh,189.50,chittorgarh,To meet out the Capital Expenditure; | To meet General Corporate Purposes; and,chittorgarh,49,chittorgarh,196,912.2,558.1,530.6,4826.19,15726.70,4123.82,26136.55,89.47,67.62,,90,True,1200,114000,17.6,10,199,5.4,164,171,199,25,30,30,9,12,10,6.8,8.1,5.4,37,54,109,28,23,16,150,174,237,15,12,8,7.02,22.22,0.43,171,12,Mar 2024,2,sharescart,sharescart,investorgain,
INE0DQN01013,Nisus Finance Services Co.Ltd.,SME,,544296,2024-12-04,2024-12-06,2024-12-11,180.00,114.24,Bookbuilding,BSE SME,Beeline Capital,2024,Spread X Securities Pvt.Ltd.,chittorgarh,95,chittorgarh,13,chittorgarh,11.4,chittorgarh,32.21,chittorgarh,225.00,chittorgarh,236.25,chittorgarh,225.00,chittorgarh,236.25,chittorgarh,"Augmenting fund setup, additional licenses, facility management services and fund management infrastructure in IFSC-Gift City (Gandhinagar), DIFC-Dubai (UAE) and FSC-Mauritius. | Fund raising cost, distribution and placement fee to third party distributors or agents in India and/or international markets for creation of pool of funds | Investment in Subsidiary Company viz. Nisus Fincorp Private Limited (RBI Registered NBFC), for augmenting the capital base | General Corporate Purposes",chittorgarh,114,chittorgarh,93.8,451.2,139.8,192.3,5359.92,7731.61,5588.73,21966.29,52.78,100,71.23,170,True,800,144000,11,33,66,16.3,11,43,66,5,36,44,3,24,33,1.6,13.1,13.5,9,33,161,6,0,1,31,49,179,-2,15,-6,55.81,72.73,0.00,43,24,Mar 2024,2,sharescart,sharescart,investorgain,sharescart
INE0TVT01024,Ganesh Infraworld Ltd.,SME,GANESHIN,,2024-11-29,2024-12-03,2024-12-06,83.00,98.58,Bookbuilding,NSE SME,Vivro Financial,2024,Rikhav Securities Ltd.,chittorgarh,89,chittorgarh,10.00,chittorgarh,10.1,chittorgarh,26.59,chittorgarh,157.70,chittorgarh,165.55,chittorgarh,157.70,chittorgarh,165.55,chittorgarh,To meet long-term working capital requirements; and | General Corporate Purposes.,chittorgarh,99,chittorgarh,163.5,865.8,274.5,369.6,8059.69,12802.55,9470.14,36430.28,12.05,100,30.9,78,True,1600,132800,7.2,40,538,11.6,,51,538,,6,57,,4,40,,1.4,9.4,,35,180,,0,3,,94,265,,-28,-80,7.84,11.43,0.00,51,4,Mar 2024,1,sharescart,sharescart,ipowatch,sharescart
INE0P8X01016,Agarwal Toughened Glass India Ltd.,SME,AGARWALTUF,,2024-11-28,2024-12-02,2024-12-05,108.00,62.64,Bookbuilding,NSE SME,Cumulative Capital,2024,Nikunj Stock Brokers Ltd.,chittorgarh,59,chittorgarh,4.00,chittorgarh,6.3,chittorgarh,17.82,chittorgarh,135.00,chittorgarh,141.75,chittorgarh,130.00,chittorgarh,141.75,chittorgarh,Purchase of machinery at our existing manufacturing unit; | Repayment of certain Borrowings; | To meet incremental working capital requirements; and | General Corporate Expenses.,chittorgarh,63,chittorgarh,4.5,15.2,10.7,9.9,140.62,142.53,234.79,619.47,9.26,99.42,64.52,105,True,1200,129600,12.6,15,55,8.6,40,38,55,5,16,23,1,9,15,0.8,7.2,8.6,8,16,94,16,13,12,40,52,131,4,11,15,23.68,56.25,0.81,38,9,Mar 2024,2,sharescart,sharescart,ipowatch,sharescart
INE0T4V01015,Apex Ecotech Ltd.,SME,APEXECO,,2024-11-27,2024-11-29,2024-12-04,73.00,25.54,Bookbuilding,NSE SME,Share India Capital,2024,Share India Securities Ltd.,chittorgarh,24,chittorgarh,2.00,chittorgarh,7.7,chittorgarh,7.22,chittorgarh,138.70,chittorgarh,145.60,chittorgarh,138.70,chittorgarh,145.60,chittorgarh,To meet Working Capital Requirements | General corporate purpose,chittorgarh,26,chittorgarh,136.7,1179.6,329.7,457.1,1745.82,4519.86,2947.22,11675.47,47.95,94.32,69.29,71,True,1600,116800,9.2,9,71,7.9,35,53,71,5,9,12,4,7,9,3.9,6.8,6.5,7,15,46,0,0,0,18,25,59,3,7,-14,13.21,46.67,0.00,53,7,Mar 2024,2,sharescart,sharescart,ipowatch,sharescart
INE0UYG01015,Abha Power & Steel Ltd.,SME,ABHAPOWER,,2024-11-27,2024-11-29,2024-12-04,75.00,38.54,Fixed Price,NSE SME,Horizon Management,2024,Giriraj Stock Broking Pvt.Ltd.,chittorgarh,29,chittorgarh,8,chittorgarh,20.5,chittorgarh,,,81.90,chittorgarh,81.90,chittorgarh,77.80,chittorgarh,77.80,chittorgarh,"Funding the capital expenditure towards modernization and upgradation of the manufacturing facilities in Bilaspur, Chhattisgarh to expand our product portfolio | Funding working capital requirements of the Company | General Corporate Purposes.",chittorgarh,39,chittorgarh,0,10.1,24.9,18,0.00,194.07,480.45,693.79,20.0,100,100,75,False,1600,120000,19.2,6,70,3.9,55,52,70,4,8,11,1,4,6,1,2.6,3.4,14,18,51,15,12,9,45,47,79,8,3,3,7.69,22.22,0.67,52,4,Mar 2024,2,sharescart,sharescart,investorgain,sharescart
INE0VHU01019,Rajputana Biodiesel Ltd.,SME,RAJPUTANA,,2024-11-26,2024-11-28,2024-12-03,130.00,24.70,Bookbuilding,NSE SME,GYR Capital,2024,Giriraj Stock Broking Pvt.Ltd.,chittorgarh,23,chittorgarh,2.00,chittorgarh,8.0,chittorgarh,6.70,chittorgarh,247.00,chittorgarh,259.35,chittorgarh,247.00,chittorgarh,259.35,chittorgarh,"Loan to our Subsidiary, Nirvaanraj Energy Private Limited at H No - 576, Sheel Kunj Ph - II, Roorkee Road, Dist. - Meerut, Meerut, Uttar Pradesh, India, 250001 (“NEPL”) for capital expenditure requirements towards expansion of it’s existing manufacturing facility (the “Project”); | Funding working capital requirements of the company; and | General Corporate purposes",chittorgarh,25,chittorgarh,177.38,1345.96,746.57,718.81,,,,,23.08,,,,,,,,,,,,,,,,,,,,,,,,,,,,,,,,,,,,,,,,,,ipowatch,,ipowatch,
INE0VN801010,Rajesh Power Services Ltd.,SME,,544291,2024-11-25,2024-11-27,2024-12-02,335.00,160.47,Bookbuilding,BSE SME,ISK Advisors,2024,Sunflower Broking Pvt.Ltd.,chittorgarh,85,chittorgarh,67,chittorgarh,41.9,chittorgarh,44.77,chittorgarh,636.50,chittorgarh,668.30,chittorgarh,636.50,chittorgarh,668.30,chittorgarh,"Purchase of cable identification, testing and fault location equipments | Setting up of DC Solar Power Plant having capacity of 1300 KW | Inhouse development of Technical Expertise in Production of Green Hydrogen and associated equipment such as Electrolysers | Additional Working Capital Requirement | General Corporate Purpose",chittorgarh,160,chittorgarh,46.4,138.5,32,59,3721.99,3332.70,1794.96,9467.43,46.87,60.03,52.59,320,True,400,134000,5.8,93,1107,57.7,,,1107,,,141,,,93,,,51.8,,,263,,,49,,,537,,,-16,,,,,,,0,sharescart,sharescart,investorgain,sharescart
INE0U7V01015,C2C Advanced Systems Ltd.,SME,C2C,,2024-11-22,2024-11-26,2024-12-03,226.00,99.07,Bookbuilding,NSE SME,Mark Corporate,2024,Spread X Securities Pvt.Ltd.,chittorgarh,94,chittorgarh,5.00,chittorgarh,5.1,chittorgarh,28.23,chittorgarh,429.40,chittorgarh,450.85,chittorgarh,429.40,chittorgarh,450.85,chittorgarh,Funding of capital expenditure towards purchase of fixed assets (both hardware and software) for our existing operations (the upgradation of the existing Experience Centre and set up of Training Centre at Bengaluru) and the proposed set up of Experience Centre at Dubai | Towards fit-outs at the new premises at Bengaluru | Payment of Security Deposit for the new premises at Bengaluru | To fund the working capital requirements of the Company; and | To fund expenditure towards general corporate purposes. | Total,chittorgarh,99,chittorgarh,31.6,233.1,132.7,125.4,1565.79,3464.41,4602.32,12418.34,75.22,56.52,,214,True,600,135600,10.7,29,115,21.1,8,41,115,4,19,44,3,12,29,8.7,10,17.3,3,76,198,0,0,0,18,86,262,-5,-35,-115,29.27,15.79,0.00,41,12,Mar 2024,2,sharescart,sharescart,ipowatch,
INE0R0201012,Lamosaic India Ltd.,SME,LAMOSAIC,,2024-11-21,2024-11-26,2024-11-29,200.00,61.20,Fixed Price,NSE SME,Inventure Merchant Banker,2024,Svcm Securities Pvt.Ltd.,chittorgarh,58,chittorgarh,3.00,chittorgarh,4.9,chittorgarh,,,164.00,chittorgarh,172.20,chittorgarh,164.00,chittorgarh,172.20,chittorgarh,Repayment of certain borrowings | To Meet Incremental Working Capital Requirements | Pursuing Inorganic Growth | General Corporate Purposes | Total,chittorgarh,61,chittorgarh,0,0.9,2.7,1.8,0.00,26.93,81.40,108.32,,100,86.03,200,False,600,120000,66.7,2,143,3,,51,143,,13,7,,8,2,,10.5,2.4,,15,78,,6,1,,51,115,,-4,-31,15.69,53.33,0.40,51,8,Mar 2024,1,sharescart,sharescart,,sharescart
INE0WVU01018,Onyx Biotec Ltd.,SME,ONYX,,2024-11-13,2024-11-18,2024-11-22,61.00,29.34,Bookbuilding,NSE SME,Horizon Management,2024,Giriraj Stock Broking Pvt.Ltd.,chittorgarh,28,chittorgarh,1.00,chittorgarh,3.4,chittorgarh,8.33,chittorgarh,54.05,chittorgarh,56.75,chittorgarh,51.45,chittorgarh,56.75,chittorgarh,Upgradation of existing manufacturing Unit I to manufacture large volume parentals for intravenous use; | Setting up a high-speed cartooning packaging line at existing manufacturing Unit II for Dry Powder Injections; | Prepayment or repayment of all or a portion of certain loans availed by the Company; and | General Corporate Purposes,chittorgarh,29,chittorgarh,32.5,602.9,118.3,198,476.64,2653.28,1214.45,5809.52,8.2,100,38.96,58,True,2000,122000,18.5,5,62,3.3,39,54,62,5,9,12,2,4,5,1.6,2.7,2.7,18,25,56,18,24,7,59,74,91,6,2,1,7.41,16.00,0.96,54,4,Mar 2024,2,sharescart,sharescart,ipowatch,sharescart
INE0RU901015,Mangal Compusolution Ltd.,SME,,544287,2024-11-12,2024-11-14,2024-11-21,45.00,16.23,Fixed Price,BSE SME,Jawa Capital,2024,Rikhav Securities Ltd.,chittorgarh,15,chittorgarh,1.00,chittorgarh,6.2,chittorgarh,,,45.00,chittorgarh,45.00,chittorgarh,42.75,chittorgarh,42.75,chittorgarh,Capital Expenditure | General corporate purposes,chittorgarh,16,chittorgarh,0,22.3,46.9,34.6,0.00,180.77,380.60,561.29,4.44,100,73.5,45,False,3000,135000,11,5,25,4.1,17,21,25,15,12,12,7,4,5,7,3.9,3.4,16,20,40,20,14,8,47,45,58,4,7,8,19.05,20.00,0.70,21,4,Mar 2024,2,sharescart,sharescart,ipowatch,sharescart
INE0N1401016,Neelam Linens & Garments (India) Ltd.,SME,NEELAM,,2024-11-08,2024-11-12,2024-11-18,24.00,13.00,Bookbuilding,NSE SME,Expert Global,2024,Globalworth Securities Ltd.,chittorgarh,12,chittorgarh,1.00,chittorgarh,7.7,chittorgarh,3.69,chittorgarh,40.05,chittorgarh,40.05,chittorgarh,38.05,chittorgarh,38.05,chittorgarh,Funding capital expenditure requirement of the Company towards purchase of Embroidery Machines for expansion; | Prepayment or repayment of all or a portion of certain outstanding borrowings availed by the Company; | General corporate purposes,chittorgarh,13,chittorgarh,15.4,273.5,57.8,92,100.12,533.40,263.15,1195.90,58.33,67.19,52.45,20,True,6000,144000,15,3,110,1.6,104,102,110,8,10,12,2,2,3,1.6,1.7,1.3,21,23,39,36,39,46,100,121,137,-11,0,8,1.96,8.70,1.70,102,2,Mar 2024,2,sharescart,sharescart,investorgain,sharescart
INE0LS001014,Usha Financial Services Ltd.,SME,USHAFIN,,2024-10-24,2024-10-28,2024-10-31,168.00,98.45,Bookbuilding,NSE SME,Narnolia Financial,2024,SS Corporate Securities Ltd.,chittorgarh,93,chittorgarh,5.00,chittorgarh,5.1,chittorgarh,27.90,chittorgarh,164.00,chittorgarh,168.00,chittorgarh,155.80,chittorgarh,155.85,chittorgarh,To Augment the capital base of the Company | To meet out the General Corporate Purposes;,chittorgarh,98,chittorgarh,10,28.6,20.8,19.4,494.21,421.60,715.32,1906.94,10.71,98.91,72.24,160,True,800,134400,22.4,14,60,7.5,,,,36,47,43,10,13,14,3.6,4,3.2,82,106,211,110,74,90,371,335,439,-177,71,-93,,12.26,0.70,,13,Mar 2024,2,sharescart,sharescart,ipowatch,sharescart
INE0YU901016,Danish Power Ltd.,SME,DANISH,,2024-10-22,2024-10-24,2024-10-29,380.00,197.90,Bookbuilding,NSE SME,Hem Securities,2024,Hem Finlease Pvt.Ltd.,chittorgarh,188,chittorgarh,10.00,chittorgarh,5.1,chittorgarh,55.63,chittorgarh,570.00,chittorgarh,598.50,chittorgarh,541.50,chittorgarh,598.50,chittorgarh,"Funding capital expenditure towards expansion of the manufacturing facility of the Company by building of factory shed and installation of additional plant and machinery therein | To meet working capital requirements | Repayment of certain borrowing availed by our Company, in part or full | General Corporate Purpose",chittorgarh,198,chittorgarh,104.8,275.9,79.9,126.7,10369.18,8190.85,5533.00,25064.54,39.47,90.25,54.78,360,True,300,114000,11,58,427,34.6,,332,427,,57,89,,38,58,,26,29.2,,82,320,,7,2,,163,415,,26,-19,11.45,46.34,0.09,332,38,Mar 2024,1,sharescart,sharescart,ipowatch,sharescart
INE0SMR01011,United Heat Transfer Ltd.,SME,UHTL,,2024-10-22,2024-10-24,2024-10-29,59.00,30.00,Bookbuilding,NSE SME,Swastika Investmart,2024,Swastika Investmart Ltd.,chittorgarh,28,chittorgarh,2.00,chittorgarh,6.7,chittorgarh,8.46,chittorgarh,60.95,chittorgarh,63.95,chittorgarh,57.95,chittorgarh,63.95,chittorgarh,Repayment of Debt | To Meet Incremental Working Capital Requirements | General Corporate Purpose,chittorgarh,30,chittorgarh,26.6,124.7,98.9,83.7,398.34,561.16,1038.61,2510.63,11.86,100,74.83,56,True,2000,118000,17.9,5,67,3.3,70,60,67,8,14,12,2,6,5,1.7,4.9,2.8,14,20,59,21,16,6,65,71,88,8,3,-7,10.00,30.00,0.80,60,6,Mar 2024,2,sharescart,sharescart,ipowatch,sharescart
INE0YHV01011,OBSC Perfection Ltd.,SME,OBSCP,,2024-10-22,2024-10-24,2024-10-29,100.00,66.02,Bookbuilding,NSE SME,Unistone Capital,2024,R.K.Stock Holding Pvt.Ltd.,chittorgarh,63,chittorgarh,3.00,chittorgarh,4.5,chittorgarh,18.79,chittorgarh,110.00,chittorgarh,115.50,chittorgarh,110.00,chittorgarh,115.50,chittorgarh,"Funding capital expenditure requirements towards purchase of machinery for our existing manufacturing facility (“Unit III”) at Chennai, Tamil Nadu. | Funding capital expenditure requirements towards purchase of machinery for our existing manufacturing facility (“Unit IV”) at Pune, Maharashtra | Funding working capital requirements of the Company | General Corporate Purposes",chittorgarh,66,chittorgarh,10.2,25.9,16.2,16.6,336.72,256.21,374.36,1093.36,10.0,100,65.34,95,True,1200,120000,14.5,17,143,6.9,96,115,143,10,22,28,5,12,17,2.6,6.8,6.9,18,30,104,19,26,20,70,87,159,1,5,9,10.43,40.00,0.87,115,12,Mar 2024,2,sharescart,sharescart,ipowatch,sharescart
INE0M1F01011,Premium Plast Ltd.,SME,PREMIUM,,2024-10-21,2024-10-23,2024-10-28,49.00,26.20,Bookbuilding,NSE SME,Khandwala Securities,2024,Asnani Stock Broker Pvt.Ltd.,chittorgarh,25,chittorgarh,1.00,chittorgarh,3.8,chittorgarh,,,51.45,chittorgarh,51.75,chittorgarh,48.90,chittorgarh,48.90,chittorgarh,"Expansion of Existing Manufacturing facility at Pithampur, Madhya Pradesh and Purchase of Machineries | Funding of capital expenditure requirement of our Company towards Set up of Rooftop on Grid Solar Power Plant at our existing Manufacturing facility | Prepayment or repayment of all or a portion of certain outstanding borrowings availed by our Company | General Corporate Purpose | Offer Related Expenses",chittorgarh,26,chittorgarh,6.7,19.6,65.4,38.9,17.66,230.57,770.58,1018.22,18.37,100,55.55,46,True,3000,147000,14.4,6,57,3.4,44,47,57,5,10,12,2,5,6,1.7,5,3.4,12,17,53,3,5,2,29,38,76,4,2,-1,10.64,29.41,0.29,47,5,Mar 2024,2,sharescart,sharescart,investorgain,sharescart
INE0SFW01015,Freshara Agro Exports Ltd.,SME,FRESHARA,,2024-10-17,2024-10-21,2024-10-24,116.00,75.39,Bookbuilding,NSE SME,GYR Capital,2024,Giriraj Stock Broking Pvt.Ltd.,chittorgarh,68,chittorgarh,7.00,chittorgarh,9.3,chittorgarh,20.43,chittorgarh,135.00,chittorgarh,141.00,chittorgarh,128.25,chittorgarh,134.70,chittorgarh,To meet out the Capital Expenditure | Funding the working capital requirements of the company; | To meet out the General Corporate Purposes; and,chittorgarh,75,chittorgarh,129.2,510.6,180.8,236.8,4870.99,5774.29,4770.72,17852.52,34.48,37.45,34.37,110,True,1200,139200,7.9,29,251,14.6,,71,251,,14,46,,10,29,,5.9,12.3,,27,128,,11,8,,167,249,,-98,-0,14.08,37.04,0.41,71,10,Mar 2024,1,sharescart,sharescart,ipowatch,sharescart
INE0VZS01015,Lakshya Powertech Ltd.,SME,LAKSHYA,,2024-10-16,2024-10-18,2024-10-23,180.00,49.80,Bookbuilding,NSE SME,GYR Capital,2024,Giriraj Stock Broking Pvt.Ltd.,chittorgarh,47,chittorgarh,3.00,chittorgarh,6.0,chittorgarh,13.39,chittorgarh,342.00,chittorgarh,359.10,chittorgarh,342.00,chittorgarh,359.10,chittorgarh,Prepayment or repayment of all or a portion of certain outstanding borrowings availed by the Company | Funding working capital requirements of the Company; and | General Corporate Purposes,chittorgarh,50,chittorgarh,212.2,1117.8,590.3,573.4,5294.99,8368.10,10311.04,28616.63,27.78,55.63,32.7,171,True,800,144000,9.7,16,160,18.5,53,151,160,5,23,24,3,15,16,11.3,20,15.7,7,32,95,7,3,0,33,82,151,-6,-22,-39,9.93,46.88,0.09,151,15,Mar 2024,2,sharescart,sharescart,ipowatch,sharescart
INE0VJG01014,Pranik Logistics Ltd.,SME,PRANIK,,2024-10-10,2024-10-14,2024-10-17,77.00,22.47,Bookbuilding,NSE SME,Narnolia Financial,2024,Prabhat Financial Services Ltd.,chittorgarh,21,chittorgarh,1.00,chittorgarh,4.5,chittorgarh,6.32,chittorgarh,79.00,chittorgarh,82.95,chittorgarh,79.00,chittorgarh,82.95,chittorgarh,To meet out the expenses for Investment in technology | To meet out the Capital Expenditure Requirement of Company; | To meet out the Working Capital requirements of the Company; | To meet out the General Corporate Purposes; and,chittorgarh,22,chittorgarh,35.7,744.1,97.2,218,400.78,2508.01,764.57,4899.28,19.48,90.4,80.4,73,True,1600,123200,13.1,6,105,5.9,61,67,105,3,9,13,1,4,6,1.2,5,5.9,7,11,38,2,2,3,24,36,62,3,6,-12,5.97,36.36,0.18,67,4,Mar 2024,2,sharescart,sharescart,ipowatch,sharescart
INE0YRO01015,Shiv Texchem Ltd.,SME,,544272,2024-10-08,2024-10-10,2024-10-15,166.00,101.35,Bookbuilding,BSE SME,Vivro Financial,2024,Rikhav Securities Ltd.,chittorgarh,96,chittorgarh,5.00,chittorgarh,5.0,chittorgarh,28.87,chittorgarh,239.00,chittorgarh,250.95,chittorgarh,227.05,chittorgarh,250.95,chittorgarh,To meet long-term working capital requirements; and | General Corporate Purposes,chittorgarh,101,chittorgarh,86.7,455.6,68.3,156.6,4393.65,6926.16,2421.78,15866.81,24.1,100,84.75,158,True,800,132800,5.4,48,2202,30.7,1118,1535,2202,37,60,89,16,30,48,12.5,17.6,20.8,123,193,333,60,67,95,602,799,1254,-162,58,-116,1.95,15.54,0.35,1535,30,Mar 2024,2,sharescart,sharescart,ipowatch,sharescart
INE0S9501014,Khyati Global Ventures Ltd.,SME,,544270,2024-10-04,2024-10-08,2024-10-11,99.00,18.30,Fixed Price,BSE SME,Aryaman Financial,2024,Aryaman Capital Markets Ltd.,chittorgarh,9,chittorgarh,8,chittorgarh,44.4,chittorgarh,,,105.00,chittorgarh,105.00,chittorgarh,99.75,chittorgarh,99.75,chittorgarh,Funding Working capital requirements | General Corporate Purpose,chittorgarh,18,chittorgarh,0,5.3,25,15.2,0.00,48.85,228.69,277.54,,100,89.97,99,False,1200,118800,13.2,5,118,7.5,94,102,118,4,6,8,2,3,5,4,6,6.8,9,12,31,2,1,1,35,54,60,-0,-1,-10,2.94,25.00,0.08,102,3,Mar 2024,2,sharescart,sharescart,,sharescart
INE471R01019,NeoPolitan Pizza & Foods Ltd.,SME,,544269,2024-09-30,2024-10-04,2024-10-09,20.00,12.00,Fixed Price,BSE SME,Turnaround Corporate,2024,MNM Stock Broking Pvt.Ltd.,chittorgarh,11,chittorgarh,1.00,chittorgarh,8.3,chittorgarh,,,19.25,chittorgarh,20.21,chittorgarh,18.29,chittorgarh,20.21,chittorgarh,Expansion of the Retail Network by launching 16 new Quick Service Restaurants (QSR) | Security Deposit and Advance Rent | Brokerage Charges | Working Capital Requirements | General Corporate Expenses,chittorgarh,12,chittorgarh,0,20.7,42.6,32.7,0.00,124.32,255.72,392.64,,72.68,47.03,20,False,6000,120000,66.7,0,51,0.3,20,44,51,2,3,1,1,2,0,1.1,2,0.2,14,16,28,1,1,1,18,20,38,-3,4,-6,4.55,12.50,0.06,44,2,Mar 2024,2,sharescart,sharescart,,sharescart
INE0TG801013,Paramount Dye Tec Ltd.,SME,PARAMOUNT,,2024-09-30,2024-10-03,2024-10-08,117.00,28.43,Bookbuilding,NSE SME,Gretex Corporate,2024,Gretex Share Broking Pvt.Ltd.,chittorgarh,27,chittorgarh,1.00,chittorgarh,3.6,chittorgarh,8.09,chittorgarh,109.90,chittorgarh,109.90,chittorgarh,104.40,chittorgarh,107.05,chittorgarh,Setting up of Manufacturing Unit | Repayment/Prepayment of Certain Debt Facilities availed by the Company | Expenses towards Registration of Land purchased from Promoter | General Corporate Purpose,chittorgarh,28,chittorgarh,10.2,135.3,36.3,50.1,145.28,577.05,360.82,1424.11,17.09,99.97,64.97,111,True,1200,140400,10.2,8,77,11.5,,24,77,,5,11,,4,8,,7.9,11.5,,29,63,,1,2,,54,85,,-25,-6,16.67,13.79,0.03,24,4,Mar 2024,1,sharescart,sharescart,ipowatch,sharescart
INE0U6201010,Subam Papers Ltd.,SME,,544267,2024-09-30,2024-10-03,2024-10-08,152.00,93.70,Bookbuilding,BSE SME,Gretex Corporate,2024,Gretex Share Broking Pvt.Ltd.,chittorgarh,89,chittorgarh,5.00,chittorgarh,5.3,chittorgarh,26.70,chittorgarh,142.00,chittorgarh,149.10,chittorgarh,134.90,chittorgarh,149.10,chittorgarh,Investment in subsidiary for financing its capital expenditure requirements | General Corporate Purposes | Total,chittorgarh,94,chittorgarh,57.2,243.2,49,92.9,2679.02,3417.79,1606.06,8708.00,23.03,75.35,59.92,144,True,800,121600,9.9,27,539,15.3,508,494,539,34,70,73,-1,28,27,-0.2,17.6,11.5,166,200,320,98,88,76,414,461,578,69,38,32,5.67,14.00,0.44,494,28,Mar 2024,2,sharescart,sharescart,ipowatch,sharescart
INE00MT01022,Saj Hotels Ltd.,SME,SAJHOTELS,,2024-09-27,2024-10-01,2024-10-07,65.00,27.63,Fixed Price,NSE SME,Corpwis,2024,NNM Securities Pvt.Ltd.,chittorgarh,26,chittorgarh,2.00,chittorgarh,7.1,chittorgarh,,,55.00,chittorgarh,57.75,chittorgarh,52.25,chittorgarh,52.45,chittorgarh,Capital Expenditure requirements towards expansion of existing resort properties | Funding of working capital requirements of the Company | General Corporate Expenses,chittorgarh,28,chittorgarh,0,2.1,8.7,5.5,0.00,29.28,119.48,150.83,,84.12,61.94,65,False,2000,130000,24.1,4,17,2.7,13,14,17,3,5,8,4,5,4,2.9,4.2,2.4,86,89,117,0,0,0,99,98,124,8,6,5,35.71,5.62,0.00,14,5,Mar 2024,2,sharescart,sharescart,,sharescart
INE0TO501019,HVAX Technologies Ltd.,SME,HVAX,,2024-09-27,2024-10-01,2024-10-07,458.00,33.53,Bookbuilding,NSE SME,Fedex Securities,2024,Aftertrade Broking Pvt.Ltd.,chittorgarh,32,chittorgarh,2.00,chittorgarh,5.9,chittorgarh,9.48,chittorgarh,486.00,chittorgarh,508.00,chittorgarh,461.70,chittorgarh,490.35,chittorgarh,Funding our working capital requirements; and | General Corporate Purpose,chittorgarh,34,chittorgarh,14,77.9,26.7,34.2,235.01,391.85,313.18,1145.23,3.28,99.81,51.25,435,True,300,137400,10,11,131,45.9,96,106,131,9,14,19,5,9,11,28.1,41.6,39.8,17,31,72,2,3,2,78,64,121,-4,-12,-22,8.49,29.03,0.10,106,9,Mar 2024,2,sharescart,sharescart,ipowatch,sharescart
INE0QYI01019,Divyadhan Recycling Industries Ltd.,SME,DIVYADHAN,,2024-09-26,2024-09-30,2024-10-04,64.00,24.17,Bookbuilding,NSE SME,Narnolia Financial,2024,Kantilal Chhaganlal Securities Pvt.Ltd.,chittorgarh,23,chittorgarh,1.00,chittorgarh,4.2,chittorgarh,6.85,chittorgarh,84.00,chittorgarh,88.20,chittorgarh,81.00,chittorgarh,88.20,chittorgarh,To meet out the Capital Expenditure | To meet out the General Corporate Purposes; and,chittorgarh,24,chittorgarh,29.4,76,32.4,40.9,355.13,275.61,274.30,989.13,,100,68.01,60,True,2000,128000,49.2,2,59,1.3,57,56,59,5,6,4,2,3,2,2.2,2.9,1.1,9,13,35,2,0,0,19,24,42,4,3,-12,5.36,23.08,0.00,56,3,Mar 2024,2,sharescart,sharescart,,sharescart
INE0RBQ01018,Sahasra Electronic Solutions Ltd.,SME,SAHASRA,,2024-09-26,2024-09-30,2024-10-04,283.00,186.16,Bookbuilding,NSE SME,Hem Securities,2024,Hem Finlease Pvt.Ltd.,chittorgarh,163,chittorgarh,14,chittorgarh,7.5,chittorgarh,53.03,chittorgarh,537.70,chittorgarh,564.55,chittorgarh,537.70,chittorgarh,564.55,chittorgarh,"Funding Capital Expenditure towards installation of additional plant and machinery at new manufacturing facility situated at Bhiwadi, Rajasthan; | Investment in our Subsidiary, Sahasra Semiconductors Private Limited for financing its capital expenditure requirements in relation towards installation of additional plant and machinery | To Meet Working Capital Requirements; | General Corporate Purposes",chittorgarh,186,chittorgarh,100.8,260.5,74.9,122.1,9382.33,7272.98,4876.86,22722.37,60.78,95,69.9,269,True,400,113200,217.7,-2,96,1.3,,,96,,,13,,,-2,,,1.1,,,221,,,37,,,343,,,-6,,,,,,,0,sharescart,sharescart,investorgain,sharescart
INE0YKW01013,Forge Auto International Ltd.,SME,FORGEAUTO,,2024-09-26,2024-09-30,2024-10-04,108.00,31.10,Bookbuilding,NSE SME,Hem Securities,2024,Hem Finlease Pvt.Ltd.,chittorgarh,30,chittorgarh,1.00,chittorgarh,3.2,chittorgarh,8.84,chittorgarh,113.00,chittorgarh,115.00,chittorgarh,107.35,chittorgarh,109.35,chittorgarh,"To meet Working Capital requirements | Repayment of certain borrowing availed by our Company, in part or full | General Corporate Purpose",chittorgarh,31,chittorgarh,20.1,58.6,62,49.3,313.06,273.17,674.41,1532.81,13.89,100,69.69,102,True,1200,129600,10.8,10,210,10,,180,210,,16,21,,7,10,,8.3,8.7,,21,58,,14,11,,101,135,,8,-7,3.89,33.33,0.67,180,7,Mar 2024,1,sharescart,sharescart,investorgain,sharescart
INE0QUL01011,Nexxus Petro Industries Ltd.,SME,,544265,2024-09-26,2024-09-30,2024-10-04,105.00,19.43,Fixed Price,BSE SME,Srujan Alpha Capital,2024,Gretex Share Broking Pvt.Ltd.,chittorgarh,18,chittorgarh,1.00,chittorgarh,5.3,chittorgarh,,,126.00,chittorgarh,132.30,chittorgarh,126.00,chittorgarh,132.30,chittorgarh,Funding the working capital requirements of the Company | General corporate purposes,chittorgarh,19,chittorgarh,0,8.4,8.5,8.4,0.00,81.70,82.38,163.98,,100,69.23,105,False,1200,126000,10.4,6,305,10.1,143,238,305,4,7,12,2,4,6,7.7,6.9,8.8,3,9,32,1,5,2,16,39,60,-4,-7,-8,1.68,44.44,0.56,238,4,Mar 2024,2,sharescart,sharescart,,sharescart
INE0JQS01019,Techera Engineering (India) Ltd.,SME,TECHERA,,2024-09-25,2024-09-27,2024-10-03,82.00,35.90,Bookbuilding,NSE SME,SKI Capital,2024,SKI Capital Services Ltd. ACME Capital Market Ltd.,chittorgarh,34,chittorgarh,2.00,chittorgarh,5.6,chittorgarh,10.22,chittorgarh,125.00,chittorgarh,131.25,chittorgarh,125.00,chittorgarh,131.25,chittorgarh,Funding capital expenditure for the purchase of new machinery; | Funding working capital requirements of the Company; | Prepayment or repayment of a portion of certain outstanding borrowings availed by the Company; | General corporate purposes; and,chittorgarh,36,chittorgarh,31.2,128.9,66.5,69.8,560.34,693.95,835.74,2505.56,12.2,100,89.99,75,True,1600,131200,34.2,3,50,2.4,,39,50,,7,9,,3,3,,2.3,2,,16,50,,6,12,,37,81,,3,5,7.69,18.75,0.38,39,3,Mar 2024,1,sharescart,sharescart,ipowatch,sharescart
INE0B2801011,Unilex Colours & Chemicals Ltd.,SME,UNILEX,,2024-09-25,2024-09-27,2024-10-03,87.00,31.32,Bookbuilding,NSE SME,Hem Securities,2024,Hem Finlease Pvt.Ltd.,chittorgarh,30,chittorgarh,1.00,chittorgarh,3.2,chittorgarh,8.88,chittorgarh,89.00,chittorgarh,89.00,chittorgarh,84.55,chittorgarh,88.15,chittorgarh,To Meet Working Capital Requirements | Repayment of a portion of certain borrowing availed by our Company | General Corporate Purpose,chittorgarh,31,chittorgarh,15.6,60.7,35.1,35,243.98,285.36,384.88,1097.14,4.6,100,54.6,82,True,1600,139200,16.1,6,151,5.4,139,144,151,8,10,11,5,6,6,5,6.2,4.7,32,37,71,0,0,1,71,91,102,2,-4,-1,4.17,16.22,0.00,144,6,Mar 2024,2,sharescart,sharescart,investorgain,sharescart
INE0SHE01019,Thinking Hats Entertainment Solutions Ltd.,SME,THESL,,2024-09-25,2024-09-27,2024-10-03,44.00,15.09,Bookbuilding,NSE SME,Horizon Financial,2024,Giriraj Stock Broking Pvt.Ltd.,chittorgarh,14,chittorgarh,1.00,chittorgarh,6.7,chittorgarh,,,60.00,chittorgarh,61.00,chittorgarh,57.00,chittorgarh,57.00,chittorgarh,Prepayment or repayment of all or a portion of certain loans availed by the Company; | Funding of working capital requirements of the Company | General corporate purposes,chittorgarh,15,chittorgarh,67.7,356.8,347.6,322.2,102.10,1453.52,3304.38,4861.07,68.18,100,50.44,42,True,3000,132000,12.9,4,48,3.4,22,27,48,3,5,6,2,3,4,2.6,3.5,2.9,6,11,28,1,1,3,15,25,50,2,2,-2,11.11,27.27,0.09,27,3,Mar 2024,2,sharescart,sharescart,investorgain,sharescart
INE0OO201011,WOL 3D India Ltd.,SME,WOL3D,,2024-09-23,2024-09-25,2024-09-30,150.00,25.56,Bookbuilding,NSE SME,Hem Securities,2024,Hem Finlease Pvt.Ltd.,chittorgarh,20,chittorgarh,4,chittorgarh,15.4,chittorgarh,7.26,chittorgarh,180.05,chittorgarh,189.05,chittorgarh,171.05,chittorgarh,189.05,chittorgarh,"Repayment in full or in part, of certain of the outstanding borrowings; | To meet Working Capital requirements | General Corporate Purpose",chittorgarh,26,chittorgarh,101.2,748.8,368.5,373.9,1293.85,2870.94,3296.33,9555.86,36.67,89.53,65.48,142,True,1000,150000,15.3,6,48,9.8,23,40,48,4,7,8,2,5,6,4.8,10.1,8.7,6,11,36,3,3,0,14,25,45,-1,2,-1,12.50,45.45,0.27,40,5,Mar 2024,2,sharescart,sharescart,ipowatch,sharescart
INE0MVO01012,Rappid Valves (India) Ltd.,SME,RAPPID,,2024-09-23,2024-09-25,2024-09-30,222.00,30.41,Bookbuilding,NSE SME,Shreni Shares,2024,Rikhav Securities Ltd.,chittorgarh,29,chittorgarh,1.00,chittorgarh,3.3,chittorgarh,8.64,chittorgarh,312.00,chittorgarh,327.60,chittorgarh,302.00,chittorgarh,309.35,chittorgarh,Funding the Capital expenditure for purchase of new Plant and Machineries and Software by the Company; | Expenditure for renovation of registered office and existing manufacturing unit; | Repayment/prepayment of all or certain of our borrowings availed of by the Company; | Pursuing inorganic growth initiatives through acquisitions; and | General corporate purposes.,chittorgarh,30,chittorgarh,56,491.5,109.1,176.1,851.01,2241.90,1161.08,5353.91,22.52,69.46,51.13,210,True,600,133200,19.1,6,52,11.6,16,37,52,2,7,10,0,4,6,1.3,11.7,11.6,3,12,45,2,2,0,17,30,60,-0,-2,-13,10.81,33.33,0.17,37,4,Mar 2024,2,sharescart,sharescart,ipowatch,sharescart
INE0SQH01013,Bikewo Green Tech Ltd.,SME,BIKEWO,,2024-09-20,2024-09-24,2024-09-27,62.00,24.09,Bookbuilding,NSE SME,Khandwala Securities,2024,Aftertrade Broking Pvt.Ltd.,chittorgarh,23,chittorgarh,1.00,chittorgarh,4.2,chittorgarh,,,45.00,chittorgarh,47.25,chittorgarh,45.00,chittorgarh,47.25,chittorgarh,Funding purchase of electric two wheeler vehicles for selling and supplying the same to the new and existing dealers; | Funding capital expenditure proposed to be incurred towards setting up of eleven dealership stores in various states in India; | Prepayment or repayment of all or a portion of certain outstanding borrowings availed by the Company; and | General Corporate Purposes,chittorgarh,24,chittorgarh,43,22.5,61,41.8,518.37,81.24,514.73,1007.58,16.13,89,,59,True,2000,124000,103.3,1,24,0.6,21,25,24,1,3,2,0,2,1,0.2,1.8,0.5,7,17,39,2,1,0,20,32,41,3,-4,-14,8.00,11.76,0.06,25,2,Mar 2024,2,sharescart,sharescart,ipowatch,
INE0X6F01017,SD Retail Ltd.,SME,SDREAMS,,2024-09-20,2024-09-24,2024-09-27,131.00,64.98,Bookbuilding,NSE SME,Beeline Capital,2024,Spread X Securities Pvt.Ltd.,chittorgarh,62,chittorgarh,3.00,chittorgarh,4.6,chittorgarh,18.50,chittorgarh,145.00,chittorgarh,152.25,chittorgarh,144.00,chittorgarh,150.90,chittorgarh,Capital expenditure to be incurred by the Company for setting up new exclusive brand outlets (“EBOs”) | Funding Working Capital Requirement | General Corporate Purpose,chittorgarh,65,chittorgarh,69.8,207.6,65.3,97.1,2268.96,2023.55,1483.89,6307.87,15.27,88.82,,124,True,1000,131000,24.7,9,173,5.3,135,163,173,9,15,16,4,8,9,3.1,5.6,4.6,34,41,110,0,0,0,88,123,176,1,-14,2,4.91,19.51,0.00,163,8,Mar 2024,2,sharescart,sharescart,investorgain,
INE0FPO01018,Phoenix Overseas Ltd.,SME,PHOGLOBAL,,2024-09-20,2024-09-24,2024-09-27,64.00,36.03,Bookbuilding,NSE SME,Khandwala Securities,2024,Nikunj Stock Brokers Ltd.,chittorgarh,28,chittorgarh,7,chittorgarh,19.4,chittorgarh,,,64.00,chittorgarh,64.00,chittorgarh,60.80,chittorgarh,60.80,chittorgarh,Funding our working capital requirements | Investment in Subsidiary | General corporate purposes,chittorgarh,36,chittorgarh,65.7,109.7,148.4,119.2,355.31,1699.82,2246.26,4295.74,15.62,99.16,,61,True,2000,128000,9.1,5,488,7,451,548,488,12,13,12,4,5,5,2.5,3.7,2.4,46,50,79,4,2,2,147,132,139,40,-6,-21,0.91,10.00,0.04,548,5,Mar 2024,2,sharescart,sharescart,ipowatch,
INE0TFB01017,Avi Ansh Textile Ltd.,SME,AVIANSH,,2024-09-20,2024-09-24,2024-09-27,62.00,25.99,Fixed Price,NSE SME,3Dimension Capital,2024,Nikunj Stock Brokers Ltd.,chittorgarh,25,chittorgarh,1.00,chittorgarh,3.8,chittorgarh,,,68.00,chittorgarh,71.40,chittorgarh,64.60,chittorgarh,71.15,chittorgarh,To meet Working Capital requirements | Term Loan Repayment | General Corporate Purpose,chittorgarh,26,chittorgarh,0,5.3,11.4,8.3,0.00,68.25,147.94,216.32,24.19,95.67,66.98,62,False,2000,124000,41.3,2,134,1.5,121,141,134,5,10,8,0,3,2,0.3,3.4,1.3,13,16,42,14,15,9,47,65,73,3,-12,1,2.13,18.75,0.94,141,3,Mar 2024,2,sharescart,sharescart,ipowatch,sharescart
INE0T0L01014,Kalana Ispat Ltd.,SME,KALANA,,2024-09-19,2024-09-23,2024-09-26,66.00,32.59,Fixed Price,NSE SME,Jawa Capital,2024,Aftertrade Broking Pvt.Ltd.,chittorgarh,31,chittorgarh,2.00,chittorgarh,6.1,chittorgarh,,,45.15,chittorgarh,47.40,chittorgarh,43.00,chittorgarh,47.40,chittorgarh,"Capital Expenditure for Installation of 4 MW DC & 3.5 MW AC Ground Mounted Solar Power Plant - TPSAT Structure | Capital expenditure for setting up of rolling mill at Survey No. 4/1 Taluka Sanand, Mouje Kala village, Ahmedabad by construction of the industrial shed, purchase of equipment/machineries, other assets etc.; and | General corporate purposes",chittorgarh,33,chittorgarh,0,40.7,74.5,59.9,0.00,663.06,1214.66,1952.84,15.15,82.72,51.38,66,False,2000,132000,94.3,1,52,0.7,74,55,52,4,2,2,2,1,1,2.9,0.9,0.7,11,43,44,0,0,0,19,48,50,-0,5,-0,2.70,18.18,0.00,74,2,Mar 2024,1,sharescart,sharescart,ipowatch,sharescart
INE0Q6001012,Paramount Speciality Forgings Ltd.,SME,PSFL,,2024-09-17,2024-09-20,2024-09-25,59.00,32.34,Bookbuilding,NSE SME,Swaraj Shares,2024,Shreni Shares Ltd.,chittorgarh,27,chittorgarh,4,chittorgarh,12.5,chittorgarh,9.20,chittorgarh,83.00,chittorgarh,87.15,chittorgarh,83.00,chittorgarh,87.15,chittorgarh,Capital expenditure through purchase of machinery and equipment required for expansion at the Khalapur Plant; | General Corporate purposes,chittorgarh,32,chittorgarh,0,220.2,41.4,73.9,0.00,3561.70,668.71,2389.56,28.81,100,72.15,57,True,2000,118000,22.7,4,110,2.6,,103,110,,14,9,,5,4,,3.6,2.3,,23,52,,0,0,,87,124,,-4,-3,4.85,21.74,0.00,103,5,Mar 2024,1,sharescart,sharescart,investorgain,sharescart
INE0RMF01018,Osel Devices Ltd.,SME,OSELDEVICE,,2024-09-16,2024-09-19,2024-09-24,160.00,70.66,Bookbuilding,NSE SME,Horizon Management,2024,Giriraj Stock Broking Pvt.Ltd.,chittorgarh,67,chittorgarh,4.00,chittorgarh,5.6,chittorgarh,20.12,chittorgarh,198.05,chittorgarh,207.95,chittorgarh,190.10,chittorgarh,207.95,chittorgarh,Prepayment or repayment of certain loans availed by the Company; | Funding of working capital requirements of the Company; | General Corporate Purposes,chittorgarh,71,chittorgarh,78,321.4,206.1,194.2,2755.94,3406.33,5096.03,13724.22,62.5,98.5,71.53,155,True,800,128000,11.2,20,186,14.3,82,132,186,9,23,34,5,13,20,4,11,12.4,12,25,108,1,8,2,49,99,198,-11,13,-38,9.85,52.00,0.32,132,13,Mar 2024,2,sharescart,sharescart,ipowatch,sharescart
INE0VG601013,Pelatro Ltd.,SME,PELATRO,,2024-09-16,2024-09-19,2024-09-24,200.00,55.98,Bookbuilding,NSE SME,Cumulative Capital,2024,Shree Bahubali Stock Broking Ltd.,chittorgarh,53,chittorgarh,3.00,chittorgarh,5.4,chittorgarh,15.64,chittorgarh,275.00,chittorgarh,288.75,chittorgarh,275.00,chittorgarh,288.75,chittorgarh,"Funding capital expenditure requirement of the company towards; Purchase & Installation of IT equipment, computer hardware, server and other ancillary equipment | Investment in our subsidiary | Funding working capital needs of our company; | General corporate purposes",chittorgarh,56,chittorgarh,15.2,55.3,12.6,21.9,426.01,464.44,246.48,1228.20,,73.31,53.59,190,True,600,120000,15.2,12,86,13.2,,55,86,,3,20,,-2,12,,-2.8,11.4,,12,79,,14,12,,57,135,,25,20,-3.64,-16.67,1.17,55,-2,Mar 2024,1,sharescart,sharescart,,sharescart
INE0SUH01015,Envirotech Systems Ltd.,SME,ENVIRO,,2024-09-13,2024-09-19,2024-09-24,56.00,30.24,Bookbuilding,NSE SME,Share India Capital,2024,Share India Securities Ltd.,chittorgarh,26,chittorgarh,4.00,chittorgarh,13.3,chittorgarh,7.87,chittorgarh,106.40,chittorgarh,111.70,chittorgarh,106.40,chittorgarh,111.70,chittorgarh,Purchase Land and Building for setting up factory | Funding of working capital requirements of the Company | General Corporate Expenses,chittorgarh,30,chittorgarh,68.1,187.1,64.2,91.7,1029.97,848.87,679.07,2772.10,71.43,96.48,68.75,53,True,2000,112000,7.5,14,48,7.5,28,46,48,4,17,20,3,11,14,2,8.5,7.5,7,20,64,7,7,0,23,39,81,-0,-2,-1,23.91,55.00,0.35,46,11,Mar 2024,2,sharescart,sharescart,ipowatch,sharescart
INE0S7C01019,Deccan Transcon Leasing Ltd.,SME,DECCANTRAN,,2024-09-13,2024-09-19,2024-09-24,108.00,65.06,Bookbuilding,NSE SME,Unistone Capital,2024,Giriraj Stock Broking Pvt.Ltd.,chittorgarh,56,chittorgarh,5,chittorgarh,7.7,chittorgarh,15.12,chittorgarh,116.00,chittorgarh,117.90,chittorgarh,110.20,chittorgarh,110.25,chittorgarh,Funding capital expenditure requirements towards procurement of Tank Containers. | Funding working capital requirements of the Company; and | General corporate purposes; and,chittorgarh,65,chittorgarh,,,,,,,,,50.93,,,,,,,,,,,,,,,,,,,,,,,,,,,,,,,,,,,,,,,,,,,,investorgain,
INE0PZB01013,Popular Foundations Ltd.,SME,,544259,2024-09-13,2024-09-19,2024-09-24,37.00,19.87,Fixed Price,BSE SME,Srujan Alpha Capital,2024,Spread X Securities Pvt.Ltd.,chittorgarh,19,chittorgarh,1.00,chittorgarh,5.0,chittorgarh,,,37.00,chittorgarh,37.50,chittorgarh,35.15,chittorgarh,37.07,chittorgarh,Prepayment or repayment of all or a portion of certain outstanding borrowings availed by the Company; | Funding the working capital requirements of the Company; and | General corporate purposes,chittorgarh,20,chittorgarh,0,3.5,14.9,9.2,0.00,35.17,147.92,182.99,,100,62.35,37,False,3000,111000,19.5,4,59,1.9,47,52,59,3,7,7,1,3,4,1,2.3,1.9,15,23,43,9,7,1,48,63,73,3,-6,-11,5.77,13.04,0.30,52,3,Mar 2024,2,sharescart,sharescart,,sharescart
INE0Q3401017,Sodhani Academy of Fintech Enablers Ltd.,SME,,544257,2024-09-12,2024-09-17,2024-09-23,40.00,6.12,Fixed Price,BSE SME,Srujan Alpha Capital,2024,Prabhat Financial Services Ltd.,chittorgarh,4,chittorgarh,2,chittorgarh,33.3,chittorgarh,,,53.00,chittorgarh,55.65,chittorgarh,53.00,chittorgarh,55.65,chittorgarh,Building content studio and offline training infrastructure | Information Technology (Hardware including Software) Procurement | Content Development for course material | Enhancement of brand visibility and awareness | Learning Management System (LMS) Application development | General Corporate Purpose,chittorgarh,6,chittorgarh,0,511.3,358.5,438.7,0.00,1564.70,1096.92,2684.97,30.0,100,75,40,False,3000,120000,5.5,4,4,7.3,1,2,4,2,2,5,1,2,4,2.9,3.9,6.8,5,7,14,0,0,0,5,7,14,1,2,4,100.00,28.57,0.00,2,2,Mar 2024,2,sharescart,sharescart,investorgain,sharescart
INE0Y4801011,Excellent Wires & Packaging Ltd.,SME,EXCELLENT,,2024-09-11,2024-09-13,2024-09-19,90.00,12.60,Fixed Price,NSE SME,Inventure Merchant Banker,2024,Inventure Growth & Securities Ltd.,chittorgarh,12,chittorgarh,1.00,chittorgarh,7.7,chittorgarh,,,85.00,chittorgarh,89.25,chittorgarh,80.75,chittorgarh,82.05,chittorgarh,Acquisition of Land and construction of Building | Acquisition of Plant & Machineries | Funding additional working capital requirements | General Corporate Purposes,chittorgarh,13,chittorgarh,0,8.8,32,20.4,0.00,55.12,201.60,256.66,,91.9,63.12,90,False,1600,144000,31,1,22,2.9,14,15,22,0,1,2,0,1,1,6.5,2.9,2.5,0,4,19,0,0,0,3,7,20,0,0,-6,6.67,25.00,0.00,15,1,Mar 2024,2,sharescart,sharescart,,sharescart
INE0S1D01010,Innomet Advanced Materials Ltd.,SME,INNOMET,,2024-09-11,2024-09-13,2024-09-18,100.00,34.24,Fixed Price,NSE SME,Expert Global,2024,Prabhat Financial Services Ltd.,chittorgarh,33,chittorgarh,1.00,chittorgarh,2.9,chittorgarh,,,190.00,chittorgarh,199.50,chittorgarh,190.00,chittorgarh,199.50,chittorgarh,"Funding working capital requirements of the Company; | Funding of capital expenditure requirements of the Company towards purchase of machinery and equipment | Repayment or prepayment, in full or in part, of all or a portion of certain outstanding borrowings availed by our Company, from banks and financial institutions; | General corporate purposes; and",chittorgarh,34,chittorgarh,0,367.8,227,323.9,0.00,6295.49,3885.27,11089.73,70.0,100,37.19,100,False,1200,120000,62.5,2,33,1.6,23,25,33,6,5,5,3,3,2,5.6,2.6,1.4,7,15,41,0,8,7,23,34,61,4,3,-18,12.00,20.00,0.53,25,3,Mar 2024,2,sharescart,sharescart,ipowatch,sharescart
INE0QR801013,SPP Polymer Ltd.,SME,SPPPOLY,,2024-09-10,2024-09-12,2024-09-17,59.00,24.49,Fixed Price,NSE SME,Interactive Financial,2024,B.N.Rathi Securities Ltd.,chittorgarh,23,chittorgarh,1.00,chittorgarh,4.2,chittorgarh,,,63.00,chittorgarh,63.00,chittorgarh,59.85,chittorgarh,59.85,chittorgarh,Repayment of Loan | Working capital requirement | General Corporate Purpose,chittorgarh,24,chittorgarh,0,22.4,59.9,43.3,0.00,273.62,732.96,1059.96,42.37,94.99,69.37,59,False,2000,118000,84.3,1,108,0.7,66,92,108,3,8,7,1,1,1,0.5,0.9,0.7,24,25,51,11,8,0,54,71,80,4,6,-10,1.09,4.00,0.32,92,1,Mar 2024,2,sharescart,sharescart,ipowatch,sharescart
INE01YQ01013,Aditya Ultra Steel Ltd.,SME,AUSL,,2024-09-09,2024-09-11,2024-09-16,62.00,45.88,Bookbuilding,NSE SME,Swastika Investmart,2024,Sunflower Broking Pvt.Ltd.,chittorgarh,44,chittorgarh,2.00,chittorgarh,4.3,chittorgarh,,,69.90,chittorgarh,72.00,chittorgarh,66.40,chittorgarh,66.40,chittorgarh,Capital Expenditure | To Meet Working Capital Requirements | General Corporate Purpose,chittorgarh,46,chittorgarh,1.21,12.04,22.44,10.27,,,,,,,,,,,,,,,,,,,,,,,,,,,,,,,,,,,,,,,,,,,,,,,ipowatch,,,
INE0UL701015,Shubhshree Biofuels Energy Ltd.,SME,SHUBHSHREE,,2024-09-09,2024-09-11,2024-09-16,119.00,16.56,Bookbuilding,NSE SME,Hem Securities,2024,Hem Finlease Pvt.Ltd.,chittorgarh,16,chittorgarh,1.00,chittorgarh,5.9,chittorgarh,4.68,chittorgarh,189.00,chittorgarh,198.45,chittorgarh,179.55,chittorgarh,198.45,chittorgarh,Funding Capital Expenditure towards installation of additional plant and machinery | To meet working capital requirements | General Corporate Purpose,chittorgarh,17,chittorgarh,31.3,245.7,135.7,132.9,259.40,610.60,786.46,2201.30,50.42,79.97,51.02,113,True,1200,142800,6.8,8,163,17.5,,,163,,,11,,,8,,,15.4,,,30,,,0,,,50,,,-9,,,,,,,0,sharescart,sharescart,ipowatch,sharescart
INE0LY301010,Share Samadhan Ltd.,SME,,544251,2024-09-09,2024-09-11,2024-09-16,74.00,24.06,Bookbuilding,BSE SME,Narnolia Financial,2024,Nikunj Stock Brokers Ltd.,chittorgarh,23,chittorgarh,1.00,chittorgarh,4.2,chittorgarh,6.83,chittorgarh,73.05,chittorgarh,76.00,chittorgarh,69.40,chittorgarh,74.87,chittorgarh,To meet out the expenses for Investment in Technology | To meet out the expenses for Unidentified Acquisition for Company (In India or Abroad) | To meet out the Working Capital requirements of the Company | To meet out the General Corporate Purposes; and,chittorgarh,24,chittorgarh,2.7,22.4,18,14.6,32.00,80.98,151.91,351.02,,77.57,51.32,70,True,1600,118400,24.7,4,14,3,3,10,14,1,6,6,0,4,4,0.6,4.3,2.6,4,11,35,0,0,0,5,14,40,2,0,-2,40.00,36.36,0.00,10,4,Mar 2024,2,sharescart,sharescart,,sharescart
INE0QTE01018,Gajanand International Ltd.,SME,GAJANAND,,2024-09-09,2024-09-11,2024-09-16,36.00,20.65,Fixed Price,NSE SME,Novus Capital,2024,Nikunj Stock Brokers Ltd.,chittorgarh,20,chittorgarh,1.00,chittorgarh,4.8,chittorgarh,,,42.00,chittorgarh,43.00,chittorgarh,39.90,chittorgarh,39.90,chittorgarh,To meet out the Working Capital requirements of the Company; | To meet out the General Corporate Purposes; and,chittorgarh,21,chittorgarh,0,5.8,24.2,15.3,0.00,59.78,249.65,315.32,13.89,90.5,,36,False,3000,108000,180,0,95,0.2,73,109,95,3,4,2,1,2,0,2.1,1.7,0.2,5,18,37,3,1,0,19,39,47,4,-9,-14,1.83,11.11,0.06,109,2,Mar 2024,2,sharescart,sharescart,ipowatch,
INE0TR001017,Vision Infra Equipment Solutions Ltd.,SME,VIESL,,2024-09-06,2024-09-10,2024-09-13,163.00,106.21,Bookbuilding,NSE SME,Hem Securities,2024,Hem Finlease Pvt.Ltd.,chittorgarh,101,chittorgarh,5.00,chittorgarh,4.7,chittorgarh,30.21,chittorgarh,205.00,chittorgarh,215.25,chittorgarh,200.00,chittorgarh,215.25,chittorgarh,Funding Capital Expenditure towards purchase of additional equipment | Funding to meet working capital requirements | General Corporate Purpose.,chittorgarh,106,chittorgarh,60.9,180.4,24.1,68.1,3236.24,2873.90,897.38,7237.20,58.28,98.6,78.6,155,True,800,130400,10.2,34,443,16,,69,443,,21,130,,6,34,,3.3,13.8,,23,165,,184,184,,357,519,,8,40,8.70,26.09,8.00,69,6,Mar 2024,1,sharescart,sharescart,investorgain,sharescart
INE0RVQ01016,My Mudra Fincorp Ltd.,SME,MYMUDRA,,2024-09-05,2024-09-09,2024-09-12,110.00,33.26,Bookbuilding,NSE SME,Hem Securities,2024,Hem Finlease Pvt.Ltd.,chittorgarh,32,chittorgarh,1.00,chittorgarh,3.0,chittorgarh,9.45,chittorgarh,130.00,chittorgarh,130.05,chittorgarh,123.50,chittorgarh,123.50,chittorgarh,Repayment of a portion of certain borrowing availed by the Company | Investment in technology development and digital infrastructure | To meet Working Capital requirements | General Corporate Purpose,chittorgarh,33,chittorgarh,48.8,159.4,108.8,102.5,812.14,795.19,1266.34,3408.89,36.36,100,32,104,True,1200,132000,11,9,80,10,53,71,80,6,11,14,3,6,9,4.2,7.8,7.9,8,16,53,1,3,2,15,30,61,1,1,2,8.45,37.50,0.19,71,6,Mar 2024,2,sharescart,sharescart,ipowatch,sharescart
INE0UYT01018,Mach Conferences & Events Ltd.,SME,,544248,2024-09-04,2024-09-06,2024-09-11,225.00,125.28,Bookbuilding,BSE SME,Beeline Capital,2024,Spread X Securities Pvt.Ltd.,chittorgarh,43,chittorgarh,75,chittorgarh,60.0,chittorgarh,35.51,chittorgarh,300.00,chittorgarh,314.00,chittorgarh,285.00,chittorgarh,295.55,chittorgarh,To Meet Working Capital Requirements | General Corporate Purpose,chittorgarh,125,chittorgarh,146.7,403.7,136.5,196.7,9186.78,7586.14,5984.81,24642.58,64.44,100,61.53,214,True,600,135000,31.7,14,236,7.1,,237,236,,37,22,,26,14,,13.9,6.7,,50,109,,6,5,,101,139,,18,-9,10.97,52.00,0.12,237,26,Mar 2024,1,sharescart,sharescart,investorgain,sharescart
INE08NZ01012,Namo eWaste Management Ltd.,SME,NAMOEWASTE,,2024-09-04,2024-09-06,2024-09-11,85.00,51.20,Bookbuilding,NSE SME,Hem Securities,2024,Hem Finlease Pvt.Ltd.,chittorgarh,49,chittorgarh,2.00,chittorgarh,3.9,chittorgarh,14.58,chittorgarh,161.50,chittorgarh,169.55,chittorgarh,161.50,chittorgarh,169.55,chittorgarh,"Funding the Capital Expenditure requirements of our subsidiary i.e. Techeco Waste Management LLP, towards setting up of a new factory unit at Nashik. | To Meet Working Capital Requirement | General Corporate Purpose",chittorgarh,51,chittorgarh,151.8,394.2,195.5,225.6,3885.10,3027.69,3504.35,11553.67,96.47,93.67,68.99,80,True,1600,136000,23,8,150,3.7,58,101,150,4,12,15,3,7,8,2.1,4,3.7,28,35,89,3,3,2,39,63,101,0,3,-20,6.93,20.00,0.09,101,7,Mar 2024,2,sharescart,sharescart,investorgain,sharescart
INE0N4701016,Naturewings Holidays Ltd.,SME,,544245,2024-09-03,2024-09-05,2024-09-10,74.00,7.03,Fixed Price,BSE SME,Fedex Securities,2024,Pure Broking Pvt.Ltd.,chittorgarh,7,chittorgarh,0.00,chittorgarh,0.0,chittorgarh,,,95.00,chittorgarh,99.50,chittorgarh,90.25,chittorgarh,90.25,chittorgarh,Meeting working capital requirements; | Marketing and Business Promotions; and | General corporate purposes,chittorgarh,7,chittorgarh,0,270.7,487.2,383.5,0.00,951.74,1713.12,2697.00,60.81,84.11,74.11,74,False,1600,118400,18.5,1,21,4,12,22,21,1,2,2,1,1,1,2.9,5.1,3.4,2,3,9,0,0,0,5,6,13,1,0,-1,4.55,33.33,0.00,22,1,Mar 2024,2,sharescart,sharescart,ipowatch,sharescart
INE0RXB01022,Jeyyam Global Foods Ltd.,SME,JEYYAM,,2024-09-02,2024-09-04,2024-09-09,61.00,81.94,Bookbuilding,NSE SME,Corpwis,2024,NNM Securities Pvt.Ltd.,chittorgarh,70,chittorgarh,8,chittorgarh,9.8,chittorgarh,23.03,chittorgarh,61.00,chittorgarh,64.05,chittorgarh,57.95,chittorgarh,64.05,chittorgarh,Working Capital Requirement | Capital Expenditure | General Corporate Purposes,chittorgarh,82,chittorgarh,54.6,321.8,70.4,119.4,2237.65,3955.26,2019.74,9783.88,40.98,92,,59,True,2000,122000,13,22,762,4.7,382,630,762,17,34,42,8,15,22,2.2,4.3,4.6,65,80,167,29,25,19,168,192,254,-31,-11,1,2.38,18.75,0.31,630,15,Mar 2024,2,sharescart,sharescart,ipowatch,
INE0QNI01012,Boss Packaging Solutions Ltd.,SME,BOSS,,2024-08-30,2024-09-03,2024-09-06,66.00,8.41,Fixed Price,NSE SME,Fedex Securities,2024,B.N.Rathi Securities Ltd.,chittorgarh,8,chittorgarh,0.00,chittorgarh,0.0,chittorgarh,,,82.50,chittorgarh,86.60,chittorgarh,78.40,chittorgarh,86.60,chittorgarh,Purchase of machineries | Funding our Working Capital Requirements; and | General Corporate Purpose,chittorgarh,8,chittorgarh,0,103.8,165.3,136.2,0.00,436.40,694.91,1145.31,18.18,100,71.35,66,False,2000,132000,16.5,2,15,4,10,12,15,1,2,2,1,1,2,6.4,3.2,3.5,2,5,14,0,0,0,5,8,16,0,-2,-3,8.33,20.00,0.00,12,1,Mar 2024,2,sharescart,sharescart,ipowatch,sharescart
INE0SG001011,Travels & Rentals Ltd.,SME,,544242,2024-08-29,2024-09-02,2024-09-05,40.00,12.24,Fixed Price,BSE SME,Finshore Management,2024,Black Fox Financial Pvt.Ltd.,chittorgarh,12,chittorgarh,0.00,chittorgarh,0.0,chittorgarh,,,55.00,chittorgarh,57.75,chittorgarh,52.25,chittorgarh,57.75,chittorgarh,To meet the Working Capital Requirements | General Corporate Purposes,chittorgarh,12,chittorgarh,0,754.6,429.9,608.5,0.00,4618.40,2630.99,7447.55,20.0,86.48,62.86,40,False,3000,120000,12.1,3,11,3.3,6,8,11,3,5,8,2,3,3,2,3.3,2.6,7,15,28,3,3,17,16,25,53,3,-3,-21,37.50,20.00,0.20,8,3,Mar 2024,2,sharescart,sharescart,ipowatch,sharescart
INE0WL801011,Aeron Composite Ltd.,SME,AERON,,2024-08-28,2024-08-30,2024-09-04,125.00,56.10,Bookbuilding,NSE SME,Hem Securities,2024,Hem Finlease Pvt.Ltd.,chittorgarh,53,chittorgarh,3.00,chittorgarh,5.4,chittorgarh,15.18,chittorgarh,150.00,chittorgarh,157.50,chittorgarh,150.00,chittorgarh,157.50,chittorgarh,Funding the Capital Expenditure requirements towards setting up of an additional manufacturing unit | General Corporate Purpose,chittorgarh,56,chittorgarh,27.8,75.5,33.8,41.1,780.35,635.58,663.07,2304.03,28.0,65.12,54.78,121,True,1000,125000,14.2,13,215,8.8,179,200,215,13,18,24,7,10,13,5.3,8.1,7.8,25,35,101,1,4,21,69,101,206,2,21,-9,5.00,28.57,0.11,200,10,Mar 2024,2,sharescart,sharescart,ipowatch,sharescart
INE0S2W01018,Paramatrix Technologies Ltd.,SME,PARAMATRIX,,2024-08-27,2024-08-30,2024-09-04,110.00,33.84,Fixed Price,NSE SME,Inventure Merchant Banker,2024,Svcm Securities Pvt.Ltd.,chittorgarh,29,chittorgarh,3,chittorgarh,8.8,chittorgarh,,,115.05,chittorgarh,120.80,chittorgarh,115.05,chittorgarh,120.80,chittorgarh,Capital Expenditure for building our Infrastructure | Investment in our suite of accelerators to enhance the service offerings | Geographical expansion in Middle East and East Asia; and | General Corporate Purposes,chittorgarh,34,chittorgarh,0,6.2,11.9,9.2,0.00,105.43,200.70,311.71,,75.46,54.77,110,False,1200,132000,19.6,6,29,5.6,28,28,29,10,6,8,7,4,6,8.1,4.7,5,30,30,66,0,0,0,34,33,70,1,4,3,14.29,13.33,0.00,28,4,Mar 2024,2,sharescart,sharescart,,sharescart
INE0SMY01017,Jay Bee Laminations Ltd.,SME,JAYBEE,,2024-08-27,2024-08-29,2024-09-03,146.00,88.96,Bookbuilding,NSE SME,Swaraj Shares,2024,Shreni Shares Ltd.,chittorgarh,62,chittorgarh,22,chittorgarh,24.7,chittorgarh,24.97,chittorgarh,277.40,chittorgarh,291.25,chittorgarh,277.40,chittorgarh,291.25,chittorgarh,Funding the working capital requirements | General Corporate Purposes,chittorgarh,89,chittorgarh,72.4,230.1,87.9,114,3218.05,3070.38,2736.16,10136.74,30.82,100,100,138,True,1000,146000,11.9,25,367,12.3,247,303,367,24,32,44,14,19,25,7.6,10.8,11.2,43,63,148,6,4,8,108,136,228,5,15,-35,6.27,30.16,0.06,303,19,Mar 2024,2,sharescart,sharescart,ipowatch,sharescart
INE0U2M01015,Vdeal System Ltd.,SME,VDEAL,,2024-08-27,2024-08-29,2024-09-03,112.00,18.08,Fixed Price,NSE SME,Affinity Global,2024,Black Fox Financial Pvt.Ltd.,chittorgarh,17,chittorgarh,1.00,chittorgarh,5.6,chittorgarh,,,170.00,chittorgarh,178.50,chittorgarh,161.50,chittorgarh,178.50,chittorgarh,To meet the working capital requirements | Prepayment and repayment of all or a portion of certain secured and unsecured loan availed by the company | General Corporate Purpose,chittorgarh,18,chittorgarh,0,61.5,76.7,71.4,0.00,555.50,693.25,1290.32,13.39,100,80.95,112,False,1200,134400,11.8,4,34,9.5,21,26,34,3,6,7,1,3,4,3.4,9.5,8.2,3,6,26,1,4,2,15,27,49,1,1,-14,11.54,50.00,0.67,26,3,Mar 2024,2,sharescart,sharescart,ipowatch,sharescart
INE0DHF01018,Indian Phosphate Ltd.,SME,IPHL,,2024-08-26,2024-08-29,2024-09-03,99.00,67.36,Bookbuilding,NSE SME,Beeline Capital,2024,Spread X Securities Pvt.Ltd.,chittorgarh,64,chittorgarh,3.00,chittorgarh,4.5,chittorgarh,19.09,chittorgarh,188.10,chittorgarh,197.50,chittorgarh,178.70,chittorgarh,178.70,chittorgarh,"For Setting up a new manufacturing facility at SIPCOT Industrial Park Phase-I, Kudikadu Village, Cuddalore District ('C' District) Plot(s) - Plot No.C-17/A, TamilNadu for manufacturing of Sulphuric Acid, LABSA 90%, and Magnesium Sulphate | To Meet Working Capital Requirements. | For General Corporate Purposes",chittorgarh,67,chittorgarh,181.6,441,243,267.9,6115.58,4455.94,5729.41,18044.96,50.51,100,89.5,94,True,1200,118800,25.4,7,884,3.9,,715,884,,25,21,,12,7,,7.2,3.5,,81,148,,18,16,,254,291,,-33,11,1.68,14.81,0.22,715,12,Mar 2024,1,sharescart,sharescart,ipowatch,sharescart
INE0QA901010,Rapid Multimodal Logistics Ltd.,SME,,544237,2024-08-22,2024-08-27,2024-08-30,84.00,8.49,Fixed Price,BSE SME,Gretex Corporate,2024,Gretex Share Broking Pvt.Ltd.,chittorgarh,8,chittorgarh,0.00,chittorgarh,0.0,chittorgarh,,,103.00,chittorgarh,108.15,chittorgarh,99.00,chittorgarh,108.10,chittorgarh,Working Capital Requirements | General Corporate Purpose | Total,chittorgarh,8,chittorgarh,0,512.8,172.6,350.5,0.00,2177.88,732.83,2977.18,11.9,99.99,,84,False,1600,134400,14.7,2,103,5.7,73,72,103,3,3,3,2,2,2,7.2,6.8,5.9,3,5,14,1,1,0,7,9,19,2,5,-1,2.78,40.00,0.20,72,2,Mar 2024,2,sharescart,sharescart,ipowatch,
INE0SK201011,Resourceful Automobile Ltd.,SME,,544236,2024-08-22,2024-08-26,2024-08-29,117.00,11.99,Fixed Price,BSE SME,Swastika Investmart,2024,Nikunj Stock Brokers Ltd.,chittorgarh,11,chittorgarh,1.00,chittorgarh,8.3,chittorgarh,,,117.00,chittorgarh,122.85,chittorgarh,111.15,chittorgarh,122.85,chittorgarh,To Carry on Expansion of the company by opening of new showrooms in Delhi/ NCR; | Repayment of Debt | To Meet Incremental Working Capital Requirements | General Corporate Purpose,chittorgarh,12,chittorgarh,0,315.6,496.2,418.8,0.00,1892.11,2974.88,5021.72,17.09,100,55.63,117,False,1200,140400,24.4,1,21,4.8,19,19,21,2,4,3,0,2,1,2.5,11.9,4.8,2,4,17,7,6,5,10,17,25,-0,-2,-3,10.53,50.00,1.50,19,2,Mar 2024,2,sharescart,sharescart,ipowatch,sharescart
INE0KZF01015,QVC Exports Ltd.,SME,QVCEL,,2024-08-21,2024-08-23,2024-08-28,86.00,24.07,Fixed Price,NSE SME,Khandwala Securities,2024,Aftertrade Broking Pvt.Ltd.,chittorgarh,16,chittorgarh,6,chittorgarh,25.0,chittorgarh,,,161.00,chittorgarh,162.00,chittorgarh,152.95,chittorgarh,152.95,chittorgarh,To repay the unsecured loans taken by the Company | To meet working capital requirement | General Corporate Purposes,chittorgarh,24,chittorgarh,0,596.6,418.6,535,0.00,7178.60,5037.55,12875.44,23.26,97.74,49.43,86,False,1600,137600,10.4,6,359,8.3,207,446,359,4,11,17,2,4,6,5.5,7.2,7.6,28,34,58,5,3,1,65,94,154,3,10,-4,0.90,11.76,0.09,446,4,Mar 2024,2,sharescart,sharescart,ipowatch,sharescart
INE0T9I01011,Ideal Technoplast Industries Ltd.,SME,IDEALTECHO,,2024-08-21,2024-08-23,2024-08-28,121.00,16.03,Fixed Price,NSE SME,Swastika Investmart,2024,Sunflower Broking Pvt.Ltd.,chittorgarh,15,chittorgarh,1.00,chittorgarh,6.2,chittorgarh,,,132.10,chittorgarh,138.70,chittorgarh,132.10,chittorgarh,138.70,chittorgarh,To Meet Capital Expenditure; | General Corporate Purpose,chittorgarh,16,chittorgarh,0,108.5,115.6,116.8,0.00,869.68,926.44,1871.79,16.53,100,73.5,121,False,1000,121000,18.6,3,28,6.5,,27,28,,4,5,,2,3,,6.4,5.8,,6,24,,3,5,,14,40,,3,0,7.41,33.33,0.50,27,2,Mar 2024,1,sharescart,sharescart,investorgain,sharescart
INE0R4Z01018,Brace Port Logistics Ltd.,SME,BRACEPORT,,2024-08-19,2024-08-21,2024-08-26,80.00,24.41,Bookbuilding,NSE SME,Holani Consultants,2024,Holani Consultants Pvt.Ltd.,chittorgarh,23,chittorgarh,1.00,chittorgarh,4.2,chittorgarh,4.30,chittorgarh,152.00,chittorgarh,159.60,chittorgarh,152.00,chittorgarh,159.60,chittorgarh,Funding the working capital requirements of our Company | General corporate purposes,chittorgarh,24,chittorgarh,450,854.5,588.7,657.8,5492.65,3128.66,5029.82,16056.88,90.0,100,44.44,76,True,1600,128000,11.9,7,86,6.7,,55,86,,7,10,,5,7,,6.1,6,,14,39,,0,0,,28,44,,0,-4,9.09,35.71,0.00,55,5,Mar 2024,1,sharescart,sharescart,ipowatch,sharescart
INE0U2501017,Forcas Studio Ltd.,SME,FORCAS,,2024-08-19,2024-08-21,2024-08-26,80.00,37.44,Bookbuilding,NSE SME,Horizon Management,2024,Giriraj Stock Broking Pvt.Ltd.,chittorgarh,36,chittorgarh,1.00,chittorgarh,2.7,chittorgarh,10.65,chittorgarh,152.00,chittorgarh,159.60,chittorgarh,144.40,chittorgarh,144.40,chittorgarh,Funding of upgradation of warehouse | Prepayment or repayment of certain secured loans availed by the Company | Funding of working capital requirements of the Company; | General Corporate Purposes,chittorgarh,37,chittorgarh,205.4,701.9,415.8,417,3844.90,3941.59,5448.91,15612.11,62.5,100,38.04,77,True,1600,128000,14.5,9,142,5.5,,40,142,,4,15,,2,9,,1.7,4.9,,20,64,,2,1,,66,91,,-40,-10,5.00,10.00,0.10,40,2,Mar 2024,1,sharescart,sharescart,ipowatch,sharescart
INE0SFZ01018,Broach Lifecare Hospital Ltd.,SME,,544231,2024-08-13,2024-08-16,2024-08-21,25.00,4.02,Fixed Price,BSE SME,Fedex Securities,2024,Aftertrade Broking Pvt.Ltd.,chittorgarh,4,chittorgarh,0.00,chittorgarh,0.0,chittorgarh,,,47.50,chittorgarh,49.87,chittorgarh,45.60,chittorgarh,49.87,chittorgarh,Purchase of Machineries | Development of Medical Tourism Web Portal | General corporate purposes | IPO Expenses,chittorgarh,4,chittorgarh,0,88.5,226.3,159.1,0.00,177.88,454.90,639.62,,98.38,90,25,False,6000,150000,25,1,3,1,,3,3,,1,1,,1,1,,1.6,0.9,,5,9,,0,0,,6,11,,-3,-1,33.33,20.00,0.00,3,1,Mar 2024,1,sharescart,sharescart,,sharescart
INE0U0201016,Solve Plastic Products Ltd.,SME,BALCO,,2024-08-13,2024-08-16,2024-08-21,91.00,11.85,Fixed Price,NSE SME,Finshore Management,2024,Black Fox Financial Pvt.Ltd.,chittorgarh,11,chittorgarh,1.00,chittorgarh,8.3,chittorgarh,,,102.00,chittorgarh,107.10,chittorgarh,102.00,chittorgarh,107.10,chittorgarh,Funding Capital Expenditure towards purchase of additional plant and machinery | Working Capital Requirements | Issue Related Expenses | General Corporate Expenses,chittorgarh,12,chittorgarh,0,19.5,46.8,34.2,0.00,115.34,277.01,405.56,5.49,90.22,49.87,91,False,1200,109200,-7.3,-5,41,-12.4,61,46,41,3,4,-4,1,1,-5,4,4.6,-11,2,4,10,3,3,3,18,21,22,2,2,-3,2.17,25.00,0.75,46,1,Mar 2024,2,sharescart,sharescart,ipowatch,sharescart
INE0S3H01017,Positron Energy Ltd.,SME,POSITRON,,2024-08-12,2024-08-14,2024-08-20,250.00,51.21,Bookbuilding,NSE SME,Beeline Capital,2024,Spread X Securities Pvt.Ltd.,chittorgarh,49,chittorgarh,2.00,chittorgarh,3.9,chittorgarh,14.58,chittorgarh,475.00,chittorgarh,498.75,chittorgarh,475.00,chittorgarh,498.75,chittorgarh,To Meet Working Capital Requirements | General Corporate Purposes,chittorgarh,51,chittorgarh,231.4,805.8,351.9,414.9,5925.25,6190.06,6307.28,21244.98,40.0,100,57.14,238,True,600,150000,9.6,18,337,26.1,,135,337,,13,23,,9,18,,15.8,23.4,,15,79,,1,1,,41,115,,7,7,6.67,60.00,0.07,135,9,Mar 2024,1,sharescart,sharescart,ipowatch,sharescart
INE0U2N01013,Sunlite Recycling Industries Ltd.,SME,SUNLITE,,2024-08-12,2024-08-14,2024-08-20,105.00,30.24,Bookbuilding,NSE SME,Hem Securities,2024,Hem Finlease Pvt.Ltd.,chittorgarh,29,chittorgarh,1.00,chittorgarh,3.3,chittorgarh,8.59,chittorgarh,199.50,chittorgarh,209.45,chittorgarh,199.50,chittorgarh,209.45,chittorgarh,"Funding of capital expenditure towards installation of new Plant & Machinery | Repayment and/or pre-payment, in full or part, of certain borrowings availed by our Company | General Corporate Purpose",chittorgarh,30,chittorgarh,109.1,584.1,252,282.5,1648.84,2649.48,2667.17,8541.29,75.24,89.24,78.14,100,True,1200,126000,7.2,14,1397,14.6,1150,1166,1397,15,19,24,6,9,14,14,11.2,13.1,4,19,60,22,3,5,72,61,94,2,11,8,0.77,47.37,0.16,1166,9,Mar 2024,2,sharescart,sharescart,investorgain,sharescart
INE0TSF01011,Aesthetik Engineers Ltd.,SME,AESTHETIK,,2024-08-08,2024-08-12,2024-08-16,58.00,26.47,Bookbuilding,NSE SME,Narnolia Financial,2024,Nikunj Stock Brokers Ltd.,chittorgarh,25,chittorgarh,1.00,chittorgarh,3.8,chittorgarh,7.52,chittorgarh,110.20,chittorgarh,115.70,chittorgarh,110.20,chittorgarh,115.70,chittorgarh,Capital Expenditure | Working Capital Requirement | General Corporate Purposes,chittorgarh,26,chittorgarh,207.3,1934,461.6,705.3,2743.87,7679.14,4276.50,18669.08,89.66,97.63,61.77,55,True,2000,116000,15.7,6,66,3.7,40,61,66,2,8,10,1,5,6,0.9,4,3.3,10,15,44,1,4,1,24,31,62,3,-2,3,8.20,33.33,0.27,61,5,Mar 2024,2,sharescart,sharescart,ipowatch,sharescart
INE0OXY01013,Afcom Holdings Ltd.,SME,,544224,2024-08-02,2024-08-06,2024-08-09,108.00,73.83,Bookbuilding,BSE SME,GYR Capital,2024,Giriraj Stock Broking Pvt.Ltd.,chittorgarh,70,chittorgarh,4.00,chittorgarh,5.4,chittorgarh,20.48,chittorgarh,205.20,chittorgarh,215.45,chittorgarh,205.20,chittorgarh,215.45,chittorgarh,Funding Capital Expenditure towards taking of two new aircraft on lease basis | Prepayment or repayment of all or a portion of certain outstanding borrowings availed by our company | Funding of working capital requirement | General Corporate Purposes,chittorgarh,74,chittorgarh,186.2,697.9,202.8,303,6874.97,7729.00,5241.45,22373.65,92.59,58.94,,102,True,1200,129600,5,48,239,21.6,84,148,239,19,36,69,14,25,48,7.7,14.1,19.5,73,103,220,0,0,26,83,138,275,-19,31,27,16.89,24.27,0.00,148,25,Mar 2024,2,sharescart,sharescart,ipowatch,
INE0YAL01017,Picturepost Studios Ltd.,SME,PPSL,,2024-08-02,2024-08-06,2024-08-09,24.00,18.72,Bookbuilding,NSE SME,Shreni Shares,2024,Shreni Shares Ltd.,chittorgarh,18,chittorgarh,1.00,chittorgarh,5.3,chittorgarh,5.30,chittorgarh,30.00,chittorgarh,31.50,chittorgarh,28.50,chittorgarh,31.50,chittorgarh,Funding of capital expenditure requirements of our Company towards purchase of equipment and Software | Repayment/prepayment of all or certain of our borrowings availed by our Company | General Corporate Purpose,chittorgarh,19,chittorgarh,101.2,389.7,308.1,266.6,947.14,1094.19,2018.61,4990.75,41.67,57.9,43,22,True,6000,144000,14.1,5,37,1.7,,,37,,,10,,,5,,,1.7,,,28,,,0,,,40,,,-1,,,,,,,0,sharescart,sharescart,ipowatch,sharescart
INE0YRN01025,Dhariwalcorp Ltd.,SME,DHARIWAL,,2024-08-01,2024-08-05,2024-08-08,106.00,25.15,Bookbuilding,NSE SME,Shreni Shares,2024,Shreni Shares Ltd.,chittorgarh,24,chittorgarh,1.00,chittorgarh,4.0,chittorgarh,7.00,chittorgarh,150.00,chittorgarh,152.00,chittorgarh,142.50,chittorgarh,142.50,chittorgarh,Funding Capital Expenditure towards construction of Warehouse | Funding working capital requirements of our company | General corporate purposes,chittorgarh,25,chittorgarh,76.9,279.2,183.9,175,967.30,1053.06,1618.53,4399.54,18.87,100,38.85,102,True,1200,127200,24.1,4,234,4.4,194,229,234,2,7,6,1,5,4,0.2,1.4,0.8,3,9,35,0,2,3,20,21,68,1,-0,-13,2.18,55.56,0.22,229,5,Mar 2024,2,sharescart,sharescart,ipowatch,sharescart
INE06IJ01010,Utssav CZ Gold Jewels Ltd.,SME,UTSSAV,,2024-07-31,2024-08-02,2024-08-07,110.00,69.50,Bookbuilding,NSE SME,Choice Capital,2024,Choice Equity Broking Pvt.Ltd.,chittorgarh,66,chittorgarh,3.00,chittorgarh,4.3,chittorgarh,19.80,chittorgarh,110.05,chittorgarh,115.55,chittorgarh,110.05,chittorgarh,115.55,chittorgarh,Funding Working Capital requirement of our Company | General Corporate Purpose,chittorgarh,69,chittorgarh,36.4,64.5,46.7,47.6,1265.91,672.08,1136.19,3306.71,50.0,95.98,,104,True,1200,132000,9.5,25,646,11.6,238,340,646,14,23,40,7,13,25,4.3,7.6,10.5,22,35,127,10,5,10,82,121,269,-12,7,-89,3.82,37.14,0.14,340,13,Mar 2024,2,sharescart,sharescart,ipowatch,
INE0RFP01011,Sathlokhar Synergys E&C Global Ltd.,SME,SSEGL,,2024-07-30,2024-08-01,2024-08-06,140.00,92.93,Bookbuilding,NSE SME,GYR Capital,2024,Giriraj Stock Broking Pvt.Ltd.,chittorgarh,85,chittorgarh,8.00,chittorgarh,8.6,chittorgarh,25.34,chittorgarh,260.00,chittorgarh,260.00,chittorgarh,247.00,chittorgarh,247.00,chittorgarh,Working Capital | General Corporate Purposes,chittorgarh,93,chittorgarh,171.6,382.1,160.5,211.1,7971.24,5326.54,5219.48,19620.73,67.86,86.49,,133,True,1000,140000,6.8,43,399,20.7,87,247,399,8,36,60,5,26,43,3.1,14.9,17.7,14,41,172,0,0,0,48,105,265,3,12,-91,10.53,63.41,0.00,247,26,Mar 2024,2,sharescart,sharescart,investorgain,
INE0SZ301012,Bulkcorp International Ltd.,SME,BULKCORP,,2024-07-30,2024-08-01,2024-08-06,105.00,20.78,Bookbuilding,NSE SME,Swastika Investmart,2024,Sunflower Broking Pvt.Ltd.,chittorgarh,20,chittorgarh,1.00,chittorgarh,4.8,chittorgarh,5.91,chittorgarh,130.00,chittorgarh,136.50,chittorgarh,130.00,chittorgarh,136.50,chittorgarh,Capital Expenditure | To Meet Working Capital Requirements | General Corporate Purpose,chittorgarh,21,chittorgarh,,,,,,,,,78.1,,,,,,,,,,,,,,,,,,,,,,,,,,,,,,,,,,,,,,,,,,,,investorgain,
INE0PCU01012,Rajputana Industries Ltd.,SME,RAJINDLTD,,2024-07-30,2024-08-01,2024-08-06,38.00,23.88,Bookbuilding,NSE SME,Holani Consultants,2024,Holani Consultants Pvt.Ltd.,chittorgarh,23,chittorgarh,1.00,chittorgarh,4.2,chittorgarh,6.12,chittorgarh,72.20,chittorgarh,75.80,chittorgarh,72.20,chittorgarh,75.80,chittorgarh,Funding the Working capital requirements of our Company | Purchase of Grid Solar Power Generating System; and | General corporate purposes,chittorgarh,24,chittorgarh,177.9,418,524.6,376.4,2124.87,1497.28,4385.24,8989.80,105.26,92.15,,36,True,3000,114000,9,8,552,4.2,255,327,552,13,18,19,3,5,8,2,3.3,3.7,27,33,64,20,19,27,118,150,189,-3,18,-23,1.53,15.15,0.58,327,5,Mar 2024,2,sharescart,sharescart,ipowatch,
INE0LAA01017,Ashapura Logistics Ltd.,SME,ASHALOG,,2024-07-30,2024-08-01,2024-08-06,144.00,52.66,Bookbuilding,NSE SME,Beeline Capital,2024,Spread X Securities Pvt.Ltd.,chittorgarh,50,chittorgarh,3.00,chittorgarh,5.7,chittorgarh,14.98,chittorgarh,185.00,chittorgarh,194.25,chittorgarh,175.75,chittorgarh,175.75,chittorgarh,"Purchase of Vehicles and Equipment | Construction of warehouses at our facilities located at Mundra, Gujarat | Working Capital Requirement | General Corporate Purpose | Public Issue Expenses",chittorgarh,53,chittorgarh,128.2,289.3,174.2,185.8,3376.35,2285.45,3210.91,9781.74,20.83,92.45,67.51,136,True,1000,144000,14.3,12,231,10.1,222,199,231,23,27,28,9,12,12,9.9,12.5,9.1,48,65,130,4,8,13,105,126,213,16,6,-21,6.03,18.46,0.12,199,12,Mar 2024,2,sharescart,sharescart,ipowatch,sharescart
INE0RMR01013,Kizi Apparels Ltd.,SME,,544221,2024-07-30,2024-08-01,2024-08-06,21.00,5.58,Fixed Price,BSE SME,Interactive Financial,2024,Beeline Broking Ltd.,chittorgarh,5,chittorgarh,1.00,chittorgarh,16.7,chittorgarh,,,23.15,chittorgarh,24.30,chittorgarh,22.00,chittorgarh,24.30,chittorgarh,Repayment of unsecured Loans | Long-term Working capital requirement | General corporate purposes,chittorgarh,6,chittorgarh,,89.58,139.62,115.6,,,,,23.81,,,,,,,,,,,,,,,,,,,,,,,,,,,,,,,,,,,,,,,,,,ipowatch,,ipowatch,
INE0BSN01013,S A Tech Software India Ltd.,SME,SATECH,,2024-07-26,2024-07-30,2024-08-02,59.00,23.01,Bookbuilding,NSE SME,GYR Capital,2024,Giriraj Stock Broking Pvt.Ltd.,chittorgarh,21,chittorgarh,2.00,chittorgarh,8.7,chittorgarh,6.38,chittorgarh,112.10,chittorgarh,117.70,chittorgarh,112.10,chittorgarh,117.70,chittorgarh,Prepayment or repayment of all or a portion of certain outstanding borrowings availed by the company; | Funding the working capital requirements of the company; and | General Corporate Purposes,chittorgarh,23,chittorgarh,201.3,1179,621.8,621.3,2315.84,4069.21,5007.42,14294.96,135.59,100,59.39,56,True,2000,118000,9.4,7,100,6.3,56,72,100,5,8,13,1,4,7,1.2,4.1,5.7,8,11,40,7,8,1,33,37,60,13,-5,-13,5.56,36.36,0.73,72,4,Mar 2024,2,sharescart,sharescart,investorgain,sharescart
INE0SBP01018,Esprit Stones Ltd.,SME,ESPRIT,,2024-07-26,2024-07-30,2024-08-02,87.00,50.35,Bookbuilding,NSE SME,Choice Capital,2024,Choice Equity Broking Pvt.Ltd.,chittorgarh,48,chittorgarh,2.00,chittorgarh,4.0,chittorgarh,14.03,chittorgarh,93.15,chittorgarh,97.80,chittorgarh,93.15,chittorgarh,97.80,chittorgarh,"Funding Working Capital requirement of the Company | Investment in our Subsidiary, Haique Stones Private Limited (HSPL), for repayment and / or prepayment in part or full of its outstanding borrowings | Investment in our Subsidiary, Haique Stones Private Limited (HSPL) for funding its Working Capital Requirement | General Corporate Purpose",chittorgarh,50,chittorgarh,117.6,399.6,145.8,185.8,2965.35,3021.92,2571.96,9368.72,17.24,100,33.32,82,True,1600,139200,11.2,17,321,7.8,174,273,321,19,33,40,4,10,17,2.1,6.3,7.1,62,72,133,57,51,27,238,275,310,-29,14,7,3.66,13.89,0.71,273,10,Mar 2024,2,sharescart,sharescart,ipowatch,sharescart
INE0QMR01015,Clinitech Laboratory Ltd.,SME,,544220,2024-07-25,2024-07-29,2024-08-01,96.00,5.78,Fixed Price,BSE SME,Inventure Merchant Banker,2024,Svcm Securities Pvt.Ltd.,chittorgarh,5,chittorgarh,1.00,chittorgarh,16.7,chittorgarh,,,115.00,chittorgarh,120.75,chittorgarh,110.00,chittorgarh,120.75,chittorgarh,Expansion of Diagnostic Centres | General Corporate Purposes,chittorgarh,6,chittorgarh,0.0,23.28,49.61,38.96,,,,,67.71,,,,,,,,,,,,,,,,,,,,,,,,,,,,,,,,,,,,,,,,,,ipowatch,,investorgain,
INE0LQG01010,Aprameya Engineering Ltd.,SME,APRAMEYA,,2024-07-25,2024-07-29,2024-08-01,58.00,29.23,Bookbuilding,NSE SME,Hem Securities,2024,Hem Finlease Pvt.Ltd.,chittorgarh,28,chittorgarh,1.00,chittorgarh,3.4,chittorgarh,8.32,chittorgarh,72.00,chittorgarh,75.60,chittorgarh,72.00,chittorgarh,75.60,chittorgarh,To meet incremental working capital requirements | General Corporate Purposes | Total,chittorgarh,29,chittorgarh,90.3,340,187.9,192.6,1319.68,1490.79,1922.24,5629.21,17.24,100,73.53,56,True,2000,116000,6.2,16,136,9.3,78,65,136,10,7,25,5,3,16,3.8,2.5,8.5,20,23,64,12,12,6,62,75,143,-13,-10,-11,4.62,13.04,0.52,65,3,Mar 2024,2,sharescart,sharescart,ipowatch,sharescart
INE0SYV01018,Trom Industries Ltd.,SME,TROM,,2024-07-25,2024-07-29,2024-08-01,115.00,31.37,Bookbuilding,NSE SME,Expert Global,2024,Sunflower Broking Pvt.Ltd.,chittorgarh,30,chittorgarh,1.00,chittorgarh,3.2,chittorgarh,8.93,chittorgarh,218.50,chittorgarh,229.40,chittorgarh,218.50,chittorgarh,229.40,chittorgarh,Funding of capital expenditure requirements of the Company towards set up of Solar Power Plant; | To meet the working capital requirements; and | General corporate purposes | Total,chittorgarh,31,chittorgarh,197.1,751.9,483.1,459,3090.79,3537.77,5304.20,14397.64,56.52,92.77,69.93,100,True,1200,138000,20.5,5,93,5.6,24,54,93,1,8,7,0,6,5,1.1,8.8,5,2,12,47,3,4,0,22,29,82,-2,-6,-18,11.11,50.00,0.33,54,6,Mar 2024,2,sharescart,sharescart,ipowatch,sharescart
INE0U1T01012,Chetana Education Ltd.,SME,CHETANA,,2024-07-24,2024-07-26,2024-07-31,85.00,45.90,Bookbuilding,NSE SME,Hem Securities,2024,Hem Finlease Pvt.Ltd.,chittorgarh,44,chittorgarh,2.00,chittorgarh,4.3,chittorgarh,13.06,chittorgarh,98.90,chittorgarh,103.80,chittorgarh,93.95,chittorgarh,103.80,chittorgarh,"Repayment of certain borrowing availed by our Company, in part or full | To meet Working Capital requirements | General Corporate Purpose",chittorgarh,46,chittorgarh,101.2,468.4,135.1,196.9,2323.00,3225.07,2170.54,9036.33,11.76,100,41.46,80,True,1600,136000,0.1,14,102,727,,40,102,,15,22,,10,14,,6.7,6.6,,25,79,,5,1,,97,117,,-6,-11,25.00,40.00,0.20,40,10,Mar 2024,1,sharescart,sharescart,ipowatch,sharescart
INE0R3101011,Manglam Infra & Engineering Ltd.,SME,MIEL,,2024-07-24,2024-07-26,2024-07-31,56.00,27.62,Bookbuilding,NSE SME,Unistone Capital,2024,Giriraj Stock Broking Pvt.Ltd.,chittorgarh,25,chittorgarh,3.00,chittorgarh,10.7,chittorgarh,7.40,chittorgarh,106.40,chittorgarh,111.70,chittorgarh,106.40,chittorgarh,111.70,chittorgarh,"To meet the working capital requirements, and | General corporate purposes",chittorgarh,28,chittorgarh,163,756.7,371.7,394.4,2251.52,3135.04,3593.31,10893.56,17.86,100,62.48,53,True,2000,112000,31.1,3,45,1.8,,35,45,,10,6,,7,3,,5.2,1.7,,17,44,,1,2,,33,64,,0,-21,20.00,41.18,0.06,35,7,Mar 2024,1,sharescart,sharescart,ipowatch,sharescart
INE0QXL01015,V.L.Infraprojects Ltd.,SME,VLINFRA,,2024-07-23,2024-07-25,2024-07-30,42.00,18.52,Bookbuilding,NSE SME,Beeline Capital,2024,Spread X Securities Pvt.Ltd.,chittorgarh,18,chittorgarh,1.00,chittorgarh,5.3,chittorgarh,5.24,chittorgarh,79.80,chittorgarh,83.75,chittorgarh,79.80,chittorgarh,83.75,chittorgarh,To meet working capital requirements | General Corporate Purposes | Total,chittorgarh,19,chittorgarh,203.7,726.6,844.2,636.2,1886.74,2018.60,5472.82,11783.14,142.86,100,80.01,39,True,3000,126000,8.6,7,121,4.9,46,114,121,5,11,13,2,6,7,2,5.4,4.5,10,16,42,2,2,2,28,57,85,1,-0,-15,5.26,37.50,0.12,114,6,Mar 2024,2,sharescart,sharescart,investorgain,sharescart
INE0MNP01016,VVIP Infratech Ltd.,SME,,544219,2024-07-23,2024-07-25,2024-07-30,93.00,61.21,Bookbuilding,BSE SME,Share India Capital,2024,Share India Securities Ltd.,chittorgarh,58,chittorgarh,3.00,chittorgarh,4.9,chittorgarh,17.41,chittorgarh,176.70,chittorgarh,185.53,chittorgarh,176.70,chittorgarh,185.53,chittorgarh,Capital Expenditure | Working Capital Requirement | General Corporate Purpose,chittorgarh,61,chittorgarh,168.5,456.8,181.7,236.9,5155.63,4194.47,3893.46,14502.49,37.63,100,83.05,91,True,1200,111600,5.9,50,371,15.8,209,284,371,21,34,81,12,20,50,7.7,10.9,14.5,86,110,199,23,16,62,240,262,543,52,16,-64,7.04,18.18,0.15,284,20,Mar 2024,2,sharescart,sharescart,ipowatch,sharescart
INE0SA001017,RNFI Services Ltd.,SME,RNFI,,2024-07-22,2024-07-24,2024-07-29,105.00,70.81,Bookbuilding,NSE SME,Choice Capital,2024,Choice Equity Broking Pvt.Ltd.,chittorgarh,67,chittorgarh,4.00,chittorgarh,5.6,chittorgarh,20.03,chittorgarh,199.50,chittorgarh,199.95,chittorgarh,189.55,chittorgarh,189.55,chittorgarh,Funding the working capital requirements of the Company | Funding Capital expenditure requirements for the Purchase of Micro ATMs/laptops/Server | Strengthening our technology infrastructure to develop new capabilities | Achieving inorganic growth through unidentified acquisitions and other strategic initiatives and General Corporate Purposes,chittorgarh,71,chittorgarh,140.7,513.3,142.6,221.5,4980.21,5452.28,3534.72,15684.15,42.86,89.53,,98,True,1200,126000,13.1,20,917,8,1067,936,917,12,21,46,5,10,20,3,5.8,7.3,21,32,112,12,16,13,125,190,279,-20,47,30,1.07,31.25,0.50,936,10,Mar 2024,2,sharescart,sharescart,ipowatch,
INE0SVY01018,Kataria Industries Ltd.,SME,KATARIA,,2024-07-16,2024-07-19,2024-07-24,96.00,54.57,Bookbuilding,NSE SME,Interactive Financial,2024,MNM Stock Broking Pvt.Ltd.,chittorgarh,52,chittorgarh,3.00,chittorgarh,5.5,chittorgarh,15.53,chittorgarh,182.40,chittorgarh,191.50,chittorgarh,182.40,chittorgarh,191.50,chittorgarh,Capital Expenditure for purchase of machineries | Repayment of Debt | General Corporate Purpose,chittorgarh,55,chittorgarh,171,970.2,274.6,393.9,4667.34,7942.20,5245.49,21495.85,46.88,79.32,,91,True,1200,115200,18.8,11,351,5.1,332,339,351,22,29,22,8,10,11,4.9,6.6,5.1,36,45,109,32,5,0,151,120,143,2,62,7,2.95,22.22,0.11,339,10,Mar 2024,2,sharescart,sharescart,ipowatch,
INE0R0J01010,Macobs Technologies Ltd.,SME,MACOBSTECH,,2024-07-16,2024-07-19,2024-07-24,75.00,19.46,Bookbuilding,NSE SME,SKI Capital,2024,SKI Capital Services Ltd.,chittorgarh,18,chittorgarh,1.00,chittorgarh,5.3,chittorgarh,3.32,chittorgarh,96.00,chittorgarh,100.80,chittorgarh,96.00,chittorgarh,100.80,chittorgarh,Customer Acquisition - Marketing & Awareness | Prepayment or repayment of a portion of certain outstanding borrowings availed by the Company; | Working Capital Requirements | General corporate purposes; and,chittorgarh,19,chittorgarh,88.9,266.7,176.9,202.3,519.22,1816.87,1204.91,3937.96,14.67,81.82,66.8,71,True,1600,120000,25.9,3,24,2.9,15,18,24,3,3,4,2,2,3,681.7,3,2.7,2,10,28,0,1,0,6,14,31,-0,-2,-12,11.11,20.00,0.10,18,2,Mar 2024,2,sharescart,sharescart,ipowatch,sharescart
INE0OXV01027,Tunwal E-Motors Ltd.,SME,TUNWAL,,2024-07-15,2024-07-18,2024-07-23,59.00,115.64,Fixed Price,NSE SME,Horizon Management,2024,Nikunj Stock Brokers Ltd. Giriraj Stock Broking Pvt.Ltd.,chittorgarh,76,chittorgarh,34,chittorgarh,29.3,chittorgarh,,,64.00,chittorgarh,64.00,chittorgarh,60.80,chittorgarh,60.80,chittorgarh,Funding of working capital requirements of the Company. | Research & Development | Pursuing Inorganic Growth | General Corporate Expenses,chittorgarh,116,chittorgarh,0,7.6,16.6,12.3,0.00,440.01,962.12,1423.53,42.37,97.04,62.34,59,False,2000,118000,25.7,12,179,2.3,,,179,,,19,,,12,,,2.1,,,103,,,3,,,194,,,-53,,,,,,,0,sharescart,sharescart,ipowatch,sharescart
INE0T3401029,Aelea Commodities Ltd.,SME,,544213,2024-07-12,2024-07-16,2024-07-22,95.00,51.00,Bookbuilding,BSE SME,Ekadrisht Capital,2024,SS Corporate Securities Ltd.,chittorgarh,48,chittorgarh,3.00,chittorgarh,5.9,chittorgarh,14.52,chittorgarh,165.00,chittorgarh,173.25,chittorgarh,156.75,chittorgarh,173.25,chittorgarh,Setting up of new manufacturing unit and Installation of Plant & Machinery thereon | Purchase of Plant and Machinery at existing manufacturing unit | General Corporate Purposes,chittorgarh,51,chittorgarh,104.2,389.9,165,195.8,2657.80,2982.72,2944.57,9988.03,21.05,86.45,63.66,91,True,1200,114000,158.3,1,182,0.6,109,142,182,6,20,9,2,11,1,1.3,7.6,0.6,34,50,102,19,14,1,99,110,161,5,-7,9,7.75,22.00,0.28,142,11,Mar 2024,2,sharescart,sharescart,ipowatch,sharescart
INE0RPM01017,Sati Poly Plast Ltd.,SME,SATIPOLY,,2024-07-12,2024-07-16,2024-07-22,130.00,17.36,Bookbuilding,NSE SME,Beeline Capital,2024,Spread X Securities Pvt.Ltd.,chittorgarh,16,chittorgarh,1.00,chittorgarh,5.9,chittorgarh,4.93,chittorgarh,247.00,chittorgarh,259.35,chittorgarh,247.00,chittorgarh,259.35,chittorgarh,Working Capital Requirements | General Corporate Purposes,chittorgarh,17,chittorgarh,146,569.5,670.6,499.1,1266.91,1482.60,4073.51,8662.40,38.46,100,55.69,123,True,1000,130000,-5.6,-11,302,-23.2,191,179,302,9,9,16,3,3,-11,9.7,7.8,-21.3,4,12,16,16,17,5,41,56,57,3,9,-13,1.68,25.00,1.42,179,3,Mar 2024,2,sharescart,sharescart,ipowatch,sharescart
INE0V9N01017,Prizor Viztech Ltd.,SME,PRIZOR,,2024-07-12,2024-07-16,2024-07-22,87.00,25.15,Bookbuilding,NSE SME,Shreni Shares,2024,Rikhav Securities Ltd.,chittorgarh,24,chittorgarh,1.00,chittorgarh,4.0,chittorgarh,7.09,chittorgarh,165.30,chittorgarh,173.55,chittorgarh,165.30,chittorgarh,173.55,chittorgarh,"Funding of capital expenditure requirements of the Company towards setting up of Display Centre and Inventory Storage in Ahmedabad, Gujarat; | Funding Working Capital Requirements of the Company; and | General corporate purposes",chittorgarh,25,chittorgarh,94.5,280,264.2,219.5,1189.00,1056.44,2325.94,5519.92,57.47,93.59,68.28,82,True,1600,139200,8.4,10,71,10.4,,36,71,,8,15,,6,10,,10.6,9.5,,7,43,,5,5,,25,57,,-2,-14,16.67,85.71,0.71,36,6,Mar 2024,1,sharescart,sharescart,ipowatch,sharescart
INE0UK501010,Three M Paper Boards Ltd.,SME,,544214,2024-07-12,2024-07-16,2024-07-22,69.00,39.83,Bookbuilding,BSE SME,Comfort Securities,2024,Comfort Securities Ltd.,chittorgarh,38,chittorgarh,2.00,chittorgarh,5.0,chittorgarh,11.33,chittorgarh,76.00,chittorgarh,79.80,chittorgarh,76.00,chittorgarh,79.80,chittorgarh,"Capital expenditure for installation of new machinery, modernisation of certain processes under existing manufacturing facility and installation of plastic fired low pressure boiler; | Funding working capital requirements of the Company; and | Prepayment or repayment of all or a portion of outstanding borrowing availed by the Company; | General corporate purposes",chittorgarh,40,chittorgarh,79.4,284.7,175.2,171.3,1580.53,1700.62,2442.04,6823.53,28.99,100,70,67,True,2000,138000,13.3,10,266,5.2,327,272,266,22,27,25,7,11,10,5,8.4,5.2,47,61,104,44,34,24,189,195,241,24,11,10,4.04,18.03,0.56,272,11,Mar 2024,2,sharescart,sharescart,ipowatch,sharescart
INE0P4701011,Sahaj Solar Ltd.,SME,SAHAJSOLAR,,2024-07-11,2024-07-15,2024-07-19,180.00,52.52,Bookbuilding,NSE SME,Kunvarji Finstock,2024,Aftertrade Broking Pvt.Ltd.,chittorgarh,50,chittorgarh,3.00,chittorgarh,5.7,chittorgarh,14.83,chittorgarh,342.00,chittorgarh,359.10,chittorgarh,342.00,chittorgarh,359.10,chittorgarh,Working Capital Requirements of the Company | General Corporate Purposes | Total,chittorgarh,53,chittorgarh,214.3,862.4,535,507.2,5631.02,6798.77,9842.41,26658.96,55.56,100,66.72,171,True,800,144000,6.6,28,330,27.2,185,201,330,12,25,43,6,13,28,4.1,8.2,12.5,16,33,109,4,3,3,91,149,303,10,-35,-47,6.47,39.39,0.09,201,13,Mar 2024,2,sharescart,sharescart,ipowatch,sharescart
INE0U9101019,Effwa Infra & Research Ltd.,SME,EFFWA,,2024-07-05,2024-07-09,2024-07-12,82.00,51.27,Bookbuilding,NSE SME,Shreni Shares,2024,Rikhav Securities Ltd.,chittorgarh,41,chittorgarh,8,chittorgarh,15.7,chittorgarh,14.34,chittorgarh,155.80,chittorgarh,163.55,chittorgarh,155.80,chittorgarh,163.55,chittorgarh,Funding working capital requirements of the company; | Funding of capital expenditure requirements of the company towards purchase of new office Equipments; | General corporate purposes;,chittorgarh,51,chittorgarh,166.6,477.3,323.8,313.7,4270.01,3670.66,5810.94,16081.76,73.17,66.24,,78,True,1600,131200,9.4,20,185,8.7,115,145,185,9,21,31,5,14,20,2.9,7.8,8.7,24,37,95,3,1,3,65,80,150,-5,4,-31,9.66,37.84,0.03,145,14,Mar 2024,2,sharescart,sharescart,ipowatch,
INE0R8C01018,Ganesh Green Bharat Ltd.,SME,GGBL,,2024-07-05,2024-07-09,2024-07-12,190.00,125.23,Bookbuilding,NSE SME,Hem Securities,2024,Hem Finlease Pvt.Ltd.,chittorgarh,119,chittorgarh,6.00,chittorgarh,4.8,chittorgarh,35.29,chittorgarh,361.00,chittorgarh,379.05,chittorgarh,361.00,chittorgarh,379.05,chittorgarh,"Repayment in full or in part, of certain of the outstanding borrowings; | Funding Capital Expenditure towards installation of additional plant and machinery at the factory | Funding to meet working capital requirements | General Corporate Purpose",chittorgarh,125,chittorgarh,154.5,470.4,176.9,229.9,9673.94,8836.91,7752.68,28792.65,94.74,100,41.67,181,True,600,114000,14.5,30,318,13.1,90,170,318,14,37,52,8,22,30,4.5,10.9,12.2,35,57,205,10,17,14,88,150,339,-2,25,-29,12.94,38.60,0.30,170,22,Mar 2024,2,sharescart,sharescart,ipowatch,sharescart
INE0M3I01029,Ambey Laboratories Ltd.,SME,AMBEY,,2024-07-04,2024-07-08,2024-07-11,68.00,44.68,Bookbuilding,NSE SME,Novus Capital,2024,Nikunj Stock Brokers Ltd.,chittorgarh,40,chittorgarh,2,chittorgarh,4.4,chittorgarh,12.73,chittorgarh,85.00,chittorgarh,89.25,chittorgarh,85.00,chittorgarh,89.25,chittorgarh,To meet out the Working Capital requirements | To meet out the General Corporate Purposes | Issue Expenses,chittorgarh,45,chittorgarh,61.9,324.02,194.18,172.67,,,,,32.35,,,,,,,,,,,,,,,,,,,,,,,,,,,,,,,,,,,,,,,,,,ipowatch,,ipowatch,
INE0SUN01013,Nephro Care India Ltd.,SME,NEPHROCARE,,2024-06-28,2024-07-02,2024-07-05,90.00,41.26,Bookbuilding,NSE SME,Corporate Capitalventures,2024,SS Corporate Securities Ltd.,chittorgarh,39,chittorgarh,2.00,chittorgarh,4.9,chittorgarh,11.15,chittorgarh,171.00,chittorgarh,179.55,chittorgarh,171.00,chittorgarh,179.55,chittorgarh,"Setting up a Multi Speciality Hospital in the name of “Vivacity Multi Specialty Hospital” (unit of Nephro Care) at Kolkata (Madhyamgaram), West Bengal | General Corporate Expenses",chittorgarh,41,chittorgarh,245.1,1787.2,634.1,715.8,5056.75,11059.85,9156.44,29530.22,194.44,85.02,,85,True,1600,144000,37.5,4,46,2.4,17,27,46,3,7,7,2,5,4,2.4,3.8,2.2,3,15,53,2,0,0,8,21,68,4,1,8,18.52,33.33,0.00,27,5,Mar 2024,2,sharescart,sharescart,investorgain,
INE0JRD01019,Diensten Tech Ltd.,SME,DTL,,2024-06-26,2024-06-28,2024-07-03,100.00,22.08,Bookbuilding,NSE SME,Corporate Professionals,2024,Share India Securities Ltd.,chittorgarh,21,chittorgarh,1.00,chittorgarh,4.5,chittorgarh,6.28,chittorgarh,240.00,chittorgarh,252.00,chittorgarh,240.00,chittorgarh,252.00,chittorgarh,"Payment of liability raised against outstanding payment of consideration for “Professional Services and Training Division” business acquired from J K Technosoft Limited, vide Business Transfer Agreement Dated April 30, 2022. | Working Capital Requirement | General Corporate Purposes | Issue Expenses",chittorgarh,22,chittorgarh,9.6,155,35.9,53.9,105.98,513.33,277.20,1191.00,30.0,95.5,69.97,95,True,1200,120000,-41.7,-2,65,-2.4,38,41,65,2,-2,2,0,-3,-2,0.3,-4.6,-2.6,4,2,19,0,19,23,16,37,56,-3,-8,-1,-7.32,-150.00,9.50,41,-3,Mar 2024,2,sharescart,sharescart,ipowatch,sharescart
INE0PMR01017,Akiko Global Services Ltd.,SME,AKIKO,,2024-06-25,2024-06-27,2024-07-02,77.00,23.11,Bookbuilding,NSE SME,Novus Capital,2024,Nikunj Stock Brokers Ltd.,chittorgarh,22,chittorgarh,1.00,chittorgarh,4.3,chittorgarh,6.58,chittorgarh,98.00,chittorgarh,98.00,chittorgarh,93.10,chittorgarh,93.35,chittorgarh,"Implementation of ERP Solution and TeleCRM | Mobile Application for financial product solution | To meet working capital requirements | Enhancing visibility and awareness of our brands, including but not limited to “Akiko Global” or “Moneyfair” | General Corporate Purpose | Issue Expenses",chittorgarh,23,chittorgarh,10.2,48.1,45.6,35,117.99,166.58,368.63,808.01,6.49,92.77,66.91,73,True,1600,123200,10.1,8,76,7.6,,,76,,,12,,,8,,,6.9,,,44,,,1,,,64,,,-27,,,,,,,0,sharescart,sharescart,investorgain,sharescart
INE0SCO01019,Divine Power Energy Ltd.,SME,DPEL,,2024-06-25,2024-06-27,2024-07-02,40.00,22.75,Bookbuilding,NSE SME,Khambatta Securities,2024,Nikunj Stock Brokers Ltd.,chittorgarh,22,chittorgarh,1.00,chittorgarh,4.3,chittorgarh,6.48,chittorgarh,155.00,chittorgarh,162.75,chittorgarh,147.25,chittorgarh,152.30,chittorgarh,Working Capital Requirement including margin money | General Corporate Purpose,chittorgarh,23,chittorgarh,135.8,473.7,507.9,393.7,1545.86,1617.35,4046.25,8959.93,152.5,100,,36,True,3000,120000,8.9,9,342,4.5,151,222,342,10,15,20,3,6,9,1.8,4.1,3.9,19,26,86,7,4,24,73,89,184,-4,-3,-19,2.70,23.08,0.15,222,6,Mar 2024,2,sharescart,sharescart,investorgain,
INE998U01015,Petro Carbon & Chemicals Ltd.,SME,PCCL,,2024-06-25,2024-06-27,2024-07-02,171.00,113.16,Bookbuilding,NSE SME,GYR Capital,2024,Giriraj Stock Broking Pvt.Ltd.,chittorgarh,,,106,chittorgarh,93.8,chittorgarh,31.72,chittorgarh,300.00,chittorgarh,315.00,chittorgarh,285.00,chittorgarh,315.00,chittorgarh,Achieve the benefits of listing the Equity Shares on the Stock Exchanges,chittorgarh,113,chittorgarh,94.5,129.9,74.3,92,5346.29,2205.11,2944.34,10411.94,29.82,100,,162,True,800,136800,45,9,296,3.8,,,296,,,17,,,9,,,3.8,,,171,,,60,,,417,,,12,,,,,,,0,sharescart,sharescart,ipowatch,
INE0T7B01010,Shivalic Power Control Ltd.,SME,SPCL,,2024-06-24,2024-06-26,2024-07-01,100.00,64.32,Bookbuilding,NSE SME,Corporate Capitalventures,2024,SS Corporate Securities Ltd.,chittorgarh,61,chittorgarh,3.00,chittorgarh,4.7,chittorgarh,18.29,chittorgarh,311.00,chittorgarh,326.55,chittorgarh,297.00,chittorgarh,326.55,chittorgarh,,,64,chittorgarh,170.3,436.4,230.1,257.2,5477.49,4210.10,5180.91,16545.68,170.0,96.63,70.86,95,True,1200,120000,18.2,12,132,5.5,82,102,132,13,20,20,7,11,12,4.2,6.3,5.2,25,41,113,9,5,4,58,90,129,4,-8,-9,10.78,26.83,0.12,102,11,Mar 2024,2,sharescart,sharescart,ipowatch,sharescart
INE01IH01015,Sylvan Plyboard (India) Ltd.,SME,SYLVANPLY,,2024-06-24,2024-06-26,2024-07-01,55.00,28.05,Fixed Price,NSE SME,Finshore Management,2024,Black Fox Financial Pvt.Ltd.,chittorgarh,27,chittorgarh,1.00,chittorgarh,3.6,chittorgarh,,,66.00,chittorgarh,69.30,chittorgarh,62.70,chittorgarh,69.30,chittorgarh,Funding Capital Expenditure towards purchase of additional plant and machinery | Working Capital Requirements | Issue Related Expenses | General Corporate Expenses,chittorgarh,28,chittorgarh,,,,,,,,,49.09,,,,,,,,,,,,,,,,,,,,,,,,,,,,,,,,,,,,,,,,,,,,investorgain,
INE0SH001010,Mason Infratech Ltd.,SME,MASON,,2024-06-24,2024-06-26,2024-07-01,64.00,30.46,Bookbuilding,NSE SME,Expert Global,2024,Globalworth Securities Ltd.,chittorgarh,29,chittorgarh,1.00,chittorgarh,3.3,chittorgarh,8.65,chittorgarh,88.00,chittorgarh,92.40,chittorgarh,83.60,chittorgarh,92.40,chittorgarh,To meet the working capital requirements | General Corporate Purpose,chittorgarh,30,chittorgarh,13.4,50.2,36.6,32.9,204.11,229.39,390.14,1001.96,23.44,98.2,71.6,62,True,2000,128000,6.6,17,112,9.7,,94,112,,19,28,,12,17,,9.1,9.7,,22,66,,5,16,,78,157,,16,8,12.77,54.55,0.23,94,12,Mar 2024,1,sharescart,sharescart,ipowatch,sharescart
INE0BHK01012,Visaman Global Sales Ltd.,SME,VISAMAN,,2024-06-24,2024-06-26,2024-07-01,43.00,16.05,Fixed Price,NSE SME,Shreni Shares,2024,Shreni Shares Ltd.,chittorgarh,15,chittorgarh,1.00,chittorgarh,6.2,chittorgarh,,,45.10,chittorgarh,47.35,chittorgarh,45.10,chittorgarh,47.35,chittorgarh,"Funding of capital expenditure requirements of the Company towards setting up of a manufacturing facility at Rajkot, Gujarat, India | Funding Working Capital Requirements of the Company | General corporate purposes",chittorgarh,16,chittorgarh,0,0,0,42.2,0.00,0.00,0.00,677.21,30.23,100,75,43,False,3000,129000,25.3,2,266,1.7,408,308,266,7,8,8,1,1,2,1.2,1.3,1.6,10,11,28,7,9,1,59,72,99,-1,6,15,0.32,9.09,0.82,308,1,Mar 2024,2,sharescart,sharescart,ipowatch,sharescart
INE0PE401018,Medicamen Organics Ltd.,SME,MEDIORG,,2024-06-21,2024-06-25,2024-06-28,34.00,10.54,Bookbuilding,NSE SME,GYR Capital,2024,Giriraj Stock Broking Pvt.Ltd.,chittorgarh,10,chittorgarh,1.00,chittorgarh,9.1,chittorgarh,2.98,chittorgarh,137.85,chittorgarh,144.70,chittorgarh,130.95,chittorgarh,144.70,chittorgarh,Funding of expenses proposed to be incurred towards Product registration in the international markets | Plant updation and increase in production capacity | Funding working capital requirements of our Company | General corporate purpose,chittorgarh,11,chittorgarh,173,1343.8,1309.8,993.6,911.87,2124.60,4831.74,10472.12,14.71,100,42.49,32,True,4000,136000,9.2,4,38,3.7,,25,38,,6,7,,3,4,,3.1,3.5,,15,30,,0,0,,38,59,,-4,-5,12.00,20.00,0.00,25,3,Mar 2024,1,sharescart,sharescart,ipowatch,sharescart
INE0S6R01027,Dindigul Farm Product Ltd.,SME,,544201,2024-06-20,2024-06-24,2024-06-27,54.00,34.83,Bookbuilding,BSE SME,Beeline Capital,2024,Spread X Securities Pvt.Ltd.,chittorgarh,33,chittorgarh,2.00,chittorgarh,5.7,chittorgarh,9.90,chittorgarh,102.60,chittorgarh,107.73,chittorgarh,102.60,chittorgarh,107.73,chittorgarh,Funding Capital Expenditure | Working Capital Requirements | General Corporate Purposes | Public Issue Expenses,chittorgarh,35,chittorgarh,145.6,280.1,201.4,202.4,2535.97,1463.17,2455.65,7047.85,125.93,80.66,59.36,51,True,2000,108000,-21.6,-6,62,-2.5,82,86,62,10,13,0,5,9,-6,3.6,4.9,-2.3,-16,10,35,20,15,16,29,53,64,6,-8,-12,10.47,90.00,1.50,86,9,Mar 2024,2,sharescart,sharescart,investorgain,sharescart
INE0S9101013,Winny Immigration & Education Services Ltd.,SME,WINNY,,2024-06-20,2024-06-24,2024-06-27,140.00,9.13,Fixed Price,NSE SME,Interactive Financial,2024,Aftertrade Broking Pvt.Ltd.,chittorgarh,9,chittorgarh,0.00,chittorgarh,0.0,chittorgarh,,,240.00,chittorgarh,252.00,chittorgarh,240.00,chittorgarh,252.00,chittorgarh,Opening of new offices in India | Software Development | Repayment of Debt | Branding and Advertisement | General corporate purposes,chittorgarh,9,chittorgarh,0,109.7,190.7,154.7,0.00,500.44,870.17,1411.83,55.0,100,62.21,140,False,1000,140000,-6.1,-5,8,-23,12,11,8,3,1,-6,1,0,-5,9.5,2.6,-21.3,2,2,6,0,0,0,6,5,6,0,1,-3,0.00,0.00,0.00,11,0,Mar 2024,2,sharescart,sharescart,investorgain,sharescart
INE0RUJ01013,GEM Enviro Management Ltd.,SME,,544199,2024-06-19,2024-06-21,2024-06-26,75.00,44.93,Bookbuilding,BSE SME,Share India Capital,2024,Share India Securities Ltd.,chittorgarh,9,chittorgarh,34,chittorgarh,75.6,chittorgarh,12.70,chittorgarh,142.50,chittorgarh,149.62,chittorgarh,142.50,chittorgarh,149.62,chittorgarh,To Meet Working Capital Requirements | General corporate purposes,chittorgarh,45,chittorgarh,160.2,462.9,240.3,265.1,3599.18,3119.51,3777.88,11911.76,96.0,99.94,73.52,71,True,1600,120000,27.8,6,59,2.7,43,34,59,14,15,8,10,11,6,4.8,5.4,2.7,24,34,49,0,0,0,36,42,59,8,4,-9,32.35,32.35,0.00,34,11,Mar 2024,2,sharescart,sharescart,investorgain,sharescart
INE0OUW01013,Durlax Top Surface Ltd.,SME,DURLAX,,2024-06-19,2024-06-21,2024-06-26,68.00,40.80,Bookbuilding,NSE SME,Expert Global,2024,Globalworth Securities Ltd.,chittorgarh,27,chittorgarh,12,chittorgarh,29.3,chittorgarh,4.03,chittorgarh,109.00,chittorgarh,109.00,chittorgarh,103.55,chittorgarh,103.55,chittorgarh,Part finance to meet the working capital requirements | General corporate purposes,chittorgarh,41,chittorgarh,48.3,415.1,194,166.8,985.12,5927.06,1186.97,6805.03,22.06,95.44,60.35,65,True,2000,136000,14.2,7,123,4.8,67,91,123,8,10,16,2,4,7,1.7,3.2,4.5,17,22,58,17,21,7,77,106,115,4,-17,-7,4.40,18.18,0.95,91,4,Mar 2024,2,sharescart,sharescart,ipowatch,sharescart
INE0PQK01013,Falcon Technoprojects India Ltd.,SME,FALCONTECH,,2024-06-19,2024-06-21,2024-06-26,92.00,13.69,Fixed Price,NSE SME,Kunvarji Finstock,2024,Nikunj Stock Brokers Ltd.,chittorgarh,13,chittorgarh,1.00,chittorgarh,7.1,chittorgarh,,,84.00,chittorgarh,88.20,chittorgarh,82.00,chittorgarh,88.20,chittorgarh,Working Capital Requirements of our Company | General Corporate Purposes,chittorgarh,14,chittorgarh,0,45,82.7,65.3,0.00,308.15,566.20,894.20,8.7,100,70.66,92,False,1200,110400,41.8,1,26,2.2,17,11,26,2,2,2,1,1,1,2.7,2.2,2.2,3,9,23,8,3,0,22,21,39,-1,1,-9,9.09,11.11,0.33,11,1,Mar 2024,2,sharescart,sharescart,ipowatch,sharescart
INE0S7E01015,GP Eco Solutions India Ltd.,SME,GPECO,,2024-06-14,2024-06-19,2024-06-24,94.00,30.79,Bookbuilding,NSE SME,Corporate Capitalventures,2024,SS Corporate Securities Ltd.,chittorgarh,28,chittorgarh,3.00,chittorgarh,9.7,chittorgarh,8.30,chittorgarh,375.00,chittorgarh,393.75,chittorgarh,375.00,chittorgarh,393.75,chittorgarh,"To Meet Working Capital requirements of our Company “GP Eco Solutions” | Investment in our subsidiary, Invergy India Private Limited (“IIPL”) in relation to Purchase of Plant & Machineries and other Miscellaneous Assets; and also towards Construction / Civil Works for its facility | General Corporate Expenses",chittorgarh,31,chittorgarh,236.6,1824.9,793.2,856.2,3643.59,8429.37,8549.14,26366.47,192.55,100,36.7,90,True,1200,112800,10.6,10,246,8.9,103,138,246,6,12,18,3,7,10,4,8.7,8.9,7,23,65,1,4,3,48,64,162,3,-6,22,5.07,30.43,0.17,138,7,Mar 2024,2,sharescart,sharescart,investorgain,sharescart
INE0S0I01011,United Cotfab Ltd.,SME,,544195,2024-06-13,2024-06-19,2024-06-24,70.00,36.29,Fixed Price,BSE SME,Beeline Capital,2024,Spread X Securities Pvt.Ltd.,chittorgarh,34,chittorgarh,2.00,chittorgarh,5.6,chittorgarh,,,75.00,chittorgarh,78.75,chittorgarh,75.00,chittorgarh,78.75,chittorgarh,To Meet Working Capital Requirements | General Corporate Purposes | Public Issue Expenses,chittorgarh,36,chittorgarh,0,114.7,77.2,107.2,0.00,2081.30,1401.08,3888.62,21.43,84.38,73.25,70,False,2000,140000,41.2,3,125,1.7,,40,125,,7,10,,2,3,,1.6,1.6,,14,51,,40,28,,82,108,,3,-18,5.00,14.29,2.86,40,2,Mar 2024,1,sharescart,sharescart,ipowatch,sharescart
INE0QUV01010,Sattrix Information Security Ltd.,SME,,544189,2024-06-05,2024-06-07,2024-06-12,121.00,21.78,Fixed Price,BSE SME,ISK Advisors,2024,Sunflower Broking Pvt.Ltd.,chittorgarh,21,chittorgarh,1.00,chittorgarh,4.5,chittorgarh,,,150.00,chittorgarh,157.50,chittorgarh,142.50,chittorgarh,157.50,chittorgarh,"Capital Expenditure: (a) To meet out expenses for Purchasing Furniture, fixture & air conditioning for new office at Ahmedabad | Capital Expenditure: (b) To purchase and Installation of IT equipment, computer hardware, server, SAN storage, CCTV cameras, video conferencing equipment, networking (LAN) and other equipment | Business Expansion Cost : (a) Development of New Product & Technology | Business Expansion Cost : (b) Other business expansion cost | Additional Working Capital Requirement | General Corporate Purpose",chittorgarh,22,chittorgarh,0,87.9,37.8,70.4,0.00,957.01,411.21,1534.18,16.53,56.67,33.96,121,False,1000,121000,19.2,4,45,6.3,35,40,45,6,3,7,4,2,4,7.5,3.6,6,12,14,37,0,0,0,27,24,54,4,11,-7,5.00,14.29,0.00,40,2,Mar 2024,2,sharescart,sharescart,ipowatch,sharescart
INE0QZ901011,Magenta Lifecare Ltd.,SME,,544188,2024-06-05,2024-06-07,2024-06-12,35.00,7.00,Fixed Price,BSE SME,Fedex Securities,2024,Sunflower Broking Pvt.Ltd.,chittorgarh,7,chittorgarh,0.00,chittorgarh,0.0,chittorgarh,,,45.00,chittorgarh,47.25,chittorgarh,45.00,chittorgarh,47.25,chittorgarh,Funding our working capital requirements | General corporate purposes,chittorgarh,7,chittorgarh,0,1145.8,778.4,983.2,0.00,4010.23,2724.43,6882.33,71.43,84.06,59.59,35,False,4000,140000,350,0,10,0.1,9,9,10,1,2,1,0,1,0,0.5,1.5,0.1,5,7,14,1,1,0,13,13,18,2,-1,-4,11.11,14.29,0.14,9,1,Mar 2024,2,sharescart,sharescart,ipowatch,sharescart
INE0R7D01018,3C IT Solutions & Telecoms (India) Ltd.,SME,,544190,2024-06-04,2024-06-07,2024-06-12,52.00,11.44,Fixed Price,BSE SME,Kreo Capital,2024,Shreni Shares Ltd.,chittorgarh,8,chittorgarh,3,chittorgarh,27.3,chittorgarh,,,43.01,chittorgarh,45.16,chittorgarh,43.01,chittorgarh,45.16,chittorgarh,Funding Working Capital Requirements of our Company | Repayment/ Prepayment of Certain Borrowings availed by our Company | General Corporate Purpose,chittorgarh,11,chittorgarh,,,,,,,,,,,,,,,,,,,,,,,,,,,,,,,,,,,,,,,,,,,,,,,,,,,,,,
INE0N2D01013,TBI Corn Ltd.,SME,TBI,,2024-05-31,2024-06-04,2024-06-07,94.00,44.94,Bookbuilding,NSE SME,Swastika Investmart,2024,SS Corporate Securities Ltd.,chittorgarh,43,chittorgarh,2.00,chittorgarh,4.4,chittorgarh,12.77,chittorgarh,198.00,chittorgarh,207.90,chittorgarh,198.00,chittorgarh,207.90,chittorgarh,Expansion of Existing Unit | To Meet Incremental Working Capital Requirements | General Corporate Purpose,chittorgarh,45,chittorgarh,81.4,516.5,523.3,231.2,1829.28,3481.73,8230.83,10390.58,101.06,100,59.81,90,True,1200,112800,12.5,14,212,7.5,,158,212,,19,26,,10,14,,7.6,7.5,,43,101,,9,5,,102,180,,-3,-30,6.33,23.26,0.21,158,10,Mar 2024,1,sharescart,sharescart,ipowatch,sharescart
INE0RUV01018,Aimtron Electronics Ltd.,SME,AIMTRON,,2024-05-30,2024-06-03,2024-06-06,161.00,87.02,Bookbuilding,NSE SME,Hem Securities,2024,Hem Finlease Pvt.Ltd.,chittorgarh,82,chittorgarh,5.00,chittorgarh,5.7,chittorgarh,24.73,chittorgarh,241.00,chittorgarh,253.05,chittorgarh,240.10,chittorgarh,253.05,chittorgarh,"Repayment in full or in part, of certain of the outstanding borrowings; | Funding Capital Expenditure towards installation of additional plant and machinery | Funding to meet working capital requirements | General Corporate Purpose",chittorgarh,87,chittorgarh,69.9,202.7,71.6,99.2,3042.56,2646.28,2181.26,8635.59,31.06,100,,153,True,800,128800,12.3,26,159,13.1,,93,159,,25,37,,14,26,,9.1,12.6,,52,155,,12,0,,93,230,,7,-19,15.05,26.92,0.23,93,14,Mar 2024,1,sharescart,sharescart,ipowatch,
INE0RIQ01013,Associated Coaters Ltd.,SME,,544183,2024-05-30,2024-06-03,2024-06-06,121.00,5.11,Fixed Price,BSE SME,Gretex Corporate,2024,Gretex Share Broking Pvt.Ltd.,chittorgarh,4,chittorgarh,1.00,chittorgarh,20.0,chittorgarh,,,142.00,chittorgarh,149.10,chittorgarh,134.90,chittorgarh,134.90,chittorgarh,Funding Capital Expenditure towards installation of Plant & Machinery in our existing premises | Working Capital Requirements | General Corporate Purposes,chittorgarh,5,chittorgarh,0,239.6,495,371.1,0.00,611.80,1263.76,1895.12,17.36,100,55.24,121,False,1000,121000,15.3,1,6,7.9,4,5,6,1,2,2,1,1,1,5.9,10.6,7.9,1,2,7,1,0,0,3,5,9,1,1,-0,20.00,50.00,0.00,5,1,Mar 2024,2,sharescart,sharescart,ipowatch,sharescart
INE0ISZ01012,Z-Tech (India) Ltd.,SME,ZTECH,,2024-05-29,2024-05-31,2024-06-05,110.00,37.30,Bookbuilding,NSE SME,Narnolia Financial,2024,NVS Brokerage Pvt.Ltd.,chittorgarh,35,chittorgarh,2.00,chittorgarh,5.4,chittorgarh,10.61,chittorgarh,100.00,chittorgarh,105.00,chittorgarh,99.20,chittorgarh,105.00,chittorgarh,Working Capital Requirement | General Corporate Purposes | Issue Expenses,chittorgarh,37,chittorgarh,123.1,832.4,315.6,371.4,2296.01,4657.51,4120.38,13854.04,24.55,82.65,60.75,104,True,1200,132000,6.5,20,94,17,26,67,94,3,12,28,2,8,20,2.2,9,14.1,10,22,171,0,1,2,23,42,207,0,0,-91,11.94,36.36,0.05,67,8,Mar 2024,2,sharescart,sharescart,investorgain,sharescart
INE639X01027,Beacon Trusteeship Ltd.,SME,BEACON,,2024-05-28,2024-05-30,2024-06-04,60.00,32.52,Bookbuilding,NSE SME,Beeline Capital,2024,Spread X Securities Pvt.Ltd.,chittorgarh,22,chittorgarh,9,chittorgarh,27.3,chittorgarh,9.25,chittorgarh,90.00,chittorgarh,94.50,chittorgarh,85.60,chittorgarh,94.50,chittorgarh,"Building Up Technology Infrastructure for the existing business. | Investment in Wholly owned subsidiary i.e. Beacon Investor Holdings Private Limited, to commence the services of Depository Participant and Registrar & Share Transfer Agent | Purchase of new offices premises | General Corporate Purpose",chittorgarh,33,chittorgarh,163.9,779.4,502.5,465.2,2664.36,3801.82,5719.34,15128.30,66.67,67.88,46.14,57,True,2000,120000,20,5,26,3,15,20,26,6,8,8,4,5,5,2.8,3.7,3,14,19,45,0,0,0,23,27,52,-1,6,-4,25.00,26.32,0.00,20,5,Mar 2024,2,sharescart,sharescart,ipowatch,sharescart
INE0AZY01017,Vilas Transcore Ltd.,SME,VILAS,,2024-05-27,2024-05-29,2024-06-03,147.00,95.26,Bookbuilding,NSE SME,Hem Securities,2024,Hem Finlease Pvt.Ltd.,chittorgarh,90,chittorgarh,5.00,chittorgarh,5.3,chittorgarh,27.12,chittorgarh,215.00,chittorgarh,225.75,chittorgarh,204.25,chittorgarh,225.75,chittorgarh,Funding for strategic investment and acquisitions | Funding Capital Expenditure towards construction of factory building | Funding capital expenditure towards acquisition and installation of additional plant and machinery | General Corporate Purposes,chittorgarh,95,chittorgarh,114.6,449.2,151.4,204.8,5460.07,6418.49,5048.28,19505.57,51.02,84.3,63.6,139,True,1000,147000,10.1,34,353,14.6,283,310,353,31,35,53,20,23,34,11.2,12.8,14,137,159,288,0,0,0,189,201,360,13,49,-35,7.42,14.47,0.00,310,23,Mar 2024,2,sharescart,sharescart,ipowatch,sharescart
INE0SQY01018,GSM Foils Ltd.,SME,GSMFOILS,,2024-05-24,2024-05-28,2024-05-31,32.00,11.01,Fixed Price,NSE SME,Shreni Shares,2024,Shreni Shares Ltd.,chittorgarh,10,chittorgarh,1.00,chittorgarh,9.1,chittorgarh,,,32.00,chittorgarh,33.60,chittorgarh,30.50,chittorgarh,33.60,chittorgarh,Funding of capital expenditure towards purchase of Plant and Machineries | Funding Working Capital Requirements of the Company | General Corporate Purpose,chittorgarh,11,chittorgarh,0,259.5,247.1,257.3,0.00,1428.34,1360.04,2832.36,15.62,99.99,73.14,32,False,4000,128000,4.3,10,134,7.5,,41,134,,3,15,,1,10,,1.5,7.5,,11,31,,1,0,,20,61,,-13,-18,2.44,9.09,0.09,41,1,Mar 2024,1,sharescart,sharescart,ipowatch,sharescart
INE0R7301013,Rulka Electricals Ltd.,SME,RULKA,,2024-05-16,2024-05-21,2024-05-24,235.00,26.40,Bookbuilding,NSE SME,Beeline Capital,2024,Sunflower Broking Pvt.Ltd.,chittorgarh,18,chittorgarh,7,chittorgarh,26.9,chittorgarh,7.50,chittorgarh,525.00,chittorgarh,551.25,chittorgarh,498.75,chittorgarh,498.75,chittorgarh,To Meet Working Capital Requirement | General corporate purposes,chittorgarh,26,chittorgarh,0,0,0,0,162.49,306.56,327.32,797.40,174.47,79.6,62.57,160,True,1600,272000,16.5,10,175,10.3,66,87,175,4,9,19,2,5,10,3.7,5.3,10.1,10,14,41,3,6,0,51,66,107,3,8,0,5.71,24.39,0.00,175,10,Mar 2025,3,sharescart,sharescart,investorgain,sharescart
INE0S6S01017,HOAC Foods India Ltd.,SME,HOACFOODS,,2024-05-16,2024-05-21,2024-05-24,48.00,5.54,Fixed Price,NSE SME,GYR Capital,2024,Giriraj Stock Broking Pvt.Ltd.,chittorgarh,5,chittorgarh,1.00,chittorgarh,16.7,chittorgarh,,,147.00,chittorgarh,147.00,chittorgarh,139.65,chittorgarh,139.65,chittorgarh,Funding the working capital requirements of the company | General Corporate Purpose,chittorgarh,6,chittorgarh,0,1432.6,2556.5,2013.6,0.00,3971.17,7086.51,11163.62,302.08,100,27.55,48,False,3000,144000,7.1,2,26,6.8,,0,26,,0,4,,0,2,,0,6.5,,0,11,,0,1,,0,20,,0,-1,,,,0,0,Mar 2024,1,sharescart,sharescart,investorgain,sharescart
INE0TNW01017,Quest Laboratories Ltd.,SME,QUESTLAB,,2024-05-15,2024-05-17,2024-05-23,97.00,43.16,Bookbuilding,NSE SME,Shreni Shares,2024,Rikhav Securities Ltd.,chittorgarh,41,chittorgarh,2.00,chittorgarh,4.7,chittorgarh,11.99,chittorgarh,155.10,chittorgarh,159.00,chittorgarh,147.35,chittorgarh,147.35,chittorgarh,Funding of capital expenditure towards purchase of plant and machineries for expansion at the existing manufacturing facility | Funding Working Capital Requirements of the Company | General corporate purposes,chittorgarh,43,chittorgarh,57.2,184.1,57.6,85.3,1234.41,1191.89,870.58,3679.92,20.62,91.57,65.99,93,True,1200,116400,11.7,14,104,8.3,62,83,104,8,16,20,5,10,14,4.7,8.5,8.3,15,29,82,2,1,1,47,61,122,4,3,-23,12.05,34.48,0.03,83,10,Mar 2024,2,sharescart,sharescart,ipowatch,sharescart
INE0RRU01016,Indian Emulsifiers Ltd.,SME,IEML,,2024-05-13,2024-05-16,2024-05-22,132.00,42.39,Bookbuilding,NSE SME,Ekadrisht Capital,2024,SS Corporate Securities Ltd.,chittorgarh,40,chittorgarh,2.00,chittorgarh,4.8,chittorgarh,12.01,chittorgarh,430.00,chittorgarh,451.50,chittorgarh,410.00,chittorgarh,451.50,chittorgarh,"Funding of capital expenditure requirements of the Company towards purchase of Plant & Machinery, Civil work and installation cost thereon | Funding Working Capital Requirements of the Company | General Corporate Purposes",chittorgarh,42,chittorgarh,176,779.6,484.7,460.1,3728.84,4956.72,7189.84,19500.16,181.82,98.13,78.43,125,True,1000,132000,11.6,13,101,11.4,,67,101,,15,21,,9,13,,9.8,10.9,,28,82,,13,7,,64,117,,0,-17,13.43,32.14,0.46,67,9,Mar 2024,1,sharescart,sharescart,investorgain,sharescart
INE0R3T01013,Mandeep Auto Industries Ltd.,SME,MANDEEP,,2024-05-13,2024-05-15,2024-05-21,67.00,25.25,Fixed Price,NSE SME,Jawa Capital,2024,Aftertrade Broking Pvt.Ltd.,chittorgarh,24,chittorgarh,1.00,chittorgarh,4.0,chittorgarh,,,62.25,chittorgarh,65.35,chittorgarh,59.15,chittorgarh,65.35,chittorgarh,"Expansion of the existing Manufacturing Facility located at Plot No 26, Nangla, Faridabad Haryana - 121001 by construction of the building on the land adjacent to our existing manufacturing unit, purchase of equipment/machineries, etc. | Repayment/prepayment of certain borrowings availed by our Company | Funding working capital requirements | General Corporate Purpose",chittorgarh,25,chittorgarh,0,61.5,90.6,77.2,0.00,776.81,1143.25,1949.72,14.93,100,86.36,67,False,2000,134000,47.9,1,32,1.4,,25,32,,4,2,,2,1,,3.2,1.4,,9,34,,5,2,,24,40,,-11,-7,8.00,22.22,0.56,25,2,Mar 2024,1,sharescart,sharescart,ipowatch,sharescart
INE0SRI01019,Veritaas Advertising Ltd.,SME,VERITAAS,,2024-05-13,2024-05-15,2024-05-21,114.00,8.48,Bookbuilding,NSE SME,Horizon Management,2024,Horizon Financial Consultants Pvt.Ltd.,chittorgarh,8,chittorgarh,0.00,chittorgarh,0.0,chittorgarh,1.98,chittorgarh,275.00,chittorgarh,288.75,chittorgarh,261.25,chittorgarh,261.25,chittorgarh,"Funding the capital expenditure towards setting up of new Police Booths in West Bengal, Assam, Maharashtra and Delhi | Funding the capital expenditure in Pole Kiosks for setting up of traffic signal point display in Kolkata, Mumbai and Pune | General corporate purposes",chittorgarh,8,chittorgarh,102.4,629.6,989.4,621.6,434.30,800.95,2937.21,5272.33,8.77,88.74,88.74,109,True,1200,136800,21.9,1,15,5.2,8,10,15,1,3,4,0,2,1,2.3,8.2,5.2,1,4,12,0,1,1,5,10,23,0,-0,-1,20.00,50.00,0.25,10,2,Mar 2024,2,sharescart,sharescart,ipowatch,sharescart
INE0QRV01016,ABS Marine Services Ltd.,SME,ABSMARINE,,2024-05-10,2024-05-15,2024-05-21,147.00,96.29,Bookbuilding,NSE SME,GYR Capital,2024,Giriraj Stock Broking Pvt.Ltd. Commodity Mandi Pvt.Ltd.,chittorgarh,90,chittorgarh,6.00,chittorgarh,6.2,chittorgarh,27.06,chittorgarh,294.00,chittorgarh,304.00,chittorgarh,279.30,chittorgarh,279.30,chittorgarh,Acquistion of offshore vessel | Funding the working capital requirements of the Company | General corporate purposes,chittorgarh,96,chittorgarh,109.3,270.9,110.2,144.4,5261.98,3913.12,3715.06,13907.41,8.84,86.5,63.42,140,True,1000,147000,12.9,27,180,11.4,112,135,180,30,45,55,10,25,27,5.3,13.1,11.1,94,117,230,29,27,139,171,175,424,5,11,45,18.52,21.37,0.23,135,25,Mar 2024,2,sharescart,sharescart,ipowatch,sharescart
INE0CFG01012,Premier Roadlines Ltd.,SME,PRLIND,,2024-05-10,2024-05-14,2024-05-17,67.00,40.36,Bookbuilding,NSE SME,Hem Securities,2024,Hem Finlease Pvt.Ltd.,chittorgarh,38,chittorgarh,2.00,chittorgarh,5.0,chittorgarh,11.48,chittorgarh,87.00,chittorgarh,91.35,chittorgarh,87.00,chittorgarh,91.35,chittorgarh,"Repayment and/or pre-payment, in full or part, of certain borrowings availed by the Compan | Purchase of vehicle for commercial purpose | Working Capital Requirement | General Corporate Purposes",chittorgarh,40,chittorgarh,90,180.3,106.5,117.6,1815.23,1091.26,1504.45,4745.22,14.93,100,75.94,63,True,2000,134000,9.4,16,289,7.1,,,289,,,24,,,16,,,6.9,,,89,,,10,,,145,,,-16,,,,,,,0,sharescart,sharescart,ipowatch,sharescart
INE0SCB01016,Aztec Fluids & Machinery Ltd.,SME,,544177,2024-05-10,2024-05-14,2024-05-17,67.00,24.12,Bookbuilding,BSE SME,Hem Securities,2024,Hem Finlease Pvt.Ltd.,chittorgarh,23,chittorgarh,1.00,chittorgarh,4.2,chittorgarh,6.85,chittorgarh,90.00,chittorgarh,90.00,chittorgarh,85.50,chittorgarh,85.50,chittorgarh,Funding of the proposed acquisition of equity shares of Jet Inks Private Limited | Repayment of a portion of certain borrowing availed by the Company | General Corporate Purposes,chittorgarh,24,chittorgarh,107.9,341.9,228.4,218.4,1301.64,1237.14,1928.41,5267.33,37.31,100,,63,True,2000,134000,11.6,8,88,5.8,,,88,,,13,,,8,,,5.6,,,50,,,1,,,88,,,6,,,,,,,0,sharescart,sharescart,ipowatch,
INE0R4W01015,Piotex Industries Ltd.,SME,,544178,2024-05-10,2024-05-14,2024-05-17,94.00,14.47,Fixed Price,BSE SME,Beeline Capital,2024,Spread X Securities Pvt.Ltd.,chittorgarh,14,chittorgarh,0.00,chittorgarh,0.0,chittorgarh,,,109.00,chittorgarh,114.45,chittorgarh,108.10,chittorgarh,114.30,chittorgarh,Funding the Working Capital Requirement | General Corporate Expenses,chittorgarh,14,chittorgarh,0,115.2,93.3,107.4,0.00,833.67,675.35,1554.90,26.6,100,69.83,94,False,1200,112800,13.6,3,134,6.9,86,118,134,5,4,5,3,3,3,11.7,8.4,6.6,4,9,26,4,3,0,18,36,32,-1,-2,-8,2.54,33.33,0.33,118,3,Mar 2024,2,sharescart,sharescart,ipowatch,sharescart
INE0S1L01013,Energy-Mission Machineries (India) Ltd.,SME,EMMIL,,2024-05-09,2024-05-13,2024-05-16,138.00,41.15,Bookbuilding,NSE SME,Hem Securities,2024,Hem Finlease Pvt.Ltd.,chittorgarh,39,chittorgarh,2.00,chittorgarh,4.9,chittorgarh,11.72,chittorgarh,366.00,chittorgarh,384.30,chittorgarh,350.30,chittorgarh,384.25,chittorgarh,"Funding of capital expenditure towards civil construction work at existing manufacturing unit located at Sanand, District Ahmedabad, Gujarat | Funding of capital expenditure towards installation of new plant & machineries | To meet working capital requirements | General Corporate Purpose",chittorgarh,41,chittorgarh,,,,,,,,,94.2,,,,,,,,,,,,,,,,,,,,,,,,,,,,,,,,,,,,,,,,,,,,investorgain,
INE0SMU01015,TGIF Agribusiness Ltd.,SME,,544175,2024-05-08,2024-05-10,2024-05-15,93.00,6.39,Fixed Price,BSE SME,Hem Securities,2024,Hem Finlease Pvt.Ltd.,chittorgarh,6,chittorgarh,0.00,chittorgarh,0.0,chittorgarh,,,150.00,chittorgarh,156.80,chittorgarh,142.50,chittorgarh,142.50,chittorgarh,Purchase of agricultural equipments & irrigation system | To meet Working Capital requirements | General Corporate Purpose,chittorgarh,6,chittorgarh,0,35.4,32.9,37.1,0.00,113.03,105.26,237.43,32.26,100,52.76,93,False,1200,111600,13.9,2,3,6.7,,2,3,,1,2,,1,2,,3.5,6.7,,3,11,,0,0,,3,11,,1,1,50.00,33.33,0.00,2,1,Mar 2024,1,sharescart,sharescart,ipowatch,sharescart
INE0STN01015,Silkflex Polymers (India) Ltd.,SME,SILKFLEX,,2024-05-07,2024-05-10,2024-05-15,52.00,18.11,Fixed Price,NSE SME,Shreni Shares,2024,Shreni Shares Ltd.,chittorgarh,17,chittorgarh,1.00,chittorgarh,5.6,chittorgarh,,,60.00,chittorgarh,63.00,chittorgarh,57.00,chittorgarh,58.70,chittorgarh,Acquisition of land | Funding of capital expenditure requirements of the Company towards purchase of Plant and Machineries | Funding Working Capital Requirements of the Company | General corporate purposes,chittorgarh,18,chittorgarh,0,36.6,36,39.3,0.00,331.26,325.64,711.58,28.85,95.24,60.8,52,False,2000,104000,8.3,7,80,6.3,44,50,80,3,7,12,1,4,7,1,4.8,6,8,12,36,2,1,17,24,38,83,-1,9,-30,8.00,33.33,0.08,50,4,Mar 2024,2,sharescart,sharescart,investorgain,sharescart
INE0QOQ01013,Finelistings Technologies Ltd.,SME,,544173,2024-05-07,2024-05-09,2024-05-14,123.00,13.53,Fixed Price,BSE SME,Fedex Securities,2024,Rikhav Securities Ltd.,chittorgarh,13,chittorgarh,1.00,chittorgarh,7.1,chittorgarh,,,127.00,chittorgarh,133.35,chittorgarh,127.00,chittorgarh,133.35,chittorgarh,Purchase of Software | To meet working capital requirements | General corporate purposes,chittorgarh,14,chittorgarh,0,29.9,39,37.4,0.00,201.94,263.56,506.56,16.26,71.65,49.98,123,False,1000,123000,-11.8,-4,19,-10.4,14,14,19,3,3,-3,2,2,-4,1.4,6.8,-10.4,3,5,14,0,0,0,10,8,15,-1,1,-8,14.29,40.00,0.00,14,2,Mar 2024,2,sharescart,sharescart,ipowatch,sharescart
INE0S3D01016,Winsol Engineers Ltd.,SME,WINSOL,,2024-05-06,2024-05-09,2024-05-14,75.00,23.36,Bookbuilding,NSE SME,Beeline Capital,2024,Spread X Securities Pvt.Ltd.,chittorgarh,22,chittorgarh,1.00,chittorgarh,4.3,chittorgarh,6.62,chittorgarh,365.00,chittorgarh,383.25,chittorgarh,362.00,chittorgarh,383.25,chittorgarh,Working Capital Requirements | General Corporate Purposes | Total,chittorgarh,23,chittorgarh,207.2,1087.8,780.2,682.1,2420.86,3812.34,6379.60,15937.52,80.0,100,45.55,71,True,1600,120000,7.4,12,111,10.2,65,78,111,8,13,18,5,9,12,6.1,10.8,10.2,9,18,49,3,2,4,29,41,86,-0,3,-24,11.54,50.00,0.11,78,9,Mar 2024,2,sharescart,sharescart,ipowatch,sharescart
INE0TNX01015,Refractory Shapes Ltd.,SME,REFRACTORY,,2024-05-06,2024-05-09,2024-05-14,31.00,18.60,Bookbuilding,NSE SME,Shreni Shares,2024,Shreni Shares Ltd.,chittorgarh,18,chittorgarh,1.00,chittorgarh,5.3,chittorgarh,5.27,chittorgarh,75.00,chittorgarh,78.75,chittorgarh,75.00,chittorgarh,78.75,chittorgarh,"Funding of Capital expenditure towards civil construction required for Expansion of existing manufacturing unit at the existing location situated at Wankaner, Gujarat; | Funding of Capital expenditure towards purchase of Plant and Machineries for Expanding existing manufacturing unit at the existing location situated at Wankaner, Gujarat; | Repayment/prepayment of all or certain of our borrowings availed of by our Company | Purchase of Commercial Vehicle | General Corporate Purpose",chittorgarh,19,chittorgarh,90.6,464.4,259.6,255.1,842.49,1295.76,1689.74,4744.49,16.13,100,37.89,27,True,4000,124000,10.7,6,59,2.9,38,41,59,5,9,11,2,4,6,1.2,2.6,2.9,17,21,46,12,12,10,49,52,70,4,-3,1,9.76,19.05,0.57,41,4,Mar 2024,2,sharescart,sharescart,ipowatch,sharescart
INE0SMA01017,Slone Infosystems Ltd.,SME,SLONE,,2024-05-03,2024-05-07,2024-05-10,79.00,11.06,Fixed Price,NSE SME,Jawa Capital,2024,Aftertrade Broking Pvt.Ltd.,chittorgarh,11,chittorgarh,0.00,chittorgarh,0.0,chittorgarh,,,118.50,chittorgarh,119.45,chittorgarh,112.60,chittorgarh,112.60,chittorgarh,"Capital Expenditure towards purchase of Laptops, Desktops, SSD and RAM. | Repayment/prepayment of certain borrowings availed by the Company | General Corporate Purpose",chittorgarh,11,chittorgarh,0,756.9,540.8,667.8,0.00,4185.55,2990.62,7385.98,18.99,100,58.23,79,False,1600,126400,5.4,7,211,14.5,30,61,211,2,7,12,1,4,7,2.5,10.8,14.1,2,13,39,3,2,0,12,21,58,1,-4,-9,6.56,30.77,0.15,61,4,Mar 2024,2,sharescart,sharescart,ipowatch,sharescart
INE0RGM01016,Storage Technologies & Automation Ltd.,SME,,544171,2024-04-30,2024-05-03,2024-05-08,78.00,29.95,Bookbuilding,BSE SME,Oneview Corporate,2024,Nikunj Stock Brokers Ltd.,chittorgarh,28,chittorgarh,2.00,chittorgarh,6.7,chittorgarh,8.50,chittorgarh,148.20,chittorgarh,155.59,chittorgarh,148.20,chittorgarh,153.05,chittorgarh,To meet Working Capital requirements | General Corporate Expenses,chittorgarh,30,chittorgarh,,,,,,,,,76.92,,,,,,,,,,,,,,,,,,,,,,,,,,,,,,,,,,,,,,,,,,,,investorgain,
INE0QSB01016,Amkay Products Ltd.,SME,,544169,2024-04-30,2024-05-03,2024-05-08,55.00,12.61,Bookbuilding,BSE SME,Hem Securities,2024,Hem Finlease Pvt.Ltd.,chittorgarh,12,chittorgarh,1.00,chittorgarh,7.7,chittorgarh,3.58,chittorgarh,104.50,chittorgarh,109.72,chittorgarh,104.50,chittorgarh,109.72,chittorgarh,Funding Capital Expenditure towards installation of additional Machinery | To meet working capital requirements | General Corporate Purpose,chittorgarh,13,chittorgarh,173,987.3,973.1,748,1090.67,1866.96,4293.59,9429.67,45.45,100,70.52,52,True,2000,110000,13.8,3,38,4,28,31,38,4,5,5,2,3,3,2.4,4.1,3.9,8,10,24,3,1,1,16,18,30,1,-1,-0,9.68,30.00,0.10,31,3,Mar 2024,2,sharescart,sharescart,ipowatch,sharescart
INE0QXT01018,Sai Swami Metals & Alloys Ltd.,SME,,544170,2024-04-30,2024-05-03,2024-05-08,60.00,15.00,Fixed Price,BSE SME,Swastika Investmart,2024,Sunflower Broking Pvt.Ltd.,chittorgarh,14,chittorgarh,1.00,chittorgarh,6.7,chittorgarh,,,114.00,chittorgarh,119.70,chittorgarh,114.00,chittorgarh,119.70,chittorgarh,To Meet Incremental Working Capital Requirements | To Invest in Subsidiary Company. | To Purchase of Machineries | General Corporate Purpose,chittorgarh,15,chittorgarh,0,533.8,529,543.7,0.00,4003.72,3967.57,8155.80,33.33,100,73.5,60,False,2000,120000,10.3,4,65,5.8,6,41,65,0,3,5,0,2,4,38.3,5.3,5.6,0,7,35,1,3,7,26,20,49,-5,-1,-21,4.88,28.57,0.43,41,2,Mar 2024,2,sharescart,sharescart,ipowatch,sharescart
INE0SDC01012,Emmforce Autotech Ltd.,SME,,544166,2024-04-23,2024-04-25,2024-04-30,98.00,53.90,Bookbuilding,BSE SME,Beeline Capital,2024,Spread X Securities Pvt.Ltd.,chittorgarh,51,chittorgarh,3.00,chittorgarh,5.6,chittorgarh,15.35,chittorgarh,186.20,chittorgarh,195.51,chittorgarh,186.20,chittorgarh,195.51,chittorgarh,Investment in Subsidiary Company i.e. Emmforce Mobility Solutions Private Limited (EMSPL) in form of equity or debt for meeting the requirement of working capital and margin money for term loan of Subsidiary Company. | To Meet Working Capital Requirement of our Company | General Corporate Expenses,chittorgarh,54,chittorgarh,160.6,862,267.6,364.4,4327.32,6968.60,5048.28,19638.11,15.31,100,61.02,93,True,1200,117600,25.1,8,88,3.9,,40,88,,8,18,,4,8,,2.8,3.9,,19,80,,26,21,,82,130,,-26,-3,10.00,21.05,1.37,40,4,Mar 2024,1,sharescart,sharescart,ipowatch,sharescart
INE0SGR01013,Shivam Chemicals Ltd.,SME,,544165,2024-04-23,2024-04-25,2024-04-30,44.00,20.18,Fixed Price,BSE SME,Aryaman Financial,2024,Shreni Shares Ltd.,chittorgarh,19,chittorgarh,1.00,chittorgarh,5.0,chittorgarh,,,48.00,chittorgarh,50.40,chittorgarh,45.60,chittorgarh,47.40,chittorgarh,,,20,chittorgarh,0,4.3,8.9,6.6,0.00,43.70,89.61,133.41,4.55,100,31.74,44,False,3000,132000,33.8,2,224,1.3,157,147,224,6,4,6,4,1,2,3,1,1.2,14,15,35,7,5,4,31,41,58,9,5,-15,0.68,6.67,0.33,147,1,Mar 2024,2,sharescart,sharescart,ipowatch,sharescart
INE0R6801013,Varyaa Creations Ltd.,SME,,544168,2024-04-22,2024-04-25,2024-04-30,150.00,20.10,Fixed Price,BSE SME,Inventure Merchant Banker,2024,Svcm Securities Pvt.Ltd.,chittorgarh,19,chittorgarh,1.00,chittorgarh,5.0,chittorgarh,,,285.00,chittorgarh,299.25,chittorgarh,270.75,chittorgarh,270.75,chittorgarh,To finance the establishment of new showroom a) Capital expenditure cost for the proposed new showroom Purchase of Inventory for the proposed new showroom | To finance the establishment of new showroom b) Purchase of Inventory | General Corporate Purpose,chittorgarh,20,chittorgarh,0,1.1,6.1,3.6,0.00,10.85,61.20,72.16,,100,72.02,150,False,1000,150000,166.7,0,31,0.9,5,21,31,1,4,1,1,3,0,2.3,8.8,0.9,1,4,24,0,0,0,20,9,26,4,-4,-19,14.29,75.00,0.00,21,3,Mar 2024,2,sharescart,sharescart,,sharescart
INE0Q9W01015,Faalcon Concepts Ltd.,SME,,544164,2024-04-19,2024-04-23,2024-04-26,62.00,12.09,Fixed Price,BSE SME,Navigant Corporate,2024,Alacrity Securities Ltd.,chittorgarh,11,chittorgarh,1.00,chittorgarh,8.3,chittorgarh,,,95.00,chittorgarh,95.00,chittorgarh,90.25,chittorgarh,90.25,chittorgarh,To finance the Capital Expenditure for purchase of façade Structural Equipments | To part finance the requirement of Working Capital | To meet General corporate purposes,chittorgarh,12,chittorgarh,0,93.3,47.2,71.3,0.00,563.82,285.14,861.78,8.06,100,51.4,62,False,2000,124000,15.5,3,29,4,13,19,29,3,3,5,2,2,3,5.6,4.2,3.9,3,7,22,1,2,4,13,18,39,0,-3,-7,10.53,28.57,0.29,19,2,Mar 2024,2,sharescart,sharescart,ipowatch,sharescart
INE0RJH01010,Ramdevbaba Solvent Ltd.,SME,RBS,,2024-04-15,2024-04-18,2024-04-23,85.00,50.27,Bookbuilding,NSE SME,Choice Capital,2024,Choice Equity Broking Pvt.Ltd.,chittorgarh,48,chittorgarh,2.00,chittorgarh,4.0,chittorgarh,14.28,chittorgarh,112.00,chittorgarh,117.60,chittorgarh,111.00,chittorgarh,117.60,chittorgarh,"Setting up of new manufacturing facility | Repayment in full or in part, of certain of our outstanding borrowings | Funding the working capital requirements of our Company; and | General corporate purposes",chittorgarh,50,chittorgarh,66,314.5,80,126.2,1657.51,2370.98,1406.73,6344.02,23.53,81.01,,80,True,1600,136000,12.3,15,929,6.9,698,686,929,27,32,33,15,13,15,10.7,8,6.6,48,73,151,42,116,197,191,329,482,11,-23,-1,1.90,17.81,1.59,686,13,Mar 2024,2,sharescart,sharescart,ipowatch,
INE0PC901019,Grill Splendour Services Ltd.,SME,BIRDYS,,2024-04-15,2024-04-18,2024-04-23,120.00,16.47,Fixed Price,NSE SME,Inventure Merchant Banker,2024,Rikhav Securities Ltd.,chittorgarh,16,chittorgarh,0.00,chittorgarh,0.0,chittorgarh,,,121.30,chittorgarh,127.35,chittorgarh,120.00,chittorgarh,127.35,chittorgarh,"Funding additional Working capital requirements | Pre-payment/Repayment, in full or part, of certain outstanding borrowings availed by our Company; and | General Corporate Purposes",chittorgarh,16,chittorgarh,0,4.6,12.8,8.7,0.00,37.81,105.27,142.99,6.67,100,28.78,120,False,1200,144000,-13.3,-5,10,-9,15,13,10,3,1,-5,2,-0,-5,13.2,-0.6,-9.1,2,4,23,2,3,3,8,22,28,2,-0,-3,-0.00,-0.00,0.75,13,-0,Mar 2024,2,sharescart,sharescart,ipowatch,sharescart
INE0S0701019,Greenhitech Ventures Ltd.,SME,,544163,2024-04-12,2024-04-16,2024-04-22,50.00,6.30,Fixed Price,BSE SME,Beeline Capital,2024,Spread X Securities Pvt.Ltd.,chittorgarh,6,chittorgarh,0.00,chittorgarh,0.0,chittorgarh,,,95.00,chittorgarh,99.75,chittorgarh,95.00,chittorgarh,99.75,chittorgarh,To Meet Working Capital Requirement | General Corporate Expenses,chittorgarh,6,chittorgarh,0,921.6,597.4,770,0.00,2903.04,1881.84,4850.69,30.0,100,73.19,50,False,3000,150000,15.6,2,20,3.2,,8,20,,2,3,,1,2,,3.4,3.2,,5,12,,1,0,,32,24,,-8,-5,12.50,20.00,0.20,8,1,Mar 2024,1,sharescart,sharescart,ipowatch,sharescart
INE0S8401018,DCG Cables & Wires Ltd.,SME,DCG,,2024-04-08,2024-04-10,2024-04-16,100.00,49.99,Fixed Price,NSE SME,Interactive Financial,2024,Nikunj Stock Brokers Ltd.,chittorgarh,47,chittorgarh,3.00,chittorgarh,6.0,chittorgarh,,,90.00,chittorgarh,90.00,chittorgarh,85.50,chittorgarh,85.50,chittorgarh,Capital Expenditure for building construction | Long term Working capital requirement | General corporate purposes,chittorgarh,50,chittorgarh,0,11.5,21.7,17,0.00,288.20,542.41,847.86,10.0,100,72.45,100,False,1200,120000,22.2,8,128,4.5,55,101,128,4,16,17,2,9,8,1.3,6.7,4.5,15,24,79,3,6,3,36,85,121,-15,4,-23,8.91,37.50,0.25,101,9,Mar 2024,2,sharescart,sharescart,ipowatch,sharescart
INE0K6601012,Teerth Gopicon Ltd.,SME,TGL,,2024-04-08,2024-04-10,2024-04-16,111.00,44.40,Fixed Price,NSE SME,Interactive Financial,2024,Giriraj Stock Broking Pvt.Ltd.,chittorgarh,42,chittorgarh,2.00,chittorgarh,4.5,chittorgarh,,,125.00,chittorgarh,131.25,chittorgarh,123.00,chittorgarh,131.25,chittorgarh,Funding the Working Capital requirement | General corporate purposes,chittorgarh,44,chittorgarh,0,97.1,44.3,75.5,0.00,2155.85,984.03,3353.64,9.01,96.5,64.33,111,False,1200,133200,10.2,13,118,10.9,,105,118,,18,28,,12,13,,14.5,10.7,,19,76,,7,12,,136,175,,4,-22,11.43,63.16,0.37,105,12,Mar 2024,1,sharescart,sharescart,ipowatch,sharescart
INE0STM01017,Aluwind Architectural Ltd.,SME,ALUWIND,,2024-03-28,2024-04-04,2024-04-09,45.00,29.70,Fixed Price,NSE SME,Corpwis,2024,NNM Securities Pvt.Ltd.,chittorgarh,28,chittorgarh,2.00,chittorgarh,6.7,chittorgarh,,,45.00,chittorgarh,47.25,chittorgarh,45.00,chittorgarh,47.25,chittorgarh,Funding of Working Capital requirements | General Corporate Expenses,chittorgarh,30,chittorgarh,0,5.2,10.7,8.2,0.00,77.67,159.04,243.24,22.22,98.22,72.13,45,False,3000,135000,13.6,8,109,3.3,49,83,109,5,12,13,3,8,8,1.5,4.1,3.3,17,25,60,1,1,1,41,60,113,1,-2,-18,9.64,32.00,0.04,83,8,Mar 2024,2,sharescart,sharescart,ipowatch,sharescart
INE0R7401011,Creative Graphics Solutions India Ltd.,SME,CGRAPHICS,,2024-03-28,2024-04-04,2024-04-09,85.00,54.40,Bookbuilding,NSE SME,Corporate Capitalventures,2024,SS Corporate Securities Ltd.,chittorgarh,52,chittorgarh,2.00,chittorgarh,3.7,chittorgarh,15.50,chittorgarh,175.00,chittorgarh,183.75,chittorgarh,167.10,chittorgarh,176.25,chittorgarh,"To meet out the working capital requirements of our company “Creative graphics” | Repayment/prepayment, in part or full, of certain of our borrowings | To meet out the capital expenditure of our company “Creative graphics” | To meet out the inorganic growth through unidentified acquisition for company* | General Corporate Expenses",chittorgarh,54,chittorgarh,0,0,0,201.9,0.00,0.00,0.00,10981.18,77.65,100,30.43,80,True,1600,136000,9.4,21,251,9,90,132,251,16,23,38,9,11,21,5.2,6,8.6,19,36,107,11,15,16,66,105,218,5,3,-22,8.33,30.56,0.42,132,11,Mar 2024,2,sharescart,sharescart,investorgain,sharescart
INE0MSS01019,Jay Kailash Namkeen Ltd.,SME,,544160,2024-03-28,2024-04-03,2024-04-08,73.00,11.93,Bookbuilding,BSE SME,Expert Global,2024,Rikhav Securities Ltd.,chittorgarh,11,chittorgarh,1.00,chittorgarh,8.3,chittorgarh,,,85.00,chittorgarh,86.90,chittorgarh,80.75,chittorgarh,80.75,chittorgarh,To meet the working capital requirement and | General corporate purpose,chittorgarh,12,chittorgarh,2.3,68.9,51,40,8.30,164.40,304.04,477.25,20.55,71.82,48.33,70,True,1600,116800,30.4,1,15,2.4,10,12,15,1,1,4,1,1,1,3,2.1,2.4,4,6,18,0,5,5,7,16,33,-0,0,-2,8.33,16.67,0.83,12,1,Mar 2024,2,sharescart,sharescart,ipowatch,sharescart
INE0DEZ01013,K2 Infragen Ltd.,SME,K2INFRA,,2024-03-28,2024-04-03,2024-04-08,119.00,40.54,Bookbuilding,NSE SME,Expert Global,2024,Rikhav Securities Ltd.,chittorgarh,38,chittorgarh,3.00,chittorgarh,7.3,chittorgarh,11.27,chittorgarh,167.00,chittorgarh,175.35,chittorgarh,158.65,chittorgarh,173.25,chittorgarh,Working capital requirement | Capital Expenditure; and | General corporate purposes,chittorgarh,41,chittorgarh,23.4,114,40.7,51.5,473.72,693.13,577.51,2086.64,12.61,100,60.65,111,True,1200,142800,12.9,12,147,9.2,75,109,147,19,21,20,11,12,12,13,13.5,9.1,14,45,76,3,3,3,56,100,182,-1,5,-43,11.01,26.67,0.07,109,12,Mar 2024,2,sharescart,sharescart,ipowatch,sharescart
INE0TO601017,Yash Optics & Lens Ltd.,SME,YASHOPTICS,,2024-03-27,2024-04-03,2024-04-08,81.00,53.15,Bookbuilding,NSE SME,Shreni Shares,2024,Rikhav Securities Ltd.,chittorgarh,50,chittorgarh,3.00,chittorgarh,5.7,chittorgarh,13.79,chittorgarh,90.00,chittorgarh,94.50,chittorgarh,90.00,chittorgarh,92.70,chittorgarh,Funding of Capital expenditure for setting up a manufacturing unit for backward integration | Purchase of Plant and Machinery at existing manufacturing unit | Repayment/ prepayment of certain borrowings availed by our Company | Funding Working Capital Requirements of our Company and | General corporate purposes,chittorgarh,53,chittorgarh,19.9,85.3,32.5,42.2,528.30,679.80,603.83,2241.29,18.52,97.45,71.63,75,True,1600,129600,20.8,10,43,3.9,40,41,43,13,15,15,8,9,10,4.5,5,3.9,19,30,90,11,17,12,34,61,112,-12,-12,6,21.95,30.00,0.57,41,9,Mar 2024,2,sharescart,sharescart,ipowatch,sharescart
INE430U01019,Radiowalla Network Ltd.,SME,RADIOWALLA,,2024-03-27,2024-04-02,2024-04-05,76.00,14.25,Bookbuilding,NSE SME,Narnolia Financial,2024,SS Corporate Securities Ltd. Prabhat Financial Services Ltd.,chittorgarh,13,chittorgarh,1.00,chittorgarh,7.1,chittorgarh,4.00,chittorgarh,120.15,chittorgarh,126.15,chittorgarh,120.15,chittorgarh,126.15,chittorgarh,Investment in Technology | Capital Expenditure | Working Capital Requirement | General Corporate Purposes | Issue Expenses,chittorgarh,14,chittorgarh,88,491.9,354,307.5,626.78,1051.46,1765.66,4382.91,50.0,100,42.42,72,True,1600,121600,76,1,20,1,14,15,20,2,2,2,1,2,1,2.2,3,1,3,6,19,0,0,0,8,9,24,1,1,1,13.33,33.33,0.00,15,2,Mar 2024,2,sharescart,sharescart,investorgain,sharescart
INE0SOY01013,TAC Infosec Ltd.,SME,TAC,,2024-03-27,2024-04-02,2024-04-05,106.00,29.99,Bookbuilding,NSE SME,Beeline Capital,2024,Spread X Securities Pvt.Ltd.,chittorgarh,28,chittorgarh,2.00,chittorgarh,6.7,chittorgarh,8.55,chittorgarh,290.00,chittorgarh,304.50,chittorgarh,290.00,chittorgarh,304.50,chittorgarh,Investment in Human resources and Product Development | General Corporate Purposes | Public Issue Expenses,chittorgarh,30,chittorgarh,141.3,768.9,433.8,422,2118.91,3459.29,4553.95,12658.27,61.32,100,42.88,100,True,1200,127200,7.7,15,30,13.8,,12,30,,7,17,,6,15,,4.1,6.9,,14,55,,0,0,,18,71,,-2,19,50.00,42.86,0.00,12,6,Mar 2024,1,sharescart,sharescart,ipowatch,sharescart
INE0SWN01019,Trust Fintech Ltd.,SME,TRUST,,2024-03-26,2024-03-28,2024-04-04,101.00,63.45,Bookbuilding,NSE SME,Corporate Capitalventures,2024,SS Corporate Securities Ltd.,chittorgarh,60,chittorgarh,3.00,chittorgarh,4.8,chittorgarh,18.06,chittorgarh,143.25,chittorgarh,150.40,chittorgarh,136.20,chittorgarh,150.40,chittorgarh,"To Setup additional Development facility, instalment of fit outs and interior design works in Nagpur, Maharashtra | Investment in Procuring Hardware and upgrading IT infra | Funding for expenditure related to enhancement and upgrading existing Product | To meet out the Global & Domestic Business Development, Sales and Marketing expenses for the company | General Corporate Expenses *",chittorgarh,63,chittorgarh,65.4,244.5,75.1,108.6,2074.12,2326.77,1667.74,6892.38,44.55,93.51,68.85,95,True,1200,121200,29.7,8,31,3.4,,35,31,,18,13,,13,8,,7.1,3.4,,45,110,,0,0,,52,118,,13,-37,37.14,28.89,0.00,35,13,Mar 2024,1,sharescart,sharescart,investorgain,sharescart
INE0OMZ01013,Vruddhi Engineering Works Ltd.,SME,,544157,2024-03-26,2024-03-28,2024-04-03,70.00,4.76,Bookbuilding,BSE SME,Fedex Securities,2024,Rikhav Securities Ltd.,chittorgarh,5,chittorgarh,0.00,chittorgarh,0.0,chittorgarh,,,71.00,chittorgarh,74.55,chittorgarh,71.00,chittorgarh,74.55,chittorgarh,To meet working capital requirements | General corporate purposes,chittorgarh,5,chittorgarh,1.1,28.1,20.1,12.7,2.50,20.09,33.49,60.31,,100,41.36,66,True,2000,140000,11.9,1,32,5.9,13,22,32,1,2,3,1,1,1,7.4,3.1,5.9,2,3,8,1,0,1,8,11,16,-2,1,-4,4.55,33.33,0.00,22,1,Mar 2024,2,sharescart,sharescart,,sharescart
INE0SAK01011,Blue Pebble Ltd.,SME,BLUEPEBBLE,,2024-03-26,2024-03-28,2024-04-03,168.00,18.14,Bookbuilding,NSE SME,Hem Securities,2024,Hem Finlease Pvt.Ltd.,chittorgarh,17,chittorgarh,1.00,chittorgarh,5.6,chittorgarh,5.13,chittorgarh,199.00,chittorgarh,208.95,chittorgarh,189.05,chittorgarh,208.95,chittorgarh,Funding Capital Expenditure towards installation of additional machinery | To meet working capital requirements | General Corporate Purpose,chittorgarh,18,chittorgarh,21.8,97.3,58.4,56.3,197.50,264.84,370.86,1021.87,29.76,100,42.23,159,True,800,134400,13.5,5,46,12.4,16,22,46,3,5,7,2,4,5,6.5,12.5,12.4,3,7,28,0,0,0,9,10,36,1,2,-2,18.18,57.14,0.00,22,4,Mar 2024,2,sharescart,sharescart,ipowatch,sharescart
INE0S7801010,Aspire & Innovative Advertising Ltd.,SME,ASPIRE,,2024-03-26,2024-03-28,2024-04-03,54.00,21.97,Bookbuilding,NSE SME,Hem Securities,2024,Hem Finlease Pvt.Ltd.,chittorgarh,21,chittorgarh,1.00,chittorgarh,4.5,chittorgarh,6.24,chittorgarh,56.50,chittorgarh,59.30,chittorgarh,56.25,chittorgarh,59.30,chittorgarh,To meet Working Capital requirements | To finance the cost of establishing new warehouses | General Corporate Purpose,chittorgarh,22,chittorgarh,5.2,25.6,16.4,15.2,57.22,84.35,126.01,333.24,7.41,100,55.25,51,True,2000,108000,20.8,4,167,2.6,346,384,167,8,14,6,5,9,4,4.8,8.4,2.6,16,37,49,5,7,1,62,116,95,-13,-7,1,2.34,24.32,0.19,384,9,Mar 2024,2,sharescart,sharescart,investorgain,sharescart
INE0QHY01011,GConnect Logitech & Supply Chain Ltd.,SME,,544156,2024-03-26,2024-03-28,2024-04-03,40.00,5.60,Fixed Price,BSE SME,Fedex Securities,2024,Aftertrade Broking Pvt.Ltd.,chittorgarh,5,chittorgarh,1.00,chittorgarh,16.7,chittorgarh,,,42.00,chittorgarh,44.10,chittorgarh,42.00,chittorgarh,44.10,chittorgarh,Purchase of Vehicles and Body Building | Finance the Website Development and App Designing; and | General Corporate Purpose,chittorgarh,6,chittorgarh,0,42.9,71.7,57.4,0.00,120.21,201.02,321.56,22.5,100,34.13,40,False,3000,120000,50,0,5,0.8,1,4,5,0,0,1,0,0,0,2,1,0.7,1,4,9,0,0,0,1,4,10,-1,-2,-2,0.00,0.00,0.00,4,0,Mar 2024,2,sharescart,sharescart,investorgain,sharescart
INE0RJM01010,Naman In-Store (India) Ltd.,SME,NAMAN,,2024-03-22,2024-03-27,2024-04-02,89.00,25.35,Bookbuilding,NSE SME,GYR Capital,2024,Giriraj Stock Broking Pvt.Ltd.,chittorgarh,24,chittorgarh,1.00,chittorgarh,4.0,chittorgarh,7.22,chittorgarh,125.00,chittorgarh,125.90,chittorgarh,118.75,chittorgarh,118.75,chittorgarh,"Funding capital expenditure of our company to acquire land on leasehold basis at Butibori, MIDC and proposes to shift the existing manufacturing facilities of the company | Construction of factory building | General Corporate Purposes",chittorgarh,25,chittorgarh,109.8,528.1,328.8,309,1390.93,2007.95,2916.96,7833.05,56.18,100,52.11,84,True,1600,142400,16.8,6,156,5.3,150,145,156,11,20,16,4,9,6,5.7,8.8,4.8,6,38,79,9,11,7,58,97,118,-1,7,-9,6.21,23.68,0.29,145,9,Mar 2024,2,sharescart,sharescart,ipowatch,sharescart
INE0S2E01016,Vishwas Agri Seeds Ltd.,SME,VISHWAS,,2024-03-21,2024-03-26,2024-04-01,86.00,25.80,Fixed Price,NSE SME,ISK Advisors,2024,Sunflower Broking Pvt.Ltd.,chittorgarh,24,chittorgarh,2.00,chittorgarh,7.7,chittorgarh,,,85.00,chittorgarh,85.70,chittorgarh,80.75,chittorgarh,83.60,chittorgarh,Capital expenditure i). To Furnish the Corporate Office building | Capital expenditure ii). To purchase Equipments for setting up Seed Testing laboratory | Capital expenditure iii) To set-up Greenhouse (Fan-Pad System). | Capital expenditure  iv) To install Roof Top Solar Monocrystalline Panels (129.6KW) | Additional Working Capital Requirement | General Corporate Purpose,chittorgarh,26,chittorgarh,0,12.8,11.6,12.2,0.00,165.12,149.25,315.02,5.81,100,68.58,86,False,1600,137600,12.8,7,102,6.7,63,75,102,8,12,15,5,6,7,7.7,6,6.7,14,46,50,10,14,8,54,81,106,3,-18,-9,7.94,35.71,0.71,63,5,Mar 2023,1,sharescart,sharescart,ipowatch,sharescart
INE338Y01016,Omfurn India Ltd. FPO,SME,OMFURN,,2024-03-20,2024-03-22,2024-03-28,75.00,27.00,Bookbuilding,NSE SME,Gretex Corporate,2024,,,,,,,,,,,,,,,,,,,,,,,1,3,6.3,3.6,13.50,12.23,59.82,96.39,,100,33.18,71,True,2400,180000,13.6,6,84,5.5,70,80,84,8,8,13,4,4,6,4.8,3.1,5.5,26,52,59,4,1,1,57,84,95,3,5,5,5.71,15.38,0.15,70,4,Mar 2023,1,sharescart,sharescart,,sharescart
INE0AH901011,Chatha Foods Ltd.,SME,,544151,2024-03-19,2024-03-21,2024-03-27,56.00,33.39,Bookbuilding,BSE SME,Indorient Financial,2024,Alacrity Securities Ltd.,chittorgarh,32,chittorgarh,1.00,chittorgarh,3.0,chittorgarh,9.51,chittorgarh,73.00,chittorgarh,76.65,chittorgarh,70.37,chittorgarh,76.65,chittorgarh,Setting up the Proposed Manufacturing Unit | General Corporate Purposes,chittorgarh,33,chittorgarh,8.5,44.5,14.6,19.3,142.56,222.96,170.61,643.71,8.93,100,42.6,53,True,2000,112000,20.7,6,157,2.7,117,134,157,7,12,12,2,6,6,1.5,2.7,2.5,22,58,83,2,1,4,51,84,114,3,5,-1,1.71,9.09,0.09,117,2,Mar 2023,1,sharescart,sharescart,ipowatch,sharescart
INE0QVH01025,KP Green Engineering Ltd.,SME,,544150,2024-03-15,2024-03-19,2024-03-22,144.00,189.50,Bookbuilding,BSE SME,Beeline Capital,2024,Spread X Securities Pvt.Ltd.,chittorgarh,180,chittorgarh,10.00,chittorgarh,5.3,chittorgarh,54.00,chittorgarh,200.00,chittorgarh,210.00,chittorgarh,200.00,chittorgarh,210.00,chittorgarh,Part Finance the capital expenditure towards setting up of a new manufacturing unit to expand its current production capabilities as well as expanding our current product portfolio. | General Corporate Purposes,chittorgarh,190,chittorgarh,31.9,48.2,20.1,29.5,3018.80,1370.97,1334.49,5590.37,34.72,100,56.5,137,True,1000,144000,9.8,73,695,14.7,114,349,695,22,57,116,12,35,73,3.4,7,14.7,33,266,324,5,18,13,95,422,734,12,-39,19,10.53,36.36,0.15,114,12,Mar 2023,1,sharescart,sharescart,investorgain,sharescart
INE0S3X01014,Enfuse Solutions Ltd.,SME,ENFUSE,,2024-03-15,2024-03-19,2024-03-22,96.00,22.44,Bookbuilding,NSE SME,Hem Securities,2024,Hem Finlease Pvt.Ltd.,chittorgarh,21,chittorgarh,1.00,chittorgarh,4.5,chittorgarh,6.37,chittorgarh,115.00,chittorgarh,120.00,chittorgarh,109.25,chittorgarh,115.45,chittorgarh,Repayment of certain Borrowings availed by the Company | To meet Working Capital requirements | General Corporate Purpose,chittorgarh,22,chittorgarh,100,953.2,248.4,357.3,1121.71,3208.68,1951.17,8018.38,83.33,100,51.13,91,True,1200,115200,25.9,3,43,3.7,,,43,,,12,,,3,,,3.7,,,35,,,6,,,69,,,-4,,,,,,,0,sharescart,sharescart,ipowatch,sharescart
INE0R9I01021,Enser Communications Ltd.,SME,ENSER,,2024-03-15,2024-03-19,2024-03-22,70.00,16.17,Fixed Price,NSE SME,Novus Capital,2024,B.N.Rathi Securities Ltd.,chittorgarh,15,chittorgarh,1.00,chittorgarh,6.2,chittorgarh,,,72.00,chittorgarh,74.00,chittorgarh,68.50,chittorgarh,70.10,chittorgarh,Setting up of new service unit | Working Capital Requirement | General Corporate Purposes,chittorgarh,16,chittorgarh,0,3.6,10.9,7.3,0.00,29.43,88.29,117.88,,100,40.67,10,True,2000,140000,70,9,85,1,,,85,,,15,,,9,,,1,,,34,,,3,,,79,,,-0,,,,,,,0,sharescart,sharescart,,sharescart
INE0R9401019,AVP Infracon Ltd.,SME,AVPINFRA,,2024-03-13,2024-03-15,2024-03-20,75.00,52.34,Bookbuilding,NSE SME,Share India Capital,2024,Share India Securities Ltd.,chittorgarh,47,chittorgarh,5.00,chittorgarh,9.6,chittorgarh,14.03,chittorgarh,79.00,chittorgarh,79.00,chittorgarh,75.05,chittorgarh,75.05,chittorgarh,To Purchase Capital Equipment | To Meet Working Capital Requirements | General corporate purposes,chittorgarh,52,chittorgarh,0,0,0,21.5,0.00,0.00,0.00,1122.78,40.0,100,50.14,71,True,1600,120000,5.6,33,293,13.3,115,161,293,23,36,63,12,19,33,6.4,7.5,13.3,25,94,126,29,25,41,146,228,357,12,-29,-16,10.43,48.00,1.16,115,12,Mar 2023,1,sharescart,sharescart,ipowatch,sharescart
INE0RDE01010,Signoria Creation Ltd.,SME,SIGNORIA,,2024-03-12,2024-03-14,2024-03-19,65.00,9.28,Bookbuilding,NSE SME,Holani Consultants,2024,Holani Consultants Pvt.Ltd.,chittorgarh,9,chittorgarh,0.00,chittorgarh,0.0,chittorgarh,2.08,chittorgarh,131.00,chittorgarh,137.55,chittorgarh,124.45,chittorgarh,137.55,chittorgarh,Funding working capital requirements of our Company | General corporate purposes,chittorgarh,9,chittorgarh,107.6,1290.6,649.9,666.3,499.19,1796.85,2111.27,6184.78,76.92,100,52.35,61,True,2000,130000,10.3,3,27,6.3,19,20,27,4,4,5,2,2,3,6.9,5.1,6.3,6,16,19,9,6,5,23,31,43,-1,-1,-0,10.53,33.33,1.50,19,2,Mar 2023,1,sharescart,sharescart,ipowatch,sharescart
INE0QQG01019,Royal Sense Ltd.,SME,,544143,2024-03-12,2024-03-14,2024-03-19,68.00,9.86,Fixed Price,BSE SME,Expert Global,2024,Rikhav Securities Ltd.,chittorgarh,9,chittorgarh,1.00,chittorgarh,10.0,chittorgarh,,,129.20,chittorgarh,129.20,chittorgarh,122.74,chittorgarh,122.74,chittorgarh,Working capital requirement | General corporate purposes | Issue Expenses,chittorgarh,10,chittorgarh,0,9.7,7.3,8.5,0.00,47.92,36.09,84.01,29.41,100,66.57,68,False,2000,136000,5.3,6,62,12.9,,18,62,,2,9,,2,6,,3.2,12.7,,18,28,,0,0,,21,36,,-4,1,,,,,,,0,sharescart,sharescart,ipowatch,sharescart
INE0QA601016,Pratham EPC Projects Ltd.,SME,PRATHAM,,2024-03-11,2024-03-13,2024-03-18,75.00,36.00,Bookbuilding,NSE SME,Beeline Capital,2024,Spread X Securities Pvt.Ltd.,chittorgarh,34,chittorgarh,2.00,chittorgarh,5.6,chittorgarh,10.25,chittorgarh,113.30,chittorgarh,118.95,chittorgarh,110.00,chittorgarh,118.95,chittorgarh,Purchase of Machinery | To Meet Working Capital Requirements | General Corporate Purpose,chittorgarh,36,chittorgarh,70.3,320.5,179.5,178.5,1265.04,1730.86,2261.45,6427.44,36.0,100,73.05,71,True,1600,120000,9.7,14,119,7.7,50,70,119,12,17,21,8,10,14,5.9,5.6,7.7,18,61,75,4,3,4,49,80,106,-7,-9,-9,16.00,44.44,0.22,50,8,Mar 2023,1,sharescart,sharescart,investorgain,sharescart
INE510U01018,Pune E-Stock Broking Ltd.,SME,,544141,2024-03-07,2024-03-12,2024-03-15,83.00,38.23,Bookbuilding,BSE SME,Share India Capital,2024,Share India Securities Ltd.,chittorgarh,32,chittorgarh,6.00,chittorgarh,15.8,chittorgarh,9.73,chittorgarh,130.00,chittorgarh,136.50,chittorgarh,123.50,chittorgarh,133.18,chittorgarh,To meet working capital requirements | General Corporate Purpose | Public Issue Expenses,chittorgarh,38,chittorgarh,123,776,338.9,371.2,2351.72,4450.28,4535.29,14190.60,84.34,100,81.82,78,True,1600,132800,7.1,19,63,11.7,36,66,63,15,19,31,10,13,19,8.2,7.9,11.7,77,127,146,8,8,10,158,269,280,-4,42,-59,27.78,12.99,0.10,36,10,Mar 2023,1,sharescart,sharescart,ipowatch,sharescart
INE0S4Y01010,Shree Karni Fabcom Ltd.,SME,SHREEKARNI,,2024-03-06,2024-03-11,2024-03-14,227.00,42.49,Bookbuilding,NSE SME,Horizon Management,2024,MLB Stock Broking Pvt.Ltd.,chittorgarh,40,chittorgarh,2.00,chittorgarh,4.8,chittorgarh,12.09,chittorgarh,260.00,chittorgarh,273.00,chittorgarh,260.00,chittorgarh,273.00,chittorgarh,"Funding the capital expenditure setting up a dyeing unit in Navsari District, Surat, Gujarat | Funding the purchase of new machinery proposed to be installed at our new unit proposed to be set up for manufacturing bags in Palsana, Surat, Gujarat, with an intent to expand our product portfolio | Funding working capital requirements of our Company | General Corporate Purposes",chittorgarh,42,chittorgarh,112.9,461.6,330.5,296.4,2399.66,2942.18,4914.80,12596.61,88.11,96.16,70.07,220,True,600,136200,10.1,16,167,22.5,127,137,167,15,27,31,6,15,16,11.1,20.8,21.4,26,68,93,23,22,18,99,164,232,-0,-7,-7,4.72,23.08,0.88,127,6,Mar 2023,1,sharescart,sharescart,ipowatch,sharescart
INE0M8R01011,Koura Fine Diamond Jewelry Ltd.,SME,,544139,2024-03-06,2024-03-11,2024-03-14,55.00,5.50,Fixed Price,BSE SME,GYR Capital,2024,Giriraj Stock Broking Pvt.Ltd.,chittorgarh,5,chittorgarh,1.00,chittorgarh,16.7,chittorgarh,,,75.00,chittorgarh,78.75,chittorgarh,71.25,chittorgarh,78.63,chittorgarh,Funding the working capital requirements of the company | General Corporate Purposes,chittorgarh,6,chittorgarh,0,373.7,1084,733,0.00,1027.57,2980.95,4031.55,72.73,100,66.51,55,False,2000,110000,110,0,42,0.5,6,37,42,0,1,1,0,0,0,0.5,1,0.5,3,9,9,0,0,0,3,9,14,-3,-1,0,0.00,0.00,0.00,6,0,Mar 2023,1,sharescart,sharescart,ipowatch,sharescart
INE0Q6H01012,Sona Machinery Ltd.,SME,SONAMAC,,2024-03-05,2024-03-07,2024-03-13,143.00,51.82,Bookbuilding,NSE SME,Hem Securities,2024,Hem Finlease Pvt.Ltd.,chittorgarh,49,chittorgarh,3.00,chittorgarh,5.8,chittorgarh,14.76,chittorgarh,125.00,chittorgarh,131.25,chittorgarh,118.75,chittorgarh,131.25,chittorgarh,Funding the Capital Expenditure requirements of our company towards setting up of a new manufacturing unit at Ghaziabad | Repayment of the outstanding amount of the Letter of Credit availed by our company for purchase of machinery | General Corporate Purpose,chittorgarh,52,chittorgarh,129.7,554.4,235.1,273.5,3361.25,4309.77,4263.55,14173.65,17.48,100,43.06,136,True,1000,143000,51.1,4,95,2.8,81,95,95,12,15,7,8,10,4,7.6,7.6,2.8,11,65,69,1,0,1,28,86,95,12,-0,-19,9.88,72.73,0.09,81,8,Mar 2023,1,sharescart,sharescart,ipowatch,sharescart
INE0QQM01017,V R Infraspace Ltd.,SME,VR,,2024-03-04,2024-03-06,2024-03-12,85.00,20.40,Fixed Price,NSE SME,Beeline Capital,2024,Spread X Securities Pvt.Ltd.,chittorgarh,19,chittorgarh,1.00,chittorgarh,5.0,chittorgarh,,,90.00,chittorgarh,91.00,chittorgarh,85.50,chittorgarh,87.40,chittorgarh,Investment into our subsidiary and part financing the construction of VR Vivanta | To Meet Working Capital Requirement | General Corporate Expenses,chittorgarh,20,chittorgarh,0,85.2,90.6,93.4,0.00,869.14,923.61,1905.56,7.06,100,72.97,85,False,1600,136000,37,3,32,2.3,18,19,32,3,4,6,2,2,3,3.8,2.7,2.3,12,35,36,10,5,17,29,90,102,2,-3,-27,11.11,16.67,0.83,18,2,Mar 2023,1,sharescart,sharescart,investorgain,sharescart
INE0SGC01015,M.V.K.Agro Food Product Ltd.,SME,MVKAGRO,,2024-02-29,2024-03-04,2024-03-07,120.00,65.88,Fixed Price,NSE SME,Horizon Management,2024,Nikunj Stock Brokers Ltd.,chittorgarh,63,chittorgarh,3.00,chittorgarh,4.5,chittorgarh,,,79.00,chittorgarh,82.95,chittorgarh,75.05,chittorgarh,82.95,chittorgarh,"Setting up a greenfield unit in Nanded, Maharashtra for (i) manufacturing Ethanol and (ii) generation and bottling of Bio-CNG and Fertilizer | General corporate purposes",chittorgarh,66,chittorgarh,0,3.9,13,8.5,0.00,128.47,428.55,557.34,,100,64.56,120,False,1200,144000,20,9,150,6,93,141,150,17,26,24,4,9,9,3.8,5.6,6,13,80,90,46,43,70,155,282,271,-10,-31,51,4.30,30.77,3.54,93,4,Mar 2023,1,sharescart,sharescart,,sharescart
INE0R6C01012,Purv Flexipack Ltd.,SME,PURVFLEXI,,2024-02-27,2024-02-29,2024-03-05,71.00,40.21,Bookbuilding,NSE SME,Holani Consultants,2024,Holani Consultants Pvt.Ltd.,chittorgarh,38,chittorgarh,2.00,chittorgarh,5.0,chittorgarh,10.77,chittorgarh,260.00,chittorgarh,273.00,chittorgarh,247.00,chittorgarh,247.00,chittorgarh,Repayment of existing borrowings availed by our company from scheduled commercial banks. | Funding the working Capital Requirements | General corporate purposes* | Total,chittorgarh,40,chittorgarh,157.3,690.7,448.7,421.8,3163.26,4166.53,6315.89,16961.63,49.3,92.17,,70,True,1600,113600,14.2,15,398,5,333,254,398,27,27,43,12,7,15,6.6,2.9,5,77,128,137,51,73,72,259,338,397,6,-6,-8,3.60,15.58,0.66,333,12,Mar 2023,1,sharescart,sharescart,ipowatch,
INE0R8M01017,Owais Metal & Mineral Processing Ltd.,SME,OWAIS,,2024-02-26,2024-02-28,2024-03-04,87.00,42.69,Bookbuilding,NSE SME,Gretex Corporate,2024,Gretex Share Broking Pvt.Ltd.,chittorgarh,40,chittorgarh,3.00,chittorgarh,7.0,chittorgarh,11.90,chittorgarh,250.00,chittorgarh,262.50,chittorgarh,241.00,chittorgarh,262.50,chittorgarh,Purchase of Equipments to Facilitate Manufacturing | Working Capital Requirements | General Corporate Purposes,chittorgarh,43,chittorgarh,92.1,329.4,248.5,221.2,1965.14,2109.19,3713.19,9442.76,114.94,100,55.89,83,True,1600,139200,3.4,47,213,25.9,0,80,213,0,23,67,-0,15,47,-0.6,8.5,25.9,1,68,112,3,6,19,4,91,198,-0,-27,16,,-0.00,3.00,0,-0,Mar 2023,1,sharescart,sharescart,investorgain,sharescart
INE0K5H01010,Sadhav Shipping Ltd.,SME,SADHAV,,2024-02-23,2024-02-27,2024-03-01,95.00,38.18,Fixed Price,NSE SME,ISK Advisors,2024,Sunflower Broking Pvt.Ltd.,chittorgarh,36,chittorgarh,2.00,chittorgarh,5.3,chittorgarh,,,135.00,chittorgarh,141.75,chittorgarh,135.00,chittorgarh,141.75,chittorgarh,"Repayment / Prepayment, in part or full of certain outstanding borrowings availed by the Company | Part funding/ margin money of Capital Expenditure to Purchase/ Acquire additional Boats/ vessels (Pelican Conquest) | Working Capital Requirement | General Corporate Purpose",chittorgarh,38,chittorgarh,0,184.6,65.5,135.7,0.00,3523.50,1250.73,5180.45,18.95,96.44,69.44,95,False,1200,114000,11.6,12,97,8.2,78,84,97,18,22,32,8,9,12,7.5,6.4,8.2,41,88,99,47,58,101,116,180,252,21,-6,55,10.26,19.51,1.15,78,8,Mar 2023,1,sharescart,sharescart,ipowatch,sharescart
INE586O01011,Deem Roll Tech Ltd.,SME,DEEM,,2024-02-20,2024-02-22,2024-02-27,129.00,29.26,Fixed Price,NSE SME,Fedex Securities,2024,SS Corporate Securities Ltd.,chittorgarh,28,chittorgarh,1.00,chittorgarh,3.4,chittorgarh,,,200.00,chittorgarh,210.00,chittorgarh,190.00,chittorgarh,209.70,chittorgarh,"Funding capital expenditure towards expansion of the existing manufacturing facility at Plot No. 110/1,110/2, New Survey No. 202, Village Ganeshpura, Mehsana, Gujarat, India (“Manufacturing Unit 2”) | Funding the Working Capital Requirements | General corporate purposes",chittorgarh,29,chittorgarh,0,312,180.5,256.6,0.00,4563.39,2640.46,7505.93,60.47,100,68.06,129,False,1000,129000,36.9,3,93,3.5,103,101,93,13,14,7,7,8,3,12.1,9.4,3.5,49,84,86,2,2,3,94,133,132,-2,-4,-3,6.80,14.29,0.04,103,7,Mar 2023,1,sharescart,sharescart,investorgain,sharescart
INE0QWN01013,Zenith Drugs Ltd.,SME,ZENITHDRUG,,2024-02-19,2024-02-22,2024-02-27,79.00,40.68,Bookbuilding,NSE SME,Gretex Corporate,2024,Gretex Share Broking Pvt.Ltd.,chittorgarh,34,chittorgarh,7.00,chittorgarh,17.1,chittorgarh,10.18,chittorgarh,110.00,chittorgarh,114.50,chittorgarh,104.50,chittorgarh,105.15,chittorgarh,Purchase of Machinery & Equipments for Setting up New Unit | Existing Manufacturing Block Upgradation | Working Capital Requirements | General Corporate Purposes | Total,chittorgarh,41,chittorgarh,106.7,368.8,139.3,179.2,2170.45,2249.99,1982.85,7288.24,18.99,100,57.53,75,True,1600,126400,18.8,7,133,4.2,115,132,133,10,19,16,5,10,7,4.1,5.6,4.2,18,62,69,8,8,13,97,134,161,-4,-16,-5,4.35,27.78,0.44,115,5,Mar 2023,1,sharescart,sharescart,ipowatch,sharescart
INE0RQZ01017,Esconet Technologies Ltd.,SME,ESCONET,,2024-02-16,2024-02-20,2024-02-23,84.00,28.22,Bookbuilding,NSE SME,Corporate Capitalventures,2024,SS Corporate Securities Ltd.,chittorgarh,27,chittorgarh,1.00,chittorgarh,3.6,chittorgarh,8.01,chittorgarh,290.00,chittorgarh,294.95,chittorgarh,275.50,chittorgarh,275.50,chittorgarh,"Working capital requirement of the company “Esconet Technologies Limited | Investment in Wholly Owned Subsidiary, viz. “Zeacloud Services Private Limited”, to fund its capital expenditure expenses. | General Corporate Expenses",chittorgarh,28,chittorgarh,156,868.1,553,507.2,2201.75,3674.98,5462.95,14316.34,30.95,89.18,64.94,80,True,1600,134400,13.8,8,230,6.1,95,141,230,6,10,13,3,5,8,3.6,4.4,6.1,6,37,70,3,2,0,29,75,117,-2,-1,2,3.16,50.00,0.50,95,3,Mar 2023,1,sharescart,sharescart,ipowatch,sharescart
INE02M801018,Kalahridhaan Trendz Ltd.,SME,KTL,,2024-02-15,2024-02-20,2024-02-23,45.00,22.49,Fixed Price,NSE SME,Interactive Financial,2024,Sunflower Broking Pvt.Ltd.,chittorgarh,21,chittorgarh,1.00,chittorgarh,4.5,chittorgarh,,,47.15,chittorgarh,49.50,chittorgarh,47.15,chittorgarh,49.50,chittorgarh,Working Capital Requirements | General Corporate Purposes,chittorgarh,22,chittorgarh,,,,,,,,,6.67,,,,,,,,,,,,,,,,,,,,,,,,,,,,,,,,,,,,,,,,,,,,ipowatch,
INE0QJL01014,Thaai Casting Ltd.,SME,TCL,,2024-02-15,2024-02-20,2024-02-23,77.00,47.20,Bookbuilding,NSE SME,GYR Capital,2024,Giriraj Stock Broking Pvt.Ltd. Commodity Mandi Pvt.Ltd.,chittorgarh,45,chittorgarh,2.00,chittorgarh,4.3,chittorgarh,13.35,chittorgarh,185.90,chittorgarh,195.15,chittorgarh,176.60,chittorgarh,195.15,chittorgarh,Capital Expenditure | General Corporate Purposes,chittorgarh,47,chittorgarh,144.4,729.7,355.7,375.4,3408.40,5166.19,5875.24,17719.52,25.97,100,50.93,73,True,1600,123200,16,12,122,4.8,,71,122,,20,31,,11,12,,4.6,4.8,,72,83,,21,46,,137,204,,-25,1,,,,,,,0,sharescart,sharescart,ipowatch,sharescart
INE05DH01017,Atmastco Ltd.,SME,ATMASTCO,,2024-02-15,2024-02-20,2024-02-23,77.00,56.25,Fixed Price,NSE SME,Affinity Global,2024,Asnani Stock Broker Pvt.Ltd.,chittorgarh,39,chittorgarh,14,chittorgarh,25.0,chittorgarh,,,91.00,chittorgarh,95.55,chittorgarh,90.05,chittorgarh,95.55,chittorgarh,To meet working capital Expenses | To Prepayment and repayment of all a portion of certain Secured and Unsecured loan availed by our company | General Corporate Purposes* | To meet the Offer Related Expenses,chittorgarh,56,chittorgarh,0,14.9,18.2,17.6,0.00,419.65,513.03,990.62,12.99,97.39,68.43,77,False,1600,123200,9.9,19,290,7.8,242,224,290,32,40,45,13,16,19,6.6,6.6,7.8,55,108,127,27,25,26,236,291,422,20,-20,-33,5.37,23.64,0.49,242,13,Mar 2023,1,sharescart,sharescart,ipowatch,sharescart
INE0OPC01015,Interiors & More Ltd.,SME,INM,,2024-02-15,2024-02-20,2024-02-23,227.00,42.00,Bookbuilding,NSE SME,Gretex Corporate,2024,Gretex Share Broking Pvt.Ltd.,chittorgarh,40,chittorgarh,2.00,chittorgarh,4.8,chittorgarh,11.94,chittorgarh,270.00,chittorgarh,283.50,chittorgarh,270.00,chittorgarh,283.50,chittorgarh,Repayment/Prepayment of Certain Debt Facilities | Working Capital Requirements | General Corporate Purposes,chittorgarh,42,chittorgarh,3.5,30.3,7.4,11.2,74.35,191.03,108.94,471.29,2.2,95.08,69.93,216,True,600,136200,13.3,12,59,17.1,25,32,59,10,12,18,6,7,12,5.9,5,8.6,10,55,67,2,0,16,31,66,107,1,-10,-16,24.00,60.00,0.20,25,6,Mar 2023,1,sharescart,sharescart,ipowatch,sharescart
INE623Y01011,Wise Travel India Ltd.,SME,WTICAB,,2024-02-12,2024-02-14,2024-02-19,147.00,94.68,Bookbuilding,NSE SME,Share India Capital,2024,Share India Securities Ltd.,chittorgarh,88,chittorgarh,7.00,chittorgarh,7.4,chittorgarh,26.24,chittorgarh,195.00,chittorgarh,204.75,chittorgarh,195.00,chittorgarh,204.75,chittorgarh,To Meet Working Capital Requirement | General Corporate Expenses | To Meet the Issue Expenses,chittorgarh,95,chittorgarh,106.7,375.6,108.8,163.5,5050.85,5333.86,3604.19,15476.83,48.3,83.25,60.36,140,True,1000,147000,15,23,549,9.8,250,411,549,19,47,60,10,24,23,5.9,10,9.8,41,149,172,17,11,76,117,241,378,-8,14,0,4.00,24.39,0.41,250,10,Mar 2023,1,sharescart,sharescart,investorgain,sharescart
INE517M01028,Polysil Irrigation Systems Ltd.,SME,POLYSIL,,2024-02-08,2024-02-13,2024-02-16,54.00,17.43,Fixed Price,NSE SME,Fedex Securities,2024,Market-Hub Stock Broking Pvt.Ltd.,chittorgarh,7,chittorgarh,10,chittorgarh,58.8,chittorgarh,,,56.00,chittorgarh,58.80,chittorgarh,53.50,chittorgarh,54.25,chittorgarh,Funding the Working Capital Requirements | General corporate purposes,chittorgarh,17,chittorgarh,0,2.1,11.6,6.9,0.00,18.48,101.31,119.96,,33.79,29.49,54,False,2000,108000,-0.3,-2,14,-163,44,44,14,4,6,1,1,2,-2,0.9,1.8,-1.6,15,25,23,2,1,1,55,78,89,2,-6,2,2.27,6.67,0.13,44,1,Mar 2023,1,sharescart,sharescart,,sharescart
INE0R4701017,Alpex Solar Ltd.,SME,ALPEXSOLAR,,2024-02-08,2024-02-12,2024-02-15,115.00,74.52,Bookbuilding,NSE SME,Corporate Capitalventures,2024,SS Corporate Securities Ltd.,chittorgarh,71,chittorgarh,4.00,chittorgarh,5.3,chittorgarh,21.22,chittorgarh,329.00,chittorgarh,345.45,chittorgarh,329.00,chittorgarh,345.45,chittorgarh,Funding capital expenditure for upgradation and expansion of our existing solar module manufacturing facility by increasing 750 MW | Funding Capital Expenditure towards setting up of a new manufacturing unit for Aluminum frame for our solar module | To Meet Working Capital requirements of the Company | General Corporate Expenses,chittorgarh,75,chittorgarh,141.5,502.3,351.9,324,5271.54,5614.82,9177.99,24146.72,96.52,75.33,45.12,109,True,1200,138000,3.4,83,780,34.1,195,413,780,13,39,128,4,29,83,2.1,11.9,34.1,41,133,216,9,4,14,126,227,470,-7,-8,69,2.05,9.76,0.22,195,4,Mar 2023,1,sharescart,sharescart,ipowatch,sharescart
INE0OYK01010,Rudra Gas Enterprise Ltd.,SME,,544121,2024-02-08,2024-02-12,2024-02-15,63.00,14.16,Fixed Price,BSE SME,Beeline Capital,2024,Spread X Securities Pvt.Ltd.,chittorgarh,13,chittorgarh,1.00,chittorgarh,7.1,chittorgarh,,,119.70,chittorgarh,125.68,chittorgarh,119.70,chittorgarh,125.68,chittorgarh,To Meet Working Capital Requirements | General Corporate Purposes,chittorgarh,14,chittorgarh,0,286.6,404.4,350.8,0.00,2029.61,2863.50,4967.46,90.48,40.64,23.86,63,False,2000,126000,8.4,6,100,7.5,49,64,100,7,10,13,4,5,6,6.9,5.6,7.5,8,26,32,4,4,5,34,58,74,-1,-4,-5,8.16,50.00,0.50,49,4,Mar 2023,1,sharescart,sharescart,investorgain,sharescart
INE0R7R01018,Italian Edibles Ltd.,SME,ITALIANE,,2024-02-02,2024-02-07,2024-02-12,68.00,26.66,Fixed Price,NSE SME,First Overseas,2024,Nikunj Stock Brokers Ltd.,chittorgarh,25,chittorgarh,2.00,chittorgarh,7.4,chittorgarh,,,55.00,chittorgarh,57.75,chittorgarh,52.25,chittorgarh,57.75,chittorgarh,"Repayment/ prepayment, in full or in part of certain outstanding borrowings availed by our Company | Repayment of certain Borrowings | To meet incremental working capital requirements | General Corporate Expenses | To meet the expenses of the Issue | Total",chittorgarh,27,chittorgarh,0,177.4,120.6,154.4,0.00,2363.99,1607.62,4116.49,29.41,100,60,68,False,2000,136000,32.4,3,85,2.1,63,74,85,7,8,7,3,3,3,2.4,2.1,2.1,11,41,44,3,3,1,41,70,80,2,-17,-3,4.76,27.27,0.27,63,3,Mar 2023,1,sharescart,sharescart,ipowatch,sharescart
INE0QZF01012,Gabriel Pet Straps Ltd.,SME,,544108,2024-01-31,2024-02-02,2024-02-07,101.00,8.06,Fixed Price,BSE SME,Shreni Shares,2024,Shreni Shares Ltd.,chittorgarh,8,chittorgarh,0.00,chittorgarh,0.0,chittorgarh,,,115.00,chittorgarh,120.75,chittorgarh,111.20,chittorgarh,120.75,chittorgarh,"Repayment or prepayment, in full or in part, of borrowings availed by the Company from banks, financial institutions and non-banking financial companies | Acquisition of land | Funding of capital expenditure requirements of the Company towards set up of Solar Power Plant | General Corporate Purpose",chittorgarh,8,chittorgarh,0,361.6,122.9,246.2,0.00,1457.05,495.36,1984.32,9.9,100,49.29,101,False,1200,121200,36.1,2,31,2.8,,11,31,,1,3,,1,2,,2.5,2.8,,11,51,,2,1,,14,52,,-6,-31,,,,,,,0,sharescart,sharescart,ipowatch,sharescart
INE0JFJ01011,Baweja Studios Ltd.,SME,BAWEJA,,2024-01-29,2024-02-01,2024-02-06,180.00,97.20,Bookbuilding,NSE SME,Fedex Securities,2024,NNM Securities Pvt.Ltd.,chittorgarh,67,chittorgarh,25,chittorgarh,25.8,chittorgarh,5.88,chittorgarh,183.00,chittorgarh,183.00,chittorgarh,173.85,chittorgarh,173.85,chittorgarh,To meet the working capital requirements | General corporate purposes,chittorgarh,97,chittorgarh,2.2,1.1,4.2,2.6,105.46,15.75,142.88,254.66,13.89,100,35,170,True,800,144000,40,8,76,4.5,74,64,76,12,12,14,8,8,8,5.5,4.5,4.5,20,96,104,1,1,0,45,124,187,4,-18,-70,10.81,40.00,0.05,74,8,Mar 2023,1,sharescart,sharescart,ipowatch,sharescart
INE531R01010,Megatherm Induction Ltd.,SME,MEGATHERM,,2024-01-29,2024-01-31,2024-02-05,108.00,53.91,Bookbuilding,NSE SME,Hem Securities,2024,Hem Finlease Pvt.Ltd.,chittorgarh,51,chittorgarh,3.00,chittorgarh,5.6,chittorgarh,15.36,chittorgarh,198.00,chittorgarh,207.90,chittorgarh,195.00,chittorgarh,207.90,chittorgarh,Funding capital expenditure towards construction of factory shed and installation of additional plant and machinery | To meet Working Capital requirements | General Corporate Purpose,chittorgarh,54,chittorgarh,0,0,0,196.1,0.00,0.00,0.00,10573.00,37.04,100,56.26,100,True,1200,129600,9.6,21,321,11.3,266,306,321,28,37,39,14,21,21,10.1,11,11.3,51,120,142,14,6,3,196,282,298,26,23,16,5.26,27.45,0.27,266,14,Mar 2023,1,sharescart,sharescart,ipowatch,sharescart
INE0OLZ01015,Harshdeep Hortico Ltd.,SME,,544105,2024-01-29,2024-01-31,2024-02-05,45.00,19.09,Bookbuilding,BSE SME,Hem Securities,2024,Hem Finlease Pvt.Ltd.,chittorgarh,18,chittorgarh,1.00,chittorgarh,5.3,chittorgarh,5.43,chittorgarh,70.00,chittorgarh,70.00,chittorgarh,66.50,chittorgarh,66.50,chittorgarh,"Repayment and/or pre-payment, in full or part, of certain borrowings availed by the Company | To meet Working Capital requirements | General Corporate Purpose",chittorgarh,19,chittorgarh,213.5,182,98.3,131.7,2038.04,520.99,656.42,2513.83,33.33,85.03,63.77,42,True,3000,135000,7.5,10,56,6,0,48,56,-0,11,15,-0,7,10,-0,4.1,6,0,37,47,0,0,0,0,45,56,-0,-15,6,,,,0,-0,Mar 2023,1,sharescart,sharescart,ipowatch,sharescart
INE0R5Z01015,Mayank Cattle Food Ltd.,SME,,544106,2024-01-29,2024-01-31,2024-02-05,108.00,19.44,Fixed Price,BSE SME,Finshore Management,2024,Rikhav Securities Ltd.,chittorgarh,18,chittorgarh,1.00,chittorgarh,5.3,chittorgarh,,,116.00,chittorgarh,121.80,chittorgarh,116.00,chittorgarh,119.95,chittorgarh,Funding Capital Expenditure toward purchase of additional plant and machinery | Working Capital Requirement | Issue Related Expenses | General Corporate Expenses,chittorgarh,19,chittorgarh,0,5.9,11.8,8.8,0.00,57.35,114.40,171.66,13.89,97.5,65,108,False,1200,129600,11.6,5,392,9.3,,,392,,,14,,,5,,,9.3,,,32,,,5,,,73,,,12,,,,,,,0,sharescart,sharescart,ipowatch,sharescart
INE0Q4701019,Fonebox Retail Ltd.,SME,FONEBOX,,2024-01-25,2024-01-30,2024-02-02,70.00,20.37,Bookbuilding,NSE SME,Beeline Capital,2024,Spread X Securities Pvt.Ltd.,chittorgarh,19,chittorgarh,1.00,chittorgarh,5.0,chittorgarh,5.78,chittorgarh,200.00,chittorgarh,210.00,chittorgarh,190.00,chittorgarh,210.00,chittorgarh,To Meet Working Capital Requirement | General corporate purposes | Public Issue Expenses,chittorgarh,20,chittorgarh,138.7,820,886.3,659.4,1412.56,2505.48,6319.02,13432.39,185.71,61.38,56.12,66,True,2000,140000,15.9,5,343,4.4,196,298,343,6,10,12,2,3,5,4.6,3.3,4.4,2,30,34,0,0,0,43,61,85,-2,-0,6,1.02,100.00,0.00,196,2,Mar 2023,1,sharescart,sharescart,investorgain,sharescart
INE0SK801018,DelaPlex Ltd.,SME,DELAPLEX,,2024-01-25,2024-01-30,2024-02-02,192.00,46.08,Bookbuilding,NSE SME,Shreni Shares,2024,Shreni Shares Ltd.,chittorgarh,32,chittorgarh,12,chittorgarh,26.1,chittorgarh,13.11,chittorgarh,309.00,chittorgarh,324.45,chittorgarh,293.55,chittorgarh,324.45,chittorgarh,"APAC – Advertisement, Sales and Marketing expenses towards enhancing the awareness | Funding of capital expenditure requirements of our Company towards purchase of Office equipment | Funding Working Capital Requirements of our Company | General corporate purposes and unidentified inorganic acquisition",chittorgarh,46,chittorgarh,90.9,335.2,159.9,177.8,2094.57,2317.11,2579.03,8193.02,31.25,100,56.14,186,True,600,115200,14.4,12,68,13.3,,,68,,,16,,,12,,,13.4,,,74,,,0,,,81,,,8,,,,,,,0,sharescart,sharescart,ipowatch,sharescart
INE0OGG01015,Docmode Health Technologies Ltd.,SME,DHTL,,2024-01-25,2024-01-30,2024-02-02,79.00,6.71,Fixed Price,NSE SME,Fedex Securities,2024,Rikhav Securities Ltd.,chittorgarh,6,chittorgarh,1.00,chittorgarh,14.3,chittorgarh,,,190.25,chittorgarh,199.75,chittorgarh,180.75,chittorgarh,180.75,chittorgarh,Purchase of IT infrastructure and operating system | Meeting incremental working capital requirements | General corporate purposes,chittorgarh,7,chittorgarh,0,194.9,230.4,215.2,0.00,654.07,773.14,1444.66,12.66,100,60.61,79,False,1600,126400,-12.2,-2,42,-6.5,33,40,42,4,2,0,2,0,-2,8.5,0.6,-6.4,3,10,8,4,4,1,17,30,39,-1,5,7,6.06,66.67,1.33,33,2,Mar 2023,1,sharescart,sharescart,ipowatch,sharescart
INE0Q6L01014,Brisk Technovision Ltd.,SME,,544101,2024-01-23,2024-01-25,2024-01-31,156.00,12.48,Fixed Price,BSE SME,Sun Capital,2024,NNM Securities Pvt.Ltd.,chittorgarh,,,12,chittorgarh,100.0,chittorgarh,,,175.00,chittorgarh,183.75,chittorgarh,166.25,chittorgarh,183.75,chittorgarh,,,12,chittorgarh,0,0,0,47.1,0.00,0.00,0.00,587.81,22.44,81.08,33.64,156,False,800,124800,32.5,1,30,4.8,18,27,30,2,3,1,2,2,1,9.2,10,4.8,5,7,7,0,0,0,7,9,12,2,1,2,11.11,40.00,0.00,18,2,Mar 2023,1,sharescart,sharescart,ipowatch,sharescart
INE0RDH01021,Addictive Learning Technology Ltd.,SME,ADDICTIVE,,2024-01-19,2024-01-24,2024-01-30,140.00,60.16,Bookbuilding,NSE SME,Narnolia Financial,2024,SS Corporate Securities Ltd. Prabhat Financial Services Ltd.,chittorgarh,53,chittorgarh,2,chittorgarh,3.3,chittorgarh,16.69,chittorgarh,310.00,chittorgarh,320.00,chittorgarh,294.50,chittorgarh,294.50,chittorgarh,Unidentified Acquisition (In India & Abroad) | Identified Acquisition | Investment in Technology | Development of new courses | Branding & Marketing Expenses | Working Capital Requirement | General Corporate Purposes | Issue Expenses#,chittorgarh,60,chittorgarh,116.3,414.4,301.7,273.1,3497.29,3739.78,6352.59,16430.35,125.0,100,54.31,130,True,1000,140000,20.9,11,83,6.7,34,66,83,3,13,22,2,7,11,0.2,4.5,6.7,2,68,79,0,0,0,9,79,92,1,19,17,5.88,100.00,0.00,34,2,Mar 2023,1,sharescart,sharescart,investorgain,sharescart
INE0QEI01011,Konstelec Engineers Ltd.,SME,KONSTELEC,,2024-01-19,2024-01-24,2024-01-30,70.00,28.70,Bookbuilding,NSE SME,Beeline Capital,2024,Spread X Securities Pvt.Ltd.,chittorgarh,27,chittorgarh,2.00,chittorgarh,6.9,chittorgarh,8.16,chittorgarh,210.00,chittorgarh,220.50,chittorgarh,210.00,chittorgarh,220.50,chittorgarh,To Meet Working Capital Requirements | General corporate purposes | Public Issue Expenses,chittorgarh,29,chittorgarh,113.8,421.4,437.7,341.8,1633.03,1813.95,4396.40,9809.66,11.43,100,60.92,66,True,2000,140000,22.6,5,194,3.1,153,215,194,16,20,15,7,9,5,6.5,5.9,3.1,62,94,99,6,4,4,146,206,239,-5,-27,-15,4.58,11.29,0.10,153,7,Mar 2023,1,sharescart,sharescart,ipowatch,sharescart
INE0PYT01018,Euphoria Infotech (India) Ltd.,SME,,544094,2024-01-19,2024-01-24,2024-01-30,100.00,9.60,Bookbuilding,BSE SME,Khandwala Securities,2024,Giriraj Stock Broking Pvt.Ltd.,chittorgarh,9,chittorgarh,1.00,chittorgarh,10.0,chittorgarh,,,190.00,chittorgarh,199.50,chittorgarh,180.50,chittorgarh,181.51,chittorgarh,Working Capital | General Corporate Expenses,chittorgarh,10,chittorgarh,0,280.9,426.7,383.9,0.00,1348.22,2047.92,3685.06,85.0,100,,96,True,1200,120000,16.4,2,13,6.1,7,6,13,2,2,3,1,1,2,6.7,3.2,6.1,4,15,16,0,0,0,8,17,19,0,-7,-1,14.29,25.00,0.00,7,1,Mar 2023,1,sharescart,sharescart,investorgain,
INE0Q1R01012,Qualitek Labs Ltd.,SME,,544091,2024-01-18,2024-01-23,2024-01-29,100.00,19.64,Fixed Price,BSE SME,Oneview Corporate,2024,Nikunj Stock Brokers Ltd.,chittorgarh,19,chittorgarh,1.00,chittorgarh,5.0,chittorgarh,,,190.00,chittorgarh,199.50,chittorgarh,190.00,chittorgarh,199.50,chittorgarh,Funding capital expenditure towards installation of plant and machinery for new & existing laboratories and for expansion of laboratories | Repayment of unsecured loan to Promoter | Funding of working capital requirements | General corporate purposes,chittorgarh,20,chittorgarh,0,69.4,39.2,59,0.00,681.35,385.32,1158.01,10.0,73.45,42.64,100,False,1200,120000,14.1,8,70,7.1,6,12,70,1,1,17,0,0,8,22.3,1.3,6.3,-1,1,87,0,0,31,14,21,161,1,-5,10,0.00,0.00,0.00,12,0,Mar 2022,2,sharescart,sharescart,ipowatch,sharescart
INE0ECC01022,Maxposure Ltd.,SME,MAXPOSURE,,2024-01-15,2024-01-17,2024-01-23,33.00,20.26,Bookbuilding,NSE SME,GYR Capital,2024,Giriraj Stock Broking Pvt.Ltd.,chittorgarh,19,chittorgarh,1.00,chittorgarh,5.0,chittorgarh,5.61,chittorgarh,145.00,chittorgarh,145.00,chittorgarh,137.75,chittorgarh,137.75,chittorgarh,Funding of expenses proposed to be incurred towards obtaining various certifications from the Federal Aviation Administration (“FAA”) and the European Union Aviation Safety Agency (“EASA”) for Wireless Streaming Server (“AeroHub”) and Patented Inviseo tray table | Funding working capital requirements of the Company for manufacturing the Proposed Products and the working capital requirements of the Company in the ordinary course of business | Prepayment or repayment of all or a portion of certain outstanding borrowings availed by the Company | General corporate purposes,chittorgarh,20,chittorgarh,162.4,1947.6,1034.2,987.5,1644.77,5919.19,7334.45,20008.12,60.61,100,50.68,31,True,4000,132000,8.9,9,63,3.7,,47,63,,12,12,,8,9,,3.6,3.7,,57,75,,1,1,,74,100,,0,-17,,,,,,,0,sharescart,sharescart,ipowatch,sharescart
INE0QIS01011,Shree Marutinandan Tubes Ltd.,SME,,544083,2024-01-12,2024-01-16,2024-01-19,143.00,14.30,Fixed Price,BSE SME,Swastika Investmart,2024,Swastika Investmart Ltd.,chittorgarh,14,chittorgarh,0.00,chittorgarh,0.0,chittorgarh,,,200.00,chittorgarh,210.00,chittorgarh,200.00,chittorgarh,210.00,chittorgarh,To Meet Incremental Working Capital Requirements | General Corporate Purposes,chittorgarh,14,chittorgarh,0,32.7,59.7,47.2,0.00,233.59,426.93,674.39,11.89,100,59.28,143,False,1000,143000,17.7,3,114,8.1,47,92,114,4,4,5,2,3,3,8.2,7.6,8.1,3,19,22,2,2,0,16,33,61,-0,-7,-4,4.26,66.67,0.67,47,2,Mar 2023,1,sharescart,sharescart,investorgain,sharescart
INE0GEN01012,New Swan Multitech Ltd.,SME,,544082,2024-01-11,2024-01-15,2024-01-18,66.00,33.11,Bookbuilding,BSE SME,Hem Securities,2024,Hem Finlease Pvt.Ltd.,chittorgarh,31,chittorgarh,2.00,chittorgarh,6.1,chittorgarh,9.42,chittorgarh,125.40,chittorgarh,131.67,chittorgarh,125.40,chittorgarh,131.67,chittorgarh,"Funding of capital expenditure towards purchase of certain machineries for existing manufacturing unit located at Raian, Ludhiana | Repayment of a portion of certain borrowing availed by the Company | To meet working capital requirements | General Corporate Purpose",chittorgarh,33,chittorgarh,110.7,739.7,388.2,384.3,1832.23,3673.33,4498.41,12721.16,53.03,100,50.12,62,True,2000,132000,10.8,12,160,6.1,151,153,160,21,23,23,10,9,12,7.2,4.9,6.1,32,68,80,23,17,13,132,157,165,8,-4,0,6.62,31.25,0.72,151,10,Mar 2023,1,sharescart,sharescart,ipowatch,sharescart
INE0P0001010,Australian Premium Solar (India) Ltd.,SME,APS,,2024-01-11,2024-01-15,2024-01-18,54.00,28.08,Bookbuilding,NSE SME,Beeline Capital,2024,Spread X Securities Pvt.Ltd.,chittorgarh,27,chittorgarh,1.00,chittorgarh,3.6,chittorgarh,7.99,chittorgarh,140.00,chittorgarh,147.00,chittorgarh,140.00,chittorgarh,147.00,chittorgarh,Funding Capital Expenditure | To Meet Working Capital Requirements | General Corporate Purpos,chittorgarh,28,chittorgarh,107,772.9,535.8,464.2,1502.56,3255.33,5265.55,13034.46,18.52,54.61,24.94,51,True,2000,108000,2.7,40,439,20.3,,,439,,,59,,,40,,,20.3,,,88,,,8,,,212,,,24,,,,,,,0,sharescart,sharescart,ipowatch,sharescart
INE0O7401018,IBL Finance Ltd.,SME,IBLFL,,2024-01-09,2024-01-11,2024-01-16,51.00,33.41,Fixed Price,NSE SME,Fedex Securities,2024,Market-Hub Stock Broking Pvt.Ltd.,chittorgarh,32,chittorgarh,1.00,chittorgarh,3.0,chittorgarh,,,56.00,chittorgarh,58.80,chittorgarh,56.00,chittorgarh,58.80,chittorgarh,"Augmenting our Company’s Tier – I capital base to meet the Company’s future capital requirements, arising out of the growth of the business and asset | General corporate purposes",chittorgarh,33,chittorgarh,0,11.1,24,18,0.00,190.87,412.08,615.64,7.84,100,71.66,51,False,2000,102000,51,2,13,1,13,14,13,4,4,7,2,2,2,1.1,0.9,1,21,56,59,0,0,44,22,66,113,-8,-31,-46,15.38,9.52,0.00,13,2,Mar 2023,1,sharescart,sharescart,investorgain,sharescart
INE1HK501016,Modern Diagnostic & Research Centre Ltd.,SME,,544673,2025-12-31,2026-01-02,2026-01-07,90.00,36.89,Bookbuilding,BSE SME,Beeline Capital,2025,Spread X Securities Pvt.Ltd.,chittorgarh,35,chittorgarh,2.00,chittorgarh,5.4,chittorgarh,10.45,chittorgarh,99.50,chittorgarh,100.00,chittorgarh,94.53,chittorgarh,94.99,chittorgarh,Funding capital expenditure for purchase of medical Equipments for diagnostic centre and laboratories | Funding Working Capital Requirement | Repayment of certain outstanding borrowings availed by the Company | General Corporate Expenses,chittorgarh,37,chittorgarh,,,,,,,,,,,,,,,,,,,,,,,,,,,,,,,,,,,,,,,,,,,,,,,,,,,,,,
INE1CEJ01017,E to E Transportation Infrastructure Ltd.,SME,E2ERAIL,,2025-12-26,2025-12-30,2026-01-02,174.00,84.22,Bookbuilding,NSE SME,Hem Securities,2025,Hem Finlease Pvt.Ltd.,chittorgarh,80,chittorgarh,4.00,chittorgarh,4.8,chittorgarh,23.97,chittorgarh,330.60,chittorgarh,347.10,chittorgarh,314.20,chittorgarh,327.80,chittorgarh,To meet working capital requirements | General Corporate Purpose,chittorgarh,84,chittorgarh,0,0,0,0,3779.47,10473.90,15301.34,29554.71,93.1,44.77,32.51,164,True,1600,278400,15,14,251,11.6,135,170,251,16,22,32,8,10,14,12.3,15.4,11.6,57,67,116,9,8,5,145,201,295,-1,7,-9,5.58,12.07,0.04,251,14,Mar 2025,3,sharescart,sharescart,sharescart,sharescart
INE0X4A01013,Apollo Techno Industries Ltd.,SME,,544671,2025-12-23,2025-12-26,2025-12-31,130.00,47.96,Bookbuilding,BSE SME,Beeline Capital,2025,Spread X Securities Pvt.Ltd.,chittorgarh,46,chittorgarh,2.00,chittorgarh,4.2,chittorgarh,13.65,chittorgarh,145.00,chittorgarh,152.25,chittorgarh,140.00,chittorgarh,151.95,chittorgarh,To Meet Working Capital Requirements | General Corporate Purpose | Public Issue Expenses,chittorgarh,48,chittorgarh,1.5,2.5,1.3,1.7,14.09,23.11,21.45,58.66,6.9,100,73.05,123,True,2000,260000,9.4,14,99,13.8,72,69,99,4,8,18,1,3,14,0.9,3.2,13.8,8,12,25,33,21,9,65,67,75,-1,3,14,14.14,56.00,0.36,99,14,Mar 2025,3,sharescart,sharescart,sharescart,sharescart
INE1IJQ01026,Bai Kakaji Polymers Ltd.,SME,,544670,2025-12-23,2025-12-26,2025-12-31,186.00,105.17,Bookbuilding,BSE SME,Hem Securities,2025,Hem Finlease Pvt.Ltd.,chittorgarh,100,chittorgarh,5.00,chittorgarh,4.8,chittorgarh,29.91,chittorgarh,190.00,chittorgarh,192.00,chittorgarh,180.50,chittorgarh,188.20,chittorgarh,"Repayment and/or pre-payment, in full or part, of borrowing availed by our Company | Funding capital expenditure for the installation of additional plant & machinery | Funding capital expenditure for setting up a solar power project | General Corporate Purpose",chittorgarh,105,chittorgarh,7.9,6.1,3.5,5.4,157.57,122.83,123.47,403.87,1.6,100,73.55,177,True,1200,223200,2.3,18,325,80.8,273,295,325,17,23,40,4,9,18,2.7,6,11.5,26,35,54,0,8,46,91,98,202,13,21,-10,5.54,33.33,0.85,325,18,Mar 2025,3,sharescart,sharescart,sharescart,sharescart
INE0XLO01010,Admach Systems Ltd.,SME,,544669,2025-12-23,2025-12-26,2025-12-31,239.00,42.60,Bookbuilding,BSE SME,Aftertrade Broking,2025,Aftertrade Broking Pvt.Ltd. NNM Securities Pvt.Ltd.,chittorgarh,40,chittorgarh,3.00,chittorgarh,7.0,chittorgarh,5.03,chittorgarh,191.20,chittorgarh,200.75,chittorgarh,191.20,chittorgarh,200.75,chittorgarh,Funding of capital expenditure requirements of our Company towards purchase of new machinery and installation cost thereon | Funding Working Capital Requirements of our Company | General corporate purposes,chittorgarh,43,chittorgarh,1.5,6.2,3.8,3.9,14.12,69.33,64.85,148.30,4.6,71.87,52.95,227,True,1200,286800,19,6,53,12.6,13,20,53,1,6,10,0,3,6,0.2,5.2,12.2,2,6,22,4,3,0,20,36,56,-2,-8,0,11.32,27.27,0.00,53,6,Mar 2025,3,sharescart,sharescart,sharescart,sharescart
INE0YJA01011,Nanta Tech Ltd.,SME,,544668,2025-12-23,2025-12-26,2025-12-31,220.00,31.81,Bookbuilding,BSE SME,Smart Horizon Capital,2025,Shreni Shares Ltd.,chittorgarh,30,chittorgarh,2.00,chittorgarh,6.2,chittorgarh,7.92,chittorgarh,234.00,chittorgarh,245.70,chittorgarh,234.00,chittorgarh,245.70,chittorgarh,Funding capital expenditure requirements of our company towards setting up an experience centre cum product display area | Funding Working Capital Requirements of our Company | General corporate purposes | Total,chittorgarh,32,chittorgarh,0,0,0,0,0.00,0.32,0.42,0.74,9.1,79.88,57.36,209,True,1200,264000,16.9,5,51,13,,13,51,,2,6,,2,5,,5.3,12.8,,6,14,,0,0,,16,31,,0,-2,9.80,35.71,0.00,51,5,Mar 2025,2,sharescart,sharescart,sharescart,sharescart
INE2HJL01019,Dhara Rail Projects Ltd.,SME,DHARARAIL,,2025-12-23,2025-12-26,2025-12-31,126.00,50.20,Bookbuilding,NSE SME,Hem Securities,2025,Hem Finlease Pvt.Ltd.,chittorgarh,48,chittorgarh,2.00,chittorgarh,4.0,chittorgarh,14.28,chittorgarh,150.00,chittorgarh,157.50,chittorgarh,142.60,chittorgarh,157.50,chittorgarh,"Repayment and/or pre-payment, in full or part, of borrowing availed by our Company | To Meet Working Capital Requirements of our Company | General Corporate Purpose",chittorgarh,50,chittorgarh,0,0,0,0,679.22,1427.29,1629.18,3735.69,13.1,98.33,72.35,120,True,2000,252000,21.4,7,44,5.9,27,31,44,2,4,9,1,3,7,1,2.7,5.9,3,6,13,0,0,0,34,47,46,-2,-2,-5,15.91,53.85,0.00,44,7,Mar 2025,3,sharescart,sharescart,sharescart,sharescart
INE0CTB01014,Sundrex Oil Co.Ltd.,SME,SOCL,,2025-12-22,2025-12-24,2025-12-30,86.00,32.24,Bookbuilding,NSE SME,Affinity Global,2025,Sunflower Broking Pvt.Ltd.,chittorgarh,31,chittorgarh,1.00,chittorgarh,3.1,chittorgarh,,,68.80,chittorgarh,68.80,chittorgarh,65.40,chittorgarh,65.40,chittorgarh,To meet working capital Expenses | To meet Capital Expenditure | General Corporate Purposes | Prepayment and repayment of all or a portion of certain secured and unsecured loan,chittorgarh,32,chittorgarh,0,0,0,0,0.65,13.76,34.15,48.56,19.77,100,72.01,81,True,3200,275200,10.6,5,67,8.1,,48,67,,5,9,,3,5,,18.6,5.6,,4,15,,6,11,,24,39,,0,-1,7.46,33.33,0.73,67,5,Mar 2025,2,sharescart,sharescart,ipowatch,sharescart
INE1CRP01016,Shyam Dhani Industries Ltd.,SME,SHYAMDHANI,,2025-12-22,2025-12-24,2025-12-30,70.00,38.49,Bookbuilding,NSE SME,Holani Consultants,2025,Holani Consultants Pvt.Ltd.,chittorgarh,37,chittorgarh,1.00,chittorgarh,2.6,chittorgarh,10.92,chittorgarh,133.00,chittorgarh,139.65,chittorgarh,133.00,chittorgarh,139.65,chittorgarh,"Funding the incremental working capital requirements of our company | Repayment/Pre-payment, in full or in part, of certain outstanding borrowings availed by our company. | Brand Creation and Marketing Expenses | Capital Expenditure towards the purchase of new additional machineries to be installed at the existing manufacturing unit | Purchase and installation of Solar Rooftop Plant at the existing manufacturing unit | General Corporate Purposes",chittorgarh,38,chittorgarh,0,0,0,0,1872.61,8875.15,14561.15,25308.91,97.1,100,71.99,65,True,4000,280000,13,8,125,5.4,68,108,125,6,11,15,3,6,8,2,4.2,5.4,9,16,24,5,6,11,28,53,82,3,-5,-6,6.40,33.33,0.46,125,8,Mar 2025,3,sharescart,sharescart,sharescart,sharescart
INE1F9M01018,Dachepalli Publishers Ltd.,SME,,544667,2025-12-22,2025-12-24,2025-12-30,102.00,40.39,Bookbuilding,BSE SME,Synfinx Capital,2025,JSK Securities & Services Pvt.Ltd.,chittorgarh,38,chittorgarh,2.00,chittorgarh,5.0,chittorgarh,11.48,chittorgarh,81.60,chittorgarh,85.65,chittorgarh,77.55,chittorgarh,79.15,chittorgarh,"To part finance the requirement of Working Capital | Repayment of certain borrowing availed by our Company, in part or full | To meet General corporate purposes",chittorgarh,40,chittorgarh,1.3,2.5,1.9,1.9,9.88,19.55,25.48,54.91,9.8,88.07,64.78,100,True,2400,244800,14.8,8,64,6.9,45,51,64,3,7,13,0,3,8,0.4,3,6.9,16,20,27,28,41,44,80,93,104,1,5,3,12.50,29.63,1.63,64,8,Mar 2025,3,sharescart,sharescart,ipowatch,sharescart
INE1KEC01023,EPW India Ltd.,SME,EPWINDIA,,2025-12-22,2025-12-24,2025-12-30,97.00,31.81,Bookbuilding,NSE SME,GetFive Advisors,2025,SMC Global Securities Ltd.,chittorgarh,30,chittorgarh,2.00,chittorgarh,6.2,chittorgarh,9.04,chittorgarh,111.00,chittorgarh,116.55,chittorgarh,111.00,chittorgarh,116.55,chittorgarh,To Meet Working Capital Requirements | Repayment of banking facilities availed by the company | General Corporate Purpose,chittorgarh,32,chittorgarh,0,0,0,0,7.04,8.56,13.85,29.45,2.6,100,71.43,95,True,2400,232800,0.2,4,53,433.3,7,19,53,0,1,6,0,1,4,0.1,0.9,5.3,0,1,5,0,0,0,6,8,27,0,0,-11,7.55,80.00,0.00,53,4,Mar 2025,3,sharescart,sharescart,sharescart,sharescart
INE0TD401015,MARC Technocrats Ltd.,SME,MARC,,2025-12-17,2025-12-19,2025-12-24,93.00,42.59,Bookbuilding,NSE SME,Narnolia Financial,2025,Giriraj Stock Broking Pvt.Ltd.,chittorgarh,32,chittorgarh,8,chittorgarh,18.6,chittorgarh,,,74.40,chittorgarh,74.40,chittorgarh,70.70,chittorgarh,70.70,chittorgarh,Funding capital expenditure requirements for the purchase of equipment/machineries | To meet out the expenses of Working Capital Requirement | To meet out the General Corporate Purposes; | Offer for Sale (OFS),chittorgarh,43,chittorgarh,0,0,0,0,4.14,181.65,214.92,400.71,4.3,99.99,73.55,88,True,2400,223200,16.9,7,48,5.5,20,26,48,4,6,11,3,3,7,1.9,2.5,5.5,17,20,28,0,1,1,21,26,35,4,5,5,14.58,25.00,0.04,48,7,Mar 2025,3,sharescart,sharescart,ipowatch,sharescart
INE1ITY01011,Global Ocean Logistics India Ltd.,SME,,544665,2025-12-17,2025-12-19,2025-12-24,78.00,30.41,Bookbuilding,BSE SME,Marwadi Chandarana Intermediaries,2025,Mansi Share & Stock Broking Pvt.Ltd.,chittorgarh,29,chittorgarh,1.00,chittorgarh,3.3,chittorgarh,8.65,chittorgarh,79.20,chittorgarh,82.40,chittorgarh,79.20,chittorgarh,79.29,chittorgarh,Funding working capital requirements of the Company | General corporate purposes,chittorgarh,30,chittorgarh,4.8,22.1,11.9,12.8,27.48,129.50,120.58,277.57,,82,59.86,74,True,3200,249600,11.1,7,191,7,189,102,191,5,4,10,4,3,7,3.9,2.7,0.7,6,9,17,0,0,0,18,24,35,-0,2,-2,3.66,41.18,0.00,191,7,Mar 2025,3,sharescart,sharescart,,sharescart
INE1NQ501012,Neptune Logitek Ltd.,SME,,544663,2025-12-15,2025-12-17,2025-12-22,126.00,46.62,Fixed Price,BSE SME,Galactico Corporate,2025,Asnani Stock Broker Pvt.Ltd.,chittorgarh,44,chittorgarh,3.00,chittorgarh,6.4,chittorgarh,,,100.80,chittorgarh,100.80,chittorgarh,95.80,chittorgarh,95.80,chittorgarh,Funding capital expenditure requirement of our company towards Purchase of trucks (“Vehicles”) and ancillary equipment | Funding towards Repayment of Loan | Funding expenditure for General Corporate Purpose,chittorgarh,47,chittorgarh,0,0,0,0,0.00,9.49,64.16,73.65,23.81,99.99,72.99,126,False,2000,252000,13.7,9,257,9.2,185,175,257,6,10,22,-0,0,9,-0.2,0,9.2,11,11,20,22,39,30,75,95,119,-4,-1,12,3.50,45.00,1.50,257,9,Mar 2025,3,sharescart,sharescart,ipowatch,sharescart
INE1A6Q01010,Ashwini Container Movers Ltd.,SME,ASHWINI,,2025-12-12,2025-12-16,2025-12-19,142.00,71.00,Bookbuilding,NSE SME,Corporate Professionals,2025,Choice Equity Broking Pvt.Ltd.,chittorgarh,67,chittorgarh,4.00,chittorgarh,5.6,chittorgarh,20.11,chittorgarh,147.00,chittorgarh,147.00,chittorgarh,139.65,chittorgarh,140.10,chittorgarh,"Repayment and/or pre-payment, in full or part, of certain borrowings availed by the Company | Funding capital expenditure requirement of the company towards purchase of trucks | General Corporate Purposes.",chittorgarh,71,chittorgarh,0,0,0,0,17.65,39.36,27.24,84.25,3.5,100,66.66,135,True,2000,284000,12.3,11,94,11.5,77,79,94,12,14,27,2,1,11,2.1,1.4,11.5,8,9,21,31,35,39,66,78,101,10,8,20,11.70,52.38,1.86,94,11,Mar 2025,3,sharescart,sharescart,sharescart,sharescart
INE19I001020,Exim Routes Ltd.,SME,EXIMROUTES,,2025-12-12,2025-12-16,2025-12-19,88.00,43.73,Bookbuilding,NSE SME,Narnolia Financial,2025,Nikunj Stock Brokers Ltd.,chittorgarh,42,chittorgarh,2.00,chittorgarh,4.5,chittorgarh,12.42,chittorgarh,110.00,chittorgarh,115.50,chittorgarh,104.50,chittorgarh,115.50,chittorgarh,To meet out the expenses for Development and Maintenance of the ERIS platform | To meet out the expenses for Working Capital to fund business growth | To meet out the expenses for Investment in Office space to accommodate new hires | General Corporate Purposes,chittorgarh,44,chittorgarh,0,0,0,0,158.20,142.39,144.97,445.56,36.4,71.35,52.44,83,True,3200,281600,16.9,8,121,5.2,36,72,121,1,5,11,0,4,8,0.3,2.5,4.9,1,4,21,0,1,2,7,20,47,-0,-1,-5,6.61,38.10,0.10,121,8,Mar 2025,3,sharescart,sharescart,sharescart,sharescart
INE16QA01011,Stanbik Agro Ltd.,SME,,544659,2025-12-12,2025-12-16,2025-12-19,30.00,12.28,Fixed Price,BSE SME,Grow House Wealth,2025,MNM Stock Broking Pvt.Ltd.,chittorgarh,12,chittorgarh,0.00,chittorgarh,0.0,chittorgarh,,,31.75,chittorgarh,33.33,chittorgarh,31.75,chittorgarh,33.33,chittorgarh,Expansion of our Retail Network by launching new Retail Outlets | Brokerage Charges | Security Deposits | To Meet the Working Capital Requirement | General Corporate Purpose,chittorgarh,12,chittorgarh,0,0,0,0,0.00,7.99,9.94,17.93,,98.92,68.52,30,False,8000,240000,5.9,4,52,5.1,20,27,52,1,2,5,1,2,4,5.1,9.3,4,1,3,17,0,0,0,8,17,19,0,0,-10,7.69,23.53,0.00,52,4,Mar 2025,3,sharescart,sharescart,,sharescart
INE1E1V01017,HRS Aluglaze Ltd.,SME,,544656,2025-12-11,2025-12-15,2025-12-18,96.00,50.92,Bookbuilding,BSE SME,Cumulative Capital,2025,MNM Stock Broking Pvt.Ltd.,chittorgarh,48,chittorgarh,3.00,chittorgarh,5.9,chittorgarh,10.02,chittorgarh,126.00,chittorgarh,132.30,chittorgarh,126.00,chittorgarh,132.30,chittorgarh,"Funding capital expenditure to set up assembly & glass glazing line at Rajoda, Ahmedabad for façade work. | Funding of working capital requirements of the Company | General corporate purposes",chittorgarh,51,chittorgarh,19.5,60.5,49.5,42,269.99,598.68,849.14,1717.82,25,100,72.49,94,True,2400,230400,25.3,5,42,3.8,23,27,42,2,4,11,1,2,5,0.6,1.3,3.7,8,10,20,16,17,25,34,42,81,-2,1,3,11.90,25.00,1.25,42,5,Mar 2025,3,sharescart,sharescart,sharescart,sharescart
INE14LM01012,Pajson Agro India Ltd.,SME,,544657,2025-12-11,2025-12-15,2025-12-18,118.00,74.45,Bookbuilding,BSE SME,Smart Horizon Capital,2025,Giriraj Stock Broking Pvt.Ltd.,chittorgarh,70,chittorgarh,4.00,chittorgarh,5.4,chittorgarh,20.91,chittorgarh,124.00,chittorgarh,130.20,chittorgarh,120.05,chittorgarh,130.20,chittorgarh,"Capital Expenditure towards Establishment of a Second Cashew Processing Facility at Vizianagaram, Andhra Pradesh | General Corporate Purpose",chittorgarh,74,chittorgarh,10.9,5.2,3.9,6.1,152.30,77.12,95.41,324.83,5.1,85,62.47,112,True,2400,283200,10.1,20,187,11.7,101,96,187,1,6,30,0,3,20,0,1.9,11.7,20,24,44,0,0,0,50,55,66,12,-9,16,10.70,45.45,0.00,187,20,Mar 2025,3,sharescart,sharescart,sharescart,sharescart
INE0O9L01010,Shipwaves Online Ltd.,SME,,544646,2025-12-10,2025-12-12,2025-12-17,12.00,56.35,Fixed Price,BSE SME,Finshore Management,2025,Anant Securities,chittorgarh,54,chittorgarh,2.00,chittorgarh,3.6,chittorgarh,,,12.00,chittorgarh,12.00,chittorgarh,11.40,chittorgarh,11.40,chittorgarh,"To meet Working Capital Requirements of Issuer Company | Investment in Subsidiary for funding its working capital requirements | Repayment and/or pre-payment, in full or part, of certain borrowings availed by the Issuer Company | General Corporate Expenses",chittorgarh,56,chittorgarh,0,0,0,0,0.00,12.49,78.29,90.78,,99.96,66.79,12,False,20000,240000,10,12,108,1.2,69,97,108,4,12,19,2,6,12,0.2,0.6,1.1,9,15,26,0,4,3,26,54,82,2,3,-0,11.11,46.15,0.12,108,12,Mar 2025,3,sharescart,sharescart,,sharescart
INE1FHV01026,Unisem Agritech Ltd.,SME,,544648,2025-12-10,2025-12-12,2025-12-17,65.00,21.45,Bookbuilding,BSE SME,GetFive Advisors,2025,SMC Global Securities Ltd.,chittorgarh,20,chittorgarh,1.00,chittorgarh,4.8,chittorgarh,6.08,chittorgarh,65.00,chittorgarh,66.00,chittorgarh,61.75,chittorgarh,61.75,chittorgarh,To meet the Working Capital requirement | To Repay the Banking Facilities availed by the company | General Corporate Purpose,chittorgarh,21,chittorgarh,1.8,1.6,2.3,2,7.25,6.57,16.30,30.12,,99.997,70.88,63,True,4000,260000,12.3,4,69,5.3,47,61,69,3,4,7,1,2,4,1.6,2.7,5.3,4,5,10,1,2,3,26,30,48,1,4,2,5.80,40.00,0.30,69,4,Mar 2025,3,sharescart,sharescart,,sharescart
INE1DKT01011,Riddhi Display Equipments Ltd.,SME,,544640,2025-12-08,2025-12-10,2025-12-15,100.00,24.68,Bookbuilding,BSE SME,Jawa Capital,2025,Prabhat Financial Services Ltd.,chittorgarh,23,chittorgarh,2.00,chittorgarh,8.0,chittorgarh,,,80.00,chittorgarh,80.00,chittorgarh,76.00,chittorgarh,76.00,chittorgarh,"Capital expenditure towards interior work and for purchase of new equipment/machineries for setting up of Manufacturing cum assembly Unit at Lucknow, Uttar Pradesh | Capital expenditure towards purchase of new equipment/machineries/softw are etc. for upgradation of existing Manufacturing Unit of the Company located at Gondal, Rajkot | Capital expenditure towards setting up of Showroom at Gondal, Rajkot | Funding working capital requirements | General Corporate Purpose",chittorgarh,25,chittorgarh,2.2,1.8,7.9,4.7,0.55,23.39,92.50,116.44,1.0,99.99,71.43,95,True,2400,240000,14.7,4,25,6.8,18,19,25,1,4,7,0,2,4,0.6,5.4,6.7,1,3,10,4,2,5,17,19,32,1,-0,-1,16.00,40.00,0.50,25,4,Mar 2025,3,sharescart,sharescart,ipowatch,sharescart
INE10XK01019,Prodocs Solutions Ltd.,SME,,544643,2025-12-08,2025-12-10,2025-12-15,138.00,27.60,Bookbuilding,BSE SME,Cumulative Capital,2025,Fortune Fiscal Limited,chittorgarh,21,chittorgarh,6,chittorgarh,21.4,chittorgarh,7.70,chittorgarh,144.00,chittorgarh,151.20,chittorgarh,141.00,chittorgarh,151.20,chittorgarh,"Design, development, implementation & support for a tailored software to meet the specific needs of the Company | Funding capital expenditure towards purchase & installation of IT equipment, computer hardware, and other ancillary equipment | Repayment and/or pre-payment, in full or part, of certain outstanding borrowings availed by the Company | Funding working capital requirements of the Company | General corporate purposes",chittorgarh,28,chittorgarh,1.6,3.7,2.4,2.5,8.18,20.48,22.02,50.69,,74.31,51.77,131,True,2000,276000,14.4,5,42,9.6,37,45,42,2,5,8,2,3,5,3.8,7.8,9.4,3,6,19,0,2,4,8,13,35,3,3,3,11.90,26.32,0.21,42,5,Mar 2025,3,sharescart,sharescart,,sharescart
INE1IE301018,K.V.Toys India Ltd.,SME,,544641,2025-12-08,2025-12-10,2025-12-15,239.00,40.15,Bookbuilding,BSE SME,GYR Capital,2025,Giriraj Stock Broking Pvt.Ltd.,chittorgarh,38,chittorgarh,2.00,chittorgarh,5.0,chittorgarh,11.19,chittorgarh,320.00,chittorgarh,336.00,chittorgarh,304.00,chittorgarh,336.00,chittorgarh,Funding working capital requirements of the company | Repayment/prepayment of all or certain of the borrowings availed of by the Company | General corporate purposes,chittorgarh,40,chittorgarh,193.3,355.8,376.4,323.4,1443.81,2892.91,5030.64,9367.36,54,79.65,58.34,227,True,1200,286800,18,5,86,13.3,,0,86,,-0,6,,-0,5,,-10.7,9.9,,-0,9,,9,13,,9,48,,-0,-18,5.81,55.56,1.44,86,5,Mar 2025,2,sharescart,sharescart,sharescart,sharescart
INE0SQZ01015,Flywings Simulator Training Centre Ltd.,SME,FWSTC,,2025-12-05,2025-12-09,2025-12-12,191.00,57.05,Bookbuilding,NSE SME,Sobhagya Capital,2025,Gretex Share Broking Pvt.Ltd.,chittorgarh,45,chittorgarh,9,chittorgarh,15.8,chittorgarh,16.24,chittorgarh,195.00,chittorgarh,204.75,chittorgarh,186.00,chittorgarh,204.75,chittorgarh,Capital Expenditure towards Pilot Training Equipments | General Corporate Purposes,chittorgarh,57,chittorgarh,0,0,0,0,16.89,31.15,18.36,66.40,,85.69,59.87,181,True,1200,229200,13.4,11,20,14.3,,,20,,,18,,,11,,,14.2,,,39,,,8,,,64,,,9,55.00,28.21,0.21,20,11,Mar 2025,1,sharescart,sharescart,,sharescart
INE433T01015,Encompass Design India Ltd.,SME,ENCOMPAS,,2025-12-05,2025-12-09,2025-12-12,107.00,40.21,Bookbuilding,NSE SME,3Dimension Capital,2025,Alacrity Securities Ltd.,chittorgarh,38,chittorgarh,2.00,chittorgarh,5.0,chittorgarh,11.44,chittorgarh,203.30,chittorgarh,203.30,chittorgarh,193.15,chittorgarh,193.15,chittorgarh,"Funding capital expenditure requirements of our company towards purchasing office, interior work and refurbishment | To Meet Working Capital Requirements of the Company | Repayment/ prepayment of certain borrowings availed by the Company and | General corporate purposes",chittorgarh,40,chittorgarh,0,0,0,0,9.57,28.43,22.68,60.67,74.77,80.19,58.94,101,True,2400,256800,10.3,11,55,10.4,22,40,55,1,11,17,-1,7,11,-1.8,8.7,10.4,3,10,33,7,6,3,23,23,53,3,7,5,20.00,33.33,0.09,55,11,Mar 2025,3,sharescart,sharescart,investorgain,sharescart
INE0QZR01017,Methodhub Software Ltd.,SME,,544637,2025-12-05,2025-12-09,2025-12-12,194.00,102.49,Bookbuilding,BSE SME,Horizon Management,2025,Rikhav Securities Ltd. Giriraj Stock Broking Pvt.Ltd.,chittorgarh,82,chittorgarh,15,chittorgarh,14.7,chittorgarh,29.17,chittorgarh,155.20,chittorgarh,162.90,chittorgarh,147.45,chittorgarh,162.90,chittorgarh,"Repayment and / or prepayment, in full, of certain outstanding loans (including foreclosure charges, if any) availed by the Company | Augmentation of long-term working capital requirements of the Company | Investment in the wholly owned subsidiary MethodHub Consulting Inc. (USA) for augmentation of long-term working capital requirements in MethodHub Consulting Inc. (USA) | Unidentified inorganic acquisitions and General Corporate Purposes",chittorgarh,102,chittorgarh,27.6,35.8,21.5,27,565.45,720.55,749.57,2035.57,8.8,35.29,26.55,190,True,1200,232800,6.8,11,135,28.4,,57,135,,10,19,,5,11,,5.4,9.7,,11,43,,14,6,,45,94,,4,5,8.15,25.58,0.14,135,11,Mar 2025,2,sharescart,sharescart,sharescart,sharescart
INE1MF401019,Western Overseas Study Abroad Ltd.,SME,,544636,2025-12-04,2025-12-08,2025-12-11,56.00,10.07,Fixed Price,BSE SME,Sobhagya Capital,2025,Giriraj Stock Broking Pvt.Ltd.,chittorgarh,10,chittorgarh,0.00,chittorgarh,0.0,chittorgarh,,,54.90,chittorgarh,54.90,chittorgarh,52.16,chittorgarh,52.16,chittorgarh,To finance Advertisement expenses towards enhancing the awareness and visibility of our brand | To finance acquisition and installation of Software | Prepayment or repayment of all or a portion of certain outstanding borrowings availed by our Company | To meet General corporate purposes,chittorgarh,10,chittorgarh,0,0,0,0,0.00,2.35,11.60,13.96,,100,70.09,56,False,4000,224000,10.6,2,23,5.3,10,20,23,1,2,4,0,1,2,1.1,2.8,5.2,3,4,7,0,0,0,5,10,13,1,-2,-0,8.70,28.57,0.00,23,2,Mar 2025,3,sharescart,sharescart,,sharescart
INE1CJB01013,Luxury Time Ltd.,SME,,544635,2025-12-04,2025-12-08,2025-12-11,82.00,18.74,Bookbuilding,BSE SME,GYR Capital,2025,Giriraj Stock Broking Pvt.Ltd.,chittorgarh,13,chittorgarh,4,chittorgarh,21.1,chittorgarh,5.06,chittorgarh,155.80,chittorgarh,163.59,chittorgarh,155.80,chittorgarh,163.59,chittorgarh,Funding capital expenditure towards setting-up of 04 New Retail Stores | Funding working capital requirements | General Corporate Purpose,chittorgarh,19,chittorgarh,205.6,402.5,860.5,553.9,693.17,1742.55,5137.03,7572.75,120.7,95,68.43,78,True,3200,262400,12.1,4,60,6.8,53,50,60,4,3,6,3,2,4,4.2,3.1,6.5,11,13,19,0,0,0,22,25,30,-1,3,-0,6.67,21.05,0.00,60,4,Mar 2025,3,sharescart,sharescart,sharescart,sharescart
INE1V4601019,Shri Kanha Stainless Ltd.,SME,SHRIKANHA,,2025-12-03,2025-12-05,2025-12-10,90.00,46.28,Fixed Price,NSE SME,Kreo Capital,2025,Giriraj Stock Broking Pvt.Ltd.,chittorgarh,44,chittorgarh,2.00,chittorgarh,4.3,chittorgarh,,,88.00,chittorgarh,88.00,chittorgarh,83.60,chittorgarh,83.60,chittorgarh,"Upgradation of existing manufacturing facility by installation of 1150 mm 4- Hi AGC Reversible Rolling Machine | Repayment/pre-payment, in part, of certain secured and unsecured borrowing availed by the Company | Funding of Working Capital Requirement of the Company | General corporate purposes",chittorgarh,46,chittorgarh,0,0,0,0,2.00,14.23,108.12,124.34,12.22,100,67,90,False,3200,288000,1.4,6,146,66.6,135,130,146,6,9,14,1,3,6,0.7,2.5,5.5,4,6,12,5,4,6,57,80,106,2,4,-8,4.11,50.00,0.50,146,6,Mar 2025,3,sharescart,sharescart,ipowatch,sharescart
INE21UM01018,Neochem Bio Solutions Ltd.,SME,NEOCHEM,,2025-12-02,2025-12-04,2025-12-09,98.00,44.97,Bookbuilding,NSE SME,Vivro Financial,2025,Rikhav Securities Ltd.,chittorgarh,43,chittorgarh,2.00,chittorgarh,4.4,chittorgarh,12.77,chittorgarh,108.00,chittorgarh,113.40,chittorgarh,102.60,chittorgarh,111.80,chittorgarh,"Funding the long-term working capital requirements of the Company | Repayment/prepayment, in full or part, of all or certain outstanding borrowings availed by the Company | General Corporate Purposes",chittorgarh,45,chittorgarh,0,0,0,0,187.60,138.06,140.88,466.54,2,91.12,66.7,93,True,2400,235200,14.8,8,84,6.6,48,61,84,5,7,15,1,2,8,1.1,1.5,6.6,8,12,20,12,18,14,51,64,79,-1,2,3,9.52,40.00,0.70,84,8,Mar 2025,3,sharescart,sharescart,sharescart,sharescart
INE1FJE01010,Helloji Holidays Ltd.,SME,,544630,2025-12-02,2025-12-04,2025-12-09,118.00,10.97,Bookbuilding,BSE SME,Khambatta Securities,2025,Prabhat Financial Services Ltd.,chittorgarh,10,chittorgarh,1.00,chittorgarh,9.1,chittorgarh,3.12,chittorgarh,118.00,chittorgarh,123.90,chittorgarh,115.00,chittorgarh,123.90,chittorgarh,Working Capital Requirements | Capital expenditure towards purchase of Software | General Corporate Purpose,chittorgarh,11,chittorgarh,34.4,30.8,22.8,28.1,71.11,65.96,82.98,220.05,7.6,96,70,110,True,2400,283200,13.7,2,28,8.6,17,26,28,0,3,3,0,2,2,2,18.8,8.4,0,2,6,0,0,0,3,5,8,-0,0,2,7.14,33.33,0.00,28,2,Mar 2025,3,sharescart,sharescart,sharescart,sharescart
INE0W4D01018,Ravelcare Ltd.,SME,,544629,2025-12-01,2025-12-03,2025-12-08,130.00,24.10,Bookbuilding,BSE SME,Marwadi Chandarana Intermediaries,2025,SS Corporate Securities Ltd.,chittorgarh,23,chittorgarh,1.00,chittorgarh,4.2,chittorgarh,6.83,chittorgarh,201.00,chittorgarh,208.95,chittorgarh,190.95,chittorgarh,190.95,chittorgarh,Marketing and advertisement expenses toward enhancing the awareness and visibility of the brand | Setting up a new manufacturing facility located at Mauje-Peth in Amravati (“Proposed facility”) | General Corporate Purposes,chittorgarh,24,chittorgarh,155.9,554.9,463.1,406.7,711.42,2582.63,3732.79,7026.85,57.7,99.96,72.94,123,True,2000,260000,12.4,5,25,10.5,3,22,25,1,7,7,0,5,5,0.8,10,10.5,0,5,10,0,0,0,2,9,13,1,6,-1,20.00,50.00,0.00,25,5,Mar 2025,3,sharescart,sharescart,sharescart,sharescart
INE1EF801010,Clear Secured Services Ltd.,SME,CSSL,,2025-12-01,2025-12-03,2025-12-08,132.00,85.60,Bookbuilding,NSE SME,Horizon Management,2025,Choice Equity Broking Pvt.Ltd.,chittorgarh,81,chittorgarh,5.00,chittorgarh,5.8,chittorgarh,24.39,chittorgarh,119.00,chittorgarh,119.00,chittorgarh,113.05,chittorgarh,113.05,chittorgarh,"Investment in our wholly owned Subsidiary, Comfort Techno Services Private Limited (“CTSPL”) for funding the Purchase of Equipment | Funding for Working Capital Requirement | Repayment or prepayment of Borrowings | General corporate purposes",chittorgarh,86,chittorgarh,0,0,0,0,162.24,156.87,187.86,506.97,2.3,99.84,73.03,125,True,2000,264000,21.3,10,476,6.2,309,348,476,18,25,38,7,12,10,4.3,7.6,6.2,75,87,97,13,14,13,150,166,225,-2,1,-22,2.10,10.31,0.13,476,10,Mar 2025,3,sharescart,sharescart,sharescart,sharescart
INE1CW901027,Speb Adhesives Ltd.,SME,SPEB,,2025-12-01,2025-12-03,2025-12-08,56.00,33.73,Bookbuilding,NSE SME,Unistone Capital,2025,Kalpalabdhi Financials Pvt.Ltd.,chittorgarh,24,chittorgarh,7,chittorgarh,20.6,chittorgarh,8.98,chittorgarh,60.00,chittorgarh,60.00,chittorgarh,57.00,chittorgarh,57.00,chittorgarh,"Part finance the cost of establishing new manufacturing facility to expand the production capabilities of Water based adhesives at Survey no. 120, 121/1 and 121/2, Village Tambati, Taluka Khalapur, District Raigad, Maharashtra, India (“Proposed new facility”); | General corporate purposes",chittorgarh,34,chittorgarh,0,0,0,0,12.97,21.99,18.91,53.86,,100,73.18,52,True,4000,224000,16.5,6,45,3.4,38,43,45,3,7,9,2,5,6,0.9,2.8,3.3,19,19,25,0,0,0,20,21,27,0,4,-1,13.33,24.00,0.00,45,6,Mar 2025,3,sharescart,sharescart,,sharescart
INE0XJ501010,Invicta Diagnostic Ltd.,SME,INVICTA,,2025-12-01,2025-12-03,2025-12-08,85.00,28.12,Bookbuilding,NSE SME,Socradamus Capital,2025,Nikunj Stock Brokers Ltd.,chittorgarh,27,chittorgarh,1.00,chittorgarh,3.6,chittorgarh,6.79,chittorgarh,100.00,chittorgarh,105.00,chittorgarh,95.00,chittorgarh,96.70,chittorgarh,Funding capital expenditure for purchase of medical equipment towards establishment of five new diagnostic centres in Maharashtra; and | General Corporate purposes,chittorgarh,28,chittorgarh,0,0,0,0,15.94,33.50,37.07,86.51,3.53,91.89,66.69,80,True,3200,272000,14.4,5,30,5.9,,16,30,,7,9,,4,5,,4.5,5.8,,10,15,,4,4,,16,21,,6,7,16.67,33.33,0.27,30,5,Mar 2025,2,sharescart,sharescart,ipowatch,sharescart
INE0RUY01012,Astron Multigrain Ltd.,SME,,544628,2025-12-01,2025-12-03,2025-12-08,63.00,18.40,Fixed Price,BSE SME,Finaax Advisors,2025,Prabhat Financial Services Ltd.,chittorgarh,14,chittorgarh,4,chittorgarh,22.2,chittorgarh,,,50.40,chittorgarh,50.40,chittorgarh,47.88,chittorgarh,47.88,chittorgarh,Funding Capital Expenditure towards purchase of machinery | To meet working capital requirements | General Corporate Purposes | Total,chittorgarh,18,chittorgarh,0,0,0,0,0.00,5.28,16.98,22.26,19.05,99.99,71.95,63,False,4000,252000,17,2,34,3.7,19,26,34,3,4,4,1,2,2,2.3,3.2,3.7,4,8,11,3,2,1,15,18,22,3,1,1,5.88,18.18,0.09,34,2,Mar 2025,3,sharescart,sharescart,ipowatch,sharescart
INE0VDK01019,Purple Wave Infocom Ltd.,SME,,544627,2025-11-28,2025-12-02,2025-12-05,126.00,31.45,Bookbuilding,BSE SME,Smart Horizon Capital,2025,Shreni Shares Ltd.,chittorgarh,30,chittorgarh,1.00,chittorgarh,3.2,chittorgarh,7.99,chittorgarh,132.00,chittorgarh,138.00,chittorgarh,130.15,chittorgarh,130.50,chittorgarh,Funding capital expenditure requirements of our company towards purchasing an office space cum product display area. | Repayment/ prepayment of certain borrowings. | General corporate purposes,chittorgarh,31,chittorgarh,11.8,6,3.8,6.5,71.66,38.22,41.96,151.83,,100,71.92,120,True,2000,252000,9.3,9,126,13.5,70,90,126,2,8,14,1,5,9,1,8.1,13.5,3,8,17,2,0,0,27,31,53,4,-5,1,7.14,52.94,0.00,126,9,Mar 2025,3,sharescart,sharescart,,sharescart
INE1BA901016,Logiciel Solutions Ltd.,SME,,544625,2025-11-28,2025-12-02,2025-12-05,193.00,39.90,Bookbuilding,BSE SME,Fintellectual Corporate,2025,Prabhat Financial Services Ltd.,chittorgarh,31,chittorgarh,7,chittorgarh,17.5,chittorgarh,,,154.40,chittorgarh,154.40,chittorgarh,146.70,chittorgarh,146.70,chittorgarh,Capital Expenditure on upgrading physical infrastructure | Investment in Human Resources through Manpower hiring | Capital expenditure towards upgrading IT infrastructure. | Funding for business development and marketing activities | General corporate Purpose,chittorgarh,40,chittorgarh,1.3,0.8,3.4,2,2.56,15.01,61.81,79.38,20.73,82.78,59,183,True,1200,231600,19.3,5,21,10,14,17,21,3,6,8,1,4,5,2.7,7.9,9.5,6,10,24,0,0,0,9,13,27,2,-1,-2,23.81,20.83,0.00,21,5,Mar 2025,3,sharescart,sharescart,ipowatch,sharescart
INE1E4401010,Exato Technologies Ltd.,SME,,544626,2025-11-28,2025-12-02,2025-12-05,140.00,37.45,Bookbuilding,BSE SME,GYR Capital,2025,Giriraj Stock Broking Pvt.Ltd.,chittorgarh,30,chittorgarh,6,chittorgarh,16.2,chittorgarh,10.65,chittorgarh,266.00,chittorgarh,279.30,chittorgarh,266.00,chittorgarh,279.30,chittorgarh,Funding the working capital requirements of the company; | Investment in Product Development | Repayment/prepayment of all or certain of the borrowings availed of by the Company; and | General Corporate Purposes,chittorgarh,37,chittorgarh,327.1,1102.4,1068.7,881,2326.23,7963.54,13316.52,23606.28,125,77.59,54.73,133,True,2000,280000,10.1,10,124,13.9,73,114,124,6,9,16,5,5,10,7.3,7.5,12.8,22,27,42,1,3,8,34,54,95,10,-14,13,8.06,23.81,0.19,124,10,Mar 2025,3,sharescart,sharescart,sharescart,sharescart
INE0EOJ01014,K K Silk Mills Ltd.,SME,,544624,2025-11-26,2025-11-28,2025-12-03,38.00,28.50,Bookbuilding,BSE SME,Axial Capital,2025,Aftertrade Broking Pvt.Ltd.,chittorgarh,27,chittorgarh,2.00,chittorgarh,6.9,chittorgarh,,,32.00,chittorgarh,32.00,chittorgarh,30.40,chittorgarh,30.40,chittorgarh,"Funding towards capital expenditure for replacement of plant & machineries including installation, mechanical and electrical work | Full or part repayment and/or prepayment of certain outstanding secured borrowings availed by our Company | General Corporate Purposes",chittorgarh,29,chittorgarh,5.7,1.5,9.7,5.4,1.56,22.80,130.26,154.62,18.42,99.8,66.44,36,True,6000,228000,12.3,5,221,3.1,189,191,221,9,10,15,1,2,5,0.7,1.5,3.1,33,35,40,5,7,5,103,112,143,8,9,8,2.26,12.50,0.12,221,5,Mar 2025,3,sharescart,sharescart,ipowatch,sharescart
INE0UH001016,Mother Nutri Foods Ltd.,SME,,544623,2025-11-26,2025-11-28,2025-12-03,117.00,39.59,Bookbuilding,BSE SME,Marwadi Chandarana Intermediaries,2025,Mansi Share & Stock Broking Pvt.Ltd.,chittorgarh,29,chittorgarh,8,chittorgarh,20.0,chittorgarh,10.99,chittorgarh,118.40,chittorgarh,124.30,chittorgarh,118.40,chittorgarh,124.30,chittorgarh,"Setting up a new manufacturing facility located at Mahuva, Bhavnagar in Gujarat (“Proposed facility”) | General Corporate Purposes",chittorgarh,40,chittorgarh,10.1,23,11.3,14.4,74.44,192.71,145.51,412.66,,90.98,65.92,111,True,2400,280800,16.5,6,90,7.1,76,81,90,3,9,10,1,5,6,1.3,5.4,6.6,6,10,25,2,1,0,44,48,71,-21,-0,-3,6.67,24.00,0.00,90,6,Mar 2025,3,sharescart,sharescart,,sharescart
INE1U2R01013,SSMD Agrotech India Ltd.,SME,,544621,2025-11-25,2025-11-27,2025-12-02,121.00,34.09,Bookbuilding,BSE SME,3Dimension Capital,2025,Nikunj Stock Brokers Ltd.,chittorgarh,32,chittorgarh,2.00,chittorgarh,5.9,chittorgarh,,,73.00,chittorgarh,76.65,chittorgarh,73.00,chittorgarh,76.65,chittorgarh,Funding of Working capital Requirement of the Company | Repayment of portion of certain Borrowings availed by our Company | Capital Expenditure to be incurred by the Company for the setting up of new D2C dark Store factories | Capital Expenditure to be incurred by the Company For purchase of machinery for setting up of Namkeen Plant | General Corporate Purpose,chittorgarh,34,chittorgarh,5.3,0.7,2.7,1.7,1.74,12.02,43.12,56.88,4.1,99.99,,114,True,2000,242000,1.2,5,99,101.1,,2,99,,0,9,,0,5,,1.6,9.2,,0,7,,0,1,,1,18,,0,2,5.05,71.43,0.14,99,5,Mar 2025,2,sharescart,sharescart,sharescart,
INE0BUQ01012,Gallard Steel Ltd.,SME,,544616,2025-11-19,2025-11-21,2025-11-26,150.00,37.50,Bookbuilding,BSE SME,Seren Capital,2025,Asnani Stock Broker Pvt.Ltd.,chittorgarh,36,chittorgarh,2.00,chittorgarh,5.3,chittorgarh,10.64,chittorgarh,223.10,chittorgarh,234.25,chittorgarh,223.00,chittorgarh,234.25,chittorgarh,Funding of capital expenditure towards expansion of the existing manufacturing facility and construction of office Building | Repayment of a portion of certain borrowings availed by the Company | General Corporate Purpose,chittorgarh,38,chittorgarh,228.5,463.8,351.6,349.4,1624.47,3374.47,4387.71,9386.66,42,91.14,67.19,142,True,2000,300000,17.2,6,53,8.7,,27,53,,6,13,,3,6,,4.6,8.7,,11,17,,11,12,,39,49,,2,4,11.32,35.29,0.71,53,6,Mar 2025,2,sharescart,sharescart,sharescart,sharescart
INE0U9D01019,Mahamaya Lifesciences Ltd.,SME,,544611,2025-11-11,2025-11-13,2025-11-18,114.00,70.44,Bookbuilding,BSE SME,Oneview Corporate,2025,Mansi Share & Stock Broking Pvt.Ltd.,chittorgarh,61,chittorgarh,6,chittorgarh,8.6,chittorgarh,19.97,chittorgarh,115.00,chittorgarh,117.00,chittorgarh,111.00,chittorgarh,116.00,chittorgarh,Purchase of Equipment for existing Formulation plant | Funding capital expenditure towards setting up of a new technical manufacturing plant | Construction of Warehouse Building and Purchase of Machinery | Funding working capital requirement of our Company | General Corporate purposes,chittorgarh,70,chittorgarh,1.2,2.9,1,1.6,15.98,40.07,24.02,80.07,,77.27,56.35,108,True,2400,273600,15,13,264,7.6,137,162,264,9,15,26,4,5,13,2.7,3.8,7.3,19,25,49,10,9,6,78,112,188,1,-23,1,4.92,26.53,0.12,264,13,Mar 2025,3,sharescart,sharescart,,sharescart
INE1I1301016,Workmates Core2Cloud Solution Ltd.,SME,,544610,2025-11-11,2025-11-13,2025-11-18,204.00,69.84,Bookbuilding,BSE SME,Horizon Management,2025,Giriraj Stock Broking Pvt.Ltd.,chittorgarh,56,chittorgarh,11,chittorgarh,15.7,chittorgarh,19.58,chittorgarh,387.60,chittorgarh,405.00,chittorgarh,368.25,chittorgarh,368.25,chittorgarh,Prepayment or repayment of secured loan availed by the Company from Banks / Financial Institutions | Funding of Working Capital requirement of the company. | General corporate purposes,chittorgarh,70,chittorgarh,147,150.5,111.6,131.6,1986.82,2030.64,2596.35,6613.81,43.1,98.1,72.03,200,True,1200,244800,0,14,108,13927,29,53,108,3,8,19,2,5,14,1.9,5.3,13.9,4,9,23,0,0,9,11,24,62,2,10,5,12.96,60.87,0.39,108,14,Mar 2025,3,sharescart,sharescart,sharescart,sharescart
INE0D8001018,Shining Tools Ltd.,SME,,544607,2025-11-07,2025-11-11,2025-11-14,114.00,17.10,Fixed Price,BSE SME,Sobhagya Capital,2025,Aftertrade Broking Pvt.Ltd.,chittorgarh,16,chittorgarh,1.00,chittorgarh,5.9,chittorgarh,,,104.00,chittorgarh,104.00,chittorgarh,98.80,chittorgarh,98.80,chittorgarh,Purchase and installation of plant and machinery for Carbide Precision Tools at Existing Premises | Funding of working capital requirements | General corporate purposes,chittorgarh,17,chittorgarh,0,0,0,0,0.00,4.32,15.18,19.51,13.2,96.17,70.68,114,False,2400,273600,15.8,3,15,7.2,10,11,15,2,4,7,-0,2,3,-0.2,3.9,7,2,4,8,5,4,4,17,15,19,2,4,1,20.00,37.50,0.50,15,3,Mar 2025,3,sharescart,sharescart,sharescart,sharescart
INE1BZN01016,Curis Lifesciences Ltd.,SME,CURIS,,2025-11-07,2025-11-11,2025-11-14,128.00,27.52,Bookbuilding,NSE SME,Finaax Advisors,2025,RS Wealth Management Pvt.Ltd.,chittorgarh,26,chittorgarh,2.00,chittorgarh,7.1,chittorgarh,7.80,chittorgarh,146.10,chittorgarh,147.90,chittorgarh,138.80,chittorgarh,141.00,chittorgarh,Capital Expenditure towards Upgradation/Improvement of the existing Manufacturing Facilities | Capital Expenditure towards Construction of a Storage Facility | Pre-payment/Repayment of outstanding Secured Loans | Product Registrations in other countries | Funding our Working Capital Requirements | General Corporate Purposes,chittorgarh,28,chittorgarh,0,0,0,0,503.49,456.59,405.84,1365.91,7,92.68,68.03,120,True,2000,256000,12.4,6,49,10.3,35,36,49,4,9,10,2,5,6,3.4,8.8,10.3,1,6,16,10,9,7,30,34,43,3,0,-2,12.24,37.50,0.44,49,6,Mar 2025,3,sharescart,sharescart,sharescart,sharescart
INE0EDU01014,Finbud Financial Services Ltd.,SME,FINBUD,,2025-11-06,2025-11-10,2025-11-13,142.00,71.68,Bookbuilding,NSE SME,SKI Capital,2025,SKI Capital Services Ltd.,chittorgarh,68,chittorgarh,4.00,chittorgarh,5.6,chittorgarh,20.41,chittorgarh,157.00,chittorgarh,164.85,chittorgarh,157.00,chittorgarh,164.85,chittorgarh,Working Capital Requirement | Investment In Wholly Owned Subsidiary i.e. LTCV Credit Private Limited | Funding for Business Development and Marketing Activities | Prepayment or repayment of a portion of certain outstanding borrowings availed by our Company | General Corporate Purposes,chittorgarh,72,chittorgarh,0,0,0,0,58.87,89.28,69.01,217.16,7.7,64.92,47.22,140,True,2000,284000,23.3,8,223,6.1,135,190,223,4,11,15,2,6,8,1.5,4.5,6.1,6,12,36,6,5,3,27,44,68,3,-2,-13,3.59,22.22,0.08,223,8,Mar 2025,3,sharescart,sharescart,sharescart,sharescart
INE1FL101016,Shreeji Global FMCG Ltd.,SME,SHETHJI,,2025-11-04,2025-11-07,2025-11-12,125.00,85.00,Bookbuilding,NSE SME,Interactive Financial,2025,B.N.Rathi Securities Ltd. Svcm Securities Pvt.Ltd.,chittorgarh,81,chittorgarh,4.00,chittorgarh,4.7,chittorgarh,14.53,chittorgarh,100.00,chittorgarh,105.00,chittorgarh,98.00,chittorgarh,101.70,chittorgarh,Capital Expenditure for Factory Premises | Capital Expenditure for Plant and Machineries & Cold storage | Capital Expenditure for Solar Power for internal consumption | Working Capital | General Corporate Purposes | Total,chittorgarh,85,chittorgarh,0,0,0,0,15.86,90.06,115.38,221.30,8.0,99.99,70.12,120,True,2000,250000,16.4,12,649,7.6,467,588,649,4,11,20,2,5,12,1.7,3.4,7.6,9,17,30,5,6,6,60,117,117,-6,-6,-0,1.85,40.00,0.20,649,12,Mar 2025,3,sharescart,sharescart,ipowatch,sharescart
INE0SVZ01015,Safecure Services Ltd.,SME,,544596,2025-10-29,2025-10-31,2025-11-06,102.00,30.60,Fixed Price,BSE SME,Sun Capital,2025,Giriraj Stock Broking Pvt.Ltd.,chittorgarh,29,chittorgarh,2.00,chittorgarh,6.5,chittorgarh,,,81.60,chittorgarh,81.60,chittorgarh,77.55,chittorgarh,77.55,chittorgarh,"Repayment / pre-payment, in full or part, of certain borrowings availed by the Company | Repayment / pre-payment, in full or part, of certain borrowings availed by our wholly owned subsidiary (by providing loans and advances by the Company) | General corporate purposes | Funding Working Capital requirements of the Company",chittorgarh,31,chittorgarh,0,0,0,0,0.00,6.17,48.08,54.25,,94.32,66.14,102,False,2400,244800,11.9,6,73,8.6,48,63,73,9,12,13,4,6,6,5.6,8.1,8.7,9,15,21,2,3,6,31,37,53,8,3,-0,8.22,28.57,0.29,73,6,Mar 2025,3,sharescart,sharescart,,sharescart
INE1GUJ01014,Game Changers Texfab Ltd.,SME,,544594,2025-10-28,2025-10-30,2025-11-04,102.00,54.84,Bookbuilding,BSE SME,Corpwis,2025,NNM Securities Pvt.Ltd.,chittorgarh,52,chittorgarh,3.00,chittorgarh,5.5,chittorgarh,9.13,chittorgarh,104.15,chittorgarh,109.35,chittorgarh,104.15,chittorgarh,109.35,chittorgarh,Funding capital expenditure | Funding overall working capital requirements | General Corporate Purposes including unidentified inorganic acquisitions,chittorgarh,55,chittorgarh,1,1.4,1.2,1.2,17.00,14.31,21.59,52.90,,98.67,69.02,96,True,2400,244800,10.6,12,116,9.6,100,98,116,1,7,19,1,4,12,0.4,1367.7,9.6,5,9,21,0,0,0,22,41,51,-2,3,3,10.34,57.14,0.00,116,12,Mar 2025,3,sharescart,sharescart,,sharescart
INE1AE401014,Jayesh Logistics Ltd.,SME,JAYESH,,2025-10-27,2025-10-29,2025-11-03,122.00,28.63,Bookbuilding,NSE SME,Indcap,2025,Giriraj Stock Broking Pvt.Ltd.,chittorgarh,27,chittorgarh,2.00,chittorgarh,6.9,chittorgarh,6.78,chittorgarh,120.00,chittorgarh,121.95,chittorgarh,114.00,chittorgarh,117.80,chittorgarh,Funding the expenditure towards purchase of side wall trailers | Funding the working capital requirements | Funding the implementation for phase 2 of Smart Logistics Application | General Corporate Purpose,chittorgarh,29,chittorgarh,0,0,0,0,277.17,568.53,492.93,1338.63,7.4,97.57,71.22,116,True,2000,244000,10.5,7,112,11.6,60,88,112,5,10,17,1,3,7,1.8,5.1,11.3,5,8,17,1,14,10,22,48,59,5,3,4,6.25,41.18,0.59,112,7,Mar 2025,3,sharescart,sharescart,sharescart,sharescart
INE13YH01017,SK Minerals & Additives Ltd.,SME,,544584,2025-10-10,2025-10-14,2025-10-17,127.00,41.15,Bookbuilding,BSE SME,Khambatta Securities,2025,Rikhav Securities Ltd.,chittorgarh,39,chittorgarh,2.00,chittorgarh,4.9,chittorgarh,11.72,chittorgarh,145.00,chittorgarh,152.25,chittorgarh,145.00,chittorgarh,152.25,chittorgarh,Working Capital Requirement | To fund the expansion plan of the Company i.e. Capital expenditure towards purchase of Plant and Machinery | General Corporate Purpose,chittorgarh,41,chittorgarh,1,5.6,3.4,3.3,7.90,44.07,46.53,98.50,3.5,100,73.53,120,True,2000,254000,10.4,11,212,12.2,132,109,212,4,7,20,2,3,11,6.6,3.4,12.2,6,13,24,7,8,7,38,54,75,-11,-9,-3,5.19,45.83,0.29,212,11,Mar 2025,3,sharescart,sharescart,sharescart,sharescart
INE0SFA01011,Sihora Industries Ltd.,SME,,544585,2025-10-10,2025-10-14,2025-10-17,66.00,10.56,Fixed Price,BSE SME,Sobhagya Capital,2025,Aftertrade Broking Pvt.Ltd.,chittorgarh,10,chittorgarh,1.00,chittorgarh,9.1,chittorgarh,,,70.00,chittorgarh,70.00,chittorgarh,66.50,chittorgarh,66.50,chittorgarh,"Funding Capital Expenditure towards purchase of additional plant & machinery | Repayment or prepayment, in full or in part, of borrowings availed by the Company from banks and financial Institutions | To meet additional working capital requirements | General Corporate Purposes",chittorgarh,11,chittorgarh,0,0,0,0,0.00,6.49,6.86,13.36,2,100,69.96,66,False,4000,264000,13.2,2,15,5,12,6,15,1,1,4,0,0,2,5.9,0.9,5,0,3,5,1,2,2,9,7,13,-0,0,-0,13.33,40.00,0.40,15,2,Mar 2025,3,sharescart,sharescart,sharescart,sharescart
INE833Q01012,Mittal Sections Ltd.,SME,,544575,2025-10-07,2025-10-09,2025-10-14,143.00,52.91,Bookbuilding,BSE SME,Wealth Mine Networks,2025,Sunflower Broking Pvt.Ltd.,chittorgarh,50,chittorgarh,3.00,chittorgarh,5.7,chittorgarh,,,114.40,chittorgarh,114.40,chittorgarh,108.70,chittorgarh,108.70,chittorgarh,"To Capital expenditure towards Acquisition of Land, Construction of Factory Building and Purchase of Plant & Machineries | To meet Working Capital requirements | Full or part repayment and/or prepayment of certain outstanding secured borrowings availed by the Company | General Corporate Purposes",chittorgarh,53,chittorgarh,1.1,0.6,4.1,2.2,2.99,15.79,97.21,115.99,1.6,99.92,67.96,136,True,2000,286000,31.1,4,137,4.6,167,161,137,3,6,8,1,2,4,0.7,2.4,4.6,5,7,10,8,4,11,33,29,45,-4,7,0,2.92,40.00,1.10,137,4,Mar 2025,3,sharescart,sharescart,sharescart,sharescart
INE1EUB01016,Shlokka Dyes Ltd.,SME,,544582,2025-09-30,2025-10-14,2025-10-17,91.00,57.79,Bookbuilding,BSE SME,Interactive Financial,2025,Aftertrade Broking Pvt.Ltd.,chittorgarh,55,chittorgarh,3.00,chittorgarh,5.2,chittorgarh,,,90.00,chittorgarh,90.00,chittorgarh,85.50,chittorgarh,85.50,chittorgarh,Capital Expenditure for plant and machineries | Repayment of Debt | Working Capital | General corporate purposes,chittorgarh,58,chittorgarh,1,2,0.7,1.1,5.59,36.09,22.67,64.35,1.2,100,71.33,88,True,2400,218400,0,10,103,3696.6,9,61,103,2,13,19,1,5,10,0.5,3.3,6.6,9,18,27,17,13,12,39,67,92,2,-11,5,9.71,37.04,0.44,103,10,Mar 2025,3,sharescart,sharescart,sharescart,sharescart
INE0PLX01017,Greenleaf Envirotech Ltd.,SME,GREENLEAF,,2025-09-30,2025-10-06,2025-10-09,136.00,21.90,Fixed Price,NSE SME,Smart Horizon Capital,2025,Rikhav Securities Ltd.,chittorgarh,17,chittorgarh,4,chittorgarh,18.2,chittorgarh,,,134.90,chittorgarh,134.90,chittorgarh,128.15,chittorgarh,132.90,chittorgarh,"Funding of capital expenditure of our Company towards purchase of civil machines and equipments | Funding of capital expenditure of our Company towards purchase of laboratory equipments | Repayment or prepayment, in full or in part, of borrowings availed by our Company from banks, financial institutions and non-banking financial companies | Funding working capital requirements of our Company | General corporate purposes",chittorgarh,22,chittorgarh,0,0,0,0,0.15,43.26,37.26,80.68,,78.85,56.37,136,False,2000,272000,13.3,5,39,10.2,26,33,39,2,4,7,1,2,5,2.9,4.9,10.2,3,8,12,3,2,2,13,16,25,2,-1,6,12.82,41.67,0.17,39,5,Mar 2025,3,sharescart,sharescart,,sharescart
INE0QP701017,Valplast Technologies Ltd.,SME,,544565,2025-09-30,2025-10-03,2025-10-08,54.00,28.09,Bookbuilding,BSE SME,Fintellectual Corporate,2025,Nikunj Stock Brokers Ltd.,chittorgarh,27,chittorgarh,1.00,chittorgarh,3.6,chittorgarh,7.94,chittorgarh,57.00,chittorgarh,59.85,chittorgarh,57.00,chittorgarh,58.63,chittorgarh,Funding the capital expenditure requirements by purchase of Machinery | To meet incremental Working Capital requirements | General Corporate Purposes,chittorgarh,28,chittorgarh,1,0.8,1.5,1.2,5.56,4.47,13.61,23.64,5.56,86.65,63.68,51,True,4000,216000,12.9,6,63,4.2,27,65,63,3,11,14,1,7,6,1,4.5,4.2,15,24,30,1,3,10,26,56,74,-2,2,1,9.52,20.00,0.33,63,6,Mar 2025,3,sharescart,sharescart,ipowatch,sharescart
INE17CQ01015,B.A.G.Convergence Ltd.,SME,BAGDIGITAL,,2025-09-30,2025-10-03,2025-10-08,87.00,48.72,Bookbuilding,NSE SME,Inventure Merchant Banker,2025,ACME Capital Market Ltd.,chittorgarh,46,chittorgarh,3.00,chittorgarh,6.1,chittorgarh,13.57,chittorgarh,101.00,chittorgarh,106.05,chittorgarh,101.00,chittorgarh,106.05,chittorgarh,Expansion of Existing Busines | Acquisition/ Production of Content | Brand building expenses | General Corporate Purposes,chittorgarh,49,chittorgarh,0,0,0,0,12.51,21.46,13.59,47.56,,89.58,,82,True,3200,278400,15,9,36,5.8,25,30,36,6,11,14,5,8,9,3.6,5.7,6,-1,7,22,0,0,0,12,18,44,1,4,4,25.00,40.91,0.00,36,9,Mar 2025,3,sharescart,sharescart,,
INE1B3501014,Zelio E-Mobility Ltd.,SME,,544563,2025-09-30,2025-10-03,2025-10-08,136.00,78.34,Bookbuilding,BSE SME,Hem Securities,2025,Hem Finlease Pvt.Ltd.,chittorgarh,59,chittorgarh,16,chittorgarh,20.5,chittorgarh,22.29,chittorgarh,154.90,chittorgarh,162.60,chittorgarh,154.90,chittorgarh,162.60,chittorgarh,"Repayment and/or pre-payment, in full or part, of borrowing availed by the Company | Funding the Capital Expenditure requirements towards setting up of a new manufacturing unit | To Meet Working Capital Requirement | General Corporate Purpose",chittorgarh,78,chittorgarh,1.6,1.6,1.3,1.5,23.88,23.60,34.41,81.89,1.47,100,72.77,129,True,2000,272000,14,16,172,9.7,51,94,172,4,9,23,3,6,16,1.8,3.8,9.7,4,11,27,4,6,9,15,29,66,-1,1,-10,9.30,59.26,0.33,172,16,Mar 2025,3,sharescart,sharescart,ipowatch,sharescart
INE0YJV01017,Sheel Biotech Ltd.,SME,SHEEL,,2025-09-30,2025-10-03,2025-10-08,63.00,34.02,Bookbuilding,NSE SME,Narnolia Financial,2025,Mansi Share & Stock Broking Pvt.Ltd.,chittorgarh,32,chittorgarh,2.00,chittorgarh,5.9,chittorgarh,9.60,chittorgarh,91.00,chittorgarh,95.55,chittorgarh,91.00,chittorgarh,95.55,chittorgarh,Capital Expenditure Requirement | Working Capital Requirement | General Corporate Purposes | Issue Expense,chittorgarh,34,chittorgarh,0,0,0,0,127.54,128.22,108.74,364.49,7.94,96.99,71.26,59,True,4000,252000,8.8,11,102,7.2,80,92,102,9,15,15,5,10,11,3.5,7.2,7.1,64,73,84,9,10,5,94,106,113,9,-1,9,10.78,13.10,0.06,102,11,Mar 2025,3,sharescart,sharescart,ipowatch,sharescart
INE16XA01017,Infinity Infoway Ltd.,SME,,544567,2025-09-30,2025-10-03,2025-10-08,155.00,24.42,Bookbuilding,BSE SME,Holani Consultants,2025,Holani Consultants Pvt.Ltd.,chittorgarh,23,chittorgarh,1.00,chittorgarh,4.2,chittorgarh,6.32,chittorgarh,294.50,chittorgarh,309.20,chittorgarh,294.50,chittorgarh,309.20,chittorgarh,Development of the Product ZEROTOUCH Device as a Service (“DaaS”). | Purchase of new IT Infrastructure and Certification | Funding of Tender Deposits and Earnest Money Deposits (EMD) towards Tenders | Funding the incremental Working Capital Requirements of the Company | General corporate purposes,chittorgarh,24,chittorgarh,157.1,397.1,303.2,258.5,664.45,1757.70,2252.29,4675.98,16.13,100,68.49,147,True,1600,248000,13.7,4,13,11.3,5,10,13,2,5,6,1,3,4,2.6,9.6,10.8,2,5,13,0,0,0,3,8,15,1,2,2,30.77,30.77,0.00,13,4,Mar 2025,3,sharescart,sharescart,ipowatch,sharescart
INE1K8Y01018,Munish Forge Ltd.,SME,MUNISH,,2025-09-30,2025-10-03,2025-10-08,96.00,73.92,Bookbuilding,NSE SME,Gretex Corporate,2025,Gretex Share Broking Pvt.Ltd. NNM Securities Pvt.Ltd.,chittorgarh,57,chittorgarh,13,chittorgarh,17.6,chittorgarh,21.06,chittorgarh,105.00,chittorgarh,110.25,chittorgarh,102.00,chittorgarh,110.25,chittorgarh,Capital expenditure towards Civil construction and Purchase of additional Plant & Machinery | Repayment/Pre-payment of Certain Debt Facilities | Working Capital Requirements | General Corporate Purposes | Total,chittorgarh,74,chittorgarh,0,0,0,0,56.82,55.11,65.30,177.22,7.29,100,68.01,91,True,2400,230400,11,14,175,8.7,,,175,,,28,,,14,,,8.1,,,67,,,11,,,162,,,6,8.00,20.90,0.16,175,14,Mar 2025,1,sharescart,sharescart,ipowatch,sharescart
INE10CM01027,Sunsky Logistics Ltd.,SME,,544566,2025-09-30,2025-10-03,2025-10-08,46.00,16.84,Fixed Price,BSE SME,Nirbhay Capital,2025,Rikhav Securities Ltd.,chittorgarh,16,chittorgarh,1.00,chittorgarh,5.9,chittorgarh,,,51.00,chittorgarh,53.55,chittorgarh,50.00,chittorgarh,53.55,chittorgarh,Purchase of Flatbed Trailers | Prepayment or repayment of all or a portion of certain outstanding borrowings availed by the Company. | To meet the working capital requirement | General Corporate Purpose,chittorgarh,17,chittorgarh,0,0,0,0,0.04,16.82,7.40,24.26,,95,67.04,46,False,6000,276000,15.3,3,22,3,19,15,22,1,2,4,0,1,3,0.4,1.4,2.9,1,2,5,1,0,1,3,5,8,0,0,2,13.64,60.00,0.20,22,3,Mar 2025,3,sharescart,sharescart,,sharescart
INE12P101018,Chiraharit Ltd.,SME,,544561,2025-09-29,2025-10-03,2025-10-08,21.00,31.07,Fixed Price,BSE SME,Finshore Management,2025,Anant Securities,chittorgarh,30,chittorgarh,1.00,chittorgarh,3.2,chittorgarh,,,16.80,chittorgarh,16.80,chittorgarh,15.96,chittorgarh,15.96,chittorgarh,"Funding Capital Expenditure towards setting up HDPE Ball Valves and Fittings Manufacturing Unit | Repayment and/or pre-payment, in full or part, of certain borrowings | Working Capital Requirements | Issue Related Expenses | General Corporate Expenses",chittorgarh,31,chittorgarh,0,0,0,0,0.00,12.40,44.76,57.15,19.05,100,72.99,21,False,12000,252000,13.1,6,60,1.6,33,31,60,2,2,10,0,1,6,0.2,0.2,1.6,3,3,10,9,8,8,23,26,41,1,2,3,10.00,60.00,0.80,60,6,Mar 2025,3,sharescart,sharescart,ipowatch,sharescart
INE0QU501030,Sodhani Capital Ltd.,SME,,544560,2025-09-29,2025-10-01,2025-10-07,51.00,10.71,Fixed Price,BSE SME,Bonanza Portfolio,2025,Aikyam Capital Pvt.Ltd.,chittorgarh,8,chittorgarh,2,chittorgarh,18.2,chittorgarh,,,80.00,chittorgarh,84.00,chittorgarh,76.00,chittorgarh,84.00,chittorgarh,"Acquisition of an Office premises at Mumbai, Maharashtra | Funding expenditure towards enhancement of the brand visibility | Development of Mutual Fund Investment Application | Meeting expenditure for acquiring Information Technology (Hardware including Software) infrastructure for new office premises and existing office premises. | General Corporate Purpose | Interior work for the proposed Office premises",chittorgarh,11,chittorgarh,0,0,0,0,0.03,24.59,24.75,49.37,,100,73.57,51,False,4000,204000,14.6,2,4,3.5,2,3,4,2,3,3,1,2,2,2,3.5,3.5,2,5,7,0,0,0,3,6,8,1,1,3,50.00,28.57,0.00,4,2,Mar 2025,3,sharescart,sharescart,,sharescart
INE0WL901019,Vijaypd Ceutical Ltd.,SME,VIJAYPD,,2025-09-29,2025-10-01,2025-10-07,35.00,19.25,Fixed Price,NSE SME,Smart Horizon Capital,2025,Shreni Shares Ltd.,chittorgarh,18,chittorgarh,1.00,chittorgarh,5.3,chittorgarh,,,35.00,chittorgarh,36.75,chittorgarh,35.00,chittorgarh,35.90,chittorgarh,"Funding of capital expenditure requirements of the company towards the construction of Pharmaceutical API/ Intermediates and Chemicals manufacturing plant and purchase of machineries in MIDC – Shrirampur, Ahmednagar, Maharashtra | Repayment/prepayment of all or certain of the borrowings availed of by the Company | General corporate purposes",chittorgarh,19,chittorgarh,0,0,0,0,0.00,17.95,8.12,26.07,,78.3,56.25,35,False,8000,280000,9.2,5,107,3.8,,,107,,,9,,,5,,,3.4,,,32,,,0,,,57,,,-8,4.67,15.62,0.00,107,5,Mar 2025,1,sharescart,sharescart,,sharescart
INE0R8Q01018,Om Metallogic Ltd.,SME,,544559,2025-09-29,2025-10-01,2025-10-07,86.00,22.35,Fixed Price,BSE SME,Corporate Makers,2025,Prabhat Financial Services Ltd.,chittorgarh,21,chittorgarh,1.00,chittorgarh,4.5,chittorgarh,,,85.00,chittorgarh,85.00,chittorgarh,85.00,chittorgarh,85.00,chittorgarh,"To finance the Modernization and expansion of existing manufacturing unit | To part finance the requirement of Working Capital | Repayment/pre-payment, in full or in part, of certain borrowings availed by the Company | To meet General corporate purposes",chittorgarh,22,chittorgarh,0,0,0,0,0.00,5.50,26.83,32.34,,88.51,59.26,86,False,3200,275200,11,4,60,7.8,38,39,60,3,4,7,1,2,4,2.3,4.2,7.8,5,8,12,2,2,2,23,25,31,1,1,2,6.67,33.33,0.17,60,4,Mar 2025,3,sharescart,sharescart,,sharescart
INE0RYR01018,Suba Hotels Ltd.,SME,SUBAHOTELS,,2025-09-29,2025-10-01,2025-10-07,111.00,75.47,Bookbuilding,NSE SME,Unistone Capital,2025,NNM Securities Pvt.Ltd.,chittorgarh,72,chittorgarh,3.00,chittorgarh,4.0,chittorgarh,21.29,chittorgarh,154.20,chittorgarh,161.90,chittorgarh,154.20,chittorgarh,161.90,chittorgarh,Funding Capital Expenditure Requirements towards upgradation and last-mile funding of hotel premises | General Corporate Purposes,chittorgarh,75,chittorgarh,0,0,0,0,301.86,245.59,228.84,776.29,6.31,84.69,,105,True,2400,266400,12.8,15,79,8.7,35,52,79,9,14,24,3,9,15,3.4,5.1,8.7,23,32,48,4,11,11,85,100,123,10,11,4,18.99,31.25,0.23,79,15,Mar 2025,3,sharescart,sharescart,ipowatch,
INE0SPJ01011,Dhillon Freight Carrier Ltd.,SME,,544556,2025-09-29,2025-10-01,2025-10-07,72.00,10.08,Fixed Price,BSE SME,Finshore Management,2025,Anant Securities,chittorgarh,10,chittorgarh,0.00,chittorgarh,0.0,chittorgarh,,,57.60,chittorgarh,57.60,chittorgarh,54.72,chittorgarh,54.72,chittorgarh,Purchase of Goods Transportation Vehicles and its Fabrication | General Corporate Expenses,chittorgarh,10,chittorgarh,,0.96,4.87,2.91,,,,,16.67,,,,,,,,,,,,,,,,,,,,,,,,,,,,,,,,,,,,,,,,,,ipowatch,,ipowatch,
INE0SUM01015,DSM Fresh Foods Ltd.,SME,,544568,2025-09-26,2025-10-06,2025-10-09,100.00,59.06,Bookbuilding,BSE SME,Narnolia Financial,2025,Alacrity Securities Ltd.,chittorgarh,56,chittorgarh,3.00,chittorgarh,5.1,chittorgarh,16.67,chittorgarh,120.00,chittorgarh,126.00,chittorgarh,120.00,chittorgarh,126.00,chittorgarh,Capital Expenditure Requirement | Marketing Expenditure | Working Capital Requirement | Unidentified Acquistion and General Corporate Purposes,chittorgarh,59,chittorgarh,1.5,1.8,1,1.3,17.05,20.59,18.79,56.44,3.0,38.24,28.11,95,True,2400,240000,18.2,9,131,5.5,56,90,131,3,10,17,3,5,9,2.7,4.3,5.5,17,38,49,0,2,11,12,43,79,-2,-13,-17,6.87,18.37,0.22,131,9,Mar 2025,3,sharescart,sharescart,ipowatch,sharescart
INE163701019,KVS Castings Ltd.,SME,,544554,2025-09-26,2025-09-30,2025-10-06,56.00,27.83,Bookbuilding,BSE SME,Narnolia Financial,2025,Prabhat Financial Services Ltd.,chittorgarh,26,chittorgarh,2.00,chittorgarh,7.1,chittorgarh,7.90,chittorgarh,66.30,chittorgarh,69.61,chittorgarh,66.30,chittorgarh,69.61,chittorgarh,Capital Expenditures | General Corporate Purposes,chittorgarh,28,chittorgarh,6,4,2.6,3.9,31.79,21.32,24.15,77.26,5.36,96.55,70.96,53,True,4000,224000,11.7,7,50,4.8,57,54,50,8,9,10,5,6,7,3.6,4.5,4.8,20,26,34,3,0,0,32,31,48,3,5,11,14.00,20.59,0.00,50,7,Mar 2025,3,sharescart,sharescart,ipowatch,sharescart
INE0S5T01017,Rukmani Devi Garg Agro Impex Ltd.,SME,,544552,2025-09-26,2025-09-30,2025-10-06,99.00,23.52,Bookbuilding,BSE SME,Fedex Securities,2025,Sunflower Broking Pvt.Ltd.,chittorgarh,22,chittorgarh,2.00,chittorgarh,8.3,chittorgarh,,,79.20,chittorgarh,79.20,chittorgarh,75.24,chittorgarh,77.13,chittorgarh,Funding the working capital requirements | General Corporate Purposes,chittorgarh,24,chittorgarh,8.2,57.2,39.8,28.2,91.99,259.58,311.23,662.80,36.36,100,73.23,93,True,2400,237600,8.5,8,327,11.7,248,244,327,4,9,13,0,5,8,0.7,7.7,11.6,20,25,32,5,3,2,46,56,112,-2,-7,-20,2.45,25.00,0.06,327,8,Mar 2025,3,sharescart,sharescart,investorgain,sharescart
INE1PJP01015,M P K Steels (I) Ltd.,SME,,544553,2025-09-26,2025-09-30,2025-10-06,79.00,25.74,Bookbuilding,BSE SME,Gretex Corporate,2025,Gretex Share Broking Pvt.Ltd.,chittorgarh,24,chittorgarh,2.00,chittorgarh,7.7,chittorgarh,,,80.00,chittorgarh,84.00,chittorgarh,80.00,chittorgarh,83.50,chittorgarh,Capital Expenditure towards purchase of Machinery and Dies | Capital Expenditure towards installation of Solar Plant | To meet Working Capital Requirements | General Corporate Purposes,chittorgarh,26,chittorgarh,19.9,0.7,0.6,1.5,23.70,6.08,9.23,39.01,,97.82,66.52,75,True,3200,252800,9.1,6,207,8.7,138,187,207,3,6,10,2,3,6,2.6,4.5,8.7,15,18,24,4,6,11,43,55,62,-4,2,-14,2.90,25.00,0.46,207,6,Mar 2025,3,sharescart,sharescart,,sharescart
INE14QA01016,Ameenji Rubber Ltd.,SME,,544555,2025-09-26,2025-09-30,2025-10-06,100.00,30.00,Bookbuilding,BSE SME,Hem Securities,2025,Hem Finlease Pvt.Ltd.,chittorgarh,28,chittorgarh,2.00,chittorgarh,6.7,chittorgarh,8.52,chittorgarh,101.00,chittorgarh,106.05,chittorgarh,96.05,chittorgarh,106.05,chittorgarh,"Funding of Capital Expenditure towards Modernization of Existing Machinery and Procurement of New Machinery for new product Line-Conveyor Belting Unit. | Repayment and/or pre-payment, in full or part, of certain borrowings availed by the Company | General Corporate Purpose",chittorgarh,30,chittorgarh,3.8,2.3,1.1,2.1,21.58,13.24,10.78,45.59,,92.24,67.71,95,True,2400,240000,10.3,8,94,9.7,,83,94,,13,19,,5,8,,5.5,9.7,,14,22,,18,26,,76,103,,-3,8,8.51,36.36,1.18,94,8,Mar 2025,2,sharescart,sharescart,,sharescart
INE0U4H01011,Manas Polymers & Energies Ltd.,SME,MPEL,,2025-09-26,2025-09-30,2025-10-06,81.00,23.52,Bookbuilding,NSE SME,Expert Global,2025,,,22,chittorgarh,2.00,chittorgarh,8.3,chittorgarh,,,153.90,chittorgarh,153.90,chittorgarh,146.20,chittorgarh,146.20,chittorgarh,Funding of capital expenditure requirements towards setting up of Solar Power Plant | Funding of capital expenditure requirements towards purchase of Fixed Assets | General corporate purposes,chittorgarh,24,chittorgarh,0,0,0,0,15.02,11.08,2.77,28.87,3.7,99.95,62.6,76,True,3200,259200,9.2,4,32,8.8,,5,32,,1,7,,1,4,,1.5,8.8,,6,10,,5,1,,21,30,,-2,7,12.50,40.00,0.10,32,4,Mar 2025,2,sharescart,sharescart,investorgain,sharescart
INE18PB01017,Bhavik Enterprises Ltd.,SME,,544551,2025-09-25,2025-09-30,2025-10-06,140.00,77.00,Fixed Price,BSE SME,Smart Horizon Capital,2025,Shreni Shares Ltd.,chittorgarh,59,chittorgarh,14,chittorgarh,18.2,chittorgarh,,,143.00,chittorgarh,150.15,chittorgarh,143.00,chittorgarh,145.30,chittorgarh,Funding Working Capital Requirements of the Company | General corporate purposes,chittorgarh,77,chittorgarh,0,0,0,0,,,,,,99.99,72.98,,False,2000,0,,6,527,3.6,487,494,527,21,11,8,16,8,6,9.8,5,3.6,84,92,98,0,0,0,157,137,173,14,-3,-33,1.14,6.12,0.00,527,6,Mar 2025,3,sharescart,sharescart,,sharescart
INE1B4801017,Chatterbox Technologies Ltd.,SME,,544546,2025-09-25,2025-09-29,2025-10-03,115.00,42.86,Bookbuilding,BSE SME,Expert Global,2025,Prabhat Financial Services Ltd.,chittorgarh,41,chittorgarh,2.00,chittorgarh,4.7,chittorgarh,12.19,chittorgarh,135.00,chittorgarh,136.00,chittorgarh,128.25,chittorgarh,129.00,chittorgarh,Funding Capital expenditure for Existing business | Funding Capital expenditure for setting up an additional office cum setting up a new studio | Funding Capital expenditure for Brand Building of the own Company | Meeting the incremental working capital requirements of the company | General Corporate Purposes,chittorgarh,43,chittorgarh,38.2,61.2,46.9,48.5,310.50,506.49,669.55,1486.54,33.04,82,60.39,110,True,2400,276000,13.5,9,59,8.5,40,55,59,1,12,12,1,9,9,1.2,8.2,8.5,8,17,26,0,0,0,17,24,40,-2,4,3,15.25,34.62,0.00,59,9,Mar 2025,3,sharescart,sharescart,ipowatch,sharescart
INE0SIK01014,Gujarat Peanut & Agri Products Ltd.,SME,,544548,2025-09-25,2025-09-29,2025-10-03,80.00,23.81,Fixed Price,BSE SME,Finshore Management,2025,Anant Securities,chittorgarh,23,chittorgarh,1.00,chittorgarh,4.2,chittorgarh,,,64.00,chittorgarh,67.20,chittorgarh,61.10,chittorgarh,67.20,chittorgarh,Funding Capital Expenditure towards purchase of additional plant and machinery. | To meet the Working Capital Requirements. | General Corporate Purposes.,chittorgarh,24,chittorgarh,0,0,0,0,,,,,68.75,98.09,71,,False,3200,0,,6,363,9.1,148,297,363,3,8,13,1,4,6,1.2,5.6,8.9,6,11,19,7,11,0,31,73,127,0,-26,7,1.65,31.58,0.00,363,6,Mar 2025,3,sharescart,sharescart,investorgain,sharescart
INE1A8F01035,Earkart Ltd.,SME,,544549,2025-09-25,2025-09-29,2025-10-03,135.00,49.26,Fixed Price,BSE SME,Sarthi Capital Advisors,2025,Rikhav Securities Ltd.,chittorgarh,42,chittorgarh,5,chittorgarh,10.2,chittorgarh,,,135.50,chittorgarh,142.25,chittorgarh,135.50,chittorgarh,142.25,chittorgarh,Funding incremental working capital requirements of our Company | Funding capital expenditure requirements for setting of Shop in Shop (SIS) Business Model in ENT/Ophthalmic Clinics across India and Setting up of Infrastructure for operational activities | General Corporate Purposes,chittorgarh,49,chittorgarh,0,0,0,0,,,,,,78.75,57.34,,False,2000,0,,7,43,6.4,29,32,43,2,4,10,1,3,7,1.7,4.1,6.4,7,13,20,0,0,0,15,19,30,-0,-1,1,16.28,35.00,0.00,43,7,Mar 2025,3,sharescart,sharescart,,sharescart
INE0SRP01014,Telge Projects Ltd.,SME,,544544,2025-09-25,2025-09-29,2025-10-03,105.00,27.24,Bookbuilding,BSE SME,Smart Horizon Capital,2025,Shreni Shares Ltd.,chittorgarh,26,chittorgarh,1.00,chittorgarh,3.7,chittorgarh,7.70,chittorgarh,108.10,chittorgarh,112.00,chittorgarh,108.10,chittorgarh,110.45,chittorgarh,"Funding of Capital expenditure towards purchase of additional office premises at Pune, Maharashtra; | Funding of capital expenditure requirements towards Purchase of computers, laptops, other related accessories and Purchase of software subscriptions; | Hiring of Manpower in the Company | Investment in subsidiary for hiring Manpower in Telge Projects Inc | General Corporate Purpose",chittorgarh,27,chittorgarh,5.4,2.3,1.7,2.9,27.97,12.12,15.78,55.87,,97.28,71.5,95,True,2400,252000,13.8,5,25,7.6,,12,25,,4,9,,3,5,,3.7,7.2,,5,11,,1,6,,10,26,,3,3,20.00,45.45,0.55,25,5,Mar 2025,2,sharescart,sharescart,,sharescart
INE0TI501017,Praruh Technologies Ltd.,SME,,544538,2025-09-24,2025-09-26,2025-10-01,63.00,23.50,Bookbuilding,BSE SME,Corporate Makers,2025,SMP Securities Ltd.,chittorgarh,22,chittorgarh,1.00,chittorgarh,4.3,chittorgarh,6.69,chittorgarh,63.00,chittorgarh,64.90,chittorgarh,63.00,chittorgarh,64.25,chittorgarh,Repayment of Certain Borrowings | Unidentified acquisitions in India | Funding of Working Capital Requirement of the company | General corporate purposes,chittorgarh,23,chittorgarh,1,1.8,0.9,1.2,4.51,8.37,7.26,20.13,6.35,100,73.22,60,True,4000,252000,9.4,7,62,6.7,28,61,62,3,11,12,2,6,7,2.1,6.4,6.7,5,11,18,0,5,4,18,40,57,1,3,4,11.29,38.89,0.22,62,7,Mar 2025,3,sharescart,sharescart,ipowatch,sharescart
INE1CCX01012,Gurunanak Agriculture India Ltd.,SME,GURUNANAK,,2025-09-24,2025-09-26,2025-10-01,75.00,28.80,Fixed Price,NSE SME,Finshore Management,2025,Anant Securities,chittorgarh,27,chittorgarh,2.00,chittorgarh,6.9,chittorgarh,,,60.00,chittorgarh,60.00,chittorgarh,57.00,chittorgarh,57.00,chittorgarh,Funding Capital Expenditure towards setting up Harvester Manufacturing Unit | Working Capital Requirements | Issue Related Expenses | General Corporate Expenses,chittorgarh,29,chittorgarh,0,0,0,0,,,,,,99.99,68,,False,3200,0,,6,44,7.4,39,44,44,3,6,10,1,2,6,0.7,3,7.4,4,6,12,3,3,2,18,22,20,6,1,2,13.64,50.00,0.17,44,6,Mar 2025,3,sharescart,sharescart,,sharescart
INE0W5Q01017,Justo Realfintech Ltd.,SME,,544542,2025-09-24,2025-09-26,2025-10-01,127.00,63.00,Bookbuilding,BSE SME,Vivro Financial,2025,Rikhav Securities Ltd.,chittorgarh,60,chittorgarh,3.00,chittorgarh,4.8,chittorgarh,17.91,chittorgarh,126.90,chittorgarh,127.00,chittorgarh,121.10,chittorgarh,126.75,chittorgarh,Utilization towards working capital requirements of the Company | Funding investment in IT infrastructure and development of technological platform | Repayment of a portion of certain outstanding borrowings availed by the Company | General Corporate Purposes,chittorgarh,63,chittorgarh,7.2,5.3,2.1,4.3,86.30,64.44,44.02,194.75,16.54,51.87,38.18,120,True,2000,254000,10.9,15,81,11.7,70,59,81,23,11,22,15,7,15,13.7,6,11,20,27,52,2,2,4,33,42,76,1,5,-9,18.52,28.85,0.08,81,15,Mar 2025,3,sharescart,sharescart,ipowatch,sharescart
INE1KLZ01011,Systematic Industries Ltd.,SME,,544541,2025-09-24,2025-09-26,2025-10-01,195.00,115.60,Bookbuilding,BSE SME,Hem Securities,2025,Hem Finlease Pvt.Ltd.,chittorgarh,102,chittorgarh,8,chittorgarh,6.9,chittorgarh,32.91,chittorgarh,193.80,chittorgarh,199.00,chittorgarh,186.00,chittorgarh,196.45,chittorgarh,"Repayment and/or pre-payment, in full or part, of borrowing availed by the Company | General Corporate Purpose",chittorgarh,116,chittorgarh,9.9,6.1,3.4,5.8,216.25,136.50,129.14,481.90,5.13,99.95,73.41,185,True,1200,234000,9.7,18,447,20.1,320,370,447,15,27,37,6,12,18,5.6,7.4,10.7,50,62,81,17,21,26,130,162,200,-7,15,9,4.03,22.22,0.32,447,18,Mar 2025,3,sharescart,sharescart,ipowatch,sharescart
INE0SLP01017,NSB BPO Solutions Ltd.,SME,,544571,2025-09-23,2025-10-07,2025-10-10,121.00,64.13,Bookbuilding,BSE SME,Inventure Merchant Banker,2025,Alacrity Securities Ltd.,chittorgarh,61,chittorgarh,3.00,chittorgarh,4.7,chittorgarh,,,121.45,chittorgarh,127.50,chittorgarh,121.15,chittorgarh,121.30,chittorgarh,"Re-payment/pre-payment, in full or in part, of certain borrowings availed by the Company | Funding Capital expenditure for new project | Additional Working Capital requirements for the existing business | Long-Term Working Capital requirements for the new project",chittorgarh,64,chittorgarh,25.5,0.8,0.2,0.8,18.91,31.07,7.20,57.18,,45.78,33.63,121,True,2000,280000,18.7,9,138,7.5,285,128,138,12,13,19,2,5,9,4.2,5.7,7.5,102,106,140,17,7,4,208,146,173,28,9,-7,6.52,6.43,0.03,138,9,Mar 2025,3,sharescart,sharescart,,sharescart
INE0VBS01016,Ecoline Exim Ltd.,SME,ECOLINE,,2025-09-23,2025-09-25,2025-09-30,141.00,76.42,Bookbuilding,NSE SME,Hem Securities,2025,Hem Finlease Pvt.Ltd.,chittorgarh,57,chittorgarh,15,chittorgarh,19.7,chittorgarh,21.76,chittorgarh,140.85,chittorgarh,141.00,chittorgarh,133.80,chittorgarh,140.50,chittorgarh,"Funding the capital expenditure towards construction of building, mechanical and electrical works and procurement of plant and machinery for setting up a new manufacturing facility at Ahmedabad (“Proposed Factory V”) | General Corporate Purpose.",chittorgarh,76,chittorgarh,0,0,0,0,138.11,62.76,111.02,311.89,3.55,100,73.58,134,True,2000,282000,12.2,19,269,11.6,304,272,269,30,34,30,17,22,19,10.7,13.5,11.6,48,70,88,8,3,0,103,126,146,9,19,-5,7.06,21.59,0.00,269,19,Mar 2025,3,sharescart,sharescart,ipowatch,sharescart
INE132901013,Matrix Geo Solutions Ltd.,SME,MGSL,,2025-09-23,2025-09-25,2025-09-30,104.00,40.20,Bookbuilding,NSE SME,Narnolia Financial,2025,Prabhat Financial Services Ltd.,chittorgarh,38,chittorgarh,2.00,chittorgarh,5.0,chittorgarh,11.34,chittorgarh,103.90,chittorgarh,103.90,chittorgarh,98.70,chittorgarh,99.15,chittorgarh,Purchase of New drones | Purchase of Survey Equipment and Technologies | Capital expenditure | Funding the Working Capital requirement | General Corporate Purposes,chittorgarh,40,chittorgarh,0,0,0,0,95.01,53.02,58.91,206.93,9.62,91.52,67.26,98,True,2400,249600,18.2,6,22,5.7,9,14,22,2,5,8,1,3,6,1.1,3.3,5.5,8,11,22,2,2,2,14,16,30,0,2,2,27.27,27.27,0.09,22,6,Mar 2025,3,sharescart,sharescart,ipowatch,sharescart
INE1LDV01015,True Colors Ltd.,SME,,544531,2025-09-23,2025-09-25,2025-09-30,191.00,127.96,Bookbuilding,BSE SME,GYR Capital,2025,Giriraj Stock Broking Pvt.Ltd.,chittorgarh,102,chittorgarh,19,chittorgarh,14.8,chittorgarh,36.40,chittorgarh,191.00,chittorgarh,191.00,chittorgarh,181.45,chittorgarh,183.05,chittorgarh,Funding working capital requirements of the company | Repayment/prepayment of all or certain of our borrowings availed of by the Company | General corporate purposes,chittorgarh,128,chittorgarh,43.4,37.7,44.5,42.4,1053.62,931.56,1893.21,3878.40,18.32,94.86,68.87,181,True,1200,229200,13.8,25,234,13.8,81,160,234,6,15,42,4,8,25,4.4,9.2,13,6,15,55,10,23,23,46,106,155,-20,9,6,10.68,45.45,0.42,234,25,Mar 2025,3,sharescart,sharescart,ipowatch,sharescart
INE15XJ01010,Aptus Pharma Ltd.,SME,,544529,2025-09-23,2025-09-25,2025-09-30,70.00,13.02,Bookbuilding,BSE SME,Interactive Financial,2025,Market-Hub Stock Broking Pvt.Ltd.,chittorgarh,12,chittorgarh,1.00,chittorgarh,7.7,chittorgarh,3.70,chittorgarh,80.80,chittorgarh,84.84,chittorgarh,80.80,chittorgarh,84.84,chittorgarh,Capital Expenditure for Office Premises with furniture and Industrial Racks | Working Capital | General corporate purposes,chittorgarh,13,chittorgarh,1.2,21.5,31.5,20.8,3.05,54.19,136.64,193.89,10.0,100,72.88,65,True,4000,280000,10.9,3,25,6.4,14,18,25,1,2,5,0,1,3,0.5,2.1,0.5,1,2,7,2,4,3,6,10,22,-0,-2,-2,12.00,42.86,0.43,25,3,Mar 2025,3,sharescart,sharescart,ipowatch,sharescart
INE0QMV01017,BharatRohan Airborne Innovations Ltd.,SME,,544535,2025-09-23,2025-09-25,2025-09-30,85.00,45.04,Bookbuilding,BSE SME,Smart Horizon Capital,2025,Rikhav Securities Ltd.,chittorgarh,43,chittorgarh,2.00,chittorgarh,4.4,chittorgarh,12.54,chittorgarh,90.00,chittorgarh,94.50,chittorgarh,90.00,chittorgarh,91.99,chittorgarh,Funding of Capital Expenditure requirements for purchase of new Equipment by the Company | Purchase of Commercial Vehicle | Funding Working Capital Requirement of the Company; | General Corporate Purpose,chittorgarh,45,chittorgarh,8.3,12.1,8.5,9.5,70.04,106.75,130.40,307.18,5.88,54.86,40.26,80,True,3200,272000,15.5,8,28,5.5,,19,28,,6,8,,5,8,,4,5.2,,15,37,,2,0,,20,41,,-8,-4,28.57,21.62,0.00,28,8,Mar 2025,2,sharescart,sharescart,investorgain,sharescart
INE1IIQ01028,Solvex Edibles Ltd.,SME,,544539,2025-09-22,2025-09-26,2025-10-01,72.00,18.87,Fixed Price,BSE SME,Corporate Makers,2025,JSK Securities & Services Pvt.Ltd.,chittorgarh,18,chittorgarh,1.00,chittorgarh,5.3,chittorgarh,,,68.00,chittorgarh,68.00,chittorgarh,64.60,chittorgarh,64.60,chittorgarh,"To finance the Capital expenditure towards acquisition of new Plant and Machinery at existing plant of the Company | Repayment in full or in part, of certain of the outstanding borrowings | To meet General corporate purposes",chittorgarh,19,chittorgarh,0,0,0,0,,,,,,100,70.72,,False,3200,0,,4,135,6.3,,72,135,,3,13,,1,4,,1.7,6.5,,14,20,,24,18,,89,92,,-8,1,2.96,20.00,0.90,135,4,Mar 2025,2,sharescart,sharescart,,sharescart
INE0CQA01020,Prime Cable Industries Ltd.,SME,PRIMECAB,,2025-09-22,2025-09-24,2025-09-29,83.00,40.04,Bookbuilding,NSE SME,Indorient Financial,2025,Alacrity Securities Ltd.,chittorgarh,33,chittorgarh,5,chittorgarh,12.5,chittorgarh,11.39,chittorgarh,81.00,chittorgarh,81.00,chittorgarh,76.95,chittorgarh,78.30,chittorgarh,Capital Expenditure toward of the civil construction and purchase of the plant and machinery | Repayment of the Term loan of the certain debt Facilities | Working Capital Requirement | General Corporate Purposes,chittorgarh,40,chittorgarh,0,0,0,0,75.27,55.56,91.66,222.49,2.41,92.92,68.23,78,True,3200,265600,15.1,8,141,5.5,74,83,141,3,5,15,0,2,8,0.1,1.3,5.5,5,7,15,6,13,14,39,49,92,-1,1,3,5.67,53.33,0.93,141,8,Mar 2025,3,sharescart,sharescart,ipowatch,sharescart
INE0SVO01019,Siddhi Cotspin Ltd.,SME,SIDDHICOTS,,2025-09-19,2025-09-23,2025-09-26,108.00,69.85,Bookbuilding,NSE SME,Swastika Investmart,2025,Jevin Stock Broker Pvt.Ltd.,chittorgarh,50,chittorgarh,16,chittorgarh,22.9,chittorgarh,,,86.40,chittorgarh,86.40,chittorgarh,82.10,chittorgarh,82.10,chittorgarh,Funding the working capital requirements of our Company | Repayment or prepayment of all or a portion of certain outstanding borrowings | General Corporate Purposes,chittorgarh,70,chittorgarh,0,0,0,0,116.34,89.16,62.67,268.18,,85.57,,102,True,2400,259200,16.1,13,725,6.7,199,581,725,26,35,33,6,12,13,3.3,6.3,6.7,54,66,79,69,39,23,184,181,183,28,19,29,1.79,16.46,0.29,725,13,Mar 2025,3,sharescart,sharescart,,
INE14VP01014,JD Cables Ltd.,SME,,544524,2025-09-18,2025-09-22,2025-09-25,152.00,95.99,Bookbuilding,BSE SME,GYR Capital,2025,Giriraj Stock Broking Pvt.Ltd.,chittorgarh,80,chittorgarh,12,chittorgarh,12.5,chittorgarh,27.06,chittorgarh,160.00,chittorgarh,160.00,chittorgarh,152.00,chittorgarh,157.90,chittorgarh,Funding working capital requirements of our company; | Repayment/prepayment of all or certain of our borrowings availed of by our Company | General corporate purposes,chittorgarh,96,chittorgarh,125.4,133.3,106.9,118.9,2283.49,2485.63,3430.21,8199.33,13.82,97.35,70,144,True,1600,243200,0,22,251,4405,41,101,251,1,7,34,0,5,22,0.3,2.8,13.3,1,8,30,0,0,1,18,45,115,1,-13,-18,8.76,73.33,0.03,251,22,Mar 2025,3,sharescart,sharescart,ipowatch,sharescart
INE10XS01012,Sampat Aluminium Ltd.,SME,,544520,2025-09-17,2025-09-19,2025-09-24,120.00,30.53,Bookbuilding,BSE SME,Marwadi Chandarana Intermediaries,2025,Globalworth Securities Ltd.,chittorgarh,29,chittorgarh,2.00,chittorgarh,6.5,chittorgarh,8.51,chittorgarh,120.00,chittorgarh,120.00,chittorgarh,114.00,chittorgarh,115.15,chittorgarh,"Setting up a new manufacturing facility located at Borisana, Mehsana in Gujarat (“Proposed facility | General Corporate Purposes",chittorgarh,31,chittorgarh,87,201.4,161.9,153.8,496.24,1267.46,1622.65,3386.35,15.0,90.96,63.67,114,True,2400,288000,10.2,7,133,11.8,129,147,133,3,10,12,1,6,7,2.6,11.8,11.7,4,13,22,8,12,9,37,52,70,-6,-3,-3,5.26,31.82,0.41,133,7,Mar 2025,3,sharescart,sharescart,ipowatch,sharescart
INE0Y5H01014,TechD Cybersecurity Ltd.,SME,TECHD,,2025-09-15,2025-09-17,2025-09-22,193.00,38.99,Bookbuilding,NSE SME,GYR Capital,2025,Giriraj Stock Broking Pvt.Ltd.,chittorgarh,37,chittorgarh,2.00,chittorgarh,5.1,chittorgarh,11.09,chittorgarh,366.70,chittorgarh,385.00,chittorgarh,366.70,chittorgarh,385.00,chittorgarh,Investment in Human resources | Capital Expenditure for setting up Global Security Operation Centre (GSOC) at Ahmedabad | General Corporate Purpose,chittorgarh,39,chittorgarh,0,0,0,0,2106.05,7111.31,9416.72,18634.08,51.81,86.61,63.22,183,True,1200,231600,11.8,8,30,16.4,8,15,30,1,5,12,1,3,8,2,6.8,15.4,2,5,22,1,0,0,7,9,29,0,-1,-2,26.67,36.36,0.00,30,8,Mar 2025,3,sharescart,sharescart,ipowatch,sharescart
INE0TJ801010,L.T.Elevator Ltd.,SME,,544518,2025-09-12,2025-09-16,2025-09-19,78.00,39.37,Bookbuilding,BSE SME,Horizon Management,2025,Rainbow Securities Pvt.Ltd.,chittorgarh,37,chittorgarh,2.00,chittorgarh,5.1,chittorgarh,11.21,chittorgarh,136.10,chittorgarh,142.90,chittorgarh,131.15,chittorgarh,142.90,chittorgarh,"Working Capital Requirements | Investment in subsidiary Park Smart Solutions Limited, for funding of its working capital requirement | General corporate purposes",chittorgarh,39,chittorgarh,95.1,263.9,158.9,170.2,712.08,2002.19,2080.19,4794.47,57.69,85.14,62.71,76,True,3200,249600,11.8,7,55,6.6,34,40,55,4,7,13,1,3,7,1.4,3.4,3.3,8,11,45,3,1,1,42,42,87,3,-3,0,12.73,15.56,0.02,55,7,Mar 2025,3,sharescart,sharescart,investorgain,sharescart
INE0XBS01012,Airfloa Rail Technology Ltd.,SME,,544516,2025-09-11,2025-09-15,2025-09-18,140.00,91.10,Bookbuilding,BSE SME,GYR Capital,2025,Giriraj Stock Broking Pvt.Ltd.,chittorgarh,87,chittorgarh,4.00,chittorgarh,4.4,chittorgarh,25.93,chittorgarh,266.00,chittorgarh,279.30,chittorgarh,266.00,chittorgarh,279.30,chittorgarh,Capital expenditure towards purchase of machinery and equipmen | Repayment of a portion of certain outstanding borrowing availed by the company | Funding working capital requirements | General corporate purposes,chittorgarh,91,chittorgarh,214.7,259.4,331.5,281,3711.30,4561.58,10042.62,18315.50,125.0,74.4,54.2,133,True,2000,280000,9,26,192,15.6,,,192,,,49,,,26,,,14.6,,,111,,,1,,,257,,,-4,13.54,23.42,0.01,192,26,Mar 2025,1,sharescart,sharescart,investorgain,sharescart
INE09A801015,Galaxy Medicare Ltd.,SME,GML,,2025-09-10,2025-09-12,2025-09-17,54.00,22.31,Bookbuilding,NSE SME,Affinity Global,2025,Prabhat Financial Services Ltd.,chittorgarh,17,chittorgarh,4,chittorgarh,18.2,chittorgarh,,,54.00,chittorgarh,54.00,chittorgarh,51.30,chittorgarh,51.30,chittorgarh,". Funding Capital Expenditure requirement towards purchase of machinery for the existing manufacturing facility at Bhubaneshwar, Odisha | Funding the working capital requirements | General Corporate Purposes | To meet the offer related expenses",chittorgarh,22,chittorgarh,0,0,0,0,0.43,13.36,26.16,39.95,1.85,99.57,72.43,51,True,4000,216000,19.3,3,39,2.8,31,36,39,3,6,6,2,4,3,1.3,3.1,2.8,18,21,24,3,2,0,32,32,31,4,3,4,7.69,12.50,0.00,39,3,Mar 2025,3,sharescart,sharescart,ipowatch,sharescart
INE1DRH01011,Jay Ambe Supermarkets Ltd.,SME,,544514,2025-09-10,2025-09-12,2025-09-17,78.00,18.45,Bookbuilding,BSE SME,Beeline Capital,2025,Spread X Securities Pvt.Ltd.,chittorgarh,18,chittorgarh,0.00,chittorgarh,0.0,chittorgarh,5.24,chittorgarh,79.00,chittorgarh,82.95,chittorgarh,79.00,chittorgarh,82.95,chittorgarh,"Purchase of existing store of the company located at Nana Chiloda, Ahmedabad | Purchase of fit-outs for Three (3) new stores | To Meet Working Capital Requirements | General Corporate Purposes",chittorgarh,18,chittorgarh,16.8,81.9,71.7,59.8,58.89,291.25,439.94,790.08,12.82,71.51,52.46,74,True,3200,249600,17.3,3,47,4.5,33,33,47,1,3,5,0,2,3,0.7,2.6,4.2,3,8,14,0,0,0,17,22,27,-3,-2,-3,6.38,21.43,0.00,47,3,Mar 2025,3,sharescart,sharescart,ipowatch,sharescart
INE0XWS01018,Taurian MPS Ltd.,SME,TAURIAN,,2025-09-09,2025-09-11,2025-09-16,171.00,42.53,Bookbuilding,NSE SME,Gretex Corporate,2025,Gretex Share Broking Pvt.Ltd. NNM Securities Pvt.Ltd.,chittorgarh,37,chittorgarh,6.00,chittorgarh,14.0,chittorgarh,11.20,chittorgarh,210.00,chittorgarh,220.50,chittorgarh,210.00,chittorgarh,220.50,chittorgarh,Acquisition of machineries and equipment’s at existing production facility | Acquisition of equipment’s to improve the Research and Development facilities to promote innovation | To meet Working Capital Requirements | General Corporate Purposes,chittorgarh,43,chittorgarh,0,0,0,0,118.67,103.02,89.93,311.63,8.77,88.61,63.79,162,True,1600,273600,11.3,9,74,15.1,11,38,74,2,15,15,0,11,9,0.4,18.9,14.8,8,19,34,2,0,0,29,39,73,-1,1,0,12.16,26.47,0.00,74,9,Mar 2025,3,sharescart,sharescart,ipowatch,sharescart
INE0V8A01016,Karbonsteel Engineering Ltd.,SME,,544511,2025-09-09,2025-09-11,2025-09-16,159.00,59.30,Bookbuilding,BSE SME,Seren Capital,2025,SS Corporate Securities Ltd. Rikhav Securities Ltd.,chittorgarh,45,chittorgarh,11,chittorgarh,18.6,chittorgarh,16.87,chittorgarh,185.10,chittorgarh,194.35,chittorgarh,185.10,chittorgarh,194.35,chittorgarh,Funding of capital expenditure towards expansion of existing Umbergaon facility through construction of new sheds | Repayment of a portion of certain borrowings availed by the Company | To meet the Working Capital requirements | General Corporate Purpose,chittorgarh,59,chittorgarh,121.6,63.8,46.9,71.3,1368.96,731.45,923.83,3024.24,9.43,72.17,51.78,151,True,1600,254400,12.4,14,273,12.8,156,218,273,17,27,39,5,9,14,5.1,8.8,12.8,29,44,60,22,19,16,144,176,233,13,6,5,5.13,23.33,0.27,273,14,Mar 2025,3,sharescart,sharescart,ipowatch,sharescart
INE346R01013,Nilachal Carbo Metalicks Ltd.,SME,,544510,2025-09-08,2025-09-11,2025-09-16,85.00,56.10,Fixed Price,BSE SME,Sun Capital,2025,NNM Securities Pvt.Ltd.,chittorgarh,19,chittorgarh,34,chittorgarh,60.7,chittorgarh,,,68.00,chittorgarh,71.40,chittorgarh,64.60,chittorgarh,71.40,chittorgarh,Funding Capital expenditure for installing One Coke Oven Plant for expansion of capacity. | Funding modernization of existing plant | General corporate purposes,chittorgarh,56,chittorgarh,0,0,0,0,,,,,,99.99,73.52,,False,3200,0,,14,202,6.3,266,265,202,22,25,27,15,16,14,6.6,7.1,6.3,48,64,78,7,6,4,93,114,123,-16,0,3,6.93,17.95,0.05,202,14,Mar 2025,3,sharescart,sharescart,,sharescart
INE0XZB01017,Krupalu Metals Ltd.,SME,,544509,2025-09-08,2025-09-11,2025-09-16,72.00,13.48,Fixed Price,BSE SME,Finshore Management,2025,Anant Securities,chittorgarh,13,chittorgarh,0.00,chittorgarh,0.0,chittorgarh,,,57.60,chittorgarh,60.48,chittorgarh,54.72,chittorgarh,60.48,chittorgarh,Funding Capital Expenditure towards purchase of additional plant and machinery | Working Capital Requirements | General Corporate Expenses | Total,chittorgarh,13,chittorgarh,0,0,0,0,,,,,,100,68.12,,False,3200,0,,2,48,5.4,34,37,48,1,3,4,0,2,2,1,3.9,5.4,3,4,6,3,2,1,15,19,20,1,-1,2,4.17,33.33,0.17,48,2,Mar 2025,3,sharescart,sharescart,,sharescart
INE0WRP01016,Vashishtha Luxury Fashion Ltd.,SME,,544508,2025-09-05,2025-09-10,2025-09-15,111.00,8.87,Bookbuilding,BSE SME,Expert Global,2025,Nirman Share Brokers Pvt.Ltd.,chittorgarh,8,chittorgarh,1.00,chittorgarh,11.1,chittorgarh,,,118.00,chittorgarh,123.00,chittorgarh,112.10,chittorgarh,121.75,chittorgarh,Funding capital expenditure requirement of the Company towards purchase of Embroidery Machines for expansion | Prepayment or repayment of all or a portion of certain outstanding borrowings availed by the company | General Corporate Purposes,chittorgarh,9,chittorgarh,1.3,2.3,2.2,2.1,1.07,7.73,9.99,18.78,5.41,100,66.08,109,True,2400,266400,10.2,2,11,10.9,,,11,,,3,,,2,,,9.8,,,5,,,0,,,8,,,-1,18.18,40.00,0.00,11,2,Mar 2025,1,sharescart,sharescart,ipowatch,sharescart
INE0UJF01018,Sharvaya Metals Ltd.,SME,,544506,2025-09-04,2025-09-09,2025-09-12,196.00,58.80,Bookbuilding,BSE SME,Expert Global,2025,Globalworth Securities Ltd.,chittorgarh,46,chittorgarh,10,chittorgarh,16.9,chittorgarh,16.72,chittorgarh,219.00,chittorgarh,219.00,chittorgarh,208.05,chittorgarh,208.05,chittorgarh,To meet the working capital requirements | To fund capital expenditure for Civil construction and electrification | To fund capital expenditure for purchase of Plant and Machinery | General corporate purposes,chittorgarh,59,chittorgarh,1.3,4.8,6.3,4.6,14.31,54.06,123.53,191.90,10.71,88.29,61.3,192,True,1200,235200,11.5,13,113,17.1,70,71,113,4,4,20,2,2,13,2.7,2.1,16.6,6,8,23,6,4,5,29,30,48,4,3,2,11.50,56.52,0.22,113,13,Mar 2025,3,sharescart,sharescart,ipowatch,sharescart
INE1DM601016,Vigor Plast India Ltd.,SME,VIGOR,,2025-09-04,2025-09-09,2025-09-12,81.00,25.10,Bookbuilding,NSE SME,Unistone Capital,2025,Alacrity Securities Ltd.,chittorgarh,19,chittorgarh,5,chittorgarh,20.0,chittorgarh,7.08,chittorgarh,85.00,chittorgarh,89.25,chittorgarh,85.00,chittorgarh,85.70,chittorgarh,"Repayment of certain secured borrowings availed by the Company | Funding capital expenditure towards the development and construction of new warehouse in Ahmedabad, Gujarat | General corporate purposes",chittorgarh,25,chittorgarh,0,0,0,0,18.83,26.67,20.84,66.34,,99.99,70.05,77,True,3200,259200,12.3,5,46,6.6,37,42,46,3,8,13,0,3,5,0.4,3.9,6.6,2,5,13,3,11,10,20,36,41,5,2,15,10.87,38.46,0.77,46,5,Mar 2025,3,sharescart,sharescart,,sharescart
INE104201012,Austere Systems Ltd.,SME,,544505,2025-09-03,2025-09-09,2025-09-12,55.00,15.57,Bookbuilding,BSE SME,GYR Capital,2025,Wiinance Financial Services Pvt.Ltd. SKI Capital Services Ltd.,chittorgarh,15,chittorgarh,1.00,chittorgarh,6.2,chittorgarh,4.40,chittorgarh,75.55,chittorgarh,79.32,chittorgarh,71.78,chittorgarh,79.32,chittorgarh,Funding the working capital requirements of the company | General Corporate Purposes,chittorgarh,16,chittorgarh,236.5,1594.6,1090.9,1001.8,697.19,4823.57,5664.10,11184.85,18.18,91.67,66.8,52,True,4000,220000,10.2,4,19,5.4,15,19,19,3,6,6,2,4,4,2.5,5.9,5.2,5,9,16,0,0,0,8,12,18,-0,3,1,21.05,25.00,0.00,19,4,Mar 2025,3,sharescart,sharescart,ipowatch,sharescart
INE15B101011,Optivalue Tek Consulting Ltd.,SME,OPTIVALUE,,2025-09-02,2025-09-04,2025-09-10,84.00,51.82,Bookbuilding,NSE SME,Share India Capital,2025,Choice Equity Broking Pvt.Ltd.,chittorgarh,49,chittorgarh,3.00,chittorgarh,5.8,chittorgarh,14.58,chittorgarh,103.60,chittorgarh,107.55,chittorgarh,101.70,chittorgarh,102.60,chittorgarh,To meet the expenses for development of new products | Capital expenditure towards upgrading the existing IT hardware and software for   the Company | Expenditure For Setup Of Branch Office at Bangalore | To meet the working capital requirements | General Corporate Purposes | Total,chittorgarh,52,chittorgarh,0,0,0,0,483.41,888.95,860.72,2233.08,17.86,87,64.07,80,True,3200,268800,11.4,12,56,7.4,39,37,56,5,8,17,3,5,12,1.8,3.7,7,12,18,32,7,2,1,23,29,47,3,7,-4,21.43,37.50,0.03,56,12,Mar 2025,3,sharescart,sharescart,ipowatch,sharescart
INE0ZOM01013,Goel Construction Co.Ltd.,SME,,544504,2025-09-02,2025-09-04,2025-09-09,263.00,100.15,Bookbuilding,BSE SME,Srujan Alpha Capital,2025,Choice Equity Broking Pvt.Ltd. Rikhav Securities Ltd.,chittorgarh,76,chittorgarh,19,chittorgarh,19.0,chittorgarh,27.93,chittorgarh,302.50,chittorgarh,317.60,chittorgarh,302.05,chittorgarh,317.60,chittorgarh,Capital expenditure towards purchase of additional equipments and fleets | Repayment / prepayment of certain outstanding borrowings availed by the company | General corporate purposes,chittorgarh,100,chittorgarh,124.2,165.9,88.5,115.8,2313.93,3155.04,2889.63,8360.56,22.05,97.7,91.33,250,True,800,210400,7.8,38,590,33.7,271,386,590,26,39,62,14,23,38,12.6,19.9,33.7,71,93,132,17,17,14,205,220,265,24,48,38,6.44,28.79,0.11,590,38,Mar 2025,3,sharescart,sharescart,ipowatch,sharescart
INE0ZN101029,Rachit Prints Ltd.,SME,,544503,2025-09-01,2025-09-03,2025-09-08,149.00,19.50,Bookbuilding,BSE SME,Khambatta Securities,2025,Prabhat Financial Services Ltd.,chittorgarh,19,chittorgarh,1.00,chittorgarh,5.0,chittorgarh,,,119.20,chittorgarh,119.20,chittorgarh,113.25,chittorgarh,113.25,chittorgarh,Working Capital Requirement | To fund the expansion plan of the Company i.e. Capital expenditure towards purchase of Plant and Machinery. | Partial Pre-payment of term loans to bank. | General Corporate Purpose,chittorgarh,20,chittorgarh,1,1.2,2.7,1.9,0.39,12.28,24.82,37.49,14.09,92.09,67.69,140,True,2000,298000,11.5,5,42,13,32,37,42,2,4,7,0,2,5,1,6.1,12.6,3,5,12,6,3,4,23,19,26,-1,9,0,11.90,41.67,0.33,42,5,Mar 2025,3,sharescart,sharescart,ipowatch,sharescart
INE0XX801016,Sugs Lloyd Ltd.,SME,,544501,2025-08-29,2025-09-02,2025-09-05,123.00,85.66,Bookbuilding,BSE SME,3Dimension Capital,2025,Aftertrade Broking Pvt.Ltd.,chittorgarh,81,chittorgarh,5.00,chittorgarh,5.8,chittorgarh,4.99,chittorgarh,119.90,chittorgarh,125.85,chittorgarh,116.50,chittorgarh,125.85,chittorgarh,To Meet Working Capital Requirement | General Corporate Purposes,chittorgarh,86,chittorgarh,2,4.7,2.1,3.1,7.11,146.64,97.32,251.07,4.88,99.99,70,117,True,2000,246000,11.9,17,176,10.3,36,65,176,3,13,27,2,10,17,1.4,6.4,10.3,11,22,39,0,0,0,25,48,133,-10,-4,-44,9.66,43.59,0.00,176,17,Mar 2025,3,sharescart,sharescart,ipowatch,sharescart
INE1OIC01018,Snehaa Organics Ltd.,SME,SNEHAA,,2025-08-29,2025-09-02,2025-09-05,122.00,32.68,Bookbuilding,NSE SME,Novus Capital,2025,Nirman Share Brokers Pvt.Ltd.,chittorgarh,31,chittorgarh,2.00,chittorgarh,6.1,chittorgarh,,,122.00,chittorgarh,122.00,chittorgarh,115.90,chittorgarh,115.90,chittorgarh,Working Capital Requirement | To Repayment of loans availed by the Company | General Corporate Purposes | Issue expenses,chittorgarh,33,chittorgarh,0,0,0,0,64.86,241.07,557.54,863.47,12.3,99.99,73.68,115,True,2000,244000,12.4,7,26,9.8,14,24,26,4,6,12,3,4,7,3.7,4.9,9.8,4,7,15,4,3,5,11,17,30,1,5,3,26.92,46.67,0.33,26,7,Mar 2025,3,sharescart,sharescart,ipowatch,sharescart
INE15MX01014,Abril Paper Tech Ltd.,SME,,544500,2025-08-29,2025-09-02,2025-09-05,61.00,13.42,Fixed Price,BSE SME,Interactive Financial,2025,B.N.Rathi Securities Ltd.,chittorgarh,13,chittorgarh,0.00,chittorgarh,0.0,chittorgarh,,,48.80,chittorgarh,51.24,chittorgarh,46.37,chittorgarh,49.38,chittorgarh,Capital Expenditure for purchase of machineries | Working Capital | General Corporate Purpose,chittorgarh,13,chittorgarh,0,0,0,0,,,,,6.56,85.2,61.71,,False,4000,0,,1,61,2.5,,7,61,,1,2,,0,1,,0.8,2.4,,7,11,,0,0,,8,13,,-3,-3,1.64,9.09,0.00,61,1,Mar 2025,2,sharescart,sharescart,ipowatch,sharescart
INE0RTI01017,Oval Projects Engineering Ltd.,SME,,544498,2025-08-28,2025-09-01,2025-09-04,85.00,46.74,Bookbuilding,BSE SME,SMC Capitals,2025,SMC Global Securities Ltd.,chittorgarh,44,chittorgarh,3.00,chittorgarh,6.4,chittorgarh,7.96,chittorgarh,85.25,chittorgarh,86.00,chittorgarh,85.00,chittorgarh,85.05,chittorgarh,Utilization towards long-term working capital requirements of the Company | General Corporate Purposes,chittorgarh,47,chittorgarh,6.2,0.9,0.8,1.6,32.95,12.68,15.40,61.02,9.41,72.19,53.07,80,True,3200,272000,12.7,9,102,6.7,59,78,102,9,11,20,3,4,9,5.6,3.2,6.1,18,34,56,7,3,5,82,104,156,12,-1,-16,8.82,16.07,0.09,102,9,Mar 2025,3,sharescart,sharescart,ipowatch,sharescart
INE1CRQ01014,Current Infraprojects Ltd.,SME,CURRENT,,2025-08-26,2025-08-29,2025-09-03,80.00,41.80,Bookbuilding,NSE SME,Holani Consultants,2025,Holani Consultants Pvt.Ltd.,chittorgarh,40,chittorgarh,2.00,chittorgarh,4.8,chittorgarh,11.62,chittorgarh,152.00,chittorgarh,159.60,chittorgarh,144.40,chittorgarh,152.75,chittorgarh,"Investment in Equity of the wholly owned subsidiary, Current Infra Dhanbad Solar Private Limited for setting up 1800 KW solar plant under RESCO Model at Indian Institute of Technology (Indian School of Mines) IIT(ISM), Dhanbad, Jharkhand | Funding the working capital requirement of the company | General corporate purposes",chittorgarh,42,chittorgarh,0,0,0,0,1487.51,3740.48,5410.18,10638.71,18.75,96.96,70.4982,76,True,3200,256000,11.4,9,91,7,,,91,,,15,,,9,,,7,,,24,,,10,,,79,,,-1,9.89,37.50,0.42,91,9,Mar 2025,1,sharescart,sharescart,ipowatch,sharescart
INE14DW01018,Sattva Engineering Construction Ltd.,SME,SATTVAENGG,,2025-08-26,2025-08-29,2025-09-03,75.00,35.38,Bookbuilding,NSE SME,Vivro Financial,2025,Rikhav Securities Ltd.,chittorgarh,34,chittorgarh,1.00,chittorgarh,2.9,chittorgarh,9.97,chittorgarh,95.10,chittorgarh,99.85,chittorgarh,95.10,chittorgarh,99.85,chittorgarh,To meet long-term working capital requirements | General Corporate Purposes | Total,chittorgarh,35,chittorgarh,123.39,351.59,172.89,198.17,,,,,20.0,,,,,,,,,,,,,,,,,,,,,,,,,,,,,,,,,,,,,,,,,,ipowatch,,ipowatch,
INE12P601017,Globtier Infotech Ltd.,SME,,544494,2025-08-25,2025-08-28,2025-09-02,72.00,31.05,Fixed Price,BSE SME,Shannon Advisors,2025,Nikunj Stock Brokers Ltd.,chittorgarh,26,chittorgarh,4,chittorgarh,12.9,chittorgarh,,,57.60,chittorgarh,57.60,chittorgarh,54.72,chittorgarh,54.72,chittorgarh,"Funding the working capital requirements of the Company | Repayment/prepayment, in full or part, of certain loans availed by the Company | General Corporate Purpose",chittorgarh,31,chittorgarh,0,0,0,0,,,,,23.61,99.87,71.38,,False,3200,0,,5,94,4.9,86,88,94,7,8,12,3,4,5,3,3.3,4.9,11,15,20,2,2,1,33,43,53,6,0,7,5.32,25.00,0.05,94,5,Mar 2025,3,sharescart,sharescart,ipowatch,sharescart
INE0M3X01010,NIS Management Ltd.,SME,,544495,2025-08-25,2025-08-28,2025-09-02,111.00,60.01,Bookbuilding,BSE SME,Share India Capital,2025,Share India Securities Ltd.,chittorgarh,48,chittorgarh,8,chittorgarh,13.3,chittorgarh,16.72,chittorgarh,108.00,chittorgarh,108.00,chittorgarh,102.60,chittorgarh,102.60,chittorgarh,To Meet Working Capital Requirements | General Corporate Purpose,chittorgarh,60,chittorgarh,2.1,6.7,1.1,3,23.68,82.24,21.90,127.82,6.31,95.99,69.63,105,True,2400,266400,9,19,402,12.4,341,378,402,30,34,30,16,18,19,11.1,12.6,12.3,115,134,152,23,15,8,225,247,255,11,12,15,4.73,12.50,0.05,402,19,Mar 2025,3,sharescart,sharescart,ipowatch,sharescart
INE0VTV01012,Anondita Medicare Ltd.,SME,ANONDITA,,2025-08-22,2025-08-26,2025-09-01,145.00,69.50,Bookbuilding,NSE SME,Narnolia Financial,2025,Mansi Share & Stock Broking Pvt.Ltd.,chittorgarh,66,chittorgarh,3.00,chittorgarh,4.3,chittorgarh,19.58,chittorgarh,275.50,chittorgarh,289.25,chittorgarh,261.75,chittorgarh,289.25,chittorgarh,Funding capital expenditure requirements for the purchase of equipment/machineries | Funding the Working Capital requirement | Unidentified Acquisition and General Corporate Purposes,chittorgarh,69,chittorgarh,0,0,0,0,2010.40,5255.71,6586.51,13852.62,19.31,83.95,61.71,137,True,2000,290000,10.4,16,77,14,,,77,,,26,,,16,,,11.9,,,38,,,12,,,78,,,-10,20.78,42.11,0.32,77,16,Mar 2025,1,sharescart,sharescart,ipowatch,sharescart
INE1DLF01018,Shivashrit Foods Ltd.,SME,SHIVASHRIT,,2025-08-22,2025-08-26,2025-09-01,142.00,70.03,Bookbuilding,NSE SME,Mark Corporate,2025,Asnani Stock Broker Pvt.Ltd.,chittorgarh,58,chittorgarh,9,chittorgarh,12.9,chittorgarh,19.92,chittorgarh,148.50,chittorgarh,148.50,chittorgarh,141.10,chittorgarh,141.45,chittorgarh,Capital Expenditure (“Expansion Project”) | Working Capital Requirement for Expansion Project | General Corporate Purpose,chittorgarh,70,chittorgarh,0,0,0,0,21.10,55.21,61.80,138.11,5.63,100,73,135,True,2000,284000,16.5,12,105,8.6,45,76,105,5,20,24,2,12,12,1.1,8.3,8.6,11,23,35,13,12,9,48,83,109,-0,5,-8,11.43,34.29,0.26,105,12,Mar 2025,3,sharescart,sharescart,ipowatch,sharescart
INE0UQ601012,Classic Electrodes (India) Ltd.,SME,CLASSICEIL,,2025-08-22,2025-08-26,2025-09-01,87.00,41.51,Bookbuilding,NSE SME,GYR Capital,2025,Wiinance Financial Services Pvt.Ltd.,chittorgarh,39,chittorgarh,3.00,chittorgarh,7.1,chittorgarh,11.69,chittorgarh,100.00,chittorgarh,101.00,chittorgarh,95.00,chittorgarh,95.00,chittorgarh,Funding capital expenditure of our company to purchase Plant and Machinery | Repayment of a portion of certain outstanding borrowing availed by the company | Funding the working capital requirements of the company | General Corporate Purposes,chittorgarh,42,chittorgarh,0,0,0,0,664.00,2098.20,2169.10,4931.30,20.69,97.73,71.77,82,True,3200,278400,9.9,12,206,8.8,151,194,206,9,21,22,2,10,12,1.6,7.2,8.8,22,34,45,4,3,2,77,93,119,2,3,8,5.83,26.67,0.04,206,12,Mar 2025,3,sharescart,sharescart,ipowatch,sharescart
INE0YDV01010,ARC Insulation & Insulators Ltd.,SME,ARCIIL,,2025-08-21,2025-08-25,2025-08-29,125.00,41.19,Bookbuilding,NSE SME,Gretex Corporate,2025,Gretex Share Broking Pvt.Ltd. Nikunj Stock Brokers Ltd.,chittorgarh,36,chittorgarh,3,chittorgarh,7.3,chittorgarh,11.71,chittorgarh,145.00,chittorgarh,145.00,chittorgarh,137.75,chittorgarh,137.75,chittorgarh,Capital Expenditure towards set up of Factory shed for New Manufacturing unit | Purchase of New Office Space | Repayment/Pre-payment of Certain Debt Facilities including Bridge Finance | Working Capital Requirements | General Corporate Purposes | Total,chittorgarh,41,chittorgarh,0,0,0,0,118.34,160.10,237.43,515.86,64.0,94.48,64.11,119,True,2000,250000,10.2,9,33,12.2,24,28,33,5,9,13,3,6,9,3.9,8.9,11.8,6,12,25,3,2,3,18,22,39,1,9,0,27.27,36.00,0.12,33,9,Mar 2025,3,sharescart,sharescart,investorgain,sharescart
INE191201016,LGT Business Connextions Ltd.,SME,,544489,2025-08-19,2025-08-21,2025-08-26,107.00,28.09,Fixed Price,BSE SME,Mark Corporate,2025,Asnani Stock Broker Pvt.Ltd.,chittorgarh,24,chittorgarh,3,chittorgarh,10.7,chittorgarh,,,85.60,chittorgarh,85.60,chittorgarh,81.35,chittorgarh,81.35,chittorgarh,Capital Expenditure | Working Capital Requirement | General Corporate Purpose,chittorgarh,28,chittorgarh,,,,,,,,,,,,,,,,,,,,,,,,,,,,,,,,,,,,,,,,,,,,,,,,,,,,,,
INE17VO01028,Studio LSD Ltd.,SME,STUDIOLSD,,2025-08-18,2025-08-20,2025-08-25,54.00,74.25,Bookbuilding,NSE SME,Corpwis,2025,Rikhav Securities Ltd.,chittorgarh,56,chittorgarh,15,chittorgarh,20.3,chittorgarh,,,43.20,chittorgarh,43.20,chittorgarh,41.05,chittorgarh,41.05,chittorgarh,Capital Expenditure | Working Capital Requirement | General Corporate Purposes,chittorgarh,74,chittorgarh,0,0,0,0,0.71,38.86,192.07,231.64,48.15,100,72.46,51,True,4000,216000,18.6,12,104,2.9,47,102,104,4,15,16,3,11,12,0.8,3.2,2.9,5,16,28,0,0,0,18,36,47,1,8,6,11.54,42.86,0.00,104,12,Mar 2025,3,sharescart,sharescart,ipowatch,sharescart
INE632Q01018,Mahendra Realtors & Infrastructure Ltd.,SME,MRIL,,2025-08-12,2025-08-14,2025-08-20,85.00,49.45,Bookbuilding,NSE SME,Novus Capital,2025,Rikhav Securities Ltd.,chittorgarh,38,chittorgarh,9,chittorgarh,18.4,chittorgarh,,,68.00,chittorgarh,68.00,chittorgarh,64.60,chittorgarh,64.60,chittorgarh,Working Capital Requirement | General Corporate Purposes | Issue Expenses,chittorgarh,49,chittorgarh,0,0,0,0,20.74,624.29,601.20,1246.24,11.76,100,73.68,75,True,3200,272000,9.9,15,125,8.6,63,101,125,9,17,22,4,12,15,2.3,6.7,8.6,44,56,71,0,0,0,98,93,137,10,22,-6,12.00,21.13,0.00,125,15,Mar 2025,3,sharescart,sharescart,investorgain,sharescart
INE111601014,Icodex Publishing Solutions Ltd.,SME,,544483,2025-08-11,2025-08-13,2025-08-19,102.00,42.03,Bookbuilding,BSE SME,Indcap,2025,Giriraj Stock Broking Pvt.Ltd.,chittorgarh,33,chittorgarh,7,chittorgarh,16.7,chittorgarh,,,81.60,chittorgarh,81.60,chittorgarh,77.55,chittorgarh,77.55,chittorgarh,Purchase of new office premises | Purchase of hardware for new office | Working capital requirement | General Corporate Purpose,chittorgarh,42,chittorgarh,33.1,1.5,4.7,3.8,36.44,32.84,90.62,159.90,,88.24,64.44,98,True,2400,244800,14,9,22,7.3,10,10,22,2,5,14,2,4,9,1.5,3.7,7.3,4,9,19,0,0,0,6,11,25,1,4,6,40.91,47.37,0.00,22,9,Mar 2025,3,sharescart,sharescart,,sharescart
INE0VG001016,ANB Metal Cast Ltd.,SME,AMCL,,2025-08-08,2025-08-12,2025-08-18,156.00,49.92,Bookbuilding,NSE SME,Sun Capital,2025,Pure Broking Pvt.Ltd.,chittorgarh,47,chittorgarh,3.00,chittorgarh,6.0,chittorgarh,14.02,chittorgarh,164.00,chittorgarh,172.20,chittorgarh,164.00,chittorgarh,172.20,chittorgarh,Funding capital expenditure requirements for the proposed expansion in existing manufacturing facilities of our Company by constructing additional floor and installation of additional plant and machineries | Part funding long-term working capital requirements | General Corporate Purposes.,chittorgarh,50,chittorgarh,0,0,0,0,9.75,19.94,39.26,68.95,,91.49,66.75,148,True,1600,249600,12.3,10,163,12.7,84,112,163,3,11,18,2,5,10,2.5,7.1,11.9,5,11,34,7,14,7,44,64,98,-6,-7,4,6.13,29.41,0.21,163,10,Mar 2025,3,sharescart,sharescart,,sharescart
INE0UOY01019,Medistep Healthcare Ltd.,SME,MEDISTEP,,2025-08-08,2025-08-12,2025-08-18,43.00,16.10,Fixed Price,NSE SME,Novus Capital,2025,Nirman Share Brokers Pvt.Ltd.,chittorgarh,15,chittorgarh,1.00,chittorgarh,6.2,chittorgarh,,,53.00,chittorgarh,53.00,chittorgarh,50.35,chittorgarh,50.35,chittorgarh,Funding of capital expenditure towards purchase of plant and machineries for expansion at the existing manufacturing facility | Working Capital requirements | General Corporate Purpose,chittorgarh,16,chittorgarh,0,0,0,0,,,,,27.91,93.62,68.96,,False,6000,0,,4,50,4,,32,50,,4,6,,3,4,,3,4,,12,17,,0,0,,15,23,,-7,0,8.00,23.53,0.00,50,4,Mar 2025,2,sharescart,sharescart,ipowatch,sharescart
INE0YG001013,Star Imaging & Path Lab Ltd.,SME,,544482,2025-08-08,2025-08-12,2025-08-18,142.00,69.47,Bookbuilding,BSE SME,Share India Capital,2025,Share India Securities Ltd.,chittorgarh,49,chittorgarh,14,chittorgarh,20.3,chittorgarh,18.52,chittorgarh,142.00,chittorgarh,143.00,chittorgarh,134.90,chittorgarh,135.95,chittorgarh,To Meet Working Capital Requirement | Repayment/prepayment of certain borrowings availed of by the Company | Funding the Capital Expenditure towards purchase of Refurbished Medical Equipment in running facilities | General corporate purposes,chittorgarh,69,chittorgarh,12.8,3,2.3,5,158.87,47.68,50.15,256.93,3.52,100,71.92,135,True,2000,284000,12,16,84,11.8,59,79,84,6,24,29,1,12,16,0.4,9.2,11.8,19,31,47,14,16,15,61,82,98,5,18,-6,19.05,34.04,0.32,84,16,Mar 2025,3,sharescart,sharescart,investorgain,sharescart
INE0EAS01014,Connplex Cinemas Ltd.,SME,CONNPLEX,,2025-08-07,2025-08-11,2025-08-14,177.00,90.27,Bookbuilding,NSE SME,Beeline Capital,2025,Spread X Securities Pvt.Ltd.,chittorgarh,86,chittorgarh,4.00,chittorgarh,4.4,chittorgarh,25.70,chittorgarh,195.00,chittorgarh,198.00,chittorgarh,185.25,chittorgarh,186.90,chittorgarh,Funding capital expenditure requirement for purchase of corporate office | Funding capital expenditure requirement of purchase of LED Screens and Projectors | Funding Working Capital Requirement | Funding General Corporate Purposes,chittorgarh,90,chittorgarh,0,0,0,0,758.13,644.89,743.74,2146.76,16.95,100,69.9,168,True,1600,283200,13,19,96,13.6,25,60,96,3,7,27,2,4,19,1.2,2.9,13.6,1,5,24,0,0,1,28,36,61,9,4,3,19.79,79.17,0.04,96,19,Mar 2025,3,sharescart,sharescart,ipowatch,sharescart
INE10VS01016,Sawaliya Foods Products Ltd.,SME,SAWALIYA,,2025-08-07,2025-08-11,2025-08-14,120.00,34.83,Bookbuilding,NSE SME,Unistone Capital,2025,Alacrity Securities Ltd.,chittorgarh,29,chittorgarh,4,chittorgarh,11.4,chittorgarh,9.84,chittorgarh,228.00,chittorgarh,239.40,chittorgarh,216.60,chittorgarh,239.40,chittorgarh,"Funding capital expenditure requirements towards (i) purchase of new machinery and upgradation of existing machinery installed; and (ii) setting up of on-grid rooftop solar PV system of a capacity of 149.04KWp at the existing manufacturing unit | Funding of working capital requirements | Repayment and/or pre-payment, in part or full, of certain borrowings availed by the Company | General corporate purposes",chittorgarh,35,chittorgarh,0,0,0,0,104.63,103.39,103.31,311.33,25.0,96,67.78,114,True,2400,288000,12.6,7,34,9.5,15,23,34,2,6,12,1,3,7,0.8,4.2,9.5,3,6,13,8,6,12,20,25,46,0,1,-4,20.59,53.85,0.92,34,7,Mar 2025,3,sharescart,sharescart,investorgain,sharescart
INE0ZRC01017,Bhadora Industries Ltd.,SME,BHADORA,,2025-08-04,2025-08-06,2025-08-11,103.00,55.62,Bookbuilding,NSE SME,Unistone Capital,2025,NNM Securities Pvt.Ltd.,chittorgarh,53,chittorgarh,3.00,chittorgarh,5.4,chittorgarh,15.77,chittorgarh,101.00,chittorgarh,106.05,chittorgarh,101.00,chittorgarh,105.95,chittorgarh,"Part finance the cost of establishing new manufacturing facility to expand our production capabilities of cables at Plot Nos. 188/1, Village Panwa Tehsil Kasrawad, District Khargone, Madhya Pradesh, India (“Proposed new facility”) | Funding working capital requirements of the Company | General Corporate Purposes",chittorgarh,56,chittorgarh,0,0,0,0,7.17,13.09,18.10,38.35,0.97,95.24,65.59,97,True,2400,247200,12.6,11,110,8.2,18,81,110,1,9,18,0,5,11,0.1,3.8,8.2,5,10,21,4,1,5,20,26,49,1,3,2,10.00,52.38,0.24,110,11,Mar 2025,3,sharescart,sharescart,ipowatch,sharescart
INE1H7V01011,Parth Electricals & Engineering Ltd.,SME,PARTH,,2025-08-04,2025-08-06,2025-08-11,170.00,49.67,Bookbuilding,NSE SME,Horizon Management,2025,Shreni Shares Ltd.,chittorgarh,47,chittorgarh,3.00,chittorgarh,6.0,chittorgarh,13.80,chittorgarh,174.00,chittorgarh,182.70,chittorgarh,169.00,chittorgarh,182.70,chittorgarh,Establishing GIS manufacturing facility in Gujarat | Establishing manufacturing facility in Odisha | Repayment of Short Term Borrowings | General corporate purposes,chittorgarh,50,chittorgarh,,,,,,,,,3.53,,,,,,,,,,,,,,,,,,,,,,,,,,,,,,,,,,,,,,,,,,,,investorgain,
INE1M3T01017,Jyoti Global Plast Ltd.,SME,JYOTIGLOBL,,2025-08-04,2025-08-06,2025-08-11,66.00,35.44,Bookbuilding,NSE SME,Unistone Capital,2025,LFC Securities Pvt.Ltd.,chittorgarh,27,chittorgarh,7,chittorgarh,20.0,chittorgarh,10.06,chittorgarh,65.90,chittorgarh,67.00,chittorgarh,62.60,chittorgarh,65.80,chittorgarh,"Part finance the cost of establishing new manufacturing facility to expand the production capabilities at Plot No. D-61/2, MIDC, Mahad, District Raigad-402309, Maharashtra, India (“Proposed new facility”) | Funding capital expenditure requirements of the Company towards set up of Solar Power Plant | Repayment and/or pre-payment, in part or full, of certain borrowings availed by the Company | General corporate purposes",chittorgarh,35,chittorgarh,0,0,0,0,12.54,76.11,112.68,201.33,15.15,100,72.91,62,True,4000,264000,16.9,6,93,3.9,89,87,93,6,9,12,2,4,6,1.5,2.3,3.9,12,15,21,3,4,2,44,52,57,-2,6,8,6.45,28.57,0.10,93,6,Mar 2025,3,sharescart,sharescart,ipowatch,sharescart
INE124401014,Aaradhya Disposal Industries Ltd.,SME,AARADHYA,,2025-08-04,2025-08-06,2025-08-11,116.00,45.10,Bookbuilding,NSE SME,Khambatta Securities,2025,Prabhat Financial Services Ltd.,chittorgarh,43,chittorgarh,2.00,chittorgarh,4.4,chittorgarh,,,111.00,chittorgarh,116.55,chittorgarh,110.45,chittorgarh,116.55,chittorgarh,Working Capital Requirement | To fund the expansion plan of the Company i.e. Capital expenditure towards purchase of Plant and Machinery and Civil Work | Prepayment of term loans to banks | General Corporate Purpose,chittorgarh,45,chittorgarh,0,0,0,0,5.37,27.71,29.84,62.93,,97.36,70.58,110,True,2400,278400,11.5,10,114,10.1,84,74,114,6,9,20,2,4,10,2.1,4,10,13,17,29,16,14,12,62,71,83,2,3,5,8.77,34.48,0.41,114,10,Mar 2025,3,sharescart,sharescart,,sharescart
INE0W4K01013,BLT Logistics Ltd.,SME,,544474,2025-08-04,2025-08-06,2025-08-11,75.00,9.72,Bookbuilding,BSE SME,Beeline Capital,2025,Spread X Securities Pvt.Ltd.,chittorgarh,9,chittorgarh,1.00,chittorgarh,10.0,chittorgarh,2.69,chittorgarh,90.95,chittorgarh,95.49,chittorgarh,90.95,chittorgarh,95.49,chittorgarh,Funding capital expenditure requirement of our company towards purchase of trucks (“Vehicles”) and ancillary equipment (“Equipment”) | To Meet Working Capital Requirements | General Corporate Purpose,chittorgarh,10,chittorgarh,81.8,668.9,637.4,504.4,147.24,1380.65,2019.29,3547.18,20.0,99.95,72.94,71,True,3200,240000,6.8,4,49,11,,40,49,,9,10,,3,4,,8.9,11,,5,9,,7,7,,21,26,,3,3,8.16,44.44,0.78,49,4,Mar 2025,2,sharescart,sharescart,ipowatch,sharescart
INE1IBY01019,Essex Marine Ltd.,SME,,544475,2025-08-04,2025-08-06,2025-08-11,54.00,23.01,Fixed Price,BSE SME,Khandwala Securities,2025,Gretex Share Broking Pvt.Ltd.,chittorgarh,22,chittorgarh,1.00,chittorgarh,4.3,chittorgarh,,,43.20,chittorgarh,43.20,chittorgarh,41.04,chittorgarh,41.04,chittorgarh,"Expansion of existing peeling capacity at existing processing unit at Shankarpur Road, Kaluya Sanda, Kuliyata, West Bengal 721441 | Setting up of “Ready-to-Cook” Section by adding blanching in the existing process at the existing processing unit at Shankarpur Road, Kaluya Sanda, Kuliyata, West Bengal 721441 | Funding of working capital requirements of the Company | Repayment/pre-payment, in full or in part, of certain borrowings availed by the Company | General corporate purposes",chittorgarh,23,chittorgarh,0,0,0,0,,,,,5.56,100,72.07,,False,4000,0,,4,37,3.6,22,19,37,6,5,9,2,2,4,1.8,1.7,3.6,11,13,16,12,9,16,41,34,47,8,5,-5,10.81,25.00,1.00,37,4,Mar 2025,3,sharescart,sharescart,ipowatch,sharescart
INE0VCK01011,Flysbs Aviation Ltd.,SME,FLYSBS,,2025-08-01,2025-08-05,2025-08-08,225.00,102.53,Bookbuilding,NSE SME,Vivro Financial,2025,Giriraj Stock Broking Pvt.Ltd.,chittorgarh,97,chittorgarh,6.00,chittorgarh,5.8,chittorgarh,29.16,chittorgarh,427.50,chittorgarh,448.85,chittorgarh,427.50,chittorgarh,448.85,chittorgarh,"Funding capital expenditure towards acquisition of six new aircraft on long term dry lease basis | Repayment/prepayment, in full or part, certain outstanding borrowings availed by the company | General Corporate Purposes",chittorgarh,103,chittorgarh,0,0,0,0,3738.96,8246.37,9759.01,21744.34,66.67,44.08,32.47,210,True,1200,270000,8.8,28,194,25.5,34,106,194,5,15,41,3,11,28,5.3,11.7,22.3,12,66,150,0,1,8,20,77,192,4,1,0,14.43,18.67,0.05,194,28,Mar 2025,3,sharescart,sharescart,ipowatch,sharescart
INE0WL201014,Cash Ur Drive Marketing Ltd.,SME,CUDML,,2025-07-31,2025-08-04,2025-08-07,130.00,60.79,Bookbuilding,NSE SME,Narnolia Financial,2025,Prabhat Financial Services Ltd.,chittorgarh,55,chittorgarh,3,chittorgarh,4.9,chittorgarh,17.19,chittorgarh,155.00,chittorgarh,160.00,chittorgarh,147.25,chittorgarh,157.45,chittorgarh,Investment in Technology | Capital expenditure | Funding the Working Capital requirement | General Coporate Purposes,chittorgarh,61,chittorgarh,0,0,0,0,873.63,1168.91,1257.93,3300.47,19.23,78.21,57.23,123,True,2000,260000,9.2,18,139,14.2,79,94,139,7,13,24,5,9,18,4.3,7.7,13.4,14,24,56,5,0,0,76,93,94,-0,24,-14,12.95,32.14,0.00,139,18,Mar 2025,3,sharescart,sharescart,ipowatch,sharescart
INE0VZX01015,Renol Polychem Ltd.,SME,RNPL,,2025-07-31,2025-08-04,2025-08-07,105.00,25.77,Bookbuilding,NSE SME,Corporate Makers,2025,Asnani Stock Broker Pvt.Ltd.,chittorgarh,24,chittorgarh,2.00,chittorgarh,7.7,chittorgarh,4.03,chittorgarh,105.00,chittorgarh,105.00,chittorgarh,99.75,chittorgarh,99.75,chittorgarh,Capital Expenditure in requirements for the purchase of Machinery | Repayment of certain borrowings | To meet out the Working Capital Requirements | General Corporate Purposes,chittorgarh,26,chittorgarh,0,0,0,0,22.68,26.81,90.01,139.51,9.52,99.99,69.1,100,True,2400,252000,11.5,5,62,9.1,,6,62,,2,7,,2,5,,2.8,9.1,,9,13,,0,0,,15,23,,1,-1,8.06,38.46,0.00,62,5,Mar 2025,2,sharescart,sharescart,ipowatch,sharescart
INE1LJ801017,B.D.Industries (Pune) Ltd.,SME,,544468,2025-07-30,2025-08-01,2025-08-06,108.00,45.36,Bookbuilding,BSE SME,Aryaman Financial,2025,Aryaman Capital Markets Ltd.,chittorgarh,43,chittorgarh,2.00,chittorgarh,4.4,chittorgarh,12.91,chittorgarh,108.90,chittorgarh,109.00,chittorgarh,108.00,chittorgarh,108.15,chittorgarh,Repayment or Pre-payment of borrowings of the Company | Funding Working Capital Requirement of the Company | Repayment or Pre-payment of its borrowings | Purchase of Machinery | Funding Working Capital Requirement | General Corporate Purpose,chittorgarh,45,chittorgarh,1.3,3,1.3,1.8,10.94,25.97,19.93,56.84,,100,70.44,102,True,2400,259200,14,8,82,7.7,,,82,,,16,,,8,,,8.2,,,21,,,10,,,68,,,10,9.76,38.10,0.48,82,8,Mar 2025,1,sharescart,sharescart,,sharescart
INE1KH601014,Mehul Colours Ltd.,SME,,544472,2025-07-30,2025-08-01,2025-08-06,72.00,21.66,Bookbuilding,BSE SME,Seren Capital,2025,Asnani Stock Broker Pvt.Ltd.,chittorgarh,21,chittorgarh,1.00,chittorgarh,4.5,chittorgarh,6.15,chittorgarh,85.00,chittorgarh,89.25,chittorgarh,85.00,chittorgarh,86.03,chittorgarh,Funding of capital expenditure towards setup of a new manufacturing facility | Funding of Working Capital Requirements | General Corporate Purpose,chittorgarh,22,chittorgarh,13.5,8.3,3.6,7.5,55.69,34.79,25.87,116.35,8.33,96.86,69.23,68,True,3200,230400,9.9,6,23,7.3,21,22,23,4,5,8,3,3,6,3.9,4.3,7.3,8,12,17,0,0,0,11,14,19,5,2,2,26.09,35.29,0.00,23,6,Mar 2025,3,sharescart,sharescart,ipowatch,sharescart
INE14OX01013,Takyon Networks Ltd.,SME,,544471,2025-07-30,2025-08-01,2025-08-06,54.00,20.48,Bookbuilding,BSE SME,Hem Securities,2025,Hem Finlease Pvt.Ltd.,chittorgarh,19,chittorgarh,1.00,chittorgarh,5.0,chittorgarh,5.77,chittorgarh,55.85,chittorgarh,58.00,chittorgarh,53.06,chittorgarh,55.72,chittorgarh,To Meet Working Capital requirements | Repayment of a portion of certain borrowing availed by the Company | General Corporate Purpose,chittorgarh,20,chittorgarh,13.3,27.6,20.1,20.3,51.22,110.14,137.92,299.28,,100,73.52,51,True,4000,216000,8.2,7,103,6.6,63,108,103,6,11,13,3,5,7,2.7,5,6.6,23,28,35,5,3,2,70,73,86,-14,4,8,6.80,20.00,0.06,103,7,Mar 2025,3,sharescart,sharescart,,sharescart
INE13ZD01013,Kaytex Fabrics Ltd.,SME,KAYTEX,,2025-07-29,2025-07-31,2025-08-05,180.00,69.81,Bookbuilding,NSE SME,Socradamus Capital,2025,Gretex Share Broking Pvt.Ltd.,chittorgarh,54,chittorgarh,12,chittorgarh,17.1,chittorgarh,16.79,chittorgarh,144.00,chittorgarh,151.20,chittorgarh,136.80,chittorgarh,150.60,chittorgarh,"Funding capital expenditure for construction of additional warehouse facility in Amritsa | Funding capital expenditure for construction of dedicated sales office in Amritsar | Funding capital expenditure towards purchase of advanced fabric processing system for existing printing, dyeing and processing unit in Amritsar | Funding the incremental working capital requirements | General Corporate Purposes | Total",chittorgarh,70,chittorgarh,0,0,0,0,349.08,632.33,1136.88,2118.30,11.67,100,73.61,171,True,1600,288000,12.2,17,153,14.7,99,125,153,13,23,31,6,11,17,4.9,9.8,14.7,21,34,50,16,18,15,73,95,124,7,1,13,11.11,34.00,0.30,153,17,Mar 2025,3,sharescart,sharescart,ipowatch,sharescart
INE15WN01014,Repono Ltd.,SME,,544463,2025-07-28,2025-07-30,2025-08-04,96.00,26.68,Bookbuilding,BSE SME,Wealth Mine Networks,2025,JSK Securities & Services Pvt.Ltd.,chittorgarh,25,chittorgarh,2.00,chittorgarh,7.4,chittorgarh,7.60,chittorgarh,89.99,chittorgarh,89.99,chittorgarh,85.50,chittorgarh,87.09,chittorgarh,"Funding Capital Expenditure towards Purchase of Forklift, Hand Pallet Trolley, Reach stacker | Funding of capital expenditure requirements of the Company towards set up of Warehouse Racking System | Funding towards the Development of Software for Warehouse Management | Funding the working capital requirements of the Company | General Corporate Purpose",chittorgarh,27,chittorgarh,29,79.7,67.4,60.5,147.14,409.39,598.21,1154.74,12.5,99.32,72.47,91,True,2400,230400,13.9,5,51,6.9,13,34,51,1,6,9,1,4,5,0.8,5.6,6.9,5,9,14,2,1,1,8,18,26,-1,-0,0,9.80,35.71,0.07,51,5,Mar 2025,3,sharescart,sharescart,ipowatch,sharescart
INE1P1A01018,Umiya Mobile Ltd.,SME,,544464,2025-07-28,2025-07-30,2025-08-04,66.00,24.88,Fixed Price,BSE SME,Smart Horizon Capital,2025,Shreni Shares Ltd.,chittorgarh,24,chittorgarh,1.00,chittorgarh,4.0,chittorgarh,,,69.00,chittorgarh,70.00,chittorgarh,66.00,chittorgarh,68.78,chittorgarh,"Repayment or prepayment, in full or in part, of borrowings availed by the Company from banks and financial institutions | General corporate purposes",chittorgarh,25,chittorgarh,0,0,0,0,,,,,6.06,100,73.48,,False,4000,0,,2,451,2.3,212,333,451,2,2,6,0,0,2,0.2,0.2,2.2,6,6,8,2,1,1,37,53,67,-5,-5,-7,0.44,25.00,0.12,451,2,Mar 2024,3,sharescart,sharescart,ipowatch,sharescart
INE0IJF01013,Sellowrap Industries Ltd.,SME,SELLOWRAP,,2025-07-25,2025-07-29,2025-08-01,83.00,30.28,Bookbuilding,NSE SME,Gretex Corporate,2025,Gretex Share Broking Pvt.Ltd.,chittorgarh,29,chittorgarh,1.00,chittorgarh,3.3,chittorgarh,8.59,chittorgarh,90.00,chittorgarh,94.50,chittorgarh,85.50,chittorgarh,94.50,chittorgarh,"Capital Expenditure towards purchase of Plant & Machinery, Infrastructure Development and Other Auxiliary Equipments | Funding the Working Capital Requirements of the Company | General Corporate Purposes | Total",chittorgarh,30,chittorgarh,0,0,0,0,107.62,513.83,713.64,1335.09,12.05,92.18,67.71,79,True,3200,265600,7.9,10,162,10.5,132,138,162,10,15,22,3,6,10,3,6.3,9.9,34,40,54,15,11,15,93,99,142,2,11,21,6.17,18.52,0.28,162,10,Mar 2025,3,sharescart,sharescart,ipowatch,sharescart
INE0FMZ01045,Shree Refrigerations Ltd.,SME,,544458,2025-07-25,2025-07-29,2025-07-31,125.00,117.33,Bookbuilding,BSE SME,Narnolia Financial,2025,Mansi Share & Stock Broking Pvt.Ltd.,chittorgarh,89,chittorgarh,23,chittorgarh,19.7,chittorgarh,33.41,chittorgarh,169.85,chittorgarh,177.70,chittorgarh,161.50,chittorgarh,175.40,chittorgarh,Funding the Working Capital requirement | General Corporate Purposes | Issue Expense,chittorgarh,117,chittorgarh,167.3,145,195.1,174.2,3726.97,3279.26,7614.82,14621.06,64.0,56.6,44.59,119,True,2000,250000,25.5,13,99,4.9,51,80,99,13,26,27,3,10,13,1.3,4.2,4.5,45,61,114,5,5,6,94,124,186,-4,-5,-25,13.13,11.40,0.05,99,13,Mar 2025,3,sharescart,sharescart,ipowatch,sharescart
INE161701011,Patel Chem Specialities Ltd.,SME,,544460,2025-07-25,2025-07-29,2025-08-01,84.00,58.80,Bookbuilding,BSE SME,Cumulative Capital,2025,Globalworth Securities Ltd.,chittorgarh,56,chittorgarh,3.00,chittorgarh,5.1,chittorgarh,16.69,chittorgarh,110.00,chittorgarh,114.00,chittorgarh,104.50,chittorgarh,104.50,chittorgarh,Funding capital expenditure requirement of the Company | General corporate purposes,chittorgarh,59,chittorgarh,105.3,175,173.1,155.6,1175.76,1987.43,3390.05,6553.24,14.29,95.13,68.36,82,True,3200,268800,13.8,11,105,6.1,69,82,105,6,12,16,3,8,11,1.7,4.5,5.9,12,20,35,5,7,8,37,47,65,2,6,2,10.48,31.43,0.23,105,11,Mar 2025,3,sharescart,sharescart,ipowatch,sharescart
INE16VK01010,TSC India Ltd.,SME,TSC,,2025-07-23,2025-07-25,2025-07-30,70.00,25.89,Bookbuilding,NSE SME,Expert Global,2025,Prabhat Financial Services Ltd.,chittorgarh,25,chittorgarh,1.00,chittorgarh,3.8,chittorgarh,7.35,chittorgarh,68.00,chittorgarh,71.40,chittorgarh,64.60,chittorgarh,71.40,chittorgarh,Working Capital Requirements of the Company | General Corporate Purposes,chittorgarh,26,chittorgarh,0,0,0,0,197.27,493.57,574.78,1265.63,14.29,87.04,,68,True,4000,280000,13.7,5,26,5.1,9,19,26,3,8,9,1,5,5,2.1,8.7,4.7,5,9,16,5,5,3,26,53,61,-1,-0,-13,19.23,31.25,0.19,26,5,Mar 2025,3,sharescart,sharescart,investorgain,
INE0V0L01028,Monarch Surveyors & Engineering Consultants Ltd.,SME,,544453,2025-07-22,2025-07-24,2025-07-29,250.00,93.75,Bookbuilding,BSE SME,Beeline Capital,2025,Spread X Securities Pvt.Ltd.,chittorgarh,89,chittorgarh,5.00,chittorgarh,5.3,chittorgarh,26.54,chittorgarh,421.25,chittorgarh,435.00,chittorgarh,400.20,chittorgarh,400.20,chittorgarh,Funding capital expenditure requirement for purchase of machinery | Funding Working Capital Requirement of the Company | General Corporate Purposes,chittorgarh,94,chittorgarh,179,228.6,263,231.4,3168.47,4228.24,8158.62,15555.33,84.0,98.42,72.35,237,True,1200,300000,7.5,35,154,33.5,72,139,154,13,45,53,9,30,35,8.3,28.8,33.5,44,74,109,4,10,11,64,102,148,5,35,24,22.73,32.11,0.10,154,35,Mar 2025,3,sharescart,sharescart,investorgain,sharescart
INE0PTF01017,Swastika Castal Ltd.,SME,,544452,2025-07-21,2025-07-23,2025-07-28,65.00,14.07,Fixed Price,BSE SME,Horizon Management,2025,Horizon Financial Consultants Pvt.Ltd.,chittorgarh,13,chittorgarh,1.00,chittorgarh,7.1,chittorgarh,,,67.00,chittorgarh,68.00,chittorgarh,63.65,chittorgarh,66.82,chittorgarh,Capital Expenditure for acquisition of Plant & Machinery and Construction of Shed & Building | Working Capital Requirements | General corporate purposes,chittorgarh,14,chittorgarh,0,0,0,0,,,,,15.38,100,73.49,,False,4000,0,,3,30,4.4,24,23,30,2,3,5,1,1,3,1,1.1,4.4,7,8,11,4,4,2,26,24,31,1,2,2,10.00,27.27,0.18,30,3,Mar 2025,3,sharescart,sharescart,investorgain,sharescart
INE0UCN01017,Savy Infra & Logistics Ltd.,SME,SAVY,,2025-07-21,2025-07-23,2025-07-28,120.00,69.98,Bookbuilding,NSE SME,Unistone Capital,2025,Globalworth Securities Ltd.,chittorgarh,66,chittorgarh,4.00,chittorgarh,5.7,chittorgarh,19.93,chittorgarh,136.50,chittorgarh,143.30,chittorgarh,136.50,chittorgarh,143.30,chittorgarh,Funding working capital requirements of the company | General Corporate Purposes,chittorgarh,70,chittorgarh,0,0,0,0,1236.30,1963.92,2132.21,5332.42,20.0,86,,114,True,2400,288000,7.2,24,283,16.6,6,102,283,1,15,36,0,10,24,0.3,8.2,15.9,1,11,52,0,1,35,10,42,186,-0,-4,-18,8.48,46.15,0.67,283,24,Mar 2025,3,sharescart,sharescart,investorgain,
INE0LCG01010,Monika Alcobev Ltd.,SME,,544451,2025-07-16,2025-07-18,2025-07-23,286.00,165.63,Bookbuilding,BSE SME,Marwadi Chandarana Intermediaries,2025,Bhansali Value Creations Pvt.Ltd.,chittorgarh,125,chittorgarh,29,chittorgarh,17.5,chittorgarh,46.06,chittorgarh,288.00,chittorgarh,289.95,chittorgarh,274.10,chittorgarh,288.00,chittorgarh,Funding working capital requirements of the Company | Pre-payment or repayment of certain outstanding borrowings availed by the Company | General Corporate Purposes,chittorgarh,166,chittorgarh,2.5,6.2,2.9,3.8,78.25,216.18,156.96,451.39,3.5,79.96,62.1,271,True,800,228800,20.6,23,236,13.9,140,189,236,26,35,49,13,17,23,9.3,10.4,13.9,17,59,96,32,15,21,128,216,324,-6,-54,-26,9.75,23.96,0.22,236,23,Mar 2025,3,sharescart,sharescart,ipowatch,sharescart
INE19QH01010,Spunweb Nonwoven Ltd.,SME,SPUNWEB,,2025-07-14,2025-07-16,2025-07-21,96.00,60.98,Bookbuilding,NSE SME,Vivro Financial,2025,Rikhav Securities Ltd.,chittorgarh,58,chittorgarh,3.00,chittorgarh,4.9,chittorgarh,17.31,chittorgarh,151.00,chittorgarh,158.55,chittorgarh,151.00,chittorgarh,158.55,chittorgarh,"Funding the working capital requirements of the company | Investment in the wholly owned subsidiary, SIPL, for funding its working capital requirements | Repayment, in full or in part, of certain borrowings availed by the company | General Coporate Purposes",chittorgarh,61,chittorgarh,0,0,0,0,1915.23,3169.90,5103.15,10188.29,16.67,88.5,65.18,90,True,1200,115200,15.2,11,226,6.3,116,149,226,13,21,32,1,5,11,0.7,3.3,6.1,20,26,45,34,29,37,93,106,182,17,10,3,4.87,24.44,0.82,226,11,Mar 2025,3,sharescart,sharescart,ipowatch,sharescart
INE0SJX01015,Asston Pharmaceuticals Ltd.,SME,,544445,2025-07-09,2025-07-11,2025-07-16,123.00,27.56,Bookbuilding,BSE SME,Sobhagya Capital,2025,JSK Securities & Services Pvt.Ltd.,chittorgarh,26,chittorgarh,2.00,chittorgarh,7.1,chittorgarh,7.81,chittorgarh,119.00,chittorgarh,124.95,chittorgarh,113.05,chittorgarh,124.95,chittorgarh,"Funding capital expenditure requirements towards acquiring machinery in the manufacturing unit | Funding the incremental working capital requirements of the Company | Repayment and/or prepayment, in part or full, of certain of the outstanding borrowings availed by the Company | General Corporate Purposes",chittorgarh,28,chittorgarh,85.8,261.7,172.1,173.5,448.32,1400.06,1579.44,3427.83,8.13,69.07,50.66,115,True,2000,246000,17.8,4,25,6.9,7,16,25,2,3,7,1,1,4,1.9,2.2,6.9,2,6,11,2,2,2,14,20,28,-0,-4,-0,16.00,36.36,0.18,25,4,Mar 2025,3,sharescart,sharescart,ipowatch,sharescart
INE0UMC01019,GLEN Industries Ltd.,SME,,544444,2025-07-08,2025-07-10,2025-07-15,97.00,62.94,Bookbuilding,BSE SME,GYR Capital,2025,Giriraj Stock Broking Pvt.Ltd.,chittorgarh,60,chittorgarh,3.00,chittorgarh,4.8,chittorgarh,17.46,chittorgarh,157.00,chittorgarh,164.85,chittorgarh,149.50,chittorgarh,152.37,chittorgarh,"Setting Up a new manufacturing facility at Purba Bardhaman, PS – Jamalpur, Gram Panchayat: Jougram, Mouza – Jaugram, JL no 114, West Bengal 713166 | General Corporate Purpose | Public Issue Expense",chittorgarh,63,chittorgarh,192.5,350.7,225.1,242.3,2249.15,4188.55,4601.45,11039.69,18.56,100,73,92,True,2400,232800,9.3,18,171,10.4,119,145,171,17,25,41,1,9,18,0.8,4.9,10.4,36,45,58,35,32,49,137,160,214,11,14,5,10.53,31.03,0.84,171,18,Mar 2025,3,sharescart,sharescart,ipowatch,sharescart
INE14GK01016,Smarten Power Systems Ltd.,SME,SMARTEN,,2025-07-07,2025-07-09,2025-07-14,100.00,50.00,Fixed Price,NSE SME,Arihant Capital,2025,Arihant Capital Markets Ltd.,chittorgarh,38,chittorgarh,10,chittorgarh,20.0,chittorgarh,,,144.00,chittorgarh,151.20,chittorgarh,143.00,chittorgarh,151.20,chittorgarh,"Purchase of movable assets of the production line of battery manufacturing unit | To meet the working capital requirements | Repayment in full or in part, of the outstanding borrowings | Funding capital expenditure requirements | General corporate purposes",chittorgarh,50,chittorgarh,0,0,0,0,,,,,9.0,91.67,67.1,,False,2400,0,,13,202,8.5,180,195,202,8,17,18,5,11,13,3.4,7.5,8.5,14,26,39,0,1,2,76,79,97,-3,0,-3,6.44,33.33,0.05,202,13,Mar 2025,3,sharescart,sharescart,ipowatch,sharescart
INE0VWL01017,Chemkart India Ltd.,SME,,544442,2025-07-07,2025-07-09,2025-07-14,248.00,80.08,Bookbuilding,BSE SME,Smart Horizon Capital,2025,Alacrity Securities Ltd.,chittorgarh,60,chittorgarh,16,chittorgarh,20.0,chittorgarh,22.60,chittorgarh,250.00,chittorgarh,262.00,chittorgarh,250.00,chittorgarh,259.45,chittorgarh,"Financing the capital expenditure towards setting up of the Manufacturing Facility through investment in the Wholly-Owned Subsidiary (WOS) Company, Easy Raw Materials Private Limited | Repayment/prepayment of all or certain of the borrowings availed of by the Company | General Corporate Purpose",chittorgarh,80,chittorgarh,13.7,4.4,1.6,5.6,207.03,68.88,43.75,319.65,1.21,100,73.31,236,True,1200,297600,9.7,24,203,25.5,131,132,203,11,22,35,8,15,24,8.1,15.3,25.6,14,29,53,0,0,0,37,54,86,0,-0,4,11.82,45.28,0.00,203,24,Mar 2025,3,sharescart,sharescart,investorgain,sharescart
INE162901016,Meta Infotech Ltd.,SME,,544441,2025-07-04,2025-07-08,2025-07-11,161.00,80.15,Bookbuilding,BSE SME,Hem Securities,2025,Hem Finlease Pvt.Ltd.,chittorgarh,16,chittorgarh,60,chittorgarh,75.0,chittorgarh,22.58,chittorgarh,225.00,chittorgarh,236.25,chittorgarh,225.00,chittorgarh,236.25,chittorgarh,"Repayment in full or in part, of certain of the outstanding borrowings | Funding capital expenditure towards establishment of new office premises at Unit no 911, 9th Floor, MINT Sahar, Andheri - kurla Road, Andheri east, Mumbai | Setup of an interactive experience centre at our registered office situated at Unit no 118 and 119, 1st Floor, Ackruti Star, MIDC, Andheri East, Mumbai 400093 | General Corporate Purpose",chittorgarh,80,chittorgarh,147.8,227.8,122.1,155.3,2224.81,3500.60,3218.25,8944.14,24.84,99.03,68.9,153,True,1600,257600,17.1,14,219,9.4,108,152,219,11,17,26,7,11,14,3.7,6,8.1,20,30,45,0,1,3,76,59,74,35,-4,-13,6.39,31.11,0.07,219,14,Mar 2025,3,sharescart,sharescart,ipowatch,sharescart
INE0TLP01015,Happy Square Outsourcing Services Ltd.,SME,WHITEFORCE,,2025-07-03,2025-07-07,2025-07-10,76.00,24.25,Bookbuilding,NSE SME,Corpwis,2025,Giriraj Stock Broking Pvt.Ltd.,chittorgarh,22,chittorgarh,2.00,chittorgarh,8.3,chittorgarh,6.60,chittorgarh,77.00,chittorgarh,80.85,chittorgarh,77.00,chittorgarh,80.85,chittorgarh,Funding of working capital requirements of the Company | General corporate purposes,chittorgarh,24,chittorgarh,0,0,0,0,31.52,9.66,16.44,57.61,6.58,84,60.89,72,True,1600,121600,10.9,6,97,7,53,69,97,3,7,10,2,4,6,2.1,5.2,7,2,7,12,3,3,3,14,28,40,-1,-2,-2,6.19,50.00,0.25,97,6,Mar 2025,3,sharescart,sharescart,investorgain,sharescart
INE0TL001013,Cryogenic OGS Ltd.,SME,,544440,2025-07-03,2025-07-07,2025-07-10,47.00,17.77,Bookbuilding,BSE SME,Beeline Capital,2025,Spread X Securities Pvt.Ltd.,chittorgarh,17,chittorgarh,1.00,chittorgarh,5.6,chittorgarh,5.05,chittorgarh,89.30,chittorgarh,93.76,chittorgarh,89.30,chittorgarh,93.76,chittorgarh,To Meet Working Capital Requirements | General Corporate Purposes | Public Issue Expenses,chittorgarh,18,chittorgarh,209.6,856.1,773.8,646.5,706.31,2933.25,4582.42,8221.98,42.55,100,73.53,44,True,3000,141000,8.1,6,33,5.8,22,24,33,6,8,9,4,5,6,3.9,5.1,5.8,18,23,29,0,0,0,24,28,34,2,2,2,18.18,20.69,0.00,33,6,Mar 2025,3,sharescart,sharescart,ipowatch,sharescart
INE0RDJ01019,Vandan Foods Ltd.,SME,,544436,2025-06-30,2025-07-02,2025-07-07,115.00,30.36,Fixed Price,BSE SME,Nirbhay Capital,2025,Aftertrade Broking Pvt.Ltd.,chittorgarh,29,chittorgarh,1.00,chittorgarh,3.3,chittorgarh,,,125.00,chittorgarh,125.00,chittorgarh,118.75,chittorgarh,118.75,chittorgarh,To Meet Working Capital Requirements | Prepayment or repayment of all or a portion of certain outstanding borrowings availed by the Company | Funding the capital expenditure requirement for expansion of the Dhinoj Facility (CAPEX) | General Corporate Purpose,chittorgarh,30,chittorgarh,0,0,0,0,,,,,,96.94,66.42,,False,1200,0,,7,108,13.8,12,49,108,1,3,11,1,2,7,2.1,4.3,12,2,9,16,0,0,8,5,12,49,3,1,-12,6.48,43.75,0.50,108,7,Mar 2025,3,sharescart,sharescart,,sharescart
INE0TBQ01014,Marc Loire Fashions Ltd.,SME,,544437,2025-06-30,2025-07-02,2025-07-07,100.00,21.00,Fixed Price,BSE SME,Finshore Management,2025,Black Fox Financial Pvt.Ltd.,chittorgarh,20,chittorgarh,1.00,chittorgarh,4.8,chittorgarh,,,80.00,chittorgarh,80.00,chittorgarh,76.00,chittorgarh,76.00,chittorgarh,Funding Capital Expenditure for expansion of the Retail Network by launching 15 new Exclusive Brand Outlets (EBOs) | Funding Capital Expenditure for purchase of Multi-Purpose Racks | Working Capital Requirements | General Corporate Expenses,chittorgarh,21,chittorgarh,0,0,0,0,,,,,,99.99,70.42,,False,1200,0,,5,42,9.4,37,40,42,1,6,7,1,4,5,1.3,8.2,9.4,2,6,11,0,0,0,13,17,22,1,-2,1,11.90,45.45,0.00,42,5,Mar 2025,3,sharescart,sharescart,,sharescart
INE11J101017,Cedaar Textile Ltd.,SME,CEDAAR,,2025-06-30,2025-07-02,2025-07-07,140.00,60.90,Bookbuilding,NSE SME,Novus Capital,2025,NNM Securities Pvt.Ltd.,chittorgarh,58,chittorgarh,3.00,chittorgarh,4.9,chittorgarh,9.52,chittorgarh,119.00,chittorgarh,119.00,chittorgarh,113.05,chittorgarh,113.05,chittorgarh,Installation of Grid-tied Solar PV Rooftop System for Captive evacuation | Modernization of the Machines | To meet working capital requirements | General Corporate Purpose; and | Issue Expenses,chittorgarh,61,chittorgarh,0,0,0,0,276.79,96.88,204.29,577.96,7.14,100,68.66,130,True,1000,140000,9.9,12,208,14.1,160,189,208,20,31,33,5,12,12,6.1,16.1,12.6,14,25,66,79,73,33,176,198,226,-2,6,17,5.77,18.18,0.50,208,12,Mar 2025,3,sharescart,sharescart,ipowatch,sharescart
INE154801018,Pushpa Jewellers Ltd.,SME,PUSHPA,,2025-06-30,2025-07-02,2025-07-07,147.00,98.65,Bookbuilding,NSE SME,Affinity Global,2025,Sunflower Broking Pvt.Ltd.,chittorgarh,74,chittorgarh,20,chittorgarh,20.2,chittorgarh,14.05,chittorgarh,112.00,chittorgarh,117.60,chittorgarh,106.40,chittorgarh,117.60,chittorgarh,To meet working capital Expenses | To Finance Establishment of proposed new showroom - Cost of Capital expenditure for the proposed new showroom | Cost of Inventory for the proposed new showroom | General Corporate Purposes | To meet the Offer Related Expenses | Total,chittorgarh,99,chittorgarh,0,0,0,0,38.85,40.26,121.55,200.67,19.05,100,72.29,143,True,1000,147000,12.5,22,281,11.8,166,255,281,13,20,32,8,14,22,4.3,7.2,11.8,22,36,58,5,5,11,43,51,91,0,9,0,7.83,37.93,0.19,281,22,Mar 2025,3,sharescart,sharescart,ipowatch,sharescart
INE0SN801015,Silky Overseas Ltd.,SME,SILKY,,2025-06-30,2025-07-02,2025-07-07,161.00,30.68,Bookbuilding,NSE SME,Gretex Corporate,2025,Gretex Share Broking Pvt.Ltd.,chittorgarh,26,chittorgarh,5.00,chittorgarh,16.1,chittorgarh,7.68,chittorgarh,171.00,chittorgarh,171.00,chittorgarh,162.45,chittorgarh,162.45,chittorgarh,Setting up of Additional Storage Facility | Repayment/Pre-payment of Certain Debt Facilities | Working Capital Requirement | General Corporate Purposes,chittorgarh,31,chittorgarh,0,0,0,0,322.93,1661.83,1071.35,3056.10,9.94,86.38,,153,True,800,128800,6.9,10,124,23.3,68,70,124,5,12,18,1,6,10,2.5,12.7,23.3,5,15,26,5,9,6,40,50,73,4,0,8,8.06,38.46,0.23,124,10,Mar 2025,3,sharescart,sharescart,ipowatch,
INE0UZO01024,Neetu Yoshi Ltd.,SME,,544434,2025-06-27,2025-07-01,2025-07-04,75.00,77.04,Bookbuilding,BSE SME,Horizon Management,2025,NNM Securities Pvt.Ltd. R.K.Stock Holding Pvt.Ltd. Choice Equity Broking Pvt.Ltd.,chittorgarh,73,chittorgarh,4.00,chittorgarh,5.2,chittorgarh,21.90,chittorgarh,105.00,chittorgarh,110.25,chittorgarh,100.20,chittorgarh,110.25,chittorgarh,Setting up of new manufacturing facility | General corporate purposes,chittorgarh,77,chittorgarh,96.4,189.7,91.2,119.2,1410.73,2825.48,2335.78,6571.99,18.67,95.23,,71,True,1600,120000,12.9,16,71,5.8,16,47,71,1,17,23,0,13,16,0.3,4.6,5.8,6,20,45,5,8,6,15,38,64,-2,8,12,22.54,35.56,0.13,71,16,Mar 2025,3,sharescart,sharescart,ipowatch,
INE0W1601012,Adcounty Media India Ltd.,SME,,544435,2025-06-27,2025-07-01,2025-07-04,85.00,50.69,Bookbuilding,BSE SME,Narnolia Financial,2025,Prabhat Financial Services Ltd.,chittorgarh,48,chittorgarh,3.00,chittorgarh,5.9,chittorgarh,14.33,chittorgarh,130.00,chittorgarh,136.50,chittorgarh,123.50,chittorgarh,136.50,chittorgarh,To meet out the Capital Expenditure requirements of the Company. | To meet out the Working Capital requirements of the Company. | Unidentified Acquisition of the Company and General Corporate Purposes.,chittorgarh,51,chittorgarh,137.3,397.9,229.4,251.7,1313.03,3993.90,3843.18,9150.11,38.82,89.14,65.51,80,True,1600,136000,10.1,14,69,8.4,54,43,69,10,11,19,8,8,14,4.8,5.1,8.3,12,20,38,0,0,0,29,32,51,1,4,-0,20.29,36.84,0.00,69,14,Mar 2025,3,sharescart,sharescart,ipowatch,sharescart
INE0XM301010,Moving Media Entertainment Ltd.,SME,MMEL,,2025-06-26,2025-06-30,2025-07-03,70.00,43.40,Bookbuilding,NSE SME,Gretex Corporate,2025,Gretex Share Broking Pvt.Ltd.,chittorgarh,33,chittorgarh,10.00,chittorgarh,23.3,chittorgarh,9.87,chittorgarh,71.00,chittorgarh,74.55,chittorgarh,71.00,chittorgarh,74.55,chittorgarh,Investment in Advanced Camera Solutions | Repayment/Pre-payment of Certain Debt Facilities | General Corporate Purposes,chittorgarh,43,chittorgarh,0,0,0,0,363.38,633.54,705.07,1701.99,7.14,85.58,57.36,66,True,2000,140000,8.2,10,37,8.5,8,23,37,2,16,29,1,10,10,2.5,16.6,8.2,2,12,39,0,5,19,8,33,95,4,7,10,27.03,25.64,0.49,37,10,Mar 2025,3,sharescart,sharescart,ipowatch,sharescart
INE130701019,Valencia India Ltd.,SME,,544433,2025-06-26,2025-06-30,2025-07-03,110.00,48.95,Bookbuilding,BSE SME,Interactive Financial,2025,Aftertrade Broking Pvt.Ltd.,chittorgarh,42,chittorgarh,5,chittorgarh,10.2,chittorgarh,,,88.00,chittorgarh,88.00,chittorgarh,83.60,chittorgarh,83.60,chittorgarh,Development of 15 villas and club house | General corporate purposes,chittorgarh,49,chittorgarh,1.3,1.2,1.3,1.3,5.93,17.75,38.44,62.12,19.09,86.67,,95,True,1200,132000,45.8,2,8,2.4,5,7,8,1,3,4,1,2,2,1.9,2,2.3,1,9,11,3,1,5,6,12,20,0,2,3,25.00,18.18,0.45,8,2,Mar 2025,3,sharescart,sharescart,ipowatch,
INE0S9X01011,Ace Alpha Tech Ltd.,SME,,544431,2025-06-26,2025-06-30,2025-07-03,69.00,32.22,Bookbuilding,BSE SME,Narnolia Financial,2025,SS Corporate Securities Ltd.,chittorgarh,23,chittorgarh,8,chittorgarh,25.0,chittorgarh,9.11,chittorgarh,81.00,chittorgarh,85.05,chittorgarh,77.10,chittorgarh,85.05,chittorgarh,Capital Expenditure | Unidentified Acquisition and General Corporate Purposes | Issue Expenses,chittorgarh,32,chittorgarh,67.1,122.4,91.9,93.8,407.17,781.96,979.25,2168.38,18.84,55.8,43.9,65,True,2000,138000,7.9,11,16,8.7,5,15,16,4,14,15,3,10,11,2.6,7.4,8,4,22,33,0,0,0,5,23,33,1,10,11,68.75,33.33,0.00,16,11,Mar 2025,3,sharescart,sharescart,ipowatch,sharescart
INE0VJT01017,PRO FX Tech Ltd.,SME,PROFX,,2025-06-26,2025-06-30,2025-07-03,87.00,40.30,Bookbuilding,NSE SME,Hem Securities,2025,Hem Finlease Pvt.Ltd.,chittorgarh,38,chittorgarh,2.00,chittorgarh,5.0,chittorgarh,11.46,chittorgarh,95.00,chittorgarh,99.75,chittorgarh,95.00,chittorgarh,99.75,chittorgarh,Repayment of a portion of certain borrowing availed by the Company | Funding capital expenditure towards setting-up of 3 new Showroom cum experience centres (“Showroom”) | To meet Working Capital requirements | General Corporate Purpose,chittorgarh,40,chittorgarh,0,0,0,0,168.35,325.30,188.50,682.15,2.3,68.4,50.3,82,True,1600,139200,9.2,12,129,9.5,96,110,129,11,15,18,6,9,12,4.9,7.3,9.5,15,25,37,0,2,1,36,45,65,-2,1,3,9.30,32.43,0.03,129,12,Mar 2025,3,sharescart,sharescart,ipowatch,sharescart
INE14W901010,Rama Telecom Ltd.,SME,RTL,,2025-06-25,2025-06-27,2025-07-02,68.00,25.13,Bookbuilding,NSE SME,Affinity Global,2025,Asnani Stock Broker Pvt.Ltd.,chittorgarh,24,chittorgarh,1.00,chittorgarh,4.0,chittorgarh,,,72.00,chittorgarh,75.00,chittorgarh,68.40,chittorgarh,68.40,chittorgarh,To meet working capital Expenses | To meet Capital Expenditure | General Corporate Purposes | To meet the offer related expenses,chittorgarh,25,chittorgarh,0,0,0,0,5.00,10.68,23.95,39.63,5.88,98.98,71.28,65,True,2000,136000,11.5,6,42,5.9,33,37,42,2,4,8,1,3,6,1.1,2.8,5.8,7,10,16,2,3,1,16,19,29,-1,1,0,14.29,37.50,0.06,42,6,Mar 2025,3,sharescart,sharescart,ipowatch,sharescart
INE0SGZ01016,Suntech Infra Solutions Ltd.,SME,SUNTECH,,2025-06-25,2025-06-27,2025-07-02,86.00,44.39,Bookbuilding,NSE SME,GYR Capital,2025,Giriraj Stock Broking Pvt.Ltd.,chittorgarh,32,chittorgarh,10,chittorgarh,22.7,chittorgarh,12.63,chittorgarh,109.10,chittorgarh,110.00,chittorgarh,103.65,chittorgarh,103.80,chittorgarh,Funding working capital requirements of the company | Funding of capital expenditure requirements of the company towards purchase of Construction Equipments for civil construction business | General corporate purposes,chittorgarh,44,chittorgarh,0,0,0,0,1035.95,3353.83,2216.20,6605.98,13.95,94.17,74.84,81,True,1600,137600,10.8,12,153,8,86,96,153,20,27,38,6,12,12,4,7.8,7.9,26,38,50,17,33,56,100,118,159,30,18,7,7.84,24.00,1.12,153,12,Mar 2025,3,sharescart,sharescart,ipowatch,sharescart
INE0SC101013,Supertech EV Ltd.,SME,,544428,2025-06-25,2025-06-27,2025-07-02,92.00,29.90,Bookbuilding,BSE SME,Corporate Makers,2025,Asnani Stock Broker Pvt.Ltd.,chittorgarh,28,chittorgarh,2.00,chittorgarh,6.7,chittorgarh,,,73.60,chittorgarh,73.60,chittorgarh,69.92,chittorgarh,69.92,chittorgarh,Working capital requirement. | Repayment of portion of certain borrowings availed by the Company. | General corporate purposes.,chittorgarh,30,chittorgarh,1,2,7.1,4.2,1.42,29.73,95.31,126.46,3.26,94.04,,87,True,1200,110400,12.4,6,75,7.4,2,65,75,0,7,10,0,5,6,0.3,5.5,6.8,1,10,17,0,0,2,5,26,44,-1,-7,-5,8.00,35.29,0.12,75,6,Mar 2025,3,sharescart,sharescart,ipowatch,
INE0ZDY01011,Abram Food Ltd.,SME,,544422,2025-06-24,2025-06-26,2025-07-01,98.00,13.99,Fixed Price,BSE SME,Corporate Makers,2025,Giriraj Stock Broking Pvt.Ltd.,chittorgarh,13,chittorgarh,1.00,chittorgarh,7.1,chittorgarh,,,90.40,chittorgarh,94.92,chittorgarh,86.01,chittorgarh,94.92,chittorgarh,Capital Expenditure for purchase of machineries | Funding of Working Capital Requirement of the company | General corporate purposes | Issue related expenses in relation to Issue,chittorgarh,14,chittorgarh,0,0,0,0,,,,,5.1,93.14,67.33,,False,1200,0,,3,64,9.1,33,36,64,1,2,5,0,1,3,1.4,2.9,8.7,3,4,8,0,0,0,8,11,17,-1,-1,-1,4.69,37.50,0.00,64,3,Mar 2025,3,sharescart,sharescart,ipowatch,sharescart
INE0Y0E01012,Icon Facilitators Ltd.,SME,,544426,2025-06-24,2025-06-26,2025-07-01,91.00,19.11,Bookbuilding,BSE SME,Khambatta Securities,2025,Nikunj Stock Brokers Ltd.,chittorgarh,18,chittorgarh,1.00,chittorgarh,5.3,chittorgarh,,,90.00,chittorgarh,90.00,chittorgarh,85.50,chittorgarh,85.50,chittorgarh,Working Capital Requirement | General Corporate Purpose,chittorgarh,19,chittorgarh,2.2,0.9,4.1,2.4,2.00,8.88,35.33,46.20,4.4,95.65,,85,True,1200,109200,11.5,4,58,7.9,43,50,58,3,3,7,2,2,4,3.5,3.2,7.8,4,6,13,2,2,4,14,17,24,-0,4,0,6.90,30.77,0.31,58,4,Mar 2025,3,sharescart,sharescart,ipowatch,
INE0NON01025,Shri Hare-Krishna Sponge Iron Ltd.,SME,SHKSIL,,2025-06-24,2025-06-26,2025-07-01,59.00,29.91,Bookbuilding,NSE SME,Hem Securities,2025,Hem Finlease Pvt.Ltd.,chittorgarh,28,chittorgarh,2.00,chittorgarh,6.7,chittorgarh,8.50,chittorgarh,64.80,chittorgarh,65.75,chittorgarh,61.60,chittorgarh,64.55,chittorgarh,Funding of Capital Expenditure requirements of the  company towards setup of Captive Power Plant at Siltara – Raipur | General Corporate Purpose,chittorgarh,30,chittorgarh,10.97,10.09,3.1,3.1,,,,,,,,,,,,,,,,,,,,,,,,,,,,,,,,,,,,,,,,,,,,,,,ipowatch,,,
INE0XRR01010,AJC Jewel Manufacturers Ltd.,SME,,544425,2025-06-23,2025-06-26,2025-07-01,95.00,15.39,Bookbuilding,BSE SME,Smart Horizon Capital,2025,Rikhav Securities Ltd.,chittorgarh,15,chittorgarh,0.00,chittorgarh,0.0,chittorgarh,4.30,chittorgarh,99.00,chittorgarh,99.00,chittorgarh,94.05,chittorgarh,95.39,chittorgarh,Funding of capital expenditure requirements for purchase of new Equipment by the Company | Repayment/prepayment of all or certain of the borrowings availed of by the Company | General corporate purposes,chittorgarh,15,chittorgarh,3.6,1.6,2.9,2.7,10.29,4.84,14.77,29.91,4.21,76.85,,90,True,1200,114000,14.8,3,220,6.4,194,246,220,4,6,6,2,3,3,7,7.3,6.4,7,12,15,1,1,2,36,37,49,-2,5,-8,1.36,20.00,0.13,220,3,Mar 2025,3,sharescart,sharescart,investorgain,
INE1GYP01013,Aakaar Medical Technologies Ltd.,SME,AAKAAR,,2025-06-20,2025-06-24,2025-06-27,72.00,27.00,Bookbuilding,NSE SME,Indorient Financial,2025,Alacrity Securities Ltd.,chittorgarh,26,chittorgarh,1.00,chittorgarh,3.7,chittorgarh,7.68,chittorgarh,75.00,chittorgarh,75.00,chittorgarh,71.25,chittorgarh,71.25,chittorgarh,Funding working capital requirements of the Company | General corporate purposes,chittorgarh,27,chittorgarh,0,0,0,0,17.97,7.07,17.36,42.41,,91.11,67.05,68,True,1600,115200,11.8,6,62,6.1,33,46,62,4,5,10,2,3,6,2.3,3,5.8,10,13,23,0,0,0,23,35,56,-3,-8,-5,9.68,26.09,0.00,62,6,Mar 2025,3,sharescart,sharescart,,sharescart
INE17D601016,Safe Enterprises Retail Fixtures Ltd.,SME,SAFEENTP,,2025-06-20,2025-06-24,2025-06-27,138.00,169.74,Bookbuilding,NSE SME,Hem Securities,2025,Hem Finlease Pvt.Ltd.,chittorgarh,161,chittorgarh,9.00,chittorgarh,5.3,chittorgarh,48.31,chittorgarh,151.00,chittorgarh,158.55,chittorgarh,151.00,chittorgarh,158.55,chittorgarh,"Funding the Capital Expenditure requirements towards setting up of a new manufacturing unit. | Investment in the Subsidiary, Safe Enterprises Retail Technologies Private Limited for financing its capital expenditure requirements in relation towards installation of additional plant and machinery | To Meet Working Capital Requirements of the Company | Investment in the subsidiary Safe Enterprises Retail Technologies Private Limited to meet working capital requirements | General Corporate Purpose",chittorgarh,170,chittorgarh,34.31,12.51,4.44,14.7,,,,,17.39,,,,,,,,,,,,,,,,,,,,,,,,,,,,,,,,,,,,,,,,,,ipowatch,,ipowatch,
INE0ZTO01018,Mayasheel Ventures Ltd.,SME,MAYASHEEL,,2025-06-20,2025-06-24,2025-06-27,47.00,27.28,Bookbuilding,NSE SME,Narnolia Financial,2025,Prabhat Financial Services Ltd.,chittorgarh,26,chittorgarh,1.00,chittorgarh,3.7,chittorgarh,7.76,chittorgarh,58.00,chittorgarh,60.90,chittorgarh,58.00,chittorgarh,60.90,chittorgarh,Funding capital expenditure requirements for the purchase of equipment/machineries | Funding the Working Capital requirement | General Corporate Purposes,chittorgarh,27,chittorgarh,0,0,0,0,509.21,2786.79,931.94,4227.94,10.64,91.97,67.76,44,True,3000,141000,6.5,11,171,7.2,,,171,,,26,,,11,,,7,,,29,,,21,,,98,,,12,6.43,37.93,0.72,171,11,Mar 2025,1,sharescart,sharescart,ipowatch,sharescart
INE0MYZ01012,Influx Healthtech Ltd.,SME,INFLUX,,2025-06-18,2025-06-20,2025-06-25,96.00,58.57,Bookbuilding,NSE SME,Rarever Financial,2025,R.K.Stock Holding Pvt.Ltd.,chittorgarh,45,chittorgarh,11,chittorgarh,18.6,chittorgarh,16.67,chittorgarh,132.50,chittorgarh,135.85,chittorgarh,125.90,chittorgarh,126.20,chittorgarh,Funding capital expenditure requirements for setting up of manufacturing facility for Nutraceutical Division | Funding capital expenditure requirements for setting up of manufacturing facility for Veterinary Food Division | Purchase of Machineries for Homecare and Cosmetic Division | General corporate purposes,chittorgarh,59,chittorgarh,0,0,0,0,1534.26,4021.23,2292.88,7848.37,16.67,99.86,73.53,91,True,1200,115200,13,13,105,7.4,76,100,105,11,17,21,7,11,13,4,6.1,7.4,12,23,36,0,0,0,28,41,70,6,9,7,12.38,36.11,0.00,105,13,Mar 2025,3,sharescart,sharescart,ipowatch,sharescart
INE11HF01010,Eppeltone Engineers Ltd.,SME,EEPL,,2025-06-17,2025-06-19,2025-06-24,128.00,43.96,Bookbuilding,NSE SME,Expert Global,2025,Prabhat Financial Services Ltd.,chittorgarh,42,chittorgarh,2.00,chittorgarh,4.5,chittorgarh,12.52,chittorgarh,243.20,chittorgarh,255.35,chittorgarh,243.20,chittorgarh,255.35,chittorgarh,Working Capital Requirements of the Company | Funding Capital Expenditure towards installation of additional machinery at the factory | General Corporate Purposes | Issue Expenses,chittorgarh,44,chittorgarh,0,0,0,0,1103.58,3936.50,3625.82,8665.89,23.44,83.69,61.51,125,True,1000,128000,10.7,11,124,12,73,78,124,3,15,19,1,8,11,1.4,9.6,11.8,11,24,40,6,8,18,44,70,124,0,5,-6,8.87,27.50,0.45,124,11,Mar 2025,3,sharescart,sharescart,ipowatch,sharescart
INE17GV01016,Patil Automation Ltd.,SME,PATILAUTOM,,2025-06-16,2025-06-18,2025-06-23,120.00,69.61,Bookbuilding,NSE SME,Seren Capital,2025,Mansi Share & Stock Broking Pvt.Ltd.,chittorgarh,66,chittorgarh,4.00,chittorgarh,5.7,chittorgarh,19.81,chittorgarh,155.00,chittorgarh,162.75,chittorgarh,155.00,chittorgarh,162.75,chittorgarh,Funding of capital expenditure towards setup of new manufacturing facility | Repayment of a portion of certain borrowings availed by the Company | General Corporate Purposes,chittorgarh,70,chittorgarh,0,0,0,0,1096.07,2565.12,1036.37,4697.55,19.17,94.38,,114,True,1200,144000,15.8,12,118,7.6,78,115,118,10,16,19,4,8,12,2.8,5.2,7.3,24,32,54,0,0,0,94,91,115,0,7,1,10.17,22.22,0.00,118,12,Mar 2025,3,sharescart,sharescart,ipowatch,
INE124101010,Samay Project Services Ltd.,SME,SAMAY,,2025-06-16,2025-06-18,2025-06-23,34.00,14.69,Bookbuilding,NSE SME,Smart Horizon Capital,2025,Shreni Shares Ltd.,chittorgarh,14,chittorgarh,1.00,chittorgarh,6.7,chittorgarh,4.08,chittorgarh,36.05,chittorgarh,37.50,chittorgarh,35.90,chittorgarh,36.00,chittorgarh,Funding working capital requirements of the Company | General Corporate Purposes | Total,chittorgarh,15,chittorgarh,0,0,0,0,61.58,150.39,74.75,286.72,,96.29,,32,True,4000,136000,8.9,4,37,3.8,20,41,37,4,7,6,3,5,4,3.1,4.2,3.8,11,16,20,0,0,0,21,25,32,-2,2,2,10.81,20.00,0.00,37,4,Mar 2025,3,sharescart,sharescart,,
INE0XCV01014,Aten Papers & Foam Ltd.,SME,,544417,2025-06-13,2025-06-17,2025-06-20,96.00,31.68,Bookbuilding,BSE SME,Swastika Investmart,2025,Sunflower Broking Pvt.Ltd.,chittorgarh,30,chittorgarh,2.00,chittorgarh,6.2,chittorgarh,,,90.00,chittorgarh,90.00,chittorgarh,85.50,chittorgarh,85.50,chittorgarh,Capital Expenditure | Incremental Working Capital Requirements | General Corporate Purpose | Total,chittorgarh,32,chittorgarh,0,0,0,0,4.32,11.01,31.15,46.48,,99.99,,91,True,1200,115200,9.6,7,139,10,91,97,139,2,5,11,1,3,7,0.7,4,10,4,7,14,3,2,1,30,33,35,0,2,5,5.04,50.00,0.07,139,7,Mar 2025,3,sharescart,sharescart,,
INE1DV401010,Monolithisch India Ltd.,SME,MONOLITH,,2025-06-12,2025-06-16,2025-06-19,143.00,82.02,Bookbuilding,NSE SME,Hem Securities,2025,Hem Finlease Pvt.Ltd.,chittorgarh,78,chittorgarh,4.00,chittorgarh,4.9,chittorgarh,23.35,chittorgarh,231.55,chittorgarh,243.10,chittorgarh,230.00,chittorgarh,243.10,chittorgarh,"Funding capital expenditure towards setting up of a manufacturing facility of the Company by purchase of land, building of factory shed, civil work and installation of additional plant and machinery therein | Investment in our Subsidiary, Metalurgica India Private Limited for financing its capital expenditure towards purchase of land, building of factory shed, civil work and installation of additional plant and machinery therein | To meet working capital requirements | General Corporate Purpose",chittorgarh,82,chittorgarh,0,0,0,0,2013.88,5384.85,2582.81,9981.54,11.89,100,73.61,135,True,1000,143000,15.7,14,97,9.1,,,97,,,21,,,14,,,9.1,,,35,,,0,,,56,,,4,14.43,40.00,0.00,97,14,Mar 2025,1,sharescart,sharescart,ipowatch,sharescart
INE0XIL01012,Jainik Power Cables Ltd.,SME,JAINIK,,2025-06-10,2025-06-12,2025-06-17,110.00,51.30,Bookbuilding,NSE SME,Novus Capital,2025,Rikhav Securities Ltd.,chittorgarh,49,chittorgarh,2.00,chittorgarh,3.9,chittorgarh,,,82.00,chittorgarh,86.10,chittorgarh,82.00,chittorgarh,82.85,chittorgarh,Working Capital Requirement | Fund and set up a plant | Repayment of portion of loan availed by the company | General Corporate Purposes,chittorgarh,51,chittorgarh,0,1.1,2.1,1.5,0.00,9.27,89.62,78.99,6.36,99.79,,100,True,1200,132000,11,9,352,10,67,339,352,1,9,15,0,5,9,0.2,6,9.5,3,8,25,6,7,0,37,35,71,3,7,-5,2.56,36.00,0.00,352,9,Mar 2025,3,sharescart,sharescart,ipowatch,
INE1ARD01016,Sacheerome Ltd.,SME,SACHEEROME,,2025-06-09,2025-06-11,2025-06-16,102.00,61.62,Bookbuilding,NSE SME,GYR Capital,2025,Giriraj Stock Broking Pvt.Ltd.,chittorgarh,59,chittorgarh,3.00,chittorgarh,4.8,chittorgarh,17.54,chittorgarh,153.00,chittorgarh,160.65,chittorgarh,145.35,chittorgarh,160.55,chittorgarh,"Setting Up a new manufacturing facility at 1459b, Sector-32, Yeida, Gautam Buddha Nagar, UP203209 | General Corporate Purpose",chittorgarh,62,chittorgarh,173.2,808.6,180.3,312.9,5334.42,7473.05,3887.86,19282.16,21.57,100,,96,True,1200,122400,10.4,16,108,9.8,70,85,108,10,16,24,6,11,16,3.7,6.5,9.8,35,46,62,0,0,0,48,62,83,11,10,22,14.81,25.81,0.00,108,16,Mar 2025,3,sharescart,sharescart,ipowatch,
INE0ZI101018,Ganga Bath Fittings Ltd.,SME,GANGABATH,,2025-06-04,2025-06-06,2025-06-11,49.00,32.65,Bookbuilding,NSE SME,Jawa Capital,2025,Rikhav Securities Ltd.,chittorgarh,31,chittorgarh,2.00,chittorgarh,6.1,chittorgarh,,,59.00,chittorgarh,59.00,chittorgarh,56.05,chittorgarh,56.05,chittorgarh,"Capital Expenditure towards purchase of equipment/machine ries, etc. | Repayment/prepay ment of certain borrowings availed by the Company | Funding working capital requirements | General Corporate Purpose",chittorgarh,33,chittorgarh,2.22,0.73,2.55,1.64,,,,,2.04,,,,,,,,,,,,,,,,,,,,,,,,,,,,,,,,,,,,,,,,,,ipowatch,,ipowatch,
INE0TE101010,3B Films Ltd.,SME,,544412,2025-05-30,2025-06-03,2025-06-06,50.00,33.75,Fixed Price,BSE SME,Nirbhay Capital,2025,Giriraj Stock Broking Pvt.Ltd.,chittorgarh,16,chittorgarh,16,chittorgarh,47.1,chittorgarh,,,48.50,chittorgarh,48.50,chittorgarh,46.08,chittorgarh,46.08,chittorgarh,Capital Expenditure | Working Capital Requirements | General Corporate Purposes | Fresh Offer related expenses,chittorgarh,34,chittorgarh,,0.85,2.75,1.8,,,,,6.0,,,,,,,,,,,,,,,,,,,,,,,,,,,,,,,,,,,,,,,,,,ipowatch,,ipowatch,
INE104101014,N R Vandana Tex Industries Ltd.,SME,NRVANDANA,,2025-05-28,2025-05-30,2025-06-04,45.00,27.89,Bookbuilding,NSE SME,Marwadi Chandarana Intermediaries,2025,Alacrity Securities Ltd.,chittorgarh,26,chittorgarh,2.00,chittorgarh,7.1,chittorgarh,7.92,chittorgarh,45.00,chittorgarh,46.00,chittorgarh,42.75,chittorgarh,43.70,chittorgarh,Funding working capital requirements of the Company | Prepayment/Repayment of Loan. | General Corporate Purposes | Total,chittorgarh,28,chittorgarh,,,,,,,,,20.0,,,,,,,,,,,,,,,,,,,,,,,,,,,,,,,,,,,,,,,,,,,,investorgain,
INE156901014,Neptune Petrochemicals Ltd.,SME,NEPTUNE,,2025-05-28,2025-05-30,2025-06-04,122.00,73.20,Bookbuilding,NSE SME,Beeline Capital,2025,Spread X Securities Pvt.Ltd.,chittorgarh,70,chittorgarh,3.00,chittorgarh,4.1,chittorgarh,20.85,chittorgarh,132.75,chittorgarh,139.35,chittorgarh,132.50,chittorgarh,139.35,chittorgarh,Funding capital expenditure requirement towards installation of additional plant and machinery and related infrastructure | Funding the capital expenditure for purchase of office space | Funding Working Capital Requirement | General Corporate Expenses,chittorgarh,73,chittorgarh,7.12,2.91,0.0,4.11,,,,,,,,,,,,,,,,,,,,,,,,,,,,,,,,,,,,,,,,,,,,,,,ipowatch,,,
INE0X3M01010,Blue Water Logistics Ltd.,SME,BLUEWATER,,2025-05-27,2025-05-29,2025-06-03,135.00,40.50,Bookbuilding,NSE SME,Smart Horizon Capital,2025,Shreni Shares Ltd.,chittorgarh,38,chittorgarh,3.00,chittorgarh,7.3,chittorgarh,11.27,chittorgarh,141.00,chittorgarh,148.05,chittorgarh,135.20,chittorgarh,148.05,chittorgarh,Funding of capital expenditure requirements by purchase of Vehicles and its body building | Funding working capital requirements of the Company | General Corporate Purposes | Total,chittorgarh,41,chittorgarh,14,9.9,6.6,9.4,284.31,59.96,92.85,379.08,5.93,89.45,65.59,132,True,1000,135000,10.2,11,196,13.3,98,139,196,4,11,19,2,6,11,1.9,7.4,13.3,4,9,20,6,6,14,29,42,76,3,4,-11,5.61,55.00,0.70,196,11,Mar 2025,3,sharescart,sharescart,ipowatch,sharescart
INE0TG901011,Astonea Labs Ltd.,SME,,544409,2025-05-27,2025-05-29,2025-06-03,135.00,37.67,Bookbuilding,BSE SME,Oneview Corporate,2025,Basan Equity Broking Ltd.,chittorgarh,36,chittorgarh,2.00,chittorgarh,5.3,chittorgarh,10.67,chittorgarh,137.45,chittorgarh,140.00,chittorgarh,135.00,chittorgarh,135.65,chittorgarh,"Funding of expenses proposed to be incurred towards registration in Bolivia, South America | Purchase and installation of plant and machineries for ointment production for the purpose of export in accordance with the international standards and protocols, on the 2nd floor of the Existing Premises | Advertising, marketing and brand building | Investment in procuring hardware and software | Funding of working capital requirements | General corporate purposes",chittorgarh,38,chittorgarh,0.7,5.6,1.7,1.8,13.18,31.64,22.28,67.42,,64.03,51.38,128,True,1000,135000,19.6,5,98,6.9,67,80,98,7,12,15,1,4,5,0.9,5.4,6.9,8,12,18,19,20,22,64,81,104,-1,8,9,5.10,27.78,1.22,98,5,Mar 2025,3,sharescart,sharescart,,sharescart
INE0FLF01015,Nikita Papers Ltd.,SME,NIKITA,,2025-05-27,2025-05-29,2025-06-03,104.00,67.54,Bookbuilding,NSE SME,Novus Capital,2025,Rikhav Securities Ltd.,chittorgarh,64,chittorgarh,4.00,chittorgarh,5.9,chittorgarh,9.04,chittorgarh,90.00,chittorgarh,92.50,chittorgarh,85.50,chittorgarh,90.45,chittorgarh,Capital Expenditure towards setting up of Power Plant | Working Capital Requirement | General Corporate Purposes,chittorgarh,68,chittorgarh,0.7,2.1,1.8,1.4,24.99,21.38,43.50,96.58,4.81,80.38,59.22,95,True,1200,124800,8.2,23,364,12.7,398,339,364,28,48,60,5,21,23,3.3,11.4,12.7,55,81,104,69,48,77,257,304,383,10,-12,-20,6.32,22.12,0.74,364,23,Mar 2025,3,sharescart,sharescart,ipowatch,sharescart
INE1ABX01018,Unified Data-Tech Solutions Ltd.,SME,,544406,2025-05-22,2025-05-26,2025-05-29,273.00,144.47,Bookbuilding,BSE SME,Hem Securities,2025,Hem Finlease Pvt.Ltd.,chittorgarh,,,137,chittorgarh,95.1,chittorgarh,41.14,chittorgarh,285.00,chittorgarh,299.25,chittorgarh,272.50,chittorgarh,299.25,chittorgarh,,,144,chittorgarh,83.2,212.4,43.6,91.1,6011.46,4603.52,2205.65,13164.25,19.05,100,29.6,260,True,400,109200,16.1,34,220,17,110,260,220,15,34,45,10,25,34,5.2,12.5,17,39,64,98,0,0,0,64,78,146,23,10,49,15.45,34.69,0.00,220,34,Mar 2025,3,sharescart,sharescart,investorgain,sharescart
INE04Q901010,Dar Credit & Capital Ltd.,SME,DCCL,,2025-05-21,2025-05-23,2025-05-28,60.00,25.66,Bookbuilding,NSE SME,GYR Capital,2025,SMC Global Securities Ltd.,chittorgarh,24,chittorgarh,2.00,chittorgarh,7.7,chittorgarh,7.30,chittorgarh,65.15,chittorgarh,66.00,chittorgarh,61.90,chittorgarh,63.95,chittorgarh,Augment the capital base of the Company | General Corporate Purposes,chittorgarh,26,chittorgarh,31.3,208.5,104.9,106.1,401.39,802.20,941.78,2721.85,16.67,100,,57,True,2000,120000,8.6,7,40,7,25,32,40,16,23,30,3,4,7,2.7,3.7,7,62,67,74,72,63,46,187,237,222,-4,-21,27,17.50,9.46,0.62,40,7,Mar 2025,3,sharescart,sharescart,investorgain,
INE0T8T01010,Accretion Pharmaceuticals Ltd.,SME,ACCPL,,2025-05-14,2025-05-16,2025-05-21,101.00,29.75,Bookbuilding,NSE SME,Jawa Capital,2025,Gretex Share Broking Pvt.Ltd.,chittorgarh,28,chittorgarh,2.00,chittorgarh,6.7,chittorgarh,2.13,chittorgarh,79.00,chittorgarh,82.95,chittorgarh,75.05,chittorgarh,82.95,chittorgarh,"Capital expenditure towards purchase of new equipment/ machineries, etc. | Capital expenditure towards upgradation of existing manufacturing facility | Repayment/prepayme nt of certain borrowings availed by the Company | Funding working capital requirements | General Corporate Purpose",chittorgarh,30,chittorgarh,12.1,4.3,10.5,7.7,180.61,19.10,109.76,228.22,7.92,100,73.48,96,True,1200,121200,11.9,7,57,8.5,,13,57,,3,12,,1,7,,2,8.3,,5,15,,7,1,,27,40,,-12,6,12.28,46.67,0.07,57,7,Mar 2025,2,sharescart,sharescart,ipowatch,sharescart
INE0YSH01017,Integrity Infrabuild Developers Ltd.,SME,INTEGRITY,,2025-05-13,2025-05-15,2025-05-20,100.00,12.00,Fixed Price,NSE SME,Aryaman Financial,2025,Aryaman Capital Markets Ltd.,chittorgarh,11,chittorgarh,1.00,chittorgarh,8.3,chittorgarh,,,100.80,chittorgarh,104.85,chittorgarh,100.20,chittorgarh,103.50,chittorgarh,Purchase of machinery and equipment | Funding Working capital requirements | General Corporate Purpose,chittorgarh,12,chittorgarh,0,2.1,2.3,2.2,0.00,12.54,13.56,26.04,,98.9,74.17,100,False,1200,120000,11.1,3,109,9,,,109,,,9,,,3,,,8.9,,,6,,,7,,,43,,,18,2.75,50.00,1.17,109,3,Mar 2025,1,sharescart,sharescart,,sharescart
INE0VRH01015,Virtual Galaxy Infotech Ltd.,SME,VGINFOTECH,,2025-05-09,2025-05-14,2025-05-19,142.00,93.29,Bookbuilding,NSE SME,Smart Horizon Capital,2025,Alacrity Securities Ltd.,chittorgarh,89,chittorgarh,4.00,chittorgarh,4.3,chittorgarh,26.13,chittorgarh,180.00,chittorgarh,189.00,chittorgarh,180.00,chittorgarh,189.00,chittorgarh,"Capital expenditure towards setting up additional development facility in Nagpur, Maharashtra | Repayment/prepayment of certain borrowings availed by the Company | Investment in procuring GPU, server & storage system at Data Centre | Funding of expenditure related to enhancement, maintenance and upgrading existing products through manpower hiring | Funding for business development and marketing activities | General corporate purposes",chittorgarh,93,chittorgarh,129.7,590.3,134,231.5,6051.05,8260.30,4376.47,21592.90,6.34,100,72,135,True,100,14200,8.1,32,120,17.6,58,61,120,13,31,56,2,16,32,1.1,9.9,17.6,25,41,93,31,31,32,87,116,158,8,33,43,26.67,34.41,0.34,120,32,Mar 2025,3,sharescart,sharescart,ipowatch,sharescart
INE0MV001018,Manoj Jewellers Ltd.,SME,,544400,2025-05-05,2025-05-07,2025-05-12,54.00,16.20,Fixed Price,BSE SME,Jawa Capital,2025,Shreni Shares Ltd.,chittorgarh,15,chittorgarh,1.00,chittorgarh,6.2,chittorgarh,,,53.95,chittorgarh,53.95,chittorgarh,51.26,chittorgarh,53.77,chittorgarh,Repayment/ prepayment of certain borrowings availed by the Company | General Corporate Purpose,chittorgarh,16,chittorgarh,0,1.3,1,1.1,0.00,10.29,8.18,18.47,,99.99,,54,False,2000,108000,6.8,5,60,8,14,43,60,2,6,8,1,3,5,1,5.4,8,7,10,15,5,13,12,13,26,35,5,-6,-4,8.33,33.33,0.80,60,5,Mar 2025,3,sharescart,sharescart,,
INE0RJ901010,Srigee DLM Ltd.,SME,,544399,2025-05-05,2025-05-07,2025-05-12,99.00,16.98,Bookbuilding,BSE SME,GYR Capital,2025,Globalworth Securities Ltd.,chittorgarh,16,chittorgarh,1.00,chittorgarh,5.9,chittorgarh,4.80,chittorgarh,188.10,chittorgarh,197.50,chittorgarh,188.10,chittorgarh,197.50,chittorgarh,"To meet out the Capital Expenditure: i.To set up a manufacturing facility at Plot No. 15, Ecotech – X, Industrial Area, Greater Noida, Gautam Budh Nagar, Uttar Pradesh | ii. Acquisition of machineries to be installed at proposed manufacturing facility as mentioned in point i. above | General Corporate Purposes",chittorgarh,17,chittorgarh,136.5,1534.7,243.7,490.9,1158.82,3907.98,1448.07,8334.28,8.08,63.44,,94,True,1200,118800,8.4,5,71,11.8,47,54,71,5,5,7,3,3,5,6.9,6.9,11.8,11,14,19,1,0,2,20,25,33,2,1,1,7.04,26.32,0.11,71,5,Mar 2025,3,sharescart,sharescart,ipowatch,
INE0AOG01018,Kenrik Industries Ltd.,SME,,544398,2025-04-29,2025-05-06,2025-05-09,25.00,8.75,Fixed Price,BSE SME,Turnaround Corporate,2025,MNM Stock Broking Pvt.Ltd.,chittorgarh,8,chittorgarh,1.00,chittorgarh,11.1,chittorgarh,,,25.01,chittorgarh,26.26,chittorgarh,25.01,chittorgarh,26.26,chittorgarh,To meet Working Capital Requirements | General Corporate Expenses,chittorgarh,9,chittorgarh,0,0.2,3.8,2,0.00,0.87,16.57,17.49,,94.26,70.69,25,False,6000,150000,22.7,1,75,1.1,52,71,75,1,1,2,0,1,1,0.5,1.2,1.1,12,13,14,0,0,0,16,16,18,0,2,-3,1.33,7.14,0.00,75,1,Mar 2025,3,sharescart,sharescart,,sharescart
INE0TTG01017,Arunaya Organics Ltd.,SME,ARUNAYA,,2025-04-29,2025-05-02,2025-05-07,58.00,33.99,Bookbuilding,NSE SME,Unistone Capital,2025,R.K.Stock Holding Pvt.Ltd.,chittorgarh,29,chittorgarh,3,chittorgarh,8.8,chittorgarh,,,30.10,chittorgarh,31.60,chittorgarh,29.05,chittorgarh,31.60,chittorgarh,"Setting up of a new manufacturing facility located at D-3/26/3, Dahej III, Industrial Estate, Dahej-392 130, Vagra, Bharuch, Gujarat (“Proposed Greenfield Project”); | Funding working capital requirements of the company | General corporate purposes",chittorgarh,34,chittorgarh,1,1.5,4.3,2.5,6.87,20.26,58.87,85.99,13.79,91.72,,55,True,2000,116000,16.6,4,83,3.5,76,62,83,4,8,7,2,4,4,1.5,4,3.4,7,11,17,3,4,6,38,45,61,-4,2,1,4.82,23.53,0.35,83,4,Mar 2025,3,sharescart,sharescart,ipowatch,
INE1AII01014,Iware Supplychain Services Ltd.,SME,IWARE,,2025-04-28,2025-04-30,2025-05-06,95.00,27.13,Fixed Price,NSE SME,GetFive Advisors,2025,SMC Global Securities Ltd.,chittorgarh,26,chittorgarh,1.00,chittorgarh,3.7,chittorgarh,,,85.05,chittorgarh,89.25,chittorgarh,80.80,chittorgarh,80.90,chittorgarh,Capital expenditure requirement for the construction of new industrial shed | Funding Working capital requirements | General Corporate Purpose,chittorgarh,27,chittorgarh,0,2.7,3.3,3,0.00,35.95,44.50,80.31,2.11,100,73.35,95,False,1200,114000,9.3,8,86,10.2,44,59,86,6,11,17,0,4,8,0.5,5.3,10.2,4,8,16,20,14,19,39,47,56,2,10,6,9.30,50.00,1.19,86,8,Mar 2025,3,sharescart,sharescart,investorgain,sharescart
INE0Z7N01017,Tankup Engineers Ltd.,SME,TANKUP,,2025-04-23,2025-04-25,2025-04-30,140.00,19.53,Bookbuilding,NSE SME,Hem Securities,2025,Hem Finlease Pvt.Ltd.,chittorgarh,19,chittorgarh,1.00,chittorgarh,5.0,chittorgarh,5.39,chittorgarh,175.00,chittorgarh,183.75,chittorgarh,175.00,chittorgarh,183.75,chittorgarh,"Repayment in full or in part, of certain of the outstanding borrowings; | Funding to meet working capital requirements | General Corporate Purpose",chittorgarh,20,chittorgarh,43.7,437.6,46.5,124.7,426.24,1282.01,317.92,2434.81,2.86,100,73.65,133,True,1000,140000,31.8,2,20,4.4,12,19,20,1,4,3,1,2,2,2.9,9,3.9,1,4,7,1,1,0,9,10,22,-1,-1,-6,10.00,28.57,0.00,20,2,Mar 2025,3,sharescart,sharescart,ipowatch,sharescart
INE10XX01012,Spinaroo Commercial Ltd.,SME,,544392,2025-03-28,2025-04-03,2025-04-08,51.00,10.17,Fixed Price,BSE SME,Finshore Management,2025,Black Fox Financial Pvt.Ltd.,chittorgarh,10,chittorgarh,0.00,chittorgarh,0.0,chittorgarh,,,52.85,chittorgarh,55.00,chittorgarh,52.60,chittorgarh,54.44,chittorgarh,Working Capital Requirements | General Corporate Expenses,chittorgarh,10,chittorgarh,0,1.8,1.2,1.5,0.00,9.36,6.10,15.46,,66.67,47.66,51,False,2000,102000,63.8,1,39,0.8,41,39,39,3,3,1,1,1,1,2.8,2.9,0.8,6,7,17,1,1,0,19,21,28,1,1,-6,2.56,14.29,0.14,39,1,Mar 2025,2,sharescart,sharescart,,sharescart
INE12IB01015,Infonative Solutions Ltd.,SME,,544393,2025-03-28,2025-04-03,2025-04-08,79.00,24.71,Bookbuilding,BSE SME,Share India Capital,2025,Share India Securities Ltd.,chittorgarh,23,chittorgarh,2.00,chittorgarh,8.0,chittorgarh,,,63.20,chittorgarh,63.20,chittorgarh,60.04,chittorgarh,60.04,chittorgarh,"To meet the expenses for development of new products, courses and new features in LMS and purchase of laptop | To meet the working capital requirements | General corporate purposes and Unidentified Acquisitions",chittorgarh,25,chittorgarh,18.6,2.2,4.3,4.5,229.44,7.97,36.76,111.94,18.99,63.31,47.37,75,True,1600,126400,11.6,6,22,6.8,21,18,22,2,3,9,1,1,6,1.2,1.7,6.8,9,10,16,0,1,1,13,14,24,0,0,5,27.27,37.50,0.06,22,6,Mar 2025,3,sharescart,sharescart,ipowatch,sharescart
INE0KWJ01014,Retaggio Industries Ltd.,SME,,544391,2025-03-27,2025-04-02,2025-04-07,25.00,15.50,Fixed Price,BSE SME,Gretex Corporate,2025,Gretex Share Broking Pvt.Ltd.,chittorgarh,14,chittorgarh,1.00,chittorgarh,6.7,chittorgarh,,,25.10,chittorgarh,25.50,chittorgarh,23.85,chittorgarh,25.20,chittorgarh,Repayment/Prepayment of Certain Debt Facilities | Working Capital Requirements | Total,chittorgarh,15,chittorgarh,0,1.2,2.6,1.9,0.00,8.99,19.91,28.82,,99.99,60.18,25,False,6000,150000,9.6,2,23,2.6,23,23,23,4,5,4,3,3,2,3.3,3.6,2.6,15,19,21,3,1,3,27,33,39,-22,7,1,8.70,9.52,0.14,23,2,Mar 2025,3,sharescart,sharescart,,sharescart
INE0PA401012,Identixweb Ltd.,SME,,544388,2025-03-26,2025-03-28,2025-04-03,54.00,16.63,Bookbuilding,BSE SME,Beeline Capital,2025,Spread X Securities Pvt.Ltd.,chittorgarh,16,chittorgarh,1.00,chittorgarh,5.9,chittorgarh,4.73,chittorgarh,55.00,chittorgarh,57.75,chittorgarh,55.00,chittorgarh,57.75,chittorgarh,Investment in marketing to support organization’s growth plans in India or Outside India | Investment into market research and product development through Talent Hiring for the issuer company | Investment in the Subsidiary for Product Development through Talent Hiring | General Corporate Purposes,chittorgarh,17,chittorgarh,11.2,73.5,14.4,26.2,93.06,183.27,83.71,434.93,14.81,89.34,,51,True,2000,108000,12,3,9,4.5,6,6,9,2,4,6,1,3,3,2,3.6,5.1,5,10,19,0,0,0,6,12,22,2,3,3,33.33,15.79,0.00,9,3,Mar 2025,3,sharescart,sharescart,ipowatch,
INE0DM401012,Shri Ahimsa Naturals Ltd.,SME,SHRIAHIMSA,,2025-03-25,2025-03-27,2025-04-02,119.00,73.81,Bookbuilding,NSE SME,Srujan Alpha Capital,2025,Choice Equity Broking Pvt.Ltd.,chittorgarh,46,chittorgarh,24,chittorgarh,32.4,chittorgarh,20.88,chittorgarh,140.00,chittorgarh,147.00,chittorgarh,140.00,chittorgarh,147.00,chittorgarh,"Investment in our Wholly-Owned Subsidiary, Shri Ahimsa Healthcare Private Limited (SAHPL) for setting up a manufacturing unit at Sawarda, Jaipur, Rajasthan | General Corporate Purposes",chittorgarh,74,chittorgarh,21.2,182.8,35,62.7,783.53,2024.18,904.21,4628.83,8.4,77.6,60,113,True,1200,142800,10.3,22,96,11.6,104,78,96,52,27,32,38,19,22,20.9,10.2,9.4,65,84,155,1,0,0,74,103,193,20,6,44,22.92,14.19,0.00,96,22,Mar 2025,3,sharescart,sharescart,ipowatch,sharescart
INE0V0Q01019,ATC Energies System Ltd.,SME,ATCENERGY,,2025-03-25,2025-03-27,2025-04-02,118.00,63.76,Bookbuilding,NSE SME,Indorient Financial,2025,Alacrity Securities Ltd.,chittorgarh,48,chittorgarh,13,chittorgarh,20.3,chittorgarh,10.89,chittorgarh,107.00,chittorgarh,107.00,chittorgarh,101.65,chittorgarh,101.65,chittorgarh,"Repayment and/or pre-payment, in full, the borrowing availed by the Company with respect to purchase of the Noida factory | Funding the capital expenditure requirements towards refurbishment, civil and upgradation works at the Noida factory | Funding the capital expenditure requirement towards IT upgradation at the Noida factory and Vasai factory and the registered office | Funding working capital requirements of the Company | General Corporate Purposes",chittorgarh,64,chittorgarh,1.4,1.4,2.5,1.6,44.00,13.20,55.57,102.66,3.39,100,48.33,112,True,1200,141600,16.6,11,51,7.1,33,51,51,12,15,17,8,10,11,4.8,6.5,5.6,22,33,89,6,6,19,41,50,148,3,3,13,21.57,12.36,0.21,51,11,Mar 2025,3,sharescart,sharescart,investorgain,sharescart
INE0TGG01014,Desco Infratech Ltd.,SME,,544387,2025-03-24,2025-03-26,2025-04-01,150.00,30.75,Bookbuilding,BSE SME,Smart Horizon Capital,2025,Rikhav Securities Ltd.,chittorgarh,29,chittorgarh,2.00,chittorgarh,6.5,chittorgarh,8.66,chittorgarh,160.00,chittorgarh,168.00,chittorgarh,160.00,chittorgarh,168.00,chittorgarh,"Funding of capital expenditure requirements towards setting up of corporate office in Surat, Gujarat. | Funding of capital expenditure requirements towards purchase of machineries. | Funding Working Capital Requirements of the Company. | General Corporate Purposes.",chittorgarh,31,chittorgarh,28.8,233.3,50.6,83.8,442.19,1075.91,544.80,2575.31,5.33,79.29,58.12,147,True,1000,150000,9.3,9,59,16.1,29,29,59,2,6,14,1,3,9,2.7,6.9,11.8,5,12,59,3,2,4,21,24,82,-2,-0,-12,15.25,15.25,0.07,59,9,Mar 2025,3,sharescart,sharescart,ipowatch,sharescart
INE0QX901013,Rapid Fleet Management Services Ltd.,SME,RAPIDFLEET,,2025-03-21,2025-03-25,2025-03-28,192.00,43.87,Bookbuilding,NSE SME,Gretex Corporate,2025,MLB Stock Broking Pvt.Ltd.,chittorgarh,36,chittorgarh,8.00,chittorgarh,18.2,chittorgarh,10.73,chittorgarh,195.00,chittorgarh,203.75,chittorgarh,195.00,chittorgarh,200.90,chittorgarh,Purchase of Vehicles (Goods carriages) | Working Capital Requirements | General Corporate Purposes | Total,chittorgarh,44,chittorgarh,1.1,4.4,0.8,1.7,23.47,28.82,12.44,72.38,,97.5,67.54,183,True,600,115200,9.6,10,172,20,106,116,172,13,18,24,5,8,10,9.4,16.1,13.8,12,20,69,9,8,12,72,71,119,7,6,1,6.90,40.00,0.40,116,8,Mar 2024,2,sharescart,sharescart,,sharescart
INE0KLO01025,Active Infrastructures Ltd.,SME,ACTIVEINFR,,2025-03-21,2025-03-25,2025-03-28,181.00,77.83,Bookbuilding,NSE SME,Kreo Capital,2025,Badjate Stock & Shares Pvt.Ltd.,chittorgarh,74,chittorgarh,4.00,chittorgarh,5.1,chittorgarh,4.43,chittorgarh,181.00,chittorgarh,181.40,chittorgarh,171.95,chittorgarh,175.60,chittorgarh,Funding Working Capital Requirements of the Company. | Repayment/ Prepayment of Certain Borrowings availed by the Company and Margin Money for obtaining Bank Guarantee. | Capital expenditure towards purchase of construction equipments | General Corporate Purpose,chittorgarh,78,chittorgarh,1,1.7,0.6,1.1,38.92,19.38,15.53,81.73,0.55,99.99,71.36,178,True,600,108600,20.6,13,90,8.8,89,97,90,13,18,24,10,9,13,9.2,7,6.3,18,27,112,5,8,4,101,110,197,18,32,5,9.28,33.33,0.30,97,9,Mar 2024,2,sharescart,sharescart,investorgain,sharescart
INE12E301017,Grand Continent Hotels Ltd.,SME,GCHOTELS,,2025-03-20,2025-03-24,2025-03-27,113.00,74.46,Bookbuilding,NSE SME,Indorient Financial,2025,Alacrity Securities Ltd.,chittorgarh,67,chittorgarh,4,chittorgarh,5.4,chittorgarh,21.17,chittorgarh,112.90,chittorgarh,112.90,chittorgarh,107.25,chittorgarh,107.25,chittorgarh,"Repayment and/or prepayment, in full or in part, of certain outstanding borrowings availed by the Company | Expansion of the Hotel properties in India | General Corporate Purpose",chittorgarh,74,chittorgarh,2.9,1.4,1.3,1.8,109.08,15.52,34.40,133.28,0.88,75.02,,107,True,1200,135600,19.8,11,73,5.7,17,31,73,7,10,20,1,4,11,2.3,2.3,4.3,1,30,107,33,29,9,42,74,139,8,-1,6,12.90,13.33,0.97,31,4,Mar 2024,2,sharescart,sharescart,investorgain,
INE0SMW01011,Paradeep Parivahan Ltd.,SME,,544383,2025-03-17,2025-03-19,2025-03-24,98.00,44.86,Bookbuilding,BSE SME,Share India Capital,2025,Share India Securities Ltd.,chittorgarh,39,chittorgarh,6.00,chittorgarh,13.3,chittorgarh,11.69,chittorgarh,78.40,chittorgarh,82.32,chittorgarh,74.48,chittorgarh,82.32,chittorgarh,To Meet Working Capital Requirements. | General corporate purposes.,chittorgarh,45,chittorgarh,1.3,2.7,1.7,1.8,29.83,17.83,26.07,79.86,,100,51.87,93,True,1200,117600,4.6,24,336,21.2,202,211,336,26,36,44,7,15,24,62.4,12.9,15.2,35,58,127,19,26,36,111,132,238,18,7,4,7.11,25.86,0.45,211,15,Mar 2024,2,sharescart,sharescart,,sharescart
INE0NA501011,Divine Hira Jewellers Ltd.,SME,DIVINEHIRA,,2025-03-17,2025-03-19,2025-03-24,90.00,31.84,Fixed Price,NSE SME,Horizon Management,2025,Giriraj Stock Broking Pvt.Ltd.,chittorgarh,30,chittorgarh,2.00,chittorgarh,6.2,chittorgarh,,,90.00,chittorgarh,90.00,chittorgarh,85.50,chittorgarh,85.50,chittorgarh,Prepayment or repayment of all or a portion of certain loans availed by the company | Funding of working capital requirements of the Company | General corporate purposes,chittorgarh,32,chittorgarh,0,1.2,6.6,3.9,0.00,19.10,105.39,125.12,33.33,99.74,72.7,90,False,1600,144000,15.5,6,359,5.8,125,183,359,2,3,9,1,1,6,0.8,1.6,4.3,8,10,43,0,0,0,23,29,65,-1,-1,1,0.55,10.00,0.00,183,1,Mar 2024,2,sharescart,sharescart,ipowatch,sharescart
INE16IQ01014,Super Iron Foundry Ltd.,SME,,544381,2025-03-11,2025-03-13,2025-03-19,108.00,68.05,Fixed Price,BSE SME,Horizon Management,2025,Giriraj Stock Broking Pvt.Ltd.,chittorgarh,65,chittorgarh,3.00,chittorgarh,4.4,chittorgarh,,,107.95,chittorgarh,107.95,chittorgarh,102.60,chittorgarh,102.60,chittorgarh,"Funding of working capital requirements of the company | Repayment/pre-payment, in full or in part, of certain borrowings availed by the Company | General corporate purposes",chittorgarh,68,chittorgarh,0,1.3,1.8,1.6,0.00,45.60,60.91,106.16,13.89,96.53,70.53,108,False,1200,129600,23.5,11,159,4.6,125,155,159,12,18,28,1,4,11,0.8,2.4,4.6,53,57,173,30,30,14,209,233,310,12,12,6,2.58,7.02,0.53,155,4,Mar 2024,2,sharescart,sharescart,ipowatch,sharescart
INE0ABU01016,PDP Shipping & Projects Ltd.,SME,,544378,2025-03-10,2025-03-12,2025-03-18,135.00,12.65,Fixed Price,BSE SME,Sun Capital,2025,Rikhav Securities Ltd.,chittorgarh,12,chittorgarh,1.00,chittorgarh,7.7,chittorgarh,,,108.25,chittorgarh,108.25,chittorgarh,102.85,chittorgarh,102.85,chittorgarh,Part funding long-term working capital requirements | General corporate purposes,chittorgarh,13,chittorgarh,0,0.1,1.9,1,0.00,0.89,11.89,12.78,,67.21,50.37,135,False,1000,135000,13.2,2,22,10.2,22,21,22,2,3,3,2,2,2,8.2,11.4,7.1,4,6,19,0,0,3,7,8,25,1,2,0,9.52,33.33,0.00,21,2,Mar 2024,2,sharescart,sharescart,,sharescart
INE0VNH01014,NAPS Global India Ltd.,SME,,544373,2025-03-04,2025-03-06,2025-03-11,90.00,11.88,Fixed Price,BSE SME,Aryaman Financial,2025,Aryaman Capital Markets Ltd.,chittorgarh,11,chittorgarh,1.00,chittorgarh,8.3,chittorgarh,,,108.00,chittorgarh,108.00,chittorgarh,102.60,chittorgarh,102.60,chittorgarh,Funding Working Capital Requirement | General Corporate Purpose,chittorgarh,12,chittorgarh,0,0.8,1.6,1.2,0.00,4.63,9.50,14.14,,100,70.2,90,False,1600,144000,14.8,2,71,6.1,26,47,71,1,2,3,0,1,2,1.5,4.7,4.4,1,4,17,0,0,0,6,12,26,0,-0,-9,2.13,25.00,0.00,47,1,Mar 2024,2,sharescart,sharescart,,sharescart
INE0PQ601019,Balaji Phosphates Ltd.,SME,BALAJIPHOS,,2025-02-28,2025-03-04,2025-03-07,70.00,50.11,Bookbuilding,NSE SME,Arihant Capital,2025,NNM Securities Pvt.Ltd.,chittorgarh,39,chittorgarh,9,chittorgarh,18.0,chittorgarh,4.00,chittorgarh,75.00,chittorgarh,78.00,chittorgarh,73.50,chittorgarh,74.35,chittorgarh,To meet Capital expenditure towards establishing a warehouse at our subsidiaries factory premise & upgradation of existing facilities | To meet the working Capital requirements | General Corporate Purposes,chittorgarh,50,chittorgarh,1.3,1.3,1.1,1.2,18.94,26.86,16.38,60.63,,100,69.9,66,True,2000,140000,16.3,8,127,4.3,145,152,127,12,12,15,6,6,8,3.4,3.4,3.3,29,35,80,8,7,5,97,89,127,-4,3,-36,3.95,17.14,0.20,152,6,Mar 2024,2,sharescart,sharescart,,sharescart
INE0RXS01018,Shreenath Paper Products Ltd.,SME,,544372,2025-02-25,2025-02-28,2025-03-05,44.00,23.36,Fixed Price,BSE SME,Galactico Corporate,2025,Pure Broking Pvt.Ltd.,chittorgarh,22,chittorgarh,1.00,chittorgarh,4.3,chittorgarh,,,35.20,chittorgarh,35.20,chittorgarh,33.44,chittorgarh,33.44,chittorgarh,Meeting incremental working capital requirements | General Corporate Purpose,chittorgarh,23,chittorgarh,0,0.5,3.2,1.9,0.00,6.07,37.15,43.22,,99.5,60.77,44,False,3000,132000,22,3,103,2,204,186,103,9,10,7,4,4,3,3.3,3.1,1.5,11,19,45,6,3,3,51,60,83,-3,-2,-7,2.15,21.05,0.16,186,4,Mar 2024,2,sharescart,sharescart,,sharescart
INE0VYX01018,Nukleus Office Solutions Ltd.,SME,,544370,2025-02-24,2025-02-27,2025-03-04,234.00,31.70,Fixed Price,BSE SME,Sundae Capital,2025,Nikunj Stock Brokers Ltd.,chittorgarh,24,chittorgarh,8.00,chittorgarh,25.0,chittorgarh,,,187.20,chittorgarh,196.55,chittorgarh,177.90,chittorgarh,196.55,chittorgarh,"Capital expenditure and security deposit towards establishment of new centres | Building up technology platform, integration of all centres, online client interaction and mobile application | Advertisement expenses towards enhancing the visibility of the brand | General Corporate Purposes | Total",chittorgarh,32,chittorgarh,0,0.3,1,0.7,0.00,4.60,15.06,21.24,,100,64.44,234,False,600,140400,31.2,2,29,7.5,11,17,29,1,3,7,1,1,2,12.9,4.8,5.1,1,4,39,0,0,10,7,19,59,1,10,-7,5.88,25.00,0.00,17,1,Mar 2024,2,sharescart,sharescart,,sharescart
INE13VU01016,Beezaasan Explotech Ltd.,SME,,544369,2025-02-21,2025-02-25,2025-03-03,175.00,59.93,Bookbuilding,BSE SME,Smart Horizon Capital,2025,Rikhav Securities Ltd.,chittorgarh,57,chittorgarh,3.00,chittorgarh,5.0,chittorgarh,16.94,chittorgarh,146.00,chittorgarh,153.30,chittorgarh,146.00,chittorgarh,153.30,chittorgarh,"Funding the Capital expenditure towards civil construction required for Expansion of existing manufacturing unit for Emulsion Explosive-3 Plant, Emulsion Bulk Explosive Plant and Detonating Fuse Plant at the existing Manufacturing facility situated at Bhanthala, Mahisagar, Gujarat | Funding of Capital expenditure towards purchase of Plant and Machineries for Expansion of existing manufacturing unit for Emulsion Explosive-3 Plant, Emulsion Bulk Explosive Plant and Detonating Fuse Plant at the existing Manufacturing facility situated at Bhanthala, Mahisagar, Gujarat | Funding of Capital expenditure towards civil construction required for Expansion of additional magazine (Storage) facility required for Emulsion Cartridge Explosives and Detonating Fuse at the existing location situated at Felsani, Gujarat | Purchase of Commercial Vehicle | Repayment/prepayment of all or certain of our borrowings availed of by our Company | General Corporate Purpose",chittorgarh,60,chittorgarh,11.5,4.7,2.3,5.4,345.22,41.80,47.41,325.44,2.86,100,66.96,165,True,800,140000,13.1,14,215,13.4,228,188,215,9,12,25,3,5,14,4,5.4,10.2,14,24,97,13,13,13,62,71,131,2,7,5,2.66,20.83,0.54,188,5,Mar 2024,2,sharescart,sharescart,ipowatch,sharescart
INE0VA601019,HP Telecom India Ltd.,SME,HPTL,,2025-02-20,2025-02-24,2025-02-28,108.00,34.23,Fixed Price,NSE SME,Interactive Financial,2025,Aftertrade Broking Pvt.Ltd.,chittorgarh,33,chittorgarh,1.00,chittorgarh,2.9,chittorgarh,,,115.05,chittorgarh,118.00,chittorgarh,111.05,chittorgarh,115.05,chittorgarh,Funding the Working Capital requirement | General corporate purposes,chittorgarh,34,chittorgarh,0,2,1.9,1.9,0.00,33.71,31.66,65.37,,99.99,73.4,108,False,1200,129600,7.8,13,1596,13.9,638,1079,1596,13,20,28,6,9,13,7.3,9.8,10.6,21,29,75,0,0,0,94,274,271,7,-26,-48,0.83,31.03,0.00,1079,9,Mar 2024,2,sharescart,sharescart,,sharescart
INE0TIR01017,Swasth Foodtech India Ltd.,SME,,544368,2025-02-20,2025-02-24,2025-02-28,94.00,14.92,Fixed Price,BSE SME,Horizon Management,2025,Giriraj Stock Broking Pvt.Ltd.,chittorgarh,14,chittorgarh,1.00,chittorgarh,6.7,chittorgarh,,,94.00,chittorgarh,94.00,chittorgarh,89.30,chittorgarh,89.30,chittorgarh,Setting up of a packing line at our existing manufacturing unit | Funding of working capital requirements of the Company | General corporate purposes,chittorgarh,15,chittorgarh,0,2.5,13.1,7.8,0.00,18.88,97.90,116.85,26.6,100,72.9,94,False,1200,112800,17.1,2,169,5.5,100,133,169,2,5,6,0,2,2,0.1,4.5,4.1,3,6,22,5,4,3,31,32,53,-12,0,-4,1.50,33.33,0.67,133,2,Mar 2024,2,sharescart,sharescart,ipowatch,sharescart
INE0EO401019,Royal Arc Electrodes Ltd.,SME,ROYALARC,,2025-02-14,2025-02-18,2025-02-24,120.00,36.00,Bookbuilding,NSE SME,Fedex Securities,2025,Shreni Shares Ltd.,chittorgarh,20,chittorgarh,14,chittorgarh,38.9,chittorgarh,10.08,chittorgarh,120.00,chittorgarh,122.50,chittorgarh,120.00,chittorgarh,121.30,chittorgarh,"Funding towards the expansion of the existing manufacturing facility situated at Village Zaroli, Umbergaon Valsad, Gujarat, Bharat | Funding of working capital requirements of the Company | General Corporate Purposes",chittorgarh,36,chittorgarh,1,0.9,2.2,1.6,18.72,4.97,27.72,57.60,,,,114,True,1200,144000,12.6,9,102,9.5,97,100,102,16,18,16,10,12,9,10.3,13,8.1,30,42,72,0,0,0,44,52,81,13,6,4,12.00,28.57,0.00,100,12,Mar 2024,2,sharescart,sharescart,,
INE17WC01013,Tejas Cargo India Ltd.,SME,TEJASCARGO,,2025-02-14,2025-02-18,2025-02-24,168.00,105.84,Bookbuilding,NSE SME,New Berry Capitals,2025,New Berry Capitals Pvt.Ltd.,chittorgarh,101,chittorgarh,5.00,chittorgarh,4.7,chittorgarh,29.82,chittorgarh,175.00,chittorgarh,175.00,chittorgarh,168.00,chittorgarh,168.00,chittorgarh,"Purchase of additional trailers for the Company | To meet working capital requirements | Repayment and/or pre-payment, in full or part, of certain borrowings availed by the Company | General Corporate Purposes",chittorgarh,106,chittorgarh,1.3,1.1,1.1,1.2,70.38,16.99,40.38,121.72,,100,,160,True,800,134400,16,19,501,10.5,,419,501,,69,104,,13,19,,7.5,8,,55,173,,80,87,,236,358,,48,63,3.10,23.64,1.45,419,13,Mar 2024,1,sharescart,sharescart,,
INE0FFF01017,L.K.Mehta Polymers Ltd.,SME,,544366,2025-02-13,2025-02-17,2025-02-21,71.00,7.38,Fixed Price,BSE SME,Swastika Investmart,2025,Swastika Investmart Ltd.,chittorgarh,7,chittorgarh,0.00,chittorgarh,0.0,chittorgarh,,,71.10,chittorgarh,71.10,chittorgarh,67.54,chittorgarh,68.29,chittorgarh,To Meet Incremental Working Capital Requirement | General Corporate Purpose | To Public Issue Expenses,chittorgarh,7,chittorgarh,0,42.9,46.3,44.6,0.00,158.31,170.75,329.10,14.08,69.42,57.9,71,False,1600,113600,33.8,1,19,2.1,17,19,19,1,2,2,-0,1,1,-0,2.3,1.6,2,3,11,2,2,2,7,11,18,1,-2,-2,5.26,33.33,0.67,19,1,Mar 2024,2,sharescart,sharescart,ipowatch,sharescart
INE0TD301017,Shanmuga Hospital Ltd.,SME,,544365,2025-02-13,2025-02-17,2025-02-21,54.00,20.62,Fixed Price,BSE SME,Finshore Management,2025,Black Fox Financial Pvt.Ltd.,chittorgarh,20,chittorgarh,1.00,chittorgarh,4.8,chittorgarh,,,54.00,chittorgarh,54.00,chittorgarh,51.30,chittorgarh,51.30,chittorgarh,Funding Capital Expenditure towards Purchase of additional Medical Equipment | General Corporate Expenses,chittorgarh,21,chittorgarh,0,0.6,4.4,2.5,0.00,6.19,45.46,51.75,14.81,65.6,45.16,54,False,2000,108000,13.5,4,45,4,37,41,45,7,9,8,5,5,4,4.9,5.4,3.1,12,17,40,4,4,4,23,34,53,3,10,-13,12.20,29.41,0.24,41,5,Mar 2024,2,sharescart,sharescart,ipowatch,sharescart
INE0XUS01012,P S Raj Steels Ltd.,SME,PSRAJ,,2025-02-12,2025-02-14,2025-02-19,140.00,28.28,Bookbuilding,NSE SME,Khambatta Securities,2025,Nikunj Stock Brokers Ltd.,chittorgarh,27,chittorgarh,1.00,chittorgarh,3.6,chittorgarh,7.97,chittorgarh,145.00,chittorgarh,152.25,chittorgarh,145.00,chittorgarh,150.60,chittorgarh,Working Capital Requirements,chittorgarh,28,chittorgarh,1.2,21.4,10,9.8,17.11,90.74,99.38,277.71,2.14,100,,132,True,1000,140000,14.3,7,266,9.8,225,298,266,7,11,12,4,6,7,6.7,11.5,9.8,25,31,65,2,0,0,74,52,74,1,3,-9,2.01,19.35,0.00,298,6,Mar 2024,2,sharescart,sharescart,investorgain,
INE241X01014,Voler Car Ltd.,SME,VOLERCAR,,2025-02-12,2025-02-14,2025-02-19,90.00,27.00,Bookbuilding,NSE SME,GYR Capital,2025,Wiinance Financial Services Pvt.Ltd.,chittorgarh,25,chittorgarh,2.00,chittorgarh,7.4,chittorgarh,7.50,chittorgarh,90.00,chittorgarh,93.90,chittorgarh,85.50,chittorgarh,91.45,chittorgarh,Funding working capital requirements of the Company | General corporate purposes,chittorgarh,27,chittorgarh,9.3,18.6,13.9,13.6,126.09,75.17,131.73,367.74,11.11,71.43,52.18,85,True,1600,144000,17,4,42,5.3,24,31,42,4,7,5,2,8,4,2.7,11.1,4,-1,3,37,3,0,0,9,10,44,2,3,1,25.81,266.67,0.00,31,8,Mar 2024,2,sharescart,sharescart,ipowatch,sharescart
INE10A501018,Maxvolt Energy Industries Ltd.,SME,MAXVOLT,,2025-02-12,2025-02-14,2025-02-19,180.00,54.00,Bookbuilding,NSE SME,Smart Horizon Capital,2025,Rikhav Securities Ltd.,chittorgarh,40,chittorgarh,11,chittorgarh,20.4,chittorgarh,15.32,chittorgarh,180.00,chittorgarh,182.05,chittorgarh,171.00,chittorgarh,180.90,chittorgarh,"Repayment or prepayment, in full or in part, of borrowings availed by our Company from banks, financial institutions and non-banking financial companies | Funding of capital expenditure requirements of our Company towards purchase of Plant and Machineries | General corporate purposes",chittorgarh,54,chittorgarh,6.8,1.5,2,3.2,182.52,11.74,37.23,174.42,,79.23,71.28,171,True,800,144000,15.4,10,107,11.7,14,48,107,1,7,16,0,5,10,1.5,6.7,9.3,1,12,69,1,1,6,10,32,96,-0,-8,-45,10.42,41.67,0.08,48,5,Mar 2024,2,sharescart,sharescart,,sharescart
INE0B2N01016,Chandan Healthcare Ltd.,SME,CHANDAN,,2025-02-10,2025-02-12,2025-02-17,159.00,107.27,Bookbuilding,NSE SME,Unistone Capital,2025,R.K.Stock Holding Pvt.Ltd.,chittorgarh,65,chittorgarh,37,chittorgarh,34.6,chittorgarh,29.40,chittorgarh,165.10,chittorgarh,173.35,chittorgarh,165.10,chittorgarh,173.35,chittorgarh,"Setting up of a new Flagship diagnostic centre in Jankipuram, Lucknow, Uttar Pradesh. | Setting up of a new Central Reference laboratory at Ayodhya, Uttar Pradesh. | Setting up of a new Central Reference laboratory at Ashiyana, Lucknow, Uttar Pradesh. | General corporate purposes",chittorgarh,107,chittorgarh,7.6,18.9,2.4,7,406.88,303.55,91.68,755.79,9.43,74.55,60.1,151,True,800,127200,14.7,24,230,10.8,137,177,230,10,28,43,4,16,24,1.7,8.1,9.1,27,41,123,8,12,22,98,118,211,4,1,-29,9.04,39.02,0.29,177,16,Mar 2024,2,sharescart,sharescart,ipowatch,sharescart
INE0R9101015,Eleganz Interiors Ltd.,SME,ELGNZ,,2025-02-07,2025-02-11,2025-02-14,130.00,78.07,Bookbuilding,NSE SME,Vivro Financial,2025,Rikhav Securities Ltd.,chittorgarh,74,chittorgarh,4.00,chittorgarh,5.1,chittorgarh,22.23,chittorgarh,122.00,chittorgarh,122.00,chittorgarh,115.90,chittorgarh,116.05,chittorgarh,Repayment of a portion of certain outstanding borrowings availed by our Company | Utilization towards working capital requirements of our Company | General Corporate Purposes,chittorgarh,78,chittorgarh,24.5,60.4,21.4,30.7,954.34,707.50,585.80,2392.69,30.77,93.94,,123,True,1000,130000,14.1,21,393,9.2,190,221,393,14,22,35,10,12,21,6.7,7.9,9.2,39,51,152,7,6,2,116,172,229,1,-4,4,5.43,23.53,0.12,221,12,Mar 2024,2,sharescart,sharescart,ipowatch,
INE10QL01011,Readymix Construction Machinery Ltd.,SME,READYMIX,,2025-02-06,2025-02-10,2025-02-13,123.00,37.66,Bookbuilding,NSE SME,Hem Securities,2025,Hem Finlease Pvt.Ltd.,chittorgarh,36,chittorgarh,2.00,chittorgarh,5.3,chittorgarh,10.71,chittorgarh,123.00,chittorgarh,123.00,chittorgarh,116.85,chittorgarh,116.85,chittorgarh,"Repayment and/or pre-payment, in full or part, of borrowing availed by the Company | To Meet Working Capital Requirement | General Corporate Purpose",chittorgarh,38,chittorgarh,5.1,4.8,4.3,4.6,96.04,26.89,56.15,173.62,8.13,100,72.06,121,True,1000,123000,11,9,73,11.2,55,70,73,5,14,15,3,9,9,3.5,11.8,8.5,9,19,61,1,0,1,32,38,85,1,3,-13,12.86,47.37,0.00,70,9,Mar 2024,2,sharescart,sharescart,ipowatch,sharescart
INE0W0H01017,Solarium Green Energy Ltd.,SME,,544354,2025-02-06,2025-02-10,2025-02-13,191.00,105.04,Bookbuilding,BSE SME,Beeline Capital,2025,Spread X Securities Pvt.Ltd.,chittorgarh,100,chittorgarh,5.00,chittorgarh,4.8,chittorgarh,29.85,chittorgarh,202.00,chittorgarh,212.10,chittorgarh,202.00,chittorgarh,211.90,chittorgarh,To Meet Working Capital Requirements | General Corporate Purposes,chittorgarh,105,chittorgarh,8.5,18,5.1,8.8,446.96,284.24,186.40,927.52,13.09,78.5,,181,True,600,114600,16.3,19,230,11.7,,177,230,,25,27,,16,19,,10.5,8.9,,21,141,,9,0,,78,234,,-0,-62,9.04,76.19,0.43,177,16,Mar 2024,1,sharescart,sharescart,ipowatch,
INE15DO01012,Ken Enterprises Ltd.,SME,KEN,,2025-02-05,2025-02-07,2025-02-12,94.00,83.65,Fixed Price,NSE SME,Corporate Makers,2025,Giriraj Stock Broking Pvt.Ltd.,chittorgarh,54,chittorgarh,25,chittorgarh,29.8,chittorgarh,,,85.00,chittorgarh,85.00,chittorgarh,80.75,chittorgarh,80.75,chittorgarh,Unidentified Acquisitions in India and abroad | Purchase of New Machinery | Capital Expenditure for renovation of both manufacturing facilities | To meet working capital requirements | General Corporate Expenses | Issue Expenses,chittorgarh,84,chittorgarh,0,1.8,6.9,4.4,0.00,73.20,286.93,364.72,10.64,81.21,49.72,94,False,1200,112800,14.7,12,483,6.4,364,402,483,16,27,35,4,9,12,2.1,4.9,5,36,45,112,9,4,1,195,242,295,-2,17,-11,2.24,20.00,0.09,402,9,Mar 2024,2,sharescart,sharescart,ipowatch,sharescart
INE0U2L01017,Amwill Health Care Ltd.,SME,,544353,2025-02-05,2025-02-07,2025-02-12,111.00,59.98,Bookbuilding,BSE SME,Unistone Capital,2025,Globalworth Securities Ltd.,chittorgarh,46,chittorgarh,11,chittorgarh,18.3,chittorgarh,,,88.85,chittorgarh,93.25,chittorgarh,84.45,chittorgarh,93.25,chittorgarh,Funding of working capital requirements of the Company | Marketing and brand building activities | General corporate purposes,chittorgarh,60,chittorgarh,7.8,5.7,4.8,5.7,93.57,135.79,114.44,343.69,9.01,97,,105,True,1200,133200,16.8,11,41,6.6,30,44,41,4,17,12,3,12,11,3.3,8,5.4,5,17,69,0,0,0,12,19,71,5,-3,6,27.27,70.59,0.00,44,12,Mar 2024,2,sharescart,sharescart,ipowatch,
INE11HG01018,Chamunda Electrical Ltd.,SME,CHAMUNDA,,2025-02-04,2025-02-06,2025-02-11,50.00,14.60,Bookbuilding,NSE SME,GYR Capital,2025,Wiinance Financial Services Pvt.Ltd.,chittorgarh,14,chittorgarh,1.00,chittorgarh,6.7,chittorgarh,4.11,chittorgarh,70.00,chittorgarh,71.00,chittorgarh,66.50,chittorgarh,66.50,chittorgarh,Capital Expenditure (Purchase of New Testing Kit and Equipment’s) | Working Capital | Repayment of Term Loans and Cash Credit | General Corporate Purposes,chittorgarh,15,chittorgarh,155.9,1943.1,554.1,738,1137.32,4253.91,2830.63,10770.67,40.0,100,80.12,47,True,3000,150000,12.2,3,25,4.1,14,20,25,2,5,6,0,2,3,0.5,3.5,3,3,6,25,2,2,0,8,11,28,2,2,1,10.00,33.33,0.33,20,2,Mar 2024,2,sharescart,sharescart,investorgain,sharescart
INE0YON01014,Malpani Pipes & Fittings Ltd.,SME,,544351,2025-01-29,2025-01-31,2025-02-04,90.00,25.92,Bookbuilding,BSE SME,Interactive Financial,2025,MNM Stock Broking Pvt.Ltd.,chittorgarh,25,chittorgarh,1.00,chittorgarh,3.8,chittorgarh,7.20,chittorgarh,85.90,chittorgarh,90.00,chittorgarh,81.61,chittorgarh,84.04,chittorgarh,Capital Expenditure for plant and machineries | Repayment of Debt | General corporate purposes,chittorgarh,26,chittorgarh,58.5,343.1,113.4,146.9,758.03,1334.09,1028.31,3808.43,2.22,100,30.9,85,True,1600,144000,9.3,8,141,9.7,82,141,141,5,14,15,2,7,8,3.3,9.3,7.5,6,15,47,9,11,11,39,61,112,-6,-8,-14,4.96,46.67,0.73,141,7,Mar 2024,2,sharescart,sharescart,investorgain,sharescart
INE0RWU01016,GB Logistics Commerce Ltd.,SME,,544348,2025-01-24,2025-01-28,2025-01-31,102.00,25.07,Bookbuilding,BSE SME,SKI Capital,2025,Svcm Securities Pvt.Ltd.,chittorgarh,24,chittorgarh,1.00,chittorgarh,4.0,chittorgarh,7.14,chittorgarh,81.60,chittorgarh,85.65,chittorgarh,77.55,chittorgarh,81.75,chittorgarh,Prepayment or repayment of a portion of certain outstanding borrowings availed by our Company | Working Capital Requirements | Fund expenditure towards purchase of truck chassis and truck bodies | General Corporate Purposes,chittorgarh,25,chittorgarh,25.1,543.6,121.9,184.6,314.60,2043.82,1069.33,4628.47,15.69,51.29,31.37,95,True,1200,122400,7.1,9,206,14.3,,116,206,,9,14,,5,9,,8.5,10.7,,18,50,,1,0,,58,156,,-21,-11,4.31,27.78,0.06,116,5,Mar 2024,1,sharescart,sharescart,investorgain,sharescart
INE0DZD01015,H.M.Electro Mech Ltd.,SME,,544349,2025-01-24,2025-01-28,2025-01-31,75.00,27.74,Bookbuilding,BSE SME,Beeline Capital,2025,Spread X Securities Pvt.Ltd.,chittorgarh,26,chittorgarh,2.00,chittorgarh,7.1,chittorgarh,7.90,chittorgarh,81.00,chittorgarh,81.00,chittorgarh,76.95,chittorgarh,77.04,chittorgarh,To Meet Working Capital Requirements | General Corporate Purposes | Public Issue Expenses | Total,chittorgarh,28,chittorgarh,16,183.7,95.6,91.8,222.09,764.28,927.83,2545.51,33.33,100,57.68,71,True,1600,120000,9.5,8,122,7.9,101,117,122,9,13,13,6,8,8,6,8,6.1,24,32,65,4,3,0,64,75,97,-4,3,-6,6.84,25.00,0.09,117,8,Mar 2024,2,sharescart,sharescart,ipowatch,sharescart
INE0WDX01010,CLN Energy Ltd.,SME,,544347,2025-01-23,2025-01-27,2025-01-30,250.00,72.30,Bookbuilding,BSE SME,Aryaman Financial,2025,Aryaman Capital Markets Ltd.,chittorgarh,68,chittorgarh,4.00,chittorgarh,5.6,chittorgarh,20.52,chittorgarh,256.00,chittorgarh,268.80,chittorgarh,252.00,chittorgarh,254.15,chittorgarh,Purchase of machinery and equipment | Funding Working capital requirements | General Corporate Purpose,chittorgarh,72,chittorgarh,1.1,8.6,6.6,5.4,38.68,93.27,165.75,391.87,,100,57.43,235,True,600,150000,15.7,13,219,15.9,129,133,219,13,19,26,1,10,13,1,12.8,12.2,4,13,94,0,0,0,108,111,196,15,7,-67,7.52,76.92,0.00,133,10,Mar 2024,2,sharescart,sharescart,,sharescart
INE113601012,Rexpro Enterprises Ltd.,SME,REXPRO,,2025-01-22,2025-01-24,2025-01-29,145.00,53.65,Fixed Price,NSE SME,Horizon Management,2025,Giriraj Stock Broking Pvt.Ltd.,chittorgarh,44,chittorgarh,7,chittorgarh,13.0,chittorgarh,,,117.00,chittorgarh,120.00,chittorgarh,111.15,chittorgarh,111.15,chittorgarh,Purchase of Equipment and Renovation of Factory | Funding of working capital requirements of the Company | Pursuing Inorganic Growth | General Corporate Expenses,chittorgarh,54,chittorgarh,0,8.2,27.1,17.7,0.00,220.50,727.49,948.00,13.79,86.28,56.77,145,False,1000,145000,15.4,8,107,9.4,63,83,107,2,8,13,1,5,8,0.8,5.7,7.1,5,9,62,0,1,0,28,40,102,2,1,-2,6.02,55.56,0.11,83,5,Mar 2024,2,sharescart,sharescart,ipowatch,sharescart
INE0WXM01011,CapitalNumbers Infotech Ltd.,SME,,544343,2025-01-20,2025-01-22,2025-01-27,263.00,169.37,Bookbuilding,BSE SME,GYR Capital,2025,Giriraj Stock Broking Pvt.Ltd.,chittorgarh,76,chittorgarh,85,chittorgarh,50.3,chittorgarh,48.19,chittorgarh,274.00,chittorgarh,274.00,chittorgarh,260.30,chittorgarh,261.35,chittorgarh,Technical Advancement of Leading-edge Technology; | Increase in Spending on Business Developments; | Investment in Subsidiary | Funding inorganic growth through unidentified acquisitions and other strategic initiatives and general corporate purposes,chittorgarh,169,chittorgarh,122.2,297.3,72,134.6,10347.78,7553.65,4267.58,22800.86,17.11,100,80,250,True,400,105200,22.3,26,100,11.8,93,98,100,25,37,36,17,26,26,6.4,12.3,10.6,60,67,157,1,0,0,68,72,163,16,22,19,26.53,38.81,0.00,98,26,Mar 2024,2,sharescart,sharescart,investorgain,sharescart
INE0ZOL01023,EMA Partners India Ltd.,SME,EMAPARTNER,,2025-01-17,2025-01-21,2025-01-24,124.00,76.01,Bookbuilding,NSE SME,Indorient Financial,2025,Alacrity Securities Ltd.,chittorgarh,62,chittorgarh,10,chittorgarh,13.2,chittorgarh,21.65,chittorgarh,156.50,chittorgarh,158.80,chittorgarh,148.70,chittorgarh,148.70,chittorgarh,"Augmenting Leadership Team for (a) the Company and (b) its subsidiaries | Capital expenditure towards upgrading the existing IT infrastructure for (a) the Company and (b) its subsidiaries | Repayment and/or pre-payment, in full, of the borrowing availed by our Company with respect to purchase of office premises | General Corporate Purposes and unidentified inorganic acquisitions",chittorgarh,76,chittorgarh,147.7,444.1,167.4,221.1,5613.11,5063.31,4452.21,16803.21,51.61,100,82.64,117,True,1000,124000,18.2,12,74,6.8,50,67,74,5,18,18,3,15,12,1.8,8.4,5.4,40,54,138,0,7,1,53,77,154,3,12,13,22.39,27.78,0.13,67,15,Mar 2024,2,sharescart,sharescart,investorgain,sharescart
INE12QA01010,Landmark Immigration Consultants Ltd.,SME,,544341,2025-01-16,2025-01-20,2025-01-23,72.00,40.32,Bookbuilding,BSE SME,Shreni Shares,2025,Shreni Shares Ltd.,chittorgarh,38,chittorgarh,2.00,chittorgarh,5.0,chittorgarh,6.11,chittorgarh,75.00,chittorgarh,78.75,chittorgarh,75.00,chittorgarh,75.07,chittorgarh,Capital expenditure to be incurred by our Company for setting up new branches. | Advertisement expenses towards enhancing the awareness and visibility of our brand | Pursuing Inorganic growth initiatives through Acquisitions | General corporate purposes,chittorgarh,40,chittorgarh,35.6,116.7,81.9,72.8,717.29,705.86,1155.35,2936.91,15.28,97.92,71.31,70,True,1600,115200,8.8,13,38,8.2,20,35,38,7,17,19,4,12,13,3,7.7,6.4,26,37,84,2,0,0,36,44,91,3,9,-1,34.29,32.43,0.00,35,12,Mar 2024,2,sharescart,sharescart,investorgain,sharescart
INE0XOW01017,Kabra Jewels Ltd.,SME,KKJEWELS,,2025-01-15,2025-01-17,2025-01-22,128.00,40.00,Bookbuilding,NSE SME,Marwadi Chandarana Intermediaries,2025,Giriraj Stock Broking Pvt.Ltd.,chittorgarh,36,chittorgarh,4.00,chittorgarh,10.0,chittorgarh,10.87,chittorgarh,243.20,chittorgarh,255.35,chittorgarh,243.20,chittorgarh,255.35,chittorgarh,"Repayment of certain borrowings availed by the Company, in part or full | To meet Working Capital requirements | General Corporate Purpose",chittorgarh,40,chittorgarh,154.5,556.9,384.9,356,3090.60,3341.40,5388.60,14240.80,39.06,89.12,62.55,121,True,1000,128000,8.9,11,211,14.4,122,164,211,12,22,27,4,9,11,6,12.2,10.9,22,31,80,54,50,31,113,141,189,-12,-8,-19,5.49,29.03,1.61,164,9,Mar 2024,2,sharescart,sharescart,ipowatch,sharescart
INE0CFH01028,Rikhav Securities Ltd.,SME,,544340,2025-01-15,2025-01-17,2025-01-22,86.00,88.82,Bookbuilding,BSE SME,Smart Horizon Capital,2025,Shreni Shares Ltd.,chittorgarh,67,chittorgarh,17,chittorgarh,19.1,chittorgarh,25.11,chittorgarh,163.40,chittorgarh,171.57,chittorgarh,163.40,chittorgarh,171.55,chittorgarh,"Funding our incremental working capital requirements; | Funding of capital expenditure requirements of our Company towards purchase of IT Software, Computers and Laptops | General corporate purposes;",chittorgarh,89,chittorgarh,170.9,616.4,251.4,307,7590.63,8212.64,7814.10,27267.99,75.58,98.23,66.07,82,True,1600,137600,11.5,24,318,7.5,49,103,318,28,55,35,20,42,24,6.4,14.1,6.2,95,139,227,0,0,0,188,294,291,-9,109,-188,40.78,30.22,0.00,103,42,Mar 2024,2,sharescart,sharescart,ipowatch,sharescart
INE0QX401014,Barflex Polyfilms Ltd.,SME,BARFLEX,,2025-01-10,2025-01-15,2025-01-20,60.00,39.41,Bookbuilding,NSE SME,Almondz Financial,2025,Almondz Global Securities Ltd.,chittorgarh,10,chittorgarh,27,chittorgarh,69.2,chittorgarh,11.21,chittorgarh,60.00,chittorgarh,63.00,chittorgarh,60.00,chittorgarh,63.00,chittorgarh,Funding capital expenditure towards purchase of additional plant and machinery | General Corporate Purpose,chittorgarh,39,chittorgarh,78.2,373.1,98.5,151.5,1541.69,2206.22,1358.70,5972.80,16.67,92.66,,57,True,2000,120000,9,15,98,6.7,,,98,,,21,,,15,,,6.3,,,91,,,0,,,98,,,-5,,,,,,,0,sharescart,sharescart,ipowatch,
INE0NB801022,Sat Kartar Shopping Ltd.,SME,SATKARTAR,,2025-01-10,2025-01-14,2025-01-17,81.00,33.80,Bookbuilding,NSE SME,Narnolia Financial,2025,Prabhat Financial Services Ltd.,chittorgarh,32,chittorgarh,2.00,chittorgarh,5.9,chittorgarh,9.55,chittorgarh,153.90,chittorgarh,161.55,chittorgarh,146.20,chittorgarh,161.55,chittorgarh,To meet out the expenses of Unidentified Acquisition (In India or Abroad); | To meet out the expenses Marketing and Advertisement; | To meet out the Capital Expenditure; | To meet out the expenditure on Investment in Technology; and | To meet out the General Corporate Purposes,chittorgarh,34,chittorgarh,124.8,808.3,250.4,332.8,2108.26,4098.04,2961.61,11247.86,12.35,100,65,77,True,1600,129600,10.9,10,163,7.4,83,128,163,5,10,15,3,6,10,2.2,5.6,6.2,3,9,52,2,1,2,14,21,64,8,7,-5,4.69,66.67,0.11,128,6,Mar 2024,2,sharescart,sharescart,ipowatch,sharescart
INE0NQ401024,Avax Apparels & Ornaments Ltd.,SME,,544337,2025-01-07,2025-01-09,2025-01-14,70.00,1.92,Fixed Price,BSE SME,SKI Capital,2025,SKI Capital Services Ltd.,chittorgarh,2,chittorgarh,0.00,chittorgarh,0.0,chittorgarh,,,133.00,chittorgarh,139.65,chittorgarh,133.00,chittorgarh,139.65,chittorgarh,To meet out the Working Capital requirements of the Company | To meet out the General Corporate Purposes; and,chittorgarh,2,chittorgarh,0,140.5,372.4,260.4,0.00,134.70,357.08,499.49,28.57,57,41.97,70,False,2000,140000,3.5,2,34,19.8,15,22,34,1,2,3,1,1,2,1.1,2.3,2,2,3,7,0,0,0,3,5,9,-0,0,-1,4.55,33.33,0.00,22,1,Mar 2024,2,sharescart,sharescart,investorgain,sharescart
INE0XRN01019,Delta Autocorp Ltd.,SME,DELTIC,,2025-01-07,2025-01-09,2025-01-14,130.00,54.60,Bookbuilding,NSE SME,GYR Capital,2025,Giriraj Stock Broking Pvt.Ltd.,chittorgarh,47,chittorgarh,4,chittorgarh,7.3,chittorgarh,15.21,chittorgarh,175.00,chittorgarh,183.75,chittorgarh,166.25,chittorgarh,167.25,chittorgarh,Funding of Expenditure towards Setting up an Electric Three-Wheeler Fabrication Plant & Painting Plant; | Investment in New Product Development | Funding of working capital requirement | General corporate purposes,chittorgarh,55,chittorgarh,178.6,624.3,314.3,342.1,4876.87,5112.85,6006.85,18678.66,42.31,100,40.45,123,True,1000,130000,23.6,8,83,5.5,,63,83,,10,12,,7,8,,6,5.5,,18,73,,0,0,,35,88,,-14,-13,11.11,38.89,0.00,63,7,Mar 2024,1,sharescart,sharescart,ipowatch,sharescart
INE00ST01011,B.R.Goyal Infrastructure Ltd.,SME,,544335,2025-01-07,2025-01-09,2025-01-14,135.00,85.21,Bookbuilding,BSE SME,Beeline Capital,2025,Spread X Securities Pvt.Ltd.,chittorgarh,81,chittorgarh,4.00,chittorgarh,4.7,chittorgarh,24.11,chittorgarh,135.75,chittorgarh,142.50,chittorgarh,135.00,chittorgarh,142.50,chittorgarh,Funding capital expenditure requirement | Funding Working Capital Requirement | Funding expenditure for inorganic growth through acquisitions & other strategic initiatives and General Corporate Purposes,chittorgarh,85,chittorgarh,69.9,256.9,88.3,118.1,2977.31,3283.64,2632.58,10061.83,8.89,100,73.47,128,True,1000,135000,10.1,25,510,13.4,346,589,510,35,42,48,17,22,25,10,12.6,10.6,105,127,229,18,16,25,197,239,373,23,12,-36,3.74,17.32,0.13,589,22,Mar 2024,2,sharescart,sharescart,investorgain,sharescart
INE0FK501019,Indobell Insulations Ltd.,SME,,544334,2025-01-06,2025-01-08,2025-01-13,46.00,10.14,Fixed Price,BSE SME,Finshore Management,2025,Black Fox Financial Pvt.Ltd.,chittorgarh,10,chittorgarh,0.00,chittorgarh,0.0,chittorgarh,,,87.40,chittorgarh,91.77,chittorgarh,83.03,chittorgarh,91.77,chittorgarh,Funding Capital Expenditure towards purchase of additional plant and machinery | To meet the Working Capital Requirements | General Corporate Purposes,chittorgarh,10,chittorgarh,0,51.3,52.4,54.1,0.00,260.22,265.59,549.04,32.61,99.78,74.83,46,False,3000,138000,13.1,2,26,3.5,21,18,26,2,2,4,1,1,2,2.2,2.5,3.5,5,6,15,1,1,0,12,15,25,3,0,-4,5.56,16.67,0.17,18,1,Mar 2024,2,sharescart,sharescart,ipowatch,sharescart
INE0HSD01011,Fabtech Technologies Cleanrooms Ltd.,SME,,544332,2025-01-03,2025-01-07,2025-01-10,85.00,27.74,Bookbuilding,BSE SME,Vivro Financial,2025,Rikhav Securities Ltd.,chittorgarh,26,chittorgarh,2.00,chittorgarh,7.1,chittorgarh,7.89,chittorgarh,161.50,chittorgarh,169.57,chittorgarh,161.50,chittorgarh,169.57,chittorgarh,For meeting long-term working capital requirements; | Proposed acquisition of equity shares of Kelvin Air Conditioning and Ventilation Systems Private Limited; and | General Corporate Purposes,chittorgarh,28,chittorgarh,224.5,1485.5,715.1,740.4,3114.26,6182.14,6943.42,20540.83,123.53,93.07,,80,True,1600,136000,7.9,12,150,10.8,125,97,150,13,9,17,8,5,12,9.5,6.7,10.8,46,52,94,0,1,0,80,89,124,8,3,3,5.15,9.62,0.02,97,5,Mar 2024,2,sharescart,sharescart,investorgain,
INE0Q2L01013,Davin Sons Retail Ltd.,SME,,544331,2025-01-02,2025-01-06,2025-01-09,55.00,8.78,Fixed Price,BSE SME,Navigant Corporate,2025,Aftertrade Broking Pvt.Ltd.,chittorgarh,8,chittorgarh,1.00,chittorgarh,11.1,chittorgarh,,,44.00,chittorgarh,46.20,chittorgarh,41.90,chittorgarh,46.20,chittorgarh,To finance the Capital Expenditure for purchase of Warehouse; | To part finance the requirement of Working Capital; | General corporate purposes,chittorgarh,9,chittorgarh,0,66.1,164.8,120.8,0.00,290.11,723.22,1060.38,9.09,100,45.94,55,False,2000,110000,13.4,2,14,4.1,4,13,14,1,2,3,1,2,2,2.9,4.5,3.2,1,6,16,1,0,0,5,9,19,-0,-1,-1,15.38,33.33,0.00,13,2,Mar 2024,2,sharescart,sharescart,investorgain,sharescart
INE0QQJ01021,Parmeshwar Metal Ltd.,SME,,544330,2025-01-02,2025-01-06,2025-01-09,61.00,24.74,Bookbuilding,BSE SME,Beeline Capital,2025,Spread X Securities Pvt.Ltd.,chittorgarh,23,chittorgarh,2.00,chittorgarh,8.0,chittorgarh,7.04,chittorgarh,84.50,chittorgarh,88.72,chittorgarh,81.05,chittorgarh,88.72,chittorgarh,"Setting up a new manufacturing facility at Gandhinagar, Dehgam, Gujarat for manufacturing of Bunched copper wire and 1.6 MM Copper Wire (“Proposed project”) | Funding of capital expenditure for Furnace renovation | To Meet Working Capital Requirements | General Corporate Purpose",chittorgarh,25,chittorgarh,177.3,1202.8,597.1,607.1,2193.59,4463.99,5170.54,15019.88,32.79,96.33,70.81,57,True,2000,122000,6.8,11,1382,9,972,1100,1382,14,13,18,9,7,11,0.8,6.3,7.2,30,37,71,10,4,0,54,68,89,-2,2,-4,0.64,18.92,0.11,1100,7,Mar 2024,2,sharescart,sharescart,ipowatch,sharescart
INE0RH001011,Leo Dryfruits & Spices Trading Ltd.,SME,,544329,2025-01-01,2025-01-03,2025-01-08,52.00,25.12,Bookbuilding,BSE SME,Shreni Shares,2025,Rikhav Securities Ltd.,chittorgarh,24,chittorgarh,1.00,chittorgarh,4.0,chittorgarh,6.88,chittorgarh,68.00,chittorgarh,71.40,chittorgarh,64.60,chittorgarh,71.36,chittorgarh,"Funding working capital requirements of the company; | Branding, Advertisement and Marketing activities; | General corporate purposes.",chittorgarh,25,chittorgarh,68.1,394.6,154.5,181.8,854.70,1486.58,1358.15,4565.34,30.77,100,74.88,51,True,2000,104000,9,8,87,5.8,36,62,87,6,11,15,4,7,8,4,5.2,4.6,5,34,64,7,1,3,27,52,117,-8,-14,-31,11.29,20.59,0.03,62,7,Mar 2024,2,sharescart,sharescart,investorgain,sharescart
