isin,company_name,status,delist_date,reason,last_price,source_flags
INE01BK01022,Antony Waste Handling Cell Ltd.,active,,,485.35,bse_isin:active+bhavcopy
INE495P01020,Mrs.Bectors Food Specialities Ltd.,active,,,228.50,bse_isin:active+bhavcopy
INE07T201019,Restaurant Brands Asia Ltd.,active,,,64.50,bse_isin:active+bhavcopy
INE068V01023,Gland Pharma Ltd.,active,,,1666.00,bse_isin:active+bhavcopy
INE063P01018,Equitas Small Finance Bank Ltd.,active,,,60.80,bse_isin:active+bhavcopy
INE060901027,Likhitha Infrastructure Ltd.,active,,,186.30,bse_isin:active+bhavcopy
INE249Z01020,Mazagon Dock Shipbuilders Ltd.,active,,,2475.00,bse_isin:active+bhavcopy
INE094J01016,UTI Asset Management Co.Ltd.,active,,,1102.90,bse_isin:active+bhavcopy
INE732I01021,Angel Broking Ltd.,active,,,2374.80,bse_isin:active+bhavcopy
INE03YM01018,Chemcon Speciality Chemicals Ltd.,active,,,199.20,bse_isin:active+bhavcopy
INE596I01020,Computer Age Management Services Ltd.,active,,,737.20,bse_isin:active+bhavcopy
INE450U01017,Route Mobile Ltd.,active,,,704.20,bse_isin:active+bhavcopy
INE419U01012,Happiest Minds Technologies Ltd.,active,,,454.15,bse_isin:active+bhavcopy
INE0CCU25019,Mindspace Business Parks REIT,active,,,472.40,bhavcopy+status_from_bhavcopy_recent
INE528G01035,Yes Bank Ltd. FPO,active,,,21.40,bse_isin:active+bhavcopy
INE02A801020,Rossari Biotech Ltd.,active,,,571.00,bse_isin:active+bhavcopy
INE018E01016,SBI Cards & Payment Services Ltd.,active,,,843.40,bse_isin:active+bhavcopy
INE925R01014,CMS Info Systems Ltd.,active,,,339.00,bse_isin:active+bhavcopy
INE07RO01027,Supriya Lifescience Ltd.,active,,,730.00,bse_isin:active+bhavcopy
INE0GSL01024,HP Adhesives Ltd.,active,,,40.70,bse_isin:active+bhavcopy
INE0IX101010,Data Patterns (India) Ltd.,active,,,2577.20,bse_isin:active+bhavcopy
INE804L01022,Medplus Health Services Ltd.,active,,,806.05,bse_isin:active+bhavcopy
INE317I01021,Metro Brands Ltd.,active,,,1180.20,bse_isin:active+bhavcopy
INE0BV301023,C.E.Info systems Ltd.,active,,,1687.00,bse_isin:active+bhavcopy
INE217L01019,Shriram Properties Ltd.,active,,,85.05,bse_isin:active+bhavcopy
INE0CLI01024,Rategain Travel Technologies Ltd.,active,,,677.00,bse_isin:active+bhavcopy
INE463V01026,Anand Rathi Wealth Ltd.,active,,,3093.00,bse_isin:active+bhavcopy
INE011K01018,Tega Industries Ltd.,active,,,1950.00,bse_isin:active+bhavcopy
INE575P01011,Star Health & Allied Insurance Co.Ltd.,active,,,448.00,bse_isin:active+bhavcopy
INE0BJS01011,Go Fashion (India) Ltd.,active,,,454.30,bse_isin:active+bhavcopy
INE144Z01023,Tarsons Products Ltd.,active,,,233.88,bse_isin:active+bhavcopy
INE0I7C01011,Latent View Analytics Ltd.,active,,,460.70,bse_isin:active+bhavcopy
INE806T01020,Sapphire Foods India Ltd.,active,,,247.30,bse_isin:active+bhavcopy
INE982J01020,One 97 Communications Ltd.,active,,,1302.00,bse_isin:active+bhavcopy
INE284S01014,S.J.S.Enterprises Ltd.,active,,,1717.90,bse_isin:active+bhavcopy
INE417T01026,PB Fintech Ltd.,active,,,1868.00,bse_isin:active+bhavcopy
INE0D0K01022,Sigachi Industries Ltd.,active,,,32.25,bse_isin:active+bhavcopy
INE02NC01014,Fino Payments Bank Ltd.,active,,,257.25,bse_isin:active+bhavcopy
INE388Y01029,FSN E-Commerce Ventures Ltd.,active,,,264.30,bse_isin:active+bhavcopy
INE404A01024,Aditya Birla Sun Life AMC Ltd.,active,,,824.55,bse_isin:active+bhavcopy
INE045601023,Paras Defence & Space Technologies Ltd.,active,,,678.00,bse_isin:active+bhavcopy
INE953O01021,Sansera Engineering Ltd.,active,,,1659.00,bse_isin:active+bhavcopy
INE00FF01025,Acutaas Chemicals Ltd.,active,,,1652.20,bse_isin:active+bhavcopy
INE043W01024,Vijaya Diagnostic Centre Ltd.,active,,,1055.00,bse_isin:active+bhavcopy
INE852O01025,Aptus Value Housing Finance India Ltd.,active,,,286.85,bse_isin:active+bhavcopy
INE488A01050,Chemplast Sanmar Ltd.,active,,,250.00,bse_isin:active+bhavcopy
INE118D01016,Nuvoco Vistas Corp.Ltd.,active,,,356.10,bse_isin:active+bhavcopy
INE290S01011,CarTrade Tech Ltd.,active,,,2755.00,bse_isin:active+bhavcopy
INE0GFE01026,Exxaro Tiles Ltd.,active,,,7.99,bse_isin:active+bhavcopy
INE0H5O01029,Windlas Biotech Ltd.,active,,,768.40,bse_isin:active+bhavcopy
INE872J01023,Devyani International Ltd.,active,,,142.32,bse_isin:active+bhavcopy
INE08LI01020,Krsnaa Diagnostics Ltd.,active,,,703.00,bse_isin:active+bhavcopy
INE645S01024,Rolex Rings Ltd.,active,,,129.00,bse_isin:active+bhavcopy
INE03Q201024,Glenmark Life Sciences Ltd.,active,,,901.25,bse_isin:active+bhavcopy
INE0GK401011,Tatva Chintan Pharma Chem Ltd.,active,,,1307.80,bse_isin:active+bhavcopy
INE758T01015,Eternal Ltd.,active,,,276.00,bse_isin:active+bhavcopy
INE201P01022,G R Infraprojects Ltd.,active,,,994.70,bse_isin:active+bhavcopy
INE227W01023,Clean Science & Technology Ltd.,active,,,884.95,bse_isin:active+bhavcopy
INE0D6701023,India Pesticides Ltd.,active,,,174.08,bse_isin:active+bhavcopy
INE021O01019,Dodla Dairy Ltd.,active,,,1221.50,bse_isin:active+bhavcopy
INE967H01025,Krishna Institute of Medical Sciences Ltd.,active,,,600.00,bse_isin:active+bhavcopy
INE810G01011,Shyam Metalics & Energy Ltd.,active,,,840.00,bse_isin:active+bhavcopy
INE073K01018,Sona BLW Precision Forgings Ltd.,active,,,480.00,bse_isin:active+bhavcopy
INE0GGX23010,POWERGRID Infrastructure Investment Trust InvIT,active,,,89.24,bhavcopy+status_from_bhavcopy_recent
INE670K01029,Macrotech Developers Ltd.,active,,,1062.90,bse_isin:active+bhavcopy
INE382M01027,United Foodbrands Ltd.,active,,,205.42,bse_isin:active+bhavcopy
INE418L01047,Nazara Technologies Ltd.,active,,,265.80,bse_isin:active+bhavcopy
INE428Q01011,Suryoday Small Finance Bank Ltd.,active,,,139.15,bse_isin:active+bhavcopy
INE303R01014,Kalyan Jewellers India Ltd.,active,,,485.00,bse_isin:active+bhavcopy
INE00LO01017,Craftsman Automation Ltd.,active,,,7200.00,bse_isin:active+bhavcopy
INE576O01020,Laxmi Organic Industries Ltd.,active,,,167.04,bse_isin:active+bhavcopy
INE930P01018,Anupam Rasayan India Ltd.,active,,,1314.20,bse_isin:active+bhavcopy
INE07O001026,Easy Trip Planners Ltd.,active,,,7.32,bse_isin:active+bhavcopy
INE864I01014,MTAR Technologies Ltd.,active,,,2384.00,bse_isin:active+bhavcopy
INE694N01015,Heranba Industries Ltd.,active,,,242.90,bse_isin:active+bhavcopy
INE0DD101019,RailTel Corp.of India Ltd.,active,,,367.10,bse_isin:active+bhavcopy
INE0DSF01015,Nureca Ltd.,active,,,294.00,bse_isin:active+bhavcopy
INE0FDU25010,Brookfield India Real Estate Trust REIT,active,,,334.33,bhavcopy+status_from_bhavcopy_recent
INE00IN01015,Stove Kraft Ltd.,active,,,562.60,bse_isin:active+bhavcopy
INE481N01025,Home First Finance Co.India Ltd.,active,,,1114.90,bse_isin:active+bhavcopy
INE09VQ01012,Indigo Paints Ltd.,active,,,1122.50,bse_isin:active+bhavcopy
INE053F01010,Indian Railway Finance Corp.Ltd.,active,,,124.95,bse_isin:active+bhavcopy
INE035801013,Aeroflex Neu Ltd.,active,,,80.00,bse_isin:active+bhavcopy
INE855R01021,Radiant Cash Management Services Ltd.,active,,,51.94,bse_isin:active+bhavcopy
INE050401020,Elin Electronics Ltd.,active,,,164.00,bse_isin:active+bhavcopy
INE138Y01010,KFin Technologies Ltd.,active,,,1097.80,bse_isin:active+bhavcopy
INE559R01029,Landmark Cars Ltd.,active,,,482.95,bse_isin:active+bhavcopy
INE00ZE01026,Abans Holdings Ltd.,active,,,203.76,bse_isin:active+bhavcopy
INE142Q01026,Sula Vineyards Ltd.,active,,,218.96,bse_isin:active+bhavcopy
INE244O01017,Uniparts India Ltd.,active,,,481.95,bse_isin:active+bhavcopy
INE00OQ01016,Dharmaj Crop Guard Ltd.,active,,,236.50,bse_isin:active+bhavcopy
INE263M01029,Keystone Realtors Ltd.,active,,,525.00,bse_isin:active+bhavcopy
INE510W01014,Inox Green Energy Services Ltd.,active,,,206.00,bse_isin:active+bhavcopy
INE918Z01012,Kaynes Technology India Ltd.,active,,,3948.00,bse_isin:active+bhavcopy
INE128S01021,Five-Star Business Finance Ltd.,active,,,541.65,bse_isin:active+bhavcopy
INE128X01021,Archean Chemical Industries Ltd.,active,,,551.45,bse_isin:active+bhavcopy
INE474Q01031,Global Health Ltd.,active,,,1162.10,bse_isin:active+bhavcopy
INE00E101023,Bikaji Foods International Ltd.,active,,,758.45,bse_isin:active+bhavcopy
INE139R01012,Fusion Micro Finance Ltd.,active,,,154.30,bse_isin:active+bhavcopy
INE0KL801015,DCX Systems Ltd.,active,,,188.52,bse_isin:active+bhavcopy
INE0HMF01019,Tracxn Technologies Ltd.,active,,,39.49,bse_isin:active+bhavcopy
INE02YR01019,Electronics Mart India Ltd.,active,,,102.84,bse_isin:active+bhavcopy
INE0JUS01029,Harsha Engineers International Ltd.,active,,,374.00,bse_isin:active+bhavcopy
INE668A01016,Tamilnad Mercantile Bank Ltd.,active,,,512.00,bse_isin:active+bhavcopy
INE0JS101016,Dreamfolks Services Ltd.,active,,,108.98,bse_isin:active+bhavcopy
INE0DYJ01015,Syrma SGS Technology Ltd.,active,,,722.40,bse_isin:active+bhavcopy
INE0BWX01014,Aether Industries Ltd.,active,,,839.30,bse_isin:active+bhavcopy
INE01QM01018,eMudhra Ltd.,active,,,584.20,bse_isin:active+bhavcopy
INE04TZ01018,Ethos Ltd.,active,,,2905.00,bse_isin:active+bhavcopy
INE088F01024,Paradeep Phosphates Ltd.,active,,,166.00,bse_isin:active+bhavcopy
INE148O01028,Delhivery Ltd.,active,,,402.95,bse_isin:active+bhavcopy
INE0JA001018,Venus Pipes & Tubes Ltd.,active,,,1149.90,bse_isin:active+bhavcopy
INE00F201020,Prudent Corporate Advisory Services Ltd.,active,,,2570.70,bse_isin:active+bhavcopy
INE0J1Y01017,Life Insurance Corp.of India,active,,,846.55,bse_isin:active+bhavcopy
INE961O01016,Rainbow Children's Medicare Ltd.,active,,,1315.10,bse_isin:active+bhavcopy
INE278Y01022,Campus Activewear Ltd.,active,,,260.00,bse_isin:active+bhavcopy
INE00EV01017,Hariom Pipe Industries Ltd.,active,,,362.85,bse_isin:active+bhavcopy
INE0IQ001011,Veranda Learning Solutions Ltd.,active,,,181.00,bse_isin:active+bhavcopy
INE0GIU01018,Uma Exports Ltd.,active,,,39.14,bse_isin:active+bhavcopy
INE619A01035,Patanjali Foods Ltd.,active,,,543.75,bse_isin:active+bhavcopy
INE825V01034,Vedant Fashions Ltd.,active,,,579.25,bse_isin:active+bhavcopy
INE699H01024,AWL Agri Business Ltd.,active,,,241.00,bse_isin:active+bhavcopy
INE583L01014,AGS Transact Technologies Ltd.,suspended,,,4.22,bse_isin:suspended+bhavcopy
INE0DUT01020,Innova Captab Ltd.,active,,,724.90,bse_isin:active+bhavcopy
INE02IJ01035,Azad Engineering Ltd.,active,,,1614.40,bse_isin:active+bhavcopy
INE330T01021,Happy Forgings Ltd.,active,,,1124.00,bse_isin:active+bhavcopy
INE0PEQ01016,RBZ Jewellers Ltd.,active,,,139.17,bse_isin:active+bhavcopy
INE220Q01020,Credo Brands Marketing Ltd.,active,,,99.90,bse_isin:active+bhavcopy
INE046W01019,Muthoot Microfin Ltd.,active,,,170.57,bse_isin:active+bhavcopy
INE0FRK01020,Motisons Jewellers Ltd.,active,,,14.90,bse_isin:active+bhavcopy
INE843S01025,Suraj Estate Developers Ltd.,active,,,259.00,bse_isin:active+bhavcopy
INE616N01034,Inox India Ltd.,active,,,1115.00,bse_isin:active+bhavcopy
INE922K01024,India Shelter Finance Corp.Ltd.,active,,,805.00,bse_isin:active+bhavcopy
INE321T01012,DOMS Industries Ltd.,active,,,2541.70,bse_isin:active+bhavcopy
INE142M01025,Tata Technologies Ltd.,active,,,640.10,bse_isin:active+bhavcopy
INE717W01049,Gandhar Oil Refinery (India) Ltd.,active,,,148.17,bse_isin:active+bhavcopy
INE007N01010,Fedbank Financial Services Ltd.,active,,,144.69,bse_isin:active+bhavcopy
INE00Y201027,Flair Writing Industries Ltd.,active,,,305.00,bse_isin:active+bhavcopy
INE202E01016,Indian Renewable Energy Development Agency Ltd.,active,,,136.86,bse_isin:active+bhavcopy
INE491J01022,ASK Automotive Ltd.,active,,,468.30,bse_isin:active+bhavcopy
INE004A01022,Protean eGov Technologies Ltd.,active,,,742.90,bse_isin:active+bhavcopy
INE818W01011,ESAF Small Finance Bank Ltd.,active,,,26.58,bse_isin:active+bhavcopy
INE0J5401028,Honasa Consumer Ltd.,active,,,288.40,bse_isin:active+bhavcopy
INE0LMW01024,Cello World Ltd.,active,,,539.90,bse_isin:active+bhavcopy
INE0KBH01020,Blue Jet Healthcare Ltd.,active,,,519.80,bse_isin:active+bhavcopy
INE07U701015,IRM Energy Ltd.,active,,,282.95,bse_isin:active+bhavcopy
INE0INJ01017,Plaza Wires Ltd.,active,,,41.75,bse_isin:active+bhavcopy
INE0JWS01017,Valiant Laboratories Ltd.,active,,,73.13,bse_isin:active+bhavcopy
INE880J01026,JSW Infrastructure Ltd.,active,,,287.00,bse_isin:active+bhavcopy
INE851I01011,Updater Services Ltd.,active,,,184.50,bse_isin:active+bhavcopy
INE0KNT01012,Manoj Vaibhav Gems 'N' Jewellers Ltd.,active,,,182.00,bse_isin:active+bhavcopy
INE903U01023,Signatureglobal (India) Ltd.,active,,,1114.80,bse_isin:active+bhavcopy
INE438K01021,Sai Silks (Kalamandir) Ltd.,active,,,153.37,bse_isin:active+bhavcopy
INE0JR601024,Yatra Online Ltd.,active,,,177.93,bse_isin:active+bhavcopy
INE08U801020,SAMHI Hotels Ltd.,active,,,178.02,bse_isin:active+bhavcopy
INE07K301024,Zaggle Prepaid Ocean Services Ltd.,active,,,352.00,bse_isin:active+bhavcopy
INE777K01022,R R Kabel Ltd.,active,,,1450.00,bse_isin:active+bhavcopy
INE0OV601013,EMS Ltd.,active,,,416.90,bse_isin:active+bhavcopy
INE682M01012,Jupiter Life Line Hospitals Ltd.,active,,,1394.70,bse_isin:active+bhavcopy
INE05CZ01011,Ratnaveer Precision Engineering Ltd.,active,,,150.10,bse_isin:active+bhavcopy
INE0N2P01017,Rishabh Instruments Ltd.,active,,,390.00,bse_isin:active+bhavcopy
INE0AE001013,Vishnu Prakash R.Punglia Ltd.,active,,,55.37,bse_isin:active+bhavcopy
INE024001021,Aeroflex Industries Ltd.,active,,,196.25,bse_isin:active+bhavcopy
INE0MIS01010,Pyramid Technoplast Ltd.,active,,,162.40,bse_isin:active+bhavcopy
INE395N01027,TVS Supply Chain Solutions Ltd.,active,,,111.07,bse_isin:active+bhavcopy
INE338H01029,Concord Biotech Ltd.,active,,,1341.10,bse_isin:active+bhavcopy
INE423Y01016,SBFC Finance Ltd.,active,,,104.61,bse_isin:active+bhavcopy
INE0JO301016,Yatharth Hospital & Trauma Care Services Ltd.,active,,,678.50,bse_isin:active+bhavcopy
INE0NT901020,Netweb Technologies India Ltd.,active,,,3093.30,bse_isin:active+bhavcopy
INE735W01017,Utkarsh Small Finance Bank Ltd.,active,,,14.52,bse_isin:active+bhavcopy
INE602W01027,Senco Gold Ltd.,active,,,317.10,bse_isin:active+bhavcopy
INE055S01018,Cyient DLM Ltd.,active,,,412.00,bse_isin:active+bhavcopy
INE349Y01013,ideaForge Technology Ltd.,active,,,466.70,bse_isin:active+bhavcopy
INE0ECP01024,HMA Agro Industries Ltd.,active,,,28.71,bse_isin:active+bhavcopy
INE0LOJ01019,IKIO Lighting Ltd.,active,,,178.50,bse_isin:active+bhavcopy
INE0NDH25011,Nexus Select Trust REIT,active,,,156.10,bhavcopy+status_from_bhavcopy_recent
INE634S01028,Mankind Pharma Ltd.,active,,,2165.00,bse_isin:active+bhavcopy
INE0LCL01028,Avalon Technologies Ltd.,active,,,845.35,bse_isin:active+bhavcopy
INE0N0Y01013,Udayshivakumar Infra Ltd.,active,,,23.89,bse_isin:active+bhavcopy
INE0JSX01015,Global Surfaces Ltd.,active,,,97.35,bse_isin:active+bhavcopy
INE753U01022,Divgi TorqTransfer Systems Ltd.,active,,,601.90,bse_isin:active+bhavcopy
INE622H01018,Indo Farm Equipment Ltd.,active,,,214.80,bse_isin:active+bhavcopy
INE0U3I01011,Unimech Aerospace & Manufacturing Ltd.,active,,,900.40,bse_isin:active+bhavcopy
INE781S01027,Ventive Hospitality Ltd.,active,,,735.65,bse_isin:active+bhavcopy
INE0RB801010,Senores Pharmaceuticals Ltd.,active,,,821.55,bse_isin:active+bhavcopy
INE0V7W01012,Carraro India Ltd.,active,,,529.00,bse_isin:active+bhavcopy
INE454P01035,Transrail Lighting Ltd.,active,,,550.00,bse_isin:active+bhavcopy
INE284H01025,DAM Capital Advisors Ltd.,active,,,211.49,bse_isin:active+bhavcopy
INE0TO701015,Mamata Machinery Ltd.,active,,,429.80,bse_isin:active+bhavcopy
INE0JPD01013,Sanathan Textiles Ltd.,active,,,415.75,bse_isin:active+bhavcopy
INE037Z01029,Concord Enviro Systems Ltd.,active,,,461.00,bse_isin:active+bhavcopy
INE0Q9301021,International Gemmological Institute (India) Ltd.,active,,,330.00,bse_isin:active+bhavcopy
INE115Q01022,Inventurus Knowledge Solutions Ltd.,active,,,1674.60,bse_isin:active+bhavcopy
INE01EA01019,Vishal Mega Mart Ltd.,active,,,135.13,bse_isin:active+bhavcopy
INE570L01029,Sai Life Sciences Ltd.,active,,,915.00,bse_isin:active+bhavcopy
INE0HLU01028,One Mobikwik Systems Ltd.,active,,,230.15,bse_isin:active+bhavcopy
INE19RO25013,Property Share Investment Trust-PropShare Platina SM REIT,unknown,,,1001002.02,bhavcopy
INE877V01027,Suraksha Diagnostic Ltd.,active,,,269.00,bse_isin:active+bhavcopy
INE0LLY01014,Enviro Infra Engineers Ltd.,active,,,203.50,bse_isin:active+bhavcopy
INE0ONG01011,NTPC Green Energy Ltd.,active,,,93.50,bse_isin:active+bhavcopy
INE0UIZ01018,BlackBuck Ltd.,active,,,678.25,bse_isin:active+bhavcopy
INE995S01015,Niva Bupa Health Insurance Co.Ltd.,active,,,74.57,bse_isin:active+bhavcopy
INE00H001014,Swiggy Ltd.,active,,,395.45,bse_isin:active+bhavcopy
INE622W01025,ACME Solar Holdings Ltd.,active,,,234.37,bse_isin:active+bhavcopy
INE0W2G01015,Sagility India Ltd.,active,,,52.18,bse_isin:active+bhavcopy
INE101I01011,Afcons Infrastructure Ltd.,active,,,391.00,bse_isin:active+bhavcopy
INE497S01012,Godavari Biorefineries Ltd.,active,,,281.99,bse_isin:active+bhavcopy
INE377N01017,Waaree Energies Ltd.,active,,,2982.00,bse_isin:active+bhavcopy
INE0OPA01019,Deepak Builders & Engineers India Ltd.,active,,,117.25,bse_isin:active+bhavcopy
INE0V6F01027,Hyundai Motor India Ltd.,active,,,2302.00,bse_isin:active+bhavcopy
INE0JVO01026,Garuda Construction & Engineering Ltd.,active,,,189.99,bse_isin:active+bhavcopy
INE184O01015,Diffusion Engineers Ltd.,active,,,336.90,bse_isin:active+bhavcopy
INE0Q3J01015,KRN Heat Exchanger & Refrigeration Ltd.,active,,,714.50,bse_isin:active+bhavcopy
INE939X01013,Manba Finance Ltd.,active,,,139.00,bse_isin:active+bhavcopy
INE0QRL01017,Arkade Developers Ltd.,active,,,136.70,bse_isin:active+bhavcopy
INE850M01015,Northern Arc Capital Ltd.,active,,,248.20,bse_isin:active+bhavcopy
INE0CJF01024,Western Carriers (India) Ltd.,active,,,119.25,bse_isin:active+bhavcopy
INE953R01016,P N Gadgil Jewellers Ltd.,active,,,606.75,bse_isin:active+bhavcopy
INE377Y01014,Bajaj Housing Finance Ltd.,active,,,94.00,bse_isin:active+bhavcopy
INE0RWQ01014,Tolins Tyres Ltd.,active,,,131.65,bse_isin:active+bhavcopy
INE0O6601022,Kross Ltd.,active,,,184.85,bse_isin:active+bhavcopy
INE0S2G01011,Shree Tirupati Balajee Agro Trading Co.Ltd.,active,,,39.45,bse_isin:active+bhavcopy
INE0RE001014,Gala Precision Engineering Ltd.,active,,,770.00,bse_isin:active+bhavcopy
INE01FR01028,Baazar Style Retail Ltd.,active,,,276.20,bse_isin:active+bhavcopy
INE06HJ01020,ECOS (India) Mobility & Hospitality Ltd.,active,,,200.00,bse_isin:active+bhavcopy
INE0BS701011,Premier Energies Ltd.,active,,,880.00,bse_isin:active+bhavcopy
INE0PPK01015,Orient Technologies Ltd.,active,,,416.15,bse_isin:active+bhavcopy
INE00M901018,Interarch Building Products Ltd.,active,,,2330.00,bse_isin:active+bhavcopy
INE0PQ101010,Saraswati Saree Depot Ltd.,active,,,76.87,bse_isin:active+bhavcopy
INE02RE01045,Brainbees Solutions Ltd.,active,,,288.00,bse_isin:active+bhavcopy
INE00U401027,Unicommerce eSolutions Ltd.,active,,,117.58,bse_isin:active+bhavcopy
INE0LXG01040,Ola Electric Mobility Ltd.,active,,,36.80,bse_isin:active+bhavcopy
INE0AG901020,Ceigall India Ltd.,active,,,268.00,bse_isin:active+bhavcopy
INE09XN01023,Akums Drugs & Pharmaceuticals Ltd.,active,,,452.25,bse_isin:active+bhavcopy
INE08NE01025,Sanstar Ltd.,active,,,93.80,bse_isin:active+bhavcopy
INE168P01015,Emcure Pharmaceuticals Ltd.,active,,,1403.00,bse_isin:active+bhavcopy
INE0B9K01025,Bansal Wire Industries Ltd.,active,,,308.90,bse_isin:active+bhavcopy
INE0S2V01010,Vraj Iron & Steel Ltd.,active,,,122.98,bse_isin:active+bhavcopy
INE552Z01027,Allied Blenders & Distillers Ltd.,active,,,590.55,bse_isin:active+bhavcopy
INE01A001028,Stanley Lifestyles Ltd.,active,,,193.00,bse_isin:active+bhavcopy
INE841L01016,DEE Development Engineers Ltd.,active,,,202.79,bse_isin:active+bhavcopy
INE916Y01027,Akme Fintrade (India) Ltd.,active,,,6.46,bse_isin:active+bhavcopy
INE0HV901016,Le Travenues Technology Ltd.,active,,,248.50,bse_isin:active+bhavcopy
INE0ATZ01017,Kronox Lab Sciences Ltd.,active,,,134.45,bse_isin:active+bhavcopy
INE108V01019,Awfis Space Solutions Ltd.,active,,,479.20,bse_isin:active+bhavcopy
INE03JT01014,Go Digit General Insurance Ltd.,active,,,344.05,bse_isin:active+bhavcopy
INE673O01025,TBO Tek Ltd.,active,,,1666.00,bse_isin:active+bhavcopy
INE883F01010,Aadhar Housing Finance Ltd.,active,,,484.00,bse_isin:active+bhavcopy
INE065X01017,Indegene Ltd.,active,,,518.20,bse_isin:active+bhavcopy
INE0OAF01028,JNK India Ltd.,active,,,245.40,bse_isin:active+bhavcopy
INE669E01016,Vodafone Idea Ltd. FPO,active,,,12.16,bse_isin:active+bhavcopy
INE343G01021,Bharti Hexacom Ltd.,active,,,1790.00,bse_isin:active+bhavcopy
INE0R6Z01013,SRM Contractors Ltd.,active,,,533.90,bse_isin:active+bhavcopy
INE0QN801017,Krystal Integrated Services Ltd.,active,,,510.00,bse_isin:active+bhavcopy
INE772T01024,Popular Vehicles & Services Ltd.,active,,,112.70,bse_isin:active+bhavcopy
INE0L9R01028,Gopal Snacks Ltd.,active,,,311.10,bse_isin:active+bhavcopy
INE0MB501011,J.G.Chemicals Ltd.,active,,,349.00,bse_isin:active+bhavcopy
INE0NQ801033,R K SWAMY Ltd.,active,,,113.00,bse_isin:active+bhavcopy
INE0CG401037,Mukka Proteins Ltd.,active,,,23.81,bse_isin:active+bhavcopy
INE0NHL23019,Bharat Highways InvIT InvIT,active,,,117.90,bhavcopy+status_from_bhavcopy_recent
INE0PT501018,Platinum Industries Ltd.,active,,,250.75,bse_isin:active+bhavcopy
INE777F01014,Exicom Tele-Systems Ltd.,active,,,117.90,bse_isin:active+bhavcopy
INE486R01017,GPT Healthcare Ltd.,active,,,140.60,bse_isin:active+bhavcopy
INE696F01016,Juniper Hotels Ltd.,active,,,252.20,bse_isin:active+bhavcopy
INE0QTF01015,Vibhor Steel Tubes Ltd.,active,,,131.58,bse_isin:active+bhavcopy
INE010601016,Entero Healthcare Solutions Ltd.,active,,,1005.90,bse_isin:active+bhavcopy
INE0J1F01024,Rashi Peripherals Ltd.,active,,,352.00,bse_isin:active+bhavcopy
INE953L01027,Jana Small Finance Bank Ltd.,active,,,419.95,bse_isin:active+bhavcopy
INE646H01017,Capital Small Finance Bank Ltd.,active,,,263.85,bse_isin:active+bhavcopy
INE988S01028,Apeejay Surrendra Park Hotels Ltd.,active,,,132.40,bse_isin:active+bhavcopy
INE0NLT01010,BLS E-Services Ltd.,active,,,204.60,bse_isin:active+bhavcopy
INE02H701025,Nova AgriTech Ltd.,active,,,37.85,bse_isin:active+bhavcopy
INE0G5901015,EPACK Durable Ltd.,active,,,278.00,bse_isin:active+bhavcopy
INE456Z01021,Medi Assist Healthcare Services Ltd.,active,,,438.15,bse_isin:active+bhavcopy
INE980O01024,Jyoti CNC Automation Ltd.,active,,,986.70,bse_isin:active+bhavcopy
INE0V0W01025,Gujarat Kidney & Super Speciality Ltd.,active,,,104.44,bse_isin:active+bhavcopy
INE987S01020,KSH International Ltd.,active,,,344.45,bse_isin:active+bhavcopy
INE346A01027,ICICI Prudential Asset Management Co.Ltd.,active,,,2641.90,bse_isin:active+bhavcopy
INE119201023,Park Medi World Ltd.,active,,,146.30,bse_isin:active+bhavcopy
INE428V01029,Nephrocare Health Services Ltd.,active,,,464.90,bse_isin:active+bhavcopy
INE02ZQ01018,Corona Remedies Ltd.,active,,,1385.10,bse_isin:active+bhavcopy
INE0E7301029,Wakefit Innovations Ltd.,active,,,184.00,bse_isin:active+bhavcopy
INE14UN01029,Vidya Wires Ltd.,active,,,49.68,bse_isin:active+bhavcopy
INE947N01017,Aequs Ltd.,active,,,136.99,bse_isin:active+bhavcopy
INE0VDM01015,Meesho Ltd.,active,,,186.16,bse_isin:active+bhavcopy
INE0QPI01025,Sudeep Pharma Ltd.,active,,,611.50,bse_isin:active+bhavcopy
INE606N01019,Excelsoft Technologies Ltd.,active,,,93.70,bse_isin:active+bhavcopy
INE0ILV01024,Capillary Technologies India Ltd.,active,,,674.45,bse_isin:active+bhavcopy
INE12UR01024,Fujiyama Power Systems Ltd.,active,,,215.70,bse_isin:active+bhavcopy
INE19RI01016,Tenneco Clean Air India Ltd.,active,,,504.65,bse_isin:active+bhavcopy
INE0LP301011,PhysicsWallah Ltd.,active,,,129.01,bse_isin:active+bhavcopy
INE1C6T01020,Emmvee Photovoltaic Power Ltd.,active,,,184.40,bse_isin:active+bhavcopy
INE15B701018,Pine Labs Ltd.,active,,,235.10,bse_isin:active+bhavcopy
INE0HOQ01053,Billionbrains Garage Ventures Ltd.,active,,,160.00,bse_isin:active+bhavcopy
INE956O01016,Lenskart Solutions Ltd.,active,,,459.00,bse_isin:active+bhavcopy
INE00Q601028,Studds Accessories Ltd.,active,,,528.00,bse_isin:active+bhavcopy
INE16NZ01023,Orkla India Ltd.,active,,,623.50,bse_isin:active+bhavcopy
INE0XAD01024,Midwest Ltd.,active,,,1790.00,bse_isin:active+bhavcopy
INE01TY01017,Canara HSBC Life Insurance Co.Ltd.,active,,,149.95,bse_isin:active+bhavcopy
INE506V01022,Rubicon Research Ltd.,active,,,666.05,bse_isin:active+bhavcopy
INE218I01013,Canara Robeco Asset Management Co.Ltd.,active,,,308.00,bse_isin:active+bhavcopy
INE324D01010,LG Electronics India Ltd.,active,,,1528.30,bse_isin:active+bhavcopy
INE1UA823019,Anantam Highways Trust InvIT,active,,,103.75,bhavcopy+status_from_bhavcopy_recent
INE976I01016,Tata Capital Ltd.,active,,,335.15,bse_isin:active+bhavcopy
INE085001019,WeWork India Management Ltd.,active,,,600.00,bse_isin:active+bhavcopy
INE1B0W01010,Advance Agrolife Ltd.,active,,,119.00,bse_isin:active+bhavcopy
INE1BZC01019,Om Freight Forwarders Ltd.,active,,,95.25,bse_isin:active+bhavcopy
INE0TQE01026,Glottis Ltd.,active,,,58.10,bse_isin:active+bhavcopy
INE0HF201011,Fabtech Technologies Ltd.,active,,,198.11,bse_isin:active+bhavcopy
INE0S3G01027,Pace Digitek Ltd.,active,,,186.00,bse_isin:active+bhavcopy
INE0MWH01014,Trualt Bioenergy Ltd.,active,,,390.00,bse_isin:active+bhavcopy
INE1FF001016,Jinkushal Industries Ltd.,active,,,89.72,bse_isin:active+bhavcopy
INE0MLS01022,Epack Prefab Technologies Ltd.,active,,,275.00,bse_isin:active+bhavcopy
INE965W01036,BMW Ventures Ltd.,active,,,56.50,bse_isin:active+bhavcopy
INE0YD401026,Jain Resource Recycling Ltd.,active,,,400.00,bse_isin:active+bhavcopy
INE549H01021,Anand Rathi Share & Stock Brokers Ltd.,active,,,637.60,bse_isin:active+bhavcopy
INE04VU01023,Seshaasai Technologies Ltd.,active,,,273.15,bse_isin:active+bhavcopy
INE00YJ01010,Jaro Institute of Technology Management & Research Ltd.,active,,,470.90,bse_isin:active+bhavcopy
INE0TY101024,Solarworld Energy Solutions Ltd.,active,,,279.70,bse_isin:active+bhavcopy
INE0Z4F01028,Atlanta Electricals Ltd.,active,,,891.05,bse_isin:active+bhavcopy
INE652V01016,Ganesh Consumer Products Ltd.,active,,,216.00,bse_isin:active+bhavcopy
INE1AG301022,GK Energy Ltd.,active,,,147.60,bse_isin:active+bhavcopy
INE13B501022,Saatvik Green Energy Ltd.,active,,,381.00,bse_isin:active+bhavcopy
INE056801025,Ivalue Infosolutions Ltd.,active,,,263.85,bse_isin:active+bhavcopy
INE0SJA01013,VMS TMT Ltd.,active,,,53.30,bse_isin:active+bhavcopy
INE198501012,Euro Pratik Sales Ltd.,active,,,310.50,bse_isin:active+bhavcopy
INE1B3L01017,Shringar House of Mangalsutra Ltd.,active,,,221.27,bse_isin:active+bhavcopy
INE0VOV01021,Dev Accelerator Ltd.,active,,,38.40,bse_isin:active+bhavcopy
INE0CAZ01013,Urban Co.Ltd.,active,,,131.70,bse_isin:active+bhavcopy
INE084K01015,Amanta Healthcare Ltd.,active,,,105.29,bse_isin:active+bhavcopy
INE0Y8W01025,Anlon Healthcare Ltd.,active,,,148.00,bse_isin:active+bhavcopy
INE01R501028,Vikran Engineering Ltd.,active,,,104.00,bse_isin:active+bhavcopy
INE0PKD01011,Mangal Electrical Industries Ltd.,active,,,364.00,bse_isin:active+bhavcopy
INE1B6101010,Shreeji Shipping Global Ltd.,active,,,362.75,bse_isin:active+bhavcopy
INE06XZ01023,Gem Aromatics Ltd.,active,,,167.90,bse_isin:active+bhavcopy
INE078V01014,Vikram Solar Ltd.,active,,,238.00,bse_isin:active+bhavcopy
INE0R8B01010,Patel Retail Ltd.,active,,,198.10,bse_isin:active+bhavcopy
INE0MHO01029,Regaal Resources Ltd.,active,,,68.70,bse_isin:active+bhavcopy
INE304W01038,BlueStone Jewellery & Lifestyle Ltd.,active,,,477.75,bse_isin:active+bhavcopy
INE0GV601021,All Time Plastics Ltd.,active,,,261.00,bse_isin:active+bhavcopy
INE718I01012,JSW Cement Ltd.,active,,,121.00,bse_isin:active+bhavcopy
INE00RL01028,Highway Infrastructure Ltd.,active,,,56.35,bse_isin:active+bhavcopy
INE1JAR25012,Knowledge Realty Trust REIT,active,,,123.20,bhavcopy+status_from_bhavcopy_recent
INE0V9Q01010,Sri Lotus Developers & Realty Ltd.,active,,,159.25,bse_isin:active+bhavcopy
INE08N601015,M&B Engineering Ltd.,active,,,380.05,bse_isin:active+bhavcopy
INE301O01023,National Securities Depository Ltd.,active,,,1172.30,bse_isin:active+bhavcopy
INE06WU01026,Laxmi India Finance Ltd.,active,,,123.60,bse_isin:active+bhavcopy
INE819V01029,Aditya Infotech Ltd.,active,,,1487.10,bse_isin:active+bhavcopy
INE06ZD01017,Shanti Gold International Ltd.,active,,,186.15,bse_isin:active+bhavcopy
INE03NU01014,Brigade Hotel Ventures Ltd.,active,,,65.85,bse_isin:active+bhavcopy
INE06ST01018,Indiqube Spaces Ltd.,active,,,207.95,bse_isin:active+bhavcopy
INE18JU01028,GNG Electronics Ltd.,active,,,309.00,bse_isin:active+bhavcopy
INE19RO25021,Property Share Investment Trust-PropShare Titania SM REIT,unknown,,,1053000.00,bhavcopy
INE0CZ201020,Anthem Biosciences Ltd.,active,,,639.00,bse_isin:active+bhavcopy
INE0NAZ01010,Smartworks Coworking Spaces Ltd.,active,,,481.65,bse_isin:active+bhavcopy
INE103V01028,Travel Food Services Ltd.,active,,,1150.60,bse_isin:active+bhavcopy
INE0S4R01014,Crizac Ltd.,active,,,282.50,bse_isin:active+bhavcopy
INE05J901018,Indogulf Cropsciences Ltd.,active,,,82.00,bse_isin:active+bhavcopy
INE12NJ01018,Sambhv Steel Tubes Ltd.,active,,,96.00,bse_isin:active+bhavcopy
INE756I01012,HDB Financial Services Ltd.,active,,,764.00,bse_isin:active+bhavcopy
INE0V3U01015,Globe Civil Projects Ltd.,active,,,60.00,bse_isin:active+bhavcopy
INE236E01022,Ellenbarrie Industrial Gases Ltd.,active,,,347.50,bse_isin:active+bhavcopy
INE227J01012,Kalpataru Ltd.,active,,,334.05,bse_isin:active+bhavcopy
INE0H9P01028,Arisinfra Solutions Ltd.,active,,,131.00,bse_isin:active+bhavcopy
INE0BYP01024,Oswal Pumps Ltd.,active,,,523.00,bse_isin:active+bhavcopy
INE090501011,Scoda Tubes Ltd.,active,,,157.45,bse_isin:active+bhavcopy
INE0BX301013,Prostarm Info Systems Ltd.,active,,,178.00,bse_isin:active+bhavcopy
INE0INX01018,Aegis Vopak Terminals Ltd.,active,,,251.50,bse_isin:active+bhavcopy
INE0AQ201015,The Leela Palaces Hotels & Resorts Ltd.,active,,,433.55,bse_isin:active+bhavcopy
INE894V01022,Belrise Industries Ltd.,active,,,182.10,bse_isin:active+bhavcopy
INE16SF01016,Borana Weaves Ltd.,active,,,290.35,bse_isin:active+bhavcopy
INE0LEZ01016,Ather Energy Ltd.,active,,,732.35,bse_isin:active+bhavcopy
INE0SII01026,Quality Power Electrical Equipments Ltd.,active,,,725.00,bse_isin:active+bhavcopy
INE093A01041,Hexaware Technologies Ltd.,active,,,757.95,bse_isin:active+bhavcopy
INE274Y01021,Ajax Engineering Ltd.,active,,,600.00,bse_isin:active+bhavcopy
INE943P01029,Dr.Agarwal's Health Care Ltd.,active,,,502.50,bse_isin:active+bhavcopy
INE0R4L01018,Denta Water & Infra Solutions Ltd.,active,,,333.10,bse_isin:active+bhavcopy
INE0RYC01010,Stallion India Fluorochemicals Ltd.,active,,,256.89,bse_isin:active+bhavcopy
INE0WO601020,Laxmi Dental Ltd.,active,,,268.50,bse_isin:active+bhavcopy
INE0LRY01011,Quadrant Future Tek Ltd.,active,,,326.95,bse_isin:active+bhavcopy
INE0Z8Z23013,Capital Infra Trust InvIT,active,,,74.49,bhavcopy+status_from_bhavcopy_recent
INE0M4D01010,Standard Glass Lining Technology Ltd.,active,,,147.50,bse_isin:active+bhavcopy
INE0D5F01013,Net Pix Shorts Digital Media Ltd.,active,,,31.50,bse_isin:active+bhavcopy
INE0BLY01023,Shine Fashions (India) Ltd.,active,,,45.10,bse_isin:active+bhavcopy
INE0EEJ01023,Bodhi Tree Multimedia Ltd.,active,,,8.25,bse_isin:active+bhavcopy
INE244W01010,Veer Global Infraconstruction Ltd.,active,,,119.95,bse_isin:active+bhavcopy
INE0ALR01029,Atal Realtech Ltd.,active,,,26.15,bse_isin:active+bhavcopy
INE0E2801015,GM Polyplast Ltd.,active,,,73.00,bse_isin:active+bhavcopy
INE0D0U01013,AAA Technologies Ltd.,active,,,106.76,bse_isin:active+bhavcopy
INE0A0S01028,Sigma Solve Ltd.,active,,,57.58,bse_isin:active+bhavcopy
INE09KD01013,Atam Valves Ltd.,active,,,82.41,bse_isin:active+bhavcopy
INE0BTM01013,SecMark Consultancy Ltd.,active,,,113.00,bse_isin:active+bhavcopy
INE0ALI01010,Advait Infratech Ltd.,active,,,1755.00,bse_isin:active+bhavcopy
INE0DG401010,Trekkingtoes.com Ltd.,delisted,,,,bse_isin:delisted
INE05ST01028,Suratwwala Business Group Ltd.,active,,,34.84,bse_isin:active+bhavcopy
INE0B9A01018,Bonlon Industries Ltd.,active,,,55.89,bse_isin:active+bhavcopy
INE0D6I01023,Ksolves India Ltd.,active,,,288.00,bse_isin:active+bhavcopy
INE0CRS01012,Billwin Industries Ltd.,active,,,35.95,bse_isin:active+bhavcopy
INE0CPQ01010,Nirmitee Robotics India Ltd.,active,,,102.18,bse_isin:active+bhavcopy
INE0B1K01014,DJ Mediaprint & Logistics Ltd.,active,,,68.94,bse_isin:active+bhavcopy
INE258Y01016,Laxmi Goldorna House Ltd.,active,,,304.95,bhavcopy+status_from_bhavcopy_recent
INE0CQB01010,Cospower Engineering Ltd.,active,,,709.95,bse_isin:active+bhavcopy
INE0BDU01028,RO Jewels Ltd.,active,,,2.13,bse_isin:active+bhavcopy
INE0C4I01011,SM Auto Stamping Ltd.,active,,,29.69,bse_isin:active+bhavcopy
INE0AU701018,ICL Organic Dairy Products Ltd.,delisted,,,,bse_isin:delisted
INE07QQ01016,Chandra Bhagat Pharma Ltd.,active,,,41.12,bse_isin:active+bhavcopy
INE813V01022,Madhav Copper Ltd. FPO,active,,,71.00,bhavcopy+status_from_bhavcopy_recent
INE04OV01018,Janus Corp.Ltd.,suspended,2025-04-03,,4.90,bse_isin:suspended+bhavcopy+date_from_bhavcopy
INE0BIW01023,Tranway Technologies Ltd.,active,,,7.50,bse_isin:active+bhavcopy
INE05X901010,HindPrakash Industries Ltd.,active,,,139.00,bse_isin:active+bhavcopy
INE0DRT01018,Fabino Life Sciences Ltd.,active,,,23.00,bse_isin:active+bhavcopy
INE0IJY01014,Timescan Logistics (India) Ltd.,active,,,50.35,bhavcopy+status_from_bhavcopy_recent
INE0E4I01027,Ascensive Educare Ltd.,active,,,18.00,bse_isin:active+bhavcopy
INE08PH01015,AB Cotspin India Ltd.,active,,,416.65,bse_isin:active+bhavcopy
INE0ILD01014,Brandbucket Media & Technology Ltd.,suspended,2025-04-03,,4.92,bse_isin:suspended+bhavcopy+date_from_bhavcopy
INE0IA701014,Vivo Collaboration Solutions Ltd.,active,,,78.00,bhavcopy+status_from_bhavcopy_recent
INE0IM001015,Wherrelz IT Solutions Ltd.,active,,,219.35,bse_isin:active+bhavcopy
INE0JJS01014,Clara Industries Ltd.,active,,,37.73,bse_isin:active+bhavcopy
INE505V01016,Euro Panel Products Ltd.,active,,,176.55,bse_isin:active+bhavcopy
INE0I7D01019,Foce India Ltd.,active,,,1915.00,bhavcopy+status_from_bhavcopy_recent
INE0JM501013,Nupur Recyclers Ltd.,active,,,55.60,bhavcopy+status_from_bhavcopy_recent
INE07L501010,DMR Hydroengineering & Infrastructures Ltd.,active,,,49.90,bse_isin:active+bhavcopy
INE0JFE01012,Omnipotent Industries Ltd.,active,,,7.11,bse_isin:active+bhavcopy
INE07GA01011,Suyog Gurbaxani Funicular Ropeways Ltd.,active,,,119.85,bse_isin:active+bhavcopy
INE0J6L01013,Nidan Laboratories & Healthcare Ltd.,active,,,19.25,bhavcopy+status_from_bhavcopy_recent
INE0J0B01017,Kotyark Industries Ltd.,active,,,244.65,bse_isin:active+bhavcopy
INE0GN101014,D.K.Enterprises Global Ltd.,active,,,77.00,bhavcopy+status_from_bhavcopy_recent
INE0IGO01011,Destiny Logistics & Infra Ltd.,active,,,115.50,bhavcopy+status_from_bhavcopy_recent
INE0DZ701010,Dynamic Services & Security Ltd.,active,,,124.20,bhavcopy+status_from_bhavcopy_recent
INE0GD201014,Samor Reality Ltd.,active,,,71.00,bse_isin:active+bhavcopy
INE0CWK01019,Adishakti Loha & Ispat Ltd.,active,,,12.00,bse_isin:active+bhavcopy
INE0H8H01019,CWD Ltd.,active,,,1671.50,bse_isin:active+bhavcopy
INE0I2F01015,Promax Power Ltd.,active,,,26.59,bse_isin:active+bhavcopy
INE0I3Y01014,Bombay Metrics Supply Chain Ltd.,active,,,41.00,bhavcopy+status_from_bhavcopy_recent
INE0HLJ01013,Shri Venkatesh Refineries Ltd.,active,,,252.25,bse_isin:active+bhavcopy
INE02KC01010,Jainam Ferro Alloys (I) Ltd.,active,,,224.45,bhavcopy+status_from_bhavcopy_recent
INE0H1201020,Getalong Enterprise Ltd.,active,,,6.01,bse_isin:active+bhavcopy
INE0GOJ01027,Quadpro ITeS Ltd.,active,,,2.40,bhavcopy+status_from_bhavcopy_recent
INE0DLM01024,SBL Infratech Ltd.,active,,,44.90,bse_isin:active+bhavcopy
INE0FW001016,Markolines Traffic Controls Ltd.,active,,,159.32,bse_isin:active+bhavcopy
INE0GAO01018,Prevest Denpro Ltd.,active,,,520.10,bse_isin:active+bhavcopy
INE0HQI01014,BEW Engineering Ltd.,active,,,122.50,bhavcopy+status_from_bhavcopy_recent
INE0DTJ01015,Platinumone Business Services Ltd.,active,,,158.00,bse_isin:active+bhavcopy
INE0GOA01018,Naapbooks Ltd.,active,,,176.00,bse_isin:active+bhavcopy
INE0HPK01012,DU Digital Technologies Ltd.,unknown,,,,
INE0EAX01014,Aashka Hospitals Ltd.,active,,,82.00,bse_isin:active+bhavcopy
INE00D001018,Rex Pipes & Cables Industries Ltd.,active,,,153.50,bhavcopy+status_from_bhavcopy_recent
INE0FFK01017,Network People Services Technologies Ltd.,active,,,1401.00,bse_isin:active+bhavcopy
INE199P01028,Gretex Corporate Services Ltd.,active,,,337.50,bse_isin:active+bhavcopy
INE0C5901022,AA Plus Tradelink Ltd.,active,,,0.93,bse_isin:active+bhavcopy
INE0DXR01010,Focus Business Solution Ltd.,active,,,136.00,bse_isin:active+bhavcopy
INE0G2G01015,Walpar Nutritions Ltd.,active,,,48.30,bhavcopy+status_from_bhavcopy_recent
INE0B6101012,Times Green Energy (India) Ltd.,active,,,95.95,bse_isin:active+bhavcopy
INE0H8J01015,Adeshwar Meditex Ltd.,active,,,21.75,bse_isin:active+bhavcopy
INE0DB001013,Navoday Enterprises Ltd.,suspended,2025-04-03,,5.00,bse_isin:suspended+bhavcopy+date_from_bhavcopy
INE0CAJ01017,Abhishek Integrations Ltd.,active,,,47.00,bhavcopy+status_from_bhavcopy_recent
INE04CO01018,Kuberan Global Edu Solutions Ltd.,active,,,49.41,bse_isin:active+bhavcopy
INE0D9X01018,Jetmall Spices & Masala Ltd.,active,,,34.92,bse_isin:active+bhavcopy
INE0CQ101015,Rajeshwari Cans Ltd.,active,,,45.09,bse_isin:active+bhavcopy
INE0GXK01018,V-Marc India Ltd.,active,,,698.00,bhavcopy+status_from_bhavcopy_recent
INE0CPR01018,EKI Energy Services Ltd.,active,,,105.85,bse_isin:active+bhavcopy
INE0A1E01018,Siddhika Coatings Ltd.,active,,,208.00,bhavcopy+status_from_bhavcopy_recent
INE0GX601011,NIKS Technology Ltd.,active,,,457.90,bse_isin:active+bhavcopy
INE0CJD01029,Knowledge Marine & Engineering Works Ltd.,active,,,1865.20,bse_isin:active+bhavcopy
INE0EMB01015,Rangoli Tradecomm Ltd.,suspended,2025-10-13,,1.88,bse_isin:suspended+bhavcopy+date_from_bhavcopy
INE05FR01029,Ashapuri Gold Ornament Ltd. FPO,active,,,6.16,bse_isin:active+bhavcopy
INE0G0V01018,ADJIA Technologies Ltd.,suspended,2025-10-10,,46.32,bse_isin:suspended+bhavcopy+date_from_bhavcopy
INE07S101038,Pavna Industries Ltd.,active,,,21.60,bse_isin:active+bhavcopy
INE06ZX01015,Party Cruisers Ltd.,active,,,85.50,bhavcopy+status_from_bhavcopy_recent
INE0D7801012,MRP Agro Ltd.,active,,,99.00,bse_isin:active+bhavcopy
INE0MID01012,SVS Ventures Ltd.,active,,,8.99,bse_isin:active+bhavcopy
INE0MFT01014,Rex Sealing & Packing Industries Ltd.,active,,,212.00,bse_isin:active+bhavcopy
INE0LR101013,Anlon Technology Solutions Ltd.,active,,,410.40,bhavcopy+status_from_bhavcopy_recent
INE0NA301016,RBM Infracon Ltd.,active,,,416.90,bhavcopy+status_from_bhavcopy_recent
INE0N7F01017,Homesfy Realty Ltd.,active,,,162.00,bhavcopy+status_from_bhavcopy_recent
INE0N6D01014,Moxsh Overseas Educon Ltd.,active,,,84.40,bhavcopy+status_from_bhavcopy_recent
INE0NCC01015,Arihant Academy Ltd.,active,,,498.95,bhavcopy+status_from_bhavcopy_recent
INE067901012,Uma Converter Ltd.,active,,,19.75,bhavcopy+status_from_bhavcopy_recent
INE0JHH01011,Dollex Agrotech Ltd.,active,,,40.20,bhavcopy+status_from_bhavcopy_recent
INE0MQD01015,Droneacharya Aerial Innovations Ltd.,active,,,52.99,bse_isin:active+bhavcopy
INE0M2X01012,All E Technologies Ltd.,active,,,214.70,bhavcopy+status_from_bhavcopy_recent
INE0NT601018,PNGS Gargi Fashion Jewellery Ltd.,active,,,866.00,bse_isin:active+bhavcopy
INE0L2Y01011,Arham Technologies Ltd.,active,,,156.95,bhavcopy+status_from_bhavcopy_recent
INE029Q01017,Baheti Recycling Industries Ltd.,active,,,608.00,bhavcopy+status_from_bhavcopy_recent
INE0MJQ01020,Pritika Engineering Components Ltd.,active,,,80.00,bhavcopy+status_from_bhavcopy_recent
INE0N6V01016,AMBO Agritec Ltd.,active,,,57.00,bse_isin:active+bhavcopy
INE0MXP01015,Technopack Polymers Ltd.,active,,,21.50,bse_isin:active+bhavcopy
INE0MTP01013,Amiable Logistics (India) Ltd.,active,,,71.50,bhavcopy+status_from_bhavcopy_recent
INE0L4K01016,Vital Chemtech Ltd.,active,,,57.25,bhavcopy+status_from_bhavcopy_recent
INE975Z01012,DAPS Advertising Ltd.,active,,,20.14,bse_isin:active+bhavcopy
INE02EE01019,Integrated Personnel Services Ltd.,active,,,287.00,bhavcopy+status_from_bhavcopy_recent
INE0MRA01019,Rite Zone Chemcon India Ltd.,active,,,22.40,bhavcopy+status_from_bhavcopy_recent
INE0MLZ01019,Phantom Digital Effects Ltd.,active,,,230.00,bhavcopy+status_from_bhavcopy_recent
INE0NC801013,Vedant Asset Ltd.,active,,,42.95,bse_isin:active+bhavcopy
INE0N1L01018,Pace E-Commerce Ventures Ltd.,active,,,23.00,bse_isin:active+bhavcopy
INE385O01018,Frog Cellsat Ltd.,active,,,159.00,bhavcopy+status_from_bhavcopy_recent
INE0DGC01025,Swastik Pipe Ltd.,active,,,23.60,bhavcopy+status_from_bhavcopy_recent
INE0DTQ01028,Lloyds Luxuries Ltd.,active,,,68.50,bhavcopy+status_from_bhavcopy_recent
INE0MNV01014,Silicon Rental Solutions Ltd.,active,,,156.95,bse_isin:active+bhavcopy
INE0KZM01011,Cargosol Logistics Ltd.,active,,,19.40,bse_isin:active+bhavcopy
INE0FMW01018,QMS Medical Allied Services Ltd.,active,,,89.75,bhavcopy+status_from_bhavcopy_recent
INE075Z01011,Cyber Media Research & Services Ltd.,active,,,74.25,bhavcopy+status_from_bhavcopy_recent
INE0N0J01014,Concord Control Systems Ltd.,active,,,1790.00,bse_isin:active+bhavcopy
INE0M4L01013,Cargotrans Maritime Ltd.,active,,,108.11,bse_isin:active+bhavcopy
INE0MKO01015,Reetech International Cargo & Courier Ltd.,active,,,23.70,bse_isin:active+bhavcopy
INE0KY201021,Maagh Advertising & Marketing Services Ltd.,suspended,2024-12-03,,30.15,bse_isin:suspended+bhavcopy+date_from_bhavcopy
INE0LGX01024,Insolation Energy Ltd.,active,,,168.65,bse_isin:active+bhavcopy
INE0MSK01016,Steelman Telecom Ltd.,active,,,98.85,bse_isin:active+bhavcopy
INE0MKA01014,Trident Lifeline Ltd.,active,,,299.00,bse_isin:active+bhavcopy
INE0KQQ01011,Mafia Trends Ltd.,active,,,9.50,bse_isin:active+bhavcopy
INE0M8901010,Containe Technologies Ltd.,active,,,43.50,bse_isin:active+bhavcopy
INE0JOO01021,Varanium Cloud Ltd.,unknown,,,5.85,bhavcopy
INE0CDK01019,Maks Energy Solutions India Ltd.,active,,,29.55,bhavcopy+status_from_bhavcopy_recent
INE0MOT01016,Kandarp Digi Smart BPO Ltd.,active,,,140.05,bhavcopy+status_from_bhavcopy_recent
INE0MGM01017,Annapurna Swadisht Ltd.,active,,,195.60,bhavcopy+status_from_bhavcopy_recent
INE0M7001010,Tapi Fruit Processing Ltd.,active,,,68.50,bhavcopy+status_from_bhavcopy_recent
INE0LCW01025,Ishan International Ltd.,active,,,0.75,bhavcopy+status_from_bhavcopy_recent
INE0DZ101013,Sabar Flex India Ltd.,active,,,4.70,bhavcopy+status_from_bhavcopy_recent
INE0G1D01014,Mega Flex Plastics Ltd.,active,,,127.50,bhavcopy+status_from_bhavcopy_recent
INE0LU301014,Shantidoot Infra Services Ltd.,active,,,317.50,bse_isin:active+bhavcopy
INE0MEG01014,Viviana Power Tech Ltd.,active,,,728.00,bhavcopy+status_from_bhavcopy_recent
INE0I0T01010,Virtuoso Optoelectronics Ltd.,active,,,520.95,bse_isin:active+bhavcopy
INE0D2I01014,EP Biocomposites Ltd.,active,,,126.00,bse_isin:active+bhavcopy
INE0J6801010,Jay Jalaram Technologies Ltd.,active,,,151.00,bhavcopy+status_from_bhavcopy_recent
INE0LA901015,JFL Life Sciences Ltd.,active,,,11.45,bhavcopy+status_from_bhavcopy_recent
INE0KT901015,Ameya Precision Engineers Ltd.,active,,,97.10,bhavcopy+status_from_bhavcopy_recent
INE0MC401013,Dipna Pharmachem Ltd.,active,,,21.25,bse_isin:active+bhavcopy
INE0KKN01029,Rhetan TMT Ltd.,active,,,24.20,bse_isin:active+bhavcopy
INE0JNB01012,Naturo Indiabull Ltd.,suspended,2025-10-17,,4.10,bse_isin:suspended+bhavcopy+date_from_bhavcopy
INE0M3901015,Olatech Solutions Ltd.,active,,,202.00,bse_isin:active+bhavcopy
INE0KTW01013,Veekayem Fashion & Apparels Ltd.,active,,,142.00,bhavcopy+status_from_bhavcopy_recent
INE0CBM01019,Upsurge Seeds of Agriculture Ltd.,active,,,152.00,bhavcopy+status_from_bhavcopy_recent
INE0LF301013,Agni Green Power Ltd.,active,,,23.05,bhavcopy+status_from_bhavcopy_recent
INE0L3501015,Healthy Life Agritec Ltd.,active,,,16.61,bse_isin:active+bhavcopy
INE0KZA01016,SKP Bearing Industries Ltd.,active,,,174.95,bhavcopy+status_from_bhavcopy_recent
INE0KR801019,Jayant Infratech Ltd.,active,,,68.00,bse_isin:active+bhavcopy
INE0IZQ01016,B-Right Realestate Ltd.,active,,,339.10,bse_isin:active+bhavcopy
INE0JYY01011,Mangalam Worldwide Ltd.,active,,,272.19,bse_isin:active+bhavcopy
INE0L1C01019,Kesar India Ltd.,active,,,750.00,bse_isin:active+bhavcopy
INE0ID001024,Veerkrupa Jewellers Ltd.,active,,,0.91,bse_isin:active+bhavcopy
INE0J1E01027,KCK Industries Ltd.,active,,,26.05,bhavcopy+status_from_bhavcopy_recent
INE0KHQ01010,Sailani Tours N Travels Ltd.,active,,,20.00,bse_isin:active+bhavcopy
INE0GTX01019,Pearl Green Clubs & Resorts Ltd.,active,,,164.20,bse_isin:active+bhavcopy
INE0L0L01012,Modi's Navnirman Ltd.,active,,,341.50,bse_isin:active+bhavcopy
INE0K6L01010,Goel Food Products Ltd.,active,,,16.00,bse_isin:active+bhavcopy
INE0IXR01019,Scarnose International Ltd.,active,,,66.99,bse_isin:active+bhavcopy
INE0KXN01014,Silver Pearl Hospitality & Luxury Spaces Ltd.,active,,,8.83,bse_isin:active+bhavcopy
INE0LQQ01019,Fidel Softech Ltd.,active,,,116.00,bhavcopy+status_from_bhavcopy_recent
INE00WS01056,Globesecure Technologies Ltd.,active,,,14.45,bhavcopy+status_from_bhavcopy_recent
INE02OY01016,Rachana Infrastructure Ltd.,active,,,38.15,bhavcopy+status_from_bhavcopy_recent
INE0JZA01018,Sonu Infratech Ltd.,active,,,69.25,bhavcopy+status_from_bhavcopy_recent
INE0G1L01017,Le Merite Exports Ltd.,active,,,470.00,bhavcopy+status_from_bhavcopy_recent
INE0L3H01014,Fone4 Communications (India) Ltd.,active,,,6.54,bse_isin:active+bhavcopy
INE0E5R01017,Nanavati Ventures Ltd.,active,,,114.10,bse_isin:active+bhavcopy
INE0J2K01014,Global Longlife Hospital & Research Ltd.,active,,,22.79,bse_isin:active+bhavcopy
INE0JMN01019,Shashwat Furnishing Solutions Ltd.,active,,,94.14,bse_isin:active+bhavcopy
INE0KSN01014,Eighty Jewellers Ltd.,active,,,30.06,bse_isin:active+bhavcopy
INE0J5801029,Jeena Sikho Lifecare Ltd.,active,,,680.00,bse_isin:active+bhavcopy
INE0KPY01017,Sunrise Efficient Marketing Ltd.,active,,,325.10,bse_isin:active+bhavcopy
INE0K5F01014,Dhyaani Tile & Marblez Ltd.,active,,,7.92,bse_isin:active+bhavcopy
INE0J5601015,Krishna Defence & Allied Industries Ltd.,active,,,829.80,bhavcopy+status_from_bhavcopy_recent
INE0KN801013,P.E.Analytics Ltd.,active,,,186.30,bhavcopy+status_from_bhavcopy_recent
INE0GGO01015,Krishival Foods Ltd.,active,,,352.45,bse_isin:active+bhavcopy
INE0JVD01011,Evoq Remedies Ltd.,active,,,5.47,bse_isin:active+bhavcopy
INE0K1401020,Achyut Healthcare Ltd.,active,,,5.93,bse_isin:active+bhavcopy
INE0KNW01016,KN Agri Resources Ltd.,active,,,205.00,bhavcopy+status_from_bhavcopy_recent
INE0GMR01016,Swaraj Suiting Ltd.,active,,,238.00,bhavcopy+status_from_bhavcopy_recent
INE0KQ001017,Bhatia Colour Chem Ltd.,active,,,408.75,bse_isin:active+bhavcopy
INE0HS001028,Cool Caps Industries Ltd.,active,,,69.15,bhavcopy+status_from_bhavcopy_recent
INE0JW501011,SP Refractories Ltd.,active,,,152.00,bhavcopy+status_from_bhavcopy_recent
INE03KJ01013,Shigan Quantum Technologies Ltd.,active,,,42.30,bhavcopy+status_from_bhavcopy_recent
INE0KCM01010,Ekennis Software Service Ltd.,active,,,122.90,bse_isin:active+bhavcopy
INE0JR301013,Vaidya Sane Ayurved Laboratories Ltd.,active,,,284.55,bhavcopy+status_from_bhavcopy_recent
INE0J1P01015,Richa Info Systems Ltd.,active,,,64.00,bhavcopy+status_from_bhavcopy_recent
INE0JSJ01014,Maruti Interior Products Ltd.,active,,,90.31,bse_isin:active+bhavcopy
INE0JNA01014,Safa Systems & Technologies Ltd.,active,,,39.80,bse_isin:active+bhavcopy
INE0KAF01018,Quality RO Industries Ltd.,active,,,134.00,bse_isin:active+bhavcopy
INE0HKW01018,Precision Metaliks Ltd.,active,,,12.20,bhavcopy+status_from_bhavcopy_recent
INE0KA601012,Alkosign Ltd.,active,,,74.81,bse_isin:active+bhavcopy
INE0Q2V01012,Kaushalya Logistics Ltd.,active,,,47.80,bhavcopy+status_from_bhavcopy_recent
INE0RCG01017,Kay Cee Energy & Infra Ltd.,active,,,141.15,bhavcopy+status_from_bhavcopy_recent
INE0RNZ01014,Shri Balaji Valve Components Ltd.,active,,,125.95,bse_isin:active+bhavcopy
INE0A6N01026,Manoj Ceramic Ltd.,active,,,103.00,bse_isin:active+bhavcopy
INE0R3501012,HRH Next Services Ltd.,active,,,27.10,bhavcopy+status_from_bhavcopy_recent
INE0PCY01014,Akanksha Power & Infrastructure Ltd.,active,,,68.00,bhavcopy+status_from_bhavcopy_recent
INE0QFT01015,AIK Pipes & Polymers Ltd.,active,,,50.29,bse_isin:active+bhavcopy
INE0PZA01015,Sameera Agro & Infra Ltd.,active,,,13.25,bhavcopy+status_from_bhavcopy_recent
INE0QD201012,Trident Techlabs Ltd.,active,,,330.20,bhavcopy+status_from_bhavcopy_recent
INE0QHG01026,Supreme Power Equipment Ltd.,active,,,192.20,bhavcopy+status_from_bhavcopy_recent
INE0PS301014,Indifra Ltd.,active,,,15.90,bhavcopy+status_from_bhavcopy_recent
INE0QZQ01019,Shanti Spintex Ltd.,active,,,61.15,bse_isin:active+bhavcopy
INE0Q1W01012,Electro Force (India) Ltd.,active,,,33.80,bhavcopy+status_from_bhavcopy_recent
INE0PSJ01011,Sahara Maritime Ltd.,active,,,45.80,bse_isin:active+bhavcopy
INE0Q2Z01013,Benchmark Computer Solutions Ltd.,active,,,25.50,bse_isin:active+bhavcopy
INE0QSK01017,Siyaram Recycling Industries Ltd.,active,,,99.00,bse_isin:active+bhavcopy
INE02S501018,Shree OSFM E-Mobility Ltd.,active,,,73.20,bhavcopy+status_from_bhavcopy_recent
INE0F3301020,S J Logistics (India) Ltd.,active,,,350.45,bhavcopy+status_from_bhavcopy_recent
INE0R1601012,Presstonic Engineering Ltd.,active,,,63.80,bhavcopy+status_from_bhavcopy_recent
INE0Q5D01013,Accent Microcell Ltd.,active,,,337.95,bhavcopy+status_from_bhavcopy_recent
INE04VX01019,Sheetal Universal Ltd.,active,,,161.95,bhavcopy+status_from_bhavcopy_recent
INE0POU01017,Graphisads Ltd.,active,,,48.05,bhavcopy+status_from_bhavcopy_recent
INE0P1P01017,Marinetrans India Ltd.,active,,,24.40,bhavcopy+status_from_bhavcopy_recent
INE518X01015,Net Avenue Technologies Ltd.,active,,,3.80,bhavcopy+status_from_bhavcopy_recent
INE0RDM01013,Deepak Chemtex Ltd.,active,,,126.95,bse_isin:active+bhavcopy
INE0P9J01013,AMIC Forging Ltd.,active,,,1465.00,bse_isin:active+bhavcopy
INE0RDR01012,Swashthik Plascon Ltd.,active,,,40.15,bse_isin:active+bhavcopy
INE0PTR01012,Rockingdeals Circular Economy Ltd.,active,,,274.00,bhavcopy+status_from_bhavcopy_recent
INE0PP401015,Arrowhead Seperation Engineering Ltd.,active,,,90.00,bse_isin:active+bhavcopy
INE0N6U01018,Kalyani Cast Tech Ltd.,active,,,572.00,bse_isin:active+bhavcopy
INE0PLZ01012,Sunrest Lifescience Ltd.,active,,,41.55,bhavcopy+status_from_bhavcopy_recent
INE0PDJ01013,ROX Hi-Tech Ltd.,active,,,41.40,bhavcopy+status_from_bhavcopy_recent
INE0PZK01014,Micropro Software Solutions Ltd.,active,,,19.90,bhavcopy+status_from_bhavcopy_recent
INE0QW501012,Baba Food Processing (India) Ltd.,active,,,33.00,bhavcopy+status_from_bhavcopy_recent
INE0PUC01020,SAR Televenture Ltd.,active,,,222.70,bhavcopy+status_from_bhavcopy_recent
INE0QI101019,Mish Designs Ltd.,active,,,46.05,bse_isin:active+bhavcopy
INE0NVI01020,Transteel Seating Technologies Ltd.,active,,,142.90,bhavcopy+status_from_bhavcopy_recent
INE0Q6901013,Vrundavan Plantation Ltd.,active,,,53.95,bse_isin:active+bhavcopy
INE0PLQ01011,Maitreya Medicare Ltd.,active,,,225.00,bhavcopy+status_from_bhavcopy_recent
INE0Q9Q01017,Shanthala FMCG Products Ltd.,active,,,31.80,bhavcopy+status_from_bhavcopy_recent
INE0OH401016,KK Shah Hospitals Ltd.,active,,,42.00,bse_isin:active+bhavcopy
INE0N4G01012,Paragon Fine & Speciality Chemical Ltd.,active,,,42.00,bhavcopy+status_from_bhavcopy_recent
INE00ER01015,On Door Concepts Ltd.,active,,,118.00,bhavcopy+status_from_bhavcopy_recent
INE0BZQ01011,Rajgor Castor Derivatives Ltd.,active,,,20.05,bhavcopy+status_from_bhavcopy_recent
INE0Q9601016,WomanCart Ltd.,active,,,288.00,bhavcopy+status_from_bhavcopy_recent
INE0P4T01013,Arvind & Co.Shipping Agencies Ltd.,active,,,40.65,bhavcopy+status_from_bhavcopy_recent
INE597Z01014,Committed Cargo Care Ltd.,active,,,203.40,bhavcopy+status_from_bhavcopy_recent
INE0PQ001012,Vishnusurya Projects & Infra Ltd.,active,,,181.00,bhavcopy+status_from_bhavcopy_recent
INE460Q01014,Sharp Chucks & Machines Ltd.,active,,,140.00,bhavcopy+status_from_bhavcopy_recent
INE0PXD01014,Plada Infotech Services Ltd.,active,,,15.10,bhavcopy+status_from_bhavcopy_recent
INE0MGA01012,Karnika Industries Ltd.,active,,,117.45,bhavcopy+status_from_bhavcopy_recent
INE0PA601017,Vivaa Tradecom Ltd.,active,,,41.75,bse_isin:active+bhavcopy
INE0KFF01017,E Factor Experiences Ltd.,active,,,337.00,bhavcopy+status_from_bhavcopy_recent
INE0KZ301010,Kontor Space Ltd.,active,,,66.15,bhavcopy+status_from_bhavcopy_recent
INE0OLS01010,Vinyas Innovative Technologies Ltd.,active,,,1111.60,bhavcopy+status_from_bhavcopy_recent
INE0OPS01011,Oneclick Logistics India Ltd.,active,,,314.85,bhavcopy+status_from_bhavcopy_recent
INE0QG301017,Canarys Automations Ltd.,active,,,29.65,bhavcopy+status_from_bhavcopy_recent
INE0Q1S01010,Sunita Tools Ltd.,active,,,872.10,bse_isin:active+bhavcopy
INE0QFE01017,Goyal Salt Ltd.,active,,,160.00,bhavcopy+status_from_bhavcopy_recent
INE0M7501019,City Crops Agro Ltd.,active,,,19.90,bse_isin:active+bhavcopy
INE0QJ901011,Digikore Studios Ltd.,active,,,74.60,bhavcopy+status_from_bhavcopy_recent
INE0PSK01027,Saakshi Medtech & Panels Ltd.,active,,,193.45,bhavcopy+status_from_bhavcopy_recent
INE0NDX01019,Inspire Films Ltd.,active,,,10.55,bhavcopy+status_from_bhavcopy_recent
INE0PW501021,Newjaisa Technologies Ltd.,active,,,27.95,bhavcopy+status_from_bhavcopy_recent
INE08NJ01024,Arabian Petroleum Ltd.,active,,,70.00,bhavcopy+status_from_bhavcopy_recent
INE0MIO01019,Organic Recycling Systems Ltd.,active,,,260.00,bse_isin:active+bhavcopy
INE0PIC01017,Hi-Green Carbon Ltd.,active,,,170.25,bhavcopy+status_from_bhavcopy_recent
INE00C401011,Mangalam Alloys Ltd.,active,,,47.45,bhavcopy+status_from_bhavcopy_recent
INE0QP001012,Marco Cables & Conductors Ltd.,active,,,38.00,bhavcopy+status_from_bhavcopy_recent
INE0P6701019,Madhusudan Masala Ltd.,active,,,128.35,bhavcopy+status_from_bhavcopy_recent
INE0P4P01011,Techknowgreen Solutions Ltd.,active,,,153.85,bse_isin:active+bhavcopy
INE0OJM01017,Master Components Ltd.,active,,,339.20,bhavcopy+status_from_bhavcopy_recent
INE0OMO01025,Cellecor Gadgets Ltd.,active,,,28.85,bhavcopy+status_from_bhavcopy_recent
INE0LXA01019,Holmarc Opto-Mechatronics Ltd.,active,,,101.10,bhavcopy+status_from_bhavcopy_recent
INE0Q7P01013,Kody Technolab Ltd.,active,,,919.15,bhavcopy+status_from_bhavcopy_recent
INE0OWX01025,Kundan Edifice Ltd.,active,,,100.00,bhavcopy+status_from_bhavcopy_recent
INE0PT101017,Chavda Infra Ltd.,active,,,118.75,bhavcopy+status_from_bhavcopy_recent
INE0PRF01011,Unihealth Consultancy Ltd.,active,,,287.50,bhavcopy+status_from_bhavcopy_recent
INE0N5H01017,Jiwanram Sheoduttrai Industries Ltd.,active,,,6.30,bhavcopy+status_from_bhavcopy_recent
INE0OYE01013,Quest Flow Controls Ltd.,active,,,265.00,bse_isin:active+bhavcopy
INE04T901017,Kahan Packaging Ltd.,active,,,58.00,bse_isin:active+bhavcopy
INE0OCC01013,Basilic Fly Studio Ltd.,active,,,335.00,bhavcopy+status_from_bhavcopy_recent
INE0O7A01017,Pramara Promotions Ltd.,active,,,348.00,bhavcopy+status_from_bhavcopy_recent
INE0PCL01011,Saroja Pharma Industries India Ltd.,active,,,39.20,bhavcopy+status_from_bhavcopy_recent
INE0QBU01012,C P S Shapers Ltd.,active,,,1146.60,bhavcopy+status_from_bhavcopy_recent
INE0OIP01012,Mono Pharmacare Ltd.,active,,,15.20,bhavcopy+status_from_bhavcopy_recent
INE013901017,Sahaj Fashions Ltd.,active,,,5.35,bhavcopy+status_from_bhavcopy_recent
INE0O3O01017,Sungarner Energies Ltd.,active,,,220.00,bhavcopy+status_from_bhavcopy_recent
INE00NH01017,Crop Life Science Ltd.,active,,,46.00,bhavcopy+status_from_bhavcopy_recent
INE0Q8P01029,Bondada Engineering Ltd.,active,,,411.15,bse_isin:active+bhavcopy
INE0OJZ01019,Shoora Designs Ltd.,active,,,53.50,bse_isin:active+bhavcopy
INE013V01011,Shelter Pharma Ltd.,active,,,42.00,bse_isin:active+bhavcopy
INE0ON201012,Srivari Spices & Foods Ltd.,active,,,128.25,bhavcopy+status_from_bhavcopy_recent
INE09FA01019,Yudiz Solutions Ltd.,active,,,26.40,bhavcopy+status_from_bhavcopy_recent
INE0OVI01010,Sangani Hospitals Ltd.,active,,,54.15,bhavcopy+status_from_bhavcopy_recent
INE0OSJ01014,Vinsys IT Services India Ltd.,active,,,360.15,bhavcopy+status_from_bhavcopy_recent
INE0OUT01019,Oriana Power Ltd.,active,,,2221.05,bhavcopy+status_from_bhavcopy_recent
INE0PPS01018,Zeal Global Services Ltd.,active,,,92.00,bhavcopy+status_from_bhavcopy_recent
INE0OMF01015,Shri Techtex Ltd.,active,,,59.30,bhavcopy+status_from_bhavcopy_recent
INE0LYO01018,Innovatus Entertainment Networks Ltd.,suspended,2025-04-03,,13.79,bse_isin:suspended+bhavcopy+date_from_bhavcopy
INE0OWC01011,Khazanchi Jewellers Ltd.,active,,,624.55,bse_isin:active+bhavcopy
INE08S201019,Yasons Chemex Care Ltd.,active,,,12.60,bhavcopy+status_from_bhavcopy_recent
INE0DN001027,Asarfi Hospital Ltd.,active,,,135.05,bse_isin:active+bhavcopy
INE0P1Q01015,Service Care Ltd.,active,,,41.00,bhavcopy+status_from_bhavcopy_recent
INE0NEV01011,Ahasolar Technologies Ltd.,active,,,100.00,bse_isin:active+bhavcopy
INE0P3N01018,Kaka Industries Ltd.,active,,,212.35,bse_isin:active+bhavcopy
INE0P7201019,Drone Destination Ltd.,active,,,68.60,bhavcopy+status_from_bhavcopy_recent
INE0POP01017,AccelerateBS India Ltd.,active,,,85.99,bse_isin:active+bhavcopy
INE0NZF01019,Alphalogic Industries Ltd.,active,,,109.95,bse_isin:active+bhavcopy
INE0LWY01029,Tridhya Tech Ltd.,active,,,14.05,bhavcopy+status_from_bhavcopy_recent
INE0BTR01012,Synoptics Technologies Ltd.,active,,,60.60,bhavcopy+status_from_bhavcopy_recent
INE0PS501019,Global Pet Industries Ltd.,active,,,116.00,bhavcopy+status_from_bhavcopy_recent
INE0ORS01017,Pentagon Rubber Ltd.,active,,,67.70,bhavcopy+status_from_bhavcopy_recent
INE0ITO01014,Essen Speciality Films Ltd.,active,,,195.00,bhavcopy+status_from_bhavcopy_recent
INE0O7P01015,Greenchef Appliances Ltd.,active,,,57.05,bhavcopy+status_from_bhavcopy_recent
INE0O1S01012,Magson Retail & Distribution Ltd.,active,,,126.00,bhavcopy+status_from_bhavcopy_recent
INE0Q0M01015,Veefin Solutions Ltd.,active,,,370.00,bse_isin:active+bhavcopy
INE0OB201016,Aatmaj Healthcare Ltd.,active,,,24.50,bhavcopy+status_from_bhavcopy_recent
INE0L4V01013,Vilin Bio Med Ltd.,active,,,19.05,bhavcopy+status_from_bhavcopy_recent
INE0O0001013,Cell Point (India) Ltd.,active,,,16.50,bhavcopy+status_from_bhavcopy_recent
INE0ORA01015,Cosmic CRF Ltd.,active,,,1108.95,bse_isin:active+bhavcopy
INE0OJ401014,Bizotic Commercial Ltd.,active,,,586.50,bse_isin:active+bhavcopy
INE0O0201019,Urban Enviro Waste Management Ltd.,active,,,153.25,bhavcopy+status_from_bhavcopy_recent
INE0OL001018,Spectrum Talent Management Ltd.,active,,,99.70,bhavcopy+status_from_bhavcopy_recent
INE0N5O01013,Sonalis Consumer Products Ltd.,active,,,59.00,bse_isin:active+bhavcopy
INE0O4R01018,Kore Digital Ltd.,active,,,171.00,bhavcopy+status_from_bhavcopy_recent
INE0NXA01015,Comrade Appliances Ltd.,active,,,97.00,bse_isin:active+bhavcopy
INE0LEX01011,Sahana System Ltd.,active,,,840.00,bhavcopy+status_from_bhavcopy_recent
INE0NJ001013,CFF Fluid Control Ltd.,active,,,623.00,bse_isin:active+bhavcopy
INE0NNZ01013,Infollion Research Services Ltd.,active,,,375.00,bhavcopy+status_from_bhavcopy_recent
INE0GYI01028,Hemant Surgical Industries Ltd.,active,,,302.00,bse_isin:active+bhavcopy
INE0ONE01016,Proventus Agrocom Ltd.,active,,,1290.00,bhavcopy+status_from_bhavcopy_recent
INE0N5801013,Vasa Denticity Ltd.,active,,,569.75,bhavcopy+status_from_bhavcopy_recent
INE0OFK01019,Crayons Advertising Ltd.,active,,,42.00,bhavcopy+status_from_bhavcopy_recent
INE0O5T01011,Remus Pharmaceuticals Ltd.,active,,,713.10,bhavcopy+status_from_bhavcopy_recent
INE0NR701018,Krishca Strapping Solutions Ltd.,active,,,186.00,bhavcopy+status_from_bhavcopy_recent
INE0NUL01018,Auro Impex & Chemicals Ltd.,active,,,40.00,bhavcopy+status_from_bhavcopy_recent
INE0JWV01011,De Neers Tools Ltd.,active,,,156.00,bhavcopy+status_from_bhavcopy_recent
INE0LDI01022,Innokaiz India Ltd.,active,,,15.16,bse_isin:active+bhavcopy
INE0NTC01019,Retina Paints Ltd.,active,,,61.17,bse_isin:active+bhavcopy
INE0K4D01020,Quicktouch Technologies Ltd.,active,,,38.00,bhavcopy+status_from_bhavcopy_recent
INE0O6N01012,A G Universal Ltd.,active,,,68.00,bhavcopy+status_from_bhavcopy_recent
INE0NZW01014,Pattech Fitwell Tube Components Ltd.,active,,,108.00,bhavcopy+status_from_bhavcopy_recent
INE0N7S01028,MOS Utility Ltd.,active,,,22.10,bhavcopy+status_from_bhavcopy_recent
INE0P7001013,Sancode Technologies Ltd.,active,,,162.95,bse_isin:active+bhavcopy
INE0MRE01011,Infinium Pharmachem Ltd.,active,,,224.50,bhavcopy+status_from_bhavcopy_recent
INE0O8901016,Exhicon Events Media Solutions Ltd.,active,,,485.00,bse_isin:active+bhavcopy
INE0O2D01012,Sotac Pharmaceuticals Ltd.,active,,,123.15,bhavcopy+status_from_bhavcopy_recent
INE0O1T01010,Maiden Forgings Ltd.,active,,,80.00,bse_isin:active+bhavcopy
INE0NIJ01017,Dev Labtech Venture Ltd.,active,,,63.79,bse_code:active+bhavcopy
INE0LKQ01012,Command Polymers Ltd.,active,,,31.25,bse_isin:active+bhavcopy
INE0OK701014,Nirman Agri Genetics Ltd.,active,,,61.00,bhavcopy+status_from_bhavcopy_recent
INE0OMI01019,Bright Outdoor Media Ltd.,active,,,402.00,bse_isin:active+bhavcopy
INE0O1M01015,Quality Foils (India) Ltd.,active,,,60.00,bhavcopy+status_from_bhavcopy_recent
INE0NLJ01011,Labelkraft Technologies Ltd.,active,,,58.00,bse_isin:active+bhavcopy
INE0I3H01019,VELS Film International Ltd.,active,,,55.75,bhavcopy+status_from_bhavcopy_recent
INE00TV01023,Sudarshan Pharma Industries Ltd.,active,,,27.00,bse_isin:active+bhavcopy
INE0OKG01017,Prospect Commodities Ltd.,active,,,83.00,bse_isin:active+bhavcopy
INE0O4M01019,MCON Rasayan India Ltd.,active,,,58.85,bhavcopy+status_from_bhavcopy_recent
INE0O7R01011,Systango Technologies Ltd.,active,,,294.00,bhavcopy+status_from_bhavcopy_recent
INE0NLB01018,Vertexplus Technologies Ltd.,active,,,111.20,bhavcopy+status_from_bhavcopy_recent
INE0O6A01019,ITCONS E-Solutions Ltd.,active,,,605.00,bse_isin:active+bhavcopy
INE0NYN01016,ResGen Ltd.,active,,,78.00,bse_isin:active+bhavcopy
INE0G1V01016,Amanaya Ventures Ltd.,active,,,16.35,bse_isin:active+bhavcopy
INE0JZS01010,SVJ Enterprises Ltd.,active,,,316.50,bse_isin:active+bhavcopy
INE0NPI01014,Srivasavi Adhesive Tapes Ltd.,active,,,50.00,bhavcopy+status_from_bhavcopy_recent
INE0NPA01011,Patron Exim Ltd.,active,,,6.20,bse_isin:active+bhavcopy
INE0OLH01013,Macfos Ltd.,active,,,763.20,bse_isin:active+bhavcopy
INE0O4601016,Sealmatic India Ltd.,active,,,481.05,bse_isin:active+bhavcopy
INE0MO401019,Viaz Tyres Ltd.,active,,,66.70,bhavcopy+status_from_bhavcopy_recent
INE0MLA01012,Agarwal Float Glass India Ltd.,active,,,39.85,bhavcopy+status_from_bhavcopy_recent
INE0KN201016,Indong Tea Co.Ltd.,active,,,14.17,bse_isin:active+bhavcopy
INE0H4B01011,Lead Reclaim & Rubber Products Ltd.,active,,,73.60,bhavcopy+status_from_bhavcopy_recent
INE0MM001019,Shera Energy Ltd.,active,,,132.00,bhavcopy+status_from_bhavcopy_recent
INE0O4V01010,Earthstahl & Alloys Ltd.,active,,,21.75,bse_isin:active+bhavcopy
INE0LVM01018,Gayatri Rubbers & Chemicals Ltd.,active,,,366.30,bhavcopy+status_from_bhavcopy_recent
INE0MPU01011,Transvoy Logistics India Ltd.,active,,,131.50,bse_isin:active+bhavcopy
INE0M9Q01011,DHARNI Capital Services Ltd.,active,,,56.40,bse_isin:active+bhavcopy
INE082101010,Aristo Bio-Tech & Lifescience Ltd.,active,,,120.00,bhavcopy+status_from_bhavcopy_recent
INE0LZO01015,Ducol Organics & Colours Ltd.,active,,,159.85,bhavcopy+status_from_bhavcopy_recent
INE0BSU01018,Eastern Logica Infoway Ltd.,active,,,190.05,bse_isin:active+bhavcopy
INE06PV01010,Chaman Metallics Ltd.,active,,,118.20,bhavcopy+status_from_bhavcopy_recent
INE0ZHT01012,Technichem Organics Ltd.,active,,,51.00,bse_isin:active+bhavcopy
INE0A8401016,Citichem India Ltd.,active,,,27.10,bse_isin:active+bhavcopy
INE0SI601032,Anya Polytech & Fertilizers Ltd.,active,,,20.75,bhavcopy+status_from_bhavcopy_recent
INE0TP801012,Newmalayalam Steel Ltd.,active,,,31.60,bhavcopy+status_from_bhavcopy_recent
INE0TD101011,Identical Brains Studios Ltd.,active,,,23.15,bhavcopy+status_from_bhavcopy_recent
INE0LB101011,NACDAC Infrastructure Ltd.,active,,,33.30,bse_isin:active+bhavcopy
INE0QBD01018,Hamps Bio Ltd.,active,,,20.80,bse_isin:active+bhavcopy
INE00GK01023,Yash Highvoltage Ltd.,active,,,508.00,bse_isin:active+bhavcopy
INE0P5R01014,Purple United Sales Ltd.,active,,,405.00,bhavcopy+status_from_bhavcopy_recent
INE0U6N01014,Supreme Facility Management Ltd.,active,,,33.10,bhavcopy+status_from_bhavcopy_recent
INE0WCH01015,Jungle Camps India Ltd.,active,,,54.96,bse_isin:active+bhavcopy
INE0XAY01012,Toss The Coin Ltd.,active,,,300.30,bse_isin:active+bhavcopy
INE0V9V01010,Dhanlaxmi Crop Science Ltd.,active,,,30.00,bhavcopy+status_from_bhavcopy_recent
INE0RHD01013,Emerald Tyre Manufacturers Ltd.,active,,,105.75,bhavcopy+status_from_bhavcopy_recent
INE0DQN01013,Nisus Finance Services Co.Ltd.,active,,,333.00,bse_isin:active+bhavcopy
INE0TVT01024,Ganesh Infraworld Ltd.,active,,,116.00,bhavcopy+status_from_bhavcopy_recent
INE0P8X01016,Agarwal Toughened Glass India Ltd.,active,,,113.00,bhavcopy+status_from_bhavcopy_recent
INE0T4V01015,Apex Ecotech Ltd.,active,,,128.00,bhavcopy+status_from_bhavcopy_recent
INE0UYG01015,Abha Power & Steel Ltd.,active,,,36.95,bhavcopy+status_from_bhavcopy_recent
INE0VHU01019,Rajputana Biodiesel Ltd.,active,,,245.50,bhavcopy+status_from_bhavcopy_recent
INE0VN801010,Rajesh Power Services Ltd.,active,,,1570.00,bse_isin:active+bhavcopy
INE0U7V01015,C2C Advanced Systems Ltd.,active,,,492.70,bhavcopy+status_from_bhavcopy_recent
INE0R0201012,Lamosaic India Ltd.,active,,,33.60,bhavcopy+status_from_bhavcopy_recent
INE0WVU01018,Onyx Biotec Ltd.,active,,,35.00,bhavcopy+status_from_bhavcopy_recent
INE0RU901015,Mangal Compusolution Ltd.,active,,,53.50,bse_isin:active+bhavcopy
INE0N1401016,Neelam Linens & Garments (India) Ltd.,active,,,14.10,bhavcopy+status_from_bhavcopy_recent
INE0LS001014,Usha Financial Services Ltd.,active,,,42.00,bhavcopy+status_from_bhavcopy_recent
INE0YU901016,Danish Power Ltd.,active,,,640.00,bhavcopy+status_from_bhavcopy_recent
INE0SMR01011,United Heat Transfer Ltd.,active,,,60.10,bhavcopy+status_from_bhavcopy_recent
INE0YHV01011,OBSC Perfection Ltd.,active,,,307.95,bhavcopy+status_from_bhavcopy_recent
INE0M1F01011,Premium Plast Ltd.,active,,,38.50,bhavcopy+status_from_bhavcopy_recent
INE0SFW01015,Freshara Agro Exports Ltd.,active,,,174.10,bhavcopy+status_from_bhavcopy_recent
INE0VZS01015,Lakshya Powertech Ltd.,active,,,122.00,bhavcopy+status_from_bhavcopy_recent
INE0VJG01014,Pranik Logistics Ltd.,active,,,55.60,bhavcopy+status_from_bhavcopy_recent
INE0YRO01015,Shiv Texchem Ltd.,active,,,183.25,bse_isin:active+bhavcopy
INE0S9501014,Khyati Global Ventures Ltd.,active,,,69.05,bse_isin:active+bhavcopy
INE471R01019,NeoPolitan Pizza & Foods Ltd.,active,,,12.30,bse_isin:active+bhavcopy
INE0TG801013,Paramount Dye Tec Ltd.,active,,,54.95,bhavcopy+status_from_bhavcopy_recent
INE0U6201010,Subam Papers Ltd.,active,,,148.65,bse_isin:active+bhavcopy
INE00MT01022,Saj Hotels Ltd.,active,,,56.00,bhavcopy+status_from_bhavcopy_recent
INE0TO501019,HVAX Technologies Ltd.,active,,,835.00,bhavcopy+status_from_bhavcopy_recent
INE0QYI01019,Divyadhan Recycling Industries Ltd.,active,,,30.00,bhavcopy+status_from_bhavcopy_recent
INE0RBQ01018,Sahasra Electronic Solutions Ltd.,active,,,285.00,bhavcopy+status_from_bhavcopy_recent
INE0YKW01013,Forge Auto International Ltd.,active,,,117.00,bhavcopy+status_from_bhavcopy_recent
INE0QUL01011,Nexxus Petro Industries Ltd.,active,,,120.00,bse_isin:active+bhavcopy
INE0JQS01019,Techera Engineering (India) Ltd.,active,,,220.00,bhavcopy+status_from_bhavcopy_recent
INE0B2801011,Unilex Colours & Chemicals Ltd.,active,,,35.25,bhavcopy+status_from_bhavcopy_recent
INE0SHE01019,Thinking Hats Entertainment Solutions Ltd.,active,,,28.35,bhavcopy+status_from_bhavcopy_recent
INE0OO201011,WOL 3D India Ltd.,active,,,175.05,bhavcopy+status_from_bhavcopy_recent
INE0MVO01012,Rappid Valves (India) Ltd.,active,,,291.00,bhavcopy+status_from_bhavcopy_recent
INE0SQH01013,Bikewo Green Tech Ltd.,active,,,21.95,bhavcopy+status_from_bhavcopy_recent
INE0X6F01017,SD Retail Ltd.,active,,,73.00,bhavcopy+status_from_bhavcopy_recent
INE0FPO01018,Phoenix Overseas Ltd.,active,,,20.00,bhavcopy+status_from_bhavcopy_recent
INE0TFB01017,Avi Ansh Textile Ltd.,active,,,115.00,bhavcopy+status_from_bhavcopy_recent
INE0T0L01014,Kalana Ispat Ltd.,active,,,23.50,bhavcopy+status_from_bhavcopy_recent
INE0Q6001012,Paramount Speciality Forgings Ltd.,active,,,28.70,bhavcopy+status_from_bhavcopy_recent
INE0RMF01018,Osel Devices Ltd.,active,,,531.40,bhavcopy+status_from_bhavcopy_recent
INE0VG601013,Pelatro Ltd.,active,,,355.00,bhavcopy+status_from_bhavcopy_recent
INE0SUH01015,Envirotech Systems Ltd.,active,,,118.05,bhavcopy+status_from_bhavcopy_recent
INE0S7C01019,Deccan Transcon Leasing Ltd.,active,,,24.45,bhavcopy+status_from_bhavcopy_recent
INE0PZB01013,Popular Foundations Ltd.,active,,,27.30,bse_isin:active+bhavcopy
INE0Q3401017,Sodhani Academy of Fintech Enablers Ltd.,active,,,311.00,bse_isin:active+bhavcopy
INE0Y4801011,Excellent Wires & Packaging Ltd.,active,,,42.15,bhavcopy+status_from_bhavcopy_recent
INE0S1D01010,Innomet Advanced Materials Ltd.,active,,,102.80,bhavcopy+status_from_bhavcopy_recent
INE0QR801013,SPP Polymer Ltd.,active,,,15.70,bhavcopy+status_from_bhavcopy_recent
INE01YQ01013,Aditya Ultra Steel Ltd.,active,,,26.00,bhavcopy+status_from_bhavcopy_recent
INE0UL701015,Shubhshree Biofuels Energy Ltd.,active,,,375.00,bhavcopy+status_from_bhavcopy_recent
INE0LY301010,Share Samadhan Ltd.,active,,,56.00,bse_isin:active+bhavcopy
INE0QTE01018,Gajanand International Ltd.,active,,,9.80,bhavcopy+status_from_bhavcopy_recent
INE0TR001017,Vision Infra Equipment Solutions Ltd.,active,,,249.00,bhavcopy+status_from_bhavcopy_recent
INE0RVQ01016,My Mudra Fincorp Ltd.,active,,,91.70,bhavcopy+status_from_bhavcopy_recent
INE0UYT01018,Mach Conferences & Events Ltd.,active,,,106.80,bse_isin:active+bhavcopy
INE08NZ01012,Namo eWaste Management Ltd.,active,,,186.90,bhavcopy+status_from_bhavcopy_recent
INE0N4701016,Naturewings Holidays Ltd.,active,,,85.00,bse_isin:active+bhavcopy
INE0RXB01022,Jeyyam Global Foods Ltd.,active,,,60.15,bhavcopy+status_from_bhavcopy_recent
INE0QNI01012,Boss Packaging Solutions Ltd.,active,,,44.40,bhavcopy+status_from_bhavcopy_recent
INE0SG001011,Travels & Rentals Ltd.,active,,,38.10,bse_isin:active+bhavcopy
INE0WL801011,Aeron Composite Ltd.,active,,,97.00,bhavcopy+status_from_bhavcopy_recent
INE0S2W01018,Paramatrix Technologies Ltd.,active,,,77.10,bhavcopy+status_from_bhavcopy_recent
INE0SMY01017,Jay Bee Laminations Ltd.,active,,,119.00,bhavcopy+status_from_bhavcopy_recent
INE0U2M01015,Vdeal System Ltd.,active,,,200.00,bhavcopy+status_from_bhavcopy_recent
INE0DHF01018,Indian Phosphate Ltd.,active,,,63.10,bhavcopy+status_from_bhavcopy_recent
INE0QA901010,Rapid Multimodal Logistics Ltd.,active,,,85.00,bse_isin:active+bhavcopy
INE0SK201011,Resourceful Automobile Ltd.,active,,,68.90,bse_isin:active+bhavcopy
INE0KZF01015,QVC Exports Ltd.,active,,,29.95,bhavcopy+status_from_bhavcopy_recent
INE0T9I01011,Ideal Technoplast Industries Ltd.,active,,,202.00,bhavcopy+status_from_bhavcopy_recent
INE0R4Z01018,Brace Port Logistics Ltd.,active,,,95.90,bhavcopy+status_from_bhavcopy_recent
INE0U2501017,Forcas Studio Ltd.,active,,,124.35,bhavcopy+status_from_bhavcopy_recent
INE0SFZ01018,Broach Lifecare Hospital Ltd.,active,,,17.10,bse_isin:active+bhavcopy
INE0U0201016,Solve Plastic Products Ltd.,active,,,24.75,bhavcopy+status_from_bhavcopy_recent
INE0S3H01017,Positron Energy Ltd.,active,,,203.35,bhavcopy+status_from_bhavcopy_recent
INE0U2N01013,Sunlite Recycling Industries Ltd.,active,,,314.00,bhavcopy+status_from_bhavcopy_recent
INE0TSF01011,Aesthetik Engineers Ltd.,active,,,88.00,bhavcopy+status_from_bhavcopy_recent
INE0OXY01013,Afcom Holdings Ltd.,active,,,841.90,bse_isin:active+bhavcopy
INE0YAL01017,Picturepost Studios Ltd.,active,,,11.00,bhavcopy+status_from_bhavcopy_recent
INE0YRN01025,Dhariwalcorp Ltd.,active,,,361.15,bhavcopy+status_from_bhavcopy_recent
INE06IJ01010,Utssav CZ Gold Jewels Ltd.,active,,,223.95,bhavcopy+status_from_bhavcopy_recent
INE0RFP01011,Sathlokhar Synergys E&C Global Ltd.,active,,,451.50,bhavcopy+status_from_bhavcopy_recent
INE0SZ301012,Bulkcorp International Ltd.,active,,,57.90,bhavcopy+status_from_bhavcopy_recent
INE0PCU01012,Rajputana Industries Ltd.,active,,,86.15,bhavcopy+status_from_bhavcopy_recent
INE0LAA01017,Ashapura Logistics Ltd.,active,,,68.30,bhavcopy+status_from_bhavcopy_recent
INE0RMR01013,Kizi Apparels Ltd.,active,,,15.00,bse_isin:active+bhavcopy
INE0BSN01013,S A Tech Software India Ltd.,active,,,54.75,bhavcopy+status_from_bhavcopy_recent
INE0SBP01018,Esprit Stones Ltd.,active,,,53.00,bhavcopy+status_from_bhavcopy_recent
INE0QMR01015,Clinitech Laboratory Ltd.,active,,,40.00,bse_isin:active+bhavcopy
INE0LQG01010,Aprameya Engineering Ltd.,active,,,312.00,bhavcopy+status_from_bhavcopy_recent
INE0SYV01018,Trom Industries Ltd.,active,,,74.00,bhavcopy+status_from_bhavcopy_recent
INE0U1T01012,Chetana Education Ltd.,active,,,55.65,bhavcopy+status_from_bhavcopy_recent
INE0R3101011,Manglam Infra & Engineering Ltd.,active,,,19.85,bhavcopy+status_from_bhavcopy_recent
INE0QXL01015,V.L.Infraprojects Ltd.,active,,,30.00,bhavcopy+status_from_bhavcopy_recent
INE0MNP01016,VVIP Infratech Ltd.,active,,,151.25,bse_isin:active+bhavcopy
INE0SA001017,RNFI Services Ltd.,active,,,314.00,bhavcopy+status_from_bhavcopy_recent
INE0SVY01018,Kataria Industries Ltd.,active,,,102.50,bhavcopy+status_from_bhavcopy_recent
INE0R0J01010,Macobs Technologies Ltd.,active,,,210.00,bhavcopy+status_from_bhavcopy_recent
INE0OXV01027,Tunwal E-Motors Ltd.,active,,,35.35,bhavcopy+status_from_bhavcopy_recent
INE0T3401029,Aelea Commodities Ltd.,active,,,221.00,bse_isin:active+bhavcopy
INE0RPM01017,Sati Poly Plast Ltd.,active,,,60.00,bhavcopy+status_from_bhavcopy_recent
INE0V9N01017,Prizor Viztech Ltd.,active,,,293.00,bhavcopy+status_from_bhavcopy_recent
INE0UK501010,Three M Paper Boards Ltd.,active,,,34.20,bse_isin:active+bhavcopy
INE0P4701011,Sahaj Solar Ltd.,active,,,181.20,bhavcopy+status_from_bhavcopy_recent
INE0U9101019,Effwa Infra & Research Ltd.,active,,,226.50,bhavcopy+status_from_bhavcopy_recent
INE0R8C01018,Ganesh Green Bharat Ltd.,active,,,313.90,bhavcopy+status_from_bhavcopy_recent
INE0M3I01029,Dhansa Labs Ltd.,active,,,41.60,bhavcopy+status_from_bhavcopy_recent
INE0SUN01013,Nephro Care India Ltd.,active,,,109.70,bhavcopy+status_from_bhavcopy_recent
INE0JRD01019,Diensten Tech Ltd.,active,,,146.00,bhavcopy+status_from_bhavcopy_recent
INE0PMR01017,Akiko Global Services Ltd.,active,,,257.00,bhavcopy+status_from_bhavcopy_recent
INE0SCO01019,Divine Power Energy Ltd.,active,,,268.00,bhavcopy+status_from_bhavcopy_recent
INE998U01015,Petro Carbon & Chemicals Ltd.,active,,,206.20,bhavcopy+status_from_bhavcopy_recent
INE0T7B01010,Shivalic Power Control Ltd.,active,,,93.75,bhavcopy+status_from_bhavcopy_recent
INE01IH01015,Sylvan Plyboard (India) Ltd.,active,,,62.00,bhavcopy+status_from_bhavcopy_recent
INE0SH001010,Mason Infratech Ltd.,active,,,193.00,bhavcopy+status_from_bhavcopy_recent
INE0BHK01012,Visaman Global Sales Ltd.,active,,,122.00,bhavcopy+status_from_bhavcopy_recent
INE0PE401018,Medicamen Organics Ltd.,active,,,24.60,bhavcopy+status_from_bhavcopy_recent
INE0S6R01027,Dindigul Farm Product Ltd.,active,,,18.90,bse_isin:active+bhavcopy
INE0S9101013,Winny Immigration & Education Services Ltd.,active,,,75.50,bhavcopy+status_from_bhavcopy_recent
INE0RUJ01013,GEM Enviro Management Ltd.,active,,,55.05,bse_isin:active+bhavcopy
INE0OUW01013,Durlax Top Surface Ltd.,active,,,41.55,bhavcopy+status_from_bhavcopy_recent
INE0PQK01013,Falcon Technoprojects India Ltd.,active,,,15.60,bhavcopy+status_from_bhavcopy_recent
INE0S7E01015,GP Eco Solutions India Ltd.,active,,,417.00,bhavcopy+status_from_bhavcopy_recent
INE0S0I01011,United Cotfab Ltd.,active,,,22.31,bse_isin:active+bhavcopy
INE0QUV01010,Sattrix Information Security Ltd.,active,,,372.85,bse_isin:active+bhavcopy
INE0QZ901011,Magenta Lifecare Ltd.,active,,,15.00,bse_isin:active+bhavcopy
INE0R7D01018,3C IT Solutions & Telecoms (India) Ltd.,active,,,18.96,bse_isin:active+bhavcopy
INE0N2D01013,TBI Corn Ltd.,active,,,86.05,bhavcopy+status_from_bhavcopy_recent
INE0RUV01018,Aimtron Electronics Ltd.,active,,,794.00,bhavcopy+status_from_bhavcopy_recent
INE0RIQ01013,Associated Coaters Ltd.,active,,,95.50,bse_isin:active+bhavcopy
INE0ISZ01012,Z-Tech (India) Ltd.,active,,,653.00,bhavcopy+status_from_bhavcopy_recent
INE639X01027,Beacon Trusteeship Ltd.,active,,,85.35,bhavcopy+status_from_bhavcopy_recent
INE0AZY01017,Vilas Transcore Ltd.,active,,,399.00,bhavcopy+status_from_bhavcopy_recent
INE0SQY01018,GSM Foils Ltd.,active,,,203.00,bhavcopy+status_from_bhavcopy_recent
INE0R7301013,Rulka Electricals Ltd.,active,,,104.50,bhavcopy+status_from_bhavcopy_recent
INE0S6S01017,HOAC Foods India Ltd.,active,,,349.95,bhavcopy+status_from_bhavcopy_recent
INE0TNW01017,Quest Laboratories Ltd.,active,,,107.50,bhavcopy+status_from_bhavcopy_recent
INE0RRU01016,Indian Emulsifiers Ltd.,active,,,87.50,bhavcopy+status_from_bhavcopy_recent
INE0R3T01013,Mandeep Auto Industries Ltd.,active,,,23.45,bhavcopy+status_from_bhavcopy_recent
INE0SRI01019,Veritaas Advertising Ltd.,active,,,70.00,bhavcopy+status_from_bhavcopy_recent
INE0QRV01016,ABS Marine Services Ltd.,active,,,197.00,bhavcopy+status_from_bhavcopy_recent
INE0CFG01012,Premier Roadlines Ltd.,active,,,78.50,bhavcopy+status_from_bhavcopy_recent
INE0SCB01016,Aztec Fluids & Machinery Ltd.,active,,,121.00,bse_isin:active+bhavcopy
INE0R4W01015,Piotex Industries Ltd.,active,,,58.90,bse_isin:active+bhavcopy
INE0S1L01013,Energy-Mission Machineries (India) Ltd.,active,,,185.00,bhavcopy+status_from_bhavcopy_recent
INE0SMU01015,TGIF Agribusiness Ltd.,active,,,79.20,bse_isin:active+bhavcopy
INE0STN01015,Silkflex Polymers (India) Ltd.,active,,,91.80,bhavcopy+status_from_bhavcopy_recent
INE0QOQ01013,Finelistings Technologies Ltd.,active,,,23.14,bse_isin:active+bhavcopy
INE0S3D01016,Winsol Engineers Ltd.,active,,,159.00,bhavcopy+status_from_bhavcopy_recent
INE0TNX01015,Refractory Shapes Ltd.,active,,,55.10,bhavcopy+status_from_bhavcopy_recent
INE0SMA01017,Slone Infosystems Ltd.,active,,,275.20,bhavcopy+status_from_bhavcopy_recent
INE0RGM01016,Storage Technologies & Automation Ltd.,active,,,74.40,bse_isin:active+bhavcopy
INE0QSB01016,Amkay Products Ltd.,active,,,39.22,bse_isin:active+bhavcopy
INE0QXT01018,Dolphin Kitchen Utensils and Appliances Ltd.,active,,,35.25,bse_isin:active+bhavcopy
INE0SDC01012,Emmforce Autotech Ltd.,active,,,154.40,bse_isin:active+bhavcopy
INE0SGR01013,Shivam Chemicals Ltd.,active,,,83.90,bse_isin:active+bhavcopy
INE0R6801013,Varyaa Creations Ltd.,active,,,42.62,bse_isin:active+bhavcopy
INE0Q9W01015,Faalcon Concepts Ltd.,active,,,44.00,bse_isin:active+bhavcopy
INE0RJH01010,Ramdevbaba Solvent Ltd.,active,,,95.90,bhavcopy+status_from_bhavcopy_recent
INE0PC901019,Grill Splendour Services Ltd.,active,,,121.50,bhavcopy+status_from_bhavcopy_recent
INE0S0701019,Greenhitech Ventures Ltd.,active,,,110.95,bse_isin:active+bhavcopy
INE0S8401018,DCG Cables & Wires Ltd.,active,,,67.75,bhavcopy+status_from_bhavcopy_recent
INE0K6601012,Teerth Gopicon Ltd.,active,,,75.15,bhavcopy+status_from_bhavcopy_recent
INE0STM01017,Aluwind Architectural Ltd.,active,,,67.00,bhavcopy+status_from_bhavcopy_recent
INE0R7401011,Creative Graphics Solutions India Ltd.,active,,,196.00,bhavcopy+status_from_bhavcopy_recent
INE0MSS01019,Jay Kailash Namkeen Ltd.,active,,,44.00,bse_isin:active+bhavcopy
INE0DEZ01013,K2 Infragen Ltd.,active,,,61.80,bhavcopy+status_from_bhavcopy_recent
INE0TO601017,Yash Optics & Lens Ltd.,active,,,115.00,bhavcopy+status_from_bhavcopy_recent
INE430U01019,Radiowalla Network Ltd.,active,,,52.00,bhavcopy+status_from_bhavcopy_recent
INE0SOY01013,TAC Infosec Ltd.,active,,,764.00,bhavcopy+status_from_bhavcopy_recent
INE0SWN01019,Trust Fintech Ltd.,active,,,47.15,bhavcopy+status_from_bhavcopy_recent
INE0OMZ01013,Vruddhi Engineering Works Ltd.,active,,,205.50,bse_isin:active+bhavcopy
INE0SAK01011,Blue Pebble Ltd.,active,,,109.55,bhavcopy+status_from_bhavcopy_recent
INE0S7801010,Aspire & Innovative Advertising Ltd.,active,,,16.30,bhavcopy+status_from_bhavcopy_recent
INE0QHY01011,GConnect Logitech & Supply Chain Ltd.,active,,,24.17,bse_isin:active+bhavcopy
INE0RJM01010,Naman In-Store (India) Ltd.,active,,,62.15,bhavcopy+status_from_bhavcopy_recent
INE0S2E01016,Vishwas Agri Seeds Ltd.,active,,,38.50,bhavcopy+status_from_bhavcopy_recent
INE338Y01016,Omfurn India Ltd. FPO,active,,,83.80,bhavcopy+status_from_bhavcopy_recent
INE0AH901011,Chatha Foods Ltd.,active,,,96.50,bse_isin:active+bhavcopy
INE0QVH01025,KP Green Engineering Ltd.,active,,,532.50,bse_isin:active+bhavcopy
INE0S3X01014,Enfuse Solutions Ltd.,active,,,220.00,bhavcopy+status_from_bhavcopy_recent
INE0R9I01021,Enser Communications Ltd.,active,,,14.50,bhavcopy+status_from_bhavcopy_recent
INE0R9401019,AVP Infracon Ltd.,active,,,119.00,bhavcopy+status_from_bhavcopy_recent
INE0RDE01010,Signoria Creation Ltd.,active,,,95.45,bhavcopy+status_from_bhavcopy_recent
INE0QQG01019,Royal Sense Ltd.,active,,,240.00,bse_isin:active+bhavcopy
INE0QA601016,Pratham EPC Projects Ltd.,active,,,147.90,bhavcopy+status_from_bhavcopy_recent
INE510U01018,Pune E-Stock Broking Ltd.,active,,,190.85,bse_isin:active+bhavcopy
INE0S4Y01010,Shree Karni Fabcom Ltd.,active,,,496.90,bhavcopy+status_from_bhavcopy_recent
INE0M8R01011,Koura Fine Diamond Jewelry Ltd.,active,,,46.00,bse_isin:active+bhavcopy
INE0Q6H01012,Sona Machinery Ltd.,active,,,44.95,bhavcopy+status_from_bhavcopy_recent
INE0QQM01017,V R Infraspace Ltd.,active,,,156.00,bhavcopy+status_from_bhavcopy_recent
INE0SGC01015,M.V.K.Agro Food Product Ltd.,active,,,733.00,bhavcopy+status_from_bhavcopy_recent
INE0R6C01012,Purv Flexipack Ltd.,active,,,79.00,bhavcopy+status_from_bhavcopy_recent
INE0R8M01017,Owais Metal & Mineral Processing Ltd.,active,,,257.00,bhavcopy+status_from_bhavcopy_recent
INE0K5H01010,Sadhav Shipping Ltd.,active,,,95.00,bhavcopy+status_from_bhavcopy_recent
INE586O01011,Deem Roll Tech Ltd.,active,,,51.80,bhavcopy+status_from_bhavcopy_recent
INE0QWN01013,Zenith Drugs Ltd.,active,,,51.80,bhavcopy+status_from_bhavcopy_recent
INE0RQZ01017,Esconet Technologies Ltd.,active,,,135.00,bhavcopy+status_from_bhavcopy_recent
INE02M801018,Kalahridhaan Trendz Ltd.,active,,,4.45,bhavcopy+status_from_bhavcopy_recent
INE0QJL01014,Thaai Casting Ltd.,active,,,99.25,bhavcopy+status_from_bhavcopy_recent
INE05DH01017,Atmastco Ltd.,active,,,130.10,bhavcopy+status_from_bhavcopy_recent
INE0OPC01015,Interiors & More Ltd.,active,,,250.00,bhavcopy+status_from_bhavcopy_recent
INE623Y01011,Wise Travel India Ltd.,active,,,142.60,bhavcopy+status_from_bhavcopy_recent
INE517M01028,Polysil Irrigation Systems Ltd.,active,,,292.60,bhavcopy+status_from_bhavcopy_recent
INE0R4701017,Alpex Solar Ltd.,active,,,816.00,bhavcopy+status_from_bhavcopy_recent
INE0OYK01010,Rudra Gas Enterprise Ltd.,active,,,84.00,bse_isin:active+bhavcopy
INE0R7R01018,Italian Edibles Ltd.,active,,,28.95,bhavcopy+status_from_bhavcopy_recent
INE0QZF01012,Gabriel Pet Straps Ltd.,active,,,302.00,bse_isin:active+bhavcopy
INE0JFJ01011,Baweja Studios Ltd.,active,,,38.50,bhavcopy+status_from_bhavcopy_recent
INE531R01010,Megatherm Induction Ltd.,active,,,231.00,bhavcopy+status_from_bhavcopy_recent
INE0OLZ01015,Harshdeep Hortico Ltd.,active,,,98.70,bse_isin:active+bhavcopy
INE0R5Z01015,Mayank Cattle Food Ltd.,active,,,210.10,bse_isin:active+bhavcopy
INE0Q4701019,Fonebox Retail Ltd.,active,,,90.00,bhavcopy+status_from_bhavcopy_recent
INE0SK801018,DelaPlex Ltd.,active,,,129.60,bhavcopy+status_from_bhavcopy_recent
INE0OGG01015,Docmode Health Technologies Ltd.,active,,,71.30,bhavcopy+status_from_bhavcopy_recent
INE0Q6L01014,Brisk Technovision Ltd.,active,,,95.00,bse_isin:active+bhavcopy
INE0RDH01021,Addictive Learning Technology Ltd.,active,,,121.05,bhavcopy+status_from_bhavcopy_recent
INE0QEI01011,Konstelec Engineers Ltd.,active,,,49.00,bhavcopy+status_from_bhavcopy_recent
INE0PYT01018,Euphoria Infotech (India) Ltd.,active,,,50.25,bse_isin:active+bhavcopy
INE0Q1R01012,Qualitek Labs Ltd.,active,,,430.00,bse_isin:active+bhavcopy
INE0ECC01022,Maxposure Ltd.,active,,,44.95,bhavcopy+status_from_bhavcopy_recent
INE0QIS01011,Shree Marutinandan Tubes Ltd.,active,,,100.55,bse_isin:active+bhavcopy
INE0GEN01012,New Swan Multitech Ltd.,active,,,56.73,bse_isin:active+bhavcopy
INE0P0001010,Australian Premium Solar (India) Ltd.,active,,,366.00,bhavcopy+status_from_bhavcopy_recent
INE0O7401018,IBL Finance Ltd.,active,,,62.25,bhavcopy+status_from_bhavcopy_recent
INE1HK501016,Modern Diagnostic & Research Centre Ltd.,active,,,,bse_isin:active
INE1CEJ01017,E to E Transportation Infrastructure Ltd.,unknown,,,,
INE0X4A01013,Apollo Techno Industries Ltd.,active,,,,bse_isin:active
INE1IJQ01026,Bai Kakaji Polymers Ltd.,active,,,,bse_isin:active
INE0XLO01010,Admach Systems Ltd.,active,,,,bse_isin:active
INE0YJA01011,Nanta Tech Ltd.,active,,,,bse_isin:active
INE2HJL01019,Dhara Rail Projects Ltd.,active,,,150.00,bhavcopy+status_from_bhavcopy_recent
INE0CTB01014,Sundrex Oil Co.Ltd.,active,,,62.15,bhavcopy+status_from_bhavcopy_recent
INE1CRP01016,Shyam Dhani Industries Ltd.,active,,,132.70,bhavcopy+status_from_bhavcopy_recent
INE1F9M01018,Dachepalli Publishers Ltd.,active,,,,bse_isin:active
INE1KEC01023,EPW India Ltd.,active,,,110.75,bhavcopy+status_from_bhavcopy_recent
INE0TD401015,MARC Technocrats Ltd.,active,,,57.70,bhavcopy+status_from_bhavcopy_recent
INE1ITY01011,Global Ocean Logistics India Ltd.,active,,,,bse_isin:active
INE1NQ501012,Neptune Logitek Ltd.,active,,,,bse_isin:active
INE1A6Q01010,Ashwini Container Movers Ltd.,active,,,140.00,bhavcopy+status_from_bhavcopy_recent
INE19I001020,Exim Routes Ltd.,active,,,145.00,bhavcopy+status_from_bhavcopy_recent
INE16QA01011,Stanbik Agro Ltd.,active,,,,bse_isin:active
INE1E1V01017,HRS Aluglaze Ltd.,active,,,,bse_isin:active
INE14LM01012,Pajson Agro India Ltd.,active,,,,bse_isin:active
INE0O9L01010,Shipwaves Online Ltd.,active,,,,bse_isin:active
INE1FHV01026,Unisem Agritech Ltd.,active,,,,bse_isin:active
INE1DKT01011,Riddhi Display Equipments Ltd.,active,,,,bse_isin:active
INE10XK01019,Prodocs Solutions Ltd.,active,,,,bse_isin:active
INE1IE301018,K.V.Toys India Ltd.,active,,,,bse_isin:active
INE0SQZ01015,Flywings Simulator Training Centre Ltd.,active,,,226.80,bhavcopy+status_from_bhavcopy_recent
INE433T01015,Encompass Design India Ltd.,active,,,196.00,bhavcopy+status_from_bhavcopy_recent
INE0QZR01017,Methodhub Software Ltd.,active,,,,bse_isin:active
INE1MF401019,Western Overseas Study Abroad Ltd.,active,,,,bse_isin:active
INE1CJB01013,Luxury Time Ltd.,active,,,,bse_isin:active
INE1V4601019,Shri Kanha Stainless Ltd.,active,,,26.05,bhavcopy+status_from_bhavcopy_recent
INE21UM01018,Neochem Bio Solutions Ltd.,active,,,92.55,bhavcopy+status_from_bhavcopy_recent
INE1FJE01010,Helloji Holidays Ltd.,active,,,,bse_isin:active
INE0W4D01018,Ravelcare Ltd.,active,,,,bse_isin:active
INE1EF801010,Clear Secured Services Ltd.,active,,,124.50,bhavcopy+status_from_bhavcopy_recent
INE1CW901027,Speb Adhesives Ltd.,active,,,55.50,bhavcopy+status_from_bhavcopy_recent
INE0XJ501010,Invicta Diagnostic Ltd.,active,,,83.00,bhavcopy+status_from_bhavcopy_recent
INE0RUY01012,Astron Multigrain Ltd.,active,,,,bse_isin:active
INE0VDK01019,Purple Wave Infocom Ltd.,active,,,,bse_isin:active
INE1BA901016,Logiciel Solutions Ltd.,active,,,,bse_isin:active
INE1E4401010,Exato Technologies Ltd.,active,,,,bse_isin:active
INE0EOJ01014,K K Silk Mills Ltd.,active,,,,bse_isin:active
INE0UH001016,Mother Nutri Foods Ltd.,active,,,,bse_isin:active
INE1U2R01013,SSMD Agrotech India Ltd.,active,,,,bse_isin:active
INE0BUQ01012,Gallard Steel Ltd.,active,,,,bse_isin:active
INE0U9D01019,Mahamaya Lifesciences Ltd.,active,,,,bse_isin:active
INE1I1301016,Workmates Core2Cloud Solution Ltd.,active,,,,bse_isin:active
INE0D8001018,Shining Tools Ltd.,active,,,,bse_isin:active
INE1BZN01016,Curis Lifesciences Ltd.,active,,,125.80,bhavcopy+status_from_bhavcopy_recent
INE0EDU01014,Finbud Financial Services Ltd.,active,,,127.00,bhavcopy+status_from_bhavcopy_recent
INE1FL101016,Shreeji Global FMCG Ltd.,active,,,114.30,bhavcopy+status_from_bhavcopy_recent
INE0SVZ01015,Safecure Services Ltd.,active,,,,bse_isin:active
INE1GUJ01014,Game Changers Texfab Ltd.,active,,,,bse_isin:active
INE1AE401014,Jayesh Logistics Ltd.,active,,,166.00,bhavcopy+status_from_bhavcopy_recent
INE13YH01017,SK Minerals & Additives Ltd.,active,,,145.00,bse_isin:active+bhavcopy
INE0SFA01011,Sihora Industries Ltd.,active,,,70.00,bse_isin:active+bhavcopy
INE833Q01012,Mittal Sections Ltd.,active,,,93.25,bse_isin:active+bhavcopy
INE1EUB01016,Shlokka Dyes Ltd.,active,,,90.00,bse_isin:active+bhavcopy
INE0PLX01017,Greenleaf Envirotech Ltd.,active,,,172.00,bhavcopy+status_from_bhavcopy_recent
INE0QP701017,Valplast Technologies Ltd.,active,,,56.90,bse_isin:active+bhavcopy
INE17CQ01015,B.A.G.Convergence Ltd.,active,,,123.45,bhavcopy+status_from_bhavcopy_recent
INE1B3501014,Zelio E-Mobility Ltd.,active,,,216.00,bse_isin:active+bhavcopy
INE0YJV01017,Sheel Biotech Ltd.,active,,,73.00,bhavcopy+status_from_bhavcopy_recent
INE16XA01017,Infinity Infoway Ltd.,active,,,434.70,bse_isin:active+bhavcopy
INE1K8Y01018,Munish Forge Ltd.,active,,,104.00,bhavcopy+status_from_bhavcopy_recent
INE10CM01027,Sunsky Logistics Ltd.,active,,,53.20,bse_isin:active+bhavcopy
INE12P101018,Chiraharit Ltd.,active,,,11.18,bse_isin:active+bhavcopy
INE0QU501030,Sodhani Capital Ltd.,active,,,124.00,bse_isin:active+bhavcopy
INE0WL901019,Vijaypd Ceutical Ltd.,active,,,42.05,bhavcopy+status_from_bhavcopy_recent
INE0R8Q01018,Om Metallogic Ltd.,active,,,72.89,bse_isin:active+bhavcopy
INE0RYR01018,Suba Hotels Ltd.,active,,,142.25,bhavcopy+status_from_bhavcopy_recent
INE0SPJ01011,Dhillon Freight Carrier Ltd.,active,,,36.34,bse_isin:active+bhavcopy
INE0SUM01015,DSM Fresh Foods Ltd.,active,,,157.50,bse_isin:active+bhavcopy
INE163701019,KVS Castings Ltd.,active,,,73.50,bse_isin:active+bhavcopy
INE0S5T01017,Rukmani Devi Garg Agro Impex Ltd.,active,,,69.00,bse_isin:active+bhavcopy
INE1PJP01015,M P K Steels (I) Ltd.,active,,,82.00,bse_isin:active+bhavcopy
INE14QA01016,Ameenji Rubber Ltd.,active,,,120.39,bse_isin:active+bhavcopy
INE0U4H01011,Manas Polymers & Energies Ltd.,active,,,89.05,bhavcopy+status_from_bhavcopy_recent
INE18PB01017,Bhavik Enterprises Ltd.,active,,,145.00,bse_isin:active+bhavcopy
INE1B4801017,Chatterbox Technologies Ltd.,active,,,141.00,bse_isin:active+bhavcopy
INE0SIK01014,Gujarat Peanut & Agri Products Ltd.,active,,,82.00,bse_isin:active+bhavcopy
INE1A8F01035,Earkart Ltd.,active,,,224.00,bse_isin:active+bhavcopy
INE0SRP01014,Telge Projects Ltd.,active,,,119.00,bse_isin:active+bhavcopy
INE0TI501017,Praruh Technologies Ltd.,active,,,60.00,bse_isin:active+bhavcopy
INE1CCX01012,Gurunanak Agriculture India Ltd.,active,,,34.75,bhavcopy+status_from_bhavcopy_recent
INE0W5Q01017,Justo Realfintech Ltd.,active,,,127.00,bse_isin:active+bhavcopy
INE1KLZ01011,Systematic Industries Ltd.,active,,,206.00,bse_isin:active+bhavcopy
INE0SLP01017,NSB BPO Solutions Ltd.,active,,,117.00,bse_isin:active+bhavcopy
INE0VBS01016,Ecoline Exim Ltd.,active,,,130.00,bhavcopy+status_from_bhavcopy_recent
INE132901013,Matrix Geo Solutions Ltd.,active,,,104.00,bhavcopy+status_from_bhavcopy_recent
INE1LDV01015,True Colors Ltd.,active,,,188.40,bse_isin:active+bhavcopy
INE15XJ01010,Aptus Pharma Ltd.,active,,,113.98,bse_isin:active+bhavcopy
INE0QMV01017,BharatRohan Airborne Innovations Ltd.,active,,,96.27,bse_isin:active+bhavcopy
INE1IIQ01028,Solvex Edibles Ltd.,active,,,32.00,bse_isin:active+bhavcopy
INE0CQA01020,Prime Cable Industries Ltd.,active,,,87.50,bhavcopy+status_from_bhavcopy_recent
INE0SVO01019,Siddhi Cotspin Ltd.,active,,,28.75,bhavcopy+status_from_bhavcopy_recent
INE14VP01014,JD Cables Ltd.,active,,,153.05,bse_isin:active+bhavcopy
INE10XS01012,Sampat Aluminium Ltd.,active,,,79.00,bse_isin:active+bhavcopy
INE0Y5H01014,TechD Cybersecurity Ltd.,active,,,602.45,bhavcopy+status_from_bhavcopy_recent
INE0TJ801010,L.T.Elevator Ltd.,active,,,144.90,bse_isin:active+bhavcopy
INE0XBS01012,Airfloa Rail Technology Ltd.,active,,,385.00,bse_isin:active+bhavcopy
INE09A801015,Galaxy Medicare Ltd.,active,,,22.25,bhavcopy+status_from_bhavcopy_recent
INE1DRH01011,Jay Ambe Supermarkets Ltd.,active,,,147.55,bse_isin:active+bhavcopy
INE0XWS01018,Taurian MPS Ltd.,active,,,236.95,bhavcopy+status_from_bhavcopy_recent
INE0V8A01016,Karbonsteel Engineering Ltd.,active,,,185.50,bse_isin:active+bhavcopy
INE346R01013,Nilachal Carbo Metalicks Ltd.,active,,,100.00,bse_isin:active+bhavcopy
INE0XZB01017,Krupalu Metals Ltd.,active,,,38.00,bse_isin:active+bhavcopy
INE0WRP01016,Vashishtha Luxury Fashion Ltd.,active,,,177.25,bse_isin:active+bhavcopy
INE0UJF01018,Sharvaya Metals Ltd.,active,,,180.00,bse_isin:active+bhavcopy
INE1DM601016,Vigor Plast India Ltd.,active,,,74.15,bhavcopy+status_from_bhavcopy_recent
INE104201012,Austere Systems Ltd.,active,,,55.00,bse_isin:active+bhavcopy
INE15B101011,Optivalue Tek Consulting Ltd.,active,,,82.00,bhavcopy+status_from_bhavcopy_recent
INE0ZOM01013,Goel Construction Co.Ltd.,active,,,329.00,bse_isin:active+bhavcopy
INE0ZN101029,Rachit Prints Ltd.,active,,,134.90,bse_isin:active+bhavcopy
INE0XX801016,Sugs Lloyd Ltd.,active,,,90.69,bse_isin:active+bhavcopy
INE1OIC01018,Snehaa Organics Ltd.,active,,,70.60,bhavcopy+status_from_bhavcopy_recent
INE15MX01014,Abril Paper Tech Ltd.,active,,,44.80,bse_isin:active+bhavcopy
INE0RTI01017,Oval Projects Engineering Ltd.,active,,,64.00,bse_isin:active+bhavcopy
INE1CRQ01014,Current Infraprojects Ltd.,active,,,137.00,bhavcopy+status_from_bhavcopy_recent
INE14DW01018,Sattva Engineering Construction Ltd.,active,,,62.10,bhavcopy+status_from_bhavcopy_recent
INE12P601017,Globtier Infotech Ltd.,active,,,29.00,bse_isin:active+bhavcopy
INE0M3X01010,NIS Management Ltd.,active,,,102.00,bse_isin:active+bhavcopy
INE0VTV01012,Anondita Medicare Ltd.,active,,,968.00,bhavcopy+status_from_bhavcopy_recent
INE1DLF01018,Shivashrit Foods Ltd.,active,,,130.00,bhavcopy+status_from_bhavcopy_recent
INE0UQ601012,Classic Electrodes (India) Ltd.,active,,,74.75,bhavcopy+status_from_bhavcopy_recent
INE0YDV01010,ARC Insulation & Insulators Ltd.,active,,,66.70,bhavcopy+status_from_bhavcopy_recent
INE191201016,LGT Business Connextions Ltd.,active,,,41.51,bse_isin:active+bhavcopy
INE17VO01028,Studio LSD Ltd.,active,,,13.20,bhavcopy+status_from_bhavcopy_recent
INE632Q01018,Mahendra Realtors & Infrastructure Ltd.,active,,,51.85,bhavcopy+status_from_bhavcopy_recent
INE111601014,Icodex Publishing Solutions Ltd.,active,,,47.60,bse_isin:active+bhavcopy
INE0VG001016,ANB Metal Cast Ltd.,active,,,356.00,bhavcopy+status_from_bhavcopy_recent
INE0UOY01019,Medistep Healthcare Ltd.,active,,,23.10,bhavcopy+status_from_bhavcopy_recent
INE0YG001013,Star Imaging & Path Lab Ltd.,active,,,129.00,bse_isin:active+bhavcopy
INE0EAS01014,Connplex Cinemas Ltd.,active,,,268.25,bhavcopy+status_from_bhavcopy_recent
INE10VS01016,Sawaliya Foods Products Ltd.,active,,,315.50,bhavcopy+status_from_bhavcopy_recent
INE0ZRC01017,Bhadora Industries Ltd.,active,,,77.10,bhavcopy+status_from_bhavcopy_recent
INE1H7V01011,Parth Electricals & Engineering Ltd.,active,,,203.00,bhavcopy+status_from_bhavcopy_recent
INE1M3T01017,Jyoti Global Plast Ltd.,active,,,46.50,bhavcopy+status_from_bhavcopy_recent
INE124401014,Aaradhya Disposal Industries Ltd.,active,,,119.00,bhavcopy+status_from_bhavcopy_recent
INE0W4K01013,BLT Logistics Ltd.,active,,,53.10,bse_isin:active+bhavcopy
INE1IBY01019,Essex Marine Ltd.,active,,,24.00,bse_isin:active+bhavcopy
INE0VCK01011,Flysbs Aviation Ltd.,active,,,521.20,bhavcopy+status_from_bhavcopy_recent
INE0WL201014,Cash Ur Drive Marketing Ltd.,active,,,132.00,bhavcopy+status_from_bhavcopy_recent
INE0VZX01015,Renol Polychem Ltd.,active,,,141.50,bhavcopy+status_from_bhavcopy_recent
INE1LJ801017,B.D.Industries (Pune) Ltd.,active,,,108.50,bse_isin:active+bhavcopy
INE1KH601014,Mehul Colours Ltd.,active,,,85.90,bse_isin:active+bhavcopy
INE14OX01013,Takyon Networks Ltd.,active,,,48.05,bse_isin:active+bhavcopy
INE13ZD01013,Kaytex Fabrics Ltd.,active,,,74.45,bhavcopy+status_from_bhavcopy_recent
INE15WN01014,Repono Ltd.,active,,,75.00,bse_isin:active+bhavcopy
INE1P1A01018,Umiya Mobile Ltd.,active,,,108.50,bse_isin:active+bhavcopy
INE0IJF01013,Sellowrap Industries Ltd.,active,,,82.40,bhavcopy+status_from_bhavcopy_recent
INE0FMZ01045,Shree Refrigerations Ltd.,active,,,255.00,bse_isin:active+bhavcopy
INE161701011,Patel Chem Specialities Ltd.,active,,,95.00,bse_isin:active+bhavcopy
INE16VK01010,TSC India Ltd.,active,,,45.25,bhavcopy+status_from_bhavcopy_recent
INE0V0L01028,Monarch Surveyors & Engineering Consultants Ltd.,active,,,247.10,bse_isin:active+bhavcopy
INE0PTF01017,Swastika Castal Ltd.,active,,,74.17,bse_isin:active+bhavcopy
INE0UCN01017,Savy Infra & Logistics Ltd.,active,,,165.00,bhavcopy+status_from_bhavcopy_recent
INE0LCG01010,Monika Alcobev Ltd.,active,,,296.30,bse_isin:active+bhavcopy
INE19QH01010,Spunweb Nonwoven Ltd.,active,,,138.95,bhavcopy+status_from_bhavcopy_recent
INE0SJX01015,Asston Pharmaceuticals Ltd.,active,,,88.03,bse_isin:active+bhavcopy
INE0UMC01019,GLEN Industries Ltd.,active,,,83.00,bse_isin:active+bhavcopy
INE14GK01016,Smarten Power Systems Ltd.,active,,,77.40,bhavcopy+status_from_bhavcopy_recent
INE0VWL01017,Chemkart India Ltd.,active,,,228.15,bse_isin:active+bhavcopy
INE162901016,Meta Infotech Ltd.,active,,,149.00,bse_isin:active+bhavcopy
INE0TLP01015,Happy Square Outsourcing Services Ltd.,active,,,71.00,bhavcopy+status_from_bhavcopy_recent
INE0TL001013,Cryogenic OGS Ltd.,active,,,183.00,bse_isin:active+bhavcopy
INE0RDJ01019,Vandan Foods Ltd.,active,,,43.50,bse_isin:active+bhavcopy
INE0TBQ01014,Marc Loire Fashions Ltd.,active,,,58.50,bse_isin:active+bhavcopy
INE11J101017,Cedaar Textile Ltd.,active,,,58.00,bhavcopy+status_from_bhavcopy_recent
INE154801018,Pushpa Jewellers Ltd.,active,,,104.00,bhavcopy+status_from_bhavcopy_recent
INE0SN801015,Silky Overseas Ltd.,active,,,133.55,bhavcopy+status_from_bhavcopy_recent
INE0UZO01024,Neetu Yoshi Ltd.,active,,,114.00,bse_isin:active+bhavcopy
INE0W1601012,Adcounty Media India Ltd.,active,,,216.90,bse_isin:active+bhavcopy
INE0XM301010,Moving Media Entertainment Ltd.,active,,,51.00,bhavcopy+status_from_bhavcopy_recent
INE130701019,Valencia India Ltd.,active,,,23.50,bse_isin:active+bhavcopy
INE0S9X01011,Ace Alpha Tech Ltd.,active,,,109.70,bse_isin:active+bhavcopy
INE0VJT01017,PRO FX Tech Ltd.,active,,,75.00,bhavcopy+status_from_bhavcopy_recent
INE14W901010,Rama Telecom Ltd.,active,,,66.00,bhavcopy+status_from_bhavcopy_recent
INE0SGZ01016,Suntech Infra Solutions Ltd.,active,,,42.55,bhavcopy+status_from_bhavcopy_recent
INE0SC101013,Supertech EV Ltd.,active,,,41.85,bse_isin:active+bhavcopy
INE0ZDY01011,Abram Food Ltd.,active,,,136.50,bse_isin:active+bhavcopy
INE0Y0E01012,Icon Facilitators Ltd.,active,,,52.53,bse_isin:active+bhavcopy
INE0NON01025,Shri Hare-Krishna Sponge Iron Ltd.,active,,,56.00,bhavcopy+status_from_bhavcopy_recent
INE0XRR01010,AJC Jewel Manufacturers Ltd.,active,,,90.00,bse_isin:active+bhavcopy
INE1GYP01013,Aakaar Medical Technologies Ltd.,active,,,72.00,bhavcopy+status_from_bhavcopy_recent
INE17D601016,Safe Enterprises Retail Fixtures Ltd.,active,,,260.00,bhavcopy+status_from_bhavcopy_recent
INE0ZTO01018,Mayasheel Ventures Ltd.,active,,,61.50,bhavcopy+status_from_bhavcopy_recent
INE0MYZ01012,Influx Healthtech Ltd.,active,,,229.10,bhavcopy+status_from_bhavcopy_recent
INE11HF01010,Eppeltone Engineers Ltd.,active,,,205.50,bhavcopy+status_from_bhavcopy_recent
INE17GV01016,Patil Automation Ltd.,active,,,180.00,bhavcopy+status_from_bhavcopy_recent
INE124101010,Samay Project Services Ltd.,active,,,42.30,bhavcopy+status_from_bhavcopy_recent
INE0XCV01014,Aten Papers & Foam Ltd.,active,,,22.50,bse_isin:active+bhavcopy
INE1DV401010,Monolithisch India Ltd.,active,,,505.00,bhavcopy+status_from_bhavcopy_recent
INE0XIL01012,Jainik Power Cables Ltd.,active,,,129.90,bhavcopy+status_from_bhavcopy_recent
INE1ARD01016,Sacheerome Ltd.,active,,,379.95,bhavcopy+status_from_bhavcopy_recent
INE0ZI101018,Ganga Bath Fittings Ltd.,active,,,21.00,bhavcopy+status_from_bhavcopy_recent
INE0TE101010,3B Films Ltd.,active,,,30.10,bse_isin:active+bhavcopy
INE104101014,N R Vandana Tex Industries Ltd.,active,,,57.00,bhavcopy+status_from_bhavcopy_recent
INE156901014,Neptune Petrochemicals Ltd.,active,,,204.35,bhavcopy+status_from_bhavcopy_recent
INE0X3M01010,Blue Water Logistics Ltd.,active,,,142.00,bhavcopy+status_from_bhavcopy_recent
INE0TG901011,Astonea Labs Ltd.,active,,,160.00,bse_isin:active+bhavcopy
INE0FLF01015,Nikita Papers Ltd.,active,,,134.65,bhavcopy+status_from_bhavcopy_recent
INE1ABX01018,Unified Data-Tech Solutions Ltd.,active,,,429.30,bse_isin:active+bhavcopy
INE04Q901010,Dar Credit & Capital Ltd.,active,,,44.50,bhavcopy+status_from_bhavcopy_recent
INE0T8T01010,Accretion Pharmaceuticals Ltd.,active,,,86.00,bhavcopy+status_from_bhavcopy_recent
INE0YSH01017,Integrity Infrabuild Developers Ltd.,active,,,132.00,bhavcopy+status_from_bhavcopy_recent
INE0VRH01015,Virtual Galaxy Infotech Ltd.,active,,,151.50,bhavcopy+status_from_bhavcopy_recent
INE0MV001018,Manoj Jewellers Ltd.,active,,,48.00,bse_isin:active+bhavcopy
INE0RJ901010,Srigee DLM Ltd.,active,,,135.05,bse_isin:active+bhavcopy
INE0AOG01018,Kenrik Industries Ltd.,active,,,11.39,bse_isin:active+bhavcopy
INE0TTG01017,Arunaya Organics Ltd.,active,,,19.15,bhavcopy+status_from_bhavcopy_recent
INE1AII01014,Iware Supplychain Services Ltd.,active,,,203.00,bhavcopy+status_from_bhavcopy_recent
INE0Z7N01017,Tankup Engineers Ltd.,active,,,708.05,bhavcopy+status_from_bhavcopy_recent
INE10XX01012,Spinaroo Commercial Ltd.,active,,,61.25,bse_isin:active+bhavcopy
INE12IB01015,Infonative Solutions Ltd.,active,,,23.10,bse_isin:active+bhavcopy
INE0KWJ01014,Retaggio Industries Ltd.,active,,,22.50,bse_isin:active+bhavcopy
INE0PA401012,Identixweb Ltd.,active,,,80.95,bse_isin:active+bhavcopy
INE0DM401012,Shri Ahimsa Naturals Ltd.,active,,,232.00,bhavcopy+status_from_bhavcopy_recent
INE0V0Q01019,ATC Energies System Ltd.,active,,,37.00,bhavcopy+status_from_bhavcopy_recent
INE0TGG01014,Desco Infratech Ltd.,active,,,248.00,bse_isin:active+bhavcopy
INE0QX901013,Rapid Fleet Management Services Ltd.,active,,,183.00,bhavcopy+status_from_bhavcopy_recent
INE0KLO01025,Active Infrastructures Ltd.,active,,,178.00,bhavcopy+status_from_bhavcopy_recent
INE12E301017,Grand Continent Hotels Ltd.,active,,,163.00,bhavcopy+status_from_bhavcopy_recent
INE0SMW01011,Paradeep Parivahan Ltd.,active,,,148.65,bse_isin:active+bhavcopy
INE0NA501011,Divine Hira Jewellers Ltd.,active,,,225.00,bhavcopy+status_from_bhavcopy_recent
INE16IQ01014,Super Iron Foundry Ltd.,active,,,43.30,bse_isin:active+bhavcopy
INE0ABU01016,PDP Shipping & Projects Ltd.,active,,,60.00,bse_isin:active+bhavcopy
INE0VNH01014,NAPS Global India Ltd.,active,,,54.00,bse_isin:active+bhavcopy
INE0PQ601019,Balaji Phosphates Ltd.,active,,,144.20,bhavcopy+status_from_bhavcopy_recent
INE0RXS01018,Shreenath Paper Products Ltd.,active,,,22.30,bse_isin:active+bhavcopy
INE0VYX01018,Nukleus Office Solutions Ltd.,active,,,160.00,bse_isin:active+bhavcopy
INE13VU01016,Beezaasan Explotech Ltd.,active,,,254.10,bse_isin:active+bhavcopy
INE0VA601019,HP Telecom India Ltd.,active,,,298.00,bhavcopy+status_from_bhavcopy_recent
INE0TIR01017,Swasth Foodtech India Ltd.,active,,,32.00,bse_isin:active+bhavcopy
INE0EO401019,Royal Arc Electrodes Ltd.,active,,,159.50,bhavcopy+status_from_bhavcopy_recent
INE17WC01013,Tejas Cargo India Ltd.,active,,,275.10,bhavcopy+status_from_bhavcopy_recent
INE0FFF01017,L.K.Mehta Polymers Ltd.,active,,,46.90,bse_isin:active+bhavcopy
INE0TD301017,Shanmuga Hospital Ltd.,active,,,44.30,bse_isin:active+bhavcopy
INE0XUS01012,P S Raj Steels Ltd.,active,,,300.25,bhavcopy+status_from_bhavcopy_recent
INE241X01014,Voler Car Ltd.,active,,,215.90,bhavcopy+status_from_bhavcopy_recent
INE10A501018,Maxvolt Energy Industries Ltd.,active,,,498.95,bhavcopy+status_from_bhavcopy_recent
INE0B2N01016,Chandan Healthcare Ltd.,active,,,318.00,bhavcopy+status_from_bhavcopy_recent
INE0R9101015,Eleganz Interiors Ltd.,active,,,98.00,bhavcopy+status_from_bhavcopy_recent
INE10QL01011,Readymix Construction Machinery Ltd.,active,,,118.00,bhavcopy+status_from_bhavcopy_recent
INE0W0H01017,Solarium Green Energy Ltd.,active,,,332.00,bse_isin:active+bhavcopy
INE15DO01012,Ken Enterprises Ltd.,active,,,44.40,bhavcopy+status_from_bhavcopy_recent
INE0U2L01017,Amwill Health Care Ltd.,active,,,51.81,bse_isin:active+bhavcopy
INE11HG01018,Chamunda Electrical Ltd.,active,,,51.40,bhavcopy+status_from_bhavcopy_recent
INE0YON01014,Malpani Pipes & Fittings Ltd.,active,,,80.25,bse_isin:active+bhavcopy
INE0RWU01016,GB Logistics Commerce Ltd.,active,,,40.50,bse_isin:active+bhavcopy
INE0DZD01015,H.M.Electro Mech Ltd.,active,,,51.75,bse_isin:active+bhavcopy
INE0WDX01010,CLN Energy Ltd.,active,,,560.00,bse_isin:active+bhavcopy
INE113601012,Rexpro Enterprises Ltd.,active,,,62.55,bhavcopy+status_from_bhavcopy_recent
INE0WXM01011,CapitalNumbers Infotech Ltd.,active,,,115.10,bse_isin:active+bhavcopy
INE0ZOL01023,EMA Partners India Ltd.,active,,,95.35,bhavcopy+status_from_bhavcopy_recent
INE12QA01010,Landmark Immigration Consultants Ltd.,active,,,52.49,bse_isin:active+bhavcopy
INE0XOW01017,Kabra Jewels Ltd.,active,,,89.95,bhavcopy+status_from_bhavcopy_recent
INE0CFH01028,Rikhav Securities Ltd.,active,,,71.45,bse_isin:active+bhavcopy
INE0QX401014,Barflex Polyfilms Ltd.,active,,,75.75,bhavcopy+status_from_bhavcopy_recent
INE0NB801022,Sat Kartar Shopping Ltd.,active,,,141.50,bhavcopy+status_from_bhavcopy_recent
INE0NQ401024,Avax Apparels & Ornaments Ltd.,active,,,,bse_isin:active
INE0XRN01019,Delta Autocorp Ltd.,active,,,50.50,bhavcopy+status_from_bhavcopy_recent
INE00ST01011,B.R.Goyal Infrastructure Ltd.,active,,,138.00,bse_isin:active+bhavcopy
INE0FK501019,Indobell Insulations Ltd.,active,,,91.00,bse_isin:active+bhavcopy
INE0HSD01011,Fabtech Technologies Cleanrooms Ltd.,active,,,350.00,bse_isin:active+bhavcopy
INE0Q2L01013,Davin Sons Retail Ltd.,active,,,45.00,bse_isin:active+bhavcopy
INE0QQJ01021,Parmeshwar Metal Ltd.,active,,,66.00,bse_isin:active+bhavcopy
INE0RH001011,Leo Dryfruits & Spices Trading Ltd.,active,,,69.30,bse_isin:active+bhavcopy
INE627H01017,Cambridge Technology Enterprises Ltd.,active,,,40.20,bse_isin:active+bhavcopy
INE872H01027,Lumax Auto Technologies Ltd.,active,,,1520.00,bse_isin:active+bhavcopy
INE538H01016,Shree Ashtavinayak Cine Vision Ltd.,delisted,2018-07-02,Delisting - Liquidation,,bse_code:delisted+nse_csv
INE165H01018,Pyramid Saimira Theatre Ltd.,delisted,2016-09-12,Delisting - Liquidation,,bse_isin:delisted+nse_csv
INE910H01017,Cairn India Ltd.,delisted,,,,bse_isin:delisted
INE483C01032,Tanla Solutions Ltd. FPO,active,,,518.95,bse_isin:active+bhavcopy
INE846H01021,Nissan Copper Ltd.,delisted,,,,bse_code:delisted
INE825H01017,Ess Dee Aluminium Ltd.,delisted,,,,bse_isin:delisted
INE183H01011,XL Telecom Ltd.,suspended,,,,bse_isin:suspended
INE014E01015,Kovilpatti Lakshmi Roller Flour Mills Ltd. FPO,active,,,118.00,bse_isin:active+bhavcopy
INE818H01020,LT Overseas Ltd.,active,,,382.75,bse_isin:active+bhavcopy
INE803H01014,Ruchira Papers Ltd.,active,,,120.26,bse_isin:active+bhavcopy
INE671H01015,Sobha Developers Ltd.,active,,,1458.60,bse_isin:active+bhavcopy
INE255D01024,Gulshan Sugars & Chemicals Ltd. FPO,active,,,137.13,bse_isin:active+bhavcopy
INE697H01010,Blue Bird (India) Ltd.,delisted,2017-03-24,Delisting - Liquidation,,bse_isin:delisted+nse_csv
INE785C01048,Lanco Infratech Ltd.,delisted,2019-10-17,Delisting - Liquidation,,bse_isin:delisted+nse_csv
INE561H01026,Parsvnath Developers Ltd.,active,,,10.18,bse_isin:active+bhavcopy
INE663F01032,Info Edge (India) Ltd.,active,,,1336.50,bse_isin:active+bhavcopy
INE318D01020,Zenith Birla (India) Ltd. FPO,active,,,7.25,bse_isin:active+bhavcopy
INE503A01015,Development Credit Bank Ltd.,active,,,171.90,bse_isin:active+bhavcopy
INE792H01019,Global Vectra Helicorp Ltd.,active,,,198.70,bse_isin:active+bhavcopy
INE648H01013,Hanung Toys & Textiles Ltd.,delisted,2019-10-17,Delisting - Liquidation,,bse_isin:delisted+nse_csv
INE020G01017,Accel Frontline Ltd.,active,,,87.41,bse_isin:active+bhavcopy
INE544H01014,JHS Svendgaard Laboratories Ltd.,active,,,9.98,bse_isin:active+bhavcopy
INE336H01023,Gayatri Projects Ltd.,active,,,11.53,bse_isin:active+bhavcopy
INE737H01014,Fiem Industries Ltd.,active,,,2237.00,bse_isin:active+bhavcopy
INE516H01012,Richa Knits Ltd.,suspended,2025-10-17,,1.68,bse_isin:suspended+bhavcopy+date_from_bhavcopy
INE916G01016,Gwalior Chemical Industries Ltd.,delisted,,,317.55,bse_isin:delisted+bhavcopy
INE235G01011,Usher Agro Ltd.,delisted,2020-03-02,Delisting - Liquidation,,bse_isin:delisted+nse_csv
INE596H01014,HOV Services Ltd.,active,,,68.99,bse_isin:active+bhavcopy
INE285H01022,Atlanta Ltd.,active,,,43.00,bse_isin:active+bhavcopy
INE731H01025,Action Construction Equipment Ltd.,active,,,931.05,bse_isin:active+bhavcopy
INE677H01012,Deep Industries Ltd.,delisted,2024-09-24,,312.25,bse_isin:delisted+bhavcopy+date_from_bhavcopy
INE700H01012,KEW Industries Ltd.,delisted,,,,bse_isin:delisted
INE540H01012,Voltamp Transformers Ltd.,active,,,7700.00,bse_isin:active+bhavcopy
INE669C01036,Tech Mahindra Ltd.,active,,,1614.80,bse_isin:active+bhavcopy
INE776C01039,GMR Infrastructure Ltd.,active,,,103.10,bse_isin:active+bhavcopy
INE418H01029,Allcargo Global Logistics Ltd.,active,,,10.25,bse_isin:active+bhavcopy
INE367G01038,Prime Focus Ltd.,active,,,241.90,bse_isin:active+bhavcopy
INE336C01016,Rathi Udyog Ltd. FPO,active,,,24.54,bse_isin:active+bhavcopy
INE466H01028,Unity Infraprojects Ltd.,suspended,,,,bse_isin:suspended
INE438H01019,Deccan Aviation Ltd.,delisted,,,,bse_isin:delisted
INE670B01028,Gangotri Textiles Ltd. FPO,suspended,2025-09-08,,0.63,bse_isin:suspended+bhavcopy+date_from_bhavcopy
INE244B01030,Patel Engineering Ltd. FPO,active,,,27.95,bse_isin:active+bhavcopy
INE891A01014,D.S.Kulkarni Developers Ltd. FPO,suspended,,,,bse_code:suspended
INE347H01012,JRG Securities Ltd.,suspended,2025-10-17,,5.57,bse_isin:suspended+bhavcopy+date_from_bhavcopy
INE475H01011,Reliance Petroleum Ltd.,delisted,,,,bse_isin:delisted
INE491H01018,Plethico Pharmaceuticals Ltd.,delisted,2018-05-30,Compulsory Delisting,,bse_isin:delisted+nse_csv
INE397H01017,Lokesh Machines Ltd.,active,,,161.01,bse_isin:active+bhavcopy
INE390H01020,Kamdhenu Ispat Ltd.,active,,,25.10,bse_isin:active+bhavcopy
INE424H01027,Sun TV Ltd.,active,,,575.40,bse_isin:active+bhavcopy
INE296H01011,Emkay Share & Stock Brokers Ltd.,active,,,261.55,bse_isin:active+bhavcopy
INE808B01016,Opto Circuits (India) Ltd. FPO,suspended,,,,bse_isin:suspended
INE177H01039,Godawari Power & Ispat Ltd.,active,,,263.50,bse_isin:active+bhavcopy
INE411H01032,R Systems International Ltd.,active,,,402.00,bse_isin:active+bhavcopy
INE388G01026,Tantia Constructions Ltd. FPO,active,,,22.29,bse_isin:active+bhavcopy
INE224B01024,Birla Power Solutions Ltd. FPO,delisted,,,,bse_isin:delisted
INE979C01013,Powersoft Global Solutions Ltd. FPO,delisted,,,,bse_isin:delisted
INE401H01017,Kewal Kiran Clothing Ltd.,active,,,487.80,bse_isin:active+bhavcopy
INE786F01031,Uttam Sugar Mills Ltd.,active,,,252.00,bse_isin:active+bhavcopy
INE400H01019,Adhunik Metaliks Ltd.,delisted,,,,bse_isin:delisted
INE353H01010,Shivalik Global Ltd.,active,,,13.09,bse_isin:active+bhavcopy
INE343H01029,Solar Explosives Ltd.,active,,,12194.00,bse_isin:active+bhavcopy
INE248H01012,Rohit Ferro-Tech Ltd.,delisted,,,,bse_isin:delisted
INE383H01017,Malu Paper Mills Ltd.,active,,,35.14,bse_isin:active+bhavcopy
INE297H01019,Gallantt Metal Ltd.,active,,,527.50,bse_isin:active+bhavcopy
INE286H01012,Visa Steel Ltd.,active,,,53.95,bse_isin:active+bhavcopy
INE858F01012,Nitco Tiles Ltd.,active,,,103.11,bse_isin:active+bhavcopy
INE823G01014,J.K.Cement Ltd. FPO,active,,,5520.00,bse_isin:active+bhavcopy
INE774D01024,Mahindra & Mahindra Financial Services Ltd.,active,,,407.45,bse_isin:active+bhavcopy
INE350H01032,B.L.Kashyap & Sons Ltd.,active,,,56.00,bse_isin:active+bhavcopy
INE308H01014,Pratibha Industries Ltd.,suspended,,,,bse_code:suspended
INE216D01026,K Sera Sera Productions Ltd. FPO,suspended,,,,bse_isin:suspended
INE346H01014,Gitanjali Gems Ltd.,suspended,,,,bse_isin:suspended
INE692A01016,Union Bank of India FPO,active,,,152.45,bse_isin:active+bhavcopy
INE332H01014,Indo-Tech Transformers Ltd.,active,,,1556.80,bse_isin:active+bhavcopy
INE683A01023,The South Indian Bank Ltd. FPO,active,,,37.89,bse_isin:active+bhavcopy
INE190H01024,Sakuma Exports Ltd.,active,,,2.14,bse_isin:active+bhavcopy
INE226H01026,Sadbhav Engineering Ltd.,active,,,10.46,bse_isin:active+bhavcopy
INE251H01024,GVK Power & Infrastructure Ltd.,active,,,3.07,bse_isin:active+bhavcopy
INE305H01010,Sunil Hitech Engineers Ltd.,delisted,,,,bse_code:delisted
INE312H01016,Inox Leisure Ltd.,delisted,,,,bse_isin:delisted
INE199G01027,Jagran Prakashan Ltd.,active,,,70.50,bse_isin:active+bhavcopy
INE246F01010,Gujarat State Petronet Ltd.,suspended,,,292.50,bse_isin:suspended+bhavcopy
INE265F01028,Entertainment Network (India) Ltd.,active,,,112.91,bse_isin:active+bhavcopy
INE256H01015,Dynemic Products Ltd.,active,,,254.60,bse_isin:active+bhavcopy
INE266H01014,Sree Sakthi Paper Mills Ltd.,active,,,13.75,bse_isin:active+bhavcopy
INE434A01013,Andhra Bank FPO,delisted,,,,bse_isin:delisted
INE028A01039,Bank of Baroda FPO,active,,,292.70,bse_isin:active+bhavcopy
INE533D01032,Raj Rayon Ltd. FPO,active,,,22.50,bse_isin:active+bhavcopy
INE283H01019,Royal Orchid Hotels Ltd.,active,,,413.75,bse_isin:active+bhavcopy
INE229H01012,Nitin Spinners Ltd.,active,,,315.20,bse_isin:active+bhavcopy
INE386I01018,Porwal Auto Components Ltd. FPO,active,,,58.50,bse_isin:active+bhavcopy
INE298I01015,Aries Agro Ltd.,active,,,324.85,bse_isin:active+bhavcopy
INE791I01019,Brigade Enterprises Ltd.,active,,,874.60,bse_isin:active+bhavcopy
INE763I01026,Transformers & Rectifiers (India) Ltd.,active,,,282.50,bse_isin:active+bhavcopy
INE661I01014,BGR Energy Systems Ltd.,active,,,373.90,bse_isin:active+bhavcopy
INE738I01010,eClerx Services Ltd.,active,,,4506.50,bse_isin:active+bhavcopy
INE817H01014,Burnpur Cement Ltd.,suspended,2025-01-29,,6.13,bse_isin:suspended+bhavcopy+date_from_bhavcopy
INE668F01031,Jyothy Laboratories Ltd.,active,,,276.30,bse_isin:active+bhavcopy
INE234I01028,Kaushalya Infrastructure Development Corp.Ltd.,active,,,875.05,bse_isin:active+bhavcopy
INE094I01018,Kolte-Patil Developers Ltd.,active,,,393.00,bse_isin:active+bhavcopy
INE722H01024,Renaissance Jewellery Ltd.,active,,,119.01,bse_isin:active+bhavcopy
INE532F01054,Edelweiss Capital Ltd.,active,,,107.47,bse_isin:active+bhavcopy
INE742F01042,Mundra Port & Special Economic Zone Ltd.,active,,,1468.50,bse_isin:active+bhavcopy
INE180G01019,Empee Distilleries Ltd.,delisted,2020-07-24,Voluntary Delisting,,bse_isin:delisted+nse_csv
INE621H01010,Religare Enterprises Ltd.,active,,,241.50,bse_isin:active+bhavcopy
INE032G01012,Varun Industries Ltd.,delisted,2018-05-30,Delisting - Liquidation,,bse_isin:delisted+nse_csv
INE335I01056,Allied Computers International (Asia) Ltd.,delisted,,,,bse_isin:delisted
INE575I01016,Rathi Bars Ltd.,active,,,28.56,bse_isin:active+bhavcopy
INE720H01010,Circuit Systems (India) Ltd.,delisted,,,,bse_isin:delisted
INE369I01014,Maytas Infra Ltd.,active,,,27.00,bse_isin:active+bhavcopy
INE320H01019,Saamya Biotech (India) Ltd.,delisted,,,,bse_isin:delisted
INE550H01011,Supreme Infrastructure India Ltd.,active,,,86.01,bse_isin:active+bhavcopy
INE406I01014,Koutons Retail India Ltd.,delisted,2017-05-12,Delisting - Liquidation,,bse_isin:delisted+nse_csv
INE429I01024,Consolidated Construction Consortium Ltd.,active,,,17.49,bse_isin:active+bhavcopy
INE752E01010,Power Grid Corp.of India Ltd.,active,,,261.40,bse_isin:active+bhavcopy
INE406H01016,Dhanus Technologies Ltd.,delisted,2017-05-12,Delisting - Liquidation,,bse_isin:delisted+nse_csv
INE455I01029,Kaveri Seed Co.Ltd.,active,,,957.45,bse_isin:active+bhavcopy
INE989B01014,Dagger-Forst Tools Ltd. FPO,delisted,,,,bse_isin:delisted
INE387I01016,Magnum Ventures Ltd.,active,,,22.90,bse_isin:active+bhavcopy
INE227G01018,Indowind Energy Ltd.,active,,,14.25,bse_isin:active+bhavcopy
INE338I01027,Motilal Oswal Financial Services Ltd.,active,,,845.45,bse_isin:active+bhavcopy
INE930H01031,K.P.R.Mill Ltd.,active,,,922.30,bse_isin:active+bhavcopy
INE142I01023,TAKE Solutions Ltd.,active,,,39.64,bse_isin:active+bhavcopy
INE323I01011,Puravankara Projects Ltd.,active,,,238.57,bse_isin:active+bhavcopy
INE022I01019,Asian Granito India Ltd.,active,,,74.89,bse_isin:active+bhavcopy
INE105I01020,SEL Manufacturing Co.Ltd.,active,,,32.00,bse_isin:active+bhavcopy
INE483A01010,Central Bank of India,active,,,37.09,bse_isin:active+bhavcopy
INE056I01025,Refex Refrigerants Ltd.,active,,,252.10,bse_isin:active+bhavcopy
INE414I01018,IVR Prime Urban Developers Ltd.,delisted,,,,bse_isin:delisted
INE225I01026,Zylog Systems Ltd.,delisted,,,,bse_isin:delisted
INE810H01019,Omnitech InfoSolutions Ltd.,delisted,2018-08-08,Delisting - Liquidation,,bse_isin:delisted+nse_csv
INE800H01010,Omaxe Ltd.,active,,,78.10,bse_isin:active+bhavcopy
INE385I01010,Alpa Laboratories Ltd.,active,,,78.37,bse_isin:active+bhavcopy
INE898F01018,Simplex Projects Ltd.,delisted,,,,bse_isin:delisted
INE678H01010,Everonn Systems India Ltd.,delisted,2018-07-02,Delisting - Liquidation,,bse_isin:delisted+nse_csv
INE102I01027,Allied Digital Services Ltd.,active,,,150.74,bse_isin:active+bhavcopy
INE191I01012,Housing Development & Infrastructure Ltd.,active,,,2.42,bse_isin:active+bhavcopy
INE258A01024,Bharat Earth Movers Ltd. FPO,active,,,1833.90,bse_isin:active+bhavcopy
INE274I01016,Suryachakra Power Corp.Ltd.,suspended,,,,bse_isin:suspended
INE684H01018,Spice Communications Ltd.,delisted,,,,bse_isin:delisted
INE090A01021,ICICI Bank Ltd. FPO,active,,,1342.80,bse_isin:active+bhavcopy
INE221I01017,Celestial Labs Ltd.,delisted,,,,bse_isin:delisted
INE106I01010,Ankit Metal & Power Ltd.,active,,,1.75,bse_isin:active+bhavcopy
INE924H01018,Roman Tarmat Ltd.,active,,,51.44,bse_isin:active+bhavcopy
INE271C01023,DLF Ltd.,active,,,680.65,bse_isin:active+bhavcopy
INE945H01021,Vishal Retail Ltd.,active,,,2390.00,bse_isin:active+bhavcopy
INE189I01024,Nelcast Ltd.,active,,,106.50,bse_isin:active+bhavcopy
INE974H01013,Meghmani Organics Ltd.,delisted,,,,bse_isin:delisted
INE172I01012,Decolight Ceramics Ltd.,delisted,2018-09-11,Delisting - Liquidation,,bse_isin:delisted+nse_csv
INE508G01029,Time Technoplast Ltd.,active,,,181.30,bse_isin:active+bhavcopy
INE489H01020,Nitin Fire Protection Industries Ltd.,suspended,,,,bse_isin:suspended
INE228I01012,Asahi Songwon Colors Ltd.,active,,,260.00,bse_isin:active+bhavcopy
INE408H01012,Glory Polyfilms Ltd.,delisted,2018-07-02,Delisting - Liquidation,,bse_isin:delisted+nse_csv
INE070I01018,Insecticides (India) Ltd.,active,,,708.70,bse_isin:active+bhavcopy
INE042H01019,Binani Cement Ltd.,delisted,2011-05-30,Voluntary Delisting,,bse_isin:delisted+nse_csv
INE287C01037,MIC Electronics Ltd.,active,,,43.09,bse_isin:active+bhavcopy
INE797H01018,Bhagwati Banquets & Hotels Ltd.,active,,,9.50,bse_isin:active+bhavcopy
INE788H01017,Hilton Metal Forging Ltd.,active,,,36.30,bse_isin:active+bhavcopy
INE061F01013,Fortis Healthcare Ltd.,active,,,880.05,bse_isin:active+bhavcopy
INE517H01028,Advanta India Ltd.,delisted,,,,bse_isin:delisted
INE725G01011,ICRA Ltd.,active,,,6112.00,bse_isin:active+bhavcopy
INE628H01015,Orbit Corp.Ltd.,delisted,2018-08-08,Compulsory Delisting,,bse_isin:delisted+nse_csv
INE391H01010,Gremach Infrastructure Equipments & Projects Ltd.,delisted,,,,bse_isin:delisted
INE761H01022,Page Industries Ltd.,active,,,35835.00,bse_isin:active+bhavcopy
INE004I01017,Abhishek Mills Ltd.,suspended,,,,bse_isin:suspended
INE702H01018,Jagjanani Textiles Ltd.,active,,,5.61,bse_isin:active+bhavcopy
INE005I01014,AMD Metplast Ltd.,active,,,47.40,bse_isin:active+bhavcopy
INE952H01027,Raj Television Network Ltd.,active,,,42.95,bse_isin:active+bhavcopy
INE006I01046,Astral Poly Technik Ltd.,active,,,1358.00,bse_isin:active+bhavcopy
INE961H01010,Evinix Accessories Ltd.,delisted,2017-05-12,Compulsory Delisting,,bse_code:delisted+nse_csv
INE025I01012,Indus Fila Ltd.,suspended,2019-02-20,Compulsory Delisting,,bse_isin:suspended+nse_csv
INE018I01017,MindTree Consulting Ltd.,delisted,,,,bse_isin:delisted
INE698H01018,Broadcast Initiatives Ltd.,delisted,2018-05-30,Compulsory Delisting,,bse_isin:delisted+nse_csv
INE119G01025,Vijayeswari Textiles Ltd. FPO,delisted,,,,bse_isin:delisted
INE311H01018,Mudra Lifestyle Ltd.,active,2019-10-01,Voluntary Delisting,19.10,bse_isin:active+nse_csv+bhavcopy
INE998H01012,Oriental Trimex Ltd.,active,,,8.17,bse_isin:active+bhavcopy
INE649H01011,Euro Ceramics Ltd.,suspended,,,,bse_isin:suspended
INE562A01011,Indian Bank,active,,,812.90,bse_isin:active+bhavcopy
INE874H01015,C & C Constructions Ltd.,suspended,,,,bse_isin:suspended
INE812G01025,SMS Pharmaceuticals Ltd.,active,,,310.75,bse_isin:active+bhavcopy
INE976H01018,Lawreshwar Polymers Ltd.,active,,,245.40,bse_isin:active+bhavcopy
INE134E01011,Power Finance Corp.Ltd.,active,,,349.55,bse_isin:active+bhavcopy
INE684F01012,Firstsource Solutions Ltd.,active,,,330.90,bse_isin:active+bhavcopy
INE804H01012,Transwarranty Finance Ltd.,active,,,16.45,bse_isin:active+bhavcopy
INE891D01026,Redington (India) Ltd.,active,,,268.00,bse_isin:active+bhavcopy
INE704H01022,Cinemax India Ltd.,active,,,86.91,bse_isin:active+bhavcopy
INE545H01011,Technocraft Industries (India) Ltd.,active,,,2239.20,bse_isin:active+bhavcopy
INE940H01022,House of Pearl Fashions Ltd.,active,,,1600.20,bse_isin:active+bhavcopy
INE703H01016,Akruti Nirman Ltd.,active,,,241.75,bse_isin:active+bhavcopy
INE886H01027,Global Broadcast News Ltd.,delisted,2024-10-15,,42.70,bse_isin:delisted+bhavcopy+date_from_bhavcopy
INE332G01032,Pochiraju Industries Ltd.,delisted,,,,bse_isin:delisted
INE718H01014,Autoline Industries Ltd.,active,,,80.70,bse_isin:active+bhavcopy
INE773I01017,Alkali Metals Ltd.,active,,,79.51,bse_isin:active+bhavcopy
INE213J01012,Chemcel Bio-tech Ltd.,delisted,,,,bse_isin:delisted
INE144J01027,20 Microns Ltd.,active,,,218.00,bse_isin:active+bhavcopy
INE774I01031,Resurgere Mines & Minerals India Ltd.,suspended,,,,bse_isin:suspended
INE455J01019,Austral Coke & Projects Ltd.,delisted,,,,bse_code:delisted
INE318J01027,Nu Tek India Ltd.,suspended,,,,bse_isin:suspended
INE108J01014,Vishal Information Technologies Ltd.,delisted,,,,bse_code:delisted
INE655I01024,Birla Cotsyn (India) Ltd.,suspended,2016-03-16,Voluntary Delisting,,bse_isin:suspended+nse_csv
INE323J01019,Somi Conveyor Beltings Ltd.,active,,,126.40,bse_isin:active+bhavcopy
INE143H01015,KSK Energy Ventures Ltd.,suspended,,,,bse_isin:suspended
INE947I01017,Lotus Eye Care Hospital Ltd.,active,,,117.94,bse_isin:active+bhavcopy
INE877I01016,Archidply Industries Ltd.,active,,,89.00,bse_isin:active+bhavcopy
INE315J01015,First Winner Industries Ltd.,delisted,2020-07-10,Compulsory Delisting,,bse_isin:delisted+nse_csv
INE955I01044,Sejal Architectural Glass Ltd.,active,,,875.00,bse_isin:active+bhavcopy
INE207I01016,Avon Weighing Systems Ltd.,delisted,,,,bse_isin:delisted
INE878I01022,Bafna Pharmaceuticals Ltd.,active,,,145.00,bse_isin:active+bhavcopy
INE368I01016,Niraj Cement Structurals Ltd.,active,,,40.89,bse_isin:active+bhavcopy
INE450H01014,Anu's Laboratories Ltd.,delisted,,,,bse_code:delisted
INE020J01029,Gokul Refoils & Solvent Ltd.,active,,,38.05,bse_isin:active+bhavcopy
INE778I01024,Aishwarya Telecom Ltd.,active,,,11.57,bse_isin:active+bhavcopy
INE415I01015,Kiri Dyes & Chemicals Ltd.,active,,,617.00,bse_isin:active+bhavcopy
INE615H01020,Titagarh Wagons Ltd.,active,,,882.90,bse_isin:active+bhavcopy
INE686I01011,Sita Shree Food Products Ltd.,delisted,,,,bse_isin:delisted
INE181G01025,Gammon Infrastructure Projects Ltd.,suspended,2023-10-03,,0.7,bse_isin:suspended+bhavcopy+date_from_bhavcopy
INE020B01018,Rural Electrification Corp.Ltd.,active,,,351.60,bse_isin:active+bhavcopy
INE951I01027,V-Guard Industries Ltd.,active,,,329.95,bse_isin:active+bhavcopy
INE871H01011,GSS America Infotech Ltd.,active,,,15.26,bse_isin:active+bhavcopy
INE474I01012,Tulsi Extrusions Ltd.,suspended,,,,bse_isin:suspended
INE435H01015,Manjushree Extrusions Ltd. FPO,delisted,,,,bse_isin:delisted
INE821I01022,IRB Infrastructure Developers Ltd.,active,,,42.19,bse_isin:active+bhavcopy
INE964H01014,Shriram EPC Ltd.,active,,,10.05,bse_isin:active+bhavcopy
INE863I01016,Bang Overseas Ltd.,active,,,48.39,bse_isin:active+bhavcopy
INE634I01029,KNR Constructions Ltd.,active,,,166.55,bse_isin:active+bhavcopy
INE809I01019,OnMobile Global Ltd.,active,,,56.89,bse_isin:active+bhavcopy
INE792I01017,Cords Cable Industries Ltd.,active,,,185.89,bse_isin:active+bhavcopy
INE576I01022,J.Kumar Infraprojects Ltd.,active,,,575.00,bse_isin:active+bhavcopy
INE614G01033,Reliance Power Ltd.,active,,,34.00,bse_isin:active+bhavcopy
INE688I01017,Future Capital Holdings Ltd.,delisted,,,,bse_isin:delisted
INE950I01011,D B Corp Ltd.,active,,,260.60,bse_isin:active+bhavcopy
INE484J01027,Godrej Properties Ltd.,active,,,1978.50,bse_isin:active+bhavcopy
INE121E01018,JSW Energy Ltd.,active,,,470.05,bse_isin:active+bhavcopy
INE912H01013,MBL Infrastructures Ltd.,active,,,33.00,bse_isin:active+bhavcopy
INE008I01026,Cox & Kings (India) Ltd.,delisted,,,,bse_isin:delisted
INE563J01010,Astec LifeSciences Ltd.,active,,,712.00,bse_isin:active+bhavcopy
INE947J01015,Den Networks Ltd.,active,,,31.01,bse_isin:active+bhavcopy
INE399K01017,Indiabulls Power Ltd.,active,,,9.24,bse_isin:active+bhavcopy
INE201K01015,Thinksoft Global Services Ltd.,active,,,955.30,bse_isin:active+bhavcopy
INE063J01011,Euro Multivision Ltd.,suspended,,,,bse_isin:suspended
INE542F01020,Pipavav Shipyard Ltd.,active,,,1388.00,bse_isin:active+bhavcopy
INE274J01014,Oil India Ltd.,active,,,412.10,bse_isin:active+bhavcopy
INE615I01010,Globus Spirits Ltd.,active,,,987.00,bse_isin:active+bhavcopy
INE904J01016,Jindal Cotex Ltd.,delisted,,,,bse_isin:delisted
INE848E01016,NHPC Ltd.,active,,,78.48,bse_isin:active+bhavcopy
INE814H01029,Adani Power Ltd.,active,,,144.55,bse_isin:active+bhavcopy
INE294G01026,Raj Oil Mills Ltd.,active,,,51.00,bse_isin:active+bhavcopy
INE688J01023,Excel Infoways Ltd.,active,,,1.41,bse_isin:active+bhavcopy
INE998I01010,Mahindra Holidays & Resorts India Ltd.,active,,,306.90,bse_isin:active+bhavcopy
INE685F01019,Rishabhdev Technocable Ltd. FPO,delisted,,,,bse_isin:delisted
INE889J01019,Edserv Softsystems Ltd.,delisted,2018-07-02,Delisting - Liquidation,,bse_isin:delisted+nse_csv
INE378J01013,C.Mahendra Exports Ltd.,delisted,2018-08-08,Compulsory Delisting,,bse_isin:delisted+nse_csv
INE268L01046,Shekhawati Poly-Yarn Ltd.,active,,,19.70,bse_isin:active+bhavcopy
INE608A01012,Punjab & Sind Bank,active,,,27.25,bse_isin:active+bhavcopy
INE619I01012,A2Z Maintenance & Engineering Services Ltd.,active,,,16.87,bse_isin:active+bhavcopy
INE722J01012,Ravikumar Distilleries Ltd.,active,,,23.79,bse_isin:active+bhavcopy
INE109A01011,"Shipping Corp.of India Ltd.,The FPO",active,,,228.40,bse_isin:active+bhavcopy
INE490G01020,MOIL Ltd.,active,,,361.00,bse_isin:active+bhavcopy
INE562G01018,Claris Lifesciences Ltd.,delisted,,,,bse_isin:delisted
INE324L01013,RPP Infra Projects Ltd.,active,,,99.74,bse_isin:active+bhavcopy
INE024L01027,Gravita India Ltd.,active,,,1865.50,bse_isin:active+bhavcopy
INE522F01014,Coal India Ltd.,active,,,398.40,bse_isin:active+bhavcopy
INE482J01021,Gyscoal Alloys Ltd.,active,,,5.00,bse_isin:active+bhavcopy
INE811K01011,Prestige Estates Projects Ltd.,active,,,1581.40,bse_isin:active+bhavcopy
INE043K01029,BS Transcomm Ltd.,delisted,,,,bse_isin:delisted
INE093I01010,Oberoi Realty Ltd.,active,,,1640.00,bse_isin:active+bhavcopy
INE209L01016,Commercial Engineers & Body Builders Co.Ltd.,active,,,332.00,bse_isin:active+bhavcopy
INE844K01012,Bedmutha Industries Ltd.,active,,,112.00,bse_isin:active+bhavcopy
INE351L01016,Sea TV Network Ltd.,active,,,4.36,bse_isin:active+bhavcopy
INE442H01029,Ashoka Buildcon Ltd.,active,,,166.80,bse_isin:active+bhavcopy
INE904H01010,Tecpro Systems Ltd.,delisted,2018-08-08,Compulsory Delisting,,bse_isin:delisted+nse_csv
INE068L01024,Cantabil Retail India Ltd.,active,,,264.70,bse_isin:active+bhavcopy
INE956G01038,VA Tech Wabag Ltd.,active,,,1290.00,bse_isin:active+bhavcopy
INE528K01029,Gallantt Ispat Ltd.,delisted,,,,bse_isin:delisted
INE481K01013,Electrosteel Steels Ltd.,delisted,,,,bse_code:delisted
INE999K01014,Orient Green Power Co.Ltd.,active,,,11.34,bse_isin:active+bhavcopy
INE874I01013,Ramky Infrastructure Ltd.,active,,,568.85,bse_isin:active+bhavcopy
INE019J01013,Microsec Financial Services Ltd.,active,,,303.10,bse_isin:active+bhavcopy
INE416L01017,Eros International Media Ltd.,suspended,2025-06-23,,7.09,bse_isin:suspended+bhavcopy+date_from_bhavcopy
INE521J01018,Career Point Infosystems Ltd.,active,,,111.90,bse_isin:active+bhavcopy
INE493K01018,Tirupati Inks Ltd. FPO,delisted,,,,bse_isin:delisted
INE866K01023,Indosolar Ltd.,active,,,537.00,bse_isin:active+bhavcopy
INE517F01014,Gujarat Pipavav Port Ltd.,active,,,182.00,bse_isin:active+bhavcopy
INE696K01024,Prakash Steelage Ltd.,active,,,5.66,bse_isin:active+bhavcopy
INE933K01021,Bajaj Corp Ltd.,active,,,257.00,bse_isin:active+bhavcopy
INE180K01011,SKS Microfinance Ltd.,delisted,,,,bse_isin:delisted
INE510A01028,Engineers India Ltd. FPO,active,,,200.45,bse_isin:active+bhavcopy
INE091K01010,Midfield Industries Ltd.,delisted,,,,bse_isin:delisted
INE871K01015,Hindustan Media Ventures Ltd.,active,,,69.95,bse_isin:active+bhavcopy
INE509K01011,Technofab Engineering Ltd.,suspended,,,,bse_isin:suspended
INE900K01012,Aster Silicates Ltd.,delisted,2018-05-30,Compulsory Delisting,,bse_isin:delisted+nse_csv
INE618H01016,Parabolic Drugs Ltd.,delisted,,,,bse_isin:delisted
INE028L21018,Standard Chartered PLC IDRS,delisted,,,,bse_isin:delisted
INE099J01015,Jaypee Infratech Ltd.,delisted,,,,bse_isin:delisted
INE002L01015,SJVN Ltd.,active,,,73.29,bse_isin:active+bhavcopy
INE087J01028,Mandhana Industries Ltd.,suspended,,,,bse_isin:suspended
INE747K01017,Tarapur Transformers Ltd.,active,,,27.50,bse_isin:active+bhavcopy
INE639K01016,Nitesh Estates Ltd.,active,2019-11-07,Voluntary Delisting,4.00,bse_isin:active+nse_csv+bhavcopy
INE502K01016,Talwalkars Better value Fitness Ltd.,suspended,,,,bse_isin:suspended
INE516K01024,Goenka Diamond & Jewels Ltd.,suspended,2025-12-12,,0.87,bse_isin:suspended+bhavcopy+date_from_bhavcopy
INE566K01011,Intrasoft Technologies Ltd.,active,,,91.71,bse_isin:active+bhavcopy
INE553K01019,Shree Ganesh Jewellery House Ltd.,delisted,2018-08-08,Compulsory Delisting,,bse_isin:delisted+nse_csv
INE262H01021,Persistent Systems Ltd.,active,,,6205.00,bse_isin:active+bhavcopy
INE495J01015,Pradip Overseas Ltd.,delisted,,,,bse_isin:delisted
INE975G01012,IL&FS Transportation Networks Ltd.,active,,,2.79,bse_isin:active+bhavcopy
INE584A01023,NMDC Ltd. FPO,active,,,84.00,bse_isin:active+bhavcopy
INE656K01010,DQ Entertainment (International) Ltd.,suspended,,,,bse_isin:suspended
INE695A01019,United Bank of India,delisted,,,,bse_isin:delisted
INE949H01023,Man Infraconstruction Ltd.,active,,,126.00,bse_isin:active+bhavcopy
INE141K01013,Texmo Pipes & Products Ltd.,active,,,48.86,bse_isin:active+bhavcopy
INE982F01036,Hathway Cable & Datacom Ltd.,active,,,12.35,bse_isin:active+bhavcopy
INE267I01010,ARSS Infrastructure Projects Ltd.,suspended,2025-09-03,,54.27,bse_isin:suspended+bhavcopy+date_from_bhavcopy
INE733E01010,NTPC Ltd. FPO,active,,,324.75,bse_isin:active+bhavcopy
INE753K01015,Emmbi Polyarns Ltd.,active,,,97.66,bse_isin:active+bhavcopy
INE879I01012,D B Realty Ltd.,active,,,117.38,bse_isin:active+bhavcopy
INE893I01013,Vascon Engineers Ltd.,active,,,44.99,bse_isin:active+bhavcopy
INE602K01014,Syncom Healthcare Ltd.,delisted,,,,bse_isin:delisted
INE085J01014,Thangamayil Jewellery Ltd.,active,,,3225.00,bse_isin:active+bhavcopy
INE544K01018,Aqua Logistics Ltd.,delisted,2018-07-02,Delisting - Liquidation,,bse_code:delisted+nse_csv
INE797F01020,Jubilant Foodworks Ltd.,active,,,562.00,bse_isin:active+bhavcopy
INE814E01018,Birla Shloka Edutech Ltd. FPO,delisted,,,,bse_isin:delisted
INE486J01014,Infinite Computer Solutions India Ltd.,delisted,2018-12-21,Voluntary Delisting,,bse_isin:delisted+nse_csv
INE337M01021,Indo Thai Securities Ltd.,active,,,306.05,bse_isin:active+bhavcopy
INE060J01017,Flexituff International Ltd.,active,,,13.00,bse_isin:active+bhavcopy
INE889I01011,Taksheel Solutions Ltd.,delisted,2017-05-12,Compulsory Delisting,,bse_isin:delisted+nse_csv
INE899L01030,M & B Switchgears Ltd.,active,,,135.19,bse_isin:active+bhavcopy
INE912L01015,Onelife Capital Advisors Ltd.,active,,,16.80,bse_isin:active+bhavcopy
INE440L01017,Tijaria Polypipes Ltd.,active,,,4.90,bse_isin:active+bhavcopy
INE123M01017,RDB Rasayans Ltd.,active,,,167.75,bse_isin:active+bhavcopy
INE023M01027,Prakash Constrowell Ltd.,suspended,,,0.47,bse_isin:suspended+bhavcopy
INE457L01029,PG Electroplast Ltd.,active,,,560.15,bse_isin:active+bhavcopy
INE419M01027,TD Power Systems Ltd.,active,,,705.00,bse_isin:active+bhavcopy
INE219H01039,SRS Ltd.,delisted,,,,bse_isin:delisted
INE650L01011,Brooks Laboratories Ltd.,active,,,70.70,bse_isin:active+bhavcopy
INE040M01013,Tree House Education & Accessories Ltd.,active,,,7.85,bse_isin:active+bhavcopy
INE498L01015,L&T Finance Holdings Ltd.,active,,,304.40,bse_isin:active+bhavcopy
INE878H01024,Inventure Growth & Securities Ltd.,active,,,1.15,bse_isin:active+bhavcopy
INE224M01013,Bharatiya Global Infomedia Ltd.,suspended,2025-12-29,,3.50,bse_isin:suspended+bhavcopy+date_from_bhavcopy
INE524L01026,Readymade Steel India Ltd.,active,,,4.42,bse_isin:active+bhavcopy
INE573K01025,Rushil Decor Ltd.,active,,,22.14,bse_isin:active+bhavcopy
INE341L01017,Birla Pacific Medspa Ltd.,delisted,,,,bse_isin:delisted
INE932K01015,VMS Industries Ltd.,active,,,32.01,bse_isin:active+bhavcopy
INE346L01016,Timbor Home Ltd.,delisted,2018-07-02,Delisting - Liquidation,,bse_isin:delisted+nse_csv
INE928K01013,Aanjaneya Lifecare Ltd.,delisted,,,,bse_isin:delisted
INE263L01013,Sanghvi Forging & Engineering Ltd.,delisted,,,,bse_isin:delisted
INE590L01019,Vaswani Industries Ltd.,active,,,64.00,bse_isin:active+bhavcopy
INE431L01016,Servalakshmi Paper Ltd.,delisted,2019-10-17,Delisting - Liquidation,,bse_isin:delisted+nse_csv
INE549I01011,Innoventive Industries Ltd.,delisted,2018-07-02,Delisting - Liquidation,,bse_isin:delisted+nse_csv
INE220J01025,Future Ventures India Ltd.,suspended,2025-12-29,,0.43,bse_isin:suspended+bhavcopy+date_from_bhavcopy
INE702L01010,Paramount Printpackaging Ltd.,delisted,2018-07-02,Delisting - Liquidation,,bse_isin:delisted+nse_csv
INE414G01012,Muthoot Finance Ltd.,active,,,3799.10,bse_isin:active+bhavcopy
INE510K01019,Shilpi Cable Technologies Ltd.,delisted,2020-03-02,Delisting - Liquidation,,bse_isin:delisted+nse_csv
INE560K01014,PTC India Financial Services Ltd.,active,,,33.16,bse_isin:active+bhavcopy
INE597L01014,Lovable Lingerie Ltd.,active,,,83.40,bse_isin:active+bhavcopy
INE045J01034,Fineotex Chemical Ltd.,active,,,24.68,bse_isin:active+bhavcopy
INE055L01013,Acropetal Technologies Ltd.,delisted,2018-08-08,Compulsory Delisting,,bse_isin:delisted+nse_csv
INE384L01017,Sudar Garments Ltd.,delisted,2018-09-11,Compulsory Delisting,,bse_isin:delisted+nse_csv
INE474L01016,Omkar Speciality Chemicals Ltd.,suspended,,,5.96,bse_isin:suspended+bhavcopy
INE081A01020,Tata Steel Ltd. FPO,active,,,180.00,bse_isin:active+bhavcopy
INE422B01016,Midvalley Entertainment Ltd.,delisted,,,,bse_isin:delisted
INE121J01017,Bharti Infratel Ltd.,active,,,422.90,bse_isin:active+bhavcopy
INE785M01021,PC Jeweller Ltd.,active,,,9.19,bse_isin:active+bhavcopy
INE752H01013,Credit Analysis & Research Ltd.,active,,,1586.00,bse_isin:active+bhavcopy
INE799L01016,Tara Jewels Ltd.,delisted,,,,bse_isin:delisted
INE213M01024,VKS Projects Ltd.,delisted,2018-09-11,Compulsory Delisting,,bse_isin:delisted+nse_csv
INE247M01014,Speciality Restaurants Ltd.,active,,,109.00,bse_isin:active+bhavcopy
INE760L01018,Tribhovandas Bhimji Zaveri Ltd.,active,,,162.77,bse_isin:active+bhavcopy
INE472M01018,MT Educare Ltd.,active,,,1.75,bse_isin:active+bhavcopy
INE095N01031,National Buildings Construction Corp.Ltd.,active,,,122.20,bse_isin:active+bhavcopy
INE550L01013,Olympic Cards Ltd.,active,,,2.99,bse_isin:active+bhavcopy
INE745G01043,Multi Commodity Exchange of India Ltd.,active,,,11050.00,bse_isin:active+bhavcopy
INE599M01018,Just Dial Ltd.,active,,,716.60,bse_isin:active+bhavcopy
INE612J01015,Repco Home Finance Ltd.,active,,,412.00,bse_isin:active+bhavcopy
INE665J01013,V-Mart Retail Ltd.,active,,,710.35,bse_isin:active+bhavcopy
INE950M01013,Monte Carlo Fashions Ltd.,active,,,665.00,bse_isin:active+bhavcopy
INE363M01019,Shemaroo Entertainment Ltd.,active,,,109.30,bse_isin:active+bhavcopy
INE221J01015,Sharda Cropchem Ltd.,active,,,835.00,bse_isin:active+bhavcopy
INE734N01019,Snowman Logistics Ltd.,active,,,39.25,bse_isin:active+bhavcopy
INE066O01014,Wonderla Holidays Ltd.,active,,,517.20,bse_isin:active+bhavcopy
INE410P01011,Narayana Hrudayalaya Ltd.,active,,,1839.70,bse_isin:active+bhavcopy
INE540L01014,Alkem Laboratories Ltd.,active,,,5450.00,bse_isin:active+bhavcopy
INE600L01024,Dr.Lal PathLabs Ltd.,active,,,1458.00,bse_isin:active+bhavcopy
INE500L01026,S H Kelkar & Co.Ltd.,active,,,175.55,bse_isin:active+bhavcopy
INE646L01027,InterGlobe Aviation Ltd.,active,,,5000.00,bse_isin:active+bhavcopy
INE335K01011,Coffee Day Enterprises Ltd.,active,,,37.74,bse_isin:active+bhavcopy
INE764L01010,Sadbhav Infrastructure Project Ltd.,active,,,3.70,bse_isin:active+bhavcopy
INE302M01033,Prabhat Dairy Ltd.,delisted,,,,bse_isin:delisted
INE712K01011,Shree Pushkar Chemicals & Fertilisers Ltd.,active,,,374.40,bse_isin:active+bhavcopy
INE455O01019,Pennar Engineered Building Systems Ltd.,delisted,,,,bse_isin:delisted
INE278M01019,Navkar Corp.Ltd.,active,,,98.60,bse_isin:active+bhavcopy
INE211R01019,Power Mech Projects Ltd.,active,,,2271.60,bse_isin:active+bhavcopy
INE398R01022,Syngene International Ltd.,active,,,645.00,bse_isin:active+bhavcopy
INE122R01018,Manpasand Beverages Ltd.,delisted,,,,bse_isin:delisted
INE195J01029,PNC Infratech Ltd.,active,,,246.20,bse_isin:active+bhavcopy
INE527H01019,UFO Moviez India Ltd.,active,,,82.30,bse_isin:active+bhavcopy
INE776I01010,MEP Infrastructure Developers Ltd.,active,,,1.90,bse_isin:active+bhavcopy
INE366I01010,VRL Logistics Ltd.,active,,,267.50,bse_isin:active+bhavcopy
INE066P01011,Inox Wind Ltd.,active,,,122.09,bse_isin:active+bhavcopy
INE172N01012,Adlabs Entertainment Ltd.,active,,,44.81,bse_isin:active+bhavcopy
INE849L01019,Ortel Communications Ltd.,active,,,1.54,bse_isin:active+bhavcopy
INE947Q01028,Laurus Labs Ltd.,active,,,1095.00,bse_isin:active+bhavcopy
INE916U01025,Sheela Foam Ltd.,active,,,575.00,bse_isin:active+bhavcopy
INE200M01039,Varun Beverages Ltd.,active,,,485.85,bse_isin:active+bhavcopy
INE572E01012,PNB Housing Finance Ltd.,active,,,945.15,bse_isin:active+bhavcopy
INE913H01037,Endurance Technologies Ltd.,active,,,2550.00,bse_isin:active+bhavcopy
INE495S01016,HPL Electric & Power Ltd.,active,,,403.00,bse_isin:active+bhavcopy
INE726G01019,ICICI Prudential Life Insurance Co.Ltd.,active,,,659.00,bse_isin:active+bhavcopy
INE934S01014,GNA Axles Ltd.,active,,,299.60,bse_isin:active+bhavcopy
INE010V01017,L&T Technology Services Ltd.,active,,,4438.50,bse_isin:active+bhavcopy
INE976G01028,RBL Bank Ltd.,active,,,310.00,bse_isin:active+bhavcopy
INE212I01016,S.P.Apparels Ltd.,active,,,700.00,bse_isin:active+bhavcopy
INE917M01012,Dilip Buildcon Ltd.,active,,,465.55,bse_isin:active+bhavcopy
INE837H01020,Advanced Enzyme Technologies Ltd.,active,,,299.90,bse_isin:active+bhavcopy
INE214T01019,Larsen & Toubro Infotech Ltd.,active,,,6052.00,bse_isin:active+bhavcopy
INE615P01015,Quess Corp Ltd.,active,,,210.85,bse_isin:active+bhavcopy
INE002S01010,Mahanagar Gas Ltd.,active,,,1116.00,bse_isin:active+bhavcopy
INE883N01014,Parag Milk Foods Ltd.,active,,,282.40,bse_isin:active+bhavcopy
INE334L01012,Ujjivan Financial Services Ltd.,delisted,2024-04-30,,573.20,bse_isin:delisted+bhavcopy+date_from_bhavcopy
INE594H01019,Thyrocare Technologies Ltd.,active,,,454.80,bse_isin:active+bhavcopy
INE988K01017,Equitas Holdings Ltd.,delisted,,,,bse_isin:delisted
INE483S01020,Infibeam Incorporation Ltd.,active,,,16.14,bse_isin:active+bhavcopy
INE316L01019,Bharat Wire Ropes Ltd.,active,,,180.56,bse_isin:active+bhavcopy
INE075I01017,Healthcare Global Enterprises Ltd.,active,,,663.00,bse_isin:active+bhavcopy
INE306L01010,Quick Heal Technologies Ltd.,active,,,259.80,bse_isin:active+bhavcopy
INE985S01024,TeamLease Services Ltd.,active,,,1561.50,bse_isin:active+bhavcopy
INE484I01029,Precision Camshafts Ltd.,active,,,168.70,bse_isin:active+bhavcopy
INE646X01014,Astron Paper & Board Mill Ltd.,active,,,6.21,bse_isin:active+bhavcopy
INE935Q01015,Future Supply Chain Solutions Ltd.,delisted,2025-10-17,,2.40,bse_isin:delisted+bhavcopy+date_from_bhavcopy
INE597J01018,Shalby Ltd.,active,,,196.55,bse_isin:active+bhavcopy
INE795G01014,HDFC Standard Life Insurance Co.Ltd.,active,,,747.85,bse_isin:active+bhavcopy
INE834I01025,Khadim India Ltd.,active,,,173.50,bse_isin:active+bhavcopy
INE470Y01017,"New India Assurance Co.Ltd.,The",active,,,155.00,bse_isin:active+bhavcopy
INE766P01016,Mahindra Logistics Ltd.,active,,,316.05,bse_isin:active+bhavcopy
INE298J01013,Reliance Nippon Life Asset Management Ltd.,active,,,865.85,bse_isin:active+bhavcopy
INE481Y01014,General Insurance Corp.of India,active,,,384.55,bse_isin:active+bhavcopy
INE022Q01020,Indian Energy Exchange Ltd.,active,,,132.20,bse_isin:active+bhavcopy
INE348L01012,MAS Financial Services Ltd.,active,,,315.95,bse_isin:active+bhavcopy
INE850D01014,Godrej Agrovet Ltd.,active,,,561.65,bse_isin:active+bhavcopy
INE393P01035,Prataap Snacks Ltd.,active,,,1185.00,bse_isin:active+bhavcopy
INE123W01016,SBI Life Insurance Co.Ltd.,active,,,2010.20,bse_isin:active+bhavcopy
INE765G01017,ICICI Lombard General Insurance Co.Ltd.,active,,,1957.00,bse_isin:active+bhavcopy
INE264T01014,Capacit'e Infraprojects Ltd.,active,,,257.80,bse_isin:active+bhavcopy
INE866R01028,Matrimony.com Ltd.,active,,,530.50,bse_isin:active+bhavcopy
INE727S01012,Bharat Road Network Ltd.,active,,,22.00,bse_isin:active+bhavcopy
INE935N01020,Dixon Technologies (India) Ltd.,active,,,11856.00,bse_isin:active+bhavcopy
INE346W01013,Apex Frozen Foods Ltd.,active,,,270.75,bse_isin:active+bhavcopy
INE704P01025,Cochin Shipyard Ltd.,active,,,1614.60,bse_isin:active+bhavcopy
INE285J01028,Security & Intelligence Services (India) Ltd.,active,,,331.70,bse_isin:active+bhavcopy
INE170V01027,Salasar Techno Engineering Ltd.,active,,,8.80,bse_isin:active+bhavcopy
INE949L01017,AU Small Finance Bank Ltd.,active,,,996.05,bse_isin:active+bhavcopy
INE869I01013,GTPL Hathway Ltd.,active,,,98.90,bse_isin:active+bhavcopy
INE736A01011,Central Depository Services (India) Ltd.,active,,,1436.00,bhavcopy+status_from_bhavcopy_recent
INE406M01024,Eris Lifesciences Ltd.,active,,,1505.00,bse_isin:active+bhavcopy
INE010J01012,Tejas Networks Ltd.,active,,,453.00,bse_isin:active+bhavcopy
INE488V01015,PSP Projects Ltd.,active,,,850.25,bse_isin:active+bhavcopy
INE219X23014,IndiGrid Infrastructure Trust InvIT,active,,,168.40,bhavcopy+status_from_bhavcopy_recent
INE031A01017,Housing & Urban Development Corp.Ltd.,active,,,225.10,bse_isin:active+bhavcopy
INE183W23014,IRB InvIT Fund InvIT,active,,,61.78,bhavcopy+status_from_bhavcopy_recent
INE807K01035,S.Chand & Co.Ltd.,active,,,153.69,bse_isin:active+bhavcopy
INE274V01019,Shankara Building Products Ltd.,active,,,100.00,bse_isin:active+bhavcopy
INE201M01029,CL Educate Ltd.,delisted,,,87.80,bse_isin:delisted+bhavcopy
INE192R01011,Avenue Supermarts Ltd.,active,,,3753.50,bse_isin:active+bhavcopy
INE919I01024,Music Broadcast Ltd.,active,,,6.66,bse_isin:active+bhavcopy
INE118H01025,BSE Ltd.,active,,,2595.00,bhavcopy+status_from_bhavcopy_recent
INE216P01012,Aavas Financiers Ltd.,active,,,1469.00,bse_isin:active+bhavcopy
INE382Z01011,Garden Reach Shipbuilders & Engineers Ltd.,active,,,2428.00,bse_isin:active+bhavcopy
INE962Y01021,IRCON International Ltd.,active,,,171.55,bse_isin:active+bhavcopy
INE741K01010,CreditAccess Grameen Ltd.,active,,,1244.30,bse_isin:active+bhavcopy
INE127D01025,HDFC Asset Management Co.Ltd.,active,,,2640.00,bse_isin:active+bhavcopy
INE778U01029,TCNS Clothing Co.Ltd.,delisted,2024-09-02,,579.65,bse_isin:delisted+bhavcopy+date_from_bhavcopy
INE665L01035,Varroc Engineering Ltd.,active,,,588.00,bse_isin:active+bhavcopy
INE320J01015,RITES Ltd.,active,,,241.90,bse_isin:active+bhavcopy
INE686Y01026,Fine Organic Industries Ltd.,active,,,4082.00,bse_isin:active+bhavcopy
INE896L01010,IndoStar Capital Finance Ltd.,active,,,223.00,bse_isin:active+bhavcopy
INE970X01018,Lemon Tree Hotels Ltd.,active,,,162.23,bse_isin:active+bhavcopy
INE763G01038,ICICI Securities Ltd.,delisted,2025-03-07,,802.20,bse_isin:delisted+bhavcopy+date_from_bhavcopy
INE099Z01011,Mishra Dhatu Nigam Ltd.,active,,,351.40,bse_isin:active+bhavcopy
INE278H01035,Sandhar Technologies Ltd.,active,,,547.55,bse_isin:active+bhavcopy
INE278R01034,Karda Constructions Ltd.,suspended,,,0.23,bse_isin:suspended+bhavcopy
INE066F01020,Hindustan Aeronautics Ltd.,active,,,4326.00,bse_isin:active+bhavcopy
INE545U01014,Bandhan Bank Ltd.,active,,,146.00,bse_isin:active+bhavcopy
INE171Z01026,Bharat Dynamics Ltd.,active,,,1457.50,bse_isin:active+bhavcopy
INE926X01010,H.G.Infra Engineering Ltd.,active,,,763.15,bse_isin:active+bhavcopy
INE914M01019,Aster DM Healthcare Ltd.,active,,,613.10,bse_isin:active+bhavcopy
INE600K01018,Galaxy Surfactants Ltd.,active,,,2034.00,bse_isin:active+bhavcopy
INE371P01015,Amber Enterprises India Ltd.,active,,,6299.00,bse_isin:active+bhavcopy
INE619B01017,Newgen Software Technologies Ltd.,active,,,832.00,bse_isin:active+bhavcopy
INE713T01028,Apollo Micro Systems Ltd.,active,,,260.60,bse_isin:active+bhavcopy
INE689W01016,Prince Pipes & Fittings Ltd.,active,,,248.70,bse_isin:active+bhavcopy
INE551W01018,Ujjivan Small Finance Bank Ltd.,active,,,51.91,bse_isin:active+bhavcopy
INE679A01013,CSB Bank Ltd.,active,,,446.00,bse_isin:active+bhavcopy
INE430N01022,Vishwaraj Sugar Industries Ltd.,active,,,6.92,bse_isin:active+bhavcopy
INE335Y01020,Indian Railway Catering & Tourism Corp.Ltd.,active,,,682.45,bse_isin:active+bhavcopy
INE00M201021,Sterling & Wilson Solar Ltd.,active,,,210.39,bse_isin:active+bhavcopy
INE572J01011,Spandana Sphoorty Financial Ltd.,active,,,265.00,bse_isin:active+bhavcopy
INE00WC01027,Affle (India) Ltd.,active,,,1785.60,bse_isin:active+bhavcopy
INE933S01016,IndiaMART InterMESH Ltd.,active,,,2221.00,bse_isin:active+bhavcopy
INE136S01016,Neogen Chemicals Ltd.,active,,,1174.20,bse_isin:active+bhavcopy
INE455K01017,Polycab India Ltd.,active,,,7498.00,bse_isin:active+bhavcopy
INE112L01020,Metropolis Healthcare Ltd.,active,,,1849.50,bse_isin:active+bhavcopy
INE415G01027,Rail Vikas Nigam Ltd.,active,,,360.50,bse_isin:active+bhavcopy
INE041025011,Embassy Office Parks REIT,active,,,424.99,bhavcopy+status_from_bhavcopy_recent
INE255X01014,MSTC Ltd.,active,,,516.55,bse_isin:active+bhavcopy
INE427F01016,Chalet Hotels Ltd.,active,,,864.00,bse_isin:active+bhavcopy
INE01P501012,Xelpmoc Design & Tech Ltd.,active,,,131.99,bse_isin:active+bhavcopy
INE178O01025,Eco Friendly Food Processing Park Ltd.,delisted,,,,bse_isin:delisted
INE918N01018,Veto Switchgears & Cables Ltd.,active,,,113.00,bse_isin:active+bhavcopy
INE830N01015,Bronze infra-tech Ltd.,delisted,2024-06-24,,1.32,bse_isin:delisted+bhavcopy+date_from_bhavcopy
INE892L01019,RCL Retail Ltd.,active,,,8.40,bse_isin:active+bhavcopy
INE636N01016,Anshu's Clothing Ltd.,delisted,,,,bse_isin:delisted
INE456N01019,Comfort Commotrade Ltd.,active,,,28.26,bse_isin:active+bhavcopy
INE121N01019,Thejo Engineering Ltd.,active,,,1750.20,bhavcopy+status_from_bhavcopy_recent
INE559N01010,SRG Housing Finance Ltd.,active,,,281.25,bse_isin:active+bhavcopy
INE131N01018,Jointeca Education Solutions Ltd.,active,,,4.73,bse_isin:active+bhavcopy
INE524N01014,Jupiter Infomedia Ltd.,active,,,48.53,bse_isin:active+bhavcopy
INE299N01021,Sangam Advisors Ltd.,active,,,950.00,bse_isin:active+bhavcopy
INE253N01010,Max Alert Systems Ltd.,suspended,2024-01-01,,3.26,bse_isin:suspended+bhavcopy+date_from_bhavcopy
INE204N01013,Monarch Health Services Ltd.,active,,,5.00,bse_isin:active+bhavcopy
INE883L01018,BCB Finance Ltd.,active,,,,bse_isin:active
INE442P01014,Suyog Telematics Ltd.,active,,,581.60,bse_isin:active+bhavcopy
INE140B01048,RCI Industries & Technologies Ltd.,suspended,,,,bse_isin:suspended
INE486P01011,Tentiwal Wire Products Ltd.,delisted,,,,bse_isin:delisted
INE536P01021,Captain Polyplast Ltd.,active,,,78.40,bse_isin:active+bhavcopy
INE325P01011,Stellar Capital Services Ltd.,active,,,6.00,bse_isin:active+bhavcopy
INE218P01018,Amrapali Capital & Finance Services Ltd.,active,,,,bse_isin:active
INE828O01033,MITCON Consultancy & Engineering Services Ltd.,active,,,68.69,bhavcopy+status_from_bhavcopy_recent
INE326P01019,S R G Securities Finance Ltd.,active,,,32.41,bse_isin:active+bhavcopy
INE962O01014,VCU Data Management Ltd.,active,,,5.69,bse_isin:active+bhavcopy
INE427O01018,Subh Tex (India) Ltd.,delisted,,,,bse_isin:delisted
INE596O01010,Newever Trade Wings Ltd.,delisted,,,,bse_isin:delisted
INE279P01036,Satkar Finlease Ltd.,delisted,,,,bse_isin:delisted
INE594O01015,R J Bio-Tech Ltd.,suspended,2024-01-30,,4.32,bse_isin:suspended+bhavcopy+date_from_bhavcopy
INE926O01019,Ace Tours Worldwide Ltd.,delisted,,,,bse_isin:delisted
INE906O01029,Tiger Logistics (India) Ltd.,active,,,34.50,bse_isin:active+bhavcopy
INE647N01021,Kushal Tradelink Ltd.,delisted,,,,bse_isin:delisted
INE211P01021,VKJ Infradevelopers Ltd.,suspended,2025-09-08,,0.30,bse_isin:suspended+bhavcopy+date_from_bhavcopy
INE890N01027,Silverpoint Infratech Ltd.,active,,,3.44,bse_isin:active+bhavcopy
INE168O01026,GCM Commodity & Derivatives Ltd.,active,,,0.78,bse_isin:active+bhavcopy
INE030P01017,Alacrity Securities Ltd.,active,,,56.50,bse_isin:active+bhavcopy
INE340O01021,Money Masters Leasing & Finance Ltd.,active,,,1.20,bse_isin:active+bhavcopy
INE899O01018,Edynamics Solutions Ltd.,delisted,2024-06-24,,2.80,bse_isin:delisted+bhavcopy+date_from_bhavcopy
INE474O01010,India Finsec Ltd.,active,,,180.00,bse_isin:active+bhavcopy
INE807O01011,Onesource Techmedia Ltd.,active,,,20.49,bse_isin:active+bhavcopy
INE428O01016,Ashapura Intimates Fashion Ltd.,suspended,,,,bse_isin:suspended
INE621O01016,Samruddhi Realty Ltd.,suspended,,,,bse_isin:suspended
INE520N01012,Opal Luxury Time Products Ltd.,unknown,,,,
INE191O01010,Lakhotia Polyesters (India) Ltd.,active,,,151.75,bse_isin:active+bhavcopy
INE583M01012,Bothra Metals & Alloys Ltd.,active,,,8.12,bse_isin:active+bhavcopy
INE507O01025,HPC Biosciences Ltd.,delisted,,,,bse_isin:delisted
INE437O01025,Channel Nine Entertainment Ltd.,delisted,2024-01-29,,10.41,bse_isin:delisted+bhavcopy+date_from_bhavcopy
INE149O01018,Kavita Fabrics Ltd.,active,,,1096.00,bse_isin:active+bhavcopy
INE338O01025,Sunstar Realty Development Ltd.,delisted,,,,bse_isin:delisted
INE209O01028,Esteem Bio Organic Food Processing Ltd.,delisted,,,,bse_isin:delisted
INE812P01018,Amsons Apparels Ltd.,delisted,,,,bse_isin:delisted
INE513R01026,Captain Pipes Ltd.,active,,,13.53,bse_isin:active+bhavcopy
INE891N01017,Anubhav Infrastructure Ltd.,active,,,13.75,bse_isin:active+bhavcopy
INE322R01022,Aanchal Ispat Ltd.,suspended,,,,bse_isin:suspended
INE155R01018,Jet Infraventure Ltd.,active,,,10.85,bse_isin:active+bhavcopy
INE401Q01018,JLA Infraville Shoppers Ltd.,active,,,6.40,bse_isin:active+bhavcopy
INE016Q01014,ADCC Infocad Ltd.,active,,,1483.00,bse_isin:active+bhavcopy
INE909P01012,Starlit Power Systems Ltd.,suspended,2024-12-02,,2.70,bse_isin:suspended+bhavcopy+date_from_bhavcopy
INE982Q01017,Powerhouse Fitness & Realty Ltd.,active,,,6.30,bse_isin:active+bhavcopy
INE260R01016,Dhabriya Polywood Ltd.,active,,,393.55,bse_isin:active+bhavcopy
INE761Q01015,Vibrant Global Capital Ltd.,active,,,41.23,bse_isin:active+bhavcopy
INE229R01011,Aryaman Capital Markets Ltd.,active,,,535.00,bse_isin:active+bhavcopy
INE133R01015,Momai Apparels Ltd.,unknown,,,,
INE011R01013,Atishay Infotech Ltd.,active,,,150.30,bse_isin:active+bhavcopy
INE010R01023,Ultracab (India) Ltd.,active,,,10.46,bse_isin:active+bhavcopy
INE552Q01018,Encash Entertainment Ltd.,suspended,,,,bse_isin:suspended
INE785O01019,Sirohia & Sons Ltd.,active,,,6.05,bse_isin:active+bhavcopy
INE898Q01015,Naysaa Securities Ltd.,active,,,521.00,bse_isin:active+bhavcopy
INE755Q01025,Vishal Fabrics Ltd.,active,,,29.00,bse_isin:active+bhavcopy
INE641Q01019,Carewell Industries Ltd.,active,,,15.01,bse_isin:active+bhavcopy
INE336Q01016,Bhanderi Infracon Ltd.,active,,,95.70,bse_isin:active+bhavcopy
INE319Q01012,Bansal Roofing Products Ltd.,active,,,112.05,bse_isin:active+bhavcopy
INE189Q01019,Oasis Tradelink Ltd.,suspended,,,,bse_isin:suspended
INE849M01017,Tarini International Ltd.,active,,,12.70,bse_isin:active+bhavcopy
INE296Q01012,Dhanuka Commercial Ltd.,active,,,63.00,bse_isin:active+bhavcopy
INE502O01018,SPS Finquest Ltd.,delisted,2024-12-03,,182.75,bse_isin:delisted+bhavcopy+date_from_bhavcopy
INE191P01017,GCM Capital Advisors Ltd.,active,,,5.42,bse_isin:active+bhavcopy
INE174Q01011,Women's Next Loungeries Ltd.,delisted,,,,bse_isin:delisted
INE012Q01039,R&B Denims Ltd.,active,,,129.71,bse_isin:active+bhavcopy
INE732P01018,Oceanaa Biotek Industries Ltd.,delisted,,,,bse_isin:delisted
INE009Q01019,Shri Krishna Prasadam Ltd.,suspended,,,,bse_isin:suspended
INE084Q01012,Anisha Impex Ltd.,active,,,143.89,bse_isin:active+bhavcopy
INE576P01019,Karnimata Cold Storage Ltd.,active,,,9.32,bse_isin:active+bhavcopy
INE905P01028,B.C.Power Controls Ltd.,active,,,1.94,bse_isin:active+bhavcopy
INE782L01012,Sanco Industries Ltd.,active,,,2.24,bhavcopy+status_from_bhavcopy_recent
INE920P01019,SI.VI.Shipping Corp.Ltd.,active,,,369.45,bse_isin:active+bhavcopy
INE210P01015,Unishire Urban Infra Ltd.,active,,,2.23,bse_isin:active+bhavcopy
INE826P01018,Polymac Thermoformers Ltd.,active,,,18.00,bse_isin:active+bhavcopy
INE567P01018,Agrimony Commodities Ltd.,delisted,,,,bse_isin:delisted
INE212P01011,Chemtech Industrial Valves Ltd.,active,,,112.10,bse_isin:active+bhavcopy
INE382T01014,Fourth Dimension Solutions Ltd.,unknown,,,,
INE742R01013,OFS Technologies Ltd.,delisted,,,,bse_isin:delisted
INE452S01025,Suncare Traders Ltd.,active,,,0.82,bse_isin:active+bhavcopy
INE364T01012,Navigant Corporate Advisors Ltd.,active,,,63.90,bse_isin:active+bhavcopy
INE925S01012,Perfect Infraengineers Ltd.,active,,,4.05,bhavcopy+status_from_bhavcopy_recent
INE030T01027,Tejnaksh Healthcare Ltd.,active,,,17.89,bse_isin:active+bhavcopy
INE473T01011,Patdiam Jewellery Ltd.,active,,,300.00,bse_isin:active+bhavcopy
INE800S01017,Cawasji Behramji Catering Services Ltd.,delisted,,,,bse_isin:delisted
INE256S01012,Vaksons Automobiles Ltd.,active,,,5.79,bse_isin:active+bhavcopy
INE344T01014,Bella Casa Fashion & Retail Ltd.,active,,,363.00,bse_isin:active+bhavcopy
INE060T01024,Vishal Bearings Ltd.,active,,,71.01,bse_isin:active+bhavcopy
INE136T01014,Ahimsa Industries Ltd.,unknown,,,24.35,bhavcopy
INE262S01010,Shaival Reality Ltd.,unknown,,,33.25,bhavcopy
INE094T01015,Sri Krishna Constructions (India) Ltd.,delisted,,,,bse_isin:delisted
INE212Q01019,P.B.Films Ltd.,active,,,,bse_isin:active
INE725P01012,H.K.Trade International Ltd.,active,,,294.00,bse_isin:active+bhavcopy
INE203T01012,Universal Autofoundry Ltd.,active,,,65.36,bse_isin:active+bhavcopy
INE365S01045,Oyeeee Media Ltd.,active,,,0.26,bse_isin:active+bhavcopy
INE829S01016,Mangalam Seeds Ltd.,active,,,157.35,bse_isin:active+bhavcopy
INE332S01011,Emkay Taps & Cutting Tools Ltd.,active,,,113.00,bhavcopy+status_from_bhavcopy_recent
INE484S01010,Pecos Hotels & Pubs Ltd.,active,,,380.15,bse_isin:active+bhavcopy
INE990S01016,Amrapali Fincap Ltd.,active,,,,bse_isin:active
INE876S01017,Loyal Equipments Ltd.,active,,,216.00,bse_isin:active+bhavcopy
INE480S01026,Gala Print City Ltd.,active,,,2.62,bse_isin:active+bhavcopy
INE196R01012,Majestic Research Services & Solutions Ltd.,suspended,,,,bse_isin:suspended
INE027T01023,M.D.Inducto Cast Ltd.,active,,,25.50,bse_isin:active+bhavcopy
INE023S01016,Jiya Eco-Products Ltd.,suspended,,,,bse_isin:suspended
INE451S01027,VMV Holidays Ltd.,active,,,1.51,bse_isin:active+bhavcopy
INE540S01019,Mishka Exim Ltd.,active,,,36.00,bse_isin:active+bhavcopy
INE653S01028,Junction Fabrics & Apparels Ltd.,active,,,1.49,bse_isin:active+bhavcopy
INE563S01011,Ambition Mica Ltd.,suspended,2024-06-24,,2.95,bse_isin:suspended+bhavcopy+date_from_bhavcopy
INE105R01013,Funny Software Ltd.,delisted,,,,bse_isin:delisted
INE118Q01018,O.P.Chains Ltd.,active,,,,bse_isin:active
INE904R01027,Yogya Enterprises Ltd.,active,,,5.14,bse_isin:active+bhavcopy
INE291R01011,Athena Constructions Ltd.,active,,,5.02,bse_isin:active+bhavcopy
INE541R01019,Filtra Consultants & Engineers Ltd.,active,,,73.98,bse_isin:active+bhavcopy
INE971P01012,Supreme (India) Impex Ltd.,unknown,,,13.50,bhavcopy
INE976R01033,AGI Infra Ltd.,active,,,257.00,bse_isin:active+bhavcopy
INE820R01017,SSPN Finance Ltd.,active,,,7.71,bse_isin:active+bhavcopy
INE369Q01017,Mahabir Metallex Ltd.,active,,,31.15,bse_isin:active+bhavcopy
INE526R01028,Akme Star Housing Finance Ltd.,active,,,17.77,bse_isin:active+bhavcopy
INE554R01020,Karnavati Finance Ltd.,active,,,1.69,bse_isin:active+bhavcopy
INE865P01016,Raghuvansh Agrofarms Ltd.,active,,,67.96,bse_isin:active+bhavcopy
INE263W01010,Maheshwari Logistics Ltd.,active,,,48.40,bhavcopy+status_from_bhavcopy_recent
INE994V01012,Prolife Industries Ltd.,active,,,73.25,bhavcopy+status_from_bhavcopy_recent
INE908V01012,Libas Designs Ltd.,active,,,11.18,bhavcopy+status_from_bhavcopy_recent
INE607V01028,Veeram Ornaments Ltd.,active,,,8.15,bse_isin:active+bhavcopy
INE679V01027,Aditya Vision Ltd.,active,,,486.45,bse_isin:active+bhavcopy
INE982V01025,Jet Freight Logistics Ltd.,active,,,16.15,bse_isin:active+bhavcopy
INE740V01019,Agro Phos India Ltd.,active,,,42.99,bhavcopy+status_from_bhavcopy_recent
INE947T01022,Globe International Carriers Ltd.,active,,,47.50,bhavcopy+status_from_bhavcopy_recent
INE738V01013,Art Nirman Ltd.,active,,,46.00,bhavcopy+status_from_bhavcopy_recent
INE448V01019,Aurangabad Distillery Ltd.,active,,,93.05,bhavcopy+status_from_bhavcopy_recent
INE697V01011,Pansari Developers Ltd.,active,,,301.95,bhavcopy+status_from_bhavcopy_recent
INE700V01021,Shashijit Infraprojects Ltd.,active,,,4.80,bse_isin:active+bhavcopy
INE564V01013,Bindal Exports Ltd.,active,,,,bse_isin:active
INE957U01011,Mewar Hi-Tech Engineering Ltd.,active,,,58.98,bse_isin:active+bhavcopy
INE373V01019,India Green Reality Ltd.,suspended,,,,bse_isin:suspended
INE704V01015,Dhanuka Realty Ltd.,active,,,20.90,bhavcopy+status_from_bhavcopy_recent
INE732S01012,Sakar Healthcare Ltd.,active,,,410.40,bhavcopy+status_from_bhavcopy_recent
INE985P01012,Gretex Industries Ltd.,active,,,186.00,bhavcopy+status_from_bhavcopy_recent
INE746V01016,DRA Consultants Ltd.,active,,,21.25,bse_isin:active+bhavcopy
INE942P01013,Diksat Transworld Ltd.,active,,,148.00,bse_isin:active+bhavcopy
INE427V01013,Aditya Consumer Marketing Ltd.,active,,,50.00,bse_isin:active+bhavcopy
INE565V01010,Valiant Organics Ltd.,active,,,274.30,bse_isin:active+bhavcopy
INE696V01013,Nandani Creation Ltd.,active,,,27.00,bhavcopy+status_from_bhavcopy_recent
INE564T01017,Jet Knitwears Ltd.,active,,,89.20,bhavcopy+status_from_bhavcopy_recent
INE522V01011,AVSL Industries Ltd.,active,,,126.00,bhavcopy+status_from_bhavcopy_recent
INE583V01021,Radhika Jeweltech Ltd.,active,,,75.79,bse_isin:active+bhavcopy
INE491V01019,Crown Lifters Ltd.,active,,,130.00,bhavcopy+status_from_bhavcopy_recent
INE336T01010,Husys Consulting Ltd.,unknown,,,,
INE367U01013,Riddhi Steel & Tube Ltd.,active,,,105.00,bse_isin:active+bhavcopy
INE592O01019,Spicy Entertainment & Media Ltd.,delisted,,,,bse_isin:delisted
INE715T01031,Narayani Steels Ltd.,active,,,6.77,bse_isin:active+bhavcopy
INE537U01037,Sprayking Agro Equipment Ltd.,active,,,2.36,bse_isin:active+bhavcopy
INE900L01010,Madhya Bharat Agro Products Ltd.,active,,,429.90,bhavcopy+status_from_bhavcopy_recent
INE317V01016,Mitsu Chem Plast Ltd.,active,,,99.90,bse_isin:active+bhavcopy
INE191V01015,Shiva Granito Export Ltd.,active,,,11.50,bse_isin:active+bhavcopy
INE171P01019,Prabhat Telecoms (India) Ltd.,suspended,2024-01-03,,92.00,bse_isin:suspended+bhavcopy+date_from_bhavcopy
INE552U01010,Kwality Pharmaceuticals Ltd.,active,,,846.00,bse_isin:active+bhavcopy
INE239T01016,KKV Agro Powers Ltd.,unknown,,,593.00,bhavcopy
INE120V01014,Titaanium Ten Enterprise Ltd.,active,,,102.86,bse_isin:active+bhavcopy
INE073V01015,Commercial Syn Bags Ltd.,active,,,142.00,bse_isin:active+bhavcopy
INE184U01012,Advance Syntex Ltd.,suspended,2025-10-13,,4.81,bse_isin:suspended+bhavcopy+date_from_bhavcopy
INE819S01025,Zeal Aqua Ltd.,active,,,9.85,bse_isin:active+bhavcopy
INE571U01010,Yash Chemex Ltd.,active,,,102.00,bse_isin:active+bhavcopy
INE440T01028,Shanti Educational Initiatives Ltd.,active,,,111.50,bse_isin:active+bhavcopy
INE368U01029,United Polyfab Gujarat Ltd.,active,,,23.21,bse_isin:active+bhavcopy
INE976T01013,Sagardeep Alloys Ltd.,active,,,28.27,bhavcopy+status_from_bhavcopy_recent
INE671T01028,Darshan Orna Ltd.,active,,,2.48,bse_isin:active+bhavcopy
INE411U01027,Bajaj Healthcare Ltd.,active,,,411.00,bse_isin:active+bhavcopy
INE009U01011,Ghushine Fintrrade Ocean Ltd.,active,,,,bse_isin:active
INE912T01018,Raghav Ramming Mass Ltd.,active,,,928.80,bse_isin:active+bhavcopy
INE410U01011,Sysco Industries Ltd.,delisted,,,,bse_isin:delisted
INE359U01028,Lancer Container Lines Ltd.,active,,,11.39,bse_isin:active+bhavcopy
INE812T01010,Ruby Cables Ltd.,suspended,,,,bse_isin:suspended
INE399S01010,Franklin Leasing & Finance Ltd.,active,,,12.00,bse_isin:active+bhavcopy
INE395U01014,Nintec Systems Ltd.,active,,,390.80,bse_isin:active+bhavcopy
INE043U01010,CHD Chemicals Ltd.,active,,,5.95,bse_isin:active+bhavcopy
INE173U01015,Umiya Tubes Ltd.,active,,,25.50,bse_isin:active+bhavcopy
INE030U01025,Khemani Distributors & Marketing Ltd.,active,,,125.65,bse_isin:active+bhavcopy
INE558R01013,HEC Infra Projects Ltd.,active,,,121.75,bhavcopy+status_from_bhavcopy_recent
INE658T01017,Wealth First Portfolio Managers Ltd.,active,,,942.95,bse_isin:active+bhavcopy
INE773T01014,Relicab Cable Manufacturing Ltd.,active,,,63.20,bse_isin:active+bhavcopy
INE106T01025,Hi-Tech Pipes Ltd.,active,,,90.45,bse_isin:active+bhavcopy
INE127T01021,K.P.Energy Ltd.,active,,,346.95,bse_isin:active+bhavcopy
INE622Q01019,Sylph Education Solutions Ltd.,active,,,1095.00,bse_isin:active+bhavcopy
INE564S01019,Vidli Restaurants Ltd.,active,,,61.51,bse_isin:active+bhavcopy
INE615T01017,Ganga Pharmaceuticals Ltd.,active,,,18.00,bse_isin:active+bhavcopy
INE562S01013,Blueblood Ventures Ltd.,suspended,,,,bse_isin:suspended
INE841Y01019,Jhandewalas Foods Ltd.,active,,,51.00,bse_isin:active+bhavcopy
INE819Y01015,Rithwik Facility Management Services Ltd.,active,,,162.75,bse_isin:active+bhavcopy
INE977Y01011,Brand Concepts Ltd.,active,,,353.85,bse_isin:active+bhavcopy
INE514Y01020,Moksh Ornaments Ltd.,active,,,14.47,bhavcopy+status_from_bhavcopy_recent
INE820Y01021,Ajooni Biotech Ltd.,active,,,4.28,bhavcopy+status_from_bhavcopy_recent
INE840Y01029,One Point One Solutions Ltd.,active,,,56.10,bse_isin:active+bhavcopy
INE702Y01013,SMVD Poly Pack Ltd.,active,,,8.10,bhavcopy+status_from_bhavcopy_recent
INE158R01012,Diggi Multitrade Ltd.,active,,,17.20,bse_isin:active+bhavcopy
INE457Y01014,Kids Medical Systems Ltd.,suspended,,,,bse_isin:suspended
INE486Y01013,Touchwood Entertainment Ltd.,active,,,103.21,bhavcopy+status_from_bhavcopy_recent
INE333Y01017,MRC Exim Ltd.,active,,,40.16,bse_isin:active+bhavcopy
INE600Y01019,Dynamic Cables Ltd.,active,,,335.00,bse_isin:active+bhavcopy
INE821Y01011,Ratnabhumi Developers Ltd.,active,,,215.00,bse_isin:active+bhavcopy
INE403Y01018,Innovana Thinklabs Ltd.,active,,,409.10,bse_isin:active+bhavcopy
INE520Y01019,ICE Make Refrigeration Ltd.,active,,,799.95,bhavcopy+status_from_bhavcopy_recent
INE715Y01031,Shradha Infraprojects (Nagpur) Ltd.,active,,,37.66,bhavcopy+status_from_bhavcopy_recent
INE901X01013,Felix Industries Ltd.,active,,,160.10,bhavcopy+status_from_bhavcopy_recent
INE761Y01019,Zodiac Energy Ltd.,active,,,293.85,bse_isin:active+bhavcopy
INE625X01026,Silver Touch Technologies Ltd.,active,,,1036.00,bse_isin:active+bhavcopy
INE669Y01022,Sharika Enterprises Ltd.,active,,,15.40,bse_isin:active+bhavcopy
INE335X01014,Pulz Electronics Ltd.,active,,,31.50,bhavcopy+status_from_bhavcopy_recent
INE188Y01031,Vertoz Advertising Ltd.,active,,,71.00,bhavcopy+status_from_bhavcopy_recent
INE204Y01010,Sanghvi Brands Ltd.,active,,,13.50,bse_isin:active+bhavcopy
INE635Y01015,ANI Integrated Services Ltd.,active,,,83.20,bhavcopy+status_from_bhavcopy_recent
INE195Y01010,SecUR Credentials Ltd.,suspended,2025-04-01,,1.70,bse_isin:suspended+bhavcopy+date_from_bhavcopy
INE501Y01019,Sheetal Cool Products Ltd.,active,,,314.00,bse_isin:active+bhavcopy
INE282Y01016,Kaarya Facilities & Services Ltd.,active,,,23.73,bse_isin:active+bhavcopy
INE266Y01019,D.P.Abhushan Ltd.,active,,,1412.50,bse_isin:active+bhavcopy
INE376Y01016,Milton Industries Ltd.,active,,,30.50,bhavcopy+status_from_bhavcopy_recent
INE930X01012,Siddharth Education Services Ltd.,delisted,,,,bse_isin:delisted
INE402Y01028,Shreeji Translogistics Ltd.,active,,,11.99,bse_isin:active+bhavcopy
INE319Y01016,Tirupati Forge Ltd.,unknown,,,,
INE351Y01019,Beta Drugs Ltd.,active,,,1612.90,bhavcopy+status_from_bhavcopy_recent
INE289S01013,CMM Infraprojects Ltd.,unknown,,,1.70,bhavcopy
INE864K01010,IRIS Business Services Ltd.,active,,,298.25,bse_isin:active+bhavcopy
INE414Y01015,Shree Ganesh Remedies Ltd.,active,,,503.30,bse_isin:active+bhavcopy
INE039O01029,Jash Engineering Ltd.,active,,,433.00,bse_isin:active+bhavcopy
INE375Y01018,Reliable Data Services Ltd.,active,,,140.00,bse_isin:active+bhavcopy
INE405Y01021,Goldstar Power Ltd.,active,,,6.85,bhavcopy+status_from_bhavcopy_recent
INE062Y01020,Mehai Technology Ltd.,active,,,7.83,bse_isin:active+bhavcopy
INE786W01010,RKEC Projects Ltd.,active,,,55.17,bhavcopy+status_from_bhavcopy_recent
INE695X01011,Vanta Bioscience Ltd.,active,,,26.00,bse_isin:active+bhavcopy
INE801L01010,Airo Lam Ltd.,active,,,103.99,bhavcopy+status_from_bhavcopy_recent
INE070Y01015,Innovative Tyres & Tubes Ltd.,unknown,,,16.67,bhavcopy
INE973X01012,Poojawestern Metaliks Ltd.,active,,,36.40,bse_isin:active+bhavcopy
INE238Y01018,Shree Tirupati Balajee FIBC Ltd.,active,,,680.00,bhavcopy+status_from_bhavcopy_recent
INE864X01013,D P Wires Ltd.,active,,,206.00,bse_isin:active+bhavcopy
INE071Y01013,Trident Texofab Ltd.,active,,,361.70,bse_isin:active+bhavcopy
INE932X01026,Share India Securities Ltd.,active,,,164.02,bse_isin:active+bhavcopy
INE754X01016,Aarvi Encon Ltd.,active,,,128.60,bhavcopy+status_from_bhavcopy_recent
INE090Y01013,Cadsys (India) Ltd.,active,,,48.95,bhavcopy+status_from_bhavcopy_recent
INE777X01017,AKM Lace & Embrotex Ltd.,active,,,1015.00,bse_isin:active+bhavcopy
INE219Y01026,R M Drip & Sprinklers Systems Ltd.,active,,,82.40,bse_isin:active+bhavcopy
INE105Y01019,Madhya Pradesh Today Media Ltd.,active,,,39.50,bhavcopy+status_from_bhavcopy_recent
INE196Y01018,Worth Peripherals Ltd.,active,,,141.27,bse_isin:active+bhavcopy
INE146Y01013,Sagar Diamonds Ltd.,delisted,2024-09-11,,25.10,bse_isin:delisted+bhavcopy+date_from_bhavcopy
INE672X01010,Sri Krishna Metcom Ltd.,unknown,,,,
INE104Y01012,Manav infra projects Ltd.,active,,,31.65,bhavcopy+status_from_bhavcopy_recent
INE555X01017,Nouritrans Exim Ltd.,delisted,,,,bse_isin:delisted
INE319X01018,A & M Febcon Ltd.,delisted,,,,bse_isin:delisted
INE109Y01011,Dhruv Wellness Ltd.,suspended,2024-12-02,,14.01,bse_isin:suspended+bhavcopy+date_from_bhavcopy
INE236W01016,ANG Lifesciences India Ltd.,active,,,31.60,bse_isin:active+bhavcopy
INE124Y01028,Pashupati Cotspin Ltd.,active,,,825.00,bse_isin:active+bhavcopy
INE145Y01023,Shish Industries Ltd.,active,,,8.99,bse_isin:active+bhavcopy
INE782X01033,Servotech Power Systems Ltd.,active,,,78.00,bhavcopy+status_from_bhavcopy_recent
INE669X01032,Geekay Wires Ltd.,active,,,32.20,bhavcopy+status_from_bhavcopy_recent
INE500X01013,Lexus Granito (India) Ltd.,active,,,26.35,bhavcopy+status_from_bhavcopy_recent
INE344X01016,Ashok Masala Mart Ltd.,active,,,46.66,bse_isin:active+bhavcopy
INE972X01022,Vaishali Pharma Ltd.,active,,,9.24,bhavcopy+status_from_bhavcopy_recent
INE082W01014,Surevin BPO Services Ltd.,active,,,45.08,bse_isin:active+bhavcopy
INE632W01016,Globalspace Technologies Ltd.,active,,,17.72,bse_isin:active+bhavcopy
INE336X01012,Total Transport Systems Ltd.,active,,,79.35,bhavcopy+status_from_bhavcopy_recent
INE586X01012,Keerti Knowledge & Skills Ltd.,active,,,24.50,bhavcopy+status_from_bhavcopy_recent
INE933X01016,Shanti Overseas (India) Ltd.,active,,,8.91,bhavcopy+status_from_bhavcopy_recent
INE931X01010,Captain Technocast Ltd.,active,,,190.00,bse_isin:active+bhavcopy
INE943X01015,Jigar Cables Ltd.,active,,,64.96,bse_isin:active+bhavcopy
INE562X01013,Univastu India Ltd.,active,,,69.63,bhavcopy+status_from_bhavcopy_recent
INE632X01030,Shrenik Ltd.,active,,,0.48,bhavcopy+status_from_bhavcopy_recent
INE413X01035,7NR Retail Ltd.,active,,,4.46,bse_isin:active+bhavcopy
INE694X01030,G G Engineering Ltd.,active,,,0.62,bse_isin:active+bhavcopy
INE668X01018,Bansal Multiflex Ltd.,unknown,,,,
INE792X01016,Transwind Infrastructures Ltd.,active,,,24.00,bhavcopy+status_from_bhavcopy_recent
INE543V01017,Ace Integrated Solutions Ltd.,active,,,23.08,bhavcopy+status_from_bhavcopy_recent
INE721X01015,Gautam Exim Ltd.,active,,,289.90,bse_code:active+bhavcopy
INE728W01012,Pushpanjali Realms & Infratech Ltd.,unknown,,,,
INE113X01015,Accord Synergy Ltd.,active,,,27.50,bhavcopy+status_from_bhavcopy_recent
INE581X01021,Globe Textiles (India) Ltd.,active,,,2.82,bhavcopy+status_from_bhavcopy_recent
INE325X01015,Riddhi Corporate Services Ltd.,active,,,72.65,bse_isin:active+bhavcopy
INE634W01012,Shri Ram Switchgears Ltd.,unknown,,,6.9,bhavcopy
INE551Q01028,Vadivarhe Speciality Chemicals Ltd.,active,,,17.65,bhavcopy+status_from_bhavcopy_recent
INE796W01019,Yug Decor Ltd.,active,,,26.00,bse_isin:active+bhavcopy
INE349X01015,Jalan Transolutions (India) Ltd.,active,,,3.40,bhavcopy+status_from_bhavcopy_recent
INE986W01016,Bhakti Gems & Jewellery Ltd.,active,,,20.71,bse_isin:active+bhavcopy
INE343X01026,Meera Industries Ltd.,active,,,,bse_isin:active
INE358U01012,Zota Health Care Ltd.,active,,,1525.20,bhavcopy+status_from_bhavcopy_recent
INE594W01042,Pure Giftcarat Ltd.,active,,,3.43,bse_isin:active+bhavcopy
INE977V01017,CKP Products Ltd.,unknown,,,,
INE344S01016,InfoBeans Technologies Ltd.,active,,,800.50,bse_isin:active+bhavcopy
INE870V01014,KMS Medisurgi Ltd.,active,,,,bse_isin:active
INE895W01019,Panache Digilife Ltd.,active,,,325.20,bhavcopy+status_from_bhavcopy_recent
INE112X01025,Sikko Industries Ltd.,active,,,5.22,bhavcopy+status_from_bhavcopy_recent
INE617I01024,ASL Industries Ltd.,active,,,111.70,bhavcopy+status_from_bhavcopy_recent
INE964W01021,M.K.Proteins Ltd.,active,,,5.91,bse_isin:active+bhavcopy
INE953W01016,Escorp Asset Management Ltd.,active,,,159.70,bse_isin:active+bhavcopy
INE060X01034,Dev Information Technology Ltd.,active,,,37.66,bse_isin:active+bhavcopy
INE593W01028,Focus Lighting & Fixtures Ltd.,active,,,72.99,bhavcopy+status_from_bhavcopy_recent
INE985W01018,Creative Peripherals & Distribution Ltd.,active,,,727.60,bse_isin:active+bhavcopy
INE802W01015,Bohra Industries Ltd.,unknown,,,,
INE792V01010,Relstruct Buildcon Ltd.,delisted,,,,bse_isin:delisted
INE546V01010,Euro India Fresh Foods Ltd.,active,,,269.85,bhavcopy+status_from_bhavcopy_recent
INE442V01012,Prime Customer Services Ltd.,active,,,285.05,bse_isin:active+bhavcopy
INE711V01010,Oceanic Foods Ltd.,active,,,63.89,bse_isin:active+bhavcopy
INE208U01019,Octaware Technologies Ltd.,active,,,25.54,bse_isin:active+bhavcopy
INE544W01021,Maximus International Ltd.,active,,,11.75,bse_isin:active+bhavcopy
INE800W01019,Manas Properties Ltd.,active,,,,bse_isin:active
INE801V01019,Laxmi Cotspin Ltd.,active,,,19.14,bhavcopy+status_from_bhavcopy_recent
INE784W01015,Manomay Tex India Ltd.,active,,,199.00,bse_isin:active+bhavcopy
INE298W01016,Chemcrux Enterprises Ltd.,active,,,109.50,bse_isin:active+bhavcopy
INE801W01017,Jash Dealmark Ltd.,delisted,,,,bse_isin:delisted
INE645W01026,Airan Ltd.,active,,,17.79,bse_isin:active+bhavcopy
INE017W01010,Sarthak Metals Ltd.,active,,,86.73,bse_isin:active+bhavcopy
INE714U01024,IFL Enterprises Ltd.,active,,,0.68,bse_isin:active+bhavcopy
INE753W01010,Sanginita Chemicals Ltd.,active,,,10.18,bhavcopy+status_from_bhavcopy_recent
INE737W01013,Akash Infra-Projects Ltd.,active,,,25.44,bhavcopy+status_from_bhavcopy_recent
INE655V01019,RMC Switchgears Ltd.,active,,,719.00,bse_isin:active+bhavcopy
INE439T01012,Nitiraj Engineers Ltd.,active,,,181.40,bhavcopy+status_from_bhavcopy_recent
INE978V01015,Tanvi Foods (India) Ltd.,active,,,82.90,bse_isin:active+bhavcopy
INE291W01037,Global Education Ltd.,active,,,89.14,bhavcopy+status_from_bhavcopy_recent
INE506W01012,Krishana Phoschem Ltd.,active,,,539.20,bhavcopy+status_from_bhavcopy_recent
INE395H01011,Steel City Securities Ltd.,active,,,91.01,bhavcopy+status_from_bhavcopy_recent
INE459U01018,Super Fine Knitters Ltd.,active,,,10.43,bse_isin:active+bhavcopy
INE02EZ01022,Axita Cotton Ltd.,active,,,13.41,bse_isin:active+bhavcopy
INE452W01019,Deccan Health Care Ltd.,active,,,15.00,bse_isin:active+bhavcopy
INE01NE01012,Shankar Lal Rampal Dye-Chem Ltd.,active,,,65.04,bse_isin:active+bhavcopy
INE02CV01017,DRS Dilip Roadlines Ltd.,active,,,61.75,bhavcopy+status_from_bhavcopy_recent
INE01GR01018,Diksha Greens Ltd.,active,,,1.96,bse_isin:active+bhavcopy
INE01Z401013,Shubhlaxmi Jewel Art Ltd.,active,,,37.50,bhavcopy+status_from_bhavcopy_recent
INE02AP01013,Roni Households Ltd.,active,,,63.38,bse_isin:active+bhavcopy
INE951Z01013,Shree Krishna Infrastructure Ltd.,active,,,18.75,bse_isin:active+bhavcopy
INE00F301010,Ultra Wiring Connectivity System Ltd.,active,,,114.00,bhavcopy+status_from_bhavcopy_recent
INE01GN01025,IRIS Clothings Ltd.,active,,,37.19,bhavcopy+status_from_bhavcopy_recent
INE00SW01015,BCPL Railway Infrastructure Ltd.,active,,,76.01,bse_isin:active+bhavcopy
INE00Q901014,S.M.Gold Ltd.,active,,,14.84,bse_isin:active+bhavcopy
INE647Z01025,Veeram Infra Engineering Ltd.,active,,,6.25,bse_isin:active+bhavcopy
INE01EE01011,B&B Triplewall Containers Ltd.,active,,,188.65,bse_isin:active+bhavcopy
INE642Z01026,AKI India Ltd.,active,,,6.72,bse_isin:active+bhavcopy
INE01J501010,Shubham Polyspin Ltd.,active,,,46.45,bse_isin:active+bhavcopy
INE01JE01028,Marine Electricals (India) Ltd.,active,,,211.95,bhavcopy+status_from_bhavcopy_recent
INE01KI01027,Vinny Overseas Ltd.,active,,,1.25,bse_isin:active+bhavcopy
INE206Z01020,Sun Retail Ltd.,active,,,0.44,bse_isin:active+bhavcopy
INE01II01013,Silgo Retail Ltd.,active,,,83.00,bhavcopy+status_from_bhavcopy_recent
INE666Y01010,Dolfin Rubbers Ltd.,active,,,181.00,bse_isin:active+bhavcopy
INE00Z501029,Kritika Wires Ltd.,active,,,7.50,bhavcopy+status_from_bhavcopy_recent
INE00U801010,Parin Furniture Ltd.,active,,,561.30,bhavcopy+status_from_bhavcopy_recent
INE911Z01025,A-1 Acid Ltd.,active,,,,bse_isin:active
INE00KV01022,Rajnandini Metal Ltd.,active,,,4.50,bhavcopy+status_from_bhavcopy_recent
INE492Y01011,Innovative Ideals & Services (India) Ltd.,active,,,16.67,bse_isin:active+bhavcopy
INE013801027,Kshitij Polyline Ltd.,active,,,2.61,bhavcopy+status_from_bhavcopy_recent
INE00VM01036,Manorama Industries Ltd.,active,,,1300.00,bse_isin:active+bhavcopy
INE004Z01011,Mac Hotels Ltd.,active,,,65.25,bse_isin:active+bhavcopy
INE01IU01018,Sky Gold Ltd.,active,,,332.85,bse_isin:active+bhavcopy
INE01EO01010,Spectrum Electrical Industries Ltd.,active,,,1219.00,bse_isin:active+bhavcopy
INE01A501027,Ranjeet Mechatronics Ltd.,active,,,8.60,bse_isin:active+bhavcopy
INE00PV01013,Ahlada Engineers Ltd.,active,,,47.80,bhavcopy+status_from_bhavcopy_recent
INE00Y801016,AKG Exim Ltd.,active,,,12.10,bhavcopy+status_from_bhavcopy_recent
INE760W01023,Rajshree Polypack Ltd.,active,,,18.95,bhavcopy+status_from_bhavcopy_recent
INE00QT01015,Synergy Green Industries Ltd.,active,,,469.00,bse_isin:active+bhavcopy
INE548Z01017,Lagnam Spintex Ltd.,active,,,73.50,bhavcopy+status_from_bhavcopy_recent
INE748Z01013,Sumit Woods Ltd.,active,,,62.50,bhavcopy+status_from_bhavcopy_recent
INE00SZ01018,Marshall Machines Ltd.,active,,,3.80,bhavcopy+status_from_bhavcopy_recent
INE319Z01021,Supreme Engineering Ltd.,active,,,1.22,bhavcopy+status_from_bhavcopy_recent
INE01B501018,Add-Shop Promotions Ltd.,active,,,8.60,bse_isin:active+bhavcopy
INE688Y01022,Dangee Dums Ltd.,active,,,3.60,bhavcopy+status_from_bhavcopy_recent
INE721Z01010,Aaron Industries Ltd.,active,,,171.85,bhavcopy+status_from_bhavcopy_recent
INE650Z01011,Powerful Technologies Ltd.,unknown,,,,
INE266S01011,Sungold Media & Entertainment Ltd.,active,,,11.55,bse_isin:active+bhavcopy
INE00IY01012,Deep Polymers Ltd.,active,,,46.99,bse_isin:active+bhavcopy
INE869Y01010,Saketh Exim Ltd.,active,,,609.30,bhavcopy+status_from_bhavcopy_recent
INE00NI01015,Ushanti Colour Chem Ltd.,active,,,41.25,bhavcopy+status_from_bhavcopy_recent
INE00SY01011,Supershakti Metaliks Ltd.,active,,,315.00,bse_isin:active+bhavcopy
INE00WY01013,Ganesh Films India Ltd.,active,,,13.00,bse_isin:active+bhavcopy
INE652Z01025,Avon Moldplast Ltd.,active,,,120.63,bse_isin:active+bhavcopy
INE00C501018,Ambani Organics Ltd.,active,,,105.00,bhavcopy+status_from_bhavcopy_recent
INE960Z01014,Raw Edge Industrial Solutions Ltd.,active,,,26.66,bse_isin:active+bhavcopy
INE364Z01019,Rudrabhishek Enterprises Ltd.,active,,,119.75,bhavcopy+status_from_bhavcopy_recent
INE00N401018,Jakharia Fabric Ltd.,unknown,,,173.50,bhavcopy
INE691Z01023,Ganga Forging Ltd.,active,,,3.73,bhavcopy+status_from_bhavcopy_recent
INE684Z01010,Bright Solar Ltd.,unknown,,,402.00,bhavcopy
INE685Z01033,Rajnish Wellness Ltd.,active,,,0.84,bse_isin:active+bhavcopy
INE648Z01023,Accuracy Shipping Ltd.,active,,,5.80,bse_isin:active+bhavcopy
INE974Z01015,Priti International Ltd.,active,,,58.80,bhavcopy+status_from_bhavcopy_recent
INE00IK01029,ShreeOswal Seeds & Chemicals Ltd.,active,,,18.55,bhavcopy+status_from_bhavcopy_recent
INE00LM01029,Sonam Clock Ltd.,active,,,42.09,bhavcopy+status_from_bhavcopy_recent
INE799N01012,Waa Solar Ltd.,active,,,67.00,bse_isin:active+bhavcopy
INE838Z01012,Palm Jewels Ltd.,active,,,21.66,bse_isin:active+bhavcopy
INE692Z01013,Affordable Robotic & Automation Ltd.,active,,,203.94,bse_isin:active+bhavcopy
INE411Y01011,Debock Sales & Marketing Ltd.,active,,,1.72,bhavcopy+status_from_bhavcopy_recent
INE236Y01012,Nakoda Group of Industries Ltd.,active,,,32.35,bse_isin:active+bhavcopy
INE262Z01023,Latteys Industries Ltd.,active,,,21.57,bhavcopy+status_from_bhavcopy_recent
INE997Z01016,Arihant Institute Ltd.,suspended,,,,bse_isin:suspended
INE00CE01017,Shree Vasu Logistics Ltd.,active,,,686.05,bhavcopy+status_from_bhavcopy_recent
INE591Q01016,Suumaya Lifestyle Ltd.,delisted,2025-12-29,,1.43,bse_isin:delisted+bhavcopy+date_from_bhavcopy
INE792Z01011,Sirca Paints India Ltd.,active,,,485.00,bse_isin:active+bhavcopy
INE870Z01015,Innovators Facade Systems Ltd.,active,,,203.00,bse_isin:active+bhavcopy
INE00EM01016,Megastar Foods Ltd.,active,,,228.84,bse_isin:active+bhavcopy
INE574Z01013,Five Core Electronics Ltd.,unknown,,,,
INE556Z01010,U.H.Zaveri Ltd.,active,,,14.94,bse_isin:active+bhavcopy
INE424Z01011,Milestone Furniture Ltd.,active,,,16.83,bse_isin:active+bhavcopy
INE255Z01019,E2E Networks Ltd.,active,,,1971.00,bhavcopy+status_from_bhavcopy_recent
INE250Z01010,Indo US Bio-Tech Ltd.,active,,,120.80,bse_isin:active+bhavcopy
INE256Z01025,Akshar Spintex Ltd.,active,,,0.51,bse_isin:active+bhavcopy
INE925Y01010,Godha Cabcon & Insulation Ltd.,unknown,,,0.57,bhavcopy
INE728Z01015,SoftTech Engineers Ltd.,active,,,313.35,bse_isin:active+bhavcopy
INE506Z01015,Dhruv Consultancy Services Ltd.,active,,,47.41,bse_isin:active+bhavcopy
INE871Z01013,Dr Lalchandani Labs Ltd.,active,,,21.37,bse_isin:active+bhavcopy
INE087Z01024,Aakash Exploration Services Ltd.,active,,,8.75,bhavcopy+status_from_bhavcopy_recent
INE961Y01015,Mahickra Chemicals Ltd.,active,,,153.95,bhavcopy+status_from_bhavcopy_recent
INE032Z01020,Bombay Super Hybrid Seeds Ltd.,active,,,105.00,bse_isin:active+bhavcopy
INE626Z01029,Garv Industries Ltd.,active,,,17.16,bse_isin:active+bhavcopy
INE557Z01018,Power & Instrumentation (Gujarat) Ltd.,active,,,124.00,bse_isin:active+bhavcopy
INE117Z01011,Narmada Agrobase Ltd.,active,,,20.70,bse_isin:active+bhavcopy
INE182Z01015,S.S.Infrastructure Development Consultants Ltd.,unknown,,,2.65,bhavcopy
INE511Y01018,MMP Industries Ltd.,active,,,252.00,bhavcopy+status_from_bhavcopy_recent
INE301Z01011,Soni Soya Products Ltd.,unknown,,,,
INE709Z01015,Vera Synthetic Ltd.,unknown,,,68.00,bhavcopy
INE680Z01018,AVG Logistics Ltd.,active,,,178.24,bse_isin:active+bhavcopy
INE175Y01012,Penta Gold Ltd.,unknown,,,4.7,bhavcopy
INE459Z01017,Taylormade Renewables Ltd.,active,,,183.20,bse_isin:active+bhavcopy
INE426Z01016,Orissa Bengal Carrier Ltd.,active,,,55.50,bse_isin:active+bhavcopy
INE542Z01028,Kapston Facilities Management Ltd.,active,,,298.90,bhavcopy+status_from_bhavcopy_recent
INE340Z01019,Continental Seeds & Chemicals Ltd.,active,,,21.15,bhavcopy+status_from_bhavcopy_recent
INE495Z01011,Benara Bearings & Pistons Ltd.,active,,,13.36,bse_isin:active+bhavcopy
INE616Z01012,Yasho Industries Ltd.,active,,,1452.00,bse_isin:active+bhavcopy
INE614Z01017,Giriraj Civil Developers Ltd.,active,,,272.75,bhavcopy+status_from_bhavcopy_recent
INE997Y01027,Mittal Life Style Ltd.,active,,,1.19,bhavcopy+status_from_bhavcopy_recent
INE568Z01015,Uravi T & Wedge Lamps Ltd.,active,,,187.34,bse_isin:active+bhavcopy
INE705X01026,Advitiya Trade India Ltd.,active,,,6.85,bse_isin:active+bhavcopy
INE314Z01014,Ridings Consulting Engineers India Ltd.,suspended,,,,bse_isin:suspended
INE555Z01020,Tara Chand Logistic Solutions Ltd.,active,,,75.00,bhavcopy+status_from_bhavcopy_recent
INE860Y01019,Lex Nimble Solutions Ltd.,active,,,67.00,bse_isin:active+bhavcopy
INE380Z01015,Active Clothing Co.Ltd.,active,,,108.05,bse_isin:active+bhavcopy
INE575Z01010,Marvel Decor Ltd.,active,,,71.00,bhavcopy+status_from_bhavcopy_recent
INE155Z01011,Macpower CNC Machines Ltd.,active,,,1009.20,bhavcopy+status_from_bhavcopy_recent
INE452Z01012,Shreeshay Engineers Ltd.,active,,,32.00,bse_isin:active+bhavcopy
INE464Z01017,Inflame Appliances Ltd.,active,,,255.00,bse_isin:active+bhavcopy
INE324X01026,Sarveshwar Foods Ltd.,active,,,4.29,bse_isin:active+bhavcopy
INE481Z01011,Uniinfo Telecom Services Ltd.,active,,,15.48,bhavcopy+status_from_bhavcopy_recent
INE482Z01019,East India Securities Ltd.,delisted,,,,bse_isin:delisted
INE642Y01029,Hindcon Chemicals Ltd.,active,,,27.20,bhavcopy+status_from_bhavcopy_recent
INE418Y01016,CKP Leisure Ltd.,unknown,,,,
INE339Z01011,Angel Fibers Ltd.,active,,,14.73,bse_isin:active+bhavcopy
INE006Z01016,Arvee Laboratories (India) Ltd.,active,,,213.52,bhavcopy+status_from_bhavcopy_recent
INE341Z01025,Bhatia Communications & Retail (India) Ltd.,active,,,28.98,bse_isin:active+bhavcopy
INE773Y01014,Tasty Dairy Specialities Ltd.,suspended,2025-10-17,,8.50,bse_isin:suspended+bhavcopy+date_from_bhavcopy
INE980Y01015,South West Pinnacle Exploration Ltd.,active,,,197.32,bse_isin:active+bhavcopy
INE862Y01015,Banka BioLoo Ltd.,active,,,65.60,bhavcopy+status_from_bhavcopy_recent
INE129Z01016,Sintercom India Ltd.,active,,,107.39,bhavcopy+status_from_bhavcopy_recent
INE450S01011,Mohini Health & Hygiene Ltd.,active,,,43.00,bhavcopy+status_from_bhavcopy_recent
INE923Y01023,Kenvi Jewels Ltd.,active,,,3.10,bse_isin:active+bhavcopy
INE740X01023,Lorenzini Apparels Ltd.,active,,,9.50,bse_isin:active+bhavcopy
INE180Z01019,Focus Suites Solutions & Services Ltd.,delisted,,,,bse_isin:delisted
INE749Y01014,A & M Jumbo Bags Ltd.,active,,,9.50,bhavcopy+status_from_bhavcopy_recent
INE630Y01024,Medico Remedies Ltd.,active,,,51.79,bse_isin:active+bhavcopy
INE578V01013,Gujarat Hy-Spin Ltd.,active,,,17.06,bse_isin:active+bhavcopy
INE063Z01017,Gautam Gems Ltd.,active,,,4.21,bse_isin:active+bhavcopy
INE068Z01016,Vasa Retail & Overseas Ltd.,unknown,,,5.00,bhavcopy
INE008Z01020,Shree Ram Proteins Ltd.,active,,,0.64,bhavcopy+status_from_bhavcopy_recent
INE760Y01011,Ashoka Metcast Ltd.,active,,,15.61,bse_isin:active+bhavcopy
INE880Y01017,Solex Energy Ltd.,active,,,1234.00,bhavcopy+status_from_bhavcopy_recent
INE422M01013,CRP Risk Management Ltd.,suspended,2025-04-02,,5.95,bse_isin:suspended+bhavcopy+date_from_bhavcopy
INE507Y01016,S K S Textiles Ltd.,unknown,,,12.95,bhavcopy
INE203Y01012,Silly Monks Entertainment Ltd.,active,,,20.25,bhavcopy+status_from_bhavcopy_recent
INE063601012,Gian Life Care Ltd.,active,,,13.67,bse_isin:active+bhavcopy
INE098201036,Vaxtex Cotfab Ltd.,active,,,2.00,bhavcopy+status_from_bhavcopy_recent
INE08RT01016,Valencia Nutrition Ltd.,active,,,76.70,bse_isin:active+bhavcopy
INE0A1101019,DC Infotech & Communication Ltd.,active,,,249.00,bse_isin:active+bhavcopy
INE08KD01015,Ascom Leasing & Investments Ltd.,active,,,126.00,bhavcopy+status_from_bhavcopy_recent
INE0APB01032,Mangalam Global Enterprise Ltd.,active,,,14.29,bse_isin:active+bhavcopy
INE490Z01012,Anuroop Packaging Ltd.,active,,,13.73,bse_isin:active+bhavcopy
INE06MH01016,Sona Hi Sona Jewellers (Gujarat) Ltd.,unknown,,,263.90,bhavcopy
INE492Z01018,Goblin India Ltd.,active,,,15.51,bse_isin:active+bhavcopy
INE06H201014,Gensol Engineering Ltd.,suspended,,,26.38,bse_isin:suspended+bhavcopy
INE906Y01028,Galactico Corporate Services Ltd.,active,,,2.22,bse_isin:active+bhavcopy
INE957W01025,Misquita Engineering Ltd.,active,,,106.10,bse_isin:active+bhavcopy
INE719F01016,Shiv Aum Steels Ltd.,active,,,327.80,bhavcopy+status_from_bhavcopy_recent
INE08JY01013,Novateor Research Laboratories Ltd.,active,,,26.00,bse_isin:active+bhavcopy
INE00Y701026,Salasar Exteriors & Contour Ltd.,active,,,4.10,bhavcopy+status_from_bhavcopy_recent
INE06YD01010,Transpact Enterprises Ltd.,active,,,236.10,bse_isin:active+bhavcopy
INE08E401029,Alphalogic Techsys Ltd.,active,,,75.36,bse_isin:active+bhavcopy
INE02WG01024,Wonder Fibromats Ltd.,active,,,148.29,bse_isin:active+bhavcopy
INE04ST01013,SK International Export Ltd.,active,,,28.70,bse_isin:active+bhavcopy
INE00YB01025,A B Infrabuild Ltd.,active,,,18.60,bse_isin:active+bhavcopy
INE056001014,City Pulse Multiplex Ltd.,active,,,2980.00,bse_isin:active+bhavcopy
INE04AK01028,SBC Exports Ltd.,active,,,28.26,bse_isin:active+bhavcopy
INE060601031,Earum Pharmaceuticals Ltd.,suspended,2025-10-17,,0.32,bse_isin:suspended+bhavcopy+date_from_bhavcopy
INE05MV01019,Parshva Enterprises Ltd.,active,,,275.00,bse_isin:active+bhavcopy
INE02GA01012,Anand Rayons Ltd.,active,,,430.50,bse_isin:active+bhavcopy
INE00CU01013,Suich Industries Ltd.,delisted,,,,bse_isin:delisted
INE04LG01015,Par Drugs & Chemicals Ltd.,active,,,99.36,bhavcopy+status_from_bhavcopy_recent
INE05BN01027,Cian Healthcare Ltd.,active,,,,bse_isin:active
INE06TD01010,Evans Electric Ltd.,active,,,156.50,bse_isin:active+bhavcopy
INE06CG01019,White Organic Retail Ltd.,suspended,2025-09-08,,7.30,bse_isin:suspended+bhavcopy+date_from_bhavcopy
INE757T01025,Artemis Electricals Ltd.,active,,,25.00,bse_isin:active+bhavcopy
INE05QJ01015,G.K.P.Printing & Packaging Ltd.,active,,,6.09,bse_isin:active+bhavcopy
INE06LG01010,V R Films & Studios Ltd.,active,,,16.06,bse_isin:active+bhavcopy
INE011201014,Jinaam's Dress Ltd.,delisted,,,,bse_isin:delisted
INE06IR01021,Osia Hyper Retail Ltd.,active,,,15.48,bhavcopy+status_from_bhavcopy_recent
INE00UG01014,KHFM Hospitality & Facility Management Services Ltd.,active,,,57.00,bhavcopy+status_from_bhavcopy_recent
INE01BL01012,Northern Spirits Ltd.,active,,,164.80,bse_isin:active+bhavcopy
INE03WT01017,Roopshri Resorts Ltd.,active,,,58.93,bse_isin:active+bhavcopy
INE00CO01016,Artedz Fabs Ltd.,unknown,,,,
INE02PC01027,Humming Bird Education Ltd.,active,,,32.51,bse_isin:active+bhavcopy
INE01C001026,Aartech Solonics Ltd.,active,,,48.33,bse_isin:active+bhavcopy
INE00CX01017,Mahip Industries Ltd.,active,,,6.22,bse_isin:active+bhavcopy
INE03CM01014,Gleam Fabmat Ltd.,active,,,2.71,bse_isin:active+bhavcopy
INE911T01010,Kranti Industries Ltd.,active,,,86.00,bse_isin:active+bhavcopy
INE00RQ01019,Mindpool Technologies Ltd.,unknown,,,68.55,bhavcopy
INE793Z01027,Jonjua Overseas Ltd.,active,,,8.00,bse_isin:active+bhavcopy
INE02AR01019,Anmol India Ltd.,active,,,13.81,bse_isin:active+bhavcopy
INE01EG01016,Ritco Logistics Ltd.,active,,,269.00,bse_isin:active+bhavcopy
INE01ZJ01015,Surani Steel Tubes Ltd.,active,,,60.30,bhavcopy+status_from_bhavcopy_recent
INE542W01025,K.P.I.Global Infrastructure Ltd.,active,,,474.15,bse_isin:active+bhavcopy
