isin,company_name,type,nse_symbol,bse_script_code,open_date,close_date,listing_date,issue_price,issue_amount_cr,pricing_method,listing_at,lead_manager,year,cohort,sub_qib_x,sub_nii_x,sub_retail_x,sub_total_x,sub_total_x_src,net_sales_yr1,net_sales_yr2,net_sales_yr3,operating_profit_yr1,operating_profit_yr2,operating_profit_yr3,pat_yr1,pat_yr2,pat_yr3,eps_yr1,eps_yr2,eps_yr3,borrowings_yr1,borrowings_yr2,borrowings_yr3,total_assets_yr1,total_assets_yr2,total_assets_yr3,operating_cf_yr1,operating_cf_yr2,operating_cf_yr3,shareholder_funds_yr1,shareholder_funds_yr2,shareholder_funds_yr3,pre_ipo_net_sales,pre_ipo_pat,pre_ipo_pat_margin_pct,pre_ipo_roe_pct,pre_ipo_debt_equity,pre_ipo_fin_year,pre_ipo_years_available,pat_yr3_src,market_maker,market_maker_src,fresh_issue_cr,fresh_issue_cr_src,ofs_cr,ofs_cr_src,ofs_pct,ofs_pct_src,anchor_allocation_cr,anchor_allocation_cr_src,listing_open,listing_open_src,listing_high,listing_high_src,listing_low,listing_low_src,listing_close,listing_close_src,objects_of_issue,objects_of_issue_src,issue_size_cr,issue_size_cr_src
INE627H01017,Cambridge Technology Enterprises Ltd.,MB,CTE,532801.0,2006-12-29,2007-01-09,2007-02-07,38.0,24.0,Fixed Price,"BSE, NSE",Centrum Capital,2006,2006-2019,,,,,,,,,,,,,,,,,,,,,,,,,,,,,,,,,,,,,,,,15.0,chittorgarh,9.0,chittorgarh,37.5,chittorgarh,,,48.9,chittorgarh,108.0,chittorgarh,48.0,chittorgarh,99.95,chittorgarh,"Expansion of Facilities | Enhance IT Infrastructure | Support infrastructure | Set Up Regional Offices In US (4) | Competency centers | IP Creation, Reusable components library | Acquisitions | Preliminary costs including IPO Expenses | Working Capital",chittorgarh,24.0,chittorgarh
INE872H01027,Lumax Auto Technologies Ltd.,MB,LUMAXTECH,532796.0,2006-12-14,2006-12-21,2007-01-16,75.0,22.59,Fixed Price,"BSE, NSE",Centrum Capital,2006,2006-2019,,,,,,,,,,,,,,,,,,,,,,,,,,,,,,,,,,,,,,,,23.0,chittorgarh,0.0,chittorgarh,0.0,chittorgarh,,,75.5,chittorgarh,142.1,chittorgarh,75.5,chittorgarh,110.6,chittorgarh,"Investment in LDK, subsidiary-to set up automotive lighting unit at Pantnagar, Uttaranchal | Investment in LDK, subsidiary-to set up leveling motor unit at existing Manesar unit in Haryana | Investment in LDK, subsidiary-for enhancement of infrastructure at existing Manesar unit in Haryana | Set up cost of chassis assembly unit at Bhosari near Pune, Maharashtra | Expansion and modernization of existing manufacturing unit at Chakan,658.00near Pune & Waluj, near Aurangabad, Maharashtra | Modernization of development centre at Chinchwad near Pune, Maharashtra | To meet the expenses of the issue | Total",chittorgarh,23.0,chittorgarh
INE538H01016,Shree Ashtavinayak Cine Vision Ltd.,MB,SHREEASHTA,532793.0,2006-12-14,2006-12-20,2007-01-10,160.0,59.65,Bookbuilding,"BSE, NSE",Almondz Global,2006,2006-2019,,,,,,,,,,,,,,,,,,,,,,,,,,,,,,,,,,,,,,,,53.0,chittorgarh,7.0,chittorgarh,11.7,chittorgarh,,,189.9,chittorgarh,248.1,chittorgarh,185.1,chittorgarh,226.5,chittorgarh,Purchase of Equipment for Film Production | Estimated Expenditure for Film Production / Under production | General Corporate Purposes / Prepayment of loans* | Public Issue Expenses*,chittorgarh,60.0,chittorgarh
INE165H01018,Pyramid Saimira Theatre Ltd.,MB,PSTL,532791.0,2006-12-11,2006-12-18,2007-01-05,100.0,84.51,Bookbuilding,"BSE, NSE",Keynote Financial,2006,2006-2019,,,,,,,,,,,,,,,,,,,,,,,,,,,,,,,,,,,,,,,,75.0,chittorgarh,10.0,chittorgarh,11.8,chittorgarh,,,135.0,chittorgarh,163.85,chittorgarh,125.0,chittorgarh,158.2,chittorgarh,Cost of renovation & upgradation of Theatres & other Footfall rights | Plant & Machinery & Installation cost for digitalisation of Theatres | Plant & Machinery and other cost for Central Network Operating Center | Recoverable Security Deposit with Theatres & Multiplexes | Recoverable Security Deposit with VMPL | Preliminary expenses | Brand Building | Working Capital | Cost relating to Public Issue | Contingencies,chittorgarh,85.0,chittorgarh
INE910H01017,Cairn India Ltd.,MB,CAIRN,532792.0,2006-12-11,2006-12-15,2007-01-09,160.0,5788.79,Bookbuilding,"BSE, NSE",BOFA Securities,2006,2006-2019,,,,,,,,,,,,,,,,,,,,,,,,,,,,,,,,,,,,,,,,5789.0,chittorgarh,0.0,chittorgarh,0.0,chittorgarh,,,140.0,chittorgarh,155.0,chittorgarh,128.65,chittorgarh,137.5,chittorgarh,"Cash consideration to be paid to Cairn UK Holdings Ltd. as consideration for shares of Cairn India Holdings Ltd. | Development (Development in the Rajasthan Block and additional drilling activities in Ravva and Cambay Blocks) | Exploration and appraisal activities including funding minimum work program for capital commitments and any additional appraisal expenditure that may arise as a result of exploration success in existing blocks and blocks that may be awarded in NELP VI round | General corporate purposes | Contingencies, including the part payment of debt outstanding at the date of completion of the Issue | Issue expenses | Total",chittorgarh,5789.0,chittorgarh
INE483C01032,Tanla Solutions Ltd. FPO,MB,TANLA,532790.0,2006-12-11,2006-12-14,2007-01-05,265.0,420.95,Bookbuilding,"BSE, NSE",SBICAP,2006,2006-2019,,,,,,,,,,,,,,,,,,,,,,,,,,,,,,,,,,,,,,,,379.0,chittorgarh,42.0,chittorgarh,10.0,chittorgarh,,,379.8,chittorgarh,379.8,chittorgarh,365.0,chittorgarh,379.8,chittorgarh,Setting  up  Infrastructure  Facility  for  Development  Centre  at  Hyderabad | Setting  up  Infrastructure  Facilities  for  a  Backup  /  Disaster  Recovery  Centre  at  Bangalore | Establising  Overseas  Marketing  Offices | Expansion  &  Upgradation  of  Existing  Research  &  Product  Development  Facilities | Fund  regional/global  expansion  and  acquire  and  invest  in  strategic  business. | Meet  working  capital  requirements | Contingencies | To  meet  Issue  expenses,chittorgarh,421.0,chittorgarh
INE846H01021,Nissan Copper Ltd.,MB,NISSAN,532789.0,2006-12-04,2006-12-08,2006-12-29,39.0,25.0,Bookbuilding,"BSE, NSE",Keynote Financial,2006,2006-2019,,,,,,,,,,,,,,,,,,,,,,,,,,,,,,,,,,,,,,,,25.0,chittorgarh,0.0,chittorgarh,0.0,chittorgarh,,,40.0,chittorgarh,135.7,chittorgarh,40.0,chittorgarh,128.8,chittorgarh,"Land Development, Boundary Wall, Workers Quarters/ Sheds | Plant & Machinery | Electrical  Installations | Equipments | Erection & Commissioning | Preliminary & Share Issue Expenses | Contingencies | Working Capital Margin",chittorgarh,25.0,chittorgarh
INE825H01017,Ess Dee Aluminium Ltd.,MB,ESSDEE,532787.0,2006-12-04,2006-12-08,2006-12-28,225.0,156.73,Bookbuilding,"BSE, NSE",Standard Chartered Securities,2006,2006-2019,,,,,,,,,,,,,,,,,,,,,,,,,,,,,,,,,,,,,,,,157.0,chittorgarh,0.0,chittorgarh,0.0,chittorgarh,,,260.0,chittorgarh,261.9,chittorgarh,235.25,chittorgarh,238.45,chittorgarh,Setting-up of additional manufacturing facilities for aluminium foil based packaging products at Daman | General Corporate Purposes | Meeting the Public Issue Expenses | Total,chittorgarh,157.0,chittorgarh
INE183H01011,XL Telecom Ltd.,MB,XLENERGY,532788.0,2006-12-04,2006-12-07,2006-12-28,150.0,59.37,Bookbuilding,"BSE, NSE",Anand Rathi Advisors,2006,2006-2019,,,,,,,,,,,,,,,,,,,,,,,,,,,,,,,,,,,,,,,,59.0,chittorgarh,0.0,chittorgarh,0.0,chittorgarh,,,177.1,chittorgarh,177.1,chittorgarh,134.1,chittorgarh,136.0,chittorgarh,Expansion of SPV Module Making Plant  (SPV Division) | Creation of SMT Line to produce PCB’s used for CDMA Mobile and FWP Phones | Repayment of IDBI Term Loan | Long Term Working Capital for FWP Business (deferred Payment Model of BSNL) | Issue Expenses,chittorgarh,59.0,chittorgarh
INE014E01015,Kovilpatti Lakshmi Roller Flour Mills Ltd. FPO,MB,KLRF,507598.0,2006-11-27,2006-12-01,2006-12-26,55.0,14.3,Fixed Price,BSE,Keynote Financial,2006,2006-2019,,,,,,,,,,,,,,,,,,,,,,,,,,,,,,,,,,,,,,,,14.0,chittorgarh,0.0,chittorgarh,0.0,chittorgarh,,,55.5,chittorgarh,55.5,chittorgarh,50.3,chittorgarh,52.8,chittorgarh,Investment in Eltex | Establishment of two wind mills of 1.25 MW each | Issue Expenses,chittorgarh,14.0,chittorgarh
INE818H01020,LT Overseas Ltd.,MB,LTFOODS,532783.0,2006-11-27,2006-11-30,2006-12-18,56.0,39.4,Bookbuilding,"BSE, NSE",HSBC InvestDirect Securities,2006,2006-2019,,,,,,,,,,,,,,,,,,,,,,,,,,,,,,,,,,,,,,,,39.0,chittorgarh,0.0,chittorgarh,0.0,chittorgarh,,,60.0,chittorgarh,62.9,chittorgarh,51.0,chittorgarh,55.0,chittorgarh,"Expansion,  Automation  and  Modernization  at  Sonepat,  Haryana; | New  Parboiled  rice  (sella)  processing  and  milling  capacity | New  Milling  line  for  producing  value  added  rice | Balancing  equipments  and  Automation  of  existing  facility | Increasing  our  Storage  capacity for Silos  grain  storage | New  white  rice  storage  (Flat  Storage  Project) | Open  Bardana  (  Jute  bags)  Shed  at  existing  facility  at  Sonepat, Haryana | Generating  power  for  captive  consumption | General  Corporate  Purpose | Public  Issue  Expenses",chittorgarh,39.0,chittorgarh
INE803H01014,Ruchira Papers Ltd.,MB,RUCHIRA,532785.0,2006-11-23,2006-11-29,2006-12-20,23.0,28.5,Bookbuilding,"BSE, NSE",A.K.Capital,2006,2006-2019,,,,,,,,,,,,,,,,,,,,,,,,,,,,,,,,,,,,,,,,23.0,chittorgarh,5.0,chittorgarh,17.9,chittorgarh,,,24.35,chittorgarh,24.35,chittorgarh,20.65,chittorgarh,20.95,chittorgarh,Setting up of Writing & Printing Paper Plant along with Chemical Recovery Plant and Co-Generation Power Plant: Land and site development | Building | Plant & Machinery | Misc. Fixed Assets | Other Fixed Assets | Preliminary/ pre-operative Expenses (including issue Expenses of Rs. 105.00 Lacs) | Contingencies | Working Capital Margin | General Corporate Purposes | Additional Issue Expenses | Total,chittorgarh,28.0,chittorgarh
INE671H01015,Sobha Developers Ltd.,MB,SOBHA,532784.0,2006-11-23,2006-11-29,2006-12-20,640.0,569.4,Bookbuilding,"BSE, NSE",Axis Capital,2006,2006-2019,,,,,,,,,,,,,,,,,,,,,,,,,,,,,,,,,,,,,,,,569.0,chittorgarh,0.0,chittorgarh,0.0,chittorgarh,,,1111.25,chittorgarh,1179.0,chittorgarh,918.1,chittorgarh,968.75,chittorgarh,Land acquisition | Development and construction costs for existing projects and for forthcoming projects | Repayment of loans of the Company | General corporate purposes,chittorgarh,569.0,chittorgarh
INE255D01024,Gulshan Sugars & Chemicals Ltd. FPO,MB,GULPOLY,532457.0,2006-11-22,2006-11-28,2006-12-28,40.0,26.4,Fixed Price,BSE,Srei Capital,2006,2006-2019,,,,,,,,,,,,,,,,,,,,,,,,,,,,,,,,,,,,,,,,26.0,chittorgarh,0.0,chittorgarh,0.0,chittorgarh,,,37.0,chittorgarh,37.0,chittorgarh,37.0,chittorgarh,37.0,chittorgarh,"To expand the existing capacity by setting up a 20,000 TPA Ground Calcium Carbonate (GCC) Unit. | To set up an additional 3 MW captive power plant at its manufacturing facilities at Muzaffarnagar, Uttar Pradesh. | To meet the long-term working capital requirement of the company. | To raise resources for general corporate purposes. | To meet the expenses of the Issue. | Total",chittorgarh,26.0,chittorgarh
INE697H01010,Blue Bird (India) Ltd.,MB,BLUEBIRD,532781.0,2006-11-16,2006-11-22,2006-12-11,105.0,92.14,Bookbuilding,"BSE, NSE",BOFA Securities,2006,2006-2019,,,,,,,,,,,,,,,,,,,,,,,,,,,,,,,,,,,,,,,,92.0,chittorgarh,0.0,chittorgarh,0.0,chittorgarh,,,109.0,chittorgarh,109.0,chittorgarh,92.1,chittorgarh,94.85,chittorgarh,Setting up and expansion of manufacturing facilities in India | Replenishing the internal accruals of the Company used for purchase of factory land located at Pune | Purchase of existing Registered/Corporate office premises presently on leave and licence. | Capital expenditure for setting up of new regional sales offices | Repayment of existing long term debts | Augmentation of long term working capital | Total,chittorgarh,92.0,chittorgarh
INE785C01048,Lanco Infratech Ltd.,MB,LITL,532778.0,2006-11-06,2006-11-10,2006-11-27,240.0,1067.34,Bookbuilding,"BSE, NSE",Axis Capital,2006,2006-2019,,,,,,,,,,,,,,,,,,,,,,,,,,,,,,,,,,,,,,,,1067.0,chittorgarh,0.0,chittorgarh,0.0,chittorgarh,,,270.0,chittorgarh,275.0,chittorgarh,239.55,chittorgarh,241.4,chittorgarh,Investment in Subsidiaries - LAPPL - Lanco Amarkantak Power Plant | Investment in Subsidiaries - LGPPPL - Budhil Power Project | Investment in Subsidiaries - VIPL - Vamshi Industrial Power Project | Investment in Subsidiaries - VHEPL - Vamshi Hydro Power Project | Investment in Subsidiaries - Lanco Hills - Hyderabad Property Project | Investment in Nagarjuna Power Project | Payment for acquisition of 13.3% equity interest in Aban Power to Aban Ventures | Acquisition of 25.1% equity interest in Lanco Kondapalli to Globeleq: USD 30 million | General Corporate Purposes | Issue expenses,chittorgarh,1067.0,chittorgarh
INE561H01026,Parsvnath Developers Ltd.,MB,PARSVNATH,532780.0,2006-11-06,2006-11-10,2006-11-30,300.0,1089.77,Bookbuilding,"BSE, NSE",BOFA Securities,2006,2006-2019,,,,,,,,,,,,,,,,,,,,,,,,,,,,,,,,,,,,,,,,1090.0,chittorgarh,0.0,chittorgarh,0.0,chittorgarh,,,540.0,chittorgarh,579.0,chittorgarh,481.5,chittorgarh,526.3,chittorgarh,Expenditure on development and construction of projects | General Corporate Purposes | Issue Expenses,chittorgarh,1090.0,chittorgarh
INE663F01032,Info Edge (India) Ltd.,MB,NAUKRI,532777.0,2006-10-30,2006-11-02,2006-11-21,320.0,170.36,Bookbuilding,"BSE, NSE",Citigroup Global,2006,2006-2019,,,,,,,,,,,,,,,,,,,,,,,,,,,,,,,,,,,,,,,,170.0,chittorgarh,0.0,chittorgarh,0.0,chittorgarh,,,480.0,chittorgarh,623.8,chittorgarh,480.0,chittorgarh,593.2,chittorgarh,Diversification of Business and Expansion Into New Markets | Buying/Lease of Office Space | Product Enhancement and Developing Alternate Delivery Models | Acquisitions/Strategic Alliances | Development of 99acres.com and Jeevansathi.com | General Corporate Purposes,chittorgarh,170.0,chittorgarh
INE318D01020,Zenith Birla (India) Ltd. FPO,MB,ZENITHSTL,531845.0,2006-10-16,2006-10-20,2006-11-20,55.0,131.0,Fixed Price,BSE,IDBI Capital,2006,2006-2019,,,,,,,,,,,,,,,,,,,,,,,,,,,,,,,,,,,,,,,,106.0,chittorgarh,25.0,chittorgarh,19.1,chittorgarh,,,50.0,chittorgarh,53.45,chittorgarh,44.0,chittorgarh,48.2,chittorgarh,Mechanical Tube Projec | Preliminary & Pre-Operative Expense | Contingency | Working Capital (existing business) | Margin Money for Working Capital (mechanical tube | Public Issue Expenses,chittorgarh,131.0,chittorgarh
INE503A01015,Development Credit Bank Ltd.,MB,DCBBANK,532772.0,2006-09-29,2006-10-06,2006-10-27,26.0,185.9,Bookbuilding,"BSE, NSE",Axis Capital,2006,2006-2019,,,,,,,,,,,,,,,,,,,,,,,,,,,,,,,,,,,,,,,,186.0,chittorgarh,0.0,chittorgarh,0.0,chittorgarh,,,35.35,chittorgarh,48.65,chittorgarh,35.35,chittorgarh,47.5,chittorgarh,"Augment the capital base of the Bank to meet future capital adequacy requirements 1,859 arising out of growth in businesses | Estimated Issue expenses",chittorgarh,186.0,chittorgarh
INE792H01019,Global Vectra Helicorp Ltd.,MB,GLOBALVECT,532773.0,2006-09-29,2006-10-06,2006-10-27,185.0,64.75,Bookbuilding,"BSE, NSE",SBICAP,2006,2006-2019,,,,,,,,,,,,,,,,,,,,,,,,,,,,,,,,,,,,,,,,52.0,chittorgarh,13.0,chittorgarh,20.0,chittorgarh,,,175.0,chittorgarh,195.0,chittorgarh,175.0,chittorgarh,187.4,chittorgarh,"Fleet expansion | Infrastructure development - Building hangar at Juhu aerodrome, Mumbai | Conversion to AS-4 | Retirement of Debt | General corporate purposes and other expenses | Cost of the Issue (borne by the Company)",chittorgarh,65.0,chittorgarh
INE648H01013,Hanung Toys & Textiles Ltd.,MB,HANUNG,532770.0,2006-09-28,2006-10-05,2006-10-20,95.0,90.25,Bookbuilding,"BSE, NSE",Anand Rathi Advisors,2006,2006-2019,,,,,,,,,,,,,,,,,,,,,,,,,,,,,,,,,,,,,,,,90.0,chittorgarh,0.0,chittorgarh,0.0,chittorgarh,,,122.0,chittorgarh,122.0,chittorgarh,89.55,chittorgarh,96.45,chittorgarh,Setting up of integrated Home Textile Unit at Roorkee | Part Substitution of existing working capital | Total,chittorgarh,90.0,chittorgarh
INE020G01017,Accel Frontline Ltd.,MB,INSPIRISYS,532774.0,2006-09-28,2006-10-05,2006-10-30,75.0,42.27,Bookbuilding,"BSE, NSE",SBICAP,2006,2006-2019,,,,,,,,,,,,,,,,,,,,,,,,,,,,,,,,,,,,,,,,39.0,chittorgarh,3.0,chittorgarh,7.1,chittorgarh,,,77.9,chittorgarh,77.9,chittorgarh,70.0,chittorgarh,70.7,chittorgarh,"To fund the global business expansion plans including development of the overseas marketing and sales infrastructure and to acquire or invest in strategic businesses | To increase the ESS and BPO capacities, by expanding existing facilities | Working capital requirements and general corporate purposes | Total",chittorgarh,42.0,chittorgarh
INE544H01014,JHS Svendgaard Laboratories Ltd.,MB,JHS,532771.0,2006-09-26,2006-10-04,2006-10-21,58.0,38.86,Bookbuilding,"BSE, NSE",Axis Bank,2006,2006-2019,,,,,,,,,,,,,,,,,,,,,,,,,,,,,,,,,,,,,,,,36.0,chittorgarh,3.0,chittorgarh,7.7,chittorgarh,,,60.25,chittorgarh,62.0,chittorgarh,56.0,chittorgarh,57.05,chittorgarh,Expansion Plan/New Project - Building and Civil Works | Expansion Plan/New Project - Plant & Machinery | Expansion Plan/New Project - Margin money for working capital | Expansion Plan/New Project - Contingencies | General Corporate Purposes | Total,chittorgarh,39.0,chittorgarh
INE336H01023,Gayatri Projects Ltd.,MB,GAYAPROJ,532767.0,2006-09-26,2006-09-29,2006-10-17,295.0,85.55,Bookbuilding,BSE,Almondz Global,2006,2006-2019,,,,,,,,,,,,,,,,,,,,,,,,,,,,,,,,,,,,,,,,30.0,chittorgarh,56.0,chittorgarh,65.1,chittorgarh,,,333.0,chittorgarh,348.0,chittorgarh,293.4,chittorgarh,298.85,chittorgarh,Investment in Special Purpose Vehicle (SPV) company for execution BOT/BOOT Project | Repayment of Debt | Issue Expenses | Total,chittorgarh,86.0,chittorgarh
INE737H01014,Fiem Industries Ltd.,MB,FIEMIND,532768.0,2006-09-21,2006-09-27,2006-10-19,137.0,56.17,Bookbuilding,"BSE, NSE",HSBC InvestDirect Securities,2006,2006-2019,,,,,,,,,,,,,,,,,,,,,,,,,,,,,,,,,,,,,,,,56.0,chittorgarh,0.0,chittorgarh,0.0,chittorgarh,,,145.0,chittorgarh,148.0,chittorgarh,119.65,chittorgarh,121.75,chittorgarh,New projects / expansion plans | Repayment of Term loan from Standard Chartered Bank to the extent availed for the purposes of the new projects / expansion plans | Margin Money for working capital | General Corporate purposes | Issue expenses,chittorgarh,56.0,chittorgarh
INE516H01012,Richa Knits Ltd.,MB,,532766.0,2006-09-13,2006-09-19,2006-10-12,30.0,27.0,Fixed Price,BSE,KJMC Corporate,2006,2006-2019,,,,,,,,,,,,,,,,,,,,,,,,,,,,,,,,,,,,,,,,23.0,chittorgarh,4.0,chittorgarh,14.8,chittorgarh,,,30.95,chittorgarh,40.0,chittorgarh,30.0,chittorgarh,30.25,chittorgarh,"New Projects - Setting up of new projects including processing & dyeing (3960 TPA) at Tapukara, Alwar (Rajasthan), knitting (480 TPA) at Manesar (Gurgaon), and garmenting (18 Lakh pcs p.a.) at new unit in Gurgaon | Margin money for working capital | Total",chittorgarh,27.0,chittorgarh
INE916G01016,Gwalior Chemical Industries Ltd.,MB,GEECEE,532764.0,2006-09-11,2006-09-14,2006-10-04,81.0,80.0,Bookbuilding,"BSE, NSE",JM Morgan Stanley,2006,2006-2019,,,,,,,,,,,,,,,,,,,,,,,,,,,,,,,,,,,,,,,,80.0,chittorgarh,0.0,chittorgarh,0.0,chittorgarh,,,90.0,chittorgarh,95.25,chittorgarh,85.0,chittorgarh,93.8,chittorgarh,"Expansion, upgradation and de-bottlenecking of our facilities at Nagda | Setting up new plants for new products | Other additional capital expenditure for the above expansion | To support our financing activities",chittorgarh,80.0,chittorgarh
INE235G01011,Usher Agro Ltd.,MB,USHERAGRO,532765.0,2006-09-05,2006-09-11,2006-10-06,15.0,18.02,Fixed Price,BSE,IDBI Capital,2006,2006-2019,,,,,,,,,,,,,,,,,,,,,,,,,,,,,,,,,,,,,,,,13.0,chittorgarh,5.0,chittorgarh,27.8,chittorgarh,,,19.35,chittorgarh,19.35,chittorgarh,14.9,chittorgarh,16.2,chittorgarh,Wheat Roller Flourmill project at Mathura | Modernization of Rice Milling Plant situated at Mathura | Co-generation Power project for captive consumption | To Fund working capital requirement of Wheat Roller Flour Mill project at Mathura | Working capital requirements for existing operation | Issue Expenses,chittorgarh,18.0,chittorgarh
INE596H01014,HOV Services Ltd.,MB,HOVS,532761.0,2006-09-04,2006-09-07,2006-09-27,200.0,81.0,Bookbuilding,"BSE, NSE",BOFA Securities,2006,2006-2019,,,,,,,,,,,,,,,,,,,,,,,,,,,,,,,,,,,,,,,,81.0,chittorgarh,0.0,chittorgarh,0.0,chittorgarh,,,200.0,chittorgarh,208.8,chittorgarh,177.1,chittorgarh,179.75,chittorgarh,Planned capital expenditure | To infuse funds into our Subsidiary for redemption of Class B Units issued by the Subsidiary | Issue expenses | Total,chittorgarh,81.0,chittorgarh
INE285H01022,Atlanta Ltd.,MB,ATLANTAA,532759.0,2006-09-01,2006-09-07,2006-09-25,150.0,64.5,Bookbuilding,"BSE, NSE",Karvy Investor Services,2006,2006-2019,,,,,,,,,,,,,,,,,,,,,,,,,,,,,,,,,,,,,,,,65.0,chittorgarh,0.0,chittorgarh,0.0,chittorgarh,,,170.0,chittorgarh,209.5,chittorgarh,170.0,chittorgarh,192.3,chittorgarh,Investment in BOT Project | Purchase of plant and machinery for Mining activities | Real Estate Projects | Purchase of plant and machinery for construction and real estate business | Repayment of high cost debt | Incremental working capital requirement | Issue Expenses,chittorgarh,65.0,chittorgarh
INE731H01025,Action Construction Equipment Ltd.,MB,ACE,532762.0,2006-09-01,2006-09-07,2006-09-26,130.0,59.8,Bookbuilding,"BSE, NSE",Karvy Investor Services,2006,2006-2019,,,,,,,,,,,,,,,,,,,,,,,,,,,,,,,,,,,,,,,,60.0,chittorgarh,0.0,chittorgarh,0.0,chittorgarh,,,200.0,chittorgarh,210.85,chittorgarh,185.45,chittorgarh,193.45,chittorgarh,"To set up a new manufacturing plant for Loaders, higher capacity Tower Cranes and Construction Equipment | Expand/Modernize the existing capacities/facilities | Acquisition / Investments | To set up a Joint Venture with Tigieffe SRL, ITALY | Additional Working capital requirement | Brand Building Exercise | To set up Corporate Office and R & D Centre | Contingencies | To meet the Issue Expenses",chittorgarh,60.0,chittorgarh
INE677H01012,Deep Industries Ltd.,MB,DEEPENR,532760.0,2006-08-29,2006-09-04,2006-09-25,36.0,40.68,Fixed Price,BSE,IDBI Capital,2006,2006-2019,,,,,,,,,,,,,,,,,,,,,,,,,,,,,,,,,,,,,,,,41.0,chittorgarh,0.0,chittorgarh,0.0,chittorgarh,,,49.0,chittorgarh,49.0,chittorgarh,27.0,chittorgarh,27.9,chittorgarh,Plant  &  Machinery | Office equipments | Additional  Working  Capital  Requirement | Contingencies | IPO  -  Issue  Expenses | General  Corporate  Purposes,chittorgarh,41.0,chittorgarh
INE700H01012,KEW Industries Ltd.,MB,,532758.0,2006-08-28,2006-09-01,2006-09-25,30.0,21.0,Fixed Price,BSE,Chartered Capital,2006,2006-2019,,,,,,,,,,,,,,,,,,,,,,,,,,,,,,,,,,,,,,,,21.0,chittorgarh,0.0,chittorgarh,0.0,chittorgarh,,,,,,,,,,,Plant & Machinery & civil structure | Testing Equipments for R&D | Working Capital requirement | Public Issue Expenses,chittorgarh,21.0,chittorgarh
INE540H01012,Voltamp Transformers Ltd.,MB,VOLTAMP,532757.0,2006-08-24,2006-08-29,2006-09-20,345.0,168.49,Bookbuilding,"BSE, NSE",Axis Capital,2006,2006-2019,,,,,,,,,,,,,,,,,,,,,,,,,,,,,,,,,,,,,,,,,,168.0,chittorgarh,100.0,chittorgarh,,,399.0,chittorgarh,430.9,chittorgarh,375.0,chittorgarh,417.05,chittorgarh,,,168.0,chittorgarh
INE669C01036,Tech Mahindra Ltd.,MB,TECHM,532755.0,2006-08-01,2006-08-04,,365.0,465.23,Bookbuilding,"BSE, NSE",Kotak Mahindra Capital,2006,2006-2019,,,,,,,,,,,,,,,,,,,,,,,,,,,,,,,,,,,,,,,,116.0,chittorgarh,349.0,chittorgarh,75.1,chittorgarh,,,525.0,chittorgarh,569.0,chittorgarh,523.0,chittorgarh,552.8,chittorgarh,Enhancing the delivery infrastructure | Issue related expenses | Total,chittorgarh,465.0,chittorgarh
INE776C01039,GMR Infrastructure Ltd.,MB,GMRAIRPORT,532754.0,2006-07-31,2006-08-04,,210.0,794.63,Bookbuilding,"BSE, NSE",JM Morgan Stanley,2006,2006-2019,,,,,,,,,,,,,,,,,,,,,,,,,,,,,,,,,,,,,,,,795.0,chittorgarh,0.0,chittorgarh,0.0,chittorgarh,,,215.0,chittorgarh,219.8,chittorgarh,205.1,chittorgarh,210.3,chittorgarh,"Investment in various infrastructure SPVs promoted by | Investment in GHIAL | Investment in Delhi International Airport | Investment in GMR Ambala-Chandigarh | Investment in GMR Pochanpalli | Investment in GMR Jadcherla | Investment in GMR Ulundurpet | Repayment of unsecured loans | Payment to Sundry Creditors, GMR Holdings, the Promoter and GMR Operations, a promoter group company, for acquisition of GVL Investments, an investment company | General Corporate Purposes | Expenses | Total",chittorgarh,795.0,chittorgarh
INE418H01029,Allcargo Global Logistics Ltd.,MB,ALLCARGO,532749.0,2006-06-01,2006-06-06,,675.0,140.33,Bookbuilding,"BSE, NSE",Axis Capital,2006,2006-2019,,,,,,,,,,,,,,,,,,,,,,,,,,,,,,,,,,,,,,,,140.0,chittorgarh,0.0,chittorgarh,0.0,chittorgarh,,,665.0,chittorgarh,685.0,chittorgarh,572.1,chittorgarh,669.6,chittorgarh,"Setting up of CFS / ICD in Chennai, Mundra and NCR | Prepayment of loan from Yes Bank Limited | General Corporate Expenses including Acquisitions | Expenses | Total",chittorgarh,140.0,chittorgarh
INE367G01038,Prime Focus Ltd.,MB,PFOCUS,532748.0,2006-05-25,2006-06-03,2006-06-20,417.0,115.0,Bookbuilding,"BSE, NSE",Centrum Capital,2006,2006-2019,,,,,,,,,,,,,,,,,,,,,,,,,,,,,,,,,,,,,,,,115.0,chittorgarh,0.0,chittorgarh,0.0,chittorgarh,,,374.0,chittorgarh,374.0,chittorgarh,291.0,chittorgarh,325.35,chittorgarh,Domestic  Expansion | Los Angeles Studio | London Studio | Hyderabad Studio | Long term working capital | Issue Expenses | Total,chittorgarh,115.0,chittorgarh
INE336C01016,Rathi Udyog Ltd. FPO,MB,,504903.0,2006-05-19,2006-05-25,,50.0,98.0,Bookbuilding,BSE,Standard Chartered Securities,2006,2006-2019,,,,,,,,,,,,,,,,,,,,,,,,,,,,,,,,,,,,,,,,58.0,chittorgarh,40.0,chittorgarh,40.8,chittorgarh,,,37.0,chittorgarh,37.0,chittorgarh,32.2,chittorgarh,32.45,chittorgarh,Steel Plant : Orissa Project | Ghaziabad Project | Expansion Project : Ghaziabad Project | Diversification Project : Ghaziabad Project | Long Term Working Capital Requirement | Expenses | Other Corporate Needs | Total,chittorgarh,98.0,chittorgarh
INE466H01028,Unity Infraprojects Ltd.,MB,UNITY,532746.0,2006-05-19,2006-05-24,,675.0,232.4,Bookbuilding,"BSE, NSE",BOFA Securities,2006,2006-2019,,,,,,,,,,,,,,,,,,,,,,,,,,,,,,,,,,,,,,,,187.0,chittorgarh,46.0,chittorgarh,19.8,chittorgarh,,,650.0,chittorgarh,650.0,chittorgarh,462.1,chittorgarh,471.7,chittorgarh,Investment in capital equipment | Prepayment/repayment of debt | Investment in BOT projects | Funding working capital margin requirements | General corporate purposes and other expenses | Total,chittorgarh,232.0,chittorgarh
INE438H01019,Deccan Aviation Ltd.,MB,AIRDECCAN,532747.0,2006-05-18,2006-05-26,,148.0,363.28,Bookbuilding,"BSE, NSE",Axis Capital,2006,2006-2019,,,,,,,,,,,,,,,,,,,,,,,,,,,,,,,,,,,,,,,,363.0,chittorgarh,0.0,chittorgarh,0.0,chittorgarh,,,129.9,chittorgarh,129.9,chittorgarh,97.25,chittorgarh,99.1,chittorgarh,Setting up a training centre | Setting up a hangar facility for basic and medium-level maintenance checks at Chennai | Setting up infrastructure at airports | Market development initiatives | Debt repayment | General corporate purposes | Total,chittorgarh,363.0,chittorgarh
INE670B01028,Gangotri Textiles Ltd. FPO,MB,GANGOTRI,521176.0,2006-05-18,2006-05-23,,41.0,55.0,Bookbuilding,"BSE, NSE",SBICAP,2006,2006-2019,,,,,,,,,,,,,,,,,,,,,,,,,,,,,,,,,,,,,,,,55.0,chittorgarh,0.0,chittorgarh,0.0,chittorgarh,,,37.8,chittorgarh,39.75,chittorgarh,32.55,chittorgarh,38.45,chittorgarh,Setting up of Spinning Unit I | Setting up of Spinning Unit II | Setting up Weaving and Processing plant | Setting up Garment Unit | Installation of six wind mills | Meeting Expenses | Total,chittorgarh,55.0,chittorgarh
INE244B01030,Patel Engineering Ltd. FPO,MB,PATELENG,531120.0,2006-05-03,2006-05-09,2006-05-24,440.0,425.0,Bookbuilding,"BSE, NSE",ICICI Securities,2006,2006-2019,,,,,,,,,,,,,,,,,,,,,,,,,,,,,,,,,,,,,,,,425.0,chittorgarh,0.0,chittorgarh,0.0,chittorgarh,,,,,,,,,,,"Investment in Capital Equipment | Repayment of Contractee Advances/ Debt | Investments in infrastructure projects, subsidiaries acquisition and joint ventures | General Corporate Purposes | Total",chittorgarh,425.0,chittorgarh
INE891A01014,D.S.Kulkarni Developers Ltd. FPO,MB,DSKULKARNI,523890.0,2006-04-25,2006-05-03,2006-05-19,275.0,151.28,Bookbuilding,"BSE, NSE",A.K.Capital,2006,2006-2019,,,,,,,,,,,,,,,,,,,,,,,,,,,,,,,,,,,,,,,,134.0,chittorgarh,17.0,chittorgarh,11.3,chittorgarh,,,,,,,,,,,Development of Residential/ Commercial Projects | General Corporate Purpose | Issue Expenses | Total,chittorgarh,151.0,chittorgarh
INE347H01012,JRG Securities Ltd.,MB,,532745.0,2006-04-17,2006-04-21,,40.0,14.5,Fixed Price,BSE,Keynote Financial,2006,2006-2019,,,,,,,,,,,,,,,,,,,,,,,,,,,,,,,,,,,,,,,,15.0,chittorgarh,0.0,chittorgarh,0.0,chittorgarh,,,55.0,chittorgarh,55.0,chittorgarh,40.15,chittorgarh,41.85,chittorgarh,Technology upgradation | Establishment of 30 new regional offices | Investment in Middle East Operations | Public Issue Expenses | Total,chittorgarh,15.0,chittorgarh
INE475H01011,Reliance Petroleum Ltd.,MB,RPL,532743.0,2006-04-13,2006-04-20,,60.0,8100.0,Bookbuilding,"BSE, NSE",JM Morgan Stanley,2006,2006-2019,,,,,,,,,,,,,,,,,,,,,,,,,,,,,,,,,,,,,,,,2700.0,chittorgarh,5400.0,chittorgarh,66.7,chittorgarh,,,99.95,chittorgarh,105.0,chittorgarh,85.0,chittorgarh,85.4,chittorgarh,"Deposits for Infrastructure, including Utilities, etc. | Equipment/Construction Costs | Technical Fees | Interest during construction, Pre-operating cost | Contingency | Margin Money for Working Capital | Total",chittorgarh,8100.0,chittorgarh
INE491H01018,Plethico Pharmaceuticals Ltd.,MB,PLETHICO,532739.0,2006-04-10,2006-04-17,2006-05-05,300.0,110.0,Bookbuilding,"BSE, NSE",Anand Rathi Advisors,2006,2006-2019,,,,,,,,,,,,,,,,,,,,,,,,,,,,,,,,,,,,,,,,110.0,chittorgarh,0.0,chittorgarh,0.0,chittorgarh,,,245.0,chittorgarh,300.0,chittorgarh,218.1,chittorgarh,228.3,chittorgarh,Upgradation of Kalaria Plant for UK MHRA compliance | Setting up of a plant in Jammu & Kashmir (J&K) which is WHO GMP compliant & undertaking Organic Farming | Setting-up of Research and Development & F&D Centre | Acquiring a stake in a OTC / Domestic herbal / Nutraceutical Company or a Brand | Setting up a Corporate Office in Mumbai | Working Capital Requirement | Expenses | Total,chittorgarh,110.0,chittorgarh
INE397H01017,Lokesh Machines Ltd.,MB,LOKESHMACH,532740.0,2006-04-07,2006-04-13,,140.0,42.0,Bookbuilding,"BSE, NSE",Karvy Investor Services,2006,2006-2019,,,,,,,,,,,,,,,,,,,,,,,,,,,,,,,,,,,,,,,,42.0,chittorgarh,0.0,chittorgarh,0.0,chittorgarh,,,245.0,chittorgarh,300.0,chittorgarh,218.1,chittorgarh,228.3,chittorgarh,Setting up the facility for machining and supply of Cylinder 2098.50 Blocks and Cylinder Heads for commercial vehicles. | Modernisation Project for upgradation of the existing 1829.26 facilities for manufacture of Machines and Machine Tools. | Additional Working Capital Margin | expenses | Total,chittorgarh,42.0,chittorgarh
INE390H01020,Kamdhenu Ispat Ltd.,MB,KAMDHENU,532741.0,2006-04-03,2006-04-08,,25.0,32.0,Fixed Price,"BSE, NSE",Chartered Capital,2006,2006-2019,,,,,,,,,,,,,,,,,,,,,,,,,,,,,,,,,,,,,,,,23.0,chittorgarh,9.0,chittorgarh,28.1,chittorgarh,,,31.0,chittorgarh,52.5,chittorgarh,31.0,chittorgarh,45.4,chittorgarh,To meet the long term working capital requirements | To meet the cost of setting up of corporate office | To meet the expenditure on lease deposits and miscellaneous fixed assets for setting up stock yards | To meet the expenses of this issue | Total,chittorgarh,32.0,chittorgarh
INE424H01027,Sun TV Ltd.,MB,SUNTV,532733.0,2006-04-03,2006-04-07,,875.0,602.79,Bookbuilding,"BSE, NSE",Kotak Mahindra Capital,2006,2006-2019,,,,,,,,,,,,,,,,,,,,,,,,,,,,,,,,,,,,,,,,603.0,chittorgarh,0.0,chittorgarh,0.0,chittorgarh,,,1111.0,chittorgarh,1500.0,chittorgarh,1061.0,chittorgarh,1466.05,chittorgarh,"Capitalization of the Subsidiaries | Launch of new TV channels | Construction of an owned corporate office, studio facilities and additional uplinking infrastructure | Purchase of new equipment and up-gradation of existing equipment | General corporate purposes | Total",chittorgarh,603.0,chittorgarh
INE296H01011,Emkay Share & Stock Brokers Ltd.,MB,EMKAY,532737.0,2006-03-31,2006-04-07,,120.0,75.0,Bookbuilding,"BSE, NSE",Centrum Capital,2006,2006-2019,,,,,,,,,,,,,,,,,,,,,,,,,,,,,,,,,,,,,,,,75.0,chittorgarh,0.0,chittorgarh,0.0,chittorgarh,,,148.0,chittorgarh,149.0,chittorgarh,115.0,chittorgarh,136.75,chittorgarh,Expansion of Operations & Branch Network | Technology and Business Continuity Planning | Investment in Subsidiaries | Augmenting Long Term Working Capital | Issue Expenses | Total,chittorgarh,75.0,chittorgarh
INE808B01016,Opto Circuits (India) Ltd. FPO,MB,OPTOCIRCUI,532391.0,2006-03-31,2006-04-05,,270.0,108.0,Bookbuilding,"BSE, NSE",Karvy Investor Services,2006,2006-2019,,,,,,,,,,,,,,,,,,,,,,,,,,,,,,,,,,,,,,,,108.0,chittorgarh,0.0,chittorgarh,0.0,chittorgarh,,,,,,,,,,,To upgrade our Research & Development facility | Cost of upgrading infrastructure and for modernizing and1635.00acquisition of additional plant & machinery | Investment in Mediaid Inc for establishing marketing offices. | Acquisition of EuroCor GmbH | Additional Working Capital requirements. | General Corporate Purposes | Issue Expenses | Total,chittorgarh,108.0,chittorgarh
INE177H01039,Godawari Power & Ispat Ltd.,MB,GPIL,532734.0,2006-03-28,2006-04-04,2006-04-25,81.0,70.43,Bookbuilding,"BSE, NSE",HSBC InvestDirect Securities,2006,2006-2019,,,,,,,,,,,,,,,,,,,,,,,,,,,,,,,,,,,,,,,,70.0,chittorgarh,0.0,chittorgarh,0.0,chittorgarh,,,95.0,chittorgarh,135.8,chittorgarh,95.0,chittorgarh,103.15,chittorgarh,Phase II Expansion (Project) | General Corporate Purpose | Issue Expenses | Total,chittorgarh,70.0,chittorgarh
INE411H01032,R Systems International Ltd.,MB,RSYSTEMS,532735.0,2006-03-28,2006-03-31,2006-04-26,250.0,110.21,Bookbuilding,"BSE, NSE",HSBC InvestDirect Securities,2006,2006-2019,,,,,,,,,,,,,,,,,,,,,,,,,,,,,,,,,,,,,,,,71.0,chittorgarh,40.0,chittorgarh,36.4,chittorgarh,,,301.0,chittorgarh,325.0,chittorgarh,234.0,chittorgarh,249.75,chittorgarh,Upgrading and expansion of existing infrastructure | Repayment of outstanding loans | Financing general working capital requirements | General corporate purposes | Meeting offer expenses | Total,chittorgarh,110.0,chittorgarh
INE388G01026,Tantia Constructions Ltd. FPO,MB,TICL,532738.0,2006-03-27,2006-03-31,2006-04-28,50.0,47.77,Bookbuilding,BSE,Microsec Capital,2006,2006-2019,,,,,,,,,,,,,,,,,,,,,,,,,,,,,,,,,,,,,,,,22.0,chittorgarh,26.0,chittorgarh,54.2,chittorgarh,,,,,,,,,,,Investment in Capital Equipment | Enhancement of Long Term Working Capital | Repayment of unsecured loan | Repayment of Public Deposits | Investment in BOT/BOOT Projects and Joint Ventures | Total,chittorgarh,48.0,chittorgarh
INE224B01024,Birla Power Solutions Ltd. FPO,MB,,517001.0,2006-03-24,2006-03-29,2006-04-26,42.0,50.41,Fixed Price,BSE,Keynote Financial,2006,2006-2019,,,,,,,,,,,,,,,,,,,,,,,,,,,,,,,,,,,,,,,,50.0,chittorgarh,0.0,chittorgarh,0.0,chittorgarh,,,,,,,,,,,"To finance the cost of expansion of the capacities of the existing products of the company viz. Diesel Genset,Multi Purpose Engines, Alternators and Fuel Tank | To finance the setting up of a new plant for manufacturing LPG/CNG Gensets, Inverter, Engines and AcousticHoods | To meet the margin money for working capital requirement | To meet the expense of the issue. | Total",chittorgarh,50.0,chittorgarh
INE979C01013,Powersoft Global Solutions Ltd. FPO,MB,,532736.0,2006-03-23,2006-03-29,2006-04-28,22.0,11.88,Fixed Price,BSE,Keynote Financial,2006,2006-2019,,,,,,,,,,,,,,,,,,,,,,,,,,,,,,,,,,,,,,,,11.0,chittorgarh,1.0,chittorgarh,8.3,chittorgarh,,,25.0,chittorgarh,26.7,chittorgarh,20.25,chittorgarh,21.1,chittorgarh,Upgradation of existing infrastructure facilities | Set-up Research and Development Center | International Marketing activities | Investments and acquisitions | Working capital requirement | Public issue expenses | Total,chittorgarh,12.0,chittorgarh
INE401H01017,Kewal Kiran Clothing Ltd.,MB,KKCL,532732.0,2006-03-20,2006-03-23,2006-04-13,260.0,80.6,Bookbuilding,"BSE, NSE",Axis Capital,2006,2006-2019,,,,,,,,87.0,,,20.0,,,12.0,,,,,,16.0,,,546.0,,,-4.0,,,37.0,87.0,12.0,13.79,32.43,0.43,Mar 2006,1.0,screener,,,81.0,chittorgarh,0.0,chittorgarh,0.0,chittorgarh,,,299.0,chittorgarh,309.9,chittorgarh,241.0,chittorgarh,247.25,chittorgarh,Setting up exclusive outlets called K–Lounge across India | Setting up of a new manufacturing unit | Furnishing of Corporate Office | General Corporate purposes | Issue expenses | Total,chittorgarh,81.0,chittorgarh
INE786F01031,Uttam Sugar Mills Ltd.,MB,UTTAMSUGAR,532729.0,2006-03-16,2006-03-21,2006-04-10,340.0,136.0,Bookbuilding,"BSE, NSE",HSBC InvestDirect Securities,2006,2006-2019,,,,,,,,,,,,,,,,,,,,,,,,,,,,,,,,,,,,,,,,136.0,chittorgarh,0.0,chittorgarh,0.0,chittorgarh,,,380.0,chittorgarh,453.0,chittorgarh,365.0,chittorgarh,417.35,chittorgarh,Setting up of Unit III at village Khaikheri having a capacity of 4500 TCD along with12172co-generation of power with a capacity of 15 MW | Setting up of Unit IV at village Shermau having a capacity of 5000 TCD along with14758co-generation of power with a capacity of 30 MW | Margin money for working capital for new Unit III and Unit IV | Issue expenses | Total,chittorgarh,136.0,chittorgarh
INE400H01019,Adhunik Metaliks Ltd.,MB,ADHUNIK,532727.0,2006-03-13,2006-03-17,2006-04-05,37.0,100.0,Bookbuilding,"BSE, NSE",SBICAP,2006,2006-2019,,,,,,,,,,,,,,,,,,,,,,,,,,,,,,,,,,,,,,,,100.0,chittorgarh,0.0,chittorgarh,0.0,chittorgarh,,,,,,,,,,,"To  expand and forward integrate the operations  of the Company by setting up the following units, collectively referred to as Unit III | Total",chittorgarh,100.0,chittorgarh
INE353H01010,Shivalik Global Ltd.,MB,SGL,532730.0,2006-03-09,2006-03-14,2006-04-10,60.0,60.0,Fixed Price,"BSE, NSE",Almondz Global,2006,2006-2019,,,,,,,,,,,,,,,,,,,,,,,,,,,,,,,,,,,,,,,,60.0,chittorgarh,0.0,chittorgarh,0.0,chittorgarh,,,70.0,chittorgarh,87.5,chittorgarh,62.0,chittorgarh,83.65,chittorgarh,"Setting up a new Garment Manufacturing Unit | Expansion of the existing capacity for Knitting of Fabric | Expansion of the existing capacity for Dyeing & Processing of Knitted Fabrics | Expansion of the existing capacities for Yarn Dyeing and processing | Expansion of the existing capacity Dyeing, Printing and Processing of Woven Fabrics | Additional working capital requirement | Contingencies | Issue expenses | Total",chittorgarh,60.0,chittorgarh
INE343H01029,Solar Explosives Ltd.,MB,SOLARINDS,532725.0,2006-03-09,2006-03-13,2006-04-03,190.0,83.6,Bookbuilding,"BSE, NSE",SBICAP,2006,2006-2019,,,,,,,,,,,,,,,,,,,,,,,,,,,,,,,,,,,,,,,,84.0,chittorgarh,0.0,chittorgarh,0.0,chittorgarh,,,219.9,chittorgarh,286.9,chittorgarh,219.9,chittorgarh,263.1,chittorgarh,Capital Expenses for setting up Bulk Explosive Plants in India | Investment in 100% owned subsiadiary for setting up manufacturing units for Bulk Explosive and Cartridge Explosive as also a Magazine(Storage) facility in Nigeria. | Total,chittorgarh,84.0,chittorgarh
INE248H01012,Rohit Ferro-Tech Ltd.,MB,ROHITFERRO,532731.0,2006-03-07,2006-03-11,2006-04-13,30.0,50.84,Fixed Price,"BSE, NSE",Microsec Capital,2006,2006-2019,,,,,,,,,,,,,,,,,,,,,,,,,,,,,,,,,,,,,,,,31.0,chittorgarh,20.0,chittorgarh,39.2,chittorgarh,,,32.7,chittorgarh,34.7,chittorgarh,30.0,chittorgarh,30.0,chittorgarh,"To Part-finance the installation of four Submerged Arc Furnace of 16.5 MVA each along with other allied facilities like raw material handling system, Briquetting plant, substation for receiving power, pollution control equipments and facilities for Research and Development etc for manufacturing High Carbon Ferro Chrome, Silico Manganese and Ferro Manganese. | To meet additional Capital Expenditure. | To meet the Public Issue related expenses and list the shares on BSE and NSE. | Total",chittorgarh,51.0,chittorgarh
INE383H01017,Malu Paper Mills Ltd.,MB,MALUPAPER,532728.0,2006-03-06,2006-03-10,2006-04-05,30.0,25.0,Fixed Price,"BSE, NSE",Microsec Capital,2006,2006-2019,,,,,,,,,,,,,,,,,,,,,,,,,,,,,,,,,,,,,,,,20.0,chittorgarh,5.0,chittorgarh,20.0,chittorgarh,,,,,,,,,,,Setting up of Newsprint of 150 TPD | Public Issue Expenses | Total,chittorgarh,25.0,chittorgarh
INE297H01019,Gallantt Metal Ltd.,MB,GALLANTT,532726.0,2006-03-06,2006-03-10,2006-04-04,10.0,37.12,Fixed Price,"BSE, NSE",Anand Rathi Advisors,2006,2006-2019,,,,,,,,,,,,,,,,,,,,,,,,,,,,,,,,,,,,,,,,31.0,chittorgarh,6.0,chittorgarh,16.2,chittorgarh,,,,,,,,,,,To part finance the integrated Steel Plant | To meet the working capital requirements | To utilise funds for general corporate purposes. | To meet the public issue related expenses | Total,chittorgarh,37.0,chittorgarh
INE286H01012,Visa Steel Ltd.,MB,VISASTEEL,532721.0,2006-02-23,2006-02-27,2006-03-17,57.0,199.5,Bookbuilding,"BSE, NSE",Axis Capital,2006,2006-2019,,,,,,,,,,,,,,,,,,,,,,,,,,,,,,,,,,,,,,,,171.0,chittorgarh,29.0,chittorgarh,14.5,chittorgarh,,,,,,,,,,,Brownfield expansion of existing manufacturing activities into an integrated 0.5 million TPA special and stainless steel plant | Issue expenses | Total,chittorgarh,200.0,chittorgarh
INE858F01012,Nitco Tiles Ltd.,MB,NITCO,532722.0,2006-02-22,2006-02-27,2006-03-21,168.0,168.0,Bookbuilding,"BSE, NSE",HSBC InvestDirect Securities,2006,2006-2019,,,,,,,,,,,,,,,,,,,,,,,,,,,,,,,,,,,,,,,,168.0,chittorgarh,0.0,chittorgarh,0.0,chittorgarh,,,172.0,chittorgarh,188.75,chittorgarh,161.0,chittorgarh,182.9,chittorgarh,Land and site development | Building and Civil Works | Plant and Machinery | Contingencies | Margin money for working capital | Issue Expenses | General Corporate Purposes | Total,chittorgarh,168.0,chittorgarh
INE823G01014,J.K.Cement Ltd. FPO,MB,JKCEMENT,532644.0,2006-02-21,2006-02-24,2006-03-14,148.0,296.0,Bookbuilding,"BSE, NSE",BOFA Securities,2006,2006-2019,,,,,,,,,,,,,,,,,,,,,,,,,,,,,,,,,,,,,,,,296.0,chittorgarh,0.0,chittorgarh,0.0,chittorgarh,,,160.0,chittorgarh,163.0,chittorgarh,128.1,chittorgarh,155.5,chittorgarh,Installation of waste heat recovery power plant of 13 MW capacity | Installation of 20 MW petcoke based captive power plant | Replacement of an existing turbine with a new 10 MW turbine | Increase in the grinding and production capacity at the grey cement plant | Increase in the production capacity at the white cement plant | General corporate purposes | Total,chittorgarh,296.0,chittorgarh
INE774D01024,Mahindra & Mahindra Financial Services Ltd.,MB,M&MFIN,532720.0,2006-02-21,2006-02-24,2006-03-17,200.0,400.0,Bookbuilding,"BSE, NSE",Kotak Mahindra Capital,2006,2006-2019,,,,,,,,,,,,,,,,,,,,,,,,,,,,,,,,,,,,,,,,200.0,chittorgarh,200.0,chittorgarh,50.0,chittorgarh,,,241.0,chittorgarh,250.0,chittorgarh,205.2,chittorgarh,233.0,chittorgarh,Augment our capital base to meet our future capital requirements arising out of growth in our business 1878.0 and for other general corporate purposes | Estimated Issue expenses | Total,chittorgarh,400.0,chittorgarh
INE350H01032,B.L.Kashyap & Sons Ltd.,MB,BLKASHYAP,532719.0,2006-02-20,2006-02-23,2006-03-17,685.0,200.02,Bookbuilding,"BSE, NSE",Edelweiss Financial,2006,2006-2019,,,,,,,,,,,,,,,,,,,,,,,,,,,,,,,,,,,,,,,,200.0,chittorgarh,0.0,chittorgarh,0.0,chittorgarh,,,749.9,chittorgarh,1036.9,chittorgarh,749.9,chittorgarh,972.7,chittorgarh,"Plants and machinery | Investments in subsidiary, BLK Furnishers. | Land and building | Long term working capital | Issue expenses | Total",chittorgarh,200.0,chittorgarh
INE308H01014,Pratibha Industries Ltd.,MB,PRATIBHA,532718.0,2006-02-16,2006-02-22,2006-03-16,120.0,51.42,Bookbuilding,"BSE, NSE",Vivro Financial,2006,2006-2019,,,,,,,,,,,,,,,,,,,,,,,,,,,,,,,,,,,,,,,,51.0,chittorgarh,0.0,chittorgarh,0.0,chittorgarh,,,146.0,chittorgarh,189.7,chittorgarh,135.05,chittorgarh,181.2,chittorgarh,Investment in BOT/BOOT Projects | Investment in Pratibha Infrastructure Pvt Ltd for spiral welded pipe project | Long Term Working Capital margin | Repayment of part of the existing Debt/ Loan | Issue Expenses | Total,chittorgarh,51.0,chittorgarh
INE216D01026,K Sera Sera Productions Ltd. FPO,MB,KSERASERA,532081.0,2006-02-16,2006-02-22,2006-03-08,68.0,34.0,Bookbuilding,BSE,Standard Chartered Securities,2006,2006-2019,,,,,,,,,,,,,,,,,,,,,,,,,,,,,,,,,,,,,,,,34.0,chittorgarh,0.0,chittorgarh,0.0,chittorgarh,,,69.15,chittorgarh,69.25,chittorgarh,60.35,chittorgarh,61.35,chittorgarh,"Acquisition of Office Premises-Premises, Interior and set up | Funding distribution activities | Funding movie production | Issue Expenses | Total",chittorgarh,34.0,chittorgarh
INE346H01014,Gitanjali Gems Ltd.,MB,GITANJALI,532715.0,2006-02-16,2006-02-21,2006-03-10,195.0,331.5,Bookbuilding,"BSE, NSE",ICICI Securities,2006,2006-2019,,,,,,,,,,,,,,,,,,,,,,,,,,,,,,,,,,,,,,,,332.0,chittorgarh,0.0,chittorgarh,0.0,chittorgarh,,,215.0,chittorgarh,220.0,chittorgarh,164.1,chittorgarh,167.15,chittorgarh,"Investment in subsidiaries, joint ventures and associate companies | Capital expenditure for expansion of retail operations | Setting up of a diamond manufacturing facility at the Gems and Jewellery Special Economic Zone at Hyderabad | Setting up of a jewellery manufacturing facility at the Gems and Jewellery Special Economic Zone at Hyderabad | Setting up of an additional jewellery manufacturing facility at Andheri, Mumbai | Expanding jewellery manufacturing facility and setting up of diamond manufacturing facility at SEEPZ, Mumbai | Working capital purposes | Future acquisitions and general corporate purposes | Issue expenses | Total",chittorgarh,332.0,chittorgarh
INE692A01016,Union Bank of India FPO,MB,UNIONBANK,532477.0,2006-02-15,2006-02-21,2006-03-09,110.0,495.0,Bookbuilding,"BSE, NSE",SBICAP,2006,2006-2019,,,,,,,,,,,,,,,,,,,,,,,,,,,,,,,,,,,,,,,,495.0,chittorgarh,0.0,chittorgarh,0.0,chittorgarh,,,122.0,chittorgarh,123.3,chittorgarh,120.0,chittorgarh,122.05,chittorgarh,To augment capital base to meet the future capital requirements arising out of the implementation of the Basel II standards | Total,chittorgarh,495.0,chittorgarh
INE332H01014,Indo-Tech Transformers Ltd.,MB,INDOTECH,532717.0,2006-02-10,2006-02-16,2006-03-16,130.0,51.29,Fixed Price,"BSE, NSE",Axis Capital,2006,2006-2019,,,,,,,,,,,,,,,,,,,,,,,,,,,,,,,,,,,,,,,,38.0,chittorgarh,13.0,chittorgarh,25.5,chittorgarh,,,165.0,chittorgarh,242.9,chittorgarh,165.0,chittorgarh,235.9,chittorgarh,Relocation and Modernization of Saidapet plant into a new Distribution Transformer Plant of 750 MVA / annum at Thirumazhisai | Setting up a new Power Transformer Plant with a Capacity of 2400 MVA / Annum Incl 220 KV class of transformers at a new location | Setting up of Dry Type Transformer Plant at Thirumazhisai with capacity of 120 units per annum | To meet working capital requirements | To meet Issue Expenses | Total,chittorgarh,51.0,chittorgarh
INE683A01023,The South Indian Bank Ltd. FPO,MB,SOUTHBANK,532218.0,2006-02-10,2006-02-15,2006-03-07,66.0,150.0,Bookbuilding,"BSE, NSE",ICICI Securities,2006,2006-2019,,,,,,,,,,,,,,,,,,,,,,,,,,,,,,,,,,,,,,,,150.0,chittorgarh,0.0,chittorgarh,0.0,chittorgarh,,,65.75,chittorgarh,65.74,chittorgarh,63.8,chittorgarh,64.7,chittorgarh,"Augment our capital base to meet our future capital adequacy requirements arising 1,430.0 out of growth in our businesses and for other general corporate purposes | Estimated Issue expenses | Total",chittorgarh,150.0,chittorgarh
INE190H01024,Sakuma Exports Ltd.,MB,SAKUMA,532713.0,2006-02-08,2006-02-14,2006-03-08,50.0,33.33,Fixed Price,"BSE, NSE",Khandwala Securities,2006,2006-2019,,,,,,,,,,,,,,,,,,,,,,,,,,,,,,,,,,,,,,,,33.0,chittorgarh,0.0,chittorgarh,0.0,chittorgarh,,,65.0,chittorgarh,65.0,chittorgarh,45.25,chittorgarh,46.95,chittorgarh,Increase in long term working capital | General Corporate Purposes | Issue related Expenses | Total,chittorgarh,33.0,chittorgarh
INE226H01026,Sadbhav Engineering Ltd.,MB,SADBHAV,532710.0,2006-02-03,2006-02-08,2006-03-01,185.0,53.65,Bookbuilding,"BSE, NSE",Karvy Investor Services,2006,2006-2019,,,,,,,,,,,,,,,,,,,,,,,,,,,,,,,,,,,,,,,,54.0,chittorgarh,0.0,chittorgarh,0.0,chittorgarh,,,235.0,chittorgarh,338.0,chittorgarh,200.0,chittorgarh,320.5,chittorgarh,Investment in Mumbai Nasik Expressway Limited | Margin Money for Purchase of Capital Equipment | Margin Money for working capital requirement | Issue related Expenses | Total,chittorgarh,54.0,chittorgarh
INE251H01024,GVK Power & Infrastructure Ltd.,MB,GVKPIL,532708.0,2006-02-02,2006-02-07,2006-02-27,310.0,256.54,Bookbuilding,"BSE, NSE",JM Morgan Stanley,2006,2006-2019,,,,,,,,,,,,,,,,,,,,,,,,,,,,,,,,,,,,,,,,257.0,chittorgarh,0.0,chittorgarh,0.0,chittorgarh,,,350.0,chittorgarh,400.0,chittorgarh,304.55,chittorgarh,315.55,chittorgarh,Equity investment in GPL for setting up a 464 MW power plant | Repayment of bridge finance availed for funding the equity of GPL Power Project | Repayment of short term and long term debt in GVKPIL | General Corporate Purposes | Issue related Expenses | Total,chittorgarh,257.0,chittorgarh
INE305H01010,Sunil Hitech Engineers Ltd.,MB,SUNILHITEC,532711.0,2006-01-30,2006-02-03,2006-03-02,100.0,34.75,Fixed Price,"BSE, NSE",Centrum Capital,2006,2006-2019,,,,,,,,,,,,,,,,,,,,,,,,,,,,,,,,,,,,,,,,35.0,chittorgarh,0.0,chittorgarh,0.0,chittorgarh,,,110.0,chittorgarh,176.9,chittorgarh,110.0,chittorgarh,157.2,chittorgarh,Long Term incremental Working Capital | Acquisition of Fixed Assets | Foreclosure of Term Debt | Issue related Expenses | Total,chittorgarh,35.0,chittorgarh
INE312H01016,Inox Leisure Ltd.,MB,INOXLEISUR,532706.0,2006-01-27,2006-02-02,2006-02-23,120.0,198.0,Bookbuilding,"BSE, NSE",Axis Capital,2006,2006-2019,,,,,,,,,,,,,,,,,,,,,,,,,,,,,,,,,,,,,,,,144.0,chittorgarh,54.0,chittorgarh,27.3,chittorgarh,,,285.5,chittorgarh,289.0,chittorgarh,275.0,chittorgarh,280.9,chittorgarh,Setting up of new Multiplexes | General corporate purposes | Issue related expenses | Total,chittorgarh,198.0,chittorgarh
INE199G01027,Jagran Prakashan Ltd.,MB,JAGRAN,532705.0,2006-01-25,2006-01-31,2006-02-22,320.0,369.44,Bookbuilding,"BSE, NSE",BOFA Securities,2006,2006-2019,,,,,,,,,,,,,,,,,,,,,,,,,,,,,,,,,,,,,,,,369.0,chittorgarh,0.0,chittorgarh,0.0,chittorgarh,,,376.0,chittorgarh,405.0,chittorgarh,268.15,chittorgarh,273.65,chittorgarh,"Capital expenditure to enhance print and publishing capabilities | Capital expenditure to consolidate our infrastructure including print facility, editorial, marketing and administrative departments in and around New Delhi | Capital expenditure on plant and machinery for launching a second brand | Acquisitions and investments | Expansion of outdoor advertising business | Augmentation of working capital | General corporate purposes | Issue related expenses | Total",chittorgarh,369.0,chittorgarh
INE246F01010,Gujarat State Petronet Ltd.,MB,GSPL,532702.0,2006-01-24,2006-01-28,2006-02-16,27.0,372.6,Bookbuilding,"BSE, NSE",Kotak Mahindra Capital,2006,2006-2019,,,,,,,,,,,,,,,,,,,,,,,,,,,,,,,,,,,,,,,,373.0,chittorgarh,0.0,chittorgarh,0.0,chittorgarh,,,45.0,chittorgarh,47.25,chittorgarh,39.4,chittorgarh,40.3,chittorgarh,To finance the expansion of our existing gas transmission network by approximately 742 Kms into new identified areas in the State of Gujarat | Total,chittorgarh,373.0,chittorgarh
INE265F01028,Entertainment Network (India) Ltd.,MB,ENIL,532700.0,2006-01-23,2006-01-27,2006-02-15,162.0,213.84,Bookbuilding,"BSE, NSE",JM Morgan Stanley,2006,2006-2019,,,,,,,,,,,,,,,,,,,,,,,,,,,,,,,,,,,,,,,,214.0,chittorgarh,0.0,chittorgarh,0.0,chittorgarh,,,241.6,chittorgarh,287.0,chittorgarh,241.6,chittorgarh,264.8,chittorgarh,OTEF and Migration Fee payments under the Phase II Policy | Investment in the Subsidiary | General Corporate Purposes | Total,chittorgarh,214.0,chittorgarh
INE256H01015,Dynemic Products Ltd.,MB,DYNPRO,532707.0,2006-01-18,2006-01-25,2006-02-23,35.0,15.48,Fixed Price,BSE,Centrum Capital,2006,2006-2019,,,,,,,,,,,,,,,,,,,,,,,,,,,,,,,,,,,,,,,,15.0,chittorgarh,0.0,chittorgarh,0.0,chittorgarh,,,37.6,chittorgarh,40.0,chittorgarh,27.75,chittorgarh,28.2,chittorgarh,"Expansion of Unit I by in house manufacturing of Ethyl Acetate, installing recovery 411.86 plant of Glauber Salt and 1.4 PHPS and replacement of existing Gas Fired Boiler with Wood /Lignite fired boiler | Expansion of existing capacities of Unit II by installation of three plants for 1321.56 manufacturing of Food Colours and Lake Colours | To meet the expenses of the issue | Total",chittorgarh,15.0,chittorgarh
INE266H01014,Sree Sakthi Paper Mills Ltd.,MB,,532701.0,2006-01-17,2006-01-21,2006-02-16,30.0,25.0,Fixed Price,BSE,Keynote Financial,2006,2006-2019,,,,,,,,,,,,,,,,,,,,,,,,,,,,,,,,,,,,,,,,25.0,chittorgarh,0.0,chittorgarh,0.0,chittorgarh,,,38.0,chittorgarh,38.0,chittorgarh,28.6,chittorgarh,29.2,chittorgarh,Expansion of Kraft Paper unit | Co-Generation Plant (2MW) | Additional Working Capital Requirement | Repayment of high cost Term Loans | Issue Expenses | Total,chittorgarh,25.0,chittorgarh
INE434A01013,Andhra Bank FPO,MB,ANDHRABANK,532418.0,2006-01-16,2006-01-20,2006-02-07,90.0,765.0,Bookbuilding,"BSE, NSE",SBICAP,2006,2006-2019,,,,,,,,,,,,,,,,,,,,,,,,,,,,,,,,,,,,,,,,765.0,chittorgarh,0.0,chittorgarh,0.0,chittorgarh,,,,,,,,,,,"The objects of the Issue are to augment the capital base to meet the future capital requirements arising out of the implementation of the Basel II standards and the growth in the assets, primarily the loan and investment portfolio due to the growth of the Indian economy and for other general corporate purposes including meeting the expenses of the Issue. | Total",chittorgarh,765.0,chittorgarh
INE028A01039,Bank of Baroda FPO,MB,BANKBARODA,532134.0,2006-01-16,2006-01-20,2006-02-06,230.0,1633.0,Bookbuilding,"BSE, NSE",SBICAP,2006,2006-2019,,,,,,,,,,,,,,,,,,,,,,,,,,,,,,,,,,,,,,,,1633.0,chittorgarh,0.0,chittorgarh,0.0,chittorgarh,,,,,,,,,,,Augment the capital base to meet the future capital requirements | General Corporate Purposes | Total,chittorgarh,1633.0,chittorgarh
INE533D01032,Raj Rayon Ltd. FPO,MB,RAJRILTD,530699.0,2006-01-12,2006-01-18,2006-02-03,65.0,55.25,Bookbuilding,BSE,Standard Chartered Securities,2006,2006-2019,,,,,,,,,,,,,,,,,,,,,,,,,,,,,,,,,,,,,,,,55.0,chittorgarh,0.0,chittorgarh,0.0,chittorgarh,,,58.45,chittorgarh,58.5,chittorgarh,55.5,chittorgarh,55.95,chittorgarh,Cost for Setting-up a Partially Oriented Yarn (POY) Manufacturing Unit | Public Issue Expenses | Working Capital Requirement (Excluding Margin for Working Capital Requirement) | Total,chittorgarh,55.0,chittorgarh
INE283H01019,Royal Orchid Hotels Ltd.,MB,ROHLTD,532699.0,2006-01-12,2006-01-17,2006-02-06,165.0,112.53,Bookbuilding,"BSE, NSE",ICICI Securities,2006,2006-2019,,,,,,,,,,,,,,,,,,,,,,,,,,,,,,,,,,,,,,,,113.0,chittorgarh,0.0,chittorgarh,0.0,chittorgarh,,,240.1,chittorgarh,264.0,chittorgarh,227.6,chittorgarh,231.2,chittorgarh,Capital expenditure for operating hotel in Pune under long-term lease | Investing in our subsidiary Royal Orchid Hyderabad Private Limited  which would operate a hotel in Hyderabad on a long term lease | Purchase of 51% equity stake in Maruti Comforts and Inn Private Limited  and further investments for renovation of the property in Bangalore | Capital expenditure for modernization and renovation of existing hotel  properties in Bangalore | Future acquisitions and general corporate purposes | Issue expenses | Total,chittorgarh,113.0,chittorgarh
INE229H01012,Nitin Spinners Ltd.,MB,NITINSPIN,532698.0,2006-01-06,2006-01-12,2006-02-02,21.0,49.0,Bookbuilding,"BSE, NSE",Standard Chartered Securities,2006,2006-2019,,,,,,,,,,,,,,,,,,,,,,,,,,,,,,,,,,,,,,,,40.0,chittorgarh,9.0,chittorgarh,18.4,chittorgarh,,,28.05,chittorgarh,31.0,chittorgarh,25.3,chittorgarh,26.2,chittorgarh,Land | Building | Plant & Machinery – Imported & Indigenous | Miscellaneous Fixed Assets | Pre-operative Expenses | Provision for Contingency | Margin Money for Working Capital | Total,chittorgarh,49.0,chittorgarh
INE386I01018,Porwal Auto Components Ltd. FPO,MB,,532933.0,2007-12-17,2007-12-20,2008-01-14,75.0,37.5,Bookbuilding,BSE,Keynote Financial,2007,2006-2019,,,,,,,,,,,,,,,,,,,,,,,,,,,,,,,,,,,,,,,,38.0,chittorgarh,0.0,chittorgarh,0.0,chittorgarh,,,79.85,chittorgarh,120.0,chittorgarh,76.0,chittorgarh,79.65,chittorgarh,"To augment the current ongoing expansion of its manufacturing capacity of the CI and SG castings from 6600 MT per annum to 27600 MT per annum | Setting up of one Wind Mill, having Power generation capacity of 1.5 MW which would be used for captive consumption | To meet working capital requirement | To meet the Public Issue Expenses | To list the equity shares at the Bombay Stock Exchange",chittorgarh,38.0,chittorgarh
INE298I01015,Aries Agro Ltd.,MB,ARIES,532935.0,2007-12-14,2007-12-19,2008-01-11,130.0,58.51,Bookbuilding,"BSE, NSE",Srei Capital,2007,2006-2019,,,,,,,,,,,,,,,,,,,,,,,,,,,,,,,,,,,,,,,,59.0,chittorgarh,0.0,chittorgarh,0.0,chittorgarh,,,150.0,chittorgarh,261.0,chittorgarh,150.0,chittorgarh,251.6,chittorgarh,"Setting up of new manufacturing units at Ahmedabad, Lucknow, Medak (Andhra Pradesh) and an additional unit in Maharashtra | To purchase Plant & Machinery for its existing Factory in Mumbai | For Capital expenditure on Mobile Marketing | Renovation of existing Office Building & addition to existing Office Building at Deonar, Mumbai | Investment in Golden Harvest Middle East (FZC), UAE | To meet the working capital requirements of the Company | To meet General Corporate Expenses | To meet the issue expenses",chittorgarh,59.0,chittorgarh
INE791I01019,Brigade Enterprises Ltd.,MB,BRIGADE,532929.0,2007-12-10,2007-12-13,2007-12-31,390.0,745.62,Bookbuilding,"BSE, NSE",Axis Capital,2007,2006-2019,,,,,,,,,,,,,,,,,,,,,,,,,,,,,,,,,,,,,,,,746.0,chittorgarh,0.0,chittorgarh,0.0,chittorgarh,,,399.7,chittorgarh,409.4,chittorgarh,365.8,chittorgarh,378.55,chittorgarh,Acquisition of land | Construction and development costs in relation to our Ongoing Projects and Forthcoming Projects | General corporate purposes; and to achieve the benefits of listing.,chittorgarh,746.0,chittorgarh
INE763I01026,Transformers & Rectifiers (India) Ltd.,MB,TARIL,532928.0,2007-12-07,2007-12-12,2007-12-28,465.0,139.27,Bookbuilding,"BSE, NSE",Axis Capital,2007,2006-2019,,,,,,,,,,,,,,,,,,,,,,,,,,,,,,,,,,,,,,,,139.0,chittorgarh,0.0,chittorgarh,0.0,chittorgarh,,,701.1,chittorgarh,813.75,chittorgarh,685.2,chittorgarh,728.0,chittorgarh,"Setting up of greenfield manufacturing facility at Moraiya, near Ahmedabad, Gujarat for manufacturing transformers | To part-finance incremental working capital requirements | To meet the expenses of the issue | Total",chittorgarh,139.0,chittorgarh
INE661I01014,BGR Energy Systems Ltd.,MB,BGRENERGY,532930.0,2007-12-05,2007-12-12,2008-01-03,480.0,438.53,Bookbuilding,"BSE, NSE",SBICAP,2007,2006-2019,,,,,,,,,,,,,,,,,,,,,,,,,,,,,,,,,,,,,,,,207.0,chittorgarh,231.0,chittorgarh,52.6,chittorgarh,,,801.0,chittorgarh,940.0,chittorgarh,801.0,chittorgarh,901.3,chittorgarh,"Augment long-term working capital requirements | Expand production capacity by establishing additional manufacturing facilities in India, China and the Middle East | Fund expenditure for general corporate purposes | Total",chittorgarh,439.0,chittorgarh
INE738I01010,eClerx Services Ltd.,MB,ECLERX,532927.0,2007-12-04,2007-12-07,2007-12-31,315.0,101.0,Bookbuilding,"BSE, NSE",Edelweiss Financial,2007,2006-2019,,,,,,,,,,,,,,,,,,,,,,,,,,,,,,,,,,,,,,,,73.0,chittorgarh,28.0,chittorgarh,27.7,chittorgarh,,,320.0,chittorgarh,466.8,chittorgarh,320.0,chittorgarh,448.3,chittorgarh,Acquisitions | Infrastructure investments | Set up additional facilities and | General corporate purposes | Total,chittorgarh,101.0,chittorgarh
INE817H01014,Burnpur Cement Ltd.,MB,BURNPUR,532931.0,2007-11-28,2007-12-03,2008-01-03,12.0,26.29,Fixed Price,"BSE, NSE",Srei Capital,2007,2006-2019,,,,,,,,,,,,,,,,,,,,,,,,,,,,,,,,,,,,,,,,26.0,chittorgarh,0.0,chittorgarh,0.0,chittorgarh,,,18.45,chittorgarh,49.0,chittorgarh,17.8,chittorgarh,46.35,chittorgarh,"To set-up a Integrated Clinkerisation and Cement grinding plant of 800 TPD capacity expandable to 1600 TPD in the Hazaribagh district of Jharkhand at Patratu Industrial Estate, for manufacturing Clinker, Ordinary Portland Cement (OPC), Portland Pozzolona Cement (PPC) and Portland Slag Cement (PSC) | To meet the expenses of the Issue | To list the equity shares of the Company on the Bombay Stock Exchange Limited (BSE), and the National Stock Exchange of India Limited (NSE), which will enhance the Company’s brand name and provide liquidity to its existing and future shareholders.",chittorgarh,26.0,chittorgarh
INE668F01031,Jyothy Laboratories Ltd.,MB,JYOTHYLAB,532926.0,2007-11-22,2007-11-27,2007-12-19,690.0,305.69,Bookbuilding,"BSE, NSE",Kotak Mahindra Capital,2007,2006-2019,,,,,,,,,,,,,,,,,,,,,,,,,,,,,,,,,,,,,,,,,,306.0,chittorgarh,100.0,chittorgarh,,,799.0,chittorgarh,880.0,chittorgarh,752.6,chittorgarh,793.7,chittorgarh,,,306.0,chittorgarh
INE234I01028,Kaushalya Infrastructure Development Corp.Ltd.,MB,KAUSHALYA,532925.0,2007-11-20,2007-11-23,2007-12-14,60.0,51.0,Bookbuilding,"BSE, NSE",Srei Capital,2007,2006-2019,,,,,,,,,,,,,,,,,,,,,,,,,,,,,,,,,,,,,,,,51.0,chittorgarh,0.0,chittorgarh,0.0,chittorgarh,,,67.9,chittorgarh,84.2,chittorgarh,63.6,chittorgarh,82.25,chittorgarh,To purchase capital equipments comprising construction and infrastructure equipments for execution of projects | Acquisition of land and land development rights and Real Estate Development | Investment in BOT/BOOT projects and Joint Ventures | To meet the long term working capital requirements of the Company | To meet General Corporate Expenses | Expenses of the public issue,chittorgarh,51.0,chittorgarh
INE094I01018,Kolte-Patil Developers Ltd.,MB,KOLTEPATIL,532924.0,2007-11-19,2007-11-22,2007-12-13,145.0,275.54,Bookbuilding,"BSE, NSE",BOFA Securities,2007,2006-2019,,,,,,,,,,,,,,,,,,,,,,,,,,,,,,,,,,,,,,,,276.0,chittorgarh,0.0,chittorgarh,0.0,chittorgarh,,,220.0,chittorgarh,223.9,chittorgarh,175.0,chittorgarh,181.45,chittorgarh,Acquisition of Development Rights | . Development and construction costs for existing projects and for forthcoming projects | Issue Expenses,chittorgarh,276.0,chittorgarh
INE722H01024,Renaissance Jewellery Ltd.,MB,RGL,532923.0,2007-11-19,2007-11-21,2007-12-12,150.0,79.86,Bookbuilding,"BSE, NSE",Edelweiss Financial,2007,2006-2019,,,,,,,,,,,,,,,,,,,,,,,,,,,,,,,,,,,,,,,,80.0,chittorgarh,0.0,chittorgarh,0.0,chittorgarh,,,190.0,chittorgarh,200.0,chittorgarh,163.0,chittorgarh,164.8,chittorgarh,Expansion of manufacturing Capacity at Bhavnagar unit (100% EOU) | Expansion of Capacity and modernization of our Mumbai units | Investment in foreign Subsidiary | Augmenting working capital requirements | Further expansion / General corporate purposes | To meet expenses of the Issue,chittorgarh,80.0,chittorgarh
INE532F01054,Edelweiss Capital Ltd.,MB,EDELWEISS,532922.0,2007-11-15,2007-11-20,2007-12-12,825.0,691.86,Bookbuilding,"BSE, NSE",Citigroup Global,2007,2006-2019,,,,,,,,,,,,,,,,,,,,,,,,,,,,,,,,,,,,,,,,692.0,chittorgarh,0.0,chittorgarh,0.0,chittorgarh,,,1443.75,chittorgarh,1608.75,chittorgarh,1443.75,chittorgarh,1509.95,chittorgarh,enhance our margin maintenance with stock exchanges | establish additional offices and acquire office infrastructure | enhance our existing technological capacity | prepayment of loans | General Corporate Purpose,chittorgarh,692.0,chittorgarh
INE742F01042,Mundra Port & Special Economic Zone Ltd.,MB,ADANIPORTS,532921.0,2007-11-01,2007-11-07,2007-11-27,440.0,1771.0,Bookbuilding,"BSE, NSE",BOFA Securities,2007,2006-2019,,,,,,,,,,,,,,,,,,,,,,,,,,,,,,,,,,,,,,,,1771.0,chittorgarh,0.0,chittorgarh,0.0,chittorgarh,,,770.0,chittorgarh,1150.0,chittorgarh,770.0,chittorgarh,961.7,chittorgarh,Construction and development of basic infrastructure and the allied facilities in the proposed SEZ at Mundra (“SEZ Project”) | Construction and development of a terminal for coal and other cargo in the vicinity of power projects at Mundra Port (“Coal Terminal Project”) | Contribution towards investment in Adani Petronet (Dahej) Port Private Limited (“APPPL”) | Contribution towards investment in Adani Logistics Limited (“ALL”) | Contribution towards investment in Inland Conware Private Limited (“ICPL”) | General Corporate Purpose,chittorgarh,1771.0,chittorgarh
INE180G01019,Empee Distilleries Ltd.,MB,EDL,532920.0,2007-11-01,2007-11-06,2007-11-26,400.0,192.2,Bookbuilding,"BSE, NSE",Almondz Global,2007,2006-2019,,,,,,,,,,,,,,,,,,,,,,,,,,,,,,,,,,,,,,,,192.0,chittorgarh,0.0,chittorgarh,0.0,chittorgarh,,,400.0,chittorgarh,489.0,chittorgarh,301.0,chittorgarh,317.9,chittorgarh,"Setting up of 60 KLPD Grain Based Distillery Unit at Nellore District, Naidupet Sub-District, Pellakuru Mandal, Pellakuru Village, Andhra Pradesh. | Setting up of Blending & Bottling IMFL Plant at Nellore District, Naidupet Sub-District, Pellakuru Mandal, Pellakuru Village, Andhra Pradesh with a capacity of 0.70 Lakh cases per month. | . Setting up of 7.5 MW Bio-mass based Power Plant at Aranthangi Taluk, Pudukottai District, Tamil Nadu | Development of 2.00 Lakhs sq.ft. of residential space in Mevalorkuppam, Sriperumbudur Taluk, Kancheepuram, District Tamil Nadu | Expansion of our Existing Distillery Unit situated at Mevaloorkuppam, Sriperumbudur Taluk, Kanchipuram District, Tamil Nadu by augmenting the capacity of our Extra Neutral Alcohol Plant from 20KLPD to 70KLPD | Expansion of our Existing Distillery Unit situated at Mevaloorkuppam, Sriperumbudur Taluk, Kanchipuram District, Tamil Nadu by augmenting the capacity of the said distillery to handle 5.00 Lakh cases per month from the present 3.20 Lakh cases per month. | Relocation of Plant & Machinery purchased from Appollo Alchobev Limited to Village Arabikothanur, Panchayat-Vokkaleri Hobli, District Kolar, Karnataka along with expanding the existing capacity from 0.50 Lakh cases per month to 1.00 Lakh cases per month. | To meet General Corporate Purposes and | To meet the Expenses of this Issue.",chittorgarh,192.0,chittorgarh
INE621H01010,Religare Enterprises Ltd.,MB,RELIGARE,532915.0,2007-10-29,2007-11-01,2007-11-21,185.0,140.16,Bookbuilding,"BSE, NSE",Citigroup Global,2007,2006-2019,,,,,,,,,,,,,,,,,,,,,,,,,,,,,,,,,,,,,,,,140.0,chittorgarh,0.0,chittorgarh,0.0,chittorgarh,,,323.75,chittorgarh,600.0,chittorgarh,323.75,chittorgarh,521.7,chittorgarh,To expand domestic operations and network of branches | To fund retail finance business and | To expand financing activity,chittorgarh,140.0,chittorgarh
INE032G01012,Varun Industries Ltd.,MB,VARUN,532917.0,2007-10-25,2007-10-31,2007-11-22,60.0,54.01,Fixed Price,"BSE, NSE",IDBI Capital,2007,2006-2019,,,,,,,,,,,,,,,,,,,,,,,,,,,,,,,,,,,,,,,,39.0,chittorgarh,15.0,chittorgarh,27.8,chittorgarh,,,105.0,chittorgarh,150.0,chittorgarh,94.2,chittorgarh,112.65,chittorgarh,To meet the expenditure required for launching of our Stainless Steel Kitchenware and Houseware items as well as Brand building in the domestic market. | Meeting the margin money requirement for enhanced working capital | Gaining the benefits of listing of our Equity Shares,chittorgarh,54.0,chittorgarh
INE335I01056,Allied Computers International (Asia) Ltd.,MB,,532919.0,2007-10-19,2007-10-23,2007-11-23,12.0,6.01,Fixed Price,BSE,CIL Securities,2007,2006-2019,,,,,,,,,,,,,,,,,,,,,,,,,,,,,,,,,,,,,,,,6.0,chittorgarh,0.0,chittorgarh,0.0,chittorgarh,,,21.0,chittorgarh,41.25,chittorgarh,21.0,chittorgarh,37.7,chittorgarh,Building and Infrastructures | Plant & Machinery | Electrical Equipments | Furniture & Fixtures | Public Issue expenses | Total,chittorgarh,6.0,chittorgarh
INE575I01016,Rathi Bars Ltd.,MB,,532918.0,2007-10-18,2007-10-23,2007-11-23,35.0,25.0,Fixed Price,BSE,Chartered Capital,2007,2006-2019,,,,,,,,,,,,,,,,,,,,,,,,,,,,,,,,,,,,,,,,25.0,chittorgarh,0.0,chittorgarh,0.0,chittorgarh,,,38.0,chittorgarh,45.0,chittorgarh,31.0,chittorgarh,31.9,chittorgarh,Expansion and modernisation including: 1. Purchase of plant and machinery; 2. Building and civil works; 3. Requirement of working capital; 4. Preliminary expenses; and 5. Production Launch expenses. | Expenses of the Issue | Security Deposit to State Electricity Board,chittorgarh,25.0,chittorgarh
INE720H01010,Circuit Systems (India) Ltd.,MB,,532913.0,2007-09-27,2007-10-05,2007-11-02,35.0,14.86,Fixed Price,BSE,Centrum Capital,2007,2006-2019,,,,,,,,,,,,,,,,,,,,,,,,,,,,,,,,,,,,,,,,11.0,chittorgarh,4.0,chittorgarh,26.7,chittorgarh,,,42.0,chittorgarh,59.0,chittorgarh,40.05,chittorgarh,43.5,chittorgarh,Fund the Capital Expenditure for expanding capacity from 84000 Sq Mtrs of PCB to 150000 sq Mtrs of PCB. | Acquisitions of Companies/Business in the same line of activity. | Fund the Working Capital Margin requirement. | To Meet the expenses related to the issue.,chittorgarh,15.0,chittorgarh
INE369I01014,Maytas Infra Ltd.,MB,IL&FSENGG,532907.0,2007-09-27,2007-10-04,2007-10-25,370.0,327.45,Bookbuilding,"BSE, NSE",BOFA Securities,2007,2006-2019,,,,,,,,,,,,,,,,,,,,,,,,,,,,,,,,,,,,,,,,327.0,chittorgarh,0.0,chittorgarh,0.0,chittorgarh,,,480.0,chittorgarh,637.7,chittorgarh,480.0,chittorgarh,614.3,chittorgarh,"Investment in Associate companies: Bangalore Elevated Tollway for the construction of the elevated highway project of the Bangalore-Hosur section of NH-7; KVK Nilachal Power for developing, constructing and commissioning a 300 MW coal-based power plant in Orissa; and SV Power for setting up a 56 MW coal washery reject based power plant and a 2.5 million metric tonne per annum coal washery at Korba District, Chhattisgarh | Purchase of construction equipment | Other project related investments and commitments | General corporate purposes | Issue expenses",chittorgarh,327.0,chittorgarh
INE320H01019,Saamya Biotech (India) Ltd.,MB,,532905.0,2007-09-25,2007-09-28,2007-10-19,10.0,15.01,Fixed Price,BSE,UTI Securities,2007,2006-2019,,,,,,,,,,,,,,,,,,,,,,,,,,,,,,,,,,,,,,,,15.0,chittorgarh,0.0,chittorgarh,0.0,chittorgarh,,,17.5,chittorgarh,24.35,chittorgarh,13.85,chittorgarh,15.3,chittorgarh,Land and site development | Buildings & Civil Works | Plant and machinery | Technical know-how fee | Misc. fixed assets | Preliminary and Pre-operative expenses | Contingencies | Margin money for working capital | Total,chittorgarh,15.0,chittorgarh
INE550H01011,Supreme Infrastructure India Ltd.,MB,SUPREMEINF,532904.0,2007-09-21,2007-09-26,2007-10-18,108.0,37.54,Bookbuilding,"BSE, NSE",Karvy Investor Services,2007,2006-2019,,,,,,,,,,,,,,,,,,,,,,,,,,,,,,,,,,,,,,,,38.0,chittorgarh,0.0,chittorgarh,0.0,chittorgarh,,,189.0,chittorgarh,224.0,chittorgarh,167.15,chittorgarh,175.25,chittorgarh,To raise financial resources for part financing -  Purchase and / or upgradation of Plant and Machinery | Purchase of Plant and Machinery for Real estate construction | Long Term Working Capital Requirement | Public Issue Expenses,chittorgarh,38.0,chittorgarh
INE406I01014,Koutons Retail India Ltd.,MB,KOUTONS,532901.0,2007-09-18,2007-09-21,2007-10-12,415.0,146.26,Bookbuilding,"BSE, NSE",JP Morgan,2007,2006-2019,,,,,,,,,,,,,,,,,,,,,,,,,,,,,,,,,,,,,,,,108.0,chittorgarh,38.0,chittorgarh,26.0,chittorgarh,,,515.0,chittorgarh,515.0,chittorgarh,649.0,chittorgarh,590.45,chittorgarh,Setting up of the exclusive brand outlets of the Company. | Establishment of a new integrated manufacturing facility. | Purchase of plant and machinery to increase the finishing and manufacturing capacity of the Company. | Improvement of our information technology network; and | General corporate purposes.,chittorgarh,146.0,chittorgarh
INE429I01024,Consolidated Construction Consortium Ltd.,MB,CCCL,532902.0,2007-09-18,2007-09-21,2007-10-15,510.0,188.7,Bookbuilding,"BSE, NSE",Axis Capital,2007,2006-2019,,,,,,,,,,,,,,,,,,,,,,,,,,,,,,,,,,,,,,,,189.0,chittorgarh,0.0,chittorgarh,0.0,chittorgarh,,,801.0,chittorgarh,825.25,chittorgarh,736.2,chittorgarh,791.45,chittorgarh,Finance the acquisition of construction infrastructure. | Investment in our Subsidiaries. | Expenditures towards our skill and management development centre. | Repayment of loans. | Fund expenditures for general corporate purposes.,chittorgarh,189.0,chittorgarh
INE752E01010,Power Grid Corp.of India Ltd.,MB,POWERGRID,532898.0,2007-09-10,2007-09-13,2007-10-05,52.0,2984.45,Bookbuilding,"BSE, NSE",Citigroup Global,2007,2006-2019,,,,,,,,,,,,,,,,,,,,,,,,,,,,,,,,,,,,,,,,1990.0,chittorgarh,995.0,chittorgarh,33.3,chittorgarh,,,85.0,chittorgarh,109.4,chittorgarh,85.0,chittorgarh,100.65,chittorgarh,To meet the capital requirements for the implementation of certain identified transmission projects and | Total Issue Expenses | Total,chittorgarh,2984.0,chittorgarh
INE406H01016,Dhanus Technologies Ltd.,MB,DHANUS,532903.0,2007-09-10,2007-09-12,2007-10-17,295.0,113.13,Bookbuilding,"BSE, NSE",Srei Capital,2007,2006-2019,,,,,,,,,,,,,,,,,,,,,,,,,,,,,,,,,,,,,,,,113.0,chittorgarh,0.0,chittorgarh,0.0,chittorgarh,,,300.2,chittorgarh,350.0,chittorgarh,251.6,chittorgarh,311.15,chittorgarh,"Fund the acquisition of property in Chennai city and construction of building to house the Corporate office, Network Operating Centre, ITES, Software Support Services, Customer Support Services, and Software Development initiatives, including interiors and power back-up support. | Expansion and improvement of the Company’s infrastructure support systems by purchase of Network Operating Centre equipments for its ITES and FleeTrac businesses. | Purchase of equipments such as Development Servers, Workstations, Software for ITeS agents, and the management team of ITeS services. | Purchase equipments for FleeTrac services. | Set up of countrywide network of sales and support offices. | .Expenses of the Issue",chittorgarh,113.0,chittorgarh
INE455I01029,Kaveri Seed Co.Ltd.,MB,KSCL,532899.0,2007-09-06,2007-09-11,2007-10-04,170.0,68.04,Bookbuilding,"BSE, NSE",Anand Rathi Advisors,2007,2006-2019,,,,,,,,,,,,,,,,,,,,,,,,,,,,,,,,,,,,,,,,68.0,chittorgarh,0.0,chittorgarh,0.0,chittorgarh,,,201.15,chittorgarh,262.0,chittorgarh,201.15,chittorgarh,230.1,chittorgarh,"Acquisition of farmland for R&D near Hyderabad, Alwar and Ahmedabad | Setting up of marketing offices & godowns in Delhi, Lucknow, Jaipur, Ahmedabad and Aurangabad | Setting up of corn cob drying plants in Medak District, and Bellary | Setting up of a biotechnology lab at Gundla Pochampally near Hyderabad | Upgradation of existing seed processing plants at Kandlakoi, Gundla Pochampally, Gatla Narsingapur and Bellary | Setting up of a seed processing Plant in Medak District near Hyderabad | Working capital Margin requirements | Issue Expenses",chittorgarh,68.0,chittorgarh
INE989B01014,Dagger-Forst Tools Ltd. FPO,MB,,505426.0,2007-08-27,2007-09-03,2007-09-25,45.0,17.69,Fixed Price,BSE,Centrum Capital,2007,2006-2019,,,,,,,,,,,,,,,,,,,,,,,,,,,,,,,,,,,,,,,,16.0,chittorgarh,2.0,chittorgarh,11.1,chittorgarh,,,45.35,chittorgarh,45.4,chittorgarh,42.3,chittorgarh,43.9,chittorgarh,"Setting up a new plant for providing machining facility of castings at Aurangabad | To repay the unsecured loan raised by the Company for setting up the Gandhidham unit from Nirved Traders Private Limited, Promoter Company | To meet the margin money for working capital requirement for Aurangabad Project | To meet the expenses of the issue",chittorgarh,18.0,chittorgarh
INE387I01016,Magnum Ventures Ltd.,MB,MAGNUM,532896.0,2007-08-27,2007-08-30,2007-09-20,30.0,52.92,Bookbuilding,"BSE, NSE",Srei Capital,2007,2006-2019,,,,,,,,,,,,,,,,,,,,,,,,,,,,,,,,,,,,,,,,53.0,chittorgarh,0.0,chittorgarh,0.0,chittorgarh,,,36.95,chittorgarh,66.7,chittorgarh,36.95,chittorgarh,48.7,chittorgarh,"Land and site development | Plant & Machinery | Civil work | Furniture, Fixtures & Equipments | Pre-operating expenses | Securities | Technical know how and management development fees | Interest during construction period | Contingencies | Margin for working capital | Total",chittorgarh,53.0,chittorgarh
INE227G01018,Indowind Energy Ltd.,MB,INDOWIND,532894.0,2007-08-21,2007-08-24,2007-09-14,65.0,74.14,Bookbuilding,"BSE, NSE",UTI Securities,2007,2006-2019,,,,,,,,,,,,,,,,,,,,,,,,,,,,,,,,,,,,,,,,74.0,chittorgarh,0.0,chittorgarh,0.0,chittorgarh,,,80.25,chittorgarh,124.5,chittorgarh,55.1,chittorgarh,114.05,chittorgarh,"Setting up 9 MW Wind Farm Project in Chitradurga, Karnataka | Purchase of Hydraulic cranes | Acquisition of second hand Wind Energy Generators (WEG) from Banks | Foreclosure of lease with ICICI Bank Limited and Axis Bank Limited (formerly known as UTI Bank Limited) | Meet the additional working capital requirements | To meet the expenses of the issue",chittorgarh,74.0,chittorgarh
INE338I01027,Motilal Oswal Financial Services Ltd.,MB,MOTILALOFS,532892.0,2007-08-20,2007-08-23,2007-09-11,825.0,246.07,Bookbuilding,"BSE, NSE",Citigroup Global,2007,2006-2019,,,,,,,,,,,,,,,,,,,,,,,,,,,,,,,,,,,,,,,,246.0,chittorgarh,0.0,chittorgarh,0.0,chittorgarh,,,999.0,chittorgarh,999.0,chittorgarh,913.0,chittorgarh,977.45,chittorgarh,Augmenting long term working capital | Financing activity | Purchase / lease of new office space for business expansion | General corporate purpose | Technology | Issue expenses,chittorgarh,246.0,chittorgarh
INE930H01031,K.P.R.Mill Ltd.,MB,KPRMILL,532889.0,2007-08-02,2007-08-07,2007-08-28,225.0,133.02,Bookbuilding,"BSE, NSE",ICICI Securities,2007,2006-2019,,,,,,,,,,,,,,,,,,,,,,,,,,,,,,,,,,,,,,,,133.0,chittorgarh,0.0,chittorgarh,0.0,chittorgarh,,,201.2,chittorgarh,209.8,chittorgarh,169.1,chittorgarh,173.5,chittorgarh,"Expansion of the existing garment facility at Arasur, near Coimbatore | Expansion of the processing facility at State Industries Promotion Corporation of Tamil Nadu Limited ('SIPCOT""), Perundurai; | Investing in a new knitting facility at Arasur | Installing windmills at Thandyarkulam, near Tirunelveli; | Addition of balancing equipments for its existing spinning facility at Sathyamangalam | Addition of balancing equipments for its existing spinning facility at Sathyamangalam. | General Corporate Purpose",chittorgarh,133.0,chittorgarh
INE142I01023,TAKE Solutions Ltd.,MB,TAKE,532890.0,2007-08-01,2007-08-07,2007-08-27,730.0,153.3,Bookbuilding,"BSE, NSE",Edelweiss Financial,2007,2006-2019,,,,,,,,,,,,,,,,,,,,,,,,,,,,,,,,,,,,,,,,153.0,chittorgarh,0.0,chittorgarh,0.0,chittorgarh,,,876.0,chittorgarh,943.3,chittorgarh,839.15,chittorgarh,926.5,chittorgarh,Acquisition of companies/businesses/products | Repayment of debt facilities utilized for acquisition | Product Development | Enhancement of Domestic Infrastructure Facilities; and | Prepayment of Term Loan | Issue Expenses,chittorgarh,153.0,chittorgarh
INE323I01011,Puravankara Projects Ltd.,MB,PURVA,532891.0,2007-07-31,2007-08-08,2007-08-30,400.0,856.28,Bookbuilding,"BSE, NSE",Citigroup Global,2007,2006-2019,,,,,,,,,,,,,,,,,,,,,,,,,,,,,,,,,,,,,,,,856.0,chittorgarh,0.0,chittorgarh,0.0,chittorgarh,,,399.0,chittorgarh,399.0,chittorgarh,357.55,chittorgarh,361.75,chittorgarh,Land acquisition | Repayment of loans of the Company | General corporate purposes,chittorgarh,856.0,chittorgarh
INE022I01019,Asian Granito India Ltd.,MB,ASIANTILES,532888.0,2007-07-26,2007-07-31,2007-08-23,97.0,67.9,Bookbuilding,"BSE, NSE",SBICAP,2007,2006-2019,,,,,,,,,,,,,,,,,,,,,,,,,,,,,,,,,,,,,,,,68.0,chittorgarh,0.0,chittorgarh,0.0,chittorgarh,,,100.15,chittorgarh,103.35,chittorgarh,82.1,chittorgarh,94.75,chittorgarh,Setting up of a wall tile unit | Modernisation and expansion of existing vitrified tile manufacturing unit | General Corporate Purposes; | Issue Expenditure,chittorgarh,68.0,chittorgarh
INE105I01020,SEL Manufacturing Co.Ltd.,MB,SELMC,532886.0,2007-07-26,2007-07-31,2007-08-21,90.0,37.25,Bookbuilding,"BSE, NSE",UTI Securities,2007,2006-2019,,,,,,,,,,,,,,,,,,,,,,,,,,,,,,,,,,,,,,,,37.0,chittorgarh,0.0,chittorgarh,0.0,chittorgarh,,,87.9,chittorgarh,157.5,chittorgarh,80.0,chittorgarh,142.8,chittorgarh,To part fund the expansion project; | To meet the working capital requirements.,chittorgarh,37.0,chittorgarh
INE483A01010,Central Bank of India,MB,CENTRALBK,532885.0,2007-07-24,2007-07-27,2007-08-21,102.0,816.0,Bookbuilding,"BSE, NSE",Axis Capital,2007,2006-2019,,,,,,,,,,,,,,,,,,,,,,,,,,,,,,,,,,,,,,,,816.0,chittorgarh,0.0,chittorgarh,0.0,chittorgarh,,,130.1,chittorgarh,133.25,chittorgarh,114.0,chittorgarh,115.4,chittorgarh,"Augment our capital base to meet the future capital requirements arising out of the implementation of the Basel II standards and the growth in our assets, primarily our loan and investment portfolio due to the growth of the Indian economy, and for other general corporate purposes | To meet the future capital requirements out of implementation of Basel 2 standard and growth of assets, primarily loans and investment portfolio.",chittorgarh,816.0,chittorgarh
INE056I01025,Refex Refrigerants Ltd.,MB,REFEX,532884.0,2007-07-23,2007-07-26,2007-08-20,65.0,24.7,Fixed Price,BSE,Keynote Financial,2007,2006-2019,,,,,,,,,,,,,,,,,,,,,,,,,,,,,,,,,,,,,,,,25.0,chittorgarh,0.0,chittorgarh,0.0,chittorgarh,,,69.1,chittorgarh,73.8,chittorgarh,61.05,chittorgarh,62.0,chittorgarh,"Part finance the Project of Expansion of the present installed capacity of cylinders 2909.00 from 480 MT per annum to 3,000 MT per annum | Meet the margin money requirement for working capital | Meet the issue expenses | Meet the expenses towards brand building",chittorgarh,25.0,chittorgarh
INE414I01018,IVR Prime Urban Developers Ltd.,MB,IVRPRIME,532881.0,2007-07-23,2007-07-26,2007-08-16,550.0,778.25,Bookbuilding,"BSE, NSE",Axis Capital,2007,2006-2019,,,,,,,,,,,,,,,,,,,,,,,,,,,,,,,,,,,,,,,,778.0,chittorgarh,0.0,chittorgarh,0.0,chittorgarh,,,500.0,chittorgarh,500.0,chittorgarh,388.0,chittorgarh,418.15,chittorgarh,Development and construction costs for the project at Jigani | Development and construction costs for the IT Park and mall to be constructed at Gachibowli | Repayment of loan to our Parent Company | Repayment of the loan taken from Karnataka Bank Limited | Repayment of the development right costs to our Parent Company | General Corporate purposes,chittorgarh,778.0,chittorgarh
INE225I01026,Zylog Systems Ltd.,MB,ZYLOG,532883.0,2007-07-20,2007-07-25,2007-08-17,350.0,126.0,Bookbuilding,"BSE, NSE",Motilal Oswal Investment,2007,2006-2019,,,,,,,,,,,,,,,,,,,,,,,,,,,,,,,,,,,,,,,,126.0,chittorgarh,0.0,chittorgarh,0.0,chittorgarh,,,525.0,chittorgarh,525.0,chittorgarh,356.2,chittorgarh,431.1,chittorgarh,To set up two state of the art Offshore Development Centres (ODCs) | To fund acquisition(s) / strategic investments | To meet the increasing working capital requirement | To meet the issue expenses,chittorgarh,126.0,chittorgarh
INE810H01019,Omnitech InfoSolutions Ltd.,MB,OMNITECH,532882.0,2007-07-19,2007-07-25,2007-08-14,105.0,35.0,Bookbuilding,"BSE, NSE",UTI Securities,2007,2006-2019,,,,,,,,,,,,,,,,,,,,,,,,,,,,,,,,,,,,,,,,35.0,chittorgarh,0.0,chittorgarh,0.0,chittorgarh,,,183.75,chittorgarh,183.75,chittorgarh,155.0,chittorgarh,164.55,chittorgarh,To fund acquisition(s) / strategic investments and/or to alternatively set up new technology center; | To set up overseas offices for business expansion | To enhance our existing facilities | To set up new technology centrre(s) | To meet issues expenses | Contingencies | Total,chittorgarh,35.0,chittorgarh
INE800H01010,Omaxe Ltd.,MB,OMAXE,532880.0,2007-07-17,2007-07-20,2007-08-09,310.0,605.94,Bookbuilding,"BSE, NSE",Citigroup Global,2007,2006-2019,,,,,,,,,,,,,,,,,,,,,,,,,,,,,,,,,,,,,,,,606.0,chittorgarh,0.0,chittorgarh,0.0,chittorgarh,,,400.0,chittorgarh,410.0,chittorgarh,341.5,chittorgarh,349.95,chittorgarh,Payments related to Land | Repayment of Loan | Development and Construction Cost | General Corporate Expenses/Working Capital Requirement,chittorgarh,606.0,chittorgarh
INE385I01010,Alpa Laboratories Ltd.,MB,ALPA,532878.0,2007-07-12,2007-07-17,2007-08-06,68.0,61.07,Bookbuilding,"BSE, NSE",Almondz Global,2007,2006-2019,,,,,,,,,,,,,,,,,,,,,,,,,,,,,,,,,,,,,,,,61.0,chittorgarh,0.0,chittorgarh,0.0,chittorgarh,,,60.0,chittorgarh,65.0,chittorgarh,54.0,chittorgarh,55.6,chittorgarh,"Setting up a new plant at Pigdamber, Indore for increasing our production & testing capacities | Meeting Margin money working capital requirements | General Corporate Purposes and | Meeting Issue Expenses",chittorgarh,61.0,chittorgarh
INE898F01018,Simplex Projects Ltd.,MB,SIMPLEX,532877.0,2007-07-10,2007-07-13,2007-08-03,185.0,55.51,Bookbuilding,"BSE, NSE",UBS Securities,2007,2006-2019,,,,,,,,,,,,,,,,,,,,,,,,,,,,,,,,,,,,,,,,56.0,chittorgarh,0.0,chittorgarh,0.0,chittorgarh,,,323.75,chittorgarh,323.75,chittorgarh,266.7,chittorgarh,272.05,chittorgarh,Augment Long Term Working Capital Requirement | Acquire Plant & Machineries | Investment in Subsidiary: (a) For Purchase of Design and Technology for Semi and Fully Automated Multi Level Car Parking Systems. b) For Development of Designs and Setting up of Fabrication Unit. c) For meeting the expenses of Marketing and Promotion of Parking Systems. | Meeting the Public Issue Expenses | General Corporate Purposes,chittorgarh,56.0,chittorgarh
INE678H01010,Everonn Systems India Ltd.,MB,EVERONN,532876.0,2007-07-05,2007-07-11,2007-08-01,140.0,50.02,Bookbuilding,"BSE, NSE",Centrum Capital,2007,2006-2019,,,,,,,,,,,,,,,,,,,,,,,,,,,,,,,,,,,,,,,,50.0,chittorgarh,0.0,chittorgarh,0.0,chittorgarh,,,245.0,chittorgarh,560.0,chittorgarh,245.0,chittorgarh,478.45,chittorgarh,Institutional Education and IT Infrastructure Service(CAPEX) | Virtual & Tech Enabled Learning Solutions (CAPEX) | Working Capital | Mergers & Acquisitions | Investment in Subsidiary | Brand Building | Issue Expenses,chittorgarh,50.0,chittorgarh
INE102I01027,Allied Digital Services Ltd.,MB,ADSL,532875.0,2007-07-02,2007-07-05,2007-07-25,190.0,85.93,Bookbuilding,"BSE, NSE",Anand Rathi Advisors,2007,2006-2019,,,,,,,,,,,,,,,,,,,,,,,,,,,,,,,,,,,,,,,,86.0,chittorgarh,0.0,chittorgarh,0.0,chittorgarh,,,332.5,chittorgarh,370.5,chittorgarh,309.5,chittorgarh,331.8,chittorgarh,Setting up of a Global Service Delivery Centre | Upgradation and Expansion of Existing Infrastructure | Setting up of new Strategic Business Units | Strategic Acquisition | Financing Working Capital Requirements | Meet Public Issue Expenses,chittorgarh,86.0,chittorgarh
INE191I01012,Housing Development & Infrastructure Ltd.,MB,HDIL,532873.0,2007-06-28,2007-07-03,2007-07-24,500.0,1707.75,Bookbuilding,"BSE, NSE",Kotak Mahindra Capital,2007,2006-2019,,,,,,,,,,,,,,,,,,,,,,,,,,,,,,,,,,,,,,,,1708.0,chittorgarh,0.0,chittorgarh,0.0,chittorgarh,,,567.5,chittorgarh,617.5,chittorgarh,473.5,chittorgarh,558.6,chittorgarh,Acquisition of land and land development rights for our Ongoing and Planned projects | Construction of our Ongoing projects | General corporate purposes,chittorgarh,1708.0,chittorgarh
INE258A01024,Bharat Earth Movers Ltd. FPO,MB,BEML,500048.0,2007-06-27,2007-07-03,2007-07-17,1075.0,526.75,Bookbuilding,"BSE, NSE",ICICI Securities,2007,2006-2019,,,,,,,,,,,,,,,,,,,,,,,,,,,,,,,,,,,,,,,,527.0,chittorgarh,0.0,chittorgarh,0.0,chittorgarh,,,1199.0,chittorgarh,1230.05,chittorgarh,1171.05,chittorgarh,1196.6,chittorgarh,Expansion of Metro Coach Manufacturing Facility at Bangalore | Capital Expenditure including upgradation of current facilities | Voluntary Retirement Scheme (“VRS”) for Employees | Setting up of 5MW Wind Mill for captive consumption | Contribution for setting up R&D Centre of Excellence for Metro Coaches | Issue Expenses | General Corporate Purposes,chittorgarh,527.0,chittorgarh
INE274I01016,Suryachakra Power Corp.Ltd.,MB,SURYACHAKRA,532874.0,2007-06-25,2007-06-29,2007-07-23,20.0,68.0,Bookbuilding,BSE,Karvy Investor Services,2007,2006-2019,,,,,,,,,,,,,,,,,,,,,,,,,,,,,,,,,,,,,,,,68.0,chittorgarh,0.0,chittorgarh,0.0,chittorgarh,,,30.0,chittorgarh,30.0,chittorgarh,21.0,chittorgarh,22.35,chittorgarh,Equity Investment in MSM Energy Limited for setting up two 10MW bio-mass power plants | To meet working capital requirement for Power Trading | Additional Working Capital for its operations | General Corporate Purposes | Issue expenses,chittorgarh,68.0,chittorgarh
INE684H01018,Spice Communications Ltd.,MB,SPICETELE,532863.0,2007-06-25,2007-06-27,2007-07-19,46.0,520.31,Bookbuilding,BSE,Axis Capital,2007,2006-2019,,,,,,,,,,,,,,,,,,,,,,,,,,,,,,,,,,,,,,,,520.0,chittorgarh,0.0,chittorgarh,0.0,chittorgarh,,,,,,,,,,,"Part repayment of long term debt | Payment of License fee for NLD and ILD and related capital expenditures, etc. | Payment to vendor(s) for network equipments and other capital expenditures | General Corporate Purposes | Issue Expenses",chittorgarh,520.0,chittorgarh
INE090A01021,ICICI Bank Ltd. FPO,MB,ICICIBANK,532174.0,2007-06-19,2007-06-22,2007-07-06,940.0,10062.5,Bookbuilding,"BSE, NSE",BOFA Securities,2007,2006-2019,,,,,,,,,,,,,,,,,,,,,,,,,,,,,,,,,,,,,,,,10062.0,chittorgarh,0.0,chittorgarh,0.0,chittorgarh,,,995.0,chittorgarh,995.0,chittorgarh,962.0,chittorgarh,981.55,chittorgarh,Augment capital base to meet future capital adequacy requirements arising out of growth in our businesses and for other general corporate purposes | Estimated Issue expenses | Total,chittorgarh,10062.0,chittorgarh
INE221I01017,Celestial Labs Ltd.,MB,CELESTIAL,532871.0,2007-06-18,2007-06-22,2007-07-17,60.0,30.0,Fixed Price,"BSE, NSE",Chartered Capital,2007,2006-2019,,,,,,,,,,,,,,,,,,,,,,,,,,,,,,,,,,,,,,,,30.0,chittorgarh,0.0,chittorgarh,0.0,chittorgarh,,,70.0,chittorgarh,75.0,chittorgarh,66.15,chittorgarh,67.2,chittorgarh,Setting up infrastructure for Manufacturing of Enzymes | Enhancing existing infrastructure for Bioinformatics and Drug molecule development and related services | Marketing and liaison office at USA | Incremental working capital | Public issue expenses,chittorgarh,30.0,chittorgarh
INE106I01010,Ankit Metal & Power Ltd.,MB,ANKITMETAL,532870.0,2007-06-18,2007-06-22,2007-07-10,36.0,42.84,Bookbuilding,BSE,Chartered Capital,2007,2006-2019,,,,,,,,,,,,,,,,,,,,,,,,,,,,,,,,,,,,,,,,35.0,chittorgarh,8.0,chittorgarh,18.6,chittorgarh,,,37.9,chittorgarh,38.4,chittorgarh,36.5,chittorgarh,36.95,chittorgarh,"The proceeds from the Issue of shares are intended to be deployed for: Sponge Iron Plant, Steel Melting Shop including Induction furnaces & 4 MW AFBC based Captive Concaster, Re-rolling Mill, and 8.5 MW Waste Heat Power Plant Recovery based Captive Power Plant. | To utilise funds for general corporate purposes. The general corporate purpose also includes capital expenses for iron ore and coal mining, the repayment of any unsecured loans raised and internal accrual, if any, for the purpose of the proposed project. | To meet the Public Issue Expenses. | Total",chittorgarh,43.0,chittorgarh
INE924H01018,Roman Tarmat Ltd.,MB,TARMAT,532869.0,2007-06-12,2007-06-19,2007-07-09,175.0,50.78,Bookbuilding,"BSE, NSE",Almondz Global,2007,2006-2019,,,,,,,,,,,,,,,,,,,,,,,,,,,,,,,,,,,,,,,,51.0,chittorgarh,0.0,chittorgarh,0.0,chittorgarh,,,295.0,chittorgarh,376.25,chittorgarh,295.0,chittorgarh,319.85,chittorgarh,Investment in capital equipment | Funding long term working capital requirements | General Corporate Purposes | Meeting the issue expenses,chittorgarh,51.0,chittorgarh
INE271C01023,DLF Ltd.,MB,DLF,532868.0,2007-06-11,2007-06-14,2007-07-05,525.0,9187.5,Bookbuilding,"BSE, NSE",Citigroup Global,2007,2006-2019,,,,,,,,,,,,,,,,,,,,,,,,,,,,,,,,,,,,,,,,9188.0,chittorgarh,0.0,chittorgarh,0.0,chittorgarh,,,582.0,chittorgarh,714.25,chittorgarh,505.6,chittorgarh,570.05,chittorgarh,Acquisition of land and development right | Development and construction costs for existing projects | Prepayment of loans of our Company,chittorgarh,9188.0,chittorgarh
INE945H01021,Vishal Retail Ltd.,MB,V2RETAIL,532867.0,2007-06-11,2007-06-13,2007-07-04,270.0,110.0,Bookbuilding,"BSE, NSE",Axis Capital,2007,2006-2019,,,,,,,,,,,,,,,,,,,,,,,,,,,,,,,,,,,,,,,,110.0,chittorgarh,0.0,chittorgarh,0.0,chittorgarh,,,472.5,chittorgarh,809.0,chittorgarh,423.25,chittorgarh,752.2,chittorgarh,Expenditure on establishment of new retail stores | Issue Expenses,chittorgarh,110.0,chittorgarh
INE189I01024,Nelcast Ltd.,MB,NELCAST,532864.0,2007-06-04,2007-06-08,2007-06-27,219.0,95.27,Bookbuilding,"BSE, NSE",Karvy Investor Services,2007,2006-2019,,,,,,,,,,,,,,,,,,,,,,,,,,,,,,,,,,,,,,,,95.0,chittorgarh,0.0,chittorgarh,0.0,chittorgarh,,,252.05,chittorgarh,284.7,chittorgarh,203.1,chittorgarh,206.25,chittorgarh,Expansion/ Modernisation of the existing production facilities | Incremental working capital requirement | Issue expenses | General Corporate Purposes,chittorgarh,95.0,chittorgarh
INE974H01013,Meghmani Organics Ltd.,MB,MEGH,532865.0,2007-06-04,2007-06-07,2007-06-28,19.0,102.0,Bookbuilding,"BSE, NSE",Edelweiss Financial,2007,2006-2019,,,,,,,,,,,,,,,,,,,,,,,,,,,,,,,,,,,,,,,,102.0,chittorgarh,0.0,chittorgarh,0.0,chittorgarh,,,33.25,chittorgarh,34.0,chittorgarh,26.15,chittorgarh,26.65,chittorgarh,"To finance setting up of a new high performance pigment plant (""HPP"") at GIDC Industrial Estate, Vatva, Ahmedabad | New Technical grade Pesticide /Formulation plant at Panoli | Investment in our subsidiary, Meghmani Energy Limited to finance setting up of 3 MW Captive Power Plant at Chharodi | Inorganic growth opportunities/diversification opportunities / general corporate purpose | Financing working capital needs | Issue expenses",chittorgarh,102.0,chittorgarh
INE172I01012,Decolight Ceramics Ltd.,MB,DECOLIGHT,532858.0,2007-05-24,2007-05-29,2007-06-19,54.0,43.46,Bookbuilding,"BSE, NSE",IDBI Capital,2007,2006-2019,,,,,,,40.0,51.0,,9.0,12.0,,3.0,5.0,,,,,,,,,,,1.0,12.0,,,,51.0,5.0,9.8,,,Mar 2007,2.0,screener,,,43.0,chittorgarh,0.0,chittorgarh,0.0,chittorgarh,,,57.0,chittorgarh,65.9,chittorgarh,43.5,chittorgarh,44.5,chittorgarh,"To expand the capacity of manufacture of vitrified tiles from 6000 sq.meters 1265.00 per day to 12000 sq. meters per day | To establish manufacturing facilities of aluminum composite panels(ACP) | To set up 4.6 MW wind turbine generators (WTG) | Additional office & factory buildings and godowns | Other fixed assets / GEB Deposit & Line charges, extra space etc | Margin money for Working capital requirements | To meet the issue expenses",chittorgarh,43.0,chittorgarh
INE508G01029,Time Technoplast Ltd.,MB,TIMETECHNO,532856.0,2007-05-18,2007-05-23,2007-06-13,315.0,123.53,Bookbuilding,"BSE, NSE",HSBC InvestDirect Securities,2007,2006-2019,,,,,,,,,,,,,,,,,,,,,,,,,,,,,,,,,,,,,,,,124.0,chittorgarh,0.0,chittorgarh,0.0,chittorgarh,,,415.55,chittorgarh,498.0,chittorgarh,415.55,chittorgarh,480.35,chittorgarh,Setting up of new project at Thane (H.P.) for Disposable Medical Devices | Setting up integrated injection moulding facilities at Silvassa (U.T.) for augmenting production capacity for plastic Pails and Auto Components | Setting up of new project in Mid East (Sharjah – UAE) for Packaging (Plastic drums & containers and coni Pails) and Life Style Products (Garden Furniture) | Setting up production facilities in Europe (Poland) for Auto Components (Anti Spray Devices) and Life Style Products (Entrance Matting and Turf) | To acquire entire 49% holding of Time Securities Services Pvt. Ltd. in the Singapore based Joint Venture Mauser Holding Asia Pte. Ltd. with Mauser Holding Netherlands B.V. holding remaining 51% | General corporate purpose | Issue Expenses,chittorgarh,124.0,chittorgarh
INE489H01020,Nitin Fire Protection Industries Ltd.,MB,NITINFIRE,532854.0,2007-05-15,2007-05-18,2007-06-05,190.0,64.47,Bookbuilding,"BSE, NSE",Karvy Investor Services,2007,2006-2019,,,,,,,,,,,,,,,,,,,,,,,,,,,,,,,,,,,,,,,,64.0,chittorgarh,0.0,chittorgarh,0.0,chittorgarh,,,332.5,chittorgarh,502.7,chittorgarh,332.5,chittorgarh,484.1,chittorgarh,"Investment in our wholly owned subsidiary, Nitin Cylinders Limited for Setting-up of a high-pressure seamless cylinder plant at Visakhapatnam Special Economic Zone(including Bank Term Loan) | Public Issue Expenses",chittorgarh,64.0,chittorgarh
INE228I01012,Asahi Songwon Colors Ltd.,MB,ASAHISONG,532853.0,2007-05-09,2007-05-15,2007-06-04,90.0,33.5,Bookbuilding,BSE,Fortune Financial,2007,2006-2019,,,,,,,,,,,,,,,,,,,,,,,,,,,,,,,,,,,,,,,,33.0,chittorgarh,0.0,chittorgarh,0.0,chittorgarh,,,93.0,chittorgarh,134.7,chittorgarh,87.65,chittorgarh,89.95,chittorgarh,Land and Land Development | Buildings | Process Equipments | Pipes & Pipe fittings | Erection/Piping/Paints | Insulation | Electrical cables/Panel boards/Motors | Instrumentation | R&D Centre (Equips.) | Misc. Fixed Assets | P&P expenses incl. Issue expenses | Contingency @ 2% | Working Capital Margin,chittorgarh,33.0,chittorgarh
INE408H01012,Glory Polyfilms Ltd.,MB,GLORY,532857.0,2007-05-09,2007-05-15,2007-06-18,48.0,39.46,Fixed Price,"BSE, NSE",Srei Capital,2007,2006-2019,,,,,,,,,,,,,,,,,,,,,,,,,,,,,,,,,,,,,,,,39.0,chittorgarh,0.0,chittorgarh,0.0,chittorgarh,,,50.0,chittorgarh,84.0,chittorgarh,50.0,chittorgarh,61.85,chittorgarh,"Proposed expansion of Multilayer film producing capacity by 11652 MTPA, printing capacity by 4956 MTPA and lamination capacity by 3500 MTPA | Working capital margin requirements for the proposed expansion | Expenses of the public Issue | General Corporate Purposes",chittorgarh,39.0,chittorgarh
INE070I01018,Insecticides (India) Ltd.,MB,INSECTICID,532851.0,2007-05-07,2007-05-11,2007-05-30,115.0,36.92,Bookbuilding,"BSE, NSE",UTI Securities,2007,2006-2019,,,,,,,,,,,,,,,,,,,,,,,,,,,,,,,,,,,,,,,,37.0,chittorgarh,0.0,chittorgarh,0.0,chittorgarh,,,105.0,chittorgarh,117.0,chittorgarh,101.15,chittorgarh,109.5,chittorgarh,,,37.0,chittorgarh
INE042H01019,Binani Cement Ltd.,MB,BINANICEM,532849.0,2007-05-07,2007-05-10,2007-05-28,75.0,153.75,Bookbuilding,"BSE, NSE",ICICI Securities,2007,2006-2019,,,,,,,,,,,,,,,,,,,,,,,,,,,,,,,,,,,,,,,,,,154.0,chittorgarh,100.0,chittorgarh,,,79.0,chittorgarh,79.0,chittorgarh,67.45,chittorgarh,68.65,chittorgarh,"To achieve the benefits of listing on the Stock Exchanges and to carry out the sale of 20,500,000 Equity Shares by the Selling Shareholder",chittorgarh,154.0,chittorgarh
INE287C01037,MIC Electronics Ltd.,MB,MICEL,532850.0,2007-04-30,2007-05-08,2007-05-30,150.0,76.5,Bookbuilding,"BSE, NSE",Edelweiss Financial,2007,2006-2019,,,,,,,,,,,,,,,,,,,,,,,,,,,,,,,,,,,,,,,,77.0,chittorgarh,0.0,chittorgarh,0.0,chittorgarh,,,210.25,chittorgarh,367.8,chittorgarh,210.25,chittorgarh,335.65,chittorgarh,"Setting up additional facility for manufacture of LED boards | LED video display systems to be used for rental / leasing | Products Up-gradation / Development | Design & Development of 3D Stereoscopic Displays | Market Development – Domestic & Overseas | Acquisition of Infostep Inc., USA | Augment working capital requirements | Meet the expenses of the issue",chittorgarh,77.0,chittorgarh
INE797H01018,Bhagwati Banquets & Hotels Ltd.,MB,TGBHOTELS,532845.0,2007-04-18,2007-04-25,2007-05-17,40.0,92.0,Bookbuilding,"BSE, NSE",Chartered Capital,2007,2006-2019,,,,,,,,,,,,,,,,,,,,,,,,,,,,,,,,,,,,,,,,74.0,chittorgarh,18.0,chittorgarh,19.6,chittorgarh,,,46.35,chittorgarh,57.2,chittorgarh,45.35,chittorgarh,50.65,chittorgarh,Capital Expenditure for starting Hotel at Surat | General Corporate Purposes | Meeting Issue Expenses,chittorgarh,92.0,chittorgarh
INE788H01017,Hilton Metal Forging Ltd.,MB,HILTON,532847.0,2007-04-18,2007-04-24,2007-05-24,70.0,38.15,Fixed Price,"BSE, NSE",Centrum Capital,2007,2006-2019,,,,,,,,,,,,,,,,,,,,,,,,,,,,,,,,,,,,,,,,38.0,chittorgarh,0.0,chittorgarh,0.0,chittorgarh,,,75.0,chittorgarh,80.0,chittorgarh,66.0,chittorgarh,67.6,chittorgarh,"Land | Site Development of Plot No. 1, 2, 3 & 15 | Construction of Factory Building | Plant & Machineries | Balancing Equipements | Office Equipements | Furniture & Fixtures | Contingences | Preliminary & pre-operative expenses | Margin For Working Capital",chittorgarh,38.0,chittorgarh
INE061F01013,Fortis Healthcare Ltd.,MB,FORTIS,532843.0,2007-04-16,2007-04-20,2007-05-09,108.0,496.76,Bookbuilding,"BSE, NSE",Citigroup Global,2007,2006-2019,,,,,,,,,,,,,,,,,,,,,,,,,,,,,,,,,,,,,,,,494.0,chittorgarh,3.0,chittorgarh,0.6,chittorgarh,,,105.0,chittorgarh,109.1,chittorgarh,97.9,chittorgarh,100.0,chittorgarh,"Construction and development of the 2,000.00 2,000.00 - 1,000.00 1,000.00 (1) planned hospital to be located at Shalimar Bagh, New Delhi by OBPL. | Refinancing of funds availed for the acquisition of EHIRCL | Prepayment of short term loans of the Company. | General corporate purposes including strategic initiatives | Issue expenses",chittorgarh,497.0,chittorgarh
INE517H01028,Advanta India Ltd.,MB,ADVANTA,532840.0,2007-03-26,2007-03-30,2007-04-19,640.0,216.32,Bookbuilding,"BSE, NSE",Dam Capital,2007,2006-2019,,,,,,,,,,,,,,,,,,,,,,,,,,,,,,,,,,,,,,,,216.0,chittorgarh,0.0,chittorgarh,0.0,chittorgarh,,,640.0,chittorgarh,992.9,chittorgarh,591.0,chittorgarh,850.05,chittorgarh,"Investment in our Subsidiary, Advanta Holdings B.V. | General corporate purpose | Total",chittorgarh,216.0,chittorgarh
INE725G01011,ICRA Ltd.,MB,ICRA,532835.0,2007-03-20,2007-03-23,2007-04-13,330.0,85.18,Bookbuilding,"BSE, NSE",Kotak Mahindra Capital,2007,2006-2019,,,,,,,,,,,,,,,,,,,,,,,,,,,,,,,,,,,,,,,,,,85.0,chittorgarh,100.0,chittorgarh,,,525.0,chittorgarh,880.1,chittorgarh,525.0,chittorgarh,797.6,chittorgarh,"To achieve the benefits of listing on the Stock Exchanges and to carry out the sale of up to 2,581,100 Equity Shares by our Selling Shareholders",chittorgarh,85.0,chittorgarh
INE628H01015,Orbit Corp.Ltd.,MB,ORBITCORP,532837.0,2007-03-20,2007-03-23,2007-04-12,110.0,100.1,Bookbuilding,"BSE, NSE",Edelweiss Financial,2007,2006-2019,,,,,,,,,,,,,,,,,,,,,,,,,,,,,,,,,,,,,,,,100.0,chittorgarh,0.0,chittorgarh,0.0,chittorgarh,,,90.0,chittorgarh,137.0,chittorgarh,90.0,chittorgarh,127.95,chittorgarh,Advances towards acquisition cost of new projects | Project Development cost for the current projects | Investment in wholly owned subsidiaries | Issue expenses,chittorgarh,100.0,chittorgarh
INE391H01010,Gremach Infrastructure Equipments & Projects Ltd.,MB,GREMACH,532836.0,2007-03-08,2007-03-19,2007-04-11,86.0,59.0,Bookbuilding,"BSE, NSE",RR Investors Capital,2007,2006-2019,,,,,,,,,,,,,,,,,,,,,,,,,,,,,,,,,,,,,,,,59.0,chittorgarh,0.0,chittorgarh,0.0,chittorgarh,,,92.0,chittorgarh,100.0,chittorgarh,80.7,chittorgarh,83.95,chittorgarh,Purchase of Construction Equipment | General Corporate Purpose | Public Issue Expenses,chittorgarh,59.0,chittorgarh
INE761H01022,Page Industries Ltd.,MB,PAGEIND,532827.0,2007-02-23,2007-02-27,2007-03-16,360.0,100.94,Bookbuilding,"BSE, NSE",HSBC InvestDirect Securities,2007,2006-2019,,,,,,,,,,,,,,,,,,,,,,,,,,,,,,,,,,,,,,,,51.0,chittorgarh,50.0,chittorgarh,49.5,chittorgarh,,,341.9,chittorgarh,341.9,chittorgarh,272.0,chittorgarh,282.1,chittorgarh,"Brand Building | Expansion of garment manufacturing capacity at the existing location | Setting up a new manufacturing facility at Bommasandra, Bangalore | Expansion of Elastic manufacturing facility | Expansion of Socks manufacturing facility | Purchase of Corporate office premises | Implementation of new generation ERP software (SAP) | Modernisation of production process | General Corporate purposes | Issue Expenses",chittorgarh,101.0,chittorgarh
INE004I01017,Abhishek Mills Ltd.,MB,ABHISHEK,532831.0,2007-02-20,2007-03-01,2007-03-19,100.0,41.0,Bookbuilding,"BSE, NSE",UTI Securities,2007,2006-2019,,,,,,,,,,,,,,,,,,,,,,,,,,,,,,,,,,,,,,,,41.0,chittorgarh,0.0,chittorgarh,0.0,chittorgarh,,,94.0,chittorgarh,100.45,chittorgarh,79.4,chittorgarh,91.15,chittorgarh,Capital expenditure for setting up expansion project | Margin money for working capital requirement for the expansion project in the first year of operation | Issue related expenses,chittorgarh,41.0,chittorgarh
INE702H01018,Jagjanani Textiles Ltd.,MB,,532825.0,2007-02-15,2007-02-23,2007-03-19,25.0,20.25,Fixed Price,BSE,Centrum Capital,2007,2006-2019,,,,,,,,,,,,,,,,,,,,,,,,,,,,,,,,,,,,,,,,20.0,chittorgarh,0.0,chittorgarh,0.0,chittorgarh,,,22.4,chittorgarh,24.9,chittorgarh,20.1,chittorgarh,23.15,chittorgarh,Imported Machinery | Indigenous Machinery | Factory Building | Contingencies | Margin Money for Working Capital | Preliminary & Pre Operative Expenses | Total,chittorgarh,20.0,chittorgarh
INE005I01014,AMD Metplast Ltd.,MB,AMDIND,532828.0,2007-02-15,2007-02-23,2007-03-19,75.0,76.25,Bookbuilding,"BSE, NSE",Chartered Capital,2007,2006-2019,,,,,,,,70.0,,,12.0,,,4.0,,,,,,46.0,,,93.0,,,8.0,,,31.0,70.0,4.0,5.71,12.9,1.48,Mar 2006,1.0,screener,,,68.0,chittorgarh,8.0,chittorgarh,10.5,chittorgarh,,,65.1,chittorgarh,82.55,chittorgarh,64.65,chittorgarh,78.3,chittorgarh,Capital Expenditure | Long Term Working Capital Requirements | Prepayment/Repayment of Debt | Issue Expenses | General Corporate Purposes,chittorgarh,76.0,chittorgarh
INE952H01027,Raj Television Network Ltd.,MB,RAJTV,532826.0,2007-02-14,2007-02-23,2007-03-16,257.0,91.78,Bookbuilding,"BSE, NSE",Vivro Financial,2007,2006-2019,,,,,,,,,,,,,,,,,,,,,,,,,,,,,,,,,,,,,,,,58.0,chittorgarh,33.0,chittorgarh,35.9,chittorgarh,,,275.0,chittorgarh,275.0,chittorgarh,207.1,chittorgarh,225.95,chittorgarh,"Strengthen facilities, enhancement of content base and content acquisition | Launch of New Television Channel | Overseas Broadcasting of our Channels | Production of Short-films/ Tele-films | New Studio | Acquisition and Export of films broadcasting rights | General Corporate Purposes | Issue Expenses",chittorgarh,92.0,chittorgarh
INE006I01046,Astral Poly Technik Ltd.,MB,ASTRAL,532830.0,2007-02-14,2007-02-22,2007-03-20,115.0,34.17,Fixed Price,"BSE, NSE",Karvy Investor Services,2007,2006-2019,,,,,,,,,,,,,,,,,,,,,,,,,,,,,,,,,,,,,,,,34.0,chittorgarh,0.0,chittorgarh,0.0,chittorgarh,,,115.0,chittorgarh,115.0,chittorgarh,100.2,chittorgarh,104.55,chittorgarh,Factory Land | New Factory Building | Plant & Machinery | Working Capital | Issue Expenses | Contingency,chittorgarh,34.0,chittorgarh
INE669E01016,Idea Cellular Ltd.,MB,IDEA,532822.0,2007-02-12,2007-02-15,2007-03-09,75.0,2443.75,Bookbuilding,"BSE, NSE",Citigroup Global,2007,2006-2019,,,,,,,,,,,,,,,,,,,,,,,,,,,,,,,,,,,,,,,,2444.0,chittorgarh,0.0,chittorgarh,0.0,chittorgarh,,,92.4,chittorgarh,94.25,chittorgarh,84.0,chittorgarh,85.55,chittorgarh,"Building, strengthening and expanding our network and related services in the New Circles | Entry Fee and capital expenditure for NLD operations | Roll out for services in Mumbai Circle | Redemption of Preference Shares | Issue Expenses",chittorgarh,2444.0,chittorgarh
INE961H01010,Evinix Accessories Ltd.,MB,EVINIX,532818.0,2007-02-12,2007-02-15,2007-03-07,120.0,42.0,Bookbuilding,"BSE, NSE",Almondz Global,2007,2006-2019,,,,,,,,,,,,,,,,,,,,,,,,,,,,,,,,,,,,,,,,42.0,chittorgarh,0.0,chittorgarh,0.0,chittorgarh,,,110.0,chittorgarh,128.0,chittorgarh,70.25,chittorgarh,73.75,chittorgarh,"Acquisition of Garment Manufacturing Facility at NSEZ, Noida | Expansion at Acquired unit at NSEZ, Noida | Expansion at existing unit at Faridabad | Long Term Working Capital Requirement | Setting up retail business activities and general corporate purposes including repayment of loans | Public Issue Expenses | Contingencies",chittorgarh,42.0,chittorgarh
INE025I01012,Indus Fila Ltd.,MB,INDUSFILA,532821.0,2007-02-12,2007-02-14,2007-03-08,170.0,82.34,Bookbuilding,"BSE, NSE",Anand Rathi Advisors,2007,2006-2019,,,,,,,,,,,,,,,,,,,,,,,,,,,,,,,,,,,,,,,,82.0,chittorgarh,0.0,chittorgarh,0.0,chittorgarh,,,160.0,chittorgarh,160.0,chittorgarh,117.4,chittorgarh,132.15,chittorgarh,"Part funding the capital expenditure for the expansion project - Weaving | Part funding the capital expenditure for the expansion project - Yarn Dyeing and Setting up of ""Centre of Excellence"" | Part funding the capital expenditure for the expansion project - Processing | Part funding the capital expenditure for the expansion project - Garmenting | Working Capital requirement for the expansion project | Pre-operative expenses and contingencies | Issue related expenses",chittorgarh,82.0,chittorgarh
INE018I01017,MindTree Consulting Ltd.,MB,MINDTREE,532819.0,2007-02-09,2007-02-14,2007-03-07,425.0,237.72,Bookbuilding,"BSE, NSE",JP Morgan,2007,2006-2019,,,,,,,,,,,,,,,,,,,,,,,,,,,,,,,,,,,,,,,,238.0,chittorgarh,0.0,chittorgarh,0.0,chittorgarh,,,599.0,chittorgarh,678.8,chittorgarh,575.2,chittorgarh,620.3,chittorgarh,Fund a new development centre in Chennai | Prepay certain loans | General corporate purposes,chittorgarh,238.0,chittorgarh
INE698H01018,Broadcast Initiatives Ltd.,MB,BROADCAST,532816.0,2007-02-09,2007-02-14,2007-03-07,120.0,102.6,Bookbuilding,"BSE, NSE",Almondz Global,2007,2006-2019,,,,,,,,,,,,,,,,,,,,,,,,,,,,,,,,,,,,,,,,103.0,chittorgarh,0.0,chittorgarh,0.0,chittorgarh,,,117.0,chittorgarh,118.0,chittorgarh,66.6,chittorgarh,69.4,chittorgarh,"Purchase of Land & Construction of Studio | Purchase of Production, Post Production & Broadcasting Equipments | Prepayment of loans | General Corporate purpose | Issue Expenses",chittorgarh,103.0,chittorgarh
INE119G01025,Vijayeswari Textiles Ltd. FPO,MB,VTXIND,532824.0,2007-02-08,2007-02-19,2007-03-09,100.0,90.0,Bookbuilding,BSE,IDBI Capital,2007,2006-2019,,,,,,,,,,,,,,,,,,,,,,,,,,,,,,,,,,,,,,,,90.0,chittorgarh,0.0,chittorgarh,0.0,chittorgarh,,,90.05,chittorgarh,90.05,chittorgarh,65.0,chittorgarh,68.95,chittorgarh,Land and Site Development | Building and other amenities | Plant & Machinery: a. Imported | Plant & Machinery: b. Indigenous | Cost of Wind Mill | Assets to be acquired from Promoter Group | Provision for Contingencies | Pre-operative expenses | Issue expenses | Margin for Working Capital,chittorgarh,90.0,chittorgarh
INE311H01018,Mudra Lifestyle Ltd.,MB,ELAND,532820.0,2007-02-08,2007-02-14,2007-03-09,90.0,86.22,Bookbuilding,"BSE, NSE",SBICAP,2007,2006-2019,,,,,,,,,,,,,,,,,,,,,,,,,,,,,,,,,,,,,,,,86.0,chittorgarh,0.0,chittorgarh,0.0,chittorgarh,,,94.8,chittorgarh,95.0,chittorgarh,62.05,chittorgarh,63.8,chittorgarh,Proposed expansion at facilities at Bangalore and Tarapur | General Corporate Purpose/Acquisitions | Issue Expenses,chittorgarh,86.0,chittorgarh
INE998H01012,Oriental Trimex Ltd.,MB,ORIENTALTL,532817.0,2007-02-08,2007-02-14,2007-03-07,48.0,44.7,Bookbuilding,"BSE, NSE",Almondz Global,2007,2006-2019,,,,,,,,,,,,,,,,,,,,,,,,,,,,,,,,,,,,,,,,42.0,chittorgarh,3.0,chittorgarh,6.7,chittorgarh,,,42.0,chittorgarh,47.0,chittorgarh,28.2,chittorgarh,29.45,chittorgarh,Expansion of capacity of marble processing at its Greater Noida processing unit | Setting up of a new marble processing unit at Kolkatta | Setting up of a new marble-processing unit at Bangalore | Setting up of a new granite/decorative stones processing unit at Balasore (Orissa) | Acquiring additional mining equipments for granite quarries in Orissa | Setting up of retail marketing outlet at Delhi and installation of equipments at Chennai outlet | Long term working capital requirement | Public Issue expenses | Pre-operative and Preliminary Expenses | Contingency provision,chittorgarh,45.0,chittorgarh
INE649H01011,Euro Ceramics Ltd.,MB,EUROCERA,532823.0,2007-02-07,2007-02-13,2007-03-09,165.0,92.75,Bookbuilding,"BSE, NSE",UTI Securities,2007,2006-2019,,,,,,,,,,,,,,,,,,,,,,,,,,,,,,,,,,,,,,,,93.0,chittorgarh,0.0,chittorgarh,0.0,chittorgarh,,,151.0,chittorgarh,159.0,chittorgarh,115.25,chittorgarh,118.65,chittorgarh,Land & Site Development | Building & Civil Works | Plant & Machinery - Imported | Plant & Machinery - Indigenous | Other Assets | Pre-operative Expenses | Margin Money for Working Capital | Provision for Contingencies | General Corporate Expenses | Issue Expenses,chittorgarh,93.0,chittorgarh
INE562A01011,Indian Bank,MB,INDIANB,532814.0,2007-02-05,2007-02-09,2007-03-01,91.0,782.15,Bookbuilding,"BSE, NSE",Axis Capital,2007,2006-2019,,,,,,,,,,,,,,,,,,,,,,,,,,,,,,,,,,,,,,,,782.0,chittorgarh,0.0,chittorgarh,0.0,chittorgarh,,,105.0,chittorgarh,105.0,chittorgarh,77.0,chittorgarh,98.3,chittorgarh,"Augment the capital base to meet the future capital requirements arising out of the implementation of the Basel II standards and the growth in the assets, primarily the loan and investment portfolio due to the growth of the Indian economy and for other general corporate purposes | Issue expenses",chittorgarh,782.0,chittorgarh
INE874H01015,C & C Constructions Ltd.,MB,CANDC,532813.0,2007-02-05,2007-02-09,2007-02-26,291.0,124.28,Bookbuilding,"BSE, NSE",Edelweiss Financial,2007,2006-2019,,,,,,,,,,,,,,,,,,,,,,,,,,,,,,,,,,,,,,,,124.0,chittorgarh,0.0,chittorgarh,0.0,chittorgarh,,,350.0,chittorgarh,350.0,chittorgarh,229.15,chittorgarh,239.9,chittorgarh,Investment in Capital equipment | Investment in BOT projects | Augmenting working capital requirement | Issue Expenses,chittorgarh,124.0,chittorgarh
INE812G01025,SMS Pharmaceuticals Ltd.,MB,SMSPHARMA,532815.0,2007-02-05,2007-02-08,2007-02-28,380.0,98.01,Bookbuilding,"BSE, NSE",UTI Securities,2007,2006-2019,,,,,,,,,,,,,,,,,,,,,,,,,,,,,,,,,,,,,,,,98.0,chittorgarh,0.0,chittorgarh,0.0,chittorgarh,,,349.9,chittorgarh,390.0,chittorgarh,285.3,chittorgarh,357.85,chittorgarh,"Setting up of facilities for manufacturing Active Pharmaceuticals Ingredients (APIs) at Kandivalsa Village, Vizianagaram District, Andhra Pradesh | Net Working Capital | Public Issue Expenses & Others",chittorgarh,98.0,chittorgarh
INE976H01018,Lawreshwar Polymers Ltd.,MB,,532829.0,2007-02-05,2007-02-08,2007-03-19,16.0,13.94,Fixed Price,BSE,Ashika Capital,2007,2006-2019,,,,,,,,,,,,,,,,,,,,,,,,,,,,,,,,,,,,,,,,10.0,chittorgarh,4.0,chittorgarh,28.6,chittorgarh,,,15.9,chittorgarh,17.75,chittorgarh,13.55,chittorgarh,14.0,chittorgarh,Land & Building | Plant & machinery/Moulds/Equipments | Working Capital Requirements | Preliminary/ Public Issue Expenses,chittorgarh,14.0,chittorgarh
INE134E01011,Power Finance Corp.Ltd.,MB,PFC,532810.0,2007-01-31,2007-02-06,2007-02-23,85.0,997.19,Bookbuilding,"BSE, NSE",Axis Capital,2007,2006-2019,,,,,,,,,,,,,,,,,,,,,,,,,,,,,,,,,,,,,,,,997.0,chittorgarh,0.0,chittorgarh,0.0,chittorgarh,,,104.0,chittorgarh,117.0,chittorgarh,103.5,chittorgarh,111.55,chittorgarh,"Augment the capital base to meet the future capital requirements arising out of growth in 9,646.72 the business and for other general corporate purposes | Estimated Issue expenses",chittorgarh,997.0,chittorgarh
INE684F01012,Firstsource Solutions Ltd.,MB,FSL,532809.0,2007-01-29,2007-02-02,2007-02-22,64.0,443.52,Bookbuilding,"BSE, NSE",Deutsche Equities,2007,2006-2019,,,,,,,,,,,,,,,,,,,,,,,,,,,,,,,,,,,,,,,,384.0,chittorgarh,60.0,chittorgarh,13.5,chittorgarh,,,75.1,chittorgarh,88.9,chittorgarh,75.1,chittorgarh,79.6,chittorgarh,Acquisitions | Setting up of new facilities | Repayment of a loan of the Company | General corporate purposes,chittorgarh,444.0,chittorgarh
INE804H01012,Transwarranty Finance Ltd.,MB,TFL,532812.0,2007-01-23,2007-02-02,2007-02-26,52.0,31.2,Bookbuilding,"BSE, NSE",IDBI Capital,2007,2006-2019,,,,,,,,,,,,,,,,,,,,,,,,,,,,,,,,,,,,,,,,31.0,chittorgarh,0.0,chittorgarh,0.0,chittorgarh,,,60.0,chittorgarh,63.0,chittorgarh,46.1,chittorgarh,47.25,chittorgarh,Expansion of office premises for increasing the scale of operations | Strategic investments or acquisition of companies engaged in the business of financial services and banking | Geographic expansion through opening of regional offices and Overseas Branches | Transwarranty Capital Pvt. Ltd-Technology up-gradation | Transwarranty Capital Pvt. Ltd-Working capital | Transwarranty Forex & Commodities Pvt. Ltd.-Acquisition and activation of NCDEX membership | Transwarranty Forex & Commodities Pvt. Ltd.-Merger of the foreign exchange broking firm-Trans Warrantyy Forex & Derivatives Company | Transwarranty Credit Care Pvt. Ltd.-Activation of Private Equity/Venture Fund registration with SEBI | Transwarranty Forex & Commodities DMCC-UAE-Acquisition and activation of membership in the Dubai Gold & Commodities Exchange | IPO Expenses | Total,chittorgarh,31.0,chittorgarh
INE891D01026,Redington (India) Ltd.,MB,REDINGTON,532805.0,2007-01-22,2007-01-25,2007-02-15,113.0,149.51,Bookbuilding,"BSE, NSE",Axis Capital,2007,2006-2019,,,,,,,,,,,,,,,,,,,,,,,,,,,,,,,,,,,,,,,,150.0,chittorgarh,0.0,chittorgarh,0.0,chittorgarh,,,140.0,chittorgarh,174.45,chittorgarh,125.0,chittorgarh,163.25,chittorgarh,"Establishment of ADCs in India | Establishment of SRCs in India | Investment in the wholly owned subsidiary, Cadensworth (India) Private Limited: (a) establishment of an SRC for LCD repairs | Investment in the wholly owned subsidiary, Cadensworth (India) Private Limited: (b) upgradation of capacities of existing SRCs for processors and motherboards | Investment in the wholly owned subsidiary, Cadensworth (India) Private Limited: (c) establishment of an SRC for networking products | Investment in the  subsidiary, Redington Gulf FZE: (a) Establishment of an ADC in Dubai | Investment in the subsidiary, Redington Gulf FZE: (b) Installation of an ERP system for Redington Gulf | General corporate purposes, including meeting incremental working capital requirements for domestic and overseas operations",chittorgarh,150.0,chittorgarh
INE704H01022,Cinemax India Ltd.,MB,CINELINE,532807.0,2007-01-18,2007-01-24,2007-02-14,155.0,138.26,Bookbuilding,"BSE, NSE",Edelweiss Financial,2007,2006-2019,,,,,,,,,,,,,,,,,,,,,,,,,,,,,,,,,,,,,,,,109.0,chittorgarh,30.0,chittorgarh,21.7,chittorgarh,,,175.0,chittorgarh,178.9,chittorgarh,145.0,chittorgarh,152.35,chittorgarh,Setting up of new Theatres | General Corporate Expenses including Acquisitions and Capital Expenditures | Issue Expenses,chittorgarh,138.0,chittorgarh
INE545H01011,Technocraft Industries (India) Ltd.,MB,TIIL,532804.0,2007-01-18,2007-01-23,2007-02-12,105.0,87.36,Bookbuilding,"BSE, NSE",Anand Rathi Advisors,2007,2006-2019,,,,,,,,,,,,,,,,,,,,,,,,,,,,,,,,,,,,,,,,87.0,chittorgarh,0.0,chittorgarh,0.0,chittorgarh,,,125.0,chittorgarh,130.0,chittorgarh,97.35,chittorgarh,100.9,chittorgarh,Drum Closure Division | Pipe Division | Yarn Division | 15 MW Power Plant | Issue Expenses | Total,chittorgarh,87.0,chittorgarh
INE940H01022,House of Pearl Fashions Ltd.,MB,PGIL,532808.0,2007-01-16,2007-01-23,2007-02-15,550.0,362.84,Bookbuilding,"BSE, NSE",JM Morgan Stanley,2007,2006-2019,,,,,,,,,,,,,,,,,,,,,,,,,,,,,,,,,,,,,,,,295.0,chittorgarh,67.0,chittorgarh,18.5,chittorgarh,,,500.0,chittorgarh,580.25,chittorgarh,445.05,chittorgarh,469.4,chittorgarh,"Establishment of a new woven manufacturing facility by Pearl Global at SIPCOT Industrial Park, Irungattukottai, India | Establishment of a new wovens and knits manufacturing facility by Pearl Global at Narsingpur, Gurgaon, Haryana, India | Acquisition of an existing knitted garment manufacturing facility by Pearl Global in Khandsa, Gurgaon, Haryana, India | Establishment of a new knits manufacturing facility by Mor Knitt in Dhaka, Bangladesh | Investment in Pearl Global for establishment of a design centre and corporate office in Gurgaon | Setting up an integrated information technology system | Pre-payment of certain term loans availed by the Company and its Subsidiaries | Investment in its subsidiary company, Multinational Textiles, for payment of purchase consideration to SACB Holdings Limited and Pallas Holdings Limited as part of the group reorganisation | Setting up a domestic branded apparel retail business | Acquisition of an existing brand in the U.K. or the U.S. for retail outside India | General corporate purposes",chittorgarh,363.0,chittorgarh
INE703H01016,Akruti Nirman Ltd.,MB,HUBTOWN,532799.0,2007-01-15,2007-01-19,2007-02-07,540.0,361.8,Bookbuilding,"BSE, NSE",Axis Capital,2007,2006-2019,,,,,,,,,,,,,,,,,,,,,,,,,,,,,,,,,,,,,,,,362.0,chittorgarh,0.0,chittorgarh,0.0,chittorgarh,,,701.35,chittorgarh,729.0,chittorgarh,552.35,chittorgarh,564.0,chittorgarh,Acquisition of lands / rights in lands or development rights | Development and construction costs for projects under development and planned projects | Repayment of loans of the Company | General Corporate Purposes | Issue Related Expenses | Total,chittorgarh,362.0,chittorgarh
INE886H01027,Global Broadcast News Ltd.,MB,TV18BRDCST,532800.0,2007-01-15,2007-01-18,2007-02-08,250.0,105.0,Bookbuilding,"BSE, NSE",ICICI Securities,2007,2006-2019,,,,,,,,,,,,,,,,,,,,,,,,,,,,,,,,,,,,,,,,105.0,chittorgarh,0.0,chittorgarh,0.0,chittorgarh,,,417.1,chittorgarh,524.0,chittorgarh,381.25,chittorgarh,510.1,chittorgarh,Issue expenses | Further investment for expansion into Hindi news genre by investment in BK Fincap Private Limited | Repayment of a loan of the company | General Corporate Purposes,chittorgarh,105.0,chittorgarh
INE332G01032,Pochiraju Industries Ltd.,MB,POCHIRAJU,532803.0,2007-01-15,2007-01-18,2007-02-09,30.0,37.6,Bookbuilding,"BSE, NSE",Allahabad Bank,2007,2006-2019,,,,,,,,,,,,,,,,,,,,,,,,,,,,,,,,,,,,,,,,35.0,chittorgarh,3.0,chittorgarh,7.9,chittorgarh,,,45.0,chittorgarh,64.0,chittorgarh,35.05,chittorgarh,49.15,chittorgarh,Bio tech Division (*) | Pharma Division (**),chittorgarh,38.0,chittorgarh
INE718H01014,Autoline Industries Ltd.,MB,AUTOIND,532797.0,2007-01-08,2007-01-12,2007-01-31,225.0,75.0,Bookbuilding,"BSE, NSE",BOB Capital Markets,2007,2006-2019,,,,,,,,,,,,,,,,,,,,,,,,,,,,,,,,,,,,,,,,75.0,chittorgarh,0.0,chittorgarh,0.0,chittorgarh,,,261.15,chittorgarh,282.0,chittorgarh,252.25,chittorgarh,257.95,chittorgarh,Up gradation of facilities at existing unit at Chakan (Unit-I) | Setting up of New Unit at Chakan (Unit-II) | Relocation/consolidation of existing facilities at a new location | Corporate/Marketing Office at Bhosari | UAE Joint Venture Operations – Setting up manufacturing facility | Acquisitions | Modern Commercial Tool Room | Design Engineering Software Services | Contingencies | Augmentation of Long Term Working Capital Resources | Issue Expenses,chittorgarh,75.0,chittorgarh
INE773I01017,Alkali Metals Ltd.,MB,ALKALI,533029.0,2008-10-07,2008-10-15,2008-11-06,103.0,26.27,Bookbuilding,"BSE, NSE",Saffron Capital,2008,2006-2019,,,,,,,,,,,,,,,,,,,,,,,,,,,,,,,,,,,,,,,,26.0,chittorgarh,0.0,chittorgarh,0.0,chittorgarh,,,90.0,chittorgarh,179.3,chittorgarh,90.5,chittorgarh,173.15,chittorgarh,Setting up of an API plant at Visakhapatnam | Public Issue Expenses,chittorgarh,26.0,chittorgarh
INE213J01012,Chemcel Bio-tech Ltd.,MB,,533026.0,2008-09-09,2008-09-12,2008-10-13,16.0,24.64,Fixed Price,BSE,Allahabad Bank,2008,2006-2019,,,,,,,,,,,,,,,,,,,,,,,,,,,,,,,,,,,,,,,,22.0,chittorgarh,3.0,chittorgarh,12.0,chittorgarh,,,16.0,chittorgarh,16.25,chittorgarh,4.75,chittorgarh,5.25,chittorgarh,To set up Bio-Diesel Manufacturing Unit | To meet the additional Working Capital requirement on account ofincreased operations for the Agrochemical & Bio Fertilizer division | o repay the short term loan  limit of Rs 120.00 lakhs  availed of from unionBank of Inida for partially meeting the expenses related to setting up of Biodiesel plant and  issue expenses | To partially repay  the working capital loan facility availed of  from UnionBank  of India for meeting the working capital requirements of the agrochemical division.  At present the  company is availing a  limit of Rs 430 lakhsfrom union Bank of India | To meet the public issue expenses | To achieve the  benefits of listing the Company’s shares on Bombay StockExchange Limited,chittorgarh,25.0,chittorgarh
INE144J01027,20 Microns Ltd.,MB,20MICRONS,533022.0,2008-09-08,2008-09-11,2008-09-06,55.0,23.93,Bookbuilding,"BSE, NSE",Keynote Financial,2008,2006-2019,,,,,,,,,,,,,,,,,,,,,,,,,,,,,,,,,,,,,,,,9.0,chittorgarh,15.0,chittorgarh,62.5,chittorgarh,,,50.0,chittorgarh,96.25,chittorgarh,31.5,chittorgarh,33.3,chittorgarh,Building | Plant & Machinery | Electricals | Issue Expenses | General Corporate Purposes | Total,chittorgarh,24.0,chittorgarh
INE774I01031,Resurgere Mines & Minerals India Ltd.,MB,RMMIL,533017.0,2008-08-11,2008-08-13,2008-09-01,270.0,120.15,Bookbuilding,"BSE, NSE",Motilal Oswal Investment,2008,2006-2019,,,,,,,,403.0,,,108.0,,,64.0,,,,,,55.0,,,361.0,,,-51.0,,,227.0,403.0,64.0,15.88,28.19,0.24,Mar 2008,1.0,screener,,,120.0,chittorgarh,0.0,chittorgarh,0.0,chittorgarh,,,272.05,chittorgarh,562.8,chittorgarh,272.05,chittorgarh,524.35,chittorgarh,Purchase of Plant and Machineries at Nuagoan Mine | Purchase of Plant and Machineries at Maharajpur Mine | Purchase of Plant and Machineries at Jharkhand Mine | Purchase of 6 railway rakes | Provision for Contingencies and Pre Operative Expenses | General Corporate Purposes | Issue expenses,chittorgarh,120.0,chittorgarh
INE455J01019,Austral Coke & Projects Ltd.,MB,AUSTRAL,533016.0,2008-08-07,2008-08-13,2008-09-04,196.0,142.3,Bookbuilding,"BSE, NSE",Allahabad Bank,2008,2006-2019,,,,,,,,,,,,,,,,,,,,,,,,,,,,,,,,,,,,,,,,142.0,chittorgarh,0.0,chittorgarh,0.0,chittorgarh,,,206.0,chittorgarh,308.8,chittorgarh,206.0,chittorgarh,225.2,chittorgarh,"Captive Power Plant (CPP) | Setting up of 1,50,000 MTPA of Low Ash Metallurgical Coke (LAM Coke) | To acquire coal mines in India / Internationally and to acquire more prospecting mining licenses and also to start mining in acquired licenses, the cost is estimated of US$ 10 million | Prepayment of High Cost debt | General Corporate Purpose",chittorgarh,142.0,chittorgarh
INE318J01027,Nu Tek India Ltd.,MB,NUTEK,533015.0,2008-07-29,2008-08-01,2008-08-27,192.0,86.4,Bookbuilding,"BSE, NSE",SPA Capital,2008,2006-2019,,,,,,,,,,,,,,,,,,,,,,,,,,,,,,,,,,,,,,,,67.0,chittorgarh,19.0,chittorgarh,22.1,chittorgarh,,,201.1,chittorgarh,225.0,chittorgarh,194.0,chittorgarh,199.3,chittorgarh,Capital Expenditure | Overseas Acquisitions | Augmenting Long Term Working Capital resources | General Corporate Purposes | Expenses related to Fresh Issue,chittorgarh,86.0,chittorgarh
INE108J01014,Vishal Information Technologies Ltd.,MB,VITLINFO,533011.0,2008-07-21,2008-07-24,2008-08-11,150.0,41.86,Bookbuilding,"BSE, NSE",Keynote Financial,2008,2006-2019,,,,,,,,,,,,,,,,,,,,,,,,,,,,,,,,,,,,,,,,27.0,chittorgarh,15.0,chittorgarh,35.7,chittorgarh,,,150.0,chittorgarh,197.2,chittorgarh,145.0,chittorgarh,194.15,chittorgarh,Facilities expansion at Chennai | Setting up of Quality Assurance Center and Marketing office in Mumbai | Setting up a subsidiaries in United Kingdom and United States of America | General Corporate Purposes,chittorgarh,42.0,chittorgarh
INE655I01024,Birla Cotsyn (India) Ltd.,MB,BIRLACOT,533006.0,2008-06-30,2008-07-09,2008-07-30,14.0,144.18,Bookbuilding,"BSE, NSE",Allahabad Bank,2008,2006-2019,,,,,,,,,,,,,,,,,,,,,,,,,,,,,,,,,,,,,,,,108.0,chittorgarh,36.0,chittorgarh,25.0,chittorgarh,,,14.7,chittorgarh,17.5,chittorgarh,8.55,chittorgarh,9.2,chittorgarh,Expansion of integrated textile project at Khamgoan and Malkapur | Setting up of  up a garment manufacturing plant | Establishing Retail outlets,chittorgarh,144.0,chittorgarh
INE323J01019,Somi Conveyor Beltings Ltd.,MB,SOMICONVEY,533001.0,2008-06-24,2008-06-27,2008-07-24,35.0,21.8,Fixed Price,BSE,Ashika Capital,2008,2006-2019,,,,,,,,,,,,,,,,,,,,,,,,,,,,,,,,,,,,,,,,17.0,chittorgarh,5.0,chittorgarh,22.7,chittorgarh,,,37.65,chittorgarh,37.65,chittorgarh,24.7,chittorgarh,25.9,chittorgarh,Setting up of new manufacturing unit | Purchase of Land and Building from the promoter (s) of the company for office purpose | Meeting margin money required for the enhanced working capital. | Meeting  the  interest  cost  during  the  construction  period. | Meeting  the  Expenses  of  the  Issue.,chittorgarh,22.0,chittorgarh
INE143H01015,KSK Energy Ventures Ltd.,MB,KSK,532997.0,2008-06-23,2008-06-25,2008-07-14,240.0,830.66,Bookbuilding,"BSE, NSE",Edelweiss Financial,2008,2006-2019,,,,,,,,239.0,,,3.0,,,109.0,,,,,,,,,,,,221.0,,,,239.0,109.0,45.61,,,Mar 2008,1.0,screener,,,831.0,chittorgarh,0.0,chittorgarh,0.0,chittorgarh,,,220.0,chittorgarh,234.8,chittorgarh,176.0,chittorgarh,190.5,chittorgarh,Wardha Chhattisgarh power project | General Corporate Purposes | Total,chittorgarh,831.0,chittorgarh
INE947I01017,Lotus Eye Care Hospital Ltd.,MB,LOTUSEYE,532998.0,2008-06-12,2008-06-20,2008-07-11,38.0,38.0,Bookbuilding,"BSE, NSE",Keynote Financial,2008,2006-2019,,,,,,,,,,,,,,,,,,,,,,,,,,,,,,,,,,,,,,,,38.0,chittorgarh,0.0,chittorgarh,0.0,chittorgarh,,,35.0,chittorgarh,38.95,chittorgarh,32.05,chittorgarh,35.5,chittorgarh,To finance expansion of the existing facilities; | To finance establishing new centers with latest technology | To meet working capital requirement; | To meet the expenses of the issue; | To enable listing of the equity shares of the company on the stock exchanges.,chittorgarh,38.0,chittorgarh
INE877I01016,Archidply Industries Ltd.,MB,ARCHIDPLY,532994.0,2008-06-11,2008-06-17,2008-07-04,74.0,48.96,Bookbuilding,"BSE, NSE",Motilal Oswal Investment,2008,2006-2019,,,,,,,,,,,,,,,,,,,,,,,,,,,,,,,,,,,,,,,,49.0,chittorgarh,0.0,chittorgarh,0.0,chittorgarh,,,74.55,chittorgarh,74.55,chittorgarh,48.8,chittorgarh,50.45,chittorgarh,Setting up of new manufacturing capacity at Chintamani in Karnataka- - Land & Land Development | Factory Shed and Plant & Machinery for - Plain Particle Board | Factory Shed and Plant & Machinery for - Pre Laminated Particle Board | Factory Shed and Plant & Machinery for - Decorative Plywood | Common  Building | Setting  up  of  a  new  Manufacturing  facility  of  medium  density  fibreboard  at  Rudrapur in Uttarakhan | Pre Operative Expenses and Provision for Contingencies | Margin Money for Working Capital Requirement | Issue Expenses | Total,chittorgarh,49.0,chittorgarh
INE315J01015,First Winner Industries Ltd.,MB,FIRSTWIN,532996.0,2008-06-09,2008-06-17,2008-07-08,125.0,68.75,Bookbuilding,"BSE, NSE",Almondz Global,2008,2006-2019,,,,,,,,,,,,,,,,,,,,,,,,,,,,,,,,,,,,,,,,69.0,chittorgarh,0.0,chittorgarh,0.0,chittorgarh,,,125.0,chittorgarh,125.0,chittorgarh,80.5,chittorgarh,89.5,chittorgarh,Setting up of an apparel manufacturing facility | Setting up of new Weaving Unit | Prepayment of Term Loan | General Corporate Purposes | Issue Expenses | Total,chittorgarh,69.0,chittorgarh
INE955I01044,Sejal Architectural Glass Ltd.,MB,SEJALLTD,532993.0,2008-06-09,2008-06-12,2008-07-01,115.0,105.73,Bookbuilding,"BSE, NSE",Saffron Capital,2008,2006-2019,,,,,,,,,,,,,,,,,,,,,,,,,,,,,,,,,,,,,,,,106.0,chittorgarh,0.0,chittorgarh,0.0,chittorgarh,,,110.0,chittorgarh,139.8,chittorgarh,77.55,chittorgarh,81.5,chittorgarh,"Setting up of new manufacturing facility for the production of float glass-Acquisition of Land | Land Development, Construction of Buildings and Other Civil Works | Plant & Machinery | Miscellaneous Fixed Assets | Preliminary and pre- operative Expenses | Margin Money for Working Capital Requirements | General Corporate Purpose | Public Issue Expenses | Total",chittorgarh,106.0,chittorgarh
INE207I01016,Avon Weighing Systems Ltd.,MB,,532995.0,2008-06-09,2008-06-12,2008-07-03,10.0,13.73,Fixed Price,BSE,Keynote Financial,2008,2006-2019,,,,,,,,,,,,,,,,,,,,,,,,,,,,,,,,,,,,,,,,10.0,chittorgarh,4.0,chittorgarh,28.6,chittorgarh,,,13.9,chittorgarh,20.0,chittorgarh,11.35,chittorgarh,11.9,chittorgarh,"Land and buildings & other Assets | Machineries | Dies | Technical collaboration fees to Tanita, Japan | Furniture and Fixtures at factory, corporate office and showrooms | Computers and software and Iweb systems | Contingency Provision | Working capital",chittorgarh,14.0,chittorgarh
INE878I01022,Bafna Pharmaceuticals Ltd.,MB,BAFNAPH,532989.0,2008-05-27,2008-05-30,2008-06-27,40.0,25.6,Fixed Price,BSE,Keynote Financial,2008,2006-2019,,,,,,,,,,,,,,,,,,,,,,,,,,,,,,,,,,,,,,,,26.0,chittorgarh,0.0,chittorgarh,0.0,chittorgarh,,,43.8,chittorgarh,47.2,chittorgarh,37.3,chittorgarh,38.5,chittorgarh,"Brand building in domestic markets | Registration of Company, products andBrand building in International Markets | MHRA Accrediation | Setting up R&D facilities | Working Capital Requiremen | Part repayment ofloan from SBI | Public Issue Expenses",chittorgarh,26.0,chittorgarh
INE368I01016,Niraj Cement Structurals Ltd.,MB,NIRAJ,532986.0,2008-05-26,2008-05-30,2008-06-19,190.0,61.75,Bookbuilding,BSE,Allahabad Bank,2008,2006-2019,,,,,,,,,,,,,,,,,,,,,,,,,,,,,,,,,,,,,,,,62.0,chittorgarh,0.0,chittorgarh,0.0,chittorgarh,,,185.0,chittorgarh,197.9,chittorgarh,169.7,chittorgarh,190.15,chittorgarh,Investment in capital equipment | Funding long term working Capital Requirements | General Corporate Purposes | Meeting the issue expenses,chittorgarh,62.0,chittorgarh
INE450H01014,Anu's Laboratories Ltd.,MB,,532981.0,2008-05-12,2008-05-15,2008-06-04,210.0,80.22,Bookbuilding,BSE,Almondz Global,2008,2006-2019,,,,,,,,,,,,,,,,,,,,,,,,,,,,,,,,,,,,,,,,80.0,chittorgarh,0.0,chittorgarh,0.0,chittorgarh,,,260.0,chittorgarh,288.4,chittorgarh,256.6,chittorgarh,268.05,chittorgarh,Setting  up  a  new  plant  for  manufacturing  of  drug  intermediates  including Active Pharmaceutical Ingredients (APIs) | Setting  up  of  pilot  plant  for  carrying  out  Contract  Research  and  Manufacturing (CRAM) | Meeting long term working capital requirement | Meeting general corporate purposes | Meeting Issue expenses,chittorgarh,80.0,chittorgarh
INE020J01029,Gokul Refoils & Solvent Ltd.,MB,GOKUL,532980.0,2008-05-08,2008-05-13,2008-06-04,195.0,139.59,Bookbuilding,"BSE, NSE",Anand Rathi Advisors,2008,2006-2019,,,,,,,,,,,,,,,,,,,,,,,,,,,,,,,,,,,,,,,,140.0,chittorgarh,0.0,chittorgarh,0.0,chittorgarh,,,203.45,chittorgarh,222.3,chittorgarh,176.3,chittorgarh,181.05,chittorgarh,"Setting up of a new 1500 TPD Soyabean processing plant near Gandhidham, Gujarat | Expansion of existing edible oil refinery at Surat from 100 TPD to 400 TPD | Further investment in the wholly owned subsidiary in Singapore | Funding part of the long term working capital | Brand building activities | Investment in increasing warehousing capacities and continuous Capex for existing units | General corporate purposes | Public Issue Expenses",chittorgarh,140.0,chittorgarh
INE778I01024,Aishwarya Telecom Ltd.,MB,,532975.0,2008-04-15,2008-04-17,2008-05-07,35.0,14.01,Bookbuilding,BSE,Srei Capital,2008,2006-2019,,,,,,,,,,,,,,,,,,,,,,,,,,,,,,,,,,,,,,,,14.0,chittorgarh,0.0,chittorgarh,0.0,chittorgarh,,,50.1,chittorgarh,93.0,chittorgarh,50.1,chittorgarh,90.85,chittorgarh,"Capital Expenditure for Research & Development of Main Frame Optical Time Domain Reflecto Meter (OTDR) | Capital  Expenditure  for  Research  &  Development  of  Ethernet  Traffic  Analyzers | Cost   of   GSM/GPRS/CDMA   Analyzers   for   providing   Technical   Audit   Services to the Mobile Operators | Cost  of  land  &  construction  of  building  for  a  new  production  unit  at  Hyderabad | Cost  of  land  &  construction  of  building  for  new  corporate,  marketing,  administrative and R&D office at Hyderabad | Additional working capital requirements | Issue Expenses",chittorgarh,14.0,chittorgarh
INE415I01015,Kiri Dyes & Chemicals Ltd.,MB,KIRIINDUS,532967.0,2008-03-25,2008-04-02,2008-04-22,150.0,56.25,Bookbuilding,"BSE, NSE",Centrum Capital,2008,2006-2019,,,,,,,,,,,,,,,,,,,,,,,,,,,,,,,,,,,,,,,,56.0,chittorgarh,0.0,chittorgarh,0.0,chittorgarh,,,151.0,chittorgarh,204.0,chittorgarh,151.0,chittorgarh,158.55,chittorgarh,"Capital Expenditure for setting up Sulphuric Acid & 4,207.00 its sub-products Unit | Capital Expenditure for Dyes and Intermediates Unit | Additional Working capital margin | Issue Expenses | Total",chittorgarh,56.0,chittorgarh
INE615H01020,Titagarh Wagons Ltd.,MB,TITAGARH,532966.0,2008-03-24,2008-03-27,2008-04-21,540.0,128.72,Bookbuilding,"BSE, NSE",Kotak Mahindra Capital,2008,2006-2019,,,,,,,,,,,,,,,,,,,,,,,,,,,,,,,,,,,,,,,,112.0,chittorgarh,17.0,chittorgarh,13.2,chittorgarh,,,550.0,chittorgarh,734.4,chittorgarh,550.0,chittorgarh,707.2,chittorgarh,Set up an EMU manufacturing facility at the Uttarpara unit | Modernize and expand the existing facilities at the Titagarh and Uttarpara units | Set up an axle machining and wheelset  assembly facility at the Uttarpara unit | Construct a corporate office and a research and development centre | Strategic acquisition or investments | Brand building exercise | General corporate purposes | Issue expenses,chittorgarh,129.0,chittorgarh
INE686I01011,Sita Shree Food Products Ltd.,MB,SITASHREE,532961.0,2008-03-11,2008-03-14,2008-04-07,30.0,31.5,Bookbuilding,"BSE, NSE",Keynote Financial,2008,2006-2019,,,,,,,,,,,,,,,,,,,,,,,,,,,,,,,,,,,,,,,,32.0,chittorgarh,0.0,chittorgarh,0.0,chittorgarh,,,30.0,chittorgarh,46.65,chittorgarh,30.0,chittorgarh,43.9,chittorgarh,,,32.0,chittorgarh
INE181G01025,Gammon Infrastructure Projects Ltd.,MB,AJRINFRA,532959.0,2008-03-10,2008-03-13,2008-04-03,167.0,276.39,Bookbuilding,"BSE, NSE",Macquarie Capital,2008,2006-2019,,,,,,,,,,,,,,,,,,,,,,,,,,,,,,,,,,,,,,,,276.0,chittorgarh,0.0,chittorgarh,0.0,chittorgarh,,,180.0,chittorgarh,180.0,chittorgarh,147.6,chittorgarh,157.9,chittorgarh,Investment in KBICL for the Kosi Bridge Project. | Investment in GICL for the Gorakhpur Bypass Project | Investment in SHPVL for the Rangit-II Hydroelectric Project | Investment in MAIL for the Mumbai Nashik Road Project | Repayment of loan to GIL | General Corporate Purposes and Investment in strategic initiatives and acquisitions | Issue Expenses,chittorgarh,276.0,chittorgarh
INE020B01018,Rural Electrification Corp.Ltd.,MB,RECLTD,532955.0,2008-02-19,2008-02-22,2008-03-12,105.0,1639.26,Bookbuilding,"BSE, NSE",ICICI Securities,2008,2006-2019,,,,,,,,,,,,,,,,,,,,,,,,,,,,,,,,,,,,,,,,820.0,chittorgarh,820.0,chittorgarh,50.0,chittorgarh,,,125.0,chittorgarh,128.4,chittorgarh,118.85,chittorgarh,121.2,chittorgarh,Augment its capital base to meet the future capital requirements arising out of growth in the business and for other general corporate purposes | Estimated Issue expenses,chittorgarh,1639.0,chittorgarh
INE951I01027,V-Guard Industries Ltd.,MB,VGUARD,532953.0,2008-02-18,2008-02-21,2008-03-13,82.0,65.6,Bookbuilding,"BSE, NSE",Anand Rathi Advisors,2008,2006-2019,,,,,,,,,,,,,,,,,,,,,,,,,,,,,,,,,,,,,,,,66.0,chittorgarh,0.0,chittorgarh,0.0,chittorgarh,,,82.15,chittorgarh,98.9,chittorgarh,70.7,chittorgarh,73.45,chittorgarh,"Setting  up  of  facilities  for  Cable  manufacturing  in  Coimbatore  and Uttaranchal | Setting up of Enameling plant at Coimbatore | Setting  up  Development  and  Pilot  Production  Plants  for  water  Heaters, Fans and Pumps at Himachal Pradesh and Coimbatore | Investment  for  setting  up  Service  and  Distribution  Centres  at  Bangalore, Hubli and Vijaywada | Issue Management Expenses",chittorgarh,66.0,chittorgarh
INE871H01011,GSS America Infotech Ltd.,MB,GSS,532951.0,2008-02-11,2008-02-15,2008-03-07,400.0,139.9,Bookbuilding,"BSE, NSE",Religare Securities,2008,2006-2019,,,,,,,,,,,,,,,,,,,,,,,,,,,,,,,,,,,,,,,,140.0,chittorgarh,0.0,chittorgarh,0.0,chittorgarh,,,400.0,chittorgarh,508.35,chittorgarh,400.0,chittorgarh,500.65,chittorgarh,Setting Up Gobal Delivery Centre- Land & Building | Interiors | Equipments and Networking | Computers | Setting up of overseas offices | Working Capital | Acquisitions | Issue Expenses,chittorgarh,140.0,chittorgarh
INE474I01012,Tulsi Extrusions Ltd.,MB,TULSI,532948.0,2008-02-01,2008-02-05,2008-02-25,85.0,48.45,Bookbuilding,"BSE, NSE",Almondz Global,2008,2006-2019,,,,,,,,,,,,,,,,,,,,,,,,,,,,,,,,,,,,,,,,48.0,chittorgarh,0.0,chittorgarh,0.0,chittorgarh,,,93.45,chittorgarh,143.45,chittorgarh,93.45,chittorgarh,139.5,chittorgarh,"Expansion of the manufacturing facilities at Jalgaon, Maharashtra | Meeting long term working capital requirements | Purchase of branch offices | Provision for Contingencies | General Corporate purposes | Issue Expenses",chittorgarh,48.0,chittorgarh
INE435H01015,Manjushree Extrusions Ltd. FPO,MB,,532950.0,2008-01-31,2008-02-06,2008-02-28,45.0,23.07,Fixed Price,BSE,Centrum Capital,2008,2006-2019,,,,,,,,,,,,,,,,,,,,,,,,,,,,,,,,,,,,,,,,23.0,chittorgarh,0.0,chittorgarh,0.0,chittorgarh,,,48.0,chittorgarh,66.0,chittorgarh,47.0,chittorgarh,52.7,chittorgarh,To expand and diversify its operations by setting up facilities for manufacture of Specialty Plastic Containers and PET Preforms. | To meet the Working Capital Margin requirement for the proposed project. | To meet the expenses of the issue,chittorgarh,23.0,chittorgarh
INE821I01022,IRB Infrastructure Developers Ltd.,MB,IRB,532947.0,2008-01-31,2008-02-05,2008-02-25,185.0,944.57,Bookbuilding,"BSE, NSE",Deutsche Equities,2008,2006-2019,,,,,,,,,,,,,,,,,,,,,,,,,,,,,,,,,,,,,,,,945.0,chittorgarh,0.0,chittorgarh,0.0,chittorgarh,,,170.05,chittorgarh,209.0,chittorgarh,167.3,chittorgarh,189.05,chittorgarh,"Investment in Subsidiary, IDAA | Prepayment and repayment of existing loans of the Company and the Subsidiaries the Company | Prepayment and repayment of existing loans of the Subsidary, Aryan Toll Road Private Limited | Prepayment and repayment of existing loans of the Subsidary, Modern Road Makers Private Limited | Prepayment and repayment of existing loans of the Subsidary, Thane Ghodbunder Toll Road Private Limited | Prepayment and repayment of existing loans of the Subsidary, NKT Road & Toll Private Limited | Prepayment and repayment of existing loans of the Subsidary, Ideal Road Builders Private Limited | Prepayment and repayment of existing loans of the Subsidary, Mhaiskar Infrastructure Private Limited | General corporate purposes | Issue related expenses | Total",chittorgarh,945.0,chittorgarh
INE964H01014,Shriram EPC Ltd.,MB,SEPC,532945.0,2008-01-29,2008-02-01,2008-02-20,300.0,150.0,Bookbuilding,"BSE, NSE",ICICI Securities,2008,2006-2019,,,,,,,,,,,,,,,,,,,,,,,,,,,,,,,,,,,,,,,,150.0,chittorgarh,0.0,chittorgarh,0.0,chittorgarh,,,290.0,chittorgarh,374.7,chittorgarh,281.05,chittorgarh,293.6,chittorgarh,,,150.0,chittorgarh
INE863I01016,Bang Overseas Ltd.,MB,BANG,532946.0,2008-01-28,2008-01-31,2008-02-20,207.0,72.45,Bookbuilding,"BSE, NSE",Almondz Global,2008,2006-2019,,,,,,,,,,,,,,,,,,,,,,,,,,,,,,,,,,,,,,,,72.0,chittorgarh,0.0,chittorgarh,0.0,chittorgarh,,,207.0,chittorgarh,260.0,chittorgarh,166.5,chittorgarh,171.8,chittorgarh,Setting up Retail outlets across India and brand building | Setting up of a new apparel manufacturing unit | Warehousing and logistic facilities | General Corporate purposes | Issue Expenses,chittorgarh,72.0,chittorgarh
INE634I01029,KNR Constructions Ltd.,MB,KNRCON,532942.0,2008-01-24,2008-01-29,2008-02-18,170.0,133.87,Bookbuilding,"BSE, NSE",Axis Bank,2008,2006-2019,,,,,,,,,,,,,,,,,,,,,,,,,,,,,,,,,,,,,,,,134.0,chittorgarh,0.0,chittorgarh,0.0,chittorgarh,,,180.0,chittorgarh,199.0,chittorgarh,151.15,chittorgarh,154.35,chittorgarh,Investment in Capital equipment | Investment in BOT projects Further Equity investment in Patel – KNR Infrastructures Pvt. Ltd. | Investment in Further Equity investment in Patel – KNR Heavy Infrastructures Pvt. Ltd | Investment in Contribution towards Unsecured loan in Patel – KNR Heavy Infrastructures Pvt. Ltd. | Augmenting working capital requirements | Issue Expenses,chittorgarh,134.0,chittorgarh
INE809I01019,OnMobile Global Ltd.,MB,ONMOBILE,532944.0,2008-01-24,2008-01-29,2008-02-19,440.0,479.62,Bookbuilding,"BSE, NSE",Deutsche Equities,2008,2006-2019,,,,,,,,,,,,,,,,,,,,,,,,,,,,,,,,,,,,,,,,379.0,chittorgarh,101.0,chittorgarh,21.0,chittorgarh,,,440.0,chittorgarh,579.9,chittorgarh,421.0,chittorgarh,521.9,chittorgarh,"Purchase equipment for the offices at Bangalore, Mumbai and Delhi and various customer site | Working Capital Requirements | Repayment of loan | General Corporate Purposes | Total",chittorgarh,480.0,chittorgarh
INE792I01017,Cords Cable Industries Ltd.,MB,CORDSCABLE,532941.0,2008-01-21,2008-01-24,2008-02-13,135.0,41.65,Bookbuilding,"BSE, NSE",,2008,2006-2019,,,,,,,,,,,,,,,,,,,,,,,,,,,,,,,,,,,,,,,,42.0,chittorgarh,0.0,chittorgarh,0.0,chittorgarh,,,130.0,chittorgarh,151.0,chittorgarh,113.0,chittorgarh,138.3,chittorgarh,Setting up of production facilities | Working capital requirements | Issue Expenses,chittorgarh,42.0,chittorgarh
INE576I01022,J.Kumar Infraprojects Ltd.,MB,JKIL,532940.0,2008-01-18,2008-01-23,2008-02-12,110.0,71.5,Bookbuilding,"BSE, NSE",Anand Rathi Advisors,2008,2006-2019,,,,,,,,,,,,,,,,,,,,,,,,,,,,,,,,,,,,,,,,72.0,chittorgarh,0.0,chittorgarh,0.0,chittorgarh,,,100.0,chittorgarh,116.95,chittorgarh,84.2,chittorgarh,102.7,chittorgarh,Purchase of Capital Equipments | Funding of Working Capital Requirements | General Corporate Purposes | Public Issue Expenses,chittorgarh,72.0,chittorgarh
INE614G01033,Reliance Power Ltd.,MB,RPOWER,532939.0,2008-01-15,2008-01-18,2008-02-11,450.0,11544.0,Bookbuilding,"BSE, NSE",Axis Capital,2008,2006-2019,,,,,,,,,,,,,,,,,,,,,,,,,,,,,,,,,,,,,,,,10123.0,chittorgarh,1421.0,chittorgarh,12.3,chittorgarh,,,547.8,chittorgarh,599.9,chittorgarh,355.05,chittorgarh,372.5,chittorgarh,Funding Subsidiaries to part-finance the construction and development costs of certain of our projects. | General corporate purposes; and | Achieve benefits from listing of the Equity Shares,chittorgarh,11544.0,chittorgarh
INE688I01017,Future Capital Holdings Ltd.,MB,CAPF,532938.0,2008-01-11,2008-01-16,2008-02-01,765.0,491.34,Bookbuilding,"BSE, NSE",Axis Capital,2008,2006-2019,,,,,,,,39.0,,,8.0,,,5.0,,,,,,55.0,,,179.0,,,,,,95.0,39.0,5.0,12.82,5.26,0.58,Mar 2007,1.0,screener,,,491.0,chittorgarh,0.0,chittorgarh,0.0,chittorgarh,,,1044.0,chittorgarh,1100.0,chittorgarh,826.1,chittorgarh,908.2,chittorgarh,"Augment our capital base for expansion of its Future Money offering, in particular for disbursements of loans | General corporate purposes | Estimated Issue expenses",chittorgarh,491.0,chittorgarh
INE950I01011,D B Corp Ltd.,MB,DBCORP,533151.0,2009-12-11,2009-12-15,2010-01-06,212.0,384.22,Bookbuilding,"BSE, NSE",Citigroup Global,2009,2006-2019,,,,,,,,,,,,,,,,,,,,,,,,,,,,,,,,,,,,,,,,269.0,chittorgarh,115.0,chittorgarh,29.9,chittorgarh,,,250.0,chittorgarh,274.6,chittorgarh,235.5,chittorgarh,265.9,chittorgarh,Setting up new publishing units | Upgrading of existing plant and machinery | Sales and marketing | Reducing working capital loan | Pre-paying existing term loans,chittorgarh,384.0,chittorgarh
INE484J01027,Godrej Properties Ltd.,MB,GODREJPROP,533150.0,2009-12-09,2009-12-11,2010-01-05,490.0,468.85,Bookbuilding,"BSE, NSE",ICICI Securities,2009,2006-2019,,,,,,,,,,,,,,,,,,,,,,,,,,,,,,,,,,,,,,,,469.0,chittorgarh,0.0,chittorgarh,0.0,chittorgarh,,,510.0,chittorgarh,586.7,chittorgarh,500.0,chittorgarh,534.55,chittorgarh,Acquisition of land development rights for our Forthcoming Projects | Construction of our Forthcoming Project | Repayment of loans,chittorgarh,469.0,chittorgarh
INE121E01018,JSW Energy Ltd.,MB,JSWENERGY,533148.0,2009-12-07,2009-12-09,2010-01-04,100.0,2700.0,Bookbuilding,"BSE, NSE",ICICI Securities,2009,2006-2019,,,,,,,,,,,,,,,,,,,,,,,,,,,,,,,,,,,,,,,,2700.0,chittorgarh,0.0,chittorgarh,0.0,chittorgarh,,,102.0,chittorgarh,106.4,chittorgarh,99.9,chittorgarh,100.75,chittorgarh,Finance construction and development of the Identified Projects | Repayment of Corporate Debt | General Corporate Purposes,chittorgarh,2700.0,chittorgarh
INE912H01013,MBL Infrastructures Ltd.,MB,MBLINFRA,533152.0,2009-11-27,2009-12-01,2010-01-11,180.0,102.6,Bookbuilding,"BSE, NSE",Motilal Oswal Investment,2009,2006-2019,,,,,,,,,,,,,,,,,,,,,,,,,,,,,,,,,,,,,,,,103.0,chittorgarh,0.0,chittorgarh,0.0,chittorgarh,,,190.0,chittorgarh,218.0,chittorgarh,190.0,chittorgarh,205.75,chittorgarh,Investment in Capital Equipments | Part funding of working Capital requirement | General Corporate Purposes | Issue Expenses,chittorgarh,103.0,chittorgarh
INE008I01026,Cox & Kings (India) Ltd.,MB,COX&KINGS,533144.0,2009-11-18,2009-11-20,2009-12-11,330.0,610.39,Bookbuilding,"BSE, NSE",IIFL Capital,2009,2006-2019,,,,,,,,,,,,,,,,,,,,,,,,,,,,,,,,,,,,,,,,510.0,chittorgarh,101.0,chittorgarh,16.6,chittorgarh,,,304.1,chittorgarh,433.45,chittorgarh,304.1,chittorgarh,426.05,chittorgarh,Repayment of Loans | Acquisitions & Other Strategic Initiatives | Investment in Overseas Subsidiaries | Investment in Corporate Office & Upgrading our existing Operations | General Corporate Purposes | Meeting Fresh Issue related Expenses,chittorgarh,610.0,chittorgarh
INE563J01010,Astec LifeSciences Ltd.,MB,ASTEC,533138.0,2009-10-29,2009-11-04,2009-11-25,82.0,61.5,Bookbuilding,"BSE, NSE",Almondz Global,2009,2006-2019,,,,,,,,,,,,,,,,,,,,,,,,,,,,,,,,,,,,,,,,62.0,chittorgarh,0.0,chittorgarh,0.0,chittorgarh,,,85.55,chittorgarh,90.7,chittorgarh,80.0,chittorgarh,83.9,chittorgarh,"Expansion of our existing manufacturing facilities at Mahad, Maharashtra | Expansion of our existing Research and Development facility at Dombivli, Maharashtra | Contingencies @ 2.5% of the above expansion project | Meeting Product Registration expenses | Meeting long-term working capital requirements | General Corporate Purposes | Issue Expenses",chittorgarh,62.0,chittorgarh
INE947J01015,Den Networks Ltd.,MB,DEN,533137.0,2009-10-28,2009-10-30,2009-11-24,195.0,364.46,Bookbuilding,"BSE, NSE",Antique Capital,2009,2006-2019,,,,,,,,,,,,,,,,,,,,,,,,,,,,,,,,,,,,,,,,364.0,chittorgarh,0.0,chittorgarh,0.0,chittorgarh,,,195.0,chittorgarh,197.0,chittorgarh,149.5,chittorgarh,163.1,chittorgarh,Invest in the development of our cable television infrastructure and services | Invest in the development of our cable broadband infrastructure and services | Invest in acquisition of content and broadcasting right | Repayment of certain loans | Fund expenditure for general corporate purposes,chittorgarh,364.0,chittorgarh
INE399K01017,Indiabulls Power Ltd.,MB,RTNPOWER,533122.0,2009-10-12,2009-10-15,2009-10-30,45.0,1758.15,Bookbuilding,"BSE, NSE",Morgan Stanley,2009,2006-2019,,,,,,,,,,,,,,,,,,,,,,,,,,,,,,,,,,,,,,,,1758.0,chittorgarh,0.0,chittorgarh,0.0,chittorgarh,,,44.95,chittorgarh,45.5,chittorgarh,35.0,chittorgarh,39.25,chittorgarh,"To part finance the construction and development of the 1,320 MW Amravati Power Project Phase – I | Funding equity contribution in the Company‘s wholly owned subsidiary, IRL, to part finance the construction and development of the 1,335 MW Nashik Power Project; and | General corporate purposes. | Total",chittorgarh,1758.0,chittorgarh
INE201K01015,Thinksoft Global Services Ltd.,MB,EXPLEOSOL,533121.0,2009-09-22,2009-10-01,2009-10-26,125.0,45.58,Bookbuilding,"BSE, NSE",Chartered Capital,2009,2006-2019,,,,,,,,,,,,,,,,,,,,,,,,,,,,,,,,,,,,,,,,17.0,chittorgarh,29.0,chittorgarh,63.0,chittorgarh,,,100.0,chittorgarh,170.0,chittorgarh,100.0,chittorgarh,164.3,chittorgarh,"Setting up of new testing centre -  Building, Interiors | Setting up of new testing centre -  Equipment and Networking | Setting up of new testing centre -  Consultancy and approval charges | Public Issue Expenses",chittorgarh,46.0,chittorgarh
INE063J01011,Euro Multivision Ltd.,MB,EUROMULTI,533109.0,2009-09-22,2009-09-24,2009-10-15,75.0,66.0,Bookbuilding,"BSE, NSE",Anand Rathi Advisors,2009,2006-2019,,,,,,,,,,,,,,,,,,,,,,,,,,,,,,,,,,,,,,,,66.0,chittorgarh,0.0,chittorgarh,0.0,chittorgarh,,,70.0,chittorgarh,80.9,chittorgarh,51.6,chittorgarh,53.2,chittorgarh,"Setting up of photovoltaic solar cell manufacturing unit at Taluka Bhachau, Kutch District, Gujarat",chittorgarh,66.0,chittorgarh
INE542F01020,Pipavav Shipyard Ltd.,MB,SWANDEF,533107.0,2009-09-16,2009-09-18,2009-10-09,58.0,498.67,Bookbuilding,"BSE, NSE",Citigroup Global,2009,2006-2019,,,,,,,,,,,,,,,,,,,,,,,,,,,,,,,,,,,,,,,,499.0,chittorgarh,0.0,chittorgarh,0.0,chittorgarh,,,60.05,chittorgarh,64.7,chittorgarh,53.85,chittorgarh,56.8,chittorgarh,"Construction of facilities for shipbuilding, ship repair and the Offshore Business | Margin for working capital | General corporate purposes | Total",chittorgarh,499.0,chittorgarh
INE274J01014,Oil India Ltd.,MB,OIL,533106.0,2009-09-07,2009-09-10,2009-09-30,1050.0,2777.25,Bookbuilding,"BSE, NSE",Citigroup Global,2009,2006-2019,,,,,,,,,,,,,,,,,,,,,,,,,,,,,,,,,,,,,,,,2777.0,chittorgarh,0.0,chittorgarh,0.0,chittorgarh,,,1019.0,chittorgarh,1156.0,chittorgarh,1019.0,chittorgarh,1140.55,chittorgarh,,,2777.0,chittorgarh
INE615I01010,Globus Spirits Ltd.,MB,GLOBUSSPR,533104.0,2009-08-31,2009-09-02,2009-09-23,100.0,75.0,Bookbuilding,"BSE, NSE",Srei Capital,2009,2006-2019,,,,,,,,,,,,,,,,,,,,,,,,,,,,,,,,,,,,,,,,75.0,chittorgarh,0.0,chittorgarh,0.0,chittorgarh,,,110.0,chittorgarh,111.3,chittorgarh,89.3,chittorgarh,90.75,chittorgarh,"Multi-Pressure Distillation Plant to produce quality Extra Neutral Alcohol (ENA) of  35,000 Litres per day from both Molasses and Grain at Behror Unit | Multi-Pressure  Distillation  Plant,  including  Slurry  mixing  and Liquefaction,  saccharification  cum-Fermentation  along  with auxiliaries etc., to produce quality Extra Neutral Alcohol (ENA) of 35,000 Litres per day from Grain at Samalkha Unit. | otal Spirit based Starch Liquefaction section of 15 KLPD capacity at Behror  Unit i.e.,  capacity expansion from 60 KLPD to 75 KLPD. | Fermentation Modification Work in existing Grain based Distillery at Behror Unit | Powerpac Travelling Grate Furnace Boilers at Behror & Samalkha | 2000 KW/415V Bleed-cum-Back Pressure Turbine at Behror & Samalkha | Green House Gases (GHG) Abatement Project under the Clean Development  Mechanism (CDM) of  the Kyoto Protocol at Behror & Samalkha. | Brand Development for Marketing of IMFL Brands | Acquisition of Canteen Stores Department  (CSD) registered IMFL Brands | MFL Bottling Section at Samalkha Unit. | IMFL Bottling Section at Behror Unit | Miscellaneous Civil Structures",chittorgarh,75.0,chittorgarh
INE904J01016,Jindal Cotex Ltd.,MB,JINDCOT,533103.0,2009-08-27,2009-09-01,2009-09-22,75.0,93.43,Bookbuilding,"BSE, NSE",Saffron Capital,2009,2006-2019,,,,,,,,,,,,,,,,,,,,,,,,,,,,,,,,,,,,,,,,84.0,chittorgarh,9.0,chittorgarh,9.7,chittorgarh,,,75.0,chittorgarh,93.45,chittorgarh,75.0,chittorgarh,87.25,chittorgarh,"Setting up a new facility for manufacturing of Cotton Yarn, Yarn Dyeing and Garments | Investment in wholly owned subsidiary, Jindal Medicot Limited | Investment in wholly owned subsidiary, Jindal Specialty Textiles Limited | Public Issue Expenses",chittorgarh,93.0,chittorgarh
INE848E01016,NHPC Ltd.,MB,NHPC,533098.0,2009-08-07,2009-08-12,2009-09-01,36.0,6038.55,Bookbuilding,"BSE, NSE",Axis Capital,2009,2006-2019,,,,,,,,,,,,,,,,,,,,,,,,,,,,,,,,,,,,,,,,4026.0,chittorgarh,2013.0,chittorgarh,33.3,chittorgarh,,,39.0,chittorgarh,39.75,chittorgarh,36.6,chittorgarh,36.7,chittorgarh,Approved Cost of Identified Projects | Issue  Expenses  (excluding  amount  to  be  shared  by  GOI) | General Corporate Purposes,chittorgarh,6039.0,chittorgarh
INE814H01029,Adani Power Ltd.,MB,ADANIPOWER,533096.0,2009-07-28,2009-07-31,2009-08-20,100.0,3016.52,Bookbuilding,"BSE, NSE",BOFA Securities,2009,2006-2019,,,,,,,,,,,,,,,,,,,,,,,,,,,,,,,,,,,,,,,,3017.0,chittorgarh,0.0,chittorgarh,0.0,chittorgarh,,,105.0,chittorgarh,107.9,chittorgarh,98.5,chittorgarh,100.05,chittorgarh,SEZ Projects | Coal Terminal Project | Investment in Adani Petronet (Dahej) Port Private Limited (‘APPL’) | Investment in erstwhile Adani Logistics Limited | Investment in Adani Logistics Limited (erstwhile Inland Conware Private Limited)** | General Corporate Purpose | Issue Expenses,chittorgarh,3017.0,chittorgarh
INE294G01026,Raj Oil Mills Ltd.,MB,ROML,533093.0,2009-07-20,2009-07-23,2009-08-12,120.0,114.0,Bookbuilding,"BSE, NSE",Karvy Investor Services,2009,2006-2019,,,,,,,,,,,,,,,,,,,,,,,,,,,,,,,,,,,,,,,,114.0,chittorgarh,0.0,chittorgarh,0.0,chittorgarh,,,125.05,chittorgarh,133.7,chittorgarh,115.6,chittorgarh,119.3,chittorgarh,"Setting up of facilities at Manor | Setting up of Crushing unit of 200 TPD for sesame and Mustard at Bagru, district Jaipur | Professional and Consultancy Fees | Research & Development facilities | Miscellaneous and other Assets | Provision for Contingencies | Margin Money for Working Capital Requirements | Brand Promotion and Expansion of Marketing & Distribution Network | Public Issue Expenses | General Corporate Purposes",chittorgarh,114.0,chittorgarh
INE688J01023,Excel Infoways Ltd.,MB,EXCEL,533090.0,2009-07-14,2009-07-17,2009-08-03,85.0,48.17,Bookbuilding,"BSE, NSE",Chartered Capital,2009,2006-2019,,,,,,,,,,,,,,,,,,,,,,,,,,,,,,,,,,,,,,,,48.0,chittorgarh,0.0,chittorgarh,0.0,chittorgarh,,,93.05,chittorgarh,102.4,chittorgarh,91.8,chittorgarh,95.65,chittorgarh,,,48.0,chittorgarh
INE998I01010,Mahindra Holidays & Resorts India Ltd.,MB,MHRIL,533088.0,2009-06-23,2009-06-26,2009-07-16,300.0,277.96,Bookbuilding,"BSE, NSE",HSBC Securities,2009,2006-2019,,,,,,,,,,,,,,,,,,,,,,,,,,,,,,,,,,,,,,,,177.0,chittorgarh,101.0,chittorgarh,36.3,chittorgarh,,,315.0,chittorgarh,339.7,chittorgarh,311.1,chittorgarh,317.1,chittorgarh,Augment the capital base to meet the future capital requirements arising out of growth in the business1878.0and for other general corporate purposes | Estimated  Issue  expenses,chittorgarh,278.0,chittorgarh
INE685F01019,Rishabhdev Technocable Ltd. FPO,MB,,533083.0,2009-06-04,2009-06-09,2009-06-29,33.0,29.7,Bookbuilding,BSE,IDBI Capital,2009,2006-2019,,,,,,,,,,,,,,,,,,,,,,,,,,,,,,,,,,,,,,,,23.0,chittorgarh,7.0,chittorgarh,23.3,chittorgarh,,,42.0,chittorgarh,47.0,chittorgarh,25.85,chittorgarh,27.2,chittorgarh,Expansion cum modernization of existing manufacturing facilities  (Unit I) | Setting up of new manufacturing facilities (Unit II) for Control cables at Daman | Setting up of new manufacturing facilities (Unit III) for Power cables at Silvassa | Margin Money for Working Capital Requirements,chittorgarh,30.0,chittorgarh
INE889J01019,Edserv Softsystems Ltd.,MB,EDSERV,533055.0,2009-02-05,2009-02-09,2009-03-02,60.0,23.84,Bookbuilding,"BSE, NSE",Keynote Financial,2009,2006-2019,,,,,,,,,,,,,,,,,,,,,,,,,,,,,,,,,,,,,,,,24.0,chittorgarh,0.0,chittorgarh,0.0,chittorgarh,,,55.0,chittorgarh,147.0,chittorgarh,55.0,chittorgarh,137.55,chittorgarh,Content Development | Establishment of HEAL Laboratories | Establishing HEADS Offices | Development and Implementation of centralized Lamps Portal Engine | Promotion Expenses | Issue Expenses | Contingencies | Total,chittorgarh,24.0,chittorgarh
INE378J01013,C.Mahendra Exports Ltd.,MB,CMAHENDRA,533304.0,2010-12-31,2011-01-06,2011-01-20,110.0,165.0,Bookbuilding,"BSE, NSE",Anand Rathi Advisors,2010,2006-2019,,,,,,,,,,,,,,,,,,,,,,,,,,,,,,,,,,,,,,,,165.0,chittorgarh,0.0,chittorgarh,0.0,chittorgarh,,,111.0,chittorgarh,120.9,chittorgarh,110.0,chittorgarh,110.85,chittorgarh,"Finance setting up of a diamond processing unit  at Gujarat Hira Bourse, SEZ, Ichchhapore, Surat | Finance setting up of a jewellery manufacturing unit at Mumbai. | Finance setting up retail outlets | Finance brand development expenses | Investment in capital of C. Mahendra BVBA | General corporate purposes",chittorgarh,165.0,chittorgarh
INE268L01046,Shekhawati Poly-Yarn Ltd.,MB,SHEKHAWATI,533301.0,2010-12-27,2010-12-29,2011-01-12,30.0,36.03,Fixed Price,"BSE, NSE",Hem Securities,2010,2006-2019,,,,,,,,,,,,,,,,,,,,,,,,,,,,,,,,,,,,,,,,36.0,chittorgarh,0.0,chittorgarh,0.0,chittorgarh,,,32.5,chittorgarh,69.0,chittorgarh,30.7,chittorgarh,47.5,chittorgarh,"To acquire Factory Building | To acquire Corporate Office Building | To repay loans aggregating to Rs.337.53 Lacs obtained for acquiring factory building, corporate office and payment towards issue expenses | To meet IPO expenses of Rs. 274.27 Lacs | To meet working capital margin money requirements | To get the Equity Shares of the Company listed on BSE and NSE",chittorgarh,36.0,chittorgarh
INE608A01012,Punjab & Sind Bank,MB,PSB,533295.0,2010-12-13,2010-12-16,2010-12-30,120.0,470.82,Bookbuilding,"BSE, NSE",Axis Capital,2010,2006-2019,,,,,,,,,,,,,,,,,,,,,,,,,,,,,,,,,,,,,,,,471.0,chittorgarh,0.0,chittorgarh,0.0,chittorgarh,,,146.1,chittorgarh,149.7,chittorgarh,126.2,chittorgarh,127.05,chittorgarh,"Augment  the  capital  base  to  meet  the capitaladequacy  norms  for future  capital requirements  and  the  growth  in  the  assets,  primarily  the  loan  and  investment portfolio due to the growth of the Indian economy, and for other general corporate purposes",chittorgarh,471.0,chittorgarh
INE619I01012,A2Z Maintenance & Engineering Services Ltd.,MB,A2ZINFRA,533292.0,2010-12-08,2010-12-10,2010-12-23,400.0,776.25,Bookbuilding,"BSE, NSE",BOFA Securities,2010,2006-2019,,,,,,,,,,,,,,,,,,,,,,,,,,,,,,,,,,,,,,,,675.0,chittorgarh,101.0,chittorgarh,13.0,chittorgarh,,,390.0,chittorgarh,398.9,chittorgarh,318.65,chittorgarh,328.9,chittorgarh,Investment in three biomass (bagasse)-based power cogeneration projects of 15 MW each in the State of Punjab | Investment in five biomass-based power generation projects of 15 MW each in the State of Rajasthan | Investment in subsidiaries; | Repayment of a loan granted by L&T Infrastructure Finance Company Limited (“L&T Infrastructure Finance”) to the Company | Working capital requirements; and | General corporate purposes.,chittorgarh,776.0,chittorgarh
INE722J01012,Ravikumar Distilleries Ltd.,MB,RKDL,533294.0,2010-12-08,2010-12-10,2010-12-27,64.0,73.6,Bookbuilding,"BSE, NSE",Comfort Securities,2010,2006-2019,,,,,,,,,,,,,,,,,,,,,,,,,,,,,,,,,,,,,,,,74.0,chittorgarh,0.0,chittorgarh,0.0,chittorgarh,,,64.0,chittorgarh,90.3,chittorgarh,64.0,chittorgarh,80.05,chittorgarh,Expansion in the unit by increase in existing capacity and installation of Re-distillation plant | To part –finance the marketing and corporate branding expenses | To part-finance incremental working capital requirements | To part –finance the general corporate Expenses | To meet the expenses of the Issue,chittorgarh,74.0,chittorgarh
INE109A01011,"Shipping Corp.of India Ltd.,The FPO",MB,SCI,523598.0,2010-11-30,2010-12-03,2010-12-15,140.0,1164.9,Bookbuilding,"BSE, NSE",ICICI Securities,2010,2006-2019,,,,,,,,,,,,,,,,,,,,,,,,,,,,,,,,,,,,,,,,582.0,chittorgarh,582.0,chittorgarh,50.0,chittorgarh,,,136.9,chittorgarh,138.0,chittorgarh,132.15,chittorgarh,132.45,chittorgarh,Part funding theacquisition of certain vessels by the Company. | General corporate purposes. | Total,chittorgarh,1165.0,chittorgarh
INE490G01020,MOIL Ltd.,MB,MOIL,533286.0,2010-11-26,2010-12-01,2010-12-15,375.0,1237.51,Bookbuilding,"BSE, NSE",Edelweiss Financial,2010,2006-2019,,,,,,,,,,,,,,,,,,,,,,,,,,,,,,,,,,,,,,,,,,1238.0,chittorgarh,100.0,chittorgarh,,,551.0,chittorgarh,591.05,chittorgarh,458.5,chittorgarh,466.5,chittorgarh,The Company will not receive any proceeds from the Offer.,chittorgarh,1238.0,chittorgarh
INE562G01018,Claris Lifesciences Ltd.,MB,,533288.0,2010-11-24,2010-12-02,2010-12-20,228.0,300.0,Bookbuilding,BSE,Edelweiss Financial,2010,2006-2019,,,,,,,,,,,,,,,,,,,,,,,,,,,,,,,,,,,,,,,,300.0,chittorgarh,0.0,chittorgarh,0.0,chittorgarh,,,224.4,chittorgarh,227.9,chittorgarh,198.1,chittorgarh,205.85,chittorgarh,"Setting up of a new plant comprising a small volume parenterals line, a PVC bag line, a non-PVC bag line and a fat emulsion line. | Setting up of a new manufacturing line for propofol and other fat emulsion products at the existing plant, Clarion IV. | Construction of a facility for research and development at the Clarion manufacturing facilities. | Prepayment of an identified term loan. | General corporate purposes.",chittorgarh,300.0,chittorgarh
INE324L01013,RPP Infra Projects Ltd.,MB,RPPINFRA,533284.0,2010-11-18,2010-11-22,2010-12-06,75.0,48.75,Bookbuilding,"BSE, NSE",VC Corporate,2010,2006-2019,,,,,,,,,,,,,,,,,,,,,,,,,,,,,,,,,,,,,,,,46.0,chittorgarh,3.0,chittorgarh,6.1,chittorgarh,,,75.0,chittorgarh,80.4,chittorgarh,67.35,chittorgarh,68.95,chittorgarh,Funding margin requirement for working capital | Investment in Capital Equipment | Investments in SPVs for BOT projects | General Corporate Purposes,chittorgarh,49.0,chittorgarh
INE024L01027,Gravita India Ltd.,MB,GRAVITA,533282.0,2010-11-01,2010-11-03,2010-11-16,125.0,45.0,Bookbuilding,"BSE, NSE",Keynote Financial,2010,2006-2019,,,,,,,,,,,,,,,,,,,,,,,,,,,,,,,,,,,,,,,,45.0,chittorgarh,0.0,chittorgarh,0.0,chittorgarh,,,218.75,chittorgarh,255.0,chittorgarh,205.0,chittorgarh,210.4,chittorgarh,"To set up additional manufacturing facilities at Jaipur and new facility at Wada, Maharashtra in India. | To invest in  overseas ventures at 1. Sri Lanka- Navam Lanka Limited. 2. Senegal - Gravita Senegal SAU. 3. Honduras – Gravita Honduras SA | To invest in setting up manufacturing facilities at Australia, Belarus, Chile and Mexico. | To provide margin money for working capital requirement. | For general corporate purposes. | To meet the expenses of the issue.",chittorgarh,45.0,chittorgarh
INE522F01014,Coal India Ltd.,MB,COALINDIA,533278.0,2010-10-18,2010-10-21,2010-11-04,245.0,15199.44,Bookbuilding,"BSE, NSE",Citigroup Global,2010,2006-2019,,,,,,,,,,,,,,,,,,,,,,,,,,,,,,,,,,,,,,,,,,15199.0,chittorgarh,100.0,chittorgarh,,,287.75,chittorgarh,344.75,chittorgarh,287.45,chittorgarh,342.35,chittorgarh,The company will not receive any proceeds from the Offer.,chittorgarh,15199.0,chittorgarh
INE482J01021,Gyscoal Alloys Ltd.,MB,SHAH,533275.0,2010-10-13,2010-10-15,2010-10-27,71.0,54.67,Bookbuilding,"BSE, NSE",Chartered Capital,2010,2006-2019,,,,,,,,,,,,,,,,,,,,,,,,,,,,,,,,,,,,,,,,55.0,chittorgarh,0.0,chittorgarh,0.0,chittorgarh,,,76.6,chittorgarh,112.7,chittorgarh,76.6,chittorgarh,81.55,chittorgarh,"To finance the capital expenditure for enhancing the production capctiy of melting section by 100,000 MT per annum | To meet the Long Term Working Capital requirements of the Company | To meet General Corporate Purpose | To meet Issue Expenses",chittorgarh,55.0,chittorgarh
INE811K01011,Prestige Estates Projects Ltd.,MB,PRESTIGE,533274.0,2010-10-12,2010-10-14,2010-10-27,183.0,1200.0,Bookbuilding,"BSE, NSE",Axis Capital,2010,2006-2019,,,,,,,,,,,,,,,,,,,,,,,,,,,,,,,,,,,,,,,,1200.0,chittorgarh,0.0,chittorgarh,0.0,chittorgarh,,,190.0,chittorgarh,209.0,chittorgarh,190.0,chittorgarh,192.55,chittorgarh,"Finance the Ongoing Projects and Projects Under Development | Invest in the existing Subsidiaries which investment will be utilized for the construction and development of our commercial Ongoing Project, retail Ongoing and retail Projects Under Development undertaken by those Subsidiaries | Finance the acquisition of land | Repay certain loans of the Company | General corporate purposes",chittorgarh,1200.0,chittorgarh
INE043K01029,BS Transcomm Ltd.,MB,BSLIMITED,533276.0,2010-10-06,2010-10-13,2010-10-27,248.0,190.45,Bookbuilding,"BSE, NSE",JM Financial,2010,2006-2019,,,,,,,,,,,,,,,,,,,,,,,,,,,,,,,,,,,,,,,,190.0,chittorgarh,0.0,chittorgarh,0.0,chittorgarh,,,251.0,chittorgarh,399.0,chittorgarh,247.8,chittorgarh,378.5,chittorgarh,Land | Site Development | Building and Foundations | Plant and Machinery | Miscellaneous Fixed Assets and other expenditure | Working Capital Margin | General Corporate Purposes | Issue Expenses | Total,chittorgarh,190.0,chittorgarh
INE093I01010,Oberoi Realty Ltd.,MB,OBEROIRLTY,533273.0,2010-10-06,2010-10-08,2010-10-20,260.0,1028.61,Bookbuilding,"BSE, NSE",Axis Capital,2010,2006-2019,,,,,,,,,,,,,,,,,,,,,,,,,,,,,,,,,,,,,,,,1029.0,chittorgarh,0.0,chittorgarh,0.0,chittorgarh,,,280.0,chittorgarh,299.0,chittorgarh,269.8,chittorgarh,282.95,chittorgarh,Construction of the Ongoing projects | Acquisition of land or land development rights | General Corporate Purposes,chittorgarh,1029.0,chittorgarh
INE209L01016,Commercial Engineers & Body Builders Co.Ltd.,MB,JWL,533272.0,2010-09-30,2010-10-05,2010-10-18,127.0,172.41,Bookbuilding,"BSE, NSE",Edelweiss Financial,2010,2006-2019,,,,,,,,,,,,,,,,,,,,,,,,,,,,,,,,,,,,,,,,153.0,chittorgarh,19.0,chittorgarh,11.0,chittorgarh,,,122.8,chittorgarh,144.8,chittorgarh,106.3,chittorgarh,112.25,chittorgarh,Capital expenditure for the Railway Project | Prepayment of Identified Loan Facilities | General corporate purposes,chittorgarh,172.0,chittorgarh
INE844K01012,Bedmutha Industries Ltd.,MB,BEDMUTHA,533270.0,2010-09-28,2010-10-01,2010-10-14,102.0,91.84,Bookbuilding,"BSE, NSE",Ashika Capital,2010,2006-2019,,,,,,,,,,,,,,,,,,,,,,,,,,,,,,,,,,,,,,,,92.0,chittorgarh,0.0,chittorgarh,0.0,chittorgarh,,,114.4,chittorgarh,205.0,chittorgarh,98.0,chittorgarh,180.8,chittorgarh,"Setting up of new plant at Sinnar, Nashik for manufacturing of new product Low Relaxation PreStress Concrete (LRPC) Wire and Spring Steel Wire. | General Corporate Purposes",chittorgarh,92.0,chittorgarh
INE351L01016,Sea TV Network Ltd.,MB,,533268.0,2010-09-27,2010-09-29,2010-10-14,100.0,50.2,Bookbuilding,BSE,Chartered Capital,2010,2006-2019,,,,,,,,,,,,,,,,,,,,,,,,,,,,,,,,,,,,,,,,50.0,chittorgarh,0.0,chittorgarh,0.0,chittorgarh,,,120.0,chittorgarh,126.15,chittorgarh,105.05,chittorgarh,106.0,chittorgarh,Setting up complete Digital Headend and network for implementation of Conditional Access System (CAS) to convert from the present Analog system to distribution to a Digital System. | Setting up network for complete IPTV solution. | Setting up of own cable distribution (underground optical fiber) network capable of digital transmission throughout Agra City and adjoining areas. | Setting up own 20 branch-offices in the city including in the adjoining areas with required infrastructure for receiving digital signals and re-transmitting the same without much value addition through co-axial cables to individual customers/subscribers. | Meeting the expenses of the issue,chittorgarh,50.0,chittorgarh
INE442H01029,Ashoka Buildcon Ltd.,MB,ASHOKA,533271.0,2010-09-24,2010-09-28,2010-10-14,324.0,225.0,Bookbuilding,"BSE, NSE",Axis Capital,2010,2006-2019,,,,,,,,,,,,,,,,,,,,,,,,,,,,,,,,,,,,,,,,225.0,chittorgarh,0.0,chittorgarh,0.0,chittorgarh,,,333.55,chittorgarh,362.3,chittorgarh,312.65,chittorgarh,333.35,chittorgarh,Investment in capital equipment | To meet working capital requirements. | Prepayment/ repayment of project loans of the Company | General corporate purposes. | Funding certain Subsidiaries for prepayment/ repayment of their loans | Issue Expenses,chittorgarh,225.0,chittorgarh
INE904H01010,Tecpro Systems Ltd.,MB,TECPRO,533266.0,2010-09-23,2010-09-28,2010-10-12,355.0,267.91,Bookbuilding,"BSE, NSE",Kotak Mahindra Capital,2010,2006-2019,,,,,,,,,,,,,,,,,,,,,,,,,,,,,,,,,,,,,,,,222.0,chittorgarh,46.0,chittorgarh,17.2,chittorgarh,,,399.4,chittorgarh,454.25,chittorgarh,398.0,chittorgarh,407.85,chittorgarh,Fund working capital requirements; and | Fund expenditure for general corporate purposes,chittorgarh,268.0,chittorgarh
INE068L01024,Cantabil Retail India Ltd.,MB,CANTABIL,533267.0,2010-09-22,2010-09-27,2010-10-12,135.0,105.0,Bookbuilding,"BSE, NSE",SPA Capital,2010,2006-2019,,,,,,,,,,,,,,,,,,,,,,,,,,,,,,,,,,,,,,,,105.0,chittorgarh,0.0,chittorgarh,0.0,chittorgarh,,,133.8,chittorgarh,133.8,chittorgarh,102.1,chittorgarh,104.75,chittorgarh,Establishment of new integrated manufacturing facility | Expansion of Exclusive Brand Outlets | Additional Working Capital | Repayment of Debt | General Corporate Purposes | Expenses for the Issue,chittorgarh,105.0,chittorgarh
INE956G01038,VA Tech Wabag Ltd.,MB,WABAG,533269.0,2010-09-22,2010-09-27,2010-10-13,1310.0,472.59,Bookbuilding,"BSE, NSE",Axis Capital,2010,2006-2019,,,,,,,,,,,,,,,,,,,,,,,,,,,,,,,,,,,,,,,,125.0,chittorgarh,348.0,chittorgarh,73.6,chittorgarh,,,1655.0,chittorgarh,1806.6,chittorgarh,1651.1,chittorgarh,1709.4,chittorgarh,Funding working capital requirements of the Company. | Construction of a corporate office at Chennai | General corporate purposes | Implementation of global IT systems,chittorgarh,473.0,chittorgarh
INE528K01029,Gallantt Ispat Ltd.,MB,GALLISPAT,533265.0,2010-09-22,2010-09-24,2010-10-11,50.0,40.5,Fixed Price,"BSE, NSE",Anand Rathi Advisors,2010,2006-2019,,,,,,,,,,,,,,,,,,,,,,,,,,,,,,,,,,,,,,,,34.0,chittorgarh,7.0,chittorgarh,17.1,chittorgarh,,,48.9,chittorgarh,87.4,chittorgarh,48.8,chittorgarh,81.6,chittorgarh,"Land and Site Development | Setting up of Sponge Iron manufacturing unit at Gorakhpur, Uttar Pradesh | Setting up a Mild Steel Billets manufacturing unit at Gorakhpur, Uttar Pradesh | Setting up of a Re-Rolled Products manufacturing unit at Gorakhpur, Uttar Pradesh | Setting up of Captive Power plant at Gorakhpur, Uttar Pradesh | Setting up a Flour Mill at Gorakhpur, Uttar Pradesh | Margin Money for Working Capital | Contingencies | Preliminary and Pre Operative Expense | Miscellaneous Fixed Assets | Total",chittorgarh,41.0,chittorgarh
INE481K01013,Electrosteel Steels Ltd.,MB,ESL,533264.0,2010-09-21,2010-09-24,2010-10-08,11.0,285.28,Bookbuilding,"BSE, NSE",Edelweiss Financial,2010,2006-2019,,,,,,,,,,,,,,,,,,,,,,,,,,,,,,,,,,,,,,,,285.0,chittorgarh,0.0,chittorgarh,0.0,chittorgarh,,,12.35,chittorgarh,12.35,chittorgarh,9.35,chittorgarh,11.25,chittorgarh,"To part finance the construction of Integrated Steel and D.I. pipe plant having a capacity of 2.2 MTPA in Jharkhand, India | Margin money towards Bank Guarantees | General Corporate Purposes",chittorgarh,285.0,chittorgarh
INE999K01014,Orient Green Power Co.Ltd.,MB,GREENPOWER,533263.0,2010-09-21,2010-09-24,2010-10-08,47.0,900.0,Bookbuilding,"BSE, NSE",Axis Bank,2010,2006-2019,,,,,,,,,,,,,,,,,,,,,,,,,,,,,,,,,,,,,,,,900.0,chittorgarh,0.0,chittorgarh,0.0,chittorgarh,,,45.7,chittorgarh,46.6,chittorgarh,38.3,chittorgarh,44.9,chittorgarh,"To finance the construction and development of four biomass projects being undertaken by the Company, namely: 10 MW power project in Narasingpur, Madhya Pradesh (―BM – 10 – Narasingpur‖), 10 MW biomass power project in Amritsar (―BM – 10 – Amritsar‖), 7.5 MW biomass power project in Vellore (―BM – 7.5 – Vellore‖), 10 MW biomass power project in Patiala (―BM – 10 – Patiala‖) | Funding our Subsidiaries, Orient Green Power Company (Rajasthan) Limited (―OGP Rajasthan‖) for undertaking 8 MW biomass power project in Kishanganj, Rajasthan (―BM – 08 –Kishanganj‖) and Beta Wind Farms Private Limited (―BWFPL‖) for undertaking 300 MW wind project in Tamil Nadu (―300 MW Tamil Nadu project‖) | Funding the Subsidiaries BWFPL, PSR Green Power Projects Private Limited (―PSR Green‖) and Shriram Non-Conventional Energy Limited (―SNEL‖) for repayment of existing debt availed from Indusind Bank, and prepayment of existing debt availed from Yes Bank | General corporate purposes | Total",chittorgarh,900.0,chittorgarh
INE874I01013,Ramky Infrastructure Ltd.,MB,RAMKY,533262.0,2010-09-21,2010-09-23,2010-10-08,450.0,530.0,Bookbuilding,"BSE, NSE",Deutsche Equities,2010,2006-2019,,,,,,,,,,,,,,,,,,,,,,,,,,,,,,,,,,,,,,,,350.0,chittorgarh,180.0,chittorgarh,34.0,chittorgarh,,,450.0,chittorgarh,460.0,chittorgarh,345.05,chittorgarh,387.35,chittorgarh,Investment in capital equipments | To meet the working capital requirements | Repayment of loans | General corporate purposes,chittorgarh,530.0,chittorgarh
INE019J01013,Microsec Financial Services Ltd.,MB,SASTASUNDR,533259.0,2010-09-17,2010-09-21,2010-10-05,118.0,147.5,Bookbuilding,"BSE, NSE",SBICAP,2010,2006-2019,,,,,,,,,,,,,,,,,,,,,,,,,,,,,,,,,,,,,,,,148.0,chittorgarh,0.0,chittorgarh,0.0,chittorgarh,,,135.1,chittorgarh,141.0,chittorgarh,108.3,chittorgarh,110.9,chittorgarh,Expand our Financing business. | Expand MCap’s domestic operations by increasing network of branches. | Enhance MCap’s existing technological capacity. | General corporate purposes.,chittorgarh,148.0,chittorgarh
INE416L01017,Eros International Media Ltd.,MB,EROSMEDIA,533261.0,2010-09-17,2010-09-21,2010-10-06,175.0,350.0,Bookbuilding,"BSE, NSE",Axis Capital,2010,2006-2019,,,,,,,,,,,,,,,,,,,,,,,,,,,,,,,,,,,,,,,,350.0,chittorgarh,0.0,chittorgarh,0.0,chittorgarh,,,213.35,chittorgarh,217.7,chittorgarh,178.6,chittorgarh,190.05,chittorgarh,"Acquiring and co-producing Indian films, including primarily Hindi language films as well as certain Tamil and other regional language films. | General Corporate Purposes | Total",chittorgarh,350.0,chittorgarh
INE521J01018,Career Point Infosystems Ltd.,MB,CPCAP,533260.0,2010-09-16,2010-09-21,2010-10-06,310.0,115.0,Bookbuilding,"BSE, NSE",Centrum Capital,2010,2006-2019,,,,,,,,,,,,,,,,,,,,,,,,,,,,,,,,,,,,,,,,115.0,chittorgarh,0.0,chittorgarh,0.0,chittorgarh,,,461.0,chittorgarh,674.0,chittorgarh,450.0,chittorgarh,632.35,chittorgarh,To meet the costs of construction and development of an integrated campus facility. | Expansion of classroom infrastructure and office facility. | Acquisitions and other strategic initiatives. | General corporate purposes.,chittorgarh,115.0,chittorgarh
INE493K01018,Tirupati Inks Ltd. FPO,MB,,533258.0,2010-09-14,2010-09-17,2010-10-01,43.0,51.5,Bookbuilding,BSE,Ashika Capital,2010,2006-2019,,,,,,,,,,,,,,,,,,,,,,,,,,,,,,,,,,,,,,,,40.0,chittorgarh,11.0,chittorgarh,21.6,chittorgarh,,,53.95,chittorgarh,61.45,chittorgarh,35.7,chittorgarh,36.65,chittorgarh,Setting up facility for manufacturing of Speciality Inks and Ink Concentrates. | Capital Expenditure on Lab Equipments for Existing Facilities. | Proposed Acquisitions. | Augmenting Working Capital Resources. | General Corporate Purposes. | Meeting the Expenses of the Issue,chittorgarh,51.0,chittorgarh
INE866K01023,Indosolar Ltd.,MB,WAAREEINDO,533257.0,2010-09-13,2010-09-15,2010-09-29,29.0,357.0,Bookbuilding,"BSE, NSE",Axis Capital,2010,2006-2019,,,,,,,,,,,,,,,,,,,,,,,,,,,,,,,,,,,,,,,,357.0,chittorgarh,0.0,chittorgarh,0.0,chittorgarh,,,29.75,chittorgarh,29.9,chittorgarh,22.8,chittorgarh,23.7,chittorgarh,"To finance the expansion of the annual manufacturing capacity for SPV cells by adding a third line of 100 MW, (“Line 3”); and | General corporate purposes",chittorgarh,357.0,chittorgarh
INE517F01014,Gujarat Pipavav Port Ltd.,MB,GPPL,533248.0,2010-08-23,2010-08-26,2010-09-09,46.0,553.85,Bookbuilding,"BSE, NSE",Dam Capital,2010,2006-2019,,,,,,,,,,,,,,,,,,,,,,,,,,,,,,,,,,,,,,,,500.0,chittorgarh,54.0,chittorgarh,9.7,chittorgarh,,,56.25,chittorgarh,58.4,chittorgarh,51.9,chittorgarh,54.05,chittorgarh,Prepayment of loans of the Company | Investment in Capital Expenditure | Investment in Capital Equipment | General corporate purposes | Total,chittorgarh,554.0,chittorgarh
INE696K01024,Prakash Steelage Ltd.,MB,PRAKASHSTL,533239.0,2010-08-05,2010-08-10,2010-08-25,110.0,68.75,Bookbuilding,"BSE, NSE",Keynote Financial,2010,2006-2019,,,,,,,,,,,,,,,,,,,,,,,,,,,,,,,,,,,,,,,,69.0,chittorgarh,0.0,chittorgarh,0.0,chittorgarh,,,118.55,chittorgarh,201.9,chittorgarh,117.0,chittorgarh,187.95,chittorgarh,"Expansion of existing manufacturing facility at Umbergaon, Gujarat. | Meet the additional working capital requirement. | General Corporate Purposes | Meet the issue expenses | Total",chittorgarh,69.0,chittorgarh
INE933K01021,Bajaj Corp Ltd.,MB,BAJAJCON,533229.0,2010-08-02,2010-08-05,2010-08-18,660.0,297.0,Bookbuilding,"BSE, NSE",Kotak Mahindra Capital,2010,2006-2019,,,,,,,,,,,,,,,,,,,,,,,,,,,,,,,,,,,,,,,,297.0,chittorgarh,0.0,chittorgarh,0.0,chittorgarh,,,730.0,chittorgarh,812.0,chittorgarh,730.0,chittorgarh,758.25,chittorgarh,Promote the future products. | Acquisitions and other strategic initiatives. | General Corporate Purposes.,chittorgarh,297.0,chittorgarh
INE180K01011,SKS Microfinance Ltd.,MB,SKSMICRO,533228.0,2010-07-28,2010-08-02,2010-08-16,985.0,1628.78,Bookbuilding,"BSE, NSE",Citigroup Global,2010,2006-2019,,,,,,,,,,,,,,,,,,,,,,,,,,,,,,,,,,,,,,,,722.0,chittorgarh,907.0,chittorgarh,55.7,chittorgarh,,,1036.0,chittorgarh,1159.9,chittorgarh,1036.0,chittorgarh,1088.58,chittorgarh,Augment the capital base to meet our future capital requirements arising out of growth in the business.,chittorgarh,1629.0,chittorgarh
INE510A01028,Engineers India Ltd. FPO,MB,ENGINERSIN,532178.0,2010-07-27,2010-07-30,2010-08-12,290.0,959.65,Bookbuilding,"BSE, NSE",HSBC Securities,2010,2006-2019,,,,,,,,,,,,,,,,,,,,,,,,,,,,,,,,,,,,,,,,,,960.0,chittorgarh,100.0,chittorgarh,,,315.0,chittorgarh,329.8,chittorgarh,315.0,chittorgarh,321.15,chittorgarh,The company will not receive any proceeds from the Offer.,chittorgarh,960.0,chittorgarh
INE091K01010,Midfield Industries Ltd.,MB,,533220.0,2010-07-19,2010-07-21,2010-08-04,133.0,59.85,Bookbuilding,BSE,Atherstone Capital,2010,2006-2019,,,,,,,,,,,,,,,,,,,,,,,,,,,,,,,,,,,,,,,,60.0,chittorgarh,0.0,chittorgarh,0.0,chittorgarh,,,159.4,chittorgarh,174.9,chittorgarh,150.0,chittorgarh,163.05,chittorgarh,"Expansion of capacities at the existing plants | Setting up new facilities | Augmenting long term working capital requirement of the Company; | General Corporate Purposes | Setting up new facility for manufacturing High Tensile Steel Strapping and seals at Sharjah | Expansion at existing manufacturing facility at Mumbai, by setting up Angle Board, Collated Nails, Seals and Heat Treatment Plant | Expansion at existing manufacturing facility at Roorkee, by setting up Angle Board and Collated Nails, Seals | Issue Expenses",chittorgarh,60.0,chittorgarh
INE871K01015,Hindustan Media Ventures Ltd.,MB,HMVL,533217.0,2010-07-05,2010-07-07,2010-07-21,166.0,270.0,Bookbuilding,"BSE, NSE",Edelweiss Financial,2010,2006-2019,,,,,,,,,,,,,,,,,,,,,,,,,,,,,,,,,,,,,,,,270.0,chittorgarh,0.0,chittorgarh,0.0,chittorgarh,,,170.0,chittorgarh,191.9,chittorgarh,170.0,chittorgarh,189.2,chittorgarh,Setting  up  new  publishing  units | Upgrading existing plant and machinery | Prepayment of loans,chittorgarh,270.0,chittorgarh
INE509K01011,Technofab Engineering Ltd.,MB,TECHNOFAB,533216.0,2010-06-29,2010-07-02,2010-07-16,240.0,71.66,Bookbuilding,"BSE, NSE",,2010,2006-2019,,,,,,,,,,,,,,,,,,,,,,,,,,,,,,,,,,,,,,,,72.0,chittorgarh,0.0,chittorgarh,0.0,chittorgarh,,,265.0,chittorgarh,307.0,chittorgarh,265.0,chittorgarh,295.65,chittorgarh,To meet long-term working capital requirements. | To finance the procurement of construction equipment. | To set up maintenance and storage facility for construction equipment | For setting up of training centre for employees | For general corporate purposes | To meet Issue expenses,chittorgarh,72.0,chittorgarh
INE900K01012,Aster Silicates Ltd.,MB,SHRIASTER,533219.0,2010-06-24,2010-06-28,2010-07-28,118.0,53.1,Bookbuilding,"BSE, NSE",Saffron Capital,2010,2006-2019,,,,,,,,,,,,,,,,,,,,,,,,,,,,,,,,,,,,,,,,53.0,chittorgarh,0.0,chittorgarh,0.0,chittorgarh,,,127.7,chittorgarh,225.0,chittorgarh,123.5,chittorgarh,199.1,chittorgarh,Expansion of Manufacturing facilities | Additional Working Capital Requirements | Public Issue expenses,chittorgarh,53.0,chittorgarh
INE618H01016,Parabolic Drugs Ltd.,MB,PARABDRUGS,533211.0,2010-06-14,2010-06-17,2010-07-01,75.0,200.0,Bookbuilding,"BSE, NSE",ICICI Securities,2010,2006-2019,,,,,,,,,,,,,,,,,,,,,,,,,,,,,,,,,,,,,,,,185.0,chittorgarh,15.0,chittorgarh,7.5,chittorgarh,,,76.0,chittorgarh,79.0,chittorgarh,63.0,chittorgarh,64.8,chittorgarh,Multi-purpose block III at Derabassi | Sterile cephalosporin plant at Derabassi | Establishment of Chachrauli plant | Investment in our Subsidiary; | Repayment / prepayment of identified loan facilities | General corporate purposes,chittorgarh,200.0,chittorgarh
INE028L21018,Standard Chartered PLC IDRS,MB,STAN,580001.0,2010-05-25,2010-05-28,2010-06-11,104.0,0.0,Bookbuilding,"BSE, NSE",BOFA Securities,2010,2006-2019,,,,,,,,,,,,,,,,,,,,,,,,,,,,,,,,,,,,,,,,,,,,,,,,105.0,chittorgarh,108.0,chittorgarh,100.6,chittorgarh,103.05,chittorgarh,"To provide Indian investors with an opportunity to invest in the Company and participate in its growth. The Company has been established in India for many years, is committed to India’s future and believes that India will remain a growing and key market | Estimated Issue expenses | Total",chittorgarh,,
INE099J01015,Jaypee Infratech Ltd.,MB,JPINFRATEC,533207.0,2010-04-29,2010-05-04,2010-05-21,102.0,2257.61,Bookbuilding,"BSE, NSE",Axis Bank,2010,2006-2019,,,,,,,,,,,,,,,,,,,,,,,,,,,,,,,,,,,,,,,,1650.0,chittorgarh,608.0,chittorgarh,26.9,chittorgarh,,,93.0,chittorgarh,98.5,chittorgarh,90.0,chittorgarh,91.3,chittorgarh,to partially finance the Yamuna Expressway Project | general corporate purposes | Total,chittorgarh,2258.0,chittorgarh
INE002L01015,SJVN Ltd.,MB,SJVN,533206.0,2010-04-29,2010-05-03,2010-05-20,26.0,1062.74,Bookbuilding,"BSE, NSE",IDBI Capital,2010,2006-2019,,,,,,,,,,,,,,,,,,,,,,,,,,,,,,,,,,,,,,,,,,1063.0,chittorgarh,100.0,chittorgarh,,,28.0,chittorgarh,28.0,chittorgarh,24.15,chittorgarh,25.05,chittorgarh,To achieve the benefits of listing on the Stock Exchanges,chittorgarh,1063.0,chittorgarh
INE087J01028,Mandhana Industries Ltd.,MB,GBGLOBAL,533204.0,2010-04-27,2010-04-29,2010-05-19,130.0,107.9,Bookbuilding,"BSE, NSE",Axis Bank,2010,2006-2019,,,,,,,,,,,,,,,,,,,,,,,,,,,,,,,,,,,,,,,,108.0,chittorgarh,0.0,chittorgarh,0.0,chittorgarh,,,132.7,chittorgarh,139.15,chittorgarh,130.0,chittorgarh,133.65,chittorgarh,"Setting up of new garment manufacturing facility at MIDC, Tarapur Maharashtra | Expansion of yarn dyeing and weaving facility at MIDC, Tarapur, in the State of Maharashtra | Margin Money for Working Capital | General Corporate Purpose | Meeting issue expenses",chittorgarh,108.0,chittorgarh
INE747K01017,Tarapur Transformers Ltd.,MB,TARAPUR,533203.0,2010-04-26,2010-04-28,2010-05-18,75.0,63.75,Bookbuilding,"BSE, NSE",Comfort Securities,2010,2006-2019,,,,,,,,,,,,,,,,,,,,,,,,,,,,,,,,,,,,,,,,64.0,chittorgarh,0.0,chittorgarh,0.0,chittorgarh,,,75.0,chittorgarh,97.5,chittorgarh,54.1,chittorgarh,56.9,chittorgarh,Expansion and Modernization of the Pali Unit | To part-finance incremental working capital requirement | To part-finance the acquisition of business | To part –finance the marketing and corporate branding expenses | To part –finance the general corporate Expense | To meet the expenses of the Issue,chittorgarh,64.0,chittorgarh
INE639K01016,Nitesh Estates Ltd.,MB,NITESHEST,533202.0,2010-04-23,2010-04-27,2010-05-13,54.0,405.0,Bookbuilding,"BSE, NSE",Axis Capital,2010,2006-2019,,,,,,,,,,,,,,,,,,,,,,,,,,,,,,,,,,,,,,,,405.0,chittorgarh,0.0,chittorgarh,0.0,chittorgarh,,,50.0,chittorgarh,55.0,chittorgarh,48.05,chittorgarh,50.95,chittorgarh,"Acquire joint development rights by the Company | Fund the existing Subsidiaries and the Associate company, for repayment/prepayment of loans, redemption of debentures, finance Ongoing Projects and finance the acquisition of joint development rights | Repay certain loans of the Company | Fund the expenditure for general corporate purposes",chittorgarh,405.0,chittorgarh
INE502K01016,Talwalkars Better value Fitness Ltd.,MB,TALWALKARS,533200.0,2010-04-21,2010-04-23,2010-05-10,128.0,77.44,Bookbuilding,"BSE, NSE",IIFL Capital,2010,2006-2019,,,,,,,,,,,,,,,,,,,,,,,,,,,,,,,,,,,,,,,,77.0,chittorgarh,0.0,chittorgarh,0.0,chittorgarh,,,138.0,chittorgarh,167.7,chittorgarh,132.0,chittorgarh,162.6,chittorgarh,Setting up of additional health clubs | Repayment of unsecured loans | Meeting Issue related expenses,chittorgarh,77.0,chittorgarh
INE516K01024,Goenka Diamond & Jewels Ltd.,MB,GOENKA,533189.0,2010-03-23,2010-03-26,2010-04-16,135.0,126.51,Bookbuilding,"BSE, NSE",SBICAP,2010,2006-2019,,,,,,,,,,,,,,,,,,,,,,,,,,,,,,,,,,,,,,,,127.0,chittorgarh,0.0,chittorgarh,0.0,chittorgarh,,,130.0,chittorgarh,141.35,chittorgarh,92.35,chittorgarh,127.85,chittorgarh,Establishment of G WILD Stores | Establishment of CERES Stores | Working capital requirement for jewellery business | Establishment of jewellery manufacturing facility | Establishment of diamond processing facility | Investment in the Subsidiary | General corporate purposes,chittorgarh,127.0,chittorgarh
INE566K01011,Intrasoft Technologies Ltd.,MB,ISFT,533181.0,2010-03-23,2010-03-26,2010-04-12,145.0,53.65,Bookbuilding,BSE,Anand Rathi Advisors,2010,2006-2019,,,,,,,,,,,,,,,,,,,,,,,,,,,,,,,,,,,,,,,,54.0,chittorgarh,0.0,chittorgarh,0.0,chittorgarh,,,140.0,chittorgarh,167.15,chittorgarh,123.3,chittorgarh,159.35,chittorgarh,Branding and Promotion | Purchasing a corporate office at Kolkata | Investment in technology infrastructure | General corporate purposes,chittorgarh,54.0,chittorgarh
INE553K01019,Shree Ganesh Jewellery House Ltd.,MB,SGJHL,533180.0,2010-03-19,2010-03-23,2010-04-09,260.0,371.02,Bookbuilding,"BSE, NSE",Axis Bank,2010,2006-2019,,,,,,,,,,,,,,,,,,,,,,,,,,,,,,,,,,,,,,,,316.0,chittorgarh,55.0,chittorgarh,14.8,chittorgarh,,,258.85,chittorgarh,258.85,chittorgarh,160.65,chittorgarh,163.25,chittorgarh,"Setting up a manufacturing unit at Mondalpara, West Bengal for the manufacture of plain and studded gold jewellery with an annual installed capacity of 450 kgs of gold, two units for the manufacture of machine made Italian jewellery with an annual installed capacity of 1,500 kgs of gold and a facility for the manufacture of bangles with an annual installed capacity of 600 kgs of gold (“Mondalpara Project”). | Setting up a new manufacturing unit at Domjur, West Bengal with an annual installed capacity of 2,000 kgs of diamond studded jewellery alongwith an electroforming plant with an annual installed capacity of 2,250 kgs of gold and a gold refinery plant with an annual installed capacity of 1,000 kgs of gold (“Domjur Project”). | Expansion of manufacturing facility at Manikanchan SEZ | Setting up of retail outlets and marketing cost | To meet the working capital requirement | General Corporate Purposes | To meet the issue expenses",chittorgarh,371.0,chittorgarh
INE262H01021,Persistent Systems Ltd.,MB,PERSISTENT,533179.0,2010-03-17,2010-03-19,2010-04-06,310.0,168.01,Bookbuilding,"BSE, NSE",Axis Capital,2010,2006-2019,,,,,,,,,,,,,,,,,,,,,,,,,,,,,,,,,,,,,,,,128.0,chittorgarh,40.0,chittorgarh,23.8,chittorgarh,,,400.0,chittorgarh,448.0,chittorgarh,386.0,chittorgarh,408.0,chittorgarh,Establishment of development facilities. | Capitalise our Subsidiaries for establishing development facilities. | Procuring hardware. | Fund expenditure for general corporate purposes.,chittorgarh,168.0,chittorgarh
INE495J01015,Pradip Overseas Ltd.,MB,PRADIP,533178.0,2010-03-11,2010-03-15,2010-04-05,110.0,116.6,Bookbuilding,"BSE, NSE",Anand Rathi Advisors,2010,2006-2019,,,,,,,,,,,,,,,,,,,,,,,,,,,,,,,,,,,,,,,,117.0,chittorgarh,0.0,chittorgarh,0.0,chittorgarh,,,120.0,chittorgarh,123.0,chittorgarh,102.3,chittorgarh,107.15,chittorgarh,To part finance the setting up the Proposed Manufacturing Facility within the Proposed Textile SEZ | To part finance the incremental margin money requirement for working capital,chittorgarh,117.0,chittorgarh
INE975G01012,IL&FS Transportation Networks Ltd.,MB,IL&FSTRANS,533177.0,2010-03-11,2010-03-15,2010-03-30,258.0,700.0,Bookbuilding,"BSE, NSE",Axis Capital,2010,2006-2019,,,,,,189.0,362.0,1225.0,87.0,173.0,146.0,51.0,95.0,29.0,,,,1075.0,1649.0,1889.0,2065.0,3587.0,3688.0,33.0,206.0,18.0,738.0,915.0,886.0,1225.0,29.0,2.37,3.27,2.13,Mar 2009,3.0,screener,,,590.0,chittorgarh,110.0,chittorgarh,15.7,chittorgarh,,,287.0,chittorgarh,295.0,chittorgarh,270.1,chittorgarh,273.75,chittorgarh,Funding pre-payment and repayment of a portion of debt availed by the Company; | General corporate purposes,chittorgarh,700.0,chittorgarh
INE584A01023,NMDC Ltd. FPO,MB,NMDC,526371.0,2010-03-10,2010-03-12,2010-03-30,300.0,9930.45,Bookbuilding,"BSE, NSE",Citigroup Global,2010,2006-2019,,,,,,,,,,,,,,,,,,,,,,,,,,,,,,,,,,,,,,,,,,9930.0,chittorgarh,100.0,chittorgarh,,,286.0,chittorgarh,300.3,chittorgarh,286.0,chittorgarh,294.65,chittorgarh,The Company shall not receive any proceeds of this Offer and all the proceeds shall be received by the Selling Shareholder,chittorgarh,9930.0,chittorgarh
INE656K01010,DQ Entertainment (International) Ltd.,MB,DQE,533176.0,2010-03-08,2010-03-10,2010-03-29,80.0,128.26,Bookbuilding,BSE,SBICAP,2010,2006-2019,,,,,,,,150.0,,,53.0,,,16.0,,,,,,37.0,,,219.0,,,8.0,,,146.0,150.0,16.0,10.67,10.96,0.25,Mar 2009,1.0,screener,,,128.0,chittorgarh,0.0,chittorgarh,0.0,chittorgarh,,,135.0,chittorgarh,140.0,chittorgarh,106.55,chittorgarh,108.55,chittorgarh,"Investment in co-production agreements, focusing on IP content creation | Development of office premises and production facilities; development of infrastructure and additional facilities at the SEZ Unit, Kokapet Village, Rangareddy District, Andhra Pradesh | Investment in the subsidiary, DQ Entertainment(Ireland) Limited; and | General corporate purposes",chittorgarh,128.0,chittorgarh
INE695A01019,United Bank of India,MB,UNITEDBNK,533171.0,2010-02-23,2010-02-25,2010-03-18,66.0,325.15,Bookbuilding,"BSE, NSE",Edelweiss Financial,2010,2006-2019,,,,,,,3557.0,4312.0,,2416.0,2911.0,,145.0,185.0,,,,,,,,,,,1259.0,242.0,,,,4312.0,185.0,4.29,,,Mar 2009,2.0,screener,,,325.0,chittorgarh,0.0,chittorgarh,0.0,chittorgarh,,,77.0,chittorgarh,77.0,chittorgarh,68.1,chittorgarh,68.8,chittorgarh,"Augment our capital base to meet the future capital requirements arising out of the implementation of the Basel II standards and the growth in our assets, primarily our loan and investment portfolio due to the growth of the Indian economy | General Corporate Purposes | Issue expenses",chittorgarh,325.0,chittorgarh
INE949H01023,Man Infraconstruction Ltd.,MB,MANINFRA,533169.0,2010-02-18,2010-02-22,2010-03-11,252.0,141.76,Bookbuilding,"BSE, NSE",Edelweiss Financial,2010,2006-2019,,,,,,,,,,,,,,,,,,,,,,,,,,,,,,,,,,,,,,,,142.0,chittorgarh,0.0,chittorgarh,0.0,chittorgarh,,,335.0,chittorgarh,374.9,chittorgarh,335.0,chittorgarh,348.25,chittorgarh,Purchase of Capital Equipments | General Corporate Purposes | Total,chittorgarh,142.0,chittorgarh
INE141K01013,Texmo Pipes & Products Ltd.,MB,TEXMOPIPES,533164.0,2010-02-16,2010-02-19,2010-03-10,90.0,45.0,Bookbuilding,"BSE, NSE",Almondz Global,2010,2006-2019,,,,,,,,,,,,,,,,,,,,,,,,,,,,,,,,,,,,,,,,45.0,chittorgarh,0.0,chittorgarh,0.0,chittorgarh,,,101.5,chittorgarh,140.7,chittorgarh,101.5,chittorgarh,137.25,chittorgarh,Expansion of product range; | Setting up manufacturing facilities for injection mouldings/fittings and woven sacks | Meeting long term working capital requirements; | General corporate purposes; and | Issue expenses,chittorgarh,45.0,chittorgarh
INE982F01036,Hathway Cable & Datacom Ltd.,MB,HATHWAY,533162.0,2010-02-09,2010-02-11,2010-02-25,240.0,666.0,Bookbuilding,"BSE, NSE",Kotak Mahindra Capital,2010,2006-2019,,,,,,,,,,,,,,,,,,,,,,,,,,,,,,,,,,,,,,,,480.0,chittorgarh,186.0,chittorgarh,27.9,chittorgarh,,,246.0,chittorgarh,246.0,chittorgarh,206.2,chittorgarh,207.8,chittorgarh,"Acquisition of Customers | Investment in the development of our digital capital expenditure, services and set top boxes | Investment in the 83 747 830 40 development of our broadband infrastructure, capital expenditure and services* | Repayment of loans",chittorgarh,666.0,chittorgarh
INE267I01010,ARSS Infrastructure Projects Ltd.,MB,ARSSINFRA,533163.0,2010-02-08,2010-02-11,2010-03-03,450.0,103.02,Bookbuilding,"BSE, NSE",IDBI Capital,2010,2006-2019,,,,,,,,,,,,,,,,,,,,,,,,,,,,,,,,,,,,,,,,103.0,chittorgarh,0.0,chittorgarh,0.0,chittorgarh,,,640.0,chittorgarh,754.7,chittorgarh,640.0,chittorgarh,736.3,chittorgarh,Investment in joint ventures. | Funding long term working capital requirements | General corporate purpose | Public issue expenses,chittorgarh,103.0,chittorgarh
INE733E01010,NTPC Ltd. FPO,MB,NTPC,532555.0,2010-02-03,2010-02-05,2010-03-18,202.0,8480.1,Bookbuilding,"BSE, NSE",Citigroup Global,2010,2006-2019,,,,,,,,,,,,,,,,,,,,,,,,,,,,,,,,,,,,,,,,,,8480.0,chittorgarh,100.0,chittorgarh,,,200.65,chittorgarh,203.8,chittorgarh,200.0,chittorgarh,203.0,chittorgarh,,,8480.0,chittorgarh
INE753K01015,Emmbi Polyarns Ltd.,MB,EMMBI,533161.0,2010-02-01,2010-02-03,2010-02-24,45.0,38.96,Bookbuilding,"BSE, NSE",Keynote Financial,2010,2006-2019,,,,,,,,,,,,,,,,,,,,,,,,,,,,,,,,,,,,,,,,39.0,chittorgarh,0.0,chittorgarh,0.0,chittorgarh,,,45.5,chittorgarh,48.35,chittorgarh,26.5,chittorgarh,28.65,chittorgarh,"Expansion in the present facility to increase the present installed capacity from 5,000 MTPA to 17,800 MTPA - Purchase of Land | Building | Plant and Machinery | Electrification and Plumbing | Contingencies | To meet the expenses towards Market Development. | Meet the working capital requirements of the Company | Meet the issue expenses",chittorgarh,39.0,chittorgarh
INE879I01012,D B Realty Ltd.,MB,DBREALTY,533160.0,2010-01-29,2010-02-02,2010-02-24,468.0,1500.0,Bookbuilding,"BSE, NSE",Axis Capital,2010,2006-2019,,,,,,,,,,,,,,,,,,,,,,,,,,,,,,,,,,,,,,,,1500.0,chittorgarh,0.0,chittorgarh,0.0,chittorgarh,,,430.0,chittorgarh,466.2,chittorgarh,412.5,chittorgarh,455.4,chittorgarh,Construction and development cost for certain of our projects | Pre-payment of loan from IDFC | General corporate purposes,chittorgarh,1500.0,chittorgarh
INE893I01013,Vascon Engineers Ltd.,MB,VASCONEQ,533156.0,2010-01-27,2010-01-29,2010-02-15,165.0,178.2,Bookbuilding,"BSE, NSE",Axis Capital,2010,2006-2019,,,,,,,,,,,,,,,,,,,,,,,,,,,,,,,,,,,,,,,,178.0,chittorgarh,0.0,chittorgarh,0.0,chittorgarh,,,170.0,chittorgarh,173.45,chittorgarh,144.0,chittorgarh,147.2,chittorgarh,Construction of our EPC contracts and real estate development project | Repayment of debt | General corporate purposes,chittorgarh,178.0,chittorgarh
INE602K01014,Syncom Healthcare Ltd.,MB,SYNCOM,533157.0,2010-01-27,2010-01-29,2010-02-15,75.0,56.25,Bookbuilding,"BSE, NSE",Chartered Capital,2010,2006-2019,,,,,,,,,,,,,,,,,,,,,,,,,,,,,,,,,,,,,,,,56.0,chittorgarh,0.0,chittorgarh,0.0,chittorgarh,,,88.0,chittorgarh,107.25,chittorgarh,85.8,chittorgarh,87.85,chittorgarh,To set up our new manufacturing unit at Indore SEZ | To undertake the Upgradation/modernization of manufacturing facilities at Dehradun Plant | To meet Working Capital Requirements | For opening Export Office at Mumbai | For ìBrand & Product Registration and Approvalî | General Corporate Purpose | Issue Expenses,chittorgarh,56.0,chittorgarh
INE085J01014,Thangamayil Jewellery Ltd.,MB,THANGAMAYL,533158.0,2010-01-27,2010-01-29,2010-02-19,75.0,28.75,Bookbuilding,"BSE, NSE",Keynote Financial,2010,2006-2019,,,,,,,,,,,,,,,,,,,,,,,,,,,,,,,,,,,,,,,,29.0,chittorgarh,0.0,chittorgarh,0.0,chittorgarh,,,70.0,chittorgarh,79.0,chittorgarh,70.0,chittorgarh,71.1,chittorgarh,Setting up of retail outlets - Land | Setting up of retail outlets - Building | Setting up of retail outlets - Interiors | Setting up of retail outlets - Other Assets | Contingencies @ 5% | Working Capital | Public issue expenses,chittorgarh,29.0,chittorgarh
INE544K01018,Aqua Logistics Ltd.,MB,AQUA,533159.0,2010-01-25,2010-02-02,2010-02-23,220.0,150.0,Bookbuilding,"BSE, NSE",Centrum Capital,2010,2006-2019,,,,,,,,,,,,,,,,,,,,,,,,,,,,,,,,,,,,,,,,150.0,chittorgarh,0.0,chittorgarh,0.0,chittorgarh,,,219.4,chittorgarh,245.8,chittorgarh,219.4,chittorgarh,244.3,chittorgarh,Purchase of Specialized Equipments | Expansion and Establishment of Offices | Proposed Acquisitions | Additional Working Capital Requirement | Public Issue Expenses | General Corporate Purposes,chittorgarh,150.0,chittorgarh
INE797F01020,Jubilant Foodworks Ltd.,MB,JUBLFOOD,533155.0,2010-01-18,2010-01-20,2010-02-08,145.0,328.72,Bookbuilding,"BSE, NSE",Kotak Mahindra Capital,2010,2006-2019,,,,,,,,,,,,,,,,,,,,,,,,,,,,,,,,,,,,,,,,58.0,chittorgarh,271.0,chittorgarh,82.4,chittorgarh,,,161.6,chittorgarh,241.95,chittorgarh,161.6,chittorgarh,229.0,chittorgarh,Pre-payment of term loans | Fund expenditure for general corporate purposes,chittorgarh,329.0,chittorgarh
INE814E01018,Birla Shloka Edutech Ltd. FPO,MB,,511607.0,2010-01-11,2010-01-13,2010-01-29,50.0,34.78,Bookbuilding,BSE,Ashika Capital,2010,2006-2019,,,,,,,,,,,,,,,,,,,,,,,,,,,,,,,,,,,,,,,,30.0,chittorgarh,5.0,chittorgarh,14.3,chittorgarh,,,49.0,chittorgarh,51.4,chittorgarh,46.15,chittorgarh,50.0,chittorgarh,Capital expenditure for Turnkey Projects executed by the company under the BOOT model | Capital expenditure on upgradation of infrastructure and content development for XL@School | M&A activity | Working Capital requirements | Issue Expenses | Contingencies,chittorgarh,35.0,chittorgarh
INE486J01014,Infinite Computer Solutions India Ltd.,MB,INFINITE,533154.0,2010-01-11,2010-01-13,2010-02-03,165.0,189.84,Bookbuilding,"BSE, NSE",IIFL Capital,2010,2006-2019,,,,,,,,,,,,,,,,,,,,,,,,,,,,,,,,,,,,,,,,95.0,chittorgarh,95.0,chittorgarh,50.0,chittorgarh,,,178.35,chittorgarh,205.8,chittorgarh,178.35,chittorgarh,191.6,chittorgarh,Capital Expenditure | Acquisition(s) | Repayment of Debt | General Corporate Purposes | Expenses related to Fresh Issue,chittorgarh,190.0,chittorgarh
INE337M01021,Indo Thai Securities Ltd.,MB,INDOTHAI,533676.0,2011-09-30,2011-10-05,2011-11-02,74.0,29.6,Bookbuilding,"BSE, NSE",Corporate Strategic Allianz,2011,2006-2019,,,,,,,,,,,,,,,,,,,,,,,,,,,,,,,,,,,,,,,,30.0,chittorgarh,0.0,chittorgarh,0.0,chittorgarh,,,75.0,chittorgarh,99.1,chittorgarh,18.1,chittorgarh,23.0,chittorgarh,Expansion and upgradation of our Existing Branches and Set up Network of Branches | Purchase of Office space for Mumbai regional office | Purchase & set up of Office space for Corporate office | Brand Building & Advertising | Augmenting Long Term Working capital requirements | General Corporate Purpose | Public Issue Expense,chittorgarh,30.0,chittorgarh
INE060J01017,Flexituff International Ltd.,MB,FLEXITUFF,533638.0,2011-09-29,2011-10-05,2011-10-19,155.0,104.63,Bookbuilding,"BSE, NSE",,2011,2006-2019,,,,,,,,,,,,,,,,,,,,,,,,,,,,,,,,,,,,,,,,70.0,chittorgarh,35.0,chittorgarh,33.3,chittorgarh,,,155.0,chittorgarh,185.4,chittorgarh,142.0,chittorgarh,166.4,chittorgarh,Expansion of manufacturing facilities at SEZ and DTA units at Pithampur | Setting up of Dripper Project at Kashipur | Working capital requirements | General corporate purposes,chittorgarh,105.0,chittorgarh
INE889I01011,Taksheel Solutions Ltd.,MB,TAKSHEEL,533639.0,2011-09-29,2011-10-04,2011-10-19,150.0,82.5,Bookbuilding,"BSE, NSE",PNB Investment,2011,2006-2019,,,,,,,,,,,,,,,,,,,,,,,,,,,,,,,,,,,,,,,,83.0,chittorgarh,0.0,chittorgarh,0.0,chittorgarh,,,157.4,chittorgarh,185.0,chittorgarh,38.5,chittorgarh,55.85,chittorgarh,Setting up a new SEZ development center at Hyderabad | Setting up new SEZ development center at Warangal | Acquisitions and Other Strategic Initiatives | Financing Incremental Working Capital | General Corporate Purpose,chittorgarh,83.0,chittorgarh
INE899L01030,M & B Switchgears Ltd.,MB,UEL,533644.0,2011-09-28,2011-10-05,2011-10-20,186.0,93.0,Bookbuilding,"BSE, NSE",D&A Financial,2011,2006-2019,,,,,,,,,,,,,,,,,,,,,,,,,,,,,,,,,,,,,,,,93.0,chittorgarh,0.0,chittorgarh,0.0,chittorgarh,,,180.0,chittorgarh,356.0,chittorgarh,118.65,chittorgarh,317.55,chittorgarh,"Land | Site development and civil works | Survey of land and study of incident of radiation and other parameters, including installation and commissioning charges and project management and training fee | Plant and Machinery | Evacuation Infrastructure – cabling from project site to feeder point | General corporate purposes | Issue Expenses | Total",chittorgarh,93.0,chittorgarh
INE912L01015,Onelife Capital Advisors Ltd.,MB,ONELIFECAP,533632.0,2011-09-28,2011-10-04,2011-10-17,110.0,36.85,Bookbuilding,"BSE, NSE",Atherstone Capital,2011,2006-2019,,,,,,,,,,,,,,,,,,,,,,,,,,,,,,,,,,,,,,,,37.0,chittorgarh,0.0,chittorgarh,0.0,chittorgarh,,,115.0,chittorgarh,173.0,chittorgarh,114.0,chittorgarh,145.9,chittorgarh,Purchase of Corporate Office | Development of Portfolio Management Services | Brand Building | General Corporate Purposes | Issue Expenses,chittorgarh,37.0,chittorgarh
INE440L01017,Tijaria Polypipes Ltd.,MB,TIJARIA,533629.0,2011-09-27,2011-09-29,2011-10-14,60.0,60.0,Fixed Price,"BSE, NSE",Hem Securities,2011,2006-2019,,,,,,,,,,,,,,,,,,,,,,,,,,,,,,,,,,,,,,,,60.0,chittorgarh,0.0,chittorgarh,0.0,chittorgarh,,,62.0,chittorgarh,67.8,chittorgarh,16.05,chittorgarh,18.1,chittorgarh,Land & Site Development | Building & Civil Construction | Plant & Machinery – Imported | Plant & Machinery – Indigenous | Misc. Fixed Assets | Preliminary & Capital Issue Expenses | Pre-operative Expenses | Provision for Contingencies | Working Capital Margin | Total,chittorgarh,60.0,chittorgarh
INE123M01017,RDB Rasayans Ltd.,MB,,533608.0,2011-09-21,2011-09-23,2011-10-07,79.0,35.55,Bookbuilding,BSE,Chartered Capital,2011,2006-2019,,,,,,,,,,,,,,,,,,,,,,,,,,,,,,,,,,,,,,,,36.0,chittorgarh,0.0,chittorgarh,0.0,chittorgarh,,,85.0,chittorgarh,93.15,chittorgarh,19.8,chittorgarh,26.5,chittorgarh,To finance the capital expenditure to enhance the manufacturing capacity by 7450 MTPA by establishing the Unit -II | General Corporate Purpose,chittorgarh,36.0,chittorgarh
INE023M01027,Prakash Constrowell Ltd.,MB,SETUINFRA,533605.0,2011-09-19,2011-09-21,2011-10-04,138.0,60.0,Bookbuilding,"BSE, NSE",Intensive Fiscal,2011,2006-2019,,,,,,,,,,,,,,,,,,,,,,,,,,,,,,,,,,,,,,,,60.0,chittorgarh,0.0,chittorgarh,0.0,chittorgarh,,,145.0,chittorgarh,245.0,chittorgarh,112.5,chittorgarh,229.5,chittorgarh,Working Capital Requirement | Investment in Construction Equipments | Investment in Subsidiaries | General Corporate Purposes,chittorgarh,60.0,chittorgarh
INE457L01029,PG Electroplast Ltd.,MB,PGEL,533581.0,2011-09-07,2011-09-12,2011-09-26,210.0,120.65,Bookbuilding,"BSE, NSE",Almondz Global,2011,2006-2019,,,,,,,,424.0,,,28.0,,,18.0,,,,,,68.0,,,160.0,,,23.0,,,46.0,424.0,18.0,4.25,39.13,1.48,Mar 2011,1.0,screener,,,121.0,chittorgarh,0.0,chittorgarh,0.0,chittorgarh,,,200.0,chittorgarh,490.0,chittorgarh,175.05,chittorgarh,411.65,chittorgarh,"Prepayment of the portion of term loan and line of credit facility proposed to be availed by the Company for the expansion under Phase I | Expansion of our manufacturing facility at Unit III, Greater Noida under Phase II | Expansion of our manufacturing facility at Unit IV, Ahmednagar under Phase II | Meeting long term working capital requirements | General corporate purposes | Issue Expenses | Total",chittorgarh,121.0,chittorgarh
INE419M01027,TD Power Systems Ltd.,MB,TDPOWERSYS,533553.0,2011-08-24,2011-08-26,2011-09-08,256.0,227.0,Bookbuilding,"BSE, NSE",Antique Capital,2011,2006-2019,,,,,,,,,,,,,,,,,,,,,,,,,,,,,,,,,,,,,,,,227.0,chittorgarh,0.0,chittorgarh,0.0,chittorgarh,,,251.6,chittorgarh,308.75,chittorgarh,242.0,chittorgarh,274.8,chittorgarh,Finance the expansion of our manufacturing plant in Dabaspet | Construction of a project office in Bangalore city | Repayment of debt | Funding working capital requirements of our Company | General corporate purposes,chittorgarh,227.0,chittorgarh
INE219H01039,SRS Ltd.,MB,SRSLTD,533569.0,2011-08-23,2011-08-26,2011-09-16,58.0,203.0,Bookbuilding,"BSE, NSE",IDBI Capital,2011,2006-2019,,,,,,,,,,,,,,,,,,,,,,,,,,,,,,,,,,,,,,,,203.0,chittorgarh,0.0,chittorgarh,0.0,chittorgarh,,,55.0,chittorgarh,61.4,chittorgarh,31.8,chittorgarh,33.65,chittorgarh,Setting up of cinemas | Setting up of food courts and restaurants | Setting up of retail stores | Setting up of jewellery manufacturing facility and jewellery retail stores | Total,chittorgarh,203.0,chittorgarh
INE650L01011,Brooks Laboratories Ltd.,MB,BROOKS,533543.0,2011-08-16,2011-08-18,2011-09-05,100.0,63.0,Bookbuilding,"BSE, NSE",D&A Financial,2011,2006-2019,,,,,,,,,,,,,,,,,,,,,,,,,,,,,,,,,,,,,,,,63.0,chittorgarh,0.0,chittorgarh,0.0,chittorgarh,,,110.0,chittorgarh,131.1,chittorgarh,57.75,chittorgarh,60.2,chittorgarh,Land | Building Construction | Plant & Machinery | Utilities | Misc. Fixed Assets | Long term working capital | General corporate purposes | Issue Expenses | Total,chittorgarh,63.0,chittorgarh
INE040M01013,Tree House Education & Accessories Ltd.,MB,TREEHOUSE,533540.0,2011-08-10,2011-08-12,2011-08-26,135.0,112.06,Bookbuilding,"BSE, NSE",JM Financial,2011,2006-2019,,,,,,,,,,,,,,,,,,,,,,,,,,,,,,,,,,,,,,,,112.0,chittorgarh,0.0,chittorgarh,0.0,chittorgarh,,,132.8,chittorgarh,161.5,chittorgarh,104.15,chittorgarh,116.55,chittorgarh,Expansion of pre-school business | Acquisition of office space | Procurement of exclusivity rights to provide educational services | Construction of infrastructure for an educational complex in Rajasthan and Gujarat | Repayment of loans | General corporate purposes,chittorgarh,112.0,chittorgarh
INE498L01015,L&T Finance Holdings Ltd.,MB,LTF,533519.0,2011-07-27,2011-07-29,2011-08-12,52.0,1245.0,Bookbuilding,"BSE, NSE",Citigroup Global,2011,2006-2019,,,,,,,,,,,,,,,,,,,,,,,,,,,,,,,,,,,,,,,,1245.0,chittorgarh,0.0,chittorgarh,0.0,chittorgarh,,,51.0,chittorgarh,52.5,chittorgarh,49.5,chittorgarh,49.95,chittorgarh,Repayment of intercorporate deposit issued by the Promoter to the Company | Infusion of capital in L&T Finance Limited | Infusion of capital in L&T Infrastructure Finance Company Limited | General Corporate Purposes,chittorgarh,1245.0,chittorgarh
INE878H01024,Inventure Growth & Securities Ltd.,MB,INVENTURE,533506.0,2011-07-20,2011-07-22,2011-08-04,117.0,81.9,Bookbuilding,"BSE, NSE",Intensive Fiscal,2011,2006-2019,,,,,,,,,,,,,,,,,,,,,,,,,,,,,,,,,,,,,,,,82.0,chittorgarh,0.0,chittorgarh,0.0,chittorgarh,,,119.0,chittorgarh,225.0,chittorgarh,91.55,chittorgarh,207.95,chittorgarh,"Investment in subsidiary, IFPL | Augmenting Long Term Working Capital Requirement | General corporate purposes",chittorgarh,82.0,chittorgarh
INE224M01013,Bharatiya Global Infomedia Ltd.,MB,BGLOBAL,533499.0,2011-07-11,2011-07-14,2011-07-28,82.0,55.1,Bookbuilding,"BSE, NSE",Almondz Global,2011,2006-2019,,,,,,,,,,,,,,,,,,,,,,,,,,,,,,,,,,,,,,,,55.0,chittorgarh,0.0,chittorgarh,0.0,chittorgarh,,,84.0,chittorgarh,84.0,chittorgarh,27.15,chittorgarh,30.95,chittorgarh,Setting up of our Corporate Office at Noida & Branch Office at Mumbai – (a) Purchase of owned Corporate Office & relocation of Branch Office | Setting up of our Corporate Office at Noida & Branch Office at Mumbai – (b) Upgradation of Digital Post Production Studio and Investment in IT division | Expansion of R&D technology centre | Repayment of bank borrowings | Meeting long term working capital requirements | General Corporate Purpose,chittorgarh,55.0,chittorgarh
INE524L01026,Readymade Steel India Ltd.,MB,KRIDHANINF,533482.0,2011-06-27,2011-06-29,2011-07-13,108.0,34.75,Bookbuilding,BSE,Arihant Capital,2011,2006-2019,,,,,,,,,,,,,,,,,,,,,,,,,,,,,,,,,,,,,,,,35.0,chittorgarh,0.0,chittorgarh,0.0,chittorgarh,,,115.0,chittorgarh,117.75,chittorgarh,62.3,chittorgarh,66.45,chittorgarh,"To part finance the cost of enhancing the capacity at existing facility at Khopoli, district Raigad, Maharashtra and the cost of setting up of new facilities near New Delhi and Raipur | To meet the pre-operative expenses including Issue expenses. | To meet margin money requirements of working capital | To meet general corporate purposes. | Total",chittorgarh,35.0,chittorgarh
INE573K01025,Rushil Decor Ltd.,MB,RUSHIL,533470.0,2011-06-20,2011-06-23,2011-07-07,72.0,40.64,Bookbuilding,"BSE, NSE",Corporate Strategic Allianz,2011,2006-2019,,,,,,,,,,,,,,,,,,,,,,,,,,,,,,,,,,,,,,,,39.0,chittorgarh,2.0,chittorgarh,4.9,chittorgarh,,,81.25,chittorgarh,124.05,chittorgarh,75.0,chittorgarh,119.65,chittorgarh,Land | Land Development | Building & Civil Construction | Plant & Machinery | Miscellaneous Fixed Assets | Preliminary & Pre operative Expenses | Contingency @ 5% | Margin of Working Capital Requirement | General Corporate Purpose | Total,chittorgarh,41.0,chittorgarh
INE341L01017,Birla Pacific Medspa Ltd.,MB,,533469.0,2011-06-20,2011-06-23,2011-07-07,10.0,65.18,Bookbuilding,BSE,Arihant Capital,2011,2006-2019,,,,,,,,,,,,,,,,,,,,,,,,,,,,,,,,,,,,,,,,65.0,chittorgarh,0.0,chittorgarh,0.0,chittorgarh,,,10.1,chittorgarh,30.7,chittorgarh,10.1,chittorgarh,25.35,chittorgarh,Capital Expenditure for Setting up 55 centers across the country | Working Capital Requirements | Brand Promotion | Issue Expenses | Contingencies | Preliminary & preoperative expenses,chittorgarh,65.0,chittorgarh
INE932K01015,VMS Industries Ltd.,MB,,533427.0,2011-05-30,2011-06-02,2011-06-14,40.0,25.75,Bookbuilding,BSE,Ashika Capital,2011,2006-2019,,,,,,,,,,,,,,,,,,,,,,,,,,,,,,,,,,,,,,,,26.0,chittorgarh,0.0,chittorgarh,0.0,chittorgarh,,,43.95,chittorgarh,49.25,chittorgarh,24.0,chittorgarh,28.5,chittorgarh,Modernization of our Ship Recycling Plot | Setting up of Corporate Office at Ahmedabad | Long-term Working Capital Requirement,chittorgarh,26.0,chittorgarh
INE346L01016,Timbor Home Ltd.,MB,TIMBOR,533444.0,2011-05-30,2011-06-02,2011-06-22,63.0,23.25,Bookbuilding,"BSE, NSE",Corporate Strategic Allianz,2011,2006-2019,,,,,,,,,,,,,,,,,,,,,,,,,,,,,,,,,,,,,,,,23.0,chittorgarh,0.0,chittorgarh,0.0,chittorgarh,,,72.0,chittorgarh,94.5,chittorgarh,72.0,chittorgarh,91.2,chittorgarh,Plant and Machinery for Capacity Expansion | Establishment of Stores | Additional Working Capital Requirement | Public Issue Expenses | General Corporate Purpose,chittorgarh,23.0,chittorgarh
INE928K01013,Aanjaneya Lifecare Ltd.,MB,AANJANEYA,533412.0,2011-05-09,2011-05-12,2011-05-27,234.0,117.0,Bookbuilding,"BSE, NSE",Anand Rathi Advisors,2011,2006-2019,,,,,,,,,,,,,,,,,,,,,,,,,,,,,,,,,,,,,,,,117.0,chittorgarh,0.0,chittorgarh,0.0,chittorgarh,,,229.45,chittorgarh,324.0,chittorgarh,224.0,chittorgarh,311.25,chittorgarh,"Setting up of Anti Cancer API Facility at Mahad, Maharashtra | Setting up of cGMP Block for APIs at Mahad, Maharashtra | Setting up of Intermediate API Block at Mahad, Maharashtra | Expansion of our existing Research and Development centre at Mahad and Pune, Maharashtra | Setting up of a Quality Control and Quality Assurance Block at Mahad, Maharashtra | Setting up of Product Development Laboratory at Mahad, Maharashtra | Setting up of Stores Building at Mahad, Maharashtra | Meeting the Expenses for Branding and Registration of our Products in the International Markets | General Corporate Purposes",chittorgarh,117.0,chittorgarh
INE263L01013,Sanghvi Forging & Engineering Ltd.,MB,SANGHVIFOR,533411.0,2011-05-04,2011-05-09,2011-05-23,85.0,36.9,Bookbuilding,"BSE, NSE",Arihant Capital,2011,2006-2019,,,,,,,,,,,,,,,,,,,,,,,,,,,,,,,,,,,,,,,,37.0,chittorgarh,0.0,chittorgarh,0.0,chittorgarh,,,85.0,chittorgarh,116.5,chittorgarh,85.0,chittorgarh,111.75,chittorgarh,"To meet the requirement of margin money for working capital for the New Project. | To Part finance the cost of setting up 15,000 MTPA open die forging unit (with single piece forging up to 40 MT) to manufacture proof machined products viz. stepped shafts, bars & hollows, blocks, flanged shafts, gear blanks, forging items etc at G.I.D.C. Industrial. Estate (at plot no. 1401, 1402 & 1403), Waghodia District Vadodara. | To meet the pre-operative expenses including Issue expenses.",chittorgarh,37.0,chittorgarh
INE590L01019,Vaswani Industries Ltd.,MB,VASWANI,533576.0,2011-04-29,2011-05-03,2011-09-20,49.0,49.0,Bookbuilding,"BSE, NSE",Ashika Capital,2011,2006-2019,,,,,,,,,,,,,,,,,,,,,,,,,,,,,,,,,,,,,,,,49.0,chittorgarh,0.0,chittorgarh,0.0,chittorgarh,,,33.45,chittorgarh,35.4,chittorgarh,13.0,chittorgarh,17.75,chittorgarh,Pre-payment of the Term Loan | Long Term Working Capital Requirements | General Corporate Purposes,chittorgarh,49.0,chittorgarh
INE431L01016,Servalakshmi Paper Ltd.,MB,SERVALL,533401.0,2011-04-27,2011-04-29,2011-05-12,29.0,60.0,Bookbuilding,"BSE, NSE",Indian Overseas Bank,2011,2006-2019,,,,,,,,,,,,,,,,,,,,,,,,,,,,,,,,,,,,,,,,60.0,chittorgarh,0.0,chittorgarh,0.0,chittorgarh,,,30.0,chittorgarh,48.75,chittorgarh,17.3,chittorgarh,19.0,chittorgarh,Purchase of equipments for value added products | Long term working capital requirement,chittorgarh,60.0,chittorgarh
INE549I01011,Innoventive Industries Ltd.,MB,INNOIND,533402.0,2011-04-26,2011-04-29,2011-05-13,117.0,217.41,Bookbuilding,"BSE, NSE",Avendus Capital,2011,2006-2019,,,,,,,,,,,,,,,,,,,,,,,,,,,,,,,,,,,,,,,,217.0,chittorgarh,0.0,chittorgarh,0.0,chittorgarh,,,110.0,chittorgarh,114.85,chittorgarh,86.3,chittorgarh,93.6,chittorgarh,Capacity Expansion of Manufacturing Facility | Repayment of Term Loans | General Corporate Purpose,chittorgarh,217.0,chittorgarh
INE220J01025,Future Ventures India Ltd.,MB,FCONSUMER,533400.0,2011-04-25,2011-04-28,2011-05-10,10.0,750.0,Bookbuilding,"BSE, NSE",Axis Capital,2011,2006-2019,,,,,,,,,,,,,,,,,,,,,,,,,,,,,,,,,,,,,,,,750.0,chittorgarh,0.0,chittorgarh,0.0,chittorgarh,,,9.5,chittorgarh,9.5,chittorgarh,7.95,chittorgarh,8.3,chittorgarh,"To create, build, invest in or acquire, and operate Business Ventures | General corporate purposes",chittorgarh,750.0,chittorgarh
INE702L01010,Paramount Printpackaging Ltd.,MB,PARAPRINT,533399.0,2011-04-20,2011-04-25,2011-05-09,35.0,45.83,Bookbuilding,"BSE, NSE",Onelife Capital,2011,2006-2019,,,,,,,,,,,,,,,,,,,,,,,,,,,,,,,,,,,,,,,,46.0,chittorgarh,0.0,chittorgarh,0.0,chittorgarh,,,35.0,chittorgarh,37.5,chittorgarh,24.6,chittorgarh,26.65,chittorgarh,"Setting up new facility for manufacturing high end duplex board cartons, Shippers and printed corrugated box at Gujarat | Augmenting Long Term Working Capital Requirement | General Corporate Purposes",chittorgarh,46.0,chittorgarh
INE414G01012,Muthoot Finance Ltd.,MB,MUTHOOTFIN,533398.0,2011-04-18,2011-04-21,2011-05-06,175.0,901.25,Bookbuilding,"BSE, NSE",HDFC Bank,2011,2006-2019,,,,,,,,,,,,,,,,,,,,,,,,,,,,,,,,,,,,,,,,901.0,chittorgarh,0.0,chittorgarh,0.0,chittorgarh,,,180.0,chittorgarh,198.0,chittorgarh,161.5,chittorgarh,176.25,chittorgarh,To augment the capital base to meet future capital requirements to provide for funding of loans to the customers; and | General corporate purposes,chittorgarh,901.0,chittorgarh
INE510K01019,Shilpi Cable Technologies Ltd.,MB,SHILPI,533389.0,2011-03-22,2011-03-25,2011-04-08,69.0,55.88,Bookbuilding,"BSE, NSE",D&A Financial,2011,2006-2019,,,,,,,,,,,,,,,,,,,,,,,,,,,,,,,,,,,,,,,,56.0,chittorgarh,0.0,chittorgarh,0.0,chittorgarh,,,78.35,chittorgarh,84.65,chittorgarh,45.45,chittorgarh,47.6,chittorgarh,"To raise funds for capital expenditure on Cable/ wire Assembly shop | To raise funds for capital expenditure on Tools for 3G enabling | To raise funds for capital expenditure on augmenting cable manufacturing capabilities | To raise funds towards margin for working capital for the proposed new businesses | To raise funds for investment in the Subsidiary of the Company, M/s Shilpi Cabletronics Limited | To raise funds for General corporate purposes | To meet the expenses of the issue",chittorgarh,56.0,chittorgarh
INE560K01014,PTC India Financial Services Ltd.,MB,PFS,533344.0,2011-03-16,2011-03-18,2011-03-30,28.0,433.48,Bookbuilding,"BSE, NSE",Almondz Global,2011,2006-2019,,,,,,,,,,,,,,,,,,,,,,,,,,,,,,,,,,,,,,,,353.0,chittorgarh,81.0,chittorgarh,18.7,chittorgarh,,,28.0,chittorgarh,28.0,chittorgarh,23.5,chittorgarh,24.9,chittorgarh,Augment the capital base to meet the future capital requirements arising out of growth in the business. | To achieve the benefits of listing on the Stock Exchanges.,chittorgarh,433.0,chittorgarh
INE597L01014,Lovable Lingerie Ltd.,MB,LOVABLE,533343.0,2011-03-08,2011-03-11,2011-03-24,205.0,93.28,Bookbuilding,"BSE, NSE",Anand Rathi Advisors,2011,2006-2019,,,,,,,,,,,,,,,,,,,,,,,,,,,,,,,,,,,,,,,,93.0,chittorgarh,0.0,chittorgarh,0.0,chittorgarh,,,261.5,chittorgarh,278.95,chittorgarh,241.4,chittorgarh,249.2,chittorgarh,Setting up of manufacturing facility to create additional capacity at Bengaluru | Expenses to be incurred for Brand Building | Brand Development expenses for our “College Style” brand | Investment in Joint Venture | Setting up of Exclusive Brand Outlets (“EBO’s”) | Setting up of retail store modules for “shop-in-shop” | Up gradation of design studios | General corporate purpose | Total,chittorgarh,93.0,chittorgarh
INE045J01034,Fineotex Chemical Ltd.,MB,FCL,533333.0,2011-02-23,2011-02-25,2011-03-11,70.0,29.48,Bookbuilding,BSE,Indbank Merchant Banking,2011,2006-2019,,,,,,,,,,,,,,,,,,,,,,,,,,,,,,,,,,,,,,,,29.0,chittorgarh,0.0,chittorgarh,0.0,chittorgarh,,,80.0,chittorgarh,157.9,chittorgarh,74.1,chittorgarh,140.9,chittorgarh,Land and Land Development | Building (Civil Works) | Plant & Machinery | Miscellaneous Fixed Assets | Preliminary & Preoperative Expenses | Provision for contingencies | Sales Office | Furniture & Fixtures | Working Capital Requirements | Public Issue Expenses | General Corporate Purposes,chittorgarh,29.0,chittorgarh
INE055L01013,Acropetal Technologies Ltd.,MB,ACROPETAL,533330.0,2011-02-21,2011-02-24,2011-03-10,90.0,170.01,Bookbuilding,"BSE, NSE",Saffron Capital,2011,2006-2019,,,,,,,,,,,,,,,,,,,,,,,,,,,,,,,,,,,,,,,,170.0,chittorgarh,0.0,chittorgarh,0.0,chittorgarh,,,130.0,chittorgarh,150.0,chittorgarh,89.0,chittorgarh,98.45,chittorgarh,Proposed Acquisitions | Setting up of Software Development Centre and Corporate Office | Expansion & Establishment of overseas offices | Part Repayment of Term Loans | Additional Working Capital requirements | Public Issue Expenses | General Corporate Purposes,chittorgarh,170.0,chittorgarh
INE384L01017,Sudar Garments Ltd.,MB,SUDAR,533332.0,2011-02-21,2011-02-24,2011-03-11,77.0,69.98,Bookbuilding,"BSE, NSE",Ashika Capital,2011,2006-2019,,,,,,,,,,,,,,,,,,,,,,,,,,,,,,,,,,,,,,,,70.0,chittorgarh,0.0,chittorgarh,0.0,chittorgarh,,,74.0,chittorgarh,117.7,chittorgarh,74.0,chittorgarh,113.1,chittorgarh,Expansion of the existing apparel manufacturing unit | Meeting Working Capital Requirement | Setting up Retail Outlets and Brand Building | Meeting General Corporate Expenses | Meeting the Issue Expenses,chittorgarh,70.0,chittorgarh
INE474L01016,Omkar Speciality Chemicals Ltd.,MB,OMKARCHEM,533317.0,2011-01-24,2011-01-27,2011-02-10,98.0,79.38,Bookbuilding,"BSE, NSE",Almondz Global,2011,2006-2019,,,,,,,,,,,,,,,,,,,,,,,,,,,,,,,,,,,,,,,,79.0,chittorgarh,0.0,chittorgarh,0.0,chittorgarh,,,95.0,chittorgarh,101.0,chittorgarh,42.5,chittorgarh,46.2,chittorgarh,"Setting up of new manufacturing facility at Unit 4 at Badlapur, Maharashtra | Expansion of existing manufacturing facilities at Unit 1, Unit 2 & Unit 3 at Badlapur, Maharashtra | Meeting Working Capital requirements | General corporate purposes | Issue expenses",chittorgarh,79.0,chittorgarh
INE081A01020,Tata Steel Ltd. FPO,MB,TATASTEEL,500470.0,2011-01-19,2011-01-21,2011-02-02,610.0,3477.0,Bookbuilding,"BSE, NSE",Citigroup Global,2011,2006-2019,,,,,,,,,,,,,,,,,,,,,,,,,,,,,,,,,,,,,,,,3477.0,chittorgarh,0.0,chittorgarh,0.0,chittorgarh,,,630.15,chittorgarh,633.85,chittorgarh,615.65,chittorgarh,625.7,chittorgarh,Part finance the Company’s share of capital expenditure for expansion of existing works at Jamshedpur. | Payment of redemption amounts on maturity of certain redeemable non-convertible debentures issued by the Company on a private placement basis. | General corporate purposes.,chittorgarh,3477.0,chittorgarh
INE422B01016,Midvalley Entertainment Ltd.,MB,,533310.0,2011-01-10,2011-01-12,2011-01-27,70.0,60.0,Bookbuilding,BSE,Aryaman Financial,2011,2006-2019,,,,,,,,,,,,,,,,,,,,,,,,,,,,,,,,,,,,,,,,60.0,chittorgarh,0.0,chittorgarh,0.0,chittorgarh,,,73.0,chittorgarh,76.5,chittorgarh,55.0,chittorgarh,58.05,chittorgarh,"Entering into screening agreements with 300 cinema theatres | Renovation and Up-gradation of cinema infrastructure with Digital Equipment and other related assets for select 100 screens | Acquisition of company, acquisition of screening rights of company having similar line, range and objects of business | To meet general corporate expenses | Meeting the IPO expenses",chittorgarh,60.0,chittorgarh
INE121J01017,Bharti Infratel Ltd.,MB,INDUSTOWER,534816.0,2012-12-11,2012-12-14,2012-12-28,220.0,4172.76,Bookbuilding,"BSE, NSE",Barclays Securities,2012,2006-2019,,,,,,,,,,,,,,,,,,,,,,,,,,,,,,,,,,,,,,,,3230.0,chittorgarh,942.0,chittorgarh,22.6,chittorgarh,,,200.0,chittorgarh,200.0,chittorgarh,188.7,chittorgarh,191.2,chittorgarh,"Installation of 4,813 new towers | Upgradation and replacement on existing towers | Green initiatives at tower sites | General corporate purposes",chittorgarh,4173.0,chittorgarh
INE785M01021,PC Jeweller Ltd.,MB,PCJEWELLER,534809.0,2012-12-10,2012-12-12,2012-12-27,135.0,601.31,Bookbuilding,"BSE, NSE",IDBI Capital,2012,2006-2019,,,,,,,,,,,,,,,,,,,,,,,,,,,,,,,,,,,,,,,,601.0,chittorgarh,0.0,chittorgarh,0.0,chittorgarh,,,135.5,chittorgarh,154.75,chittorgarh,135.5,chittorgarh,149.0,chittorgarh,To finance establishment of new showrooms | General corporate purposes,chittorgarh,601.0,chittorgarh
INE752H01013,Credit Analysis & Research Ltd.,MB,CARERATING,534804.0,2012-12-07,2012-12-11,2012-12-26,750.0,539.98,Bookbuilding,"BSE, NSE",BOFA Securities,2012,2006-2019,,,,,,,,,,,,,,,,,,,,,,,,,,,,,,,,,,,,,,,,,,540.0,chittorgarh,100.0,chittorgarh,,,949.0,chittorgarh,986.2,chittorgarh,896.2,chittorgarh,923.95,chittorgarh,,,540.0,chittorgarh
INE799L01016,Tara Jewels Ltd.,MB,TARAJEWELS,534756.0,2012-11-21,2012-11-23,2012-12-06,230.0,179.5,Bookbuilding,"BSE, NSE",Axis Capital,2012,2006-2019,,,,,,,,,,,,,,,,,,,,,,,,,,,,,,,,,,,,,,,,109.0,chittorgarh,70.0,chittorgarh,39.1,chittorgarh,,,242.0,chittorgarh,244.9,chittorgarh,229.95,chittorgarh,229.95,chittorgarh,Establishment of retail stores | Repayment or pre-payment of loans | General corporate purposes,chittorgarh,179.0,chittorgarh
INE213M01024,VKS Projects Ltd.,MB,VKSPL,534567.0,2012-06-29,2012-07-04,2012-07-18,55.0,55.0,Bookbuilding,"BSE, NSE",Aryaman Financial,2012,2006-2019,,,,,,,,,,,,,,,,,,,,,,,,,,,,,,,,,,,,,,,,55.0,chittorgarh,0.0,chittorgarh,0.0,chittorgarh,,,55.8,chittorgarh,56.0,chittorgarh,53.05,chittorgarh,55.6,chittorgarh,"To meet long – term working capital requirements | To finance the procurement of Construction Equipment and Key Machineries | To finance the setting up of Engineering Design Studio/Office and Training Centre in Chennai, Cochin, Delhi, Hyderabad and Ahmedabad | For General Corporate Purposes | To meet Issue expenses",chittorgarh,55.0,chittorgarh
INE247M01014,Speciality Restaurants Ltd.,MB,SPECIALITY,534425.0,2012-05-16,2012-05-18,2012-05-30,150.0,176.09,Bookbuilding,"BSE, NSE",Kotak Mahindra Capital,2012,2006-2019,,,,,,,,,,,,,,,,,,,,,,,,,,,,,,,,,,,,,,,,176.0,chittorgarh,0.0,chittorgarh,0.0,chittorgarh,,,153.0,chittorgarh,160.65,chittorgarh,152.9,chittorgarh,160.65,chittorgarh,Development of New Restaurants | Development of a food plaza | Repayment of term loan facilities | General corporate purposes,chittorgarh,176.0,chittorgarh
INE760L01018,Tribhovandas Bhimji Zaveri Ltd.,MB,TBZ,534369.0,2012-04-24,2012-04-26,2012-05-09,120.0,200.0,Bookbuilding,"BSE, NSE",Avendus Capital,2012,2006-2019,,,,,,,,,,,,,,,,,,,,,,,,,,,,,,,,,,,,,,,,200.0,chittorgarh,0.0,chittorgarh,0.0,chittorgarh,,,115.0,chittorgarh,119.8,chittorgarh,110.0,chittorgarh,111.2,chittorgarh,To finance the establishment of new showrooms | To meet incremental working capital requirements | General corporate purposes,chittorgarh,200.0,chittorgarh
INE472M01018,MT Educare Ltd.,MB,MTEDUCARE,534312.0,2012-03-27,2012-03-29,2012-04-12,80.0,99.0,Bookbuilding,"BSE, NSE",Axis Capital,2012,2006-2019,,,,,,,,,,,,,,,,,,,,,,,,,,,,,,,,,,,,,,,,35.0,chittorgarh,64.0,chittorgarh,64.6,chittorgarh,,,86.05,chittorgarh,90.35,chittorgarh,86.05,chittorgarh,90.35,chittorgarh,"Part financing the cost of construction of a PUC campus in Mangalore, Karnataka | Establishing new coaching centres at 20 locations | General corporate purposes",chittorgarh,99.0,chittorgarh
INE095N01031,National Buildings Construction Corp.Ltd.,MB,NBCC,534309.0,2012-03-22,2012-03-27,2012-04-12,106.0,124.97,Bookbuilding,"BSE, NSE",Axis Capital,2012,2006-2019,,,,,,,,,,,,,,,,,,,,,,,,,,,,,,,,,,,,,,,,,,125.0,chittorgarh,100.0,chittorgarh,,,100.0,chittorgarh,101.0,chittorgarh,95.05,chittorgarh,97.05,chittorgarh,,,125.0,chittorgarh
INE550L01013,Olympic Cards Ltd.,MB,,534190.0,2012-03-09,2012-03-13,2012-03-28,30.0,23.37,Bookbuilding,BSE,Ashika Capital,2012,2006-2019,,,,,,,,,,,,,,,,,,,,,,,,,,,,,,,,,,,,,,,,23.0,chittorgarh,0.0,chittorgarh,0.0,chittorgarh,,,29.95,chittorgarh,30.0,chittorgarh,28.5,chittorgarh,28.5,chittorgarh,Setting up of a new manufacturing unit near Chennai | Capital Expenditure for establishing 4 own retail outlets of the Company | Issue Expenses,chittorgarh,23.0,chittorgarh
INE745G01043,Multi Commodity Exchange of India Ltd.,MB,MCX,534091.0,2012-02-22,2012-02-24,2012-03-09,1032.0,663.31,Bookbuilding,BSE,Citigroup Global,2012,2006-2019,,,,,,,,,,,,,,,,,,,,,,,,,,,,,,,,,,,,,,,,,,663.0,chittorgarh,100.0,chittorgarh,,,1387.0,chittorgarh,1426.0,chittorgarh,1282.1,chittorgarh,1297.05,chittorgarh,,,663.0,chittorgarh
INE599M01018,Just Dial Ltd.,MB,JUSTDIAL,535648.0,2013-05-20,2013-05-22,2013-06-05,530.0,919.14,Bookbuilding,"BSE, NSE, MCX-SX",Citigroup Global,2013,2006-2019,,,,,,,,,,,,,,,,,,,,,,,,,,,,,,,,,,,,,,,,,,919.0,chittorgarh,100.0,chittorgarh,,,590.0,chittorgarh,631.9,chittorgarh,589.0,chittorgarh,611.45,chittorgarh,,,919.0,chittorgarh
INE612J01015,Repco Home Finance Ltd.,MB,REPCOHOME,535322.0,2013-03-13,2013-03-15,2013-04-01,172.0,270.23,Bookbuilding,"BSE, NSE",Dam Capital,2013,2006-2019,,,,,,,,,,,,,,,,,,,,,,,,,,,,,,,,,,,,,,,,270.0,chittorgarh,0.0,chittorgarh,0.0,chittorgarh,,,165.0,chittorgarh,176.0,chittorgarh,158.05,chittorgarh,160.85,chittorgarh,To meet the future capital requirements,chittorgarh,270.0,chittorgarh
INE665J01013,V-Mart Retail Ltd.,MB,VMART,534976.0,2013-02-01,2013-02-05,2013-02-20,210.0,94.42,Bookbuilding,"BSE, NSE",Anand Rathi Advisors,2013,2006-2019,,,,,,,,,,,,,,,,,,,,,,,,,,,,,,,,,,,,,,,,58.0,chittorgarh,36.0,chittorgarh,38.3,chittorgarh,,,216.0,chittorgarh,216.0,chittorgarh,205.25,chittorgarh,205.25,chittorgarh,To open 60 new stores | Expansion of distribution centres | Working Capital | General Corporate Purpose,chittorgarh,94.0,chittorgarh
INE950M01013,Monte Carlo Fashions Ltd.,MB,MONTECARLO,538836.0,2014-12-03,2014-12-05,2014-12-19,645.0,350.43,Bookbuilding,"BSE, NSE",Axis Bank,2014,2006-2019,,,,,,,,,,,,,,,,,,,,,,,,,,,,,,,,,,,,,,,,,,350.0,chittorgarh,100.0,chittorgarh,,,585.0,chittorgarh,632.45,chittorgarh,528.15,chittorgarh,566.4,chittorgarh,,,350.0,chittorgarh
INE363M01019,Shemaroo Entertainment Ltd.,MB,SHEMAROO,538685.0,2014-09-16,2014-09-18,2014-10-01,170.0,120.0,Bookbuilding,"BSE, NSE",ICICI Securities,2014,2006-2019,,,,,,,,,,,,,,,,,,,,,,,,,,,,,,,,,,,,,,,,120.0,chittorgarh,0.0,chittorgarh,0.0,chittorgarh,,,180.0,chittorgarh,181.0,chittorgarh,171.0,chittorgarh,171.0,chittorgarh,Fund working capital requirements | Fund expenditure for general corporate purposes,chittorgarh,120.0,chittorgarh
INE221J01015,Sharda Cropchem Ltd.,MB,SHARDACROP,538666.0,2014-09-05,2014-09-09,2014-09-23,156.0,351.86,Bookbuilding,"BSE, NSE",Edelweiss Financial,2014,2006-2019,,,,,,,,,,,,,,,,,,,,,,,,,,,,,,,,,,,,,,,,,,352.0,chittorgarh,100.0,chittorgarh,,,254.1,chittorgarh,273.85,chittorgarh,225.0,chittorgarh,231.45,chittorgarh,,,352.0,chittorgarh
INE734N01019,Snowman Logistics Ltd.,MB,SNOWMAN,538635.0,2014-08-26,2014-08-28,2014-09-12,47.0,197.43,Bookbuilding,"BSE, NSE",HDFC Bank,2014,2006-2019,,,,,,,,,,,,,,,,,,,,,,,,,,,,,,,,,,,,,,,,197.0,chittorgarh,0.0,chittorgarh,0.0,chittorgarh,,,75.0,chittorgarh,78.75,chittorgarh,75.0,chittorgarh,78.75,chittorgarh,Capital expenditure for setting up new temperature controlled and ambient warehouses | Long term working capital | General corporate purposes,chittorgarh,197.0,chittorgarh
INE066O01014,Wonderla Holidays Ltd.,MB,WONDERLA,538268.0,2014-04-21,2014-04-23,2014-05-09,125.0,181.26,Bookbuilding,"BSE, NSE",Edelweiss Financial,2014,2006-2019,,,,,,,,,,,,,,,,,,,,,,,,,,,,,,,,,,,,,,,,181.0,chittorgarh,0.0,chittorgarh,0.0,chittorgarh,,,164.75,chittorgarh,170.0,chittorgarh,156.5,chittorgarh,157.6,chittorgarh,"To set up an amusement park, Wonderla Hyderabad",chittorgarh,181.0,chittorgarh
INE410P01011,Narayana Hrudayalaya Ltd.,MB,NH,539551.0,2015-12-17,2015-12-21,2016-01-06,250.0,613.08,Bookbuilding,"BSE, NSE",Axis Bank,2015,2006-2019,,,,,,,,1364.0,,,128.0,,,-19.0,,,-0.84,,,362.0,,,1371.0,,,77.0,,,768.0,1364.0,-19.0,-1.39,-2.47,0.47,Mar 2015,1.0,screener,,,,,613.0,chittorgarh,100.0,chittorgarh,,,291.0,chittorgarh,344.2,chittorgarh,291.0,chittorgarh,336.7,chittorgarh,To achieve the benefits of listing the Equity Shares on the Stock Exchanges,chittorgarh,613.0,chittorgarh
INE540L01014,Alkem Laboratories Ltd.,MB,ALKEM,539523.0,2015-12-08,2015-12-10,2015-12-23,1050.0,1347.76,Bookbuilding,"BSE, NSE",Axis Capital,2015,2006-2019,,,,,,,,3674.0,,,427.0,,,392.0,,,32.75,,,1306.0,,,5291.0,,,325.0,,,2999.0,3674.0,392.0,10.67,13.07,0.44,Mar 2015,1.0,screener,,,,,1348.0,chittorgarh,100.0,chittorgarh,,,1380.0,chittorgarh,1410.0,chittorgarh,1355.4,chittorgarh,1381.45,chittorgarh,,,1348.0,chittorgarh
INE600L01024,Dr.Lal PathLabs Ltd.,MB,LALPATHLAB,539524.0,2015-12-08,2015-12-10,2015-12-23,550.0,631.91,Bookbuilding,"BSE, NSE",Citigroup Global,2015,2006-2019,,,,,,,,660.0,,,156.0,,,96.0,,,8.75,,,27.0,,,475.0,,,122.0,,,315.0,660.0,96.0,14.55,30.48,0.09,Mar 2015,1.0,screener,,,,,632.0,chittorgarh,100.0,chittorgarh,,,717.0,chittorgarh,842.4,chittorgarh,715.5,chittorgarh,824.15,chittorgarh,To achieve the benefits of listing the Equity Shares on the Stock Exchanges,chittorgarh,632.0,chittorgarh
INE500L01026,S H Kelkar & Co.Ltd.,MB,SHK,539450.0,2015-10-28,2015-10-30,2015-11-16,180.0,508.17,Bookbuilding,"BSE, NSE",JM Financial,2015,2006-2019,,,,,,,,834.0,,,119.0,,,70.0,,,5.32,,,252.0,,,939.0,,,62.0,,,500.0,834.0,70.0,8.39,14.0,0.5,Mar 2015,1.0,screener,,,210.0,chittorgarh,298.0,chittorgarh,58.7,chittorgarh,,,222.0,chittorgarh,222.7,chittorgarh,199.6,chittorgarh,207.3,chittorgarh,Working capital requirement | General Corporate Purposes | Total,chittorgarh,508.0,chittorgarh
INE646L01027,InterGlobe Aviation Ltd.,MB,INDIGO,539448.0,2015-10-27,2015-10-29,2015-11-10,765.0,3017.14,Bookbuilding,"BSE, NSE",Barclays Securities,2015,2006-2019,,,,,,,,,,,,,,,,,,,,,,,,,,,,,,,,,,,,,,,,1272.0,chittorgarh,1745.0,chittorgarh,57.8,chittorgarh,,,856.0,chittorgarh,898.0,chittorgarh,848.1,chittorgarh,878.45,chittorgarh,Retirement of certain outstanding lease liabilities and consequent acquisition of aircraf | Purchase of ground support equipment for our airline operations | General corporate purposes,chittorgarh,3017.0,chittorgarh
INE335K01011,Coffee Day Enterprises Ltd.,MB,COFFEEDAY,539436.0,2015-10-14,2015-10-16,2015-11-02,328.0,1150.0,Bookbuilding,"BSE, NSE",Axis Bank,2015,2006-2019,,,,,,,,2691.0,,,379.0,,,-65.0,,,-57.41,,,4234.0,,,6011.0,,,469.0,,,546.0,2691.0,-65.0,-2.42,-11.9,7.75,Mar 2015,1.0,screener,,,1150.0,chittorgarh,0.0,chittorgarh,0.0,chittorgarh,,,313.0,chittorgarh,318.0,chittorgarh,266.0,chittorgarh,270.15,chittorgarh,"Setting-up  of new Café Network outlets and CoffeeDay Xpress kiosks | Manufacturing and assembling of vending machines | Refurbishment of existing Café Network outlets and vending machines | Setting-up of  a new coffee roasting plant  facility,  along with integrated coffee  packing  facility and  tea  packing facility | Repayment or prepayment of loans of  the Company and Subsidiary | General corporate purposes",chittorgarh,1150.0,chittorgarh
INE764L01010,Sadbhav Infrastructure Project Ltd.,MB,SADBHIN,539346.0,2015-08-31,2015-09-02,2015-09-16,103.0,491.66,Bookbuilding,"BSE, NSE",Edelweiss Financial,2015,2006-2019,,,,,,,,511.0,,,284.0,,,-346.0,,,-11.04,,,6342.0,,,9888.0,,,264.0,,,781.0,511.0,-346.0,-67.71,-44.3,8.12,Mar 2015,1.0,screener,,,425.0,chittorgarh,67.0,chittorgarh,13.6,chittorgarh,,,110.75,chittorgarh,112.25,chittorgarh,106.0,chittorgarh,106.15,chittorgarh,"Repayment of rupee loan facility from ICICI Bank Limited | Part repayment of unsecured loans from SEL, the corporate Promoter | Equity investment and advancing of sub-ordinate debt to the subsidiary, SUTPL,for part financing of the SUTPL Project | General corporate purposes",chittorgarh,492.0,chittorgarh
INE302M01033,Prabhat Dairy Ltd.,MB,PRABHAT,539351.0,2015-08-28,2015-09-04,2015-09-21,115.0,356.19,Bookbuilding,"BSE, NSE",Edelweiss Financial,2015,2006-2019,,,,,,,,,,,,,,,,,,,,,,,,,,,,,,,,,,,,,,,,300.0,chittorgarh,56.0,chittorgarh,15.7,chittorgarh,,,115.0,chittorgarh,120.0,chittorgarh,112.4,chittorgarh,116.35,chittorgarh,"Part pre-payment of loans availed by our Company and its wholly owned subsidiary, SAIPL | To meet capital expenditure | General corporate purposes",chittorgarh,356.0,chittorgarh
INE712K01011,Shree Pushkar Chemicals & Fertilisers Ltd.,MB,SHREEPUSHK,539334.0,2015-08-25,2015-08-27,2015-09-10,65.0,70.0,Bookbuilding,"BSE, NSE",Keynote Financial,2015,2006-2019,,,,,,,,,,,,,,,,,,,,,,,,,,,,,,,,,,,,,,,,57.0,chittorgarh,13.0,chittorgarh,18.6,chittorgarh,,,60.0,chittorgarh,63.0,chittorgarh,60.0,chittorgarh,63.0,chittorgarh,"Acquisition of an existing factory within MIDC Industrial Area Lote-Parshuram bearing no. B-97 | Setting up of facilities at B-97 for manufacture of :
 i. Reactive Dyes with a capacity of 3000 TPA
 ii. H-Acid with a capacity of 750 TPA
 iii. Vinyl Sulphone (VS) Ester with a capacity of 1,000 TPA | Setting up of additional effluent treatment plant at the existing facility (Unit I) to make the unit a “Zero Discharge” unit | Construction of additional Godown(s) at our existing facility (Unit II) for meeting the additional storage requirements for finished goods. | General Corporate Purposes | Preliminary & Pre-operative and Issue expenses | Total",chittorgarh,70.0,chittorgarh
INE455O01019,Pennar Engineered Building Systems Ltd.,MB,PENPEBS,539333.0,2015-08-25,2015-08-27,2015-09-10,178.0,156.19,Bookbuilding,"BSE, NSE",Axis Bank,2015,2006-2019,,,,,,290.0,367.0,449.0,36.0,37.0,47.0,15.0,18.0,22.0,5.9,7.28,7.91,56.0,40.0,44.0,238.0,264.0,319.0,,,,68.0,102.0,127.0,449.0,22.0,4.9,17.32,0.35,Mar 2015,3.0,screener,,,58.0,chittorgarh,98.0,chittorgarh,62.8,chittorgarh,,,150.0,chittorgarh,157.5,chittorgarh,150.0,chittorgarh,157.5,chittorgarh,"Repayment/  prepayment,  in  full  or  part,  of  certain  working  capital  facilities availed by the Company | Financing  the  procurement  of  infrastructure  (including  software  and  hardware) forthe expansion ofour design and engineering services | General corporate purposes",chittorgarh,156.0,chittorgarh
INE278M01019,Navkar Corp.Ltd.,MB,NAVKARCORP,539332.0,2015-08-24,2015-08-26,2015-09-09,155.0,600.0,Bookbuilding,"BSE, NSE",Axis Bank,2015,2006-2019,,,,,,333.0,349.0,329.0,102.0,124.0,121.0,57.0,90.0,68.0,38.36,49.23,6.24,,,,,,,73.0,82.0,123.0,,,,329.0,68.0,20.67,,,Mar 2015,3.0,screener,,,510.0,chittorgarh,90.0,chittorgarh,15.0,chittorgarh,,,152.0,chittorgarh,168.4,chittorgarh,152.0,chittorgarh,166.4,chittorgarh,Cap acity enhancement  of the Somathane  CFS | Develop ment of the non-notified  areas of our CFSs | Establishment of a logistics park at Valsad (near Vap i),chittorgarh,600.0,chittorgarh
INE211R01019,Power Mech Projects Ltd.,MB,POWERMECH,539302.0,2015-08-07,2015-08-11,2015-08-26,640.0,273.22,Bookbuilding,"BSE, NSE",IIFL Capital,2015,2006-2019,,,,,,,,1366.0,,,167.0,,,72.0,,,28.33,,,271.0,,,1048.0,,,4.0,,,355.0,1366.0,72.0,5.27,20.28,0.76,Mar 2015,1.0,screener,,,136.0,chittorgarh,137.0,chittorgarh,50.2,chittorgarh,,,600.0,chittorgarh,663.1,chittorgarh,580.0,chittorgarh,585.75,chittorgarh,Funding working capital requirements of the Company | General Corporate Purposes,chittorgarh,273.0,chittorgarh
INE398R01022,Syngene International Ltd.,MB,SYNGENE,539268.0,2015-07-27,2015-07-29,2015-08-11,250.0,550.0,Bookbuilding,"BSE, NSE",Axis Bank,2015,2006-2019,,,,,,,,,,,,,,,,,,,,,,,,,,,,,,,,,,,,,,,,,,550.0,chittorgarh,100.0,chittorgarh,,,295.0,chittorgarh,318.2,chittorgarh,295.0,chittorgarh,310.4,chittorgarh,To Meet Working Capital Requirement | Public Issue Expenses,chittorgarh,550.0,chittorgarh
INE122R01018,Manpasand Beverages Ltd.,MB,MANPASAND,539207.0,2015-06-24,2015-06-26,2015-07-09,320.0,400.0,Bookbuilding,"BSE, NSE",ICICI Securities,2015,2006-2019,,,,,,,,,,,,,,,,,,,,,,,,,,,,,,,,,,,,,,,,400.0,chittorgarh,0.0,chittorgarh,0.0,chittorgarh,,,291.0,chittorgarh,341.9,chittorgarh,286.0,chittorgarh,326.85,chittorgarh,,,400.0,chittorgarh
INE195J01029,PNC Infratech Ltd.,MB,PNCINFRA,539150.0,2015-05-08,2015-05-12,2015-05-26,378.0,488.44,Bookbuilding,"BSE, NSE",ICICI Securities,2015,2006-2019,,,,,,,,1861.0,,,280.0,,,91.0,,,4.59,,,1692.0,,,3097.0,,,247.0,,,871.0,1861.0,91.0,4.89,10.45,1.94,Mar 2015,1.0,screener,,,435.0,chittorgarh,54.0,chittorgarh,11.1,chittorgarh,,,381.0,chittorgarh,387.8,chittorgarh,346.3,chittorgarh,360.2,chittorgarh,"Funding working capital requirements | Investment in our subsidiary, PNC Raebareli Highways Private Limited for part-financing the Raebareli-Jaunpur Project | Investment in capital equipment | Repayment/ prepayment of certain indebtedness | General corporate purposes",chittorgarh,488.0,chittorgarh
INE527H01019,UFO Moviez India Ltd.,MB,UFO,539141.0,2015-04-28,2015-04-30,2015-05-14,625.0,600.0,Bookbuilding,"BSE, NSE",Axis Bank,2015,2006-2019,,,,,,,,478.0,,,160.0,,,53.0,,,18.85,,,127.0,,,773.0,,,114.0,,,453.0,478.0,53.0,11.09,11.7,0.28,Mar 2015,1.0,screener,,,,,600.0,chittorgarh,100.0,chittorgarh,,,600.0,chittorgarh,623.0,chittorgarh,586.0,chittorgarh,598.8,chittorgarh,,,600.0,chittorgarh
INE776I01010,MEP Infrastructure Developers Ltd.,MB,MEP,539126.0,2015-04-21,2015-04-23,2015-05-06,63.0,324.0,Bookbuilding,"BSE, NSE",IDBI Capital,2015,2006-2019,,,,,,1280.0,1198.0,2009.0,365.0,312.0,445.0,-93.0,-128.0,-115.0,-9.29,-12.92,-10.34,,,,,,,743.0,470.0,276.0,,,,2009.0,-115.0,-5.72,,,Mar 2015,3.0,screener,,,324.0,chittorgarh,0.0,chittorgarh,0.0,chittorgarh,,,63.0,chittorgarh,63.5,chittorgarh,55.45,chittorgarh,60.95,chittorgarh,"Repayment / pre-payment, in full or in part, of certain loans availed by the Subsidiary, MIPL | General corporate purposes",chittorgarh,324.0,chittorgarh
INE366I01010,VRL Logistics Ltd.,MB,VRLLOG,539118.0,2015-04-15,2015-04-17,2015-04-30,205.0,467.88,Bookbuilding,"BSE, NSE",HSBC Securities,2015,2006-2019,,,,,,,,1673.0,,,277.0,,,91.0,,,5.33,,,443.0,,,953.0,,,235.0,,,357.0,1673.0,91.0,5.44,25.49,1.24,Mar 2015,1.0,screener,,,117.0,chittorgarh,351.0,chittorgarh,75.0,chittorgarh,,,288.0,chittorgarh,309.1,chittorgarh,281.0,chittorgarh,293.3,chittorgarh,"Purchase of goods transportation vehicles | Repayment/pre-payment, in full or part, of certain borrowings availed by our Company | General corporate purposes",chittorgarh,468.0,chittorgarh
INE066P01011,Inox Wind Ltd.,MB,INOXWIND,539083.0,2015-03-18,2015-03-20,2015-04-09,325.0,1020.53,Bookbuilding,"BSE, NSE",Axis Bank,2015,2006-2019,,,,,,,,2709.0,,,425.0,,,296.0,,,3.14,,,874.0,,,3196.0,,,-106.0,,,1392.0,2709.0,296.0,10.93,21.26,0.63,Mar 2015,1.0,screener,,,701.0,chittorgarh,320.0,chittorgarh,31.3,chittorgarh,,,400.0,chittorgarh,447.8,chittorgarh,399.15,chittorgarh,438.0,chittorgarh,"Expansion and upgradation of the existing manufacturing facilities | Long term working capital requirements | Investment in Subsidiary, IWISL, for the purpose of development of power evacuation infrastructure and other infrastructure development | General Corporate Purposes",chittorgarh,1021.0,chittorgarh
INE172N01012,Adlabs Entertainment Ltd.,MB,IMAGICAA,539056.0,2015-03-10,2015-03-17,2015-04-06,180.0,374.59,Bookbuilding,"BSE, NSE",Centrum Capital,2015,2006-2019,,,,,,,,189.0,,,20.0,,,-107.0,,,-13.43,,,1173.0,,,2010.0,,,34.0,,,709.0,189.0,-107.0,-56.61,-15.09,1.65,Mar 2015,1.0,screener,,,338.0,chittorgarh,37.0,chittorgarh,9.9,chittorgarh,,,167.95,chittorgarh,199.0,chittorgarh,156.4,chittorgarh,191.25,chittorgarh,Partial repayment or pre-payment of the Consortium Loan | General corporate purposes,chittorgarh,375.0,chittorgarh
INE849L01019,Ortel Communications Ltd.,MB,ORTEL,539015.0,2015-03-03,2015-03-05,2015-03-19,181.0,173.65,Bookbuilding,"BSE, NSE",Kotak Mahindra Capital,2015,2006-2019,,,,,,,,,,,,,,,,,,,,,,,,,,,,,,,,,,,,,,,,109.0,chittorgarh,65.0,chittorgarh,37.4,chittorgarh,,,181.0,chittorgarh,181.0,chittorgarh,171.95,chittorgarh,171.95,chittorgarh,"Expansion of the network for providing video, data and telephony services | Capital expenditure on development of the digital cable services | Capital expenditure on development of the broadband services | General corporate purposes",chittorgarh,174.0,chittorgarh
INE947Q01028,Laurus Labs Ltd.,MB,LAURUSLABS,540222.0,2016-12-06,2016-12-08,2016-12-19,428.0,1330.51,Bookbuilding,"BSE, NSE",Citigroup Global,2016,2006-2019,10.54,3.58,1.67,4.57,nse,,1327.0,1778.0,,200.0,362.0,,68.0,134.0,,8.81,16.97,,888.0,1094.0,,1888.0,2224.0,,-65.0,182.0,,656.0,790.0,1778.0,134.0,7.54,16.96,1.38,Mar 2016,2.0,screener,,,300.0,chittorgarh,1031.0,chittorgarh,77.5,chittorgarh,395.4,chittorgarh,490.0,chittorgarh,498.0,chittorgarh,475.0,chittorgarh,480.5,chittorgarh,Pre-payment of term loans | General corporate purposes,chittorgarh,1331.0,chittorgarh
INE916U01025,Sheela Foam Ltd.,MB,SFL,540203.0,2016-11-29,2016-12-01,2016-12-09,730.0,510.0,Bookbuilding,"BSE, NSE",Edelweiss Financial,2016,2006-2019,14.51,3.35,0.44,5.09,nse,,1359.0,1550.0,,91.0,176.0,,43.0,105.0,,13.13,32.22,,146.0,115.0,,679.0,788.0,,147.0,159.0,,245.0,338.0,1550.0,105.0,6.77,31.07,0.34,Mar 2016,2.0,screener,,,,,510.0,chittorgarh,100.0,chittorgarh,153.0,chittorgarh,860.0,chittorgarh,1032.0,chittorgarh,860.0,chittorgarh,1032.0,chittorgarh,"To achieve the benefits of listing the Equity Shares on the Stock Exchanges and for the Offer  for  Sale  of 6,986,301*Equity  Shares  by  the  Selling  Shareholder",chittorgarh,510.0,chittorgarh
INE200M01039,Varun Beverages Ltd.,MB,VBL,540180.0,2016-10-26,2016-10-28,2016-11-08,445.0,1112.5,Bookbuilding,"BSE, NSE",Axis Capital,2016,2006-2019,4.94,0.42,0.82,1.86,nse,,,,,,,,,,,,,,,,,,,,,,,,,,,,,,,,,,,668.0,chittorgarh,445.0,chittorgarh,40.0,chittorgarh,327.08,chittorgarh,430.0,chittorgarh,471.0,chittorgarh,417.1,chittorgarh,461.9,chittorgarh,Prepayment or scheduled repayment of a portion of outstanding indebtedness availed by the Company | General corporate purposes,chittorgarh,1113.0,chittorgarh
INE572E01012,PNB Housing Finance Ltd.,MB,PNBHOUSING,540173.0,2016-10-25,2016-10-27,2016-11-07,775.0,3000.0,Bookbuilding,"BSE, NSE",BOFA Securities,2016,2006-2019,,,,,,,,,,,,,,,,,,,,,,,,,,,,,,,,,,,,,,,,3000.0,chittorgarh,0.0,chittorgarh,0.0,chittorgarh,,,863.0,chittorgarh,902.95,chittorgarh,860.05,chittorgarh,890.6,chittorgarh,augment the capital base to meet the future capital requirements; and | general corporate purpose.,chittorgarh,3000.0,chittorgarh
INE913H01037,Endurance Technologies Ltd.,MB,ENDURANCE,540153.0,2016-10-05,2016-10-07,2016-10-19,472.0,1161.73,Bookbuilding,"BSE, NSE",Axis Capital,2016,2006-2019,53.43,127.07,2.69,43.84,nse,,4917.0,5228.0,,596.0,680.0,,254.0,300.0,,57.42,68.1,,764.0,831.0,,2784.0,3281.0,,413.0,698.0,,1142.0,1450.0,5228.0,300.0,5.74,20.69,0.57,Mar 2016,2.0,screener,,,,,1162.0,chittorgarh,100.0,chittorgarh,348.52,chittorgarh,570.0,chittorgarh,655.0,chittorgarh,570.0,chittorgarh,647.7,chittorgarh,,,1162.0,chittorgarh
INE495S01016,HPL Electric & Power Ltd.,MB,HPL,540136.0,2016-09-22,2016-09-26,2016-10-04,202.0,361.0,Bookbuilding,"BSE, NSE",ICICI Securities,2016,2006-2019,5.77,22.2,3.31,8.06,nse,,1047.0,1116.0,,125.0,141.0,,35.0,37.0,,18.64,7.89,,,,,,,,27.0,103.0,,,,1116.0,37.0,3.32,,,Mar 2016,2.0,screener,,,361.0,chittorgarh,0.0,chittorgarh,0.0,chittorgarh,108.3,chittorgarh,190.05,chittorgarh,198.0,chittorgarh,184.3,chittorgarh,189.05,chittorgarh,Repayment/ prepayment of certain indebtedness | Funding working capital requirements | General corporate purposes,chittorgarh,361.0,chittorgarh
INE726G01019,ICICI Prudential Life Insurance Co.Ltd.,MB,ICICIPRULI,540133.0,2016-09-19,2016-09-21,2016-09-29,334.0,6056.79,Bookbuilding,"BSE, NSE",BOFA Securities,2016,2006-2019,11.83,28.55,1.42,10.48,nse,,34453.0,20849.0,,1655.0,1842.0,,1640.0,1650.0,,11.46,11.52,,0.0,1029.0,,101215.0,104765.0,,523.0,3634.0,,5265.0,5323.0,20849.0,1650.0,7.91,31.0,0.19,Mar 2016,2.0,screener,,,,,6057.0,chittorgarh,100.0,chittorgarh,1635.33,chittorgarh,329.0,chittorgarh,333.9,chittorgarh,295.5,chittorgarh,297.65,chittorgarh,"To achieve the benefits of listing the Equity Shares of our Company on the Stock Exchanges and to carry out the sale of 181,341,058Equity Shares by the Promoter Selling Shareholder",chittorgarh,6057.0,chittorgarh
INE934S01014,GNA Axles Ltd.,MB,GNA,540124.0,2016-09-14,2016-09-16,2016-09-26,207.0,130.41,Bookbuilding,"BSE, NSE",Ambit,2016,2006-2019,17.18,217.47,11.84,54.88,nse,,,509.0,,,82.0,,,26.0,,,8.56,,,139.0,,,447.0,,,74.0,,,138.0,509.0,26.0,5.11,18.84,1.01,Mar 2016,1.0,screener,,,130.0,chittorgarh,0.0,chittorgarh,0.0,chittorgarh,37.88,chittorgarh,248.5,chittorgarh,260.0,chittorgarh,242.2,chittorgarh,245.15,chittorgarh,Purchase of plant and machinery | To meet working capital requirements | General corporate purposes,chittorgarh,130.0,chittorgarh
INE010V01017,L&T Technology Services Ltd.,MB,LTTS,540115.0,2016-09-12,2016-09-15,2016-09-23,860.0,894.4,Bookbuilding,"BSE, NSE",BOFA Securities,2016,2006-2019,5.01,1.03,1.75,2.53,nse,,2619.0,3066.0,,399.0,519.0,,311.0,419.0,,10.36,55.88,,969.0,196.0,,1778.0,1942.0,,289.0,544.0,,302.0,1066.0,3066.0,419.0,13.67,39.31,0.18,Mar 2016,2.0,screener,,,,,894.0,chittorgarh,100.0,chittorgarh,268.32,chittorgarh,900.0,chittorgarh,931.0,chittorgarh,860.0,chittorgarh,865.1,chittorgarh,"To achieve the benefits of listing the Equity Shares on the Stock Exchanges and to carry out thesale  of 10,400,000Equity Shares by the  Selling Shareholder",chittorgarh,894.0,chittorgarh
INE976G01028,RBL Bank Ltd.,MB,RBLBANK,540065.0,2016-08-19,2016-08-23,2016-08-31,225.0,1212.97,Bookbuilding,"BSE, NSE",Axis Bank,2016,2006-2019,85.08,198.06,5.7,69.62,nse,,,,,,,,,,,,,,,,,,,,,,,,,,,,,,,,,,,833.0,chittorgarh,380.0,chittorgarh,31.3,chittorgarh,,,273.7,chittorgarh,305.0,chittorgarh,273.7,chittorgarh,299.3,chittorgarh,"To augment our Bank’s Tier-I  capital  base  to  meet  ourBank’s future capital requirements  which  are  expected  to  arise  out  of  growth  in our Bank’s assets, primarily ourBank’s loans/advances and investment portfolio, and to ensure compliance with Basel III and other RBI guidelines | To achieve the benefit of listing equity shares on the exchange",chittorgarh,1213.0,chittorgarh
INE212I01016,S.P.Apparels Ltd.,MB,SPAL,540048.0,2016-08-02,2016-08-04,2016-08-12,268.0,239.12,Bookbuilding,"BSE, NSE",Centrum Capital,2016,2006-2019,2.21,5.1,1.9,2.66,nse,,471.0,532.0,,69.0,85.0,,10.0,19.0,,5.98,10.98,,304.0,279.0,,520.0,561.0,,84.0,49.0,,76.0,113.0,532.0,19.0,3.57,16.81,2.47,Mar 2016,2.0,screener,,,215.0,chittorgarh,24.0,chittorgarh,10.0,chittorgarh,,,305.0,chittorgarh,305.0,chittorgarh,289.75,chittorgarh,295.0,chittorgarh,"Repayment or prepayment of debt incurred by the Company | Expansion and modernization of the manufacturing facility at Valapady, Salem, Tamil Nadu | Opening of new stores for the sale of ‘Crocodile’ brand products | Addition of balancing machineries for the existing dyeing unit at SIPCOT, Perundurai | General corporate purposes",chittorgarh,239.0,chittorgarh
INE917M01012,Dilip Buildcon Ltd.,MB,DBL,540047.0,2016-08-01,2016-08-03,2016-08-11,219.0,653.98,Bookbuilding,"BSE, NSE",Axis Capital,2016,2006-2019,9.76,79.64,2.35,20.95,nse,,2762.0,4206.0,,687.0,981.0,,88.0,230.0,,7.48,19.62,,3512.0,3630.0,,5593.0,6276.0,,376.0,269.0,,805.0,932.0,4206.0,230.0,5.47,24.68,3.89,Mar 2016,2.0,screener,,,430.0,chittorgarh,224.0,chittorgarh,34.3,chittorgarh,,,240.0,chittorgarh,255.0,chittorgarh,239.25,chittorgarh,251.95,chittorgarh,Pre-payment or scheduled repayment of a portion of term loans availed by the Company | To meet working capital requirements | General corporate purposes,chittorgarh,654.0,chittorgarh
INE837H01020,Advanced Enzyme Technologies Ltd.,MB,ADVENZYMES,540025.0,2016-07-20,2016-07-22,2016-08-01,896.0,411.49,Bookbuilding,"BSE, NSE",Axis Capital,2016,2006-2019,94.03,393.1,11.67,116.02,nse,,222.0,293.0,,91.0,138.0,,51.0,77.0,,4.6,6.97,,115.0,101.0,,417.0,450.0,,54.0,93.0,,210.0,278.0,293.0,77.0,26.28,27.7,0.36,Mar 2016,2.0,screener,,,50.0,chittorgarh,361.0,chittorgarh,87.8,chittorgarh,,,1210.0,chittorgarh,1242.75,chittorgarh,1168.55,chittorgarh,1178.3,chittorgarh,"Investment in Advanced Enzymes USA, the wholly  owned subsidiary for repayment/pre-payment of certain loans availed by Advanced Enzymes USA | General corporate purpose",chittorgarh,411.0,chittorgarh
INE214T01019,Larsen & Toubro Infotech Ltd.,MB,LTIM,540005.0,2016-07-11,2016-07-13,2016-07-21,710.0,1236.38,Bookbuilding,"BSE, NSE",Citigroup Global,2016,2006-2019,,,,,,,4978.0,5846.0,,1005.0,1028.0,,769.0,836.0,,238.3,49.25,,218.0,55.0,,2978.0,3137.0,,642.0,858.0,,2026.0,2125.0,5846.0,836.0,14.3,39.34,0.03,Mar 2016,2.0,screener,,,,,1236.0,chittorgarh,100.0,chittorgarh,,,666.6,chittorgarh,710.0,chittorgarh,666.6,chittorgarh,697.65,chittorgarh,,,1236.0,chittorgarh
INE615P01015,Quess Corp Ltd.,MB,QUESS,539978.0,2016-06-29,2016-07-01,2016-07-12,317.0,400.0,Bookbuilding,"BSE, NSE",Axis Capital,2016,2006-2019,59.03,392.21,34.08,144.5,nse,,2567.0,3435.0,,131.0,151.0,,67.0,81.0,,26.05,7.17,,224.0,393.0,,719.0,1250.0,,38.0,-50.0,,252.0,356.0,3435.0,81.0,2.36,22.75,1.1,Mar 2016,2.0,screener,,,400.0,chittorgarh,0.0,chittorgarh,0.0,chittorgarh,,,499.0,chittorgarh,508.6,chittorgarh,480.05,chittorgarh,503.0,chittorgarh,"Repayment of debt availed by the Company | Funding capital expenditure requirementsof our Company and the Subsidiary, MFX US | Funding incremental working capital requirement of the Company | Acquisitions and other strategic initiatives | General corporate purposes",chittorgarh,400.0,chittorgarh
INE002S01010,Mahanagar Gas Ltd.,MB,MGL,539957.0,2016-06-21,2016-06-23,2016-07-01,421.0,1038.88,Bookbuilding,"BSE, NSE",Citigroup Global,2016,2006-2019,,,,,,,,,,,,,,,,,,,,,,,,,,,,,,,,,,,,,,,,,,1039.0,chittorgarh,100.0,chittorgarh,,,540.0,chittorgarh,549.15,chittorgarh,517.8,chittorgarh,519.9,chittorgarh,,,1039.0,chittorgarh
INE883N01014,Parag Milk Foods Ltd.,MB,PARAGMILK,539889.0,2016-05-04,2016-05-11,2016-05-19,215.0,750.54,Bookbuilding,"BSE, NSE",Dam Capital,2016,2006-2019,,,,,,,1443.0,1645.0,,113.0,151.0,,32.0,47.0,,20.17,6.72,,545.0,389.0,,924.0,991.0,,88.0,59.0,,124.0,361.0,1645.0,47.0,2.86,13.02,1.08,Mar 2016,2.0,screener,,,300.0,chittorgarh,451.0,chittorgarh,60.1,chittorgarh,,,215.7,chittorgarh,250.0,chittorgarh,215.7,chittorgarh,247.8,chittorgarh,Expansion and Modernisation Plan | Investment in Subsidiary for financing the capital expenditure requirements in relation to the expansion and modernisation of the Bhagyalaxmi Dairy Farm | Partial repayment of the Working Capital Consortium Loan | General corporate purposes,chittorgarh,751.0,chittorgarh
INE334L01012,Ujjivan Financial Services Ltd.,MB,UJJIVAN,539874.0,2016-04-28,2016-05-02,2016-05-10,210.0,882.5,Bookbuilding,"BSE, NSE",Axis Capital,2016,2006-2019,33.84,135.45,4.02,40.68,nse,,,,,,,,,,,,,,,,,,,,,,,,,,,,,,,,,,,358.0,chittorgarh,524.0,chittorgarh,59.4,chittorgarh,,,227.0,chittorgarh,244.0,chittorgarh,217.05,chittorgarh,231.6,chittorgarh,,,882.0,chittorgarh
INE594H01019,Thyrocare Technologies Ltd.,MB,THYROCARE,539871.0,2016-04-27,2016-04-29,2016-05-09,446.0,479.21,Bookbuilding,"BSE, NSE",Edelweiss Financial,2016,2006-2019,73.18,225.3,8.73,73.55,nse,,183.0,241.0,,73.0,94.0,,44.0,52.0,,2.98,3.21,,0.0,0.0,,329.0,410.0,,34.0,68.0,,277.0,366.0,241.0,52.0,21.58,14.21,0.0,Mar 2016,2.0,screener,,,,,479.0,chittorgarh,100.0,chittorgarh,,,662.0,chittorgarh,665.4,chittorgarh,606.0,chittorgarh,618.1,chittorgarh,,,479.0,chittorgarh
INE988K01017,Equitas Holdings Ltd.,MB,EQUITAS,539844.0,2016-04-05,2016-04-07,2016-04-21,110.0,2176.68,Bookbuilding,"BSE, NSE",Axis Bank,2016,2006-2019,,,,,,,,,,,,,,,,,,,,,,,,,,,,,,,,,,,,,,,,720.0,chittorgarh,1457.0,chittorgarh,66.9,chittorgarh,,,144.0,chittorgarh,147.0,chittorgarh,134.15,chittorgarh,135.25,chittorgarh,"Investment  in  certain  of  our  Subsidiaries,  namely,  EFL,  EMFL  and  EHFL, to   augment   their   capital   base   to   meet   their   future   capital   requirements arising out of growth in our business. | General corporate purposes",chittorgarh,2177.0,chittorgarh
INE483S01020,Infibeam Incorporation Ltd.,MB,INFIBEAM,539807.0,2016-03-21,2016-03-23,2016-04-04,432.0,450.0,Bookbuilding,"BSE, NSE",Elara Capital,2016,2006-2019,0.86,2.23,1.31,1.11,nse,,288.0,337.0,,-2.0,22.0,,-11.0,9.0,,-0.05,0.04,,5.0,6.0,,268.0,750.0,,-21.0,24.0,,213.0,663.0,337.0,9.0,2.67,1.36,0.01,Mar 2016,2.0,screener,,,450.0,chittorgarh,0.0,chittorgarh,0.0,chittorgarh,,,458.0,chittorgarh,466.9,chittorgarh,439.9,chittorgarh,445.7,chittorgarh,Setting up of cloud data centre and purchase of property for shifting of the registered and corporate officesof our Company | Setting up of 75 logistics centres | Purchase of software | General corporate purposes,chittorgarh,450.0,chittorgarh
INE316L01019,Bharat Wire Ropes Ltd.,MB,BHARATWIRE,539799.0,2016-03-18,2016-03-22,2016-04-01,45.0,70.0,Bookbuilding,"BSE, NSE",BOB Capital Markets,2016,2006-2019,,,,,,,,,,,,,,,,,,,,,,,,,,,,,,,,,,,,,,,,70.0,chittorgarh,0.0,chittorgarh,0.0,chittorgarh,,,47.35,chittorgarh,47.5,chittorgarh,45.0,chittorgarh,45.4,chittorgarh,"Part finance to set up a New Unit at MIDC Zone, at Chalisgaon, Dist:  Jalgaon , Maharashtra | General Corporate Purposes",chittorgarh,70.0,chittorgarh
INE075I01017,Healthcare Global Enterprises Ltd.,MB,HCG,539787.0,2016-03-16,2016-03-18,2016-03-30,218.0,649.64,Bookbuilding,"BSE, NSE",Edelweiss Financial,2016,2006-2019,2.36,0.43,0.83,1.56,nse,,,519.0,,,76.0,,,5.0,,,0.11,,,349.0,,,776.0,,,60.0,,,280.0,519.0,5.0,0.96,1.79,1.25,Mar 2015,1.0,screener,,,253.0,chittorgarh,397.0,chittorgarh,61.1,chittorgarh,,,209.8,chittorgarh,211.0,chittorgarh,169.0,chittorgarh,170.95,chittorgarh,"Purchase of medical equipment | Investment in IT software, services and hardware | Pre-payment of debt | General corporate purposes",chittorgarh,650.0,chittorgarh
INE306L01010,Quick Heal Technologies Ltd.,MB,QUICKHEAL,539678.0,2016-02-08,2016-02-10,2016-02-18,321.0,451.25,Bookbuilding,"BSE, NSE",ICICI Securities,2016,2006-2019,,,,,,,,286.0,,,92.0,,,54.0,,,8.81,,,0.0,,,428.0,,,77.0,,,331.0,286.0,54.0,18.88,16.31,0.0,Mar 2015,1.0,screener,,,250.0,chittorgarh,201.0,chittorgarh,44.6,chittorgarh,,,304.95,chittorgarh,329.95,chittorgarh,246.0,chittorgarh,254.45,chittorgarh,"Advertising and sales promotion | Capital  expenditure  on research  and development | Purchase,development and renovation of   office   premises in Kolkata, Pune and New Delhi | General corporate purposes",chittorgarh,451.0,chittorgarh
INE985S01024,TeamLease Services Ltd.,MB,TEAMLEASE,539658.0,2016-02-02,2016-02-04,2016-02-12,850.0,423.68,Bookbuilding,"BSE, NSE",Credit Suisse Securities,2016,2006-2019,26.97,185.24,10.62,66.02,nse,,,2007.0,,,24.0,,,31.0,,,60.23,,,0.0,,,313.0,,,34.0,,,148.51,2007.0,31.0,1.54,20.87,0.0,Mar 2015,1.0,screener,,,150.0,chittorgarh,274.0,chittorgarh,64.6,chittorgarh,,,860.0,chittorgarh,1032.0,chittorgarh,805.9,chittorgarh,1021.95,chittorgarh,Funding existing and incremental working capital requirements of our Company | Acquisitions and other strategic initiatives | Upgradation of the existing IT infrastructure | General corporate purposes,chittorgarh,424.0,chittorgarh
INE484I01029,Precision Camshafts Ltd.,MB,PRECAM,539636.0,2016-01-27,2016-01-29,2016-02-08,186.0,410.19,Bookbuilding,"BSE, NSE",HDFC Bank,2016,2006-2019,2.62,0.73,2.01,1.91,nse,,,532.0,,,143.0,,,46.0,,,5.67,,,222.0,,,595.0,,,120.0,,,232.0,532.0,46.0,8.65,19.83,0.96,Mar 2015,1.0,screener,,,240.0,chittorgarh,170.0,chittorgarh,41.5,chittorgarh,,,163.1,chittorgarh,184.7,chittorgarh,155.0,chittorgarh,177.25,chittorgarh,Establishment of a machine shop for ductile iron camshafts at the EOU unit | General corporate purposes,chittorgarh,410.0,chittorgarh
INE646X01014,Astron Paper & Board Mill Ltd.,MB,ASTRON,540824.0,2017-12-15,2017-12-20,2017-12-29,50.0,69.83,Bookbuilding,"BSE, NSE",Pantomath Capital,2017,2006-2019,103.36,396.99,77.93,243.29,nse,,,,,,,,,,,,,,,,,,,,,,,,,,,,,,,,,,,70.0,chittorgarh,0.0,chittorgarh,0.0,chittorgarh,,,114.0,chittorgarh,119.7,chittorgarh,113.1,chittorgarh,119.7,chittorgarh,Setting     up    of    additional    facility     for manufacturing   of Kraft   Paper   with   lower GSM ranging from 80 to 180 GSM and lower B.F ranging from 12 B.F to 20 B.F | Part Repayment of unsecured loan availed by our Company | Funding the working capital requirements  of the Company | General corporate purposes,chittorgarh,70.0,chittorgarh
INE935Q01015,Future Supply Chain Solutions Ltd.,MB,FSC,540798.0,2017-12-06,2017-12-08,2017-12-18,664.0,649.7,Bookbuilding,"BSE, NSE",IDFC Bank,2017,2006-2019,12.36,11.15,3.28,7.56,nse,,,,,,,,,,,,,,,,,,,,,,,,,,,,,,,,,,,,,650.0,chittorgarh,100.0,chittorgarh,194.91,chittorgarh,674.0,chittorgarh,698.7,chittorgarh,660.05,chittorgarh,685.8,chittorgarh,To achieve the benefit of listing the Equity Shares on the Stock Exchanges,chittorgarh,650.0,chittorgarh
INE597J01018,Shalby Ltd.,MB,SHALBY,540797.0,2017-12-05,2017-12-07,2017-12-15,248.0,504.8,Bookbuilding,"BSE, NSE",Edelweiss Financial,2017,2006-2019,4.34,0.42,2.98,2.82,nse,275.0,290.0,324.0,68.0,56.0,71.0,25.0,36.0,29.0,7.36,4.3,3.4,98.0,224.0,328.0,351.0,504.0,679.0,,,60.0,168.0,204.0,251.0,324.0,29.0,8.95,11.55,1.31,Mar 2017,3.0,screener,,,480.0,chittorgarh,25.0,chittorgarh,5.0,chittorgarh,150.54,chittorgarh,237.0,chittorgarh,254.65,chittorgarh,236.15,chittorgarh,239.25,chittorgarh,"Repayment or prepayment in full or in part of certain loans availed byour Company | Purchase  of  medical  equipment  for  existing,recently  set  up and upcoming hospitals | Purchase   of   interiors,   furniture,   and   allied   infrastructure   for upcoming hospitals | General corporate purposes",chittorgarh,505.0,chittorgarh
INE795G01014,HDFC Standard Life Insurance Co.Ltd.,MB,HDFCLIFE,540777.0,2017-11-07,2017-11-09,2017-11-17,290.0,8695.01,Bookbuilding,"BSE, NSE",CLSA,2017,2006-2019,16.6,2.29,0.94,4.9,nse,27215.0,18141.0,30647.0,874.0,953.0,972.0,786.0,817.0,887.0,3.94,4.09,4.44,0.0,0.0,0.0,69309.0,76544.0,95097.0,4459.0,5687.0,6230.0,2541.0,3103.0,3826.0,30647.0,887.0,2.89,23.18,0.0,Mar 2017,3.0,screener,,,,,8695.0,chittorgarh,100.0,chittorgarh,2321.99,chittorgarh,311.0,chittorgarh,369.0,chittorgarh,307.65,chittorgarh,344.25,chittorgarh,To achieve the benefits of listing the Equity Shares on the Stock Exchanges | To carry  out  the sale  of  Offered  Shares  by  the Promoter Selling  Shareholders,chittorgarh,8695.0,chittorgarh
INE834I01025,Khadim India Ltd.,MB,KHADIM,540775.0,2017-11-02,2017-11-06,2017-11-14,750.0,543.06,Bookbuilding,"BSE, NSE",Axis Bank,2017,2006-2019,2.44,0.18,2.33,1.9,nse,,,,,,,,,,,,,,,,,,,,,,,,,,,,,,,,,,,50.0,chittorgarh,493.0,chittorgarh,90.8,chittorgarh,162.92,chittorgarh,727.0,chittorgarh,740.0,chittorgarh,677.3,chittorgarh,688.5,chittorgarh,Prepayment  or  scheduled  repayment  of all  or a  portion  of  term  loans and  working capital facilities availed by our Company. | General corporate purposes,chittorgarh,543.0,chittorgarh
INE470Y01017,"New India Assurance Co.Ltd.,The",MB,NIACL,540769.0,2017-11-01,2017-11-03,2017-11-13,800.0,9585.82,Bookbuilding,"BSE, NSE",Axis Bank,2017,2006-2019,2.34,0.12,0.11,1.19,nse,13354.0,15215.0,20234.0,-3753.0,-2980.0,-458.0,1412.0,959.0,1050.0,35.4,24.03,26.15,0.0,0.0,0.0,62961.0,64407.0,70157.0,847.0,-1605.0,-124.0,20235.0,19626.0,20684.0,20234.0,1050.0,5.19,5.08,0.0,Mar 2017,3.0,screener,,,1917.0,chittorgarh,7669.0,chittorgarh,80.0,chittorgarh,,,748.9,chittorgarh,749.0,chittorgarh,717.75,chittorgarh,725.05,chittorgarh,,,9586.0,chittorgarh
INE766P01016,Mahindra Logistics Ltd.,MB,MAHLOG,540768.0,2017-10-31,2017-11-02,2017-11-10,429.0,828.88,Bookbuilding,"BSE, NSE",Axis Bank,2017,2006-2019,15.6,2.07,6.1,7.9,nse,1931.0,2064.0,2667.0,57.0,52.0,76.0,39.0,36.0,46.0,4.71,4.4,4.88,4.0,28.0,34.0,519.0,591.0,817.0,27.0,-48.0,-34.0,265.0,302.0,348.0,2667.0,46.0,1.72,13.22,0.1,Mar 2017,3.0,screener,,,,,829.0,chittorgarh,100.0,chittorgarh,247.2,chittorgarh,432.0,chittorgarh,433.95,chittorgarh,416.55,chittorgarh,429.15,chittorgarh,To achieve the benefits of listing the Equity Shares on the Stock Exchanges and for the Offer for Sale,chittorgarh,829.0,chittorgarh
INE298J01013,Reliance Nippon Life Asset Management Ltd.,MB,NAM-INDIA,540767.0,2017-10-25,2017-10-27,2017-11-06,252.0,1542.24,Bookbuilding,"BSE, NSE",Axis Capital,2017,2006-2019,,,,,,951.0,1311.0,1435.0,468.0,524.0,598.0,354.0,396.0,402.0,307.69,344.12,348.92,30.0,30.0,30.0,1702.0,1931.0,2051.0,-42.0,218.0,556.0,1506.0,1762.0,1843.0,1435.0,402.0,28.01,21.81,0.02,Mar 2017,3.0,screener,,,617.0,chittorgarh,925.0,chittorgarh,60.0,chittorgarh,462.67,chittorgarh,294.0,chittorgarh,298.7,chittorgarh,278.0,chittorgarh,284.0,chittorgarh,"Setting up new branches and relocating certain existing branches | Upgrading the IT system | Advertising, marketing and brand building activities | Lending to our Subsidiary (Reliance AIF) for investment of continuing interest in the new AIF schemes managed by Reliance AIF | Investing towards our continuing interest in new mutual fund schemes managed by us | Funding inorganic growth and strategic initiatives | General corporate purposes | Total",chittorgarh,1542.0,chittorgarh
INE481Y01014,General Insurance Corp.of India,MB,GICRE,540755.0,2017-10-11,2017-10-13,2017-10-25,912.0,11256.83,Bookbuilding,"BSE, NSE",Axis Capital,2017,2006-2019,2.25,0.22,0.63,1.38,nse,13595.0,15338.0,26776.0,-1566.0,-1512.0,-786.0,2891.0,2823.0,3672.0,336.16,3.28,4.27,0.0,0.0,0.0,74916.0,76103.0,97314.0,2635.0,6013.0,7901.0,44172.0,41875.0,20183.0,26776.0,3672.0,13.71,18.19,0.0,Mar 2017,3.0,screener,,,1553.0,chittorgarh,9704.0,chittorgarh,86.2,chittorgarh,,,850.0,chittorgarh,895.0,chittorgarh,780.25,chittorgarh,870.4,chittorgarh,Augmenting the capital base | General corporate purposes,chittorgarh,11257.0,chittorgarh
INE022Q01020,Indian Energy Exchange Ltd.,MB,IEX,540750.0,2017-10-09,2017-10-11,2017-10-23,1650.0,1000.73,Bookbuilding,"BSE, NSE",Axis Bank,2017,2006-2019,2.56,0.85,2.61,2.28,nse,,,,,,,,,,,,,,,,,,,,,,,,,,,,,,,,,,,,,1001.0,chittorgarh,100.0,chittorgarh,,,1500.0,chittorgarh,1658.0,chittorgarh,1500.0,chittorgarh,1626.45,chittorgarh,,,1001.0,chittorgarh
INE348L01012,MAS Financial Services Ltd.,MB,MASFIN,540749.0,2017-10-06,2017-10-10,2017-10-18,459.0,460.04,Bookbuilding,"BSE, NSE",Motilal Oswal Investment,2017,2006-2019,148.33,378.53,15.97,128.39,nse,238.0,309.0,365.0,,,,41.0,55.0,69.0,8.33,11.29,5.32,,,,1572.0,1947.0,2200.0,-267.0,-281.0,-164.0,104.0,138.0,284.0,365.0,69.0,18.9,24.3,,Mar 2017,3.0,screener,,,233.0,chittorgarh,227.0,chittorgarh,49.3,chittorgarh,135.91,chittorgarh,660.0,chittorgarh,680.95,chittorgarh,625.0,chittorgarh,654.75,chittorgarh,To augment capital base to meet future capital requirements | Offer related expenses | Total,chittorgarh,460.0,chittorgarh
INE850D01014,Godrej Agrovet Ltd.,MB,GODREJAGRO,540743.0,2017-10-04,2017-10-06,2017-10-16,460.0,1157.31,Bookbuilding,"BSE, NSE",Axis Capital,2017,2006-2019,150.96,236.04,7.67,95.41,nse,,,,,,,,,,,,,,,,,,,,,,,,,,,,,,,,,,,292.0,chittorgarh,866.0,chittorgarh,74.8,chittorgarh,341.19,chittorgarh,621.0,chittorgarh,629.85,chittorgarh,563.8,chittorgarh,595.55,chittorgarh,Repayment or prepayment of working capital facilities availed by the Company | Repayment of commercial papers issued by the Company | General corporate purposes,chittorgarh,1157.0,chittorgarh
INE393P01035,Prataap Snacks Ltd.,MB,DIAMONDYD,540724.0,2017-09-22,2017-09-26,2017-10-05,938.0,481.6,Bookbuilding,"BSE, NSE",Edelweiss Financial,2017,2006-2019,76.89,101.15,8.48,47.39,nse,,,,,,,,,,,,,,,,,,,,,,,,,,,,,,,,,,,200.0,chittorgarh,282.0,chittorgarh,58.5,chittorgarh,143.4,chittorgarh,1250.0,chittorgarh,1317.05,chittorgarh,1137.0,chittorgarh,1178.3,chittorgarh,"Repayment/pre-payment, in full or part, of certain borrowings availed by the Company | Funding capital expenditure requirements in relation to expansion (including through setting up of a new production line and construction of a building) and modernisation at certain of the existing manufacturing facilities | Investment in the Subsidiary, Pure N Sure, for repayment/pre-payment of certain borrowings availed by the Subsidiary | Marketing and brand building activities | General corporate purposes | Total",chittorgarh,482.0,chittorgarh
INE123W01016,SBI Life Insurance Co.Ltd.,MB,SBILIFE,540719.0,2017-09-20,2017-09-22,2017-10-03,700.0,8388.73,Bookbuilding,"BSE, NSE",Axis Capital,2017,2006-2019,12.56,0.7,0.85,3.58,nse,,,,,,,,,,,,,,,,,,,,,,,,,,,,,,,,,,,,,8389.0,chittorgarh,100.0,chittorgarh,2226.0,chittorgarh,733.3,chittorgarh,738.0,chittorgarh,702.25,chittorgarh,708.0,chittorgarh,,,8389.0,chittorgarh
INE765G01017,ICICI Lombard General Insurance Co.Ltd.,MB,ICICIGI,540716.0,2017-09-15,2017-09-19,2017-09-27,661.0,5700.94,Bookbuilding,"BSE, NSE",CLSA,2017,2006-2019,8.17,0.83,1.23,2.98,nse,,,,,,,,,,,,,,,,,,,,,,,,,,,,,,,,,,,,,5701.0,chittorgarh,100.0,chittorgarh,1624.77,chittorgarh,650.0,chittorgarh,694.0,chittorgarh,638.15,chittorgarh,681.55,chittorgarh,,,5701.0,chittorgarh
INE264T01014,Capacit'e Infraprojects Ltd.,MB,CAPACITE,540710.0,2017-09-13,2017-09-15,2017-09-25,250.0,400.0,Bookbuilding,"BSE, NSE",Axis Capital,2017,2006-2019,131.32,638.05,17.57,183.03,nse,,,,,,,,,,,,,,,,,,,,,,,,,,,,,,,,,,,400.0,chittorgarh,0.0,chittorgarh,0.0,chittorgarh,120.0,chittorgarh,399.0,chittorgarh,399.0,chittorgarh,335.65,chittorgarh,342.4,chittorgarh,Funding working capital requirements | Funding purchase of capital assets (system formwork) | General corporate purposes,chittorgarh,400.0,chittorgarh
INE866R01028,Matrimony.com Ltd.,MB,MATRIMONY,540704.0,2017-09-11,2017-09-13,2017-09-21,985.0,496.88,Bookbuilding,"BSE, NSE",Axis Capital,2017,2006-2019,1.88,0.41,18.16,4.44,nse,,,,,,,,,,,,,,,,,,,,,,,,,,,,,,,,,,,130.0,chittorgarh,367.0,chittorgarh,73.8,chittorgarh,225.89,chittorgarh,985.0,chittorgarh,1025.0,chittorgarh,893.2,chittorgarh,901.2,chittorgarh,Advertising and business promotion activities | Purchase of land for construction of office premises in Chennai | Repayment of the overdraft facilities | General corporate purposes,chittorgarh,497.0,chittorgarh
INE727S01012,Bharat Road Network Ltd.,MB,BRNL,540700.0,2017-09-06,2017-09-08,2017-09-18,205.0,600.65,Bookbuilding,"BSE, NSE",Investec Capital,2017,2006-2019,1.33,1.63,5.69,1.81,nse,,,,,,,,,,,,,,,,,,,,,,,,,,,,,,,,,,,601.0,chittorgarh,0.0,chittorgarh,0.0,chittorgarh,,,204.9,chittorgarh,218.65,chittorgarh,196.5,chittorgarh,208.15,chittorgarh,"STPL Sponsor Investment | Acquisition of the subordinated debt in the form of unsecured loans/ OCPIDs/ warrants/ OCDs, advanced/held by SREI to/in the Identified SPVs | General corporate purposes",chittorgarh,601.0,chittorgarh
INE935N01020,Dixon Technologies (India) Ltd.,MB,DIXON,540699.0,2017-09-06,2017-09-08,2017-09-18,1766.0,599.28,Bookbuilding,"BSE, NSE",IDFC Bank,2017,2006-2019,134.66,345.61,10.6,117.83,nse,,,,,,,,,,,,,,,,,,,,,,,,,,,,,,,,,,,60.0,chittorgarh,539.0,chittorgarh,90.0,chittorgarh,179.78,chittorgarh,2725.0,chittorgarh,3020.25,chittorgarh,2725.0,chittorgarh,2892.8,chittorgarh,"Repayment/pre-payment, in full or in part, of certain borrowings availed by the Company | Setting up a unit for manufacturing of LED TVs at the Tirupati Facility | Finance the enhancement of the backward integration capabilities in the lighting products vertical at the Dehradun I Facility | Upgradation of the information technology infrastructure of the Company | General corporate purposes",chittorgarh,599.0,chittorgarh
INE346W01013,Apex Frozen Foods Ltd.,MB,APEX,540692.0,2017-08-22,2017-08-24,2017-09-04,175.0,152.25,Bookbuilding,"BSE, NSE",Karvy Investor Services,2017,2006-2019,1.91,7.82,8.53,6.14,nse,,,,,,,,,,,,,,,,,,,,,,,,,,,,,,,,,,,127.0,chittorgarh,25.0,chittorgarh,16.4,chittorgarh,43.58,chittorgarh,199.9,chittorgarh,209.85,chittorgarh,195.0,chittorgarh,209.85,chittorgarh,"Setting up a new Shrimp processing unit with a proposed capacity of 20,000 MTPA at East Godavari District, Andhra Pradesh; | General corporate purposes",chittorgarh,152.0,chittorgarh
INE704P01025,Cochin Shipyard Ltd.,MB,COCHINSHIP,540678.0,2017-08-01,2017-08-03,2017-08-11,432.0,1442.93,Bookbuilding,"BSE, NSE",Edelweiss Financial,2017,2006-2019,63.52,288.87,8.51,76.19,nse,,,,,,,,,,,,,,,,,,,,,,,,,,,,,,,,,,,962.0,chittorgarh,481.0,chittorgarh,33.3,chittorgarh,,,435.0,chittorgarh,522.0,chittorgarh,435.0,chittorgarh,522.0,chittorgarh,Setting up of Dry Dock | Setting up of ISRF | General corporate purposes,chittorgarh,1443.0,chittorgarh
INE285J01028,Security & Intelligence Services (India) Ltd.,MB,SIS,540673.0,2017-07-31,2017-08-02,2017-08-10,815.0,779.58,Bookbuilding,"BSE, NSE",Axis Capital,2017,2006-2019,5.64,1.66,19.51,7.07,nse,,,,,,,,,,,,,,,,,,,,,,,,,,,,,,,,,,,362.0,chittorgarh,417.0,chittorgarh,53.5,chittorgarh,350.81,chittorgarh,875.0,chittorgarh,878.0,chittorgarh,749.0,chittorgarh,756.7,chittorgarh,Repayment and pre-payment of a portion of certain outstanding indebtedness availed by the Company | Funding working capital requirements of the Company | General corporate purposes,chittorgarh,780.0,chittorgarh
INE170V01027,Salasar Techno Engineering Ltd.,MB,SALASAR,540642.0,2017-07-12,2017-07-17,2017-07-25,108.0,35.95,Fixed Price,"BSE, NSE",Sarthi Capital Advisors,2017,2006-2019,,,,,,,,,,,,,,,,,,,,,,,,,,,,,,,,,,,,,,,,36.0,chittorgarh,0.0,chittorgarh,0.0,chittorgarh,,,259.15,chittorgarh,272.1,chittorgarh,250.0,chittorgarh,259.15,chittorgarh,Working Capital Requirement including margin money | General Corporate Purpose | Issue Expenses,chittorgarh,36.0,chittorgarh
INE949L01017,AU Small Finance Bank Ltd.,MB,AUBANK,540611.0,2017-06-28,2017-06-30,2017-07-10,358.0,1912.51,Bookbuilding,"BSE, NSE",Citigroup Global,2017,2006-2019,78.77,143.51,3.52,53.6,nse,,,,,,,,,,,,,,,,,,,,,,,,,,,,,,,,,,,,,1913.0,chittorgarh,100.0,chittorgarh,563.01,chittorgarh,525.0,chittorgarh,545.0,chittorgarh,506.8,chittorgarh,541.2,chittorgarh,,,1913.0,chittorgarh
INE869I01013,GTPL Hathway Ltd.,MB,GTPL,540602.0,2017-06-21,2017-06-23,2017-07-04,170.0,484.8,Bookbuilding,"BSE, NSE",BNP Paribas,2017,2006-2019,1.48,2.85,0.99,1.53,nse,,,,,,,,,,,,,,,,,,,,,,,,,,,,,,,,,,,240.0,chittorgarh,245.0,chittorgarh,50.5,chittorgarh,145.44,chittorgarh,170.0,chittorgarh,174.5,chittorgarh,162.25,chittorgarh,171.65,chittorgarh,"Repayment/pre-payment, in full or part, of certain borrowings availed by the Company | General corporate purposes",chittorgarh,485.0,chittorgarh
INE736A01011,Central Depository Services (India) Ltd.,MB,CDSL,,2017-06-19,2017-06-21,2017-06-30,149.0,523.99,Bookbuilding,NSE,Axis Capital,2017,2006-2019,148.71,563.03,23.83,170.16,nse,,,,,,,,,,,,,,,,,,,,,,,,,,,,,,,,,,,,,524.0,chittorgarh,100.0,chittorgarh,154.07,chittorgarh,250.0,chittorgarh,269.95,chittorgarh,250.0,chittorgarh,261.6,chittorgarh,The company will not receive any proceeds of the Offer and all the proceeds of the Offer will go to the Selling Shareholders in the proportion of the Equity Shares offered by them.,chittorgarh,524.0,chittorgarh
INE406M01024,Eris Lifesciences Ltd.,MB,ERIS,540596.0,2017-06-16,2017-06-20,2017-06-29,603.0,1740.49,Bookbuilding,"BSE, NSE",Axis Capital,2017,2006-2019,4.68,0.45,3.51,3.29,nse,,,,,,,,,,,,,,,,,,,,,,,,,,,,,,,,,,,,,1740.0,chittorgarh,100.0,chittorgarh,779.45,chittorgarh,612.0,chittorgarh,627.7,chittorgarh,592.3,chittorgarh,601.05,chittorgarh,The company will not receive any proceeds from the Offer and all the proceeds will go to the Selling Shareholders.,chittorgarh,1740.0,chittorgarh
INE010J01012,Tejas Networks Ltd.,MB,TEJASNET,540595.0,2017-06-14,2017-06-16,2017-06-27,257.0,776.69,Bookbuilding,"BSE, NSE",Axis Capital,2017,2006-2019,2.16,0.48,3.1,1.88,nse,,,,,,,,,,,,,,,,,,,,,,,,,,,,,,,,,,,450.0,chittorgarh,327.0,chittorgarh,42.1,chittorgarh,349.51,chittorgarh,257.0,chittorgarh,271.0,chittorgarh,257.0,chittorgarh,263.3,chittorgarh,Capital expenditure towards payment of salaries and wages of the research and development team | Working capital requirement | General corporate purposes,chittorgarh,777.0,chittorgarh
INE488V01015,PSP Projects Ltd.,MB,PSPPROJECT,540544.0,2017-05-17,2017-05-19,2017-05-29,210.0,211.68,Bookbuilding,"BSE, NSE",Karvy Investor Services,2017,2006-2019,8.38,10.39,6.47,8.58,nse,,,,,,,,,,,,,,,,,,,,,,,,,,,,,,,,,,,151.0,chittorgarh,60.0,chittorgarh,28.3,chittorgarh,95.26,chittorgarh,199.0,chittorgarh,208.95,chittorgarh,189.05,chittorgarh,208.95,chittorgarh,Funding working capital requirements of the Company | Funding capital expenditure requirements of the Company | General corporate purposes,chittorgarh,212.0,chittorgarh
INE219X23014,IndiGrid Infrastructure Trust InvIT,MB,INDIGRID,540565.0,2017-05-17,2017-05-19,2017-06-06,100.0,2249.96,Bookbuilding,"BSE, NSE",Citigroup Global,2017,2006-2019,,,,1.35,nse,,,,,,,,,,,,,,,,,,,,,,,,,,,,,,,,,,,2250.0,chittorgarh,0.0,chittorgarh,0.0,chittorgarh,,,100.0,chittorgarh,100.0,chittorgarh,94.0,chittorgarh,98.45,chittorgarh,"Providing a loan to BDTCL and JTCL for repayment or pre-payment of debt (including any accrued interest and any applicable penalties) of banks, financial institutions, SGL1, SGL2 and repayment of any other long term and short term liabilities and capital expenditure creditors",chittorgarh,2250.0,chittorgarh
INE031A01017,Housing & Urban Development Corp.Ltd.,MB,HUDCO,540530.0,2017-05-08,2017-05-11,2017-05-19,60.0,1209.78,Bookbuilding,"BSE, NSE",ICICI Securities,2017,2006-2019,55.45,330.36,10.79,79.53,nse,,,,,,,,,,,,,,,,,,,,,,,,,,,,,,,,,,,,,1210.0,chittorgarh,100.0,chittorgarh,,,73.45,chittorgarh,77.8,chittorgarh,70.55,chittorgarh,72.5,chittorgarh,The company will not receive any proceeds from the Offer and all proceeds shall go to the Selling Shareholder.,chittorgarh,1210.0,chittorgarh
INE183W23014,IRB InvIT Fund InvIT,MB,IRBINVIT,540526.0,2017-05-03,2017-05-05,2017-05-18,102.0,5032.88,Bookbuilding,"BSE, NSE",Credit Suisse Securities,2017,2006-2019,,,,8.57,nse,,,,,,,,,,,,,,,,,,,,,,,,,,,,,,,,,,,4745.0,chittorgarh,288.0,chittorgarh,5.7,chittorgarh,,,103.25,chittorgarh,105.0,chittorgarh,99.65,chittorgarh,101.79,chittorgarh,Investment in the Project SPVs by way of an issue of debt | General purposes,chittorgarh,5033.0,chittorgarh
INE807K01035,S.Chand & Co.Ltd.,MB,SCHAND,540497.0,2017-04-26,2017-04-28,2017-05-09,670.0,728.56,Bookbuilding,"BSE, NSE",Axis Bank,2017,2006-2019,44.27,204.65,6.07,59.49,nse,,,,,,,,,,,,,,,,,,,,,,,,,,,,,,,,,,,325.0,chittorgarh,404.0,chittorgarh,55.4,chittorgarh,218.57,chittorgarh,707.0,chittorgarh,707.0,chittorgarh,658.0,chittorgarh,675.85,chittorgarh,"Repayment of loans availed by our Company and one of our Subsidiaries, EPHL, which were utilized towards funding the acquisition of Chhaya | Repayment of loans availed by our Company which was utilized towards funding the acquisition of Chhaya | Repayment of loans availed by Eurasia Publishing House Private Limited, one of our Subsidiaries, which was utilized towards funding the acquisition of Chhaya | Repayment/ prepayment, in full or in part, of certain loans availed of by our Company and certain of our Subsidiaries, VPHPL and NSHPL | Repayment/ prepayment, in full or in part, of certain loans availed of by our Company | Repayment/ prepayment, in full or in part, of certain loans availed of by certain of our Subsidiaries, VPHPL and NSHPL | General corporate purposes",chittorgarh,729.0,chittorgarh
INE274V01019,Shankara Building Products Ltd.,MB,SHANKARA,540425.0,2017-03-22,2017-03-24,2017-04-05,460.0,345.0,Bookbuilding,"BSE, NSE",Equirus Capital,2017,2006-2019,51.62,90.68,15.35,41.88,nse,,,,,,,,,,,,,,,,,,,,,,,,,,,,,,,,,,,45.0,chittorgarh,300.0,chittorgarh,87.0,chittorgarh,103.5,chittorgarh,545.0,chittorgarh,638.0,chittorgarh,545.0,chittorgarh,632.8,chittorgarh,Repayment or pre-payment of loans | General corporate purposes,chittorgarh,345.0,chittorgarh
INE201M01029,CL Educate Ltd.,MB,CLEDUCATE,540403.0,2017-03-20,2017-03-22,2017-03-31,502.0,238.95,Bookbuilding,"BSE, NSE",Kotak Mahindra Capital,2017,2006-2019,3.65,0.21,1.63,1.9,nse,,,,,,,,,,,,,,,,,,,,,,,,,,,,,,,,,,,109.0,chittorgarh,130.0,chittorgarh,54.4,chittorgarh,71.69,chittorgarh,398.0,chittorgarh,417.9,chittorgarh,398.0,chittorgarh,417.9,chittorgarh,"Funding working capital requirements of the Company and the Subsidiaries, GKP and Kestone | Pre-payment of outstanding amount of a debt facility availed of by the Subsidiary, CLIP | Acquisitions and other strategic initiatives | General corporate purposes",chittorgarh,239.0,chittorgarh
INE192R01011,Avenue Supermarts Ltd.,MB,DMART,540376.0,2017-03-08,2017-03-10,2017-03-21,299.0,1870.0,Bookbuilding,"BSE, NSE",Axis Capital,2017,2006-2019,144.62,277.74,7.51,104.59,nse,,,,,,,,,,,,,,,,,,,,,,,,,,,,,,,,,,,1870.0,chittorgarh,0.0,chittorgarh,0.0,chittorgarh,561.0,chittorgarh,604.4,chittorgarh,650.0,chittorgarh,558.75,chittorgarh,640.75,chittorgarh,Repayment or prepayment of a portion of loans and redemption or earlier redemption of NCDs availed by the Company | Construction and purchase of fit outs for new stores | General corporate purposes,chittorgarh,1870.0,chittorgarh
INE919I01024,Music Broadcast Ltd.,MB,RADIOCITY,540366.0,2017-03-06,2017-03-08,2017-03-17,333.0,488.53,Bookbuilding,"BSE, NSE",ICICI Securities,2017,2006-2019,39.78,109.13,9.85,39.67,nse,,,,,,,,,,,,,,,,,,,,,,,,,,,,,,,,,,,400.0,chittorgarh,89.0,chittorgarh,18.2,chittorgarh,146.56,chittorgarh,420.0,chittorgarh,420.0,chittorgarh,368.0,chittorgarh,373.15,chittorgarh,Redemption of the Listed NCDs | Early redemption of the JPL NCDs and repayment/ pre-payment of the JPL ICDs | General corporate purposes,chittorgarh,489.0,chittorgarh
INE118H01025,BSE Ltd.,MB,BSE,,2017-01-23,2017-01-25,2017-02-03,806.0,1243.43,Bookbuilding,NSE,Axis Capital,2017,2006-2019,48.64,159.03,6.48,51.22,nse,,,,,,,,,,,,,,,,,,,,,,,,,,,,,,,,,,,,,1243.0,chittorgarh,100.0,chittorgarh,373.03,chittorgarh,1085.0,chittorgarh,1200.0,chittorgarh,1065.1,chittorgarh,1069.2,chittorgarh,The Exchange will not receive any proceeds of the Offer and all the proceeds of the Offer will go to the Selling Shareholders in the proportion of the Equity Shares offered by them.,chittorgarh,1243.0,chittorgarh
INE216P01012,Aavas Financiers Ltd.,MB,AAVAS,541988.0,2018-09-25,2018-09-27,2018-10-08,821.0,1640.32,Bookbuilding,"BSE, NSE",Citigroup Global,2018,2006-2019,2.77,0.26,0.25,0.97,nse,,,,,,,,,,,,,,,,,,,,,,,,,,,,,,,,,,,360.0,chittorgarh,1280.0,chittorgarh,78.0,chittorgarh,520.22,chittorgarh,758.0,chittorgarh,787.5,chittorgarh,710.0,chittorgarh,773.15,chittorgarh,Increasing the Company’s Tier I capital base to maintain the minimum capital adequacy ratio,chittorgarh,1640.0,chittorgarh
INE382Z01011,Garden Reach Shipbuilders & Engineers Ltd.,MB,GRSE,542011.0,2018-09-24,2018-10-01,2018-10-10,118.0,343.59,Bookbuilding,"BSE, NSE",IDBI Capital,2018,2006-2019,1.81,0.31,0.24,1.02,nse,,,,,,,,,,,,,,,,,,,,,,,,,,,,,,,,,,,,,344.0,chittorgarh,100.0,chittorgarh,,,104.0,chittorgarh,109.5,chittorgarh,95.35,chittorgarh,105.1,chittorgarh,,,344.0,chittorgarh
INE962Y01021,IRCON International Ltd.,MB,IRCON,541956.0,2018-09-17,2018-09-19,2018-09-28,475.0,466.93,Bookbuilding,"BSE, NSE",Axis Capital,2018,2006-2019,12.29,4.92,10.07,9.9,nse,,,,,,,,,,,,,,,,,,,,,,,,,,,,,,,,,,,,,467.0,chittorgarh,100.0,chittorgarh,,,410.3,chittorgarh,464.4,chittorgarh,410.3,chittorgarh,416.65,chittorgarh,,,467.0,chittorgarh
INE741K01010,CreditAccess Grameen Ltd.,MB,CREDITACC,541770.0,2018-08-08,2018-08-10,2018-08-23,422.0,1131.19,Bookbuilding,"BSE, NSE",Credit Suisse Securities,2018,2006-2019,5.52,0.98,0.88,2.22,nse,,,,,,,,,,,,,,,,,,,,,,,,,,,,,,,,,,,630.0,chittorgarh,501.0,chittorgarh,44.3,chittorgarh,339.36,chittorgarh,385.0,chittorgarh,423.3,chittorgarh,385.0,chittorgarh,420.8,chittorgarh,Augmenting its capital base to meet future capital requirements,chittorgarh,1131.0,chittorgarh
INE127D01025,HDFC Asset Management Co.Ltd.,MB,HDFCAMC,541729.0,2018-07-25,2018-07-27,2018-08-06,1100.0,2800.33,Bookbuilding,"BSE, NSE",Axis Capital,2018,2006-2019,192.26,195.15,6.73,83.06,nse,,,,,,,,,,,,,,,,,,,,,,,,,,,,,,,,,,,,,2800.0,chittorgarh,100.0,chittorgarh,731.86,chittorgarh,1739.0,chittorgarh,1842.95,chittorgarh,1730.0,chittorgarh,1815.15,chittorgarh,,,2800.0,chittorgarh
INE778U01029,TCNS Clothing Co.Ltd.,MB,TCNSBRANDS,541700.0,2018-07-18,2018-07-20,2018-07-30,716.0,1125.13,Bookbuilding,"BSE, NSE",Citigroup Global,2018,2006-2019,,,,,,,,,,,,,,,,,,,,,,,,,,,,,,,,,,,,,,,,,,1125.0,chittorgarh,100.0,chittorgarh,337.54,chittorgarh,715.0,chittorgarh,724.5,chittorgarh,626.6,chittorgarh,657.8,chittorgarh,,,1125.0,chittorgarh
INE665L01035,Varroc Engineering Ltd.,MB,VARROC,541578.0,2018-06-26,2018-06-28,2018-07-06,967.0,1955.18,Bookbuilding,"BSE, NSE",Citigroup Global,2018,2006-2019,9.16,2.45,0.95,3.59,nse,,,,,,,,,,,,,,,,,,,,,,,,,,,,,,,,,,,,,1955.0,chittorgarh,100.0,chittorgarh,583.73,chittorgarh,1032.0,chittorgarh,1062.0,chittorgarh,1000.0,chittorgarh,1040.55,chittorgarh,,,1955.0,chittorgarh
INE320J01015,RITES Ltd.,MB,RITES,541556.0,2018-06-20,2018-06-22,2018-07-02,185.0,460.51,Bookbuilding,"BSE, NSE",Elara Capital,2018,2006-2019,71.72,194.56,15.74,67.24,nse,,,,,,,,,,,,,,,,,,,,,,,,,,,,,,,,,,,,,461.0,chittorgarh,100.0,chittorgarh,,,190.0,chittorgarh,224.4,chittorgarh,190.0,chittorgarh,212.7,chittorgarh,,,461.0,chittorgarh
INE686Y01026,Fine Organic Industries Ltd.,MB,FINEORG,541557.0,2018-06-20,2018-06-22,2018-07-02,783.0,600.17,Bookbuilding,"BSE, NSE",Edelweiss Financial,2018,2006-2019,12.86,21.01,1.62,8.99,nse,,,,,,,,,,,,,,,,,,,,,,,,,,,,,,,,,,,,,600.0,chittorgarh,100.0,chittorgarh,180.05,chittorgarh,815.0,chittorgarh,834.0,chittorgarh,787.0,chittorgarh,822.8,chittorgarh,,,600.0,chittorgarh
INE896L01010,IndoStar Capital Finance Ltd.,MB,INDOSTAR,541336.0,2018-05-09,2018-05-11,2018-05-21,572.0,1844.0,Bookbuilding,"BSE, NSE",JM Financial,2018,2006-2019,16.08,6.91,1.48,6.8,nse,,,,,,,,,,,,,,,,,,,,,,,,,,,,,,,,,,,700.0,chittorgarh,1144.0,chittorgarh,62.0,chittorgarh,553.2,chittorgarh,600.0,chittorgarh,606.3,chittorgarh,578.5,chittorgarh,585.5,chittorgarh,To augment capital base to meet future capital requirements | Offer related expenses | Total,chittorgarh,1844.0,chittorgarh
INE970X01018,Lemon Tree Hotels Ltd.,MB,LEMONTREE,541233.0,2018-03-26,2018-03-28,2018-04-09,56.0,1038.68,Bookbuilding,"BSE, NSE",CLSA,2018,2006-2019,3.89,0.12,0.12,1.19,nse,,,,,,,,,,,,,,,,,,,,,,,,,,,,,,,,,,,,,1039.0,chittorgarh,100.0,chittorgarh,311.61,chittorgarh,61.6,chittorgarh,73.9,chittorgarh,57.3,chittorgarh,71.6,chittorgarh,,,1039.0,chittorgarh
INE763G01038,ICICI Securities Ltd.,MB,ISEC,541179.0,2018-03-22,2018-03-26,2018-04-04,520.0,3480.12,Bookbuilding,"BSE, NSE",BOFA Securities,2018,2006-2019,1.04,0.36,0.88,0.78,nse,,,,,,,,,,,,,,,,,,,,,,,,,,,,,,,,,,,,,3480.0,chittorgarh,100.0,chittorgarh,1717.26,chittorgarh,431.1,chittorgarh,462.7,chittorgarh,431.1,chittorgarh,445.05,chittorgarh,,,3480.0,chittorgarh
INE099Z01011,Mishra Dhatu Nigam Ltd.,MB,MIDHANI,541195.0,2018-03-21,2018-03-23,2018-04-04,90.0,435.02,Bookbuilding,"BSE, NSE",IDBI Capital,2018,2006-2019,1.96,0.12,0.72,1.21,nse,,,,,,,,,,,,,,,,,,,,,,,,,,,,,,,,,,,,,435.0,chittorgarh,100.0,chittorgarh,,,87.0,chittorgarh,90.9,chittorgarh,86.35,chittorgarh,90.0,chittorgarh,,,435.0,chittorgarh
INE278H01035,Sandhar Technologies Ltd.,MB,SANDHAR,541163.0,2018-03-19,2018-03-21,2018-04-02,332.0,512.48,Bookbuilding,"BSE, NSE",Axis Capital,2018,2006-2019,14.49,6.39,1.42,6.19,nse,,,,,,,,,,,,,,,,,,,,,,,,,,,,,,,,,,,300.0,chittorgarh,212.0,chittorgarh,41.4,chittorgarh,,,345.0,chittorgarh,351.45,chittorgarh,318.55,chittorgarh,322.55,chittorgarh,Repayment or prepayment in full or in part of certain loans availed by the Company | General corporate purposes,chittorgarh,512.0,chittorgarh
INE278R01034,Karda Constructions Ltd.,MB,DHARAN,541161.0,2018-03-16,2018-03-21,2018-04-02,180.0,77.4,Bookbuilding,"BSE, NSE",Aryaman Financial,2018,2006-2019,,,,,,,,,,,,,,,,,,,,,,,,,,,,,,,,,,,,,,,,41.0,chittorgarh,36.0,chittorgarh,46.8,chittorgarh,,,136.0,chittorgarh,142.8,chittorgarh,136.0,chittorgarh,142.8,chittorgarh,Part repayment of the overdraft facilities | Part repayment of the term loans | General corporate purpose,chittorgarh,77.0,chittorgarh
INE066F01020,Hindustan Aeronautics Ltd.,MB,HAL,541154.0,2018-03-16,2018-03-20,2018-03-28,1215.0,4063.31,Bookbuilding,"BSE, NSE",Axis Capital,2018,2006-2019,1.73,0.03,0.39,0.99,nse,,,,,,,,,,,,,,,,,,,,,,,,,,,,,,,,,,,,,4063.0,chittorgarh,100.0,chittorgarh,,,1169.0,chittorgarh,1184.0,chittorgarh,1117.6,chittorgarh,1128.35,chittorgarh,,,4063.0,chittorgarh
INE545U01014,Bandhan Bank Ltd.,MB,BANDHANBNK,541153.0,2018-03-15,2018-03-19,2018-03-27,375.0,4473.02,Bookbuilding,"BSE, NSE",Axis Bank,2018,2006-2019,38.67,13.89,1.2,14.63,nse,,,,,,,,,,,,,,,,,,,,,,,,,,,,,,,,,,,3662.0,chittorgarh,811.0,chittorgarh,18.1,chittorgarh,1341.91,chittorgarh,485.0,chittorgarh,498.4,chittorgarh,455.0,chittorgarh,477.2,chittorgarh,For augmentation of the Banks Tier-I capital base | Total,chittorgarh,4473.0,chittorgarh
INE171Z01026,Bharat Dynamics Ltd.,MB,BDL,541143.0,2018-03-13,2018-03-15,2018-03-23,428.0,952.25,Bookbuilding,"BSE, NSE",IDBI Capital,2018,2006-2019,1.5,0.5,1.41,1.3,nse,,,,,,,,,,,,,,,,,,,,,,,,,,,,,,,,,,,,,952.0,chittorgarh,100.0,chittorgarh,,,360.0,chittorgarh,402.8,chittorgarh,360.0,chittorgarh,390.7,chittorgarh,,,952.0,chittorgarh
INE926X01010,H.G.Infra Engineering Ltd.,MB,HGINFRA,541019.0,2018-02-26,2018-02-28,2018-03-09,270.0,462.0,Bookbuilding,"BSE, NSE",HDFC Bank,2018,2006-2019,0.0,0.07,0.84,0.44,nse,,,,,,,,,,,,,,,,,,,,,,,,,,,,,,,,,,,300.0,chittorgarh,162.0,chittorgarh,35.1,chittorgarh,138.6,chittorgarh,270.0,chittorgarh,276.0,chittorgarh,252.6,chittorgarh,270.05,chittorgarh,Purchasing capital equipment | Repayment/ prepayment of certain indebtedness | General corporate purposes,chittorgarh,462.0,chittorgarh
INE914M01019,Aster DM Healthcare Ltd.,MB,ASTERDM,540975.0,2018-02-12,2018-02-15,2018-02-26,190.0,980.14,Bookbuilding,"BSE, NSE",Axis Bank,2018,2006-2019,2.1,0.55,1.18,1.31,nse,,,,,,,,,,,,,,,,,,,,,,,,,,,,,,,,,,,725.0,chittorgarh,255.0,chittorgarh,26.0,chittorgarh,294.04,chittorgarh,182.1,chittorgarh,187.8,chittorgarh,176.45,chittorgarh,179.85,chittorgarh,Repayment and/or pre-payment of debt | Purchase of medical equipment | General corporate purposes,chittorgarh,980.0,chittorgarh
INE600K01018,Galaxy Surfactants Ltd.,MB,GALAXYSURF,540935.0,2018-01-29,2018-01-31,2018-02-08,1480.0,937.09,Bookbuilding,"BSE, NSE",Edelweiss Financial,2018,2006-2019,,,,,,,,,,,,,,,,,,,,,,,,,,,,,,,,,,,,,,,,,,937.0,chittorgarh,100.0,chittorgarh,281.13,chittorgarh,1520.0,chittorgarh,1732.0,chittorgarh,1520.0,chittorgarh,1698.1,chittorgarh,,,937.0,chittorgarh
INE371P01015,Amber Enterprises India Ltd.,MB,AMBER,540902.0,2018-01-17,2018-01-19,2018-01-30,859.0,599.6,Bookbuilding,"BSE, NSE",BNP Paribas,2018,2006-2019,174.99,519.26,11.65,165.42,nse,,,,,,,,,,,,,,,,,,,,,,,,,,,,,,,,,,,475.0,chittorgarh,125.0,chittorgarh,20.8,chittorgarh,178.71,chittorgarh,1180.0,chittorgarh,1263.0,chittorgarh,1114.1,chittorgarh,1237.25,chittorgarh,Prepayment or repayment of all or a portion of certain borrowings availed by the Company | General corporate purposes,chittorgarh,600.0,chittorgarh
INE619B01017,Newgen Software Technologies Ltd.,MB,NEWGEN,540900.0,2018-01-16,2018-01-18,2018-01-29,245.0,424.62,Bookbuilding,"BSE, NSE",ICICI Securities,2018,2006-2019,15.62,5.52,5.18,8.25,nse,,,,,,,,,,,,,,,,,,,,,,,,,,,,,,,,,,,95.0,chittorgarh,330.0,chittorgarh,77.6,chittorgarh,127.39,chittorgarh,253.0,chittorgarh,266.5,chittorgarh,245.95,chittorgarh,253.0,chittorgarh,"Purchase and furnishing of office premises near NoidaGreater Noida Expressway, Uttar Pradesh | General corporate purposes",chittorgarh,425.0,chittorgarh
INE713T01028,Apollo Micro Systems Ltd.,MB,APOLLO,540879.0,2018-01-10,2018-01-12,2018-01-22,275.0,156.0,Bookbuilding,"BSE, NSE",Aryaman Financial,2018,2006-2019,101.93,958.07,40.19,248.51,nse,,,,,,,,,,,,,,,,,,,,,,,,,,,,,,,,,,,156.0,chittorgarh,0.0,chittorgarh,0.0,chittorgarh,46.64,chittorgarh,478.0,chittorgarh,479.95,chittorgarh,454.1,chittorgarh,454.1,chittorgarh,Funding working capital requirements | General corporate purposes | Total,chittorgarh,156.0,chittorgarh
INE689W01016,Prince Pipes & Fittings Ltd.,MB,PRINCEPIPE,542907.0,2019-12-18,2019-12-20,2019-12-30,178.0,500.0,Bookbuilding,"BSE, NSE",Edelweiss Financial,2019,2006-2019,3.54,1.21,1.89,2.21,nse,,,,,,,,,,,,,,,,,,,,,,,,,,,,,,,,,,,250.0,chittorgarh,250.0,chittorgarh,50.0,chittorgarh,150.0,chittorgarh,160.0,chittorgarh,177.95,chittorgarh,152.6,chittorgarh,166.6,chittorgarh,"Repayment or prepayment, in full or part, of certain outstanding loans   of   our Company | Financing  the project     cost towards establishment of a new manufacturing facility | Upgradation of  equipment atour manufacturing facilities | General corporate purposes",chittorgarh,500.0,chittorgarh
INE551W01018,Ujjivan Small Finance Bank Ltd.,MB,UJJIVANSFB,542904.0,2019-12-02,2019-12-04,2019-12-12,37.0,745.95,Bookbuilding,"BSE, NSE",IIFL Capital,2019,2006-2019,110.72,473.0,49.09,165.68,nse,,,,,,,,,,,,,,,,,,,,,,,,,,,,,,,,,,,746.0,chittorgarh,0.0,chittorgarh,0.0,chittorgarh,303.75,chittorgarh,58.0,chittorgarh,62.8,chittorgarh,53.1,chittorgarh,55.9,chittorgarh,"To augment Banks Tier-1 capital base to meet Banks future capital requirements such as organic growth and expansion and to comply with regulatory requirements for enhanced capital base, | Total",chittorgarh,746.0,chittorgarh
INE679A01013,CSB Bank Ltd.,MB,CSBBANK,542867.0,2019-11-22,2019-11-26,2019-12-04,195.0,409.68,Bookbuilding,"BSE, NSE",Axis Capital,2019,2006-2019,62.18,164.68,44.53,86.93,nse,,,,,,,,,,,,,,,,,,,,,,,,,,,,,,,,,,,24.0,chittorgarh,386.0,chittorgarh,94.1,chittorgarh,184.35,chittorgarh,275.0,chittorgarh,307.0,chittorgarh,275.0,chittorgarh,300.1,chittorgarh,,,410.0,chittorgarh
INE430N01022,Vishwaraj Sugar Industries Ltd.,MB,VISHWARAJ,542852.0,2019-09-30,2019-10-04,2019-10-15,60.0,60.0,Bookbuilding,"BSE, NSE",Aryaman Financial,2019,2006-2019,1.0,1.76,0.64,1.12,nse,,,,,,,,,,,,,,,,,,,,,,,,,,,,,,,,,,,18.0,chittorgarh,42.0,chittorgarh,70.0,chittorgarh,,,61.2,chittorgarh,61.2,chittorgarh,60.25,chittorgarh,60.35,chittorgarh,Funding Working Capital Requirement | General Corporate Purpose | Total,chittorgarh,60.0,chittorgarh
INE335Y01020,Indian Railway Catering & Tourism Corp.Ltd.,MB,IRCTC,542830.0,2019-09-30,2019-10-03,2019-10-14,320.0,637.97,Bookbuilding,"BSE, NSE",IDBI Capital,2019,2006-2019,108.79,354.52,14.94,111.95,nse,,,,,,,,,,,,,,,,,,,,,,,,,,,,,,,,,,,,,638.0,chittorgarh,100.0,chittorgarh,,,644.0,chittorgarh,743.8,chittorgarh,625.0,chittorgarh,728.6,chittorgarh,,,638.0,chittorgarh
INE00M201021,Sterling & Wilson Solar Ltd.,MB,SWSOLAR,542760.0,2019-08-06,2019-08-08,2019-08-20,780.0,2849.64,Bookbuilding,"BSE, NSE",Axis Capital,2019,2006-2019,,,,,,,,,,,,,,,,,,,,,,,,,,,,,,,,,,,,,,,,,,2850.0,chittorgarh,100.0,chittorgarh,1406.25,chittorgarh,700.0,chittorgarh,755.5,chittorgarh,691.0,chittorgarh,725.35,chittorgarh,,,2850.0,chittorgarh
INE572J01011,Spandana Sphoorty Financial Ltd.,MB,SPANDANA,542759.0,2019-08-05,2019-08-07,2019-08-19,856.0,1189.85,Bookbuilding,"BSE, NSE",Axis Capital,2019,2006-2019,3.11,0.55,0.09,1.05,nse,,,,,,,,,,,,,,,,,,,,,,,,,,,,,,,,,,,389.0,chittorgarh,801.0,chittorgarh,67.3,chittorgarh,360.28,chittorgarh,824.0,chittorgarh,865.0,chittorgarh,690.0,chittorgarh,848.4,chittorgarh,,,1190.0,chittorgarh
INE00WC01027,Affle (India) Ltd.,MB,AFFLE,542752.0,2019-07-29,2019-07-31,2019-08-08,745.0,459.0,Bookbuilding,"BSE, NSE",ICICI Securities,2019,2006-2019,55.31,198.69,10.96,86.49,nse,,,,,,,,,,,,,,,,,,,,,,,,,,,,,,,,,,,90.0,chittorgarh,369.0,chittorgarh,80.4,chittorgarh,206.55,chittorgarh,929.9,chittorgarh,958.3,chittorgarh,751.05,chittorgarh,875.1,chittorgarh,Funding the working capital requirements of the Company | General corporate purposes,chittorgarh,459.0,chittorgarh
INE933S01016,IndiaMART InterMESH Ltd.,MB,INDIAMART,542726.0,2019-06-24,2019-06-26,2019-07-04,973.0,475.49,Bookbuilding,"BSE, NSE",Edelweiss Financial,2019,2006-2019,,,,,,,,,,,,,,,,,,,,,,,,,,,,,,,,,,,,,,,,,,475.0,chittorgarh,100.0,chittorgarh,213.58,chittorgarh,1180.0,chittorgarh,1339.0,chittorgarh,1180.0,chittorgarh,1302.55,chittorgarh,,,475.0,chittorgarh
INE136S01016,Neogen Chemicals Ltd.,MB,NEOGEN,542665.0,2019-04-24,2019-04-26,2019-05-08,215.0,132.35,Bookbuilding,"BSE, NSE",Batlivala & Karani,2019,2006-2019,30.49,113.88,16.06,41.18,nse,,,,,,,,,,,,,,,,,,,,,,,,,,,,,,,,,,,70.0,chittorgarh,62.0,chittorgarh,47.0,chittorgarh,39.7,chittorgarh,251.0,chittorgarh,263.55,chittorgarh,250.1,chittorgarh,263.55,chittorgarh,Prepayment or repayment of all or a portion of certain borrowings availed by the Company | Redemption of 9.8% FRCPS | Long term working capital | General corporate purposes,chittorgarh,132.0,chittorgarh
INE455K01017,Polycab India Ltd.,MB,POLYCAB,542652.0,2019-04-05,2019-04-09,2019-04-16,538.0,1345.26,Bookbuilding,"BSE, NSE",Axis Capital,2019,2006-2019,92.44,110.42,4.65,51.96,nse,,,,,,,,,,,,,,,,,,,,,,,,,,,,,,,,,,,400.0,chittorgarh,945.0,chittorgarh,70.3,chittorgarh,401.03,chittorgarh,633.0,chittorgarh,667.55,chittorgarh,633.0,chittorgarh,655.0,chittorgarh,Scheduled repayment of all or a portion of certain borrowings availed by the Company | To fund incremental working capital requirements of the Company | General corporate purposes,chittorgarh,1345.0,chittorgarh
INE112L01020,Metropolis Healthcare Ltd.,MB,METROPOLIS,542650.0,2019-04-03,2019-04-05,2019-04-15,880.0,1204.29,Bookbuilding,"BSE, NSE",Credit Suisse Securities,2019,2006-2019,,,,,,,,,,,,,,,,,,,,,,,,,,,,,,,,,,,,,,,,,,1204.0,chittorgarh,100.0,chittorgarh,530.05,chittorgarh,960.0,chittorgarh,981.3,chittorgarh,934.8,chittorgarh,959.55,chittorgarh,,,1204.0,chittorgarh
INE415G01027,Rail Vikas Nigam Ltd.,MB,RVNL,542649.0,2019-03-29,2019-04-03,2019-04-11,19.0,476.86,Bookbuilding,"BSE, NSE",Elara Capital,2019,2006-2019,1.36,0.8,2.93,1.83,nse,,,,,,,,,,,,,,,,,,,,,,,,,,,,,,,,,,,,,477.0,chittorgarh,100.0,chittorgarh,,,19.0,chittorgarh,19.75,chittorgarh,18.6,chittorgarh,19.05,chittorgarh,,,477.0,chittorgarh
INE041025011,Embassy Office Parks REIT,MB,EMBASSY,542602.0,2019-03-18,2019-03-20,2019-04-01,300.0,4750.0,Bookbuilding,"BSE, NSE",Axis Capital,2019,2006-2019,,,,2.57,nse,,,,,,,,,,,,,,,,,,,,,,,,,,,,,,,,,,,4750.0,chittorgarh,0.0,chittorgarh,0.0,chittorgarh,,,300.0,chittorgarh,324.5,chittorgarh,300.0,chittorgarh,314.1,chittorgarh,Partial or full repayment or pre-payment of bank/ financial institution debt of certain Asset SPVs and the Investment Entity | Payment of consideration for acquisition of the Embassy One Assets which were held by EODPL | General Corporate Purpose,chittorgarh,4750.0,chittorgarh
INE255X01014,MSTC Ltd.,MB,MSTCLTD,542597.0,2019-03-13,2019-03-20,2019-03-29,120.0,211.04,Bookbuilding,"BSE, NSE",Equirus Capital,2019,2006-2019,,,,,,,,,,,,,,,,,,,,,,,,,,,,,,,,,,,,,,,,,,211.0,chittorgarh,100.0,chittorgarh,,,111.0,chittorgarh,116.55,chittorgarh,110.05,chittorgarh,114.2,chittorgarh,,,211.0,chittorgarh
INE427F01016,Chalet Hotels Ltd.,MB,CHALET,542399.0,2019-01-29,2019-01-31,2019-02-07,280.0,1641.18,Bookbuilding,"BSE, NSE",Axis Capital,2019,2006-2019,4.66,1.1,0.03,1.57,nse,,,,,,,,,,,,,,,,,,,,,,,,,,,,,,,,,,,950.0,chittorgarh,691.0,chittorgarh,42.1,chittorgarh,492.35,chittorgarh,291.0,chittorgarh,295.3,chittorgarh,250.15,chittorgarh,290.4,chittorgarh,Repayment/prepayment of certain indebtedness | General corporate purposes.,chittorgarh,1641.0,chittorgarh
INE01P501012,Xelpmoc Design & Tech Ltd.,MB,XELPMOC,542367.0,2019-01-23,2019-01-25,2019-02-04,66.0,23.0,Bookbuilding,"BSE, NSE",ITI Capital,2019,2006-2019,1.24,7.69,2.64,3.25,nse,,,,,,,,,,,,,,,,,,,,,,,,,,,,,,,,,,,23.0,chittorgarh,0.0,chittorgarh,0.0,chittorgarh,10.35,chittorgarh,57.0,chittorgarh,59.85,chittorgarh,55.15,chittorgarh,59.85,chittorgarh,Purchase of IT hardware and network equipment’s for development centers in Kolkata and Hyderabad | Purchase of fit outs for new development centers in Kolkata and Hyderabad | Funding working capital requirements of the Company | General corporate purposes,chittorgarh,23.0,chittorgarh
