isin,company_name,type,nse_symbol,bse_script_code,open_date,close_date,listing_date,issue_price,issue_amount_cr,pricing_method,listing_at,lead_manager,year,cohort,net_sales_yr1,net_sales_yr2,net_sales_yr3,operating_profit_yr1,operating_profit_yr2,operating_profit_yr3,pat_yr1,pat_yr2,pat_yr3,eps_yr1,eps_yr2,eps_yr3,borrowings_yr1,borrowings_yr2,borrowings_yr3,total_assets_yr1,total_assets_yr2,total_assets_yr3,operating_cf_yr1,operating_cf_yr2,operating_cf_yr3,shareholder_funds_yr1,shareholder_funds_yr2,shareholder_funds_yr3,pre_ipo_net_sales,pre_ipo_pat,pre_ipo_pat_margin_pct,pre_ipo_roe_pct,pre_ipo_debt_equity,pre_ipo_fin_year,pre_ipo_years_available,pat_yr3_src,market_maker,market_maker_src,fresh_issue_cr,fresh_issue_cr_src,ofs_cr,ofs_cr_src,ofs_pct,ofs_pct_src,anchor_allocation_cr,anchor_allocation_cr_src,listing_open,listing_open_src,listing_high,listing_high_src,listing_low,listing_low_src,listing_close,listing_close_src,objects_of_issue,objects_of_issue_src,issue_size_cr,issue_size_cr_src
INE178O01025,Eco Friendly Food Processing Park Ltd.,SME,,534839,2012-12-27,2012-12-31,2013-01-14,25.00,7.56,Fixed Price,BSE SME,Oneview Corporate,2012,2006-2019,,,,,,,,,,,,,,,,,,,,,,,,,,,,,,,,,Guiness Securities Ltd.,chittorgarh,6,chittorgarh,2.00,chittorgarh,25.0,chittorgarh,,,24.50,chittorgarh,26.00,chittorgarh,24.15,chittorgarh,25.55,chittorgarh,Development of Farm land for transition to Organic Farming | Construction of storage sheds | Solar Fencing | Brand Building and General Corporate purposes | Total,chittorgarh,8,chittorgarh
INE918N01018,Veto Switchgears & Cables Ltd.,SME,VETO,539331,2012-12-03,2012-12-05,2012-02-13,50.00,25.01,Bookbuilding,NSE SME,Indian Overseas Bank,2012,2006-2019,,,,,,,,,,,,,,,,,,,,,,,,,,,,,,,,,Keynote Capitals Ltd.,chittorgarh,21,chittorgarh,4.00,chittorgarh,16.0,chittorgarh,,,145.00,chittorgarh,148.10,chittorgarh,144.00,chittorgarh,145.45,chittorgarh,"Modernisation of existing facility at Hardwar, Uttarakhand | Incremental long-term working capital requirement | Enhancement  of  our  Company’s  brand  through  advertising  and  other  brand-building activities | General Corporate Purposes | Total",chittorgarh,25,chittorgarh
INE830N01015,Bronze infra-tech Ltd.,SME,,534731,2012-10-19,2012-10-23,2012-11-07,15.00,8.68,Fixed Price,BSE SME,Inventure Merchant Banker,2012,2006-2019,,,,,,,,,,,,,,,,,,,,,,,,,,,,,,,,,Gretex Share Broking Pvt.Ltd.,chittorgarh,7,chittorgarh,2.00,chittorgarh,22.2,chittorgarh,,,16.70,chittorgarh,17.10,chittorgarh,16.00,chittorgarh,16.30,chittorgarh,To  meet  expenses  of  construction  and  development  of  certain  of  our  Ongoing  and  Forthcoming Projects | To Meet the Issue Expenses,chittorgarh,9,chittorgarh
INE892L01019,RCL Retail Ltd.,SME,,534708,2012-09-27,2012-10-01,2012-10-16,10.00,5.80,Fixed Price,BSE SME,Oneview Corporate,2012,2006-2019,,,,,,,,,,,,,,,,,,,,,,,,,,,,,,,,,Guiness Securities Ltd.,chittorgarh,3,chittorgarh,3.00,chittorgarh,50.0,chittorgarh,,,10.10,chittorgarh,10.45,chittorgarh,10.10,chittorgarh,10.45,chittorgarh,Setting up of eight (8) new retail stores | Setting up a food grain processing unit | Strengthen supply chain management | General Corporate Purposes | Total,chittorgarh,6,chittorgarh
INE636N01016,Anshu's Clothing Ltd.,SME,,534707,2012-09-26,2012-09-28,2012-10-12,27.00,5.05,Fixed Price,BSE SME,First Call India,2012,2006-2019,,,,,,,,,,,,,,,,,,,,,,,,,,,,,,,,,Oswal Shares & Securities Ltd.,chittorgarh,4,chittorgarh,1.00,chittorgarh,20.0,chittorgarh,,,26.85,chittorgarh,28.15,chittorgarh,26.85,chittorgarh,27.15,chittorgarh,To make advances of long term nature for long term supplies of inputs required in our business operations | To meet Issue Expenses,chittorgarh,5,chittorgarh
INE456N01019,Comfort Commotrade Ltd.,SME,,534691,2012-09-05,2012-09-10,2012-09-24,10.00,6.00,Fixed Price,BSE SME,VC Corporate,2012,2006-2019,,,,,,,,,,,,,,,,,,,,,,,,,,,,,,,,,Narayan Securities Ltd.,chittorgarh,5,chittorgarh,1.00,chittorgarh,16.7,chittorgarh,,,10.30,chittorgarh,10.80,chittorgarh,10.10,chittorgarh,10.80,chittorgarh,Expanding our business operations | Enhancement of margin money maintained with the exchanges | General corporate purpose | Total,chittorgarh,6,chittorgarh
INE121N01019,Thejo Engineering Ltd.,SME,THEJO,,2012-09-04,2012-09-06,2012-09-18,402.00,19.01,Bookbuilding,NSE SME,IDBI Capital,2012,2006-2019,,,,,,,,,,,,,,,,,,,,,,,,,,,,,,,,,IDBI Capital Markets & Securities Ltd.,chittorgarh,19,chittorgarh,0.00,chittorgarh,0.0,chittorgarh,,,403.00,chittorgarh,403.00,chittorgarh,403.00,chittorgarh,403.00,chittorgarh,"Setting  up  a  poly-urethane unit at Chennai | Expansion   of   existing   facility (Unit I) at Chenna | Setting up R&D Unit at Chennai | Setting   up   a   Lining   Plant at Chennai | Investment    in   our    Australian Subsidiary,  Thejo  Australia  Pty Limited. | General corporate purposes",chittorgarh,19,chittorgarh
INE559N01010,SRG Housing Finance Ltd.,SME,SRGHFL,534680,2012-08-22,2012-08-28,2012-09-11,20.00,7.01,Fixed Price,BSE SME,Aryaman Financial,2012,2006-2019,,,,,,,,,,,,,,,,,,,,,,,,,,,,,,,,,ISJ Securities Pvt.Ltd.,chittorgarh,5,chittorgarh,2.00,chittorgarh,28.6,chittorgarh,,,20.30,chittorgarh,20.35,chittorgarh,20.30,chittorgarh,20.30,chittorgarh,To augment the capital base and provide for the fund requirements for increasing the operational scale with respect to the disbursement of housing and related loans activities. | Total,chittorgarh,7,chittorgarh
INE131N01018,Jointeca Education Solutions Ltd.,SME,,534659,2012-08-16,2012-08-21,2012-09-04,15.00,5.38,Fixed Price,BSE SME,Ajcon Global,2012,2006-2019,,,,,,,,,,,,,,,,,,,,,,,,,,,,,,,,,Ajcon Global Services Ltd.,chittorgarh,5,chittorgarh,0.00,chittorgarh,0.0,chittorgarh,,,15.20,chittorgarh,15.25,chittorgarh,15.00,chittorgarh,15.00,chittorgarh,"To expand our product Guruseva (Educational  ERP Solution) under BOOT Model  through  Cloud  Computing  solutions,  to  establish  and  expand  infrastructure  for  B2B  Educational  Portal  www.shiklo.in,  to  meet  the  promotion and branding expenses for setting up robust sales network for our products | Total",chittorgarh,5,chittorgarh
INE524N01014,Jupiter Infomedia Ltd.,SME,,534623,2012-07-30,2012-08-01,2012-08-16,20.00,4.08,Fixed Price,BSE SME,Aryaman Financial,2012,2006-2019,,,,,,,,,,,,,,,,,,,,,,,,,,,,,,,,,BCB Brokerage Pvt.Ltd.,chittorgarh,3,chittorgarh,1.00,chittorgarh,25.0,chittorgarh,,,22.00,chittorgarh,22.10,chittorgarh,21.10,chittorgarh,22.05,chittorgarh,"Purchase and set-up of additional office space in Mumbai and Kolkata | Renting offices in Ahmedabad, Chennai and Delhi | Initial Operating Expenses for theMarketing/Branch Office (first three months) | Total",chittorgarh,4,chittorgarh
INE299N01021,Sangam Advisors Ltd.,SME,WAAREERTL,534618,2012-07-24,2012-07-26,2012-08-09,22.00,5.10,Fixed Price,BSE SME,Aryaman Financial,2012,2006-2019,,,,,,,,,,,,,,,,,,,,,,,,,,,,,,,,,K.M.Jain Stock Brokers Pvt.Ltd.,chittorgarh,4,chittorgarh,1.00,chittorgarh,20.0,chittorgarh,,,23.05,chittorgarh,23.05,chittorgarh,22.00,chittorgarh,22.10,chittorgarh,Investments in listed / unlisted securities and financial products | Issue expenses | General Corporate Expenses,chittorgarh,5,chittorgarh
INE253N01010,Max Alert Systems Ltd.,SME,,534563,2012-06-28,2012-07-02,2012-07-13,20.00,8.00,Fixed Price,BSE SME,Comfort Securities,2012,2006-2019,,,,,,,,,,,,,,,,,,,,,,,,,,,,,,,,,Comfort Securities Ltd.,chittorgarh,7,chittorgarh,1.00,chittorgarh,12.5,chittorgarh,,,51.50,chittorgarh,51.50,chittorgarh,49.25,chittorgarh,49.25,chittorgarh,Setting up Crushing Plant | Issue Expenses | Total,chittorgarh,8,chittorgarh
INE204N01013,Monarch Health Services Ltd.,SME,,534422,2012-05-12,2012-05-16,2012-05-30,40.00,12.00,Fixed Price,BSE SME,Monarch Networth Capital,2012,2006-2019,,,,,,,,,,,,,,,,,,,,,,,,,,,,,,,,,,,6,chittorgarh,6.00,chittorgarh,50.0,chittorgarh,,,42.00,chittorgarh,42.00,chittorgarh,40.10,chittorgarh,40.10,chittorgarh,Advance Deposit of lease rentals for leasehold premises | Infrastructure | Medical Equipment | Computers & Air conditioners | Working Capital requirement | Total,chittorgarh,12,chittorgarh
INE883L01018,BCB Finance Ltd.,SME,,534109,2012-02-23,2012-02-27,2012-03-13,25.00,8.85,Fixed Price,BSE SME,Aryaman Financial,2012,2006-2019,,,,,,,,,,,,,,,,,,,,,,,,,,,,,,,,,IKAB Securities & Investment Ltd.,chittorgarh,7,chittorgarh,2.00,chittorgarh,22.2,chittorgarh,,,27.00,chittorgarh,27.00,chittorgarh,25.70,chittorgarh,25.70,chittorgarh,To augment the capital base and provide for the fund requirements for increasing the operational scale with respect to the NBFC activities | To Meet General Corporate Expenses | Total,chittorgarh,9,chittorgarh
INE442P01014,Suyog Telematics Ltd.,SME,SUYOG,537259,2013-12-30,2014-01-07,2014-01-22,25.00,4.53,Fixed Price,BSE SME,Aryaman Financial,2013,2006-2019,,,,,,,,,,,,,,,,,,,,,,,,,,,,,,,,,Aryaman Capital Markets Ltd.,chittorgarh,4,chittorgarh,1.00,chittorgarh,20.0,chittorgarh,,,25.20,chittorgarh,25.25,chittorgarh,24.90,chittorgarh,25.25,chittorgarh,Installation of 10 new Roof Top Towers | Installation of 100 new Ground Based Poles | Upgradation and replacement of existing Towers and Poles | Issue related Expenses,chittorgarh,5,chittorgarh
INE140B01048,RCI Industries & Technologies Ltd.,SME,,537254,2013-12-30,2014-01-06,2014-01-21,40.00,11.52,Fixed Price,BSE SME,Sarthi Capital Advisors,2013,2006-2019,,,,,,,,,,,,,,,,,,,,,,,,,,,,,,,,,Choice Equity Broking Pvt.Ltd.,chittorgarh,11,chittorgarh,1.00,chittorgarh,8.3,chittorgarh,,,41.00,chittorgarh,41.00,chittorgarh,38.05,chittorgarh,38.05,chittorgarh,Working Capital Requirement | General Corporate Purposes | Issue Expenses,chittorgarh,12,chittorgarh
INE486P01011,Tentiwal Wire Products Ltd.,SME,,537119,2013-12-11,2013-12-16,2013-12-31,13.00,2.12,Fixed Price,BSE SME,Hem Securities,2013,2006-2019,,,,,,,,,,,,,,,,,,,,,,,,,,,,,,,,,Hem Securities Ltd.,chittorgarh,2,chittorgarh,0.00,chittorgarh,0.0,chittorgarh,,,12.50,chittorgarh,12.50,chittorgarh,11.90,chittorgarh,11.90,chittorgarh,Repayment of Loan taken from Aditya Birla Finance Limited (As on 30-6-2013) | General Corporate Purpose | Issue Expenses,chittorgarh,2,chittorgarh
INE536P01021,Captain Polyplast Ltd.,SME,,536974,2013-11-26,2013-11-28,2013-12-11,30.00,5.94,Fixed Price,BSE SME,Hem Securities,2013,2006-2019,,,,,,,,,,,,,,,,,,,,,,,,,,,,,,,,,Hem Securities Ltd.,chittorgarh,6,chittorgarh,0.00,chittorgarh,0.0,chittorgarh,,,33.00,chittorgarh,34.65,chittorgarh,33.00,chittorgarh,34.65,chittorgarh,Construction of Building and Purchase of Furniture & Fixture | Purchase of Plant & Machineries | Working Capital Requirement | General Corporate Purpose | Total,chittorgarh,6,chittorgarh
INE325P01011,Stellar Capital Services Ltd.,SME,,536738,2013-10-15,2013-10-18,2013-11-01,20.00,9.01,Fixed Price,BSE SME,Aryaman Financial,2013,2006-2019,,,,,,,,,,,,,,,,,,,,,,,,,,,,,,,,,MSB E-Trade Securities Ltd.,chittorgarh,9,chittorgarh,0.00,chittorgarh,0.0,chittorgarh,,,20.10,chittorgarh,20.10,chittorgarh,19.10,chittorgarh,19.10,chittorgarh,Acquire offices on rent / lease in Kolkata and Jaipur | To augment the capital base and provide for the fund requirements for increasing the operational scale with respect to the NBFC activities | Issue related Expenses,chittorgarh,9,chittorgarh
INE218P01018,Amrapali Capital & Finance Services Ltd.,SME,,536737,2013-10-15,2013-10-18,2013-10-31,100.00,25.78,Fixed Price,BSE SME,Corporate Strategic Allianz,2013,2006-2019,,,,,,,,,,,,,,,,,,,,,,,,,,,,,,,,,Khajanchi & Gandhi Stock Broking Pvt.Ltd.,chittorgarh,24,chittorgarh,2.00,chittorgarh,7.7,chittorgarh,,,100.60,chittorgarh,101.35,chittorgarh,100.60,chittorgarh,101.10,chittorgarh,Enhancement of margin money maintained with the Exchanges | General corporate purpose | Issue expenses,chittorgarh,26,chittorgarh
INE828O01033,MITCON Consultancy & Engineering Services Ltd.,SME,MITCON,,2013-10-15,2013-10-18,2013-11-01,61.00,23.44,Fixed Price,NSE SME,IDBI Capital,2013,2006-2019,,,,,,,,,,,,,,,,,,,,,,,,,,,,,,,,,Keynote Capitals Ltd.,chittorgarh,22,chittorgarh,1.00,chittorgarh,4.3,chittorgarh,,,60.00,chittorgarh,60.00,chittorgarh,51.10,chittorgarh,51.10,chittorgarh,"Acquisition of property for setting up new offices in Bangalore, Hyderabad, Chennai, New Delhi and Ahmedabad and environment testing laboratory in Bangalore and Ahmedabad | Purchase of office equipment for new offices | Purchase of furniture and fixtures and carrying out interior designing for the new offices and the environment testing laboratory | Purchase of equipment for environment testing laboratory at Ahmedabad and Bangalore | General Corporate Purposes",chittorgarh,23,chittorgarh
INE326P01019,S R G Securities Finance Ltd.,SME,,536710,2013-10-07,2013-10-14,2013-10-29,20.00,5.02,Fixed Price,BSE SME,Aryaman Financial,2013,2006-2019,,,,,,,,,,,,,,,,,,,,,,,,,,,,,,,,,ISJ Securities Pvt.Ltd.,chittorgarh,4,chittorgarh,1.00,chittorgarh,20.0,chittorgarh,,,23.90,chittorgarh,25.05,chittorgarh,22.75,chittorgarh,24.25,chittorgarh,To augment the capital base and provide for the fund requirements for increasing the operational scale with respect to the NBFC activities,chittorgarh,5,chittorgarh
INE962O01014,VCU Data Management Ltd.,SME,,536672,2013-10-04,2013-10-08,2013-10-23,25.00,18.75,Fixed Price,BSE SME,Monarch Networth Capital,2013,2006-2019,,,,,,,,,,,,,,,,,,,,,,,,,,,,,,,,,Monarch Networth Capital Ltd.,chittorgarh,10,chittorgarh,9.00,chittorgarh,47.4,chittorgarh,,,36.25,chittorgarh,36.25,chittorgarh,36.25,chittorgarh,36.25,chittorgarh,"For Augmenting Working Capital requirement | Demo Vans, Computers, Printers & Air conditioners & Office Furnitre & Fixtures | Contingencies @ 1% | Total",chittorgarh,19,chittorgarh
INE427O01018,Subh Tex (India) Ltd.,SME,,536671,2013-09-30,2013-10-07,2013-10-22,10.00,3.50,Fixed Price,BSE SME,Basan Financial,2013,2006-2019,,,,,,,,,,,,,,,,,,,,,,,,,,,,,,,,,Basan Equity Broking Ltd.,chittorgarh,3,chittorgarh,1.00,chittorgarh,25.0,chittorgarh,,,12.00,chittorgarh,12.60,chittorgarh,12.00,chittorgarh,12.60,chittorgarh,Meeting Additional Working Capital Requirements | Public Issue Expenses,chittorgarh,4,chittorgarh
INE596O01010,Newever Trade Wings Ltd.,SME,,536644,2013-09-30,2013-10-03,2013-10-17,10.00,6.32,Fixed Price,BSE SME,Inventure Merchant Banker,2013,2006-2019,,,,,,,,,,,,,,,,,,,,,,,,,,,,,,,,,Bindal Equities Ltd.,chittorgarh,6,chittorgarh,0.00,chittorgarh,0.0,chittorgarh,,,12.20,chittorgarh,12.80,chittorgarh,12.20,chittorgarh,12.80,chittorgarh,Additional Margin Requirements | Public Issue Expenses,chittorgarh,6,chittorgarh
INE279P01036,Satkar Finlease Ltd.,SME,,536592,2013-09-25,2013-09-27,2013-10-11,18.00,13.51,Fixed Price,BSE SME,Oneview Corporate,2013,2006-2019,,,,,,,,,,,,,,,,,,,,,,,,,,,,,,,,,Guiness Securities Ltd.,chittorgarh,13,chittorgarh,1.00,chittorgarh,7.1,chittorgarh,,,19.90,chittorgarh,20.85,chittorgarh,19.90,chittorgarh,20.85,chittorgarh,Capital for financing activities to boost NBFC operations | Brand building & promotional activities | General corporate purposes | Public Issue Expenses,chittorgarh,14,chittorgarh
INE594O01015,R J Bio-Tech Ltd.,SME,,536456,2013-09-10,2013-09-12,2013-09-25,20.00,5.00,Fixed Price,BSE SME,Sarthi Capital Advisors,2013,2006-2019,,,,,,,,,,,,,,,,,,,,,,,,,,,,,,,,,Choice Equity Broking Pvt.Ltd.,chittorgarh,5,chittorgarh,0.00,chittorgarh,0.0,chittorgarh,,,21.00,chittorgarh,22.05,chittorgarh,21.00,chittorgarh,22.05,chittorgarh,Working Capital Requiremen | ssue Expenses,chittorgarh,5,chittorgarh
INE926O01019,Ace Tours Worldwide Ltd.,SME,,536492,2013-09-09,2013-09-12,2013-09-26,16.00,8.00,Fixed Price,BSE SME,Corporate Strategic Allianz,2013,2006-2019,,,,,,,,,,,,,,,,,,,,,,,,,,,,,,,,,Shah Investors Home Ltd.,chittorgarh,8,chittorgarh,0.00,chittorgarh,0.0,chittorgarh,,,24.95,chittorgarh,24.95,chittorgarh,24.95,chittorgarh,24.95,chittorgarh,Brand Building Exercise | Working Capital Requirements | Public Issue Expenses,chittorgarh,8,chittorgarh
INE906O01029,Tiger Logistics (India) Ltd.,SME,TIGERLOGS,536264,2013-08-27,2013-08-29,2013-09-12,66.00,7.54,Fixed Price,BSE SME,Sarthi Capital Advisors,2013,2006-2019,,,,,,,,,,,,,,,,,,,,,,,,,,,,,,,,,Choice Equity Broking Pvt.Ltd.,chittorgarh,7,chittorgarh,1.00,chittorgarh,12.5,chittorgarh,,,69.20,chittorgarh,69.20,chittorgarh,69.10,chittorgarh,69.10,chittorgarh,Working Capital Requirement | General Corporate Purpose | Issue Expenses,chittorgarh,8,chittorgarh
INE647N01021,Kushal Tradelink Ltd.,SME,,536170,2013-08-14,2013-08-21,2013-09-04,35.00,27.75,Fixed Price,BSE SME,Aryaman Financial,2013,2006-2019,,,,,,,,,,,,,,,,,,,,,,,,,,,,,,,,,Aryaman Capital Markets Ltd.,chittorgarh,26,chittorgarh,2.00,chittorgarh,7.1,chittorgarh,,,35.00,chittorgarh,36.00,chittorgarh,35.00,chittorgarh,35.80,chittorgarh,Purchase and set up a Corporate House | Long-term working capital requirement | General Corporate Purposes | Issue related Expenses,chittorgarh,28,chittorgarh
INE211P01021,VKJ Infradevelopers Ltd.,SME,,536128,2013-08-12,2013-08-16,2013-08-30,25.00,12.75,Fixed Price,BSE SME,Inventure Merchant Banker,2013,2006-2019,,,,,,,,,,,,,,,,,,,,,,,,,,,,,,,,,,,,,,,,,,,,,,,,,,,,,,
INE890N01027,Silverpoint Infratech Ltd.,SME,,536073,2013-08-12,2013-08-14,2013-08-28,15.00,12.00,Fixed Price,BSE SME,Inventure Merchant Banker,2013,2006-2019,,,,,,,,,,,,,,,,,,,,,,,,,,,,,,,,,4A Securities Ltd.,chittorgarh,,,11,chittorgarh,91.7,chittorgarh,,,13.00,chittorgarh,13.60,chittorgarh,12.40,chittorgarh,13.60,chittorgarh,,,12,chittorgarh
INE168O01026,GCM Commodity & Derivatives Ltd.,SME,,535431,2013-08-01,2013-08-05,2013-04-05,20.00,7.02,Fixed Price,BSE SME,Inventure Merchant Banker,2013,2006-2019,,,,,,,,,,,,,,,,,,,,,,,,,,,,,,,,,Bindal Equities Ltd.,chittorgarh,7,chittorgarh,0.00,chittorgarh,0.0,chittorgarh,,,65.00,chittorgarh,68.25,chittorgarh,65.00,chittorgarh,68.25,chittorgarh,Acquiring Membership of MCX | Augmenting long term working capital requirements | Public Issue Expenses,chittorgarh,7,chittorgarh
INE030P01017,Alacrity Securities Ltd.,SME,,535916,2013-07-29,2013-08-01,2013-08-14,15.00,9.12,Fixed Price,BSE SME,Oneview Corporate,2013,2006-2019,,,,,,,,,,,,,,,,,,,,,,,,,,,,,,,,,Choice Equity Broking Pvt.Ltd.,chittorgarh,9,chittorgarh,0.00,chittorgarh,0.0,chittorgarh,,,12.65,chittorgarh,13.25,chittorgarh,12.05,chittorgarh,12.05,chittorgarh,Expanding the domestic operations and network of branches | Enhancement of margin money maintained with the exchanges | Brand building & promotional activities | General corporate purposes | Public Issue Expenses,chittorgarh,9,chittorgarh
INE340O01021,Money Masters Leasing & Finance Ltd.,SME,,535910,2013-07-23,2013-07-26,2013-08-12,15.00,2.00,Fixed Price,BSE SME,Sobhagya Capital,2013,2006-2019,,,,,,,,,,,,,,,,,,,,,,,,,,,,,,,,,BCB Brokerage Pvt.Ltd.,chittorgarh,2,chittorgarh,0.00,chittorgarh,0.0,chittorgarh,,,16.25,chittorgarh,17.05,chittorgarh,16.25,chittorgarh,17.05,chittorgarh,To augment the capital base and provide for the fund requirements for increasing the Asset Financing Operations. | To meet the expenses of the issue,chittorgarh,2,chittorgarh
INE899O01018,Edynamics Solutions Ltd.,SME,,535694,2013-06-10,2013-06-12,2013-06-26,25.00,15.65,Fixed Price,BSE SME,Oneview Corporate,2013,2006-2019,,,,,,,,,,,,,,,,,,,,,,,,,,,,,,,,,Anuriti Multy Broking Pvt.Ltd.,chittorgarh,15,chittorgarh,1.00,chittorgarh,6.2,chittorgarh,,,25.40,chittorgarh,26.65,chittorgarh,25.40,chittorgarh,26.65,chittorgarh,To augment working capital in the form of advances for long term supplies of products and inputs sought in our operations | Setting up new franchise / Retail Store Modules | Brand Building | General Corporate purposes | Issue Expenses,chittorgarh,16,chittorgarh
INE474O01010,India Finsec Ltd.,SME,,535667,2013-05-24,2013-05-28,2013-06-11,10.00,6.00,Fixed Price,BSE SME,Aryaman Financial,2013,2006-2019,,,,,,,,,,,,,,,,,,,,,,,,,,,,,,,,,,,,,,,,,,,,,,,,,,,,,,
INE807O01011,Onesource Techmedia Ltd.,SME,,535647,2013-05-17,2013-05-21,2013-06-05,14.00,2.80,Fixed Price,BSE SME,Oneview Corporate,2013,2006-2019,,,,,,,,,,,,,,,,,,,,,,,,,,,,,,,,,Guiness Securities Ltd.,chittorgarh,3,chittorgarh,0.00,chittorgarh,0.0,chittorgarh,,,13.00,chittorgarh,13.00,chittorgarh,12.40,chittorgarh,12.40,chittorgarh,Office Infrastructure Development | Development of contents | Deposits for acquisition of contents | Brand Building and General Corporate purposes | Issue Expenses,chittorgarh,3,chittorgarh
INE428O01016,Ashapura Intimates Fashion Ltd.,SME,AIFL,535467,2013-03-28,2013-04-04,2013-04-15,40.00,21.00,Fixed Price,BSE SME,KJMC Corporate,2013,2006-2019,,,,,,,,,,,,,,,,,,,,,,,,,,,,,,,,,NNM Securities Pvt.Ltd.,chittorgarh,20,chittorgarh,1.00,chittorgarh,4.8,chittorgarh,,,48.05,chittorgarh,50.45,chittorgarh,47.00,chittorgarh,49.95,chittorgarh,Set up 10 (ten) EBOs; | Incur expenses on branding and marketing set-up | Investment in the equity shares of Group Company | To fund modernization of machineries | To meet incremental working capital requirements | For general corporate purposes; and | To meet Issue expenses,chittorgarh,21,chittorgarh
INE621O01016,Samruddhi Realty Ltd.,SME,,535466,2013-03-28,2013-04-03,2013-04-12,12.00,2.62,Fixed Price,BSE SME,Hem Securities,2013,2006-2019,,,,,,,,,,,,,,,,,,,,,,,,,,,,,,,,,Hem Securities Ltd.,chittorgarh,2,chittorgarh,1.00,chittorgarh,33.3,chittorgarh,,,13.00,chittorgarh,13.65,chittorgarh,12.75,chittorgarh,13.65,chittorgarh,Part Repayment of Term Loan taken from Karnataka Bank,chittorgarh,3,chittorgarh
INE520N01012,Opal Luxury Time Products Ltd.,SME,OPAL,,2013-03-25,2013-03-28,2013-04-12,130.00,13.00,Bookbuilding,NSE SME,IDBI Capital,2013,2006-2019,,,,,,,,,,,,,,,,,,,,,,,,,,,,,,,,,IDBI Capital Markets & Securities Ltd.,chittorgarh,9,chittorgarh,4.00,chittorgarh,30.8,chittorgarh,,,130.00,chittorgarh,135.00,chittorgarh,112.00,chittorgarh,128.00,chittorgarh,"Investments in Moulds, tools and equipment ,and Indigenisation of the designs for expansion of the existing manufacturing facility | Enhancement of the Company’s brand through advertising and other brand building activities | General Corporate Purposes",chittorgarh,13,chittorgarh
INE191O01010,Lakhotia Polyesters (India) Ltd.,SME,,535387,2013-03-19,2013-03-21,2013-04-03,35.00,5.08,Fixed Price,BSE SME,Intensive Fiscal,2013,2006-2019,,,,,,,,,,,,,,,,,,,,,,,,,,,,,,,,,K.M.Jain Stock Brokers Pvt.Ltd. Intensive Softshare Pvt.Ltd.,chittorgarh,4,chittorgarh,1.00,chittorgarh,20.0,chittorgarh,,,35.80,chittorgarh,35.90,chittorgarh,35.00,chittorgarh,35.00,chittorgarh,Augmenting of long term working capital requirement | General Corporate Purposes,chittorgarh,5,chittorgarh
INE583M01012,Bothra Metals & Alloys Ltd.,SME,,535279,2013-03-12,2013-03-14,2013-03-25,25.00,12.23,Fixed Price,BSE SME,Sarthi Capital Advisors,2013,2006-2019,,,,,,,,,,,,,,,,,,,,,,,,,,,,,,,,,Choice Equity Broking Pvt.Ltd.,chittorgarh,6,chittorgarh,6,chittorgarh,50.0,chittorgarh,,,25.50,chittorgarh,25.55,chittorgarh,24.85,chittorgarh,25.00,chittorgarh,Working Capital requirements | General Corporate Purpose,chittorgarh,12,chittorgarh
INE507O01025,HPC Biosciences Ltd.,SME,,535217,2013-03-01,2013-03-05,2013-03-19,35.00,15.96,Fixed Price,BSE SME,Oneview Corporate,2013,2006-2019,,,,,,,,,,,,,,,,,,,,,,,,,,,,,,,,,Narayan Securities Ltd.,chittorgarh,15,chittorgarh,1.00,chittorgarh,6.2,chittorgarh,,,37.25,chittorgarh,39.10,chittorgarh,37.25,chittorgarh,39.10,chittorgarh,Development of Green House cultivation | Development of Farm land for transition to Organic Farming | Strengthen Supply Chain Management | Procurement of farm tools and equipments | General Corporate purposes | Issue Expenses,chittorgarh,16,chittorgarh
INE437O01025,Channel Nine Entertainment Ltd.,SME,,535142,2013-02-22,2013-02-26,2013-03-12,25.00,11.72,Fixed Price,BSE SME,Oneview Corporate,2013,2006-2019,,,,,,,,,,,,,,,,,,,,,,,,,,,,,,,,,Narayan Securities Ltd.,chittorgarh,11,chittorgarh,1.00,chittorgarh,8.3,chittorgarh,,,26.25,chittorgarh,26.25,chittorgarh,26.25,chittorgarh,26.25,chittorgarh,To finance the estimated expenditure of production of two (2) films | Strengthening Distribution operations | Brand building | Issue Expenses,chittorgarh,12,chittorgarh
INE149O01018,Kavita Fabrics Ltd.,SME,NIBE,535136,2013-02-20,2013-02-22,2013-03-12,40.00,5.10,Fixed Price,BSE SME,Intensive Fiscal,2013,2006-2019,,,,,,,,,,,,,,,,,,,,,,,,,,,,,,,,,K.M.Jain Stock Brokers Pvt.Ltd.,chittorgarh,4,chittorgarh,1.00,chittorgarh,20.0,chittorgarh,,,40.90,chittorgarh,41.00,chittorgarh,40.00,chittorgarh,41.00,chittorgarh,Long term working capital requirement | General Corporate Expenses | Issue Expenses,chittorgarh,5,chittorgarh
INE338O01025,Sunstar Realty Development Ltd.,SME,,535141,2013-02-18,2013-02-21,2013-03-11,20.00,10.72,Fixed Price,BSE SME,Oneview Corporate,2013,2006-2019,,,,,,,,,,,,,,,,,,,,,,,,,,,,,,,,,Guiness Securities Ltd.,chittorgarh,10,chittorgarh,1.00,chittorgarh,9.1,chittorgarh,,,21.45,chittorgarh,22.50,chittorgarh,21.20,chittorgarh,22.50,chittorgarh,To finance the expenditure of work order awarded by Jain Infraprojects Limited | To finance the development and construction related expenditures of the Planned Projects | Brand Building and General Corporate purposes | Issue Expenses,chittorgarh,11,chittorgarh
INE209O01028,Esteem Bio Organic Food Processing Ltd.,SME,,534927,2013-01-18,2013-01-22,2013-02-07,25.00,11.30,Fixed Price,BSE SME,Oneview Corporate,2013,2006-2019,,,,,,,,,,,,,,,,,,,,,,,,,,,,,,,,,Guiness Securities Ltd.,chittorgarh,9,chittorgarh,2.00,chittorgarh,18.2,chittorgarh,,,25.25,chittorgarh,26.50,chittorgarh,25.25,chittorgarh,26.50,chittorgarh,Setting up of Shade Net Cultivation facility | Development of Farm land for transition to Organic Farming | Procurement of farm tools and equipments | Brand Building and General Corporate purposes | Issue Expenses,chittorgarh,11,chittorgarh
INE812P01018,Amsons Apparels Ltd.,SME,,538861,2014-12-16,2014-12-22,2015-01-06,10.00,3.25,Fixed Price,BSE SME,BCB Brokerage,2014,2006-2019,,,,,,,,,,,,,,,,,,,,,,,,,,,,,,,,,Indo Jatalia Securities Pvt.Ltd.,chittorgarh,3,chittorgarh,0.00,chittorgarh,0.0,chittorgarh,,,7.83,chittorgarh,7.84,chittorgarh,7.83,chittorgarh,7.84,chittorgarh,Funding Long Term Working Capital Requirements | General Corporate Purpose,chittorgarh,3,chittorgarh
INE513R01026,Captain Pipes Ltd.,SME,,538817,2014-11-26,2014-12-01,2014-12-11,40.00,4.40,Fixed Price,BSE SME,Hem Securities,2014,2006-2019,,,,,,,,,,,,,,,,,,,,,,,,,,,,,,,,,Hem Securities Ltd.,chittorgarh,4,chittorgarh,0.00,chittorgarh,0.0,chittorgarh,,,41.90,chittorgarh,41.90,chittorgarh,39.85,chittorgarh,39.85,chittorgarh,To Meet Working Capital Requirement | Repayment of Unsecured Loans | General Corporate Purpose | Public Issue Expenses,chittorgarh,4,chittorgarh
INE891N01017,Anubhav Infrastructure Ltd.,SME,,538833,2014-11-26,2014-11-28,2014-12-12,15.00,9.00,Fixed Price,BSE SME,First Overseas,2014,2006-2019,,,,,,,,,,,,,,,,,,,,,,,,,,,,,,,,,4A Securities Ltd.,chittorgarh,,,9,chittorgarh,100.0,chittorgarh,,,14.85,chittorgarh,15.10,chittorgarh,14.15,chittorgarh,14.15,chittorgarh,,,9,chittorgarh
INE322R01022,Aanchal Ispat Ltd.,SME,,538812,2014-11-24,2014-11-26,2014-12-10,20.00,16.01,Fixed Price,BSE SME,Inventure Merchant Banker,2014,2006-2019,,,,,,,,,,,,,,,,,,,,,,,,,,,,,,,,,GCM Securities Ltd.,chittorgarh,15,chittorgarh,1.00,chittorgarh,6.2,chittorgarh,,,22.10,chittorgarh,22.90,chittorgarh,21.00,chittorgarh,21.00,chittorgarh,Expansion and modernizing by upgradation and automation of the TMT Bar manufacturing facilities | Additional Working Capital Requirements | Public Issue Expenses,chittorgarh,16,chittorgarh
INE155R01018,Jet Infraventure Ltd.,SME,JETINFRA,538794,2014-10-30,2014-11-11,2014-11-25,125.00,4.50,Fixed Price,BSE SME,Pantomath Capital,2014,2006-2019,,,,,,,,,,,,,,,,,,,,,,,,,,,,,,,,,Choice Equity Broking Pvt.Ltd.,chittorgarh,4,chittorgarh,1.00,chittorgarh,20.0,chittorgarh,,,130.00,chittorgarh,133.90,chittorgarh,126.50,chittorgarh,129.10,chittorgarh,Working Capital Requirement | Repay certain unsecured loans availed by the company | General Corporate Purposes,chittorgarh,5,chittorgarh
INE401Q01018,JLA Infraville Shoppers Ltd.,SME,,538765,2014-10-16,2014-10-27,2014-11-12,10.00,2.00,Fixed Price,BSE SME,Sarthi Capital Advisors,2014,2006-2019,,,,,,,,,,,,,,,,,,,,,,,,,,,,,,,,,Choice Equity Broking Pvt.Ltd.,chittorgarh,2,chittorgarh,0.00,chittorgarh,0.0,chittorgarh,,,11.05,chittorgarh,11.60,chittorgarh,10.50,chittorgarh,11.60,chittorgarh,Brand-Building | Security Deposits with various suppliers | Purchase of Fixed Assets | Working Capital Requirements,chittorgarh,2,chittorgarh
INE016Q01014,ADCC Infocad Ltd.,SME,CEINSYS,538734,2014-09-30,2014-10-08,2014-10-22,40.00,9.60,Fixed Price,BSE SME,Hem Securities,2014,2006-2019,,,,,,,,,,,,,,,,,,,,,,,,,,,,,,,,,Hem Securities Ltd.,chittorgarh,9,chittorgarh,1.00,chittorgarh,10.0,chittorgarh,,,43.50,chittorgarh,45.65,chittorgarh,43.50,chittorgarh,45.65,chittorgarh,Technical Equipment | Software | Hardware | Part finance the long-term Working Capital requirement | International Marketing & Branding Expenses | General Corporate Purposes | To meet the Issue Expense | Total,chittorgarh,10,chittorgarh
INE909P01012,Starlit Power Systems Ltd.,SME,,538733,2014-09-29,2014-10-10,2014-10-22,18.00,2.95,Fixed Price,BSE SME,Sarthi Capital Advisors,2014,2006-2019,,,,,,,,,,,,,,,,,,,,,,,,,,,,,,,,,Choice Equity Broking Pvt.Ltd.,chittorgarh,3,chittorgarh,0.00,chittorgarh,0.0,chittorgarh,,,18.10,chittorgarh,18.95,chittorgarh,18.10,chittorgarh,18.95,chittorgarh,Working Capital Requirement | General Corporate Purposes,chittorgarh,3,chittorgarh
INE982Q01017,Powerhouse Fitness & Realty Ltd.,SME,,538731,2014-09-29,2014-10-09,2014-10-21,30.00,7.20,Fixed Price,BSE SME,First Overseas,2014,2006-2019,,,,,,,,,,,,,,,,,,,,,,,,,,,,,,,,,Artha Vrddhi Securities Ltd.,chittorgarh,7,chittorgarh,0.00,chittorgarh,0.0,chittorgarh,,,30.00,chittorgarh,31.50,chittorgarh,29.00,chittorgarh,31.50,chittorgarh,Setting up of Six additional Gyms in Western and Eastern Suburbs in Mumbai | General Corporate Purposes,chittorgarh,7,chittorgarh
INE260R01016,Dhabriya Polywood Ltd.,SME,,538715,2014-09-29,2014-10-07,2014-10-17,15.00,3.30,Fixed Price,BSE SME,Hem Securities,2014,2006-2019,,,,,,,,,,,,,,,,,,,,,,,,,,,,,,,,,Hem Securities Ltd.,chittorgarh,3,chittorgarh,0.00,chittorgarh,0.0,chittorgarh,,,16.50,chittorgarh,17.00,chittorgarh,16.05,chittorgarh,16.75,chittorgarh,Purchase of Plant & Machineries | Setting up Application Centres | General Corporate Purpose,chittorgarh,3,chittorgarh
INE761Q01015,Vibrant Global Capital Ltd.,SME,,538732,2014-09-29,2014-10-07,2014-10-21,19.00,11.48,Fixed Price,BSE SME,Hem Securities,2014,2006-2019,,,,,,,,,,,,,,,,,,,,,,,,,,,,,,,,,Hem Securities Ltd.,chittorgarh,5,chittorgarh,6,chittorgarh,54.5,chittorgarh,,,19.40,chittorgarh,20.35,chittorgarh,19.25,chittorgarh,20.00,chittorgarh,Increasing the operational scale with respect to the NBFC activities | Partial repayment of loans,chittorgarh,11,chittorgarh
INE229R01011,Aryaman Capital Markets Ltd.,SME,ARYACAPM,538716,2014-09-25,2014-10-01,2014-10-20,12.00,4.31,Fixed Price,BSE SME,BCB Brokerage,2014,2006-2019,,,,,,,,,,,,,,,,,,,,,,,,,,,,,,,,,BCB Brokerage Pvt.Ltd.,chittorgarh,4,chittorgarh,0.00,chittorgarh,0.0,chittorgarh,,,12.20,chittorgarh,12.50,chittorgarh,12.05,chittorgarh,12.40,chittorgarh,Investments and acquisition of listed / unlisted securities and financial products | Repayment of Loans | General Corporate Purposes,chittorgarh,4,chittorgarh
INE133R01015,Momai Apparels Ltd.,SME,MOMAI,,2014-09-25,2014-09-30,2014-10-16,78.00,30.00,Bookbuilding,NSE SME,Pantomath Capital,2014,2006-2019,,,,,,,,,,,,,,,,,,,,,,,,,,,,,,,,,Choice Equity Broking Pvt.Ltd.,chittorgarh,28,chittorgarh,2.00,chittorgarh,6.7,chittorgarh,,,78.00,chittorgarh,82.00,chittorgarh,78.00,chittorgarh,79.70,chittorgarh,Acquisition of Land ( for setting up New Manufacturing Facility) | Long term working capital requirement | General Corporate Purposes,chittorgarh,30,chittorgarh
INE011R01013,Atishay Infotech Ltd.,SME,,538713,2014-09-25,2014-09-29,2014-10-16,16.00,3.71,Fixed Price,BSE SME,Hem Securities,2014,2006-2019,,,,,,,,,,,,,,,,,,,,,,,,,,,,,,,,,Hem Securities Ltd.,chittorgarh,4,chittorgarh,0.00,chittorgarh,0.0,chittorgarh,,,17.75,chittorgarh,18.45,chittorgarh,17.00,chittorgarh,18.45,chittorgarh,To Meet Working Capital Requirement,chittorgarh,4,chittorgarh
INE010R01023,Ultracab (India) Ltd.,SME,,538706,2014-09-15,2014-09-23,2014-10-10,36.00,7.97,Fixed Price,BSE SME,Pantomath Capital,2014,2006-2019,,,,,,,,,,,,,,,,,,,,,,,,,,,,,,,,,Choice Equity Broking Pvt.Ltd.,chittorgarh,8,chittorgarh,0.00,chittorgarh,0.0,chittorgarh,,,38.00,chittorgarh,38.70,chittorgarh,38.00,chittorgarh,38.05,chittorgarh,Working Capital Requirement | General Corporate Purposes,chittorgarh,8,chittorgarh
INE552Q01018,Encash Entertainment Ltd.,SME,,538684,2014-09-09,2014-09-15,2014-09-29,40.00,4.39,Fixed Price,BSE SME,Oneview Corporate,2014,2006-2019,,,,,,,,,,,,,,,,,,,,,,,,,,,,,,,,,Guiness Securities Ltd.,chittorgarh,4,chittorgarh,0.00,chittorgarh,0.0,chittorgarh,,,44.00,chittorgarh,46.20,chittorgarh,44.00,chittorgarh,46.20,chittorgarh,To acquire and produce films including regional language films | Strengthening Distribution operations | Brand building,chittorgarh,4,chittorgarh
INE785O01019,Sirohia & Sons Ltd.,SME,,538667,2014-09-08,2014-09-10,2014-09-24,12.00,3.60,Fixed Price,BSE SME,VC Corporate,2014,2006-2019,,,,,,,,,,,,,,,,,,,,,,,,,,,,,,,,,Indo Jatalia Securities Pvt.Ltd.,chittorgarh,3,chittorgarh,1.00,chittorgarh,25.0,chittorgarh,,,11.25,chittorgarh,11.80,chittorgarh,11.25,chittorgarh,11.80,chittorgarh,Long Term Working Capital | General corporate purpose,chittorgarh,4,chittorgarh
INE898Q01015,Naysaa Securities Ltd.,SME,,538668,2014-09-05,2014-09-12,2014-09-25,15.00,1.50,Fixed Price,BSE SME,Oneview Corporate,2014,2006-2019,,,,,,,,,,,,,,,,,,,,,,,,,,,,,,,,,Alacrity Securities Ltd.,chittorgarh,1,chittorgarh,1.00,chittorgarh,50.0,chittorgarh,,,14.25,chittorgarh,15.70,chittorgarh,14.25,chittorgarh,14.65,chittorgarh,Expanding the domestic operations and network of branches | Enhancement of margin money maintained with the exchanges | General corporate purposes,chittorgarh,2,chittorgarh
INE755Q01025,Vishal Fabrics Ltd.,SME,VISHAL,538598,2014-07-31,2014-08-05,2014-08-20,45.00,15.63,Fixed Price,BSE SME,Aryaman Financial,2014,2006-2019,,,,,,,,,,,,,,,,,,,,,,,,,,,,,,,,,Aryaman Capital Markets Ltd.,chittorgarh,15,chittorgarh,1.00,chittorgarh,6.2,chittorgarh,,,45.20,chittorgarh,46.90,chittorgarh,44.05,chittorgarh,46.90,chittorgarh,Funding Long Term Working Capital Requirements | Funding expenditure for General Corporate Purposes,chittorgarh,16,chittorgarh
INE641Q01019,Carewell Industries Ltd.,SME,,538579,2014-07-25,2014-07-30,2014-08-12,15.00,4.97,Fixed Price,BSE SME,Inventure Merchant Banker,2014,2006-2019,,,,,,,,,,,,,,,,,,,,,,,,,,,,,,,,,Guiness Securities Ltd.,chittorgarh,5,chittorgarh,0.00,chittorgarh,0.0,chittorgarh,,,14.40,chittorgarh,14.40,chittorgarh,13.65,chittorgarh,13.65,chittorgarh,Brand Building | Additional Working Capital Requirements,chittorgarh,5,chittorgarh
INE336Q01016,Bhanderi Infracon Ltd.,SME,,538576,2014-07-22,2014-07-25,2014-08-08,120.00,6.60,Fixed Price,BSE SME,Choice Capital,2014,2006-2019,,,,,,,,,,,,,,,,,,,,,,,,,,,,,,,,,Joindre Capital Services Ltd.,chittorgarh,6,chittorgarh,1.00,chittorgarh,14.3,chittorgarh,,,113.50,chittorgarh,115.00,chittorgarh,107.85,chittorgarh,107.85,chittorgarh,Incremental Working Capital Requirement | General Corporate Purposes,chittorgarh,7,chittorgarh
INE319Q01012,Bansal Roofing Products Ltd.,SME,,538546,2014-06-26,2014-06-30,2014-07-14,30.00,2.04,Fixed Price,BSE SME,Hem Securities,2014,2006-2019,,,,,,,,,,,,,,,,,,,,,,,,,,,,,,,,,Hem Securities Ltd.,chittorgarh,2,chittorgarh,0.00,chittorgarh,0.0,chittorgarh,,,31.00,chittorgarh,32.00,chittorgarh,30.00,chittorgarh,30.50,chittorgarh,To meet Long Term Working Capital Requirement | General Corporate Purposes,chittorgarh,2,chittorgarh
INE189Q01019,Oasis Tradelink Ltd.,SME,,538547,2014-06-23,2014-06-30,2014-07-14,30.00,6.01,Fixed Price,BSE SME,Oneview Corporate,2014,2006-2019,,,,,,,,,,,,,,,,,,,,,,,,,,,,,,,,,N.Mohanlal Nagardas Stock Brokers Pvt.Ltd.,chittorgarh,6,chittorgarh,0.00,chittorgarh,0.0,chittorgarh,,,35.90,chittorgarh,35.90,chittorgarh,34.10,chittorgarh,34.10,chittorgarh,To part-finance incremental working capital requirements | Brand Building | General Corporate purposes,chittorgarh,6,chittorgarh
INE849M01017,Tarini International Ltd.,SME,,538496,2014-06-09,2014-06-13,2014-06-26,41.00,16.31,Fixed Price,BSE SME,Oneview Corporate,2014,2006-2019,,,,,,,,,,,,,,,,,,,,,,,,,,,,,,,,,Guiness Securities Ltd.,chittorgarh,15,chittorgarh,1.00,chittorgarh,6.2,chittorgarh,,,42.00,chittorgarh,42.00,chittorgarh,39.90,chittorgarh,41.90,chittorgarh,To finance Long Term incremental working capital requirements | Renovation & Interior of the Registered Office | Brand Building | General Corporate purposes,chittorgarh,16,chittorgarh
INE296Q01012,Dhanuka Commercial Ltd.,SME,MONEYBOXX,538446,2014-05-22,2014-05-28,2014-06-11,10.00,4.44,Fixed Price,BSE SME,Aryaman Financial,2014,2006-2019,,,,,,,,,,,,,,,,,,,,,,,,,,,,,,,,,Aryaman Capital Markets Ltd.,chittorgarh,4,chittorgarh,0.00,chittorgarh,0.0,chittorgarh,,,9.75,chittorgarh,9.95,chittorgarh,9.75,chittorgarh,9.75,chittorgarh,To augment the capital base and provide for the fund requirements for increasing the operational scale with respect to the NBFC activities,chittorgarh,4,chittorgarh
INE502O01018,SPS Finquest Ltd.,SME,,538402,2014-05-21,2014-05-23,2014-06-03,75.00,25.09,Fixed Price,BSE SME,Monarch Networth Capital,2014,2006-2019,,,,,,,,,,,,,,,,,,,,,,,,,,,,,,,,,Wellworth Share & Stock Broking Ltd.,chittorgarh,20,chittorgarh,5.00,chittorgarh,20.0,chittorgarh,,,78.00,chittorgarh,78.00,chittorgarh,75.50,chittorgarh,75.55,chittorgarh,To augment the capital base and provide for repayment of existing high cost debt,chittorgarh,25,chittorgarh
INE191P01017,GCM Capital Advisors Ltd.,SME,,538319,2014-05-05,2014-05-07,2014-05-21,20.00,9.00,Fixed Price,BSE SME,Inventure Merchant Banker,2014,2006-2019,,,,,,,,,,,,,,,,,,,,,,,,,,,,,,,,,Bindal Equities Ltd.,chittorgarh,9,chittorgarh,0.00,chittorgarh,0.0,chittorgarh,,,33.55,chittorgarh,35.20,chittorgarh,33.55,chittorgarh,35.20,chittorgarh,Augmenting long term working capital,chittorgarh,9,chittorgarh
INE174Q01011,Women's Next Loungeries Ltd.,SME,,538128,2014-03-28,2014-04-07,2014-04-21,65.00,6.50,Fixed Price,BSE SME,Pantomath Capital,2014,2006-2019,,,,,,,,,,,,,,,,,,,,,,,,,,,,,,,,,Choice Equity Broking Pvt.Ltd.,chittorgarh,6,chittorgarh,1.00,chittorgarh,14.3,chittorgarh,,,67.00,chittorgarh,69.30,chittorgarh,65.00,chittorgarh,67.50,chittorgarh,Upgradation Unit | Repayment of bank loan | Working capital requirement | General corporate purposes,chittorgarh,7,chittorgarh
INE012Q01039,R&B Denims Ltd.,SME,RNBDENIMS,538119,2014-03-28,2014-04-04,2014-04-22,10.00,3.71,Fixed Price,BSE SME,Hem Securities,2014,2006-2019,,,,,,,,,,,,,,,,,,,,,,,,,,,,,,,,,Hem Securities Ltd.,chittorgarh,4,chittorgarh,0.00,chittorgarh,0.0,chittorgarh,,,10.55,chittorgarh,11.05,chittorgarh,10.55,chittorgarh,11.05,chittorgarh,Part Repayment of Term Loan-II taken from Bank of India,chittorgarh,4,chittorgarh
INE732P01018,Oceanaa Biotek Industries Ltd.,SME,,538019,2014-03-18,2014-03-20,2014-04-03,10.00,2.10,Fixed Price,BSE SME,V.B.Desai Financial,2014,2006-2019,,,,,,,,,,,,,,,,,,,,,,,,,,,,,,,,,Kunvarji Finstock Pvt.Ltd.,chittorgarh,2,chittorgarh,0.00,chittorgarh,0.0,chittorgarh,,,9.75,chittorgarh,10.20,chittorgarh,9.30,chittorgarh,10.10,chittorgarh,To set up food testing analysis lab,chittorgarh,2,chittorgarh
INE009Q01019,Shri Krishna Prasadam Ltd.,SME,,537954,2014-03-11,2014-03-14,2014-03-28,10.00,2.16,Fixed Price,BSE SME,Sobhagya Capital,2014,2006-2019,,,,,,,,,,,,,,,,,,,,,,,,,,,,,,,,,Amrapali Aadya Trading & Investments Pvt.Ltd.,chittorgarh,2,chittorgarh,0.00,chittorgarh,0.0,chittorgarh,,,11.90,chittorgarh,12.45,chittorgarh,11.90,chittorgarh,12.45,chittorgarh,To raise funds for additional long-term working capital for the business of Trading of Agricultural Products | To meet the expenses of the issue,chittorgarh,2,chittorgarh
INE084Q01012,Anisha Impex Ltd.,SME,RACE,537785,2014-03-03,2014-03-05,2014-03-18,10.00,6.50,Fixed Price,BSE SME,Inventure Merchant Banker,2014,2006-2019,,,,,,,,,,,,,,,,,,,,,,,,,,,,,,,,,Share India Securities Ltd.,chittorgarh,6,chittorgarh,1.00,chittorgarh,14.3,chittorgarh,,,13.70,chittorgarh,14.35,chittorgarh,13.55,chittorgarh,14.35,chittorgarh,Augmenting long term working capital | Public Issue Expenses,chittorgarh,7,chittorgarh
INE576P01019,Karnimata Cold Storage Ltd.,SME,,537784,2014-02-25,2014-03-03,2014-03-18,20.00,3.04,Fixed Price,BSE SME,Aryaman Financial,2014,2006-2019,,,,,,,,,,,,,,,,,,,,,,,,,,,,,,,,,Vasundhara Merchants Ltd.,chittorgarh,3,chittorgarh,0.00,chittorgarh,0.0,chittorgarh,,,29.05,chittorgarh,30.00,chittorgarh,27.60,chittorgarh,30.00,chittorgarh,Augment the capital base for providing of Seasonal Loans to farmers/traders | General Corporate Purposes | Total,chittorgarh,3,chittorgarh
INE905P01028,B.C.Power Controls Ltd.,SME,BCP,537766,2014-02-24,2014-02-28,2014-03-14,18.00,10.37,Fixed Price,BSE SME,Sarthi Capital Advisors,2014,2006-2019,,,,,,,,,,,,,,,,,,,,,,,,,,,,,,,,,Choice Equity Broking Pvt.Ltd.,chittorgarh,10,chittorgarh,0.00,chittorgarh,0.0,chittorgarh,,,17.15,chittorgarh,18.25,chittorgarh,17.15,chittorgarh,18.10,chittorgarh,Working Capital Requirement | General Corporate Purposes | Issue Expenses,chittorgarh,10,chittorgarh
INE782L01012,Sanco Industries Ltd.,SME,SANCO,,2014-02-24,2014-02-26,2014-03-12,18.00,4.32,Fixed Price,NSE SME,Keynote Financial,2014,2006-2019,,,,,,,,,,,,,,,,,,,,,,,,,,,,,,,,,Keynote Capitals Ltd.,chittorgarh,4,chittorgarh,0.00,chittorgarh,0.0,chittorgarh,,,19.00,chittorgarh,19.00,chittorgarh,17.25,chittorgarh,17.25,chittorgarh,"Civil Works For Installations of Machineries | Plant and Machinery, including spare parts & auxiliary equipments-Contingencies | Issue Expenses | Total",chittorgarh,4,chittorgarh
INE920P01019,SI.VI.Shipping Corp.Ltd.,SME,,537669,2014-02-18,2014-02-21,2014-03-06,25.00,6.86,Fixed Price,BSE SME,Pantomath Capital,2014,2006-2019,,,,,,,,,,,,,,,,,,,,,,,,,,,,,,,,,Choice Equity Broking Pvt.Ltd.,chittorgarh,4,chittorgarh,3.00,chittorgarh,42.9,chittorgarh,,,26.10,chittorgarh,26.10,chittorgarh,26.10,chittorgarh,26.10,chittorgarh,Working Capital Requirement | Repay certain unsecured loans availed by the company | Total,chittorgarh,7,chittorgarh
INE210P01015,Unishire Urban Infra Ltd.,SME,,537582,2014-02-10,2014-02-12,2014-02-28,10.00,6.43,Fixed Price,BSE SME,Inventure Merchant Banker,2014,2006-2019,,,,,,,,,,,,,,,,,,,,,,,,,,,,,,,,,GCM Securities Ltd.,chittorgarh,6,chittorgarh,0.00,chittorgarh,0.0,chittorgarh,,,12.05,chittorgarh,12.05,chittorgarh,11.45,chittorgarh,11.45,chittorgarh,Development of the residential building complex at Kolkata | Total,chittorgarh,6,chittorgarh
INE826P01018,Polymac Thermoformers Ltd.,SME,,537573,2014-02-06,2014-02-10,2014-02-26,35.00,7.70,Fixed Price,BSE SME,Oneview Corporate,2014,2006-2019,,,,,,,,,,,,,,,,,,,,,,,,,,,,,,,,,Guiness Securities Ltd.,chittorgarh,7,chittorgarh,1.00,chittorgarh,12.5,chittorgarh,,,34.75,chittorgarh,36.00,chittorgarh,34.75,chittorgarh,35.85,chittorgarh,Capital Expenditure on Existing Manufacturing Capacity | Meet the margin for working capital requirement | Brand Building & General Corporate purposes | Total,chittorgarh,8,chittorgarh
INE567P01018,Agrimony Commodities Ltd.,SME,,537492,2014-01-31,2014-02-04,2014-02-18,10.00,3.02,Fixed Price,BSE SME,Unicon Capital,2014,2006-2019,,,,,,,,,,,,,,,,,,,,,,,,,,,,,,,,,Artha Vrddhi Securities Ltd.,chittorgarh,3,chittorgarh,0.00,chittorgarh,0.0,chittorgarh,,,15.00,chittorgarh,15.75,chittorgarh,14.35,chittorgarh,14.35,chittorgarh,Augmenting long term working capital | Public Issue Expenses,chittorgarh,3,chittorgarh
INE212P01011,Chemtech Industrial Valves Ltd.,SME,,537326,2014-01-15,2014-01-17,2014-01-31,15.00,7.45,Fixed Price,BSE SME,Choice Capital,2014,2006-2019,,,,,,,,,,,,,,,,,,,,,,,,,,,,,,,,,Choice Equity Broking Pvt.Ltd.,chittorgarh,7,chittorgarh,0.00,chittorgarh,0.0,chittorgarh,,,14.70,chittorgarh,15.30,chittorgarh,14.25,chittorgarh,14.95,chittorgarh,Purchase of Plant & Machinery | Interiors of Corporate office at Thane | Incremental Working Capital Requirement | General Corporate Purposes | Total,chittorgarh,7,chittorgarh
INE382T01014,Fourth Dimension Solutions Ltd.,SME,FOURTHDIM,,2015-12-30,2016-01-07,2016-01-22,30.00,8.68,Fixed Price,NSE SME,Sarthi Capital Advisors,2015,2006-2019,,,,,,,,,,,,,,,,,,,,,,,,,,,,,,,,,Wealth First Portfolio Managers Pvt.Ltd.,chittorgarh,8,chittorgarh,1.00,chittorgarh,11.1,chittorgarh,,,31.80,chittorgarh,36.00,chittorgarh,31.80,chittorgarh,36.00,chittorgarh,Working Capital Requirements | Issue Expenses,chittorgarh,9,chittorgarh
INE742R01013,OFS Technologies Ltd.,SME,,539570,2015-12-28,2015-12-31,2016-01-14,25.00,4.26,Fixed Price,BSE SME,V.B.Desai Financial,2015,2006-2019,,,,,,,,,,,,,,,,,,,,,,,,,,,,,,,,,VCK Share & Stock Broking Services Ltd.,chittorgarh,4,chittorgarh,0.00,chittorgarh,0.0,chittorgarh,,,26.75,chittorgarh,28.05,chittorgarh,25.45,chittorgarh,27.35,chittorgarh,Strategic Acquisition(s)/ Joint Venture | General Corporate Purposes | Issue expenses,chittorgarh,4,chittorgarh
INE452S01025,Suncare Traders Ltd.,SME,,539526,2015-12-15,2015-12-18,2015-12-29,64.00,24.22,Fixed Price,BSE SME,Corporate Strategic Allianz,2015,2006-2019,,,,,,,,,,,,,,,,,,,,,,,,,,,,,,,,,NNM Securities Pvt.Ltd.,chittorgarh,23,chittorgarh,1.00,chittorgarh,4.2,chittorgarh,,,64.70,chittorgarh,64.70,chittorgarh,63.65,chittorgarh,64.40,chittorgarh,To Acquire 50% stake in the Madhav power  Private Limited | General Corporate Purpose | Public Issue Expenses,chittorgarh,24,chittorgarh
INE364T01012,Navigant Corporate Advisors Ltd.,SME,,539521,2015-11-30,2015-12-07,2015-12-18,14.00,1.19,Fixed Price,BSE SME,First Overseas,2015,2006-2019,,,,,,,,,,,,,,,,,,,,,,,,,,,,,,,,,Naysaa Securities Ltd.,chittorgarh,,,1,chittorgarh,100.0,chittorgarh,,,14.15,chittorgarh,14.35,chittorgarh,13.50,chittorgarh,13.78,chittorgarh,To  achieve  the  benefits  of  listing  the  Equity  Shares  on  the  Stock  Exchanges,chittorgarh,1,chittorgarh
INE925S01012,Perfect Infraengineers Ltd.,SME,PERFECT,,2015-10-30,2015-11-04,2015-11-20,23.00,5.77,Fixed Price,NSE SME,Keynote Financial,2015,2006-2019,,,,,,,,,,,,,,,,,,,,,,,,,,,,,,,,,Keynote Capitals Ltd.,chittorgarh,5,chittorgarh,1.00,chittorgarh,16.7,chittorgarh,,,26.00,chittorgarh,26.00,chittorgarh,23.60,chittorgarh,25.10,chittorgarh,Long term working Capital | Investment in subsidiary | Issue Expenses,chittorgarh,6,chittorgarh
INE030T01027,Tejnaksh Healthcare Ltd.,SME,,539428,2015-09-30,2015-10-12,2015-10-27,80.00,2.43,Fixed Price,BSE SME,First Overseas,2015,2006-2019,,,,,,,,,,,,,,,,,,,,,,,,,,,,,,,,,Alacrity Securities Ltd.,chittorgarh,2,chittorgarh,0.00,chittorgarh,0.0,chittorgarh,,,80.00,chittorgarh,80.00,chittorgarh,76.00,chittorgarh,76.00,chittorgarh,Expansion and Development of Hospital of the Company | General Corporate purposes | Issue Expenses,chittorgarh,2,chittorgarh
INE473T01011,Patdiam Jewellery Ltd.,SME,,539401,2015-09-30,2015-10-05,2015-10-16,38.00,5.00,Fixed Price,BSE SME,Pantomath Capital,2015,2006-2019,,,,,,,,,,,,,,,,,,,,,,,,,,,,,,,,,BCB Brokerage Pvt.Ltd.,chittorgarh,5,chittorgarh,0.00,chittorgarh,0.0,chittorgarh,,,58.25,chittorgarh,58.25,chittorgarh,58.25,chittorgarh,58.25,chittorgarh,Working Capital Requirements | Issue Expenses,chittorgarh,5,chittorgarh
INE800S01017,Cawasji Behramji Catering Services Ltd.,SME,,539403,2015-09-29,2015-10-05,2015-10-19,14.00,1.86,Fixed Price,BSE SME,Hem Securities,2015,2006-2019,,,,,,,,,,,,,,,,,,,,,,,,,,,,,,,,,Hem Securities Ltd.,chittorgarh,,,2,chittorgarh,100.0,chittorgarh,,,15.25,chittorgarh,16.01,chittorgarh,15.05,chittorgarh,16.01,chittorgarh,,,2,chittorgarh
INE256S01012,Vaksons Automobiles Ltd.,SME,,539402,2015-09-28,2015-10-01,2015-10-16,26.00,6.24,Fixed Price,BSE SME,Aryaman Financial,2015,2006-2019,,,,,,,,,,,,,,,,,,,,,,,,,,,,,,,,,Aryaman Capital Markets Ltd.,chittorgarh,6,chittorgarh,0.00,chittorgarh,0.0,chittorgarh,,,26.25,chittorgarh,27.00,chittorgarh,26.25,chittorgarh,27.00,chittorgarh,"Finance the setting up of Vehicle Service Centre at Sonepat, Haryana | Meet Long Term Working Capital Requirements of the company | Invest in the subsidiary company –Vaksons Metaplast Pvt. Ltd | Land Registration",chittorgarh,6,chittorgarh
INE344T01014,Bella Casa Fashion & Retail Ltd.,SME,BELLACASA,539399,2015-09-28,2015-09-30,2015-10-15,14.00,3.43,Fixed Price,BSE SME,Hem Securities,2015,2006-2019,,,,,,,,,,,,,,,,,,,,,,,,,,,,,,,,,Hem Securities Ltd.,chittorgarh,3,chittorgarh,0.00,chittorgarh,0.0,chittorgarh,,,14.30,chittorgarh,14.75,chittorgarh,14.25,chittorgarh,14.70,chittorgarh,To meet Working Capital Requirement,chittorgarh,3,chittorgarh
INE060T01024,Vishal Bearings Ltd.,SME,,539398,2015-09-28,2015-09-30,2015-10-15,25.00,3.24,Fixed Price,BSE SME,Hem Securities,2015,2006-2019,,,,,,,,,,,,,,,,,,,,,,,,,,,,,,,,,Hem Securities Ltd.,chittorgarh,3,chittorgarh,0.00,chittorgarh,0.0,chittorgarh,,,26.00,chittorgarh,27.30,chittorgarh,26.00,chittorgarh,27.30,chittorgarh,To Meet Working Capital Requirement | Public Issue Expenses,chittorgarh,3,chittorgarh
INE136T01014,Ahimsa Industries Ltd.,SME,AHIMSA,,2015-09-24,2015-10-01,2015-10-15,25.00,3.80,Fixed Price,NSE SME,Sarthi Capital Advisors,2015,2006-2019,,,,,,,,,,,,,,,,,,,,,,,,,,,,,,,,,Choice Equity Broking Pvt.Ltd.,chittorgarh,4,chittorgarh,0.00,chittorgarh,0.0,chittorgarh,,,26.00,chittorgarh,26.00,chittorgarh,26.00,chittorgarh,26.00,chittorgarh,Working Capital Requirements | General Corporate Purposes | Issue Expenses,chittorgarh,4,chittorgarh
INE262S01010,Shaival Reality Ltd.,SME,SHAIVAL,,2015-09-15,2015-09-18,2015-10-01,100.00,5.28,Fixed Price,NSE SME,Sarthi Capital Advisors,2015,2006-2019,,,,,,,,,,,,,,,,,,,,,,,,,,,,,,,,,Choice Equity Broking Pvt.Ltd.,chittorgarh,5,chittorgarh,0.00,chittorgarh,0.0,chittorgarh,,,100.50,chittorgarh,100.50,chittorgarh,100.50,chittorgarh,100.50,chittorgarh,To meet the working capital requirements of the Company,chittorgarh,5,chittorgarh
INE094T01015,Sri Krishna Constructions (India) Ltd.,SME,,539363,2015-09-10,2015-09-15,2015-10-01,45.00,11.34,Fixed Price,BSE SME,Pantomath Capital,2015,2006-2019,,,,,,,,,,,,,,,,,,,,,,,,,,,,,,,,,BCB Brokerage Pvt.Ltd.,chittorgarh,11,chittorgarh,0.00,chittorgarh,0.0,chittorgarh,,,39.90,chittorgarh,41.85,chittorgarh,38.05,chittorgarh,41.85,chittorgarh,Land Acquisition | General Corporate Purpose | Issue Expenses,chittorgarh,11,chittorgarh
INE212Q01019,P.B.Films Ltd.,SME,,539352,2015-09-01,2015-09-07,2015-09-22,10.00,5.00,Fixed Price,BSE SME,Oneview Corporate,2015,2006-2019,,,,,,,,,,,,,,,,,,,,,,,,,,,,,,,,,Guiness Securities Ltd.,chittorgarh,5,chittorgarh,0.00,chittorgarh,0.0,chittorgarh,,,9.50,chittorgarh,9.50,chittorgarh,9.50,chittorgarh,9.50,chittorgarh,To finance the estimated expenditure of production of two films | Publicity and Distribution of two films | General Corporate Purpose | Issue Expenses,chittorgarh,5,chittorgarh
INE725P01012,H.K.Trade International Ltd.,SME,,539337,2015-08-31,2015-09-03,2015-09-14,18.00,2.29,Fixed Price,BSE SME,Intensive Fiscal,2015,2006-2019,,,,,,,,,,,,,,,,,,,,,,,,,,,,,,,,,K.M.Jain Stock Brokers Pvt.Ltd.,chittorgarh,2,chittorgarh,0.00,chittorgarh,0.0,chittorgarh,,,18.45,chittorgarh,18.45,chittorgarh,18.00,chittorgarh,18.30,chittorgarh,Long term working capital requirement. | General Corporate Expenses.,chittorgarh,2,chittorgarh
INE203T01012,Universal Autofoundry Ltd.,SME,,539314,2015-08-19,2015-08-21,2015-09-04,15.00,3.24,Fixed Price,BSE SME,Hem Securities,2015,2006-2019,,,,,,,,,,,,,,,,,,,,,,,,,,,,,,,,,Hem Securities Ltd.,chittorgarh,3,chittorgarh,0.00,chittorgarh,0.0,chittorgarh,,,16.00,chittorgarh,16.80,chittorgarh,15.60,chittorgarh,16.00,chittorgarh,Purchase of Plant & Machineries | General Corporate Purpose | Public Issue Expenses,chittorgarh,3,chittorgarh
INE365S01045,Oyeeee Media Ltd.,SME,,539310,2015-08-13,2015-08-19,2015-09-02,40.00,15.90,Fixed Price,BSE SME,First Overseas,2015,2006-2019,,,,,,,,,,,,,,,,,,,,,,,,,,,,,,,,,Alacrity Securities Ltd.,chittorgarh,15,chittorgarh,1.00,chittorgarh,6.2,chittorgarh,,,45.00,chittorgarh,47.25,chittorgarh,45.00,chittorgarh,45.00,chittorgarh,To finance the production of television serials and organizing events | To finance the estimated expenditure of production of small budget feature film | Development & Acquisition of contents | Brand Building | General Corporate purposes | Issue Expenses,chittorgarh,16,chittorgarh
INE829S01016,Mangalam Seeds Ltd.,SME,,539275,2015-07-29,2015-07-31,2015-08-12,50.00,5.70,Fixed Price,BSE SME,Pantomath Capital,2015,2006-2019,,,,,,,,,,,,,,,,,,,,,,,,,,,,,,,,,BCB Brokerage Pvt.Ltd.,chittorgarh,5,chittorgarh,1.00,chittorgarh,16.7,chittorgarh,,,55.00,chittorgarh,57.75,chittorgarh,55.00,chittorgarh,57.75,chittorgarh,Funding Working Capital Requirement | Funding Issue Expenses,chittorgarh,6,chittorgarh
INE332S01011,Emkay Taps & Cutting Tools Ltd.,SME,EMKAYTOOLS,,2015-07-27,2015-07-30,2015-08-31,330.00,15.55,Fixed Price,BSE SME,Hem Securities,2015,2006-2019,,,,,,,,,,,,,,,,,,,,,,,,,,,,,,,,,Hem Finlease Pvt.Ltd.,chittorgarh,,,15,chittorgarh,93.8,chittorgarh,,,334.00,chittorgarh,335.50,chittorgarh,332.00,chittorgarh,333.05,chittorgarh,,,16,chittorgarh
INE484S01010,Pecos Hotels & Pubs Ltd.,SME,,539273,2015-07-23,2015-07-28,2015-08-11,50.00,2.30,Fixed Price,BSE SME,Sarthi Capital Advisors,2015,2006-2019,,,,,,,,,,,,,,,,,,,,,,,,,,,,,,,,,Choice Equity Broking Pvt.Ltd.,chittorgarh,2,chittorgarh,0.00,chittorgarh,0.0,chittorgarh,,,56.00,chittorgarh,56.00,chittorgarh,53.25,chittorgarh,53.25,chittorgarh,"Development of New Pub | Upgradation, Repair and Maintenance of our existing pubs | General Corporate Purposes | Issue Expenses",chittorgarh,2,chittorgarh
INE990S01016,Amrapali Fincap Ltd.,SME,,539265,2015-07-20,2015-07-22,2015-08-05,120.00,42.48,Fixed Price,BSE SME,Corporate Strategic Allianz,2015,2006-2019,,,,,,,,,,,,,,,,,,,,,,,,,,,,,,,,,Khajanchi & Gandhi Stock Broking Pvt.Ltd.,chittorgarh,40,chittorgarh,2.00,chittorgarh,4.8,chittorgarh,,,122.30,chittorgarh,122.30,chittorgarh,120.10,chittorgarh,121.00,chittorgarh,Purchase and set up of the office space in Ahmedabad | Investment in NBFC company | General corporate purpose | Meet the issue expenses,chittorgarh,42,chittorgarh
INE876S01017,Loyal Equipments Ltd.,SME,,539227,2015-07-03,2015-07-07,2015-07-16,18.00,3.24,Fixed Price,BSE SME,Hem Securities,2015,2006-2019,,,,,,,,,,,,,,,,,,,,,,,,,,,,,,,,,Hem Securities Ltd.,chittorgarh,3,chittorgarh,0.00,chittorgarh,0.0,chittorgarh,,,20.05,chittorgarh,21.05,chittorgarh,20.05,chittorgarh,21.05,chittorgarh,To Meet Working Capital Requirement | Public Issue Expenses,chittorgarh,3,chittorgarh
INE480S01026,Gala Print City Ltd.,SME,,539228,2015-06-30,2015-07-06,2015-07-16,24.00,3.04,Fixed Price,BSE SME,Oneview Corporate,2015,2006-2019,,,,,,,,,,,,,,,,,,,,,,,,,,,,,,,,,Guiness Securities Ltd.,chittorgarh,3,chittorgarh,0.00,chittorgarh,0.0,chittorgarh,,,24.45,chittorgarh,24.45,chittorgarh,23.25,chittorgarh,24.10,chittorgarh,To part-finance incremental working capital requirements | General corporate expenses | To meet the expenses of the Issue,chittorgarh,3,chittorgarh
INE196R01012,Majestic Research Services & Solutions Ltd.,SME,,539229,2015-06-30,2015-07-02,2015-07-16,12.75,1.43,Fixed Price,BSE SME,Pantomath Capital,2015,2006-2019,,,,,,,,,,,,,,,,,,,,,,,,,,,,,,,,,Choice Equity Broking Pvt.Ltd.,chittorgarh,1,chittorgarh,0.00,chittorgarh,0.0,chittorgarh,,,14.00,chittorgarh,14.70,chittorgarh,14.00,chittorgarh,14.70,chittorgarh,Procurement of new technology | Working capital requirement | Issue expenses,chittorgarh,1,chittorgarh
INE027T01023,M.D.Inducto Cast Ltd.,SME,RUDRA,539226,2015-06-30,2015-07-02,2015-07-16,27.00,17.24,Fixed Price,BSE SME,Pantomath Capital,2015,2006-2019,,,,,,,,,,,,,,,,,,,,,,,,,,,,,,,,,BCB Brokerage Pvt.Ltd.,chittorgarh,16,chittorgarh,1.00,chittorgarh,5.9,chittorgarh,,,28.10,chittorgarh,29.50,chittorgarh,27.85,chittorgarh,29.50,chittorgarh,Working Capital Requirement | Issue Expenses,chittorgarh,17,chittorgarh
INE023S01016,Jiya Eco-Products Ltd.,SME,JIYAECO,539225,2015-06-29,2015-07-02,2015-07-16,19.00,4.58,Fixed Price,BSE SME,Pantomath Capital,2015,2006-2019,,,,,,,,,,,,,,,,,,,,,,,,,,,,,,,,,BCB Brokerage Pvt.Ltd.,chittorgarh,4,chittorgarh,1.00,chittorgarh,20.0,chittorgarh,,,21.75,chittorgarh,22.00,chittorgarh,21.00,chittorgarh,21.00,chittorgarh,Procurement of new machinery | Working capital requirement | Issue expenses,chittorgarh,5,chittorgarh
INE451S01027,VMV Holidays Ltd.,SME,,539222,2015-06-29,2015-07-01,2015-07-14,10.00,1.56,Fixed Price,BSE SME,Oneview Corporate,2015,2006-2019,,,,,,,,,,,,,,,,,,,,,,,,,,,,,,,,,Guiness Securities Ltd.,chittorgarh,1,chittorgarh,1.00,chittorgarh,50.0,chittorgarh,,,10.25,chittorgarh,10.50,chittorgarh,10.25,chittorgarh,10.50,chittorgarh,Brand Building Exercise | Expansion of Online Services | Setting up office at Mumbai | General Corporate Expenses | Issue Expenses,chittorgarh,2,chittorgarh
INE540S01019,Mishka Exim Ltd.,SME,,539220,2015-06-26,2015-06-30,2015-07-13,10.00,5.45,Fixed Price,BSE SME,First Overseas,2015,2006-2019,,,,,,,,,,,,,,,,,,,,,,,,,,,,,,,,,Indo Jatalia Securities Pvt.Ltd.,chittorgarh,5,chittorgarh,0.00,chittorgarh,0.0,chittorgarh,,,14.00,chittorgarh,14.70,chittorgarh,13.50,chittorgarh,13.50,chittorgarh,"To part-finance incremental working capital requirements | To part-finance commercial unit siuated in Shahdara, Delhi | General Corporate purposes | Issue Expense",chittorgarh,5,chittorgarh
INE653S01028,Junction Fabrics & Apparels Ltd.,SME,,539216,2015-06-25,2015-06-29,2015-07-10,16.00,1.60,Fixed Price,BSE SME,Hem Securities,2015,2006-2019,,,,,,,,,,,,,,,,,,,,,,,,,,,,,,,,,Hem Securities Ltd.,chittorgarh,2,chittorgarh,0.00,chittorgarh,0.0,chittorgarh,,,17.50,chittorgarh,18.35,chittorgarh,17.05,chittorgarh,17.30,chittorgarh,To Meet Working Capital Requirement | Public Issue Expenses,chittorgarh,2,chittorgarh
INE563S01011,Ambition Mica Ltd.,SME,,539223,2015-06-23,2015-06-30,2015-07-14,40.00,4.30,Fixed Price,BSE SME,Pantomath Capital,2015,2006-2019,,,,,,,,,,,,,,,,,,,,,,,,,,,,,,,,,BCB Brokerage Pvt.Ltd.,chittorgarh,4,chittorgarh,0.00,chittorgarh,0.0,chittorgarh,,,45.00,chittorgarh,47.00,chittorgarh,45.00,chittorgarh,45.15,chittorgarh,Working Capital Requirement | General Corporate Purpose | Issue Expenses,chittorgarh,4,chittorgarh
INE105R01013,Funny Software Ltd.,SME,,539169,2015-05-14,2015-05-20,2015-06-02,14.00,4.63,Fixed Price,BSE SME,First Overseas,2015,2006-2019,,,,,,,,,,,,,,,,,,,,,,,,,,,,,,,,,MSB E-Trade Securities Ltd.,chittorgarh,4,chittorgarh,1.00,chittorgarh,20.0,chittorgarh,,,13.50,chittorgarh,13.50,chittorgarh,13.50,chittorgarh,13.50,chittorgarh,To part-finance incremental working capital requirements | To acquire certain fixed assets | General Corporate purpose | Issue Expenses,chittorgarh,5,chittorgarh
INE118Q01018,O.P.Chains Ltd.,SME,,539116,2015-03-30,2015-04-08,2015-04-22,11.00,2.04,Fixed Price,BSE SME,Hem Securities,2015,2006-2019,,,,,,,,,,,,,,,,,,,,,,,,,,,,,,,,,Hem Securities Ltd.,chittorgarh,2,chittorgarh,0.00,chittorgarh,0.0,chittorgarh,,,11.25,chittorgarh,11.81,chittorgarh,11.25,chittorgarh,11.81,chittorgarh,Working Capital Requirements | General Corporate Purpose | Issue Expenses,chittorgarh,2,chittorgarh
INE904R01027,Yogya Enterprises Ltd.,SME,,539097,2015-03-25,2015-03-30,2015-04-15,15.00,1.50,Fixed Price,BSE SME,First Overseas,2015,2006-2019,,,,,,,,,,,,,,,,,,,,,,,,,,,,,,,,,Indo Jatalia Securities Pvt.Ltd.,chittorgarh,1,chittorgarh,1.00,chittorgarh,50.0,chittorgarh,,,14.25,chittorgarh,14.25,chittorgarh,14.25,chittorgarh,14.25,chittorgarh,To part-finance incremental working capital requirements | Renovation & Interior of our Registered Office | General Corporate purposes | Issue Expenses,chittorgarh,2,chittorgarh
INE291R01011,Athena Constructions Ltd.,SME,,539099,2015-03-25,2015-03-30,2015-04-16,10.00,2.50,Fixed Price,BSE SME,First Overseas,2015,2006-2019,,,,,,,,,,,,,,,,,,,,,,,,,,,,,,,,,Naysaa Securities Ltd.,chittorgarh,2,chittorgarh,1.00,chittorgarh,33.3,chittorgarh,,,15.71,chittorgarh,16.40,chittorgarh,15.05,chittorgarh,15.40,chittorgarh,To finance the development and construction related expenditures of our “Anand Projec | General Corporate purposes,chittorgarh,3,chittorgarh
INE541R01019,Filtra Consultants & Engineers Ltd.,SME,,539098,2015-03-24,2015-03-30,2015-04-15,42.00,3.11,Fixed Price,BSE SME,Pantomath Capital,2015,2006-2019,,,,,,,,,,,,,,,,,,,,,,,,,,,,,,,,,Choice Equity Broking Pvt.Ltd.,chittorgarh,3,chittorgarh,0.00,chittorgarh,0.0,chittorgarh,,,42.80,chittorgarh,44.90,chittorgarh,42.80,chittorgarh,44.90,chittorgarh,Marketing activities like E-Commerce Platform and Digital Marketing by setting up of Kiosk | Working Capital Requirement | General Corporate Purpose | Issue Expenses,chittorgarh,3,chittorgarh
INE971P01012,Supreme (India) Impex Ltd.,SME,SIIL,,2015-03-16,2015-03-18,2015-03-31,60.00,7.87,Fixed Price,NSE SME,Pantomath Capital,2015,2006-2019,,,,,,,,,,,,,,,,,,,,,,,,,,,,,,,,,Choice Equity Broking Pvt.Ltd.,chittorgarh,7,chittorgarh,1.00,chittorgarh,12.5,chittorgarh,,,62.00,chittorgarh,62.00,chittorgarh,61.00,chittorgarh,61.30,chittorgarh,Working Capital Requirement | Issue Expense | General Corporate Purpose,chittorgarh,8,chittorgarh
INE976R01033,AGI Infra Ltd.,SME,AGIIL,539042,2015-03-10,2015-03-13,2015-03-27,54.00,14.99,Fixed Price,BSE SME,Aryaman Financial,2015,2006-2019,,,,,,,,,,,,,,,,,,,,,,,,,,,,,,,,,Aryaman Capital Markets Ltd.,chittorgarh,14,chittorgarh,1.00,chittorgarh,6.7,chittorgarh,,,54.40,chittorgarh,54.75,chittorgarh,54.05,chittorgarh,54.65,chittorgarh,"Project for construction of 215 Residential Flats in our on-going Group Housing Project – “Jalandhar Heights” in Punjab (i.e. Towers J, K, L, M & N) | Repayment of Loans | Total",chittorgarh,15,chittorgarh
INE820R01017,SSPN Finance Ltd.,SME,,539026,2015-03-10,2015-03-12,2015-03-16,20.00,1.50,Fixed Price,BSE SME,First Overseas,2015,2006-2019,,,,,,,,,,,,,,,,,,,,,,,,,,,,,,,,,Choice Equity Broking Pvt.Ltd.,chittorgarh,1,chittorgarh,1.00,chittorgarh,50.0,chittorgarh,,,15.00,chittorgarh,15.00,chittorgarh,14.25,chittorgarh,14.40,chittorgarh,Augmenting long term working capital | Public Issue Expenses,chittorgarh,2,chittorgarh
INE369Q01017,Mahabir Metallex Ltd.,SME,,539041,2015-03-09,2015-03-12,2015-03-27,10.00,3.90,Fixed Price,BSE SME,Sarthi Capital Advisors,2015,2006-2019,,,,,,,,,,,,,,,,,,,,,,,,,,,,,,,,,Choice Equity Broking Pvt.Ltd.,chittorgarh,4,chittorgarh,0.00,chittorgarh,0.0,chittorgarh,,,10.30,chittorgarh,10.30,chittorgarh,9.79,chittorgarh,10.10,chittorgarh,Working Capital Requirements | Issue Expenses,chittorgarh,4,chittorgarh
INE526R01028,Akme Star Housing Finance Ltd.,SME,,539017,2015-02-25,2015-03-05,2015-03-20,30.00,4.80,Fixed Price,BSE SME,Sarthi Capital Advisors,2015,2006-2019,,,,,,,,,,,,,,,,,,,,,,,,,,,,,,,,,Choice Equity Broking Pvt.Ltd.,chittorgarh,5,chittorgarh,0.00,chittorgarh,0.0,chittorgarh,,,32.00,chittorgarh,32.00,chittorgarh,31.50,chittorgarh,31.75,chittorgarh,Augmentation of capital base and meeting fund requirements for increasing operation scales | General Corporate Purposes | Issue Expenses,chittorgarh,5,chittorgarh
INE554R01020,Karnavati Finance Ltd.,SME,,538928,2015-01-19,2015-01-21,2015-02-05,10.00,2.58,Fixed Price,BSE SME,Corporate Strategic Allianz,2015,2006-2019,,,,,,,,,,,,,,,,,,,,,,,,,,,,,,,,,NNM Securities Pvt.Ltd.,chittorgarh,2,chittorgarh,1.00,chittorgarh,33.3,chittorgarh,,,10.60,chittorgarh,10.60,chittorgarh,10.10,chittorgarh,10.10,chittorgarh,To augment the capital base and provide for the fund requirements for increasing the NBFC activities/Financing Operations. | Public Issue Expenses,chittorgarh,3,chittorgarh
INE865P01016,Raghuvansh Agrofarms Ltd.,SME,,538921,2015-01-09,2015-01-13,2015-01-28,11.00,3.96,Fixed Price,BSE SME,Sobhagya Capital,2015,2006-2019,,,,,,,,,,,,,,,,,,,,,,,,,,,,,,,,,Achintya Securities Pvt.Ltd.,chittorgarh,3,chittorgarh,1.00,chittorgarh,25.0,chittorgarh,,,11.55,chittorgarh,11.55,chittorgarh,11.55,chittorgarh,11.55,chittorgarh,"Construction of 1000 M3 capacity of Bio-Gas Plant for Power Generation | Investment in the Subsidiary companies, Sanjeevani Fertilizers and Chemicals Private Limited and Kanpur Organics Private Limited | To raise funds for General Corporate Purposes",chittorgarh,4,chittorgarh
INE263W01010,Maheshwari Logistics Ltd.,SME,MAHESHWARI,,2016-12-30,2017-01-06,2017-01-16,68.00,27.17,Fixed Price,NSE SME,Pantomath Capital,2016,2006-2019,,,,,,,,,,,,,,,,,,,,,,,,,,,,,,,,,Pantomath Stock Brokers Pvt.Ltd.,chittorgarh,26,chittorgarh,1.00,chittorgarh,3.7,chittorgarh,,,71.80,chittorgarh,78.90,chittorgarh,70.40,chittorgarh,76.35,chittorgarh,Working Capital Requirement | General corporate purposes,chittorgarh,27,chittorgarh
INE994V01012,Prolife Industries Ltd.,SME,PROLIFE,,2016-12-27,2016-12-30,2017-01-09,38.00,4.22,Fixed Price,NSE SME,Swastika Investmart,2016,2006-2019,,,,,,,,,,,,,,,,,,,,,,,,,,,,,,,,,Beeline Broking Ltd.,chittorgarh,4,chittorgarh,0.00,chittorgarh,0.0,chittorgarh,,,42.00,chittorgarh,42.00,chittorgarh,35.50,chittorgarh,37.10,chittorgarh,Expansion of the existing manufacturing operations | General Corporate Purpose | Public Issue Expenses,chittorgarh,4,chittorgarh
INE908V01012,Libas Designs Ltd.,SME,LIBAS,,2016-12-27,2016-12-30,2017-01-09,68.00,13.60,Fixed Price,NSE SME,Sarthi Capital Advisors,2016,2006-2019,,,,,,,,,,,,,,,,,,,,,,,,,,,,,,,,,Choice Equity Broking Pvt.Ltd.,chittorgarh,13,chittorgarh,1.00,chittorgarh,7.1,chittorgarh,,,78.25,chittorgarh,81.50,chittorgarh,61.00,chittorgarh,71.40,chittorgarh,To set up 4 new stores | Working Capital Requirements | General Corporate Purposes | Issue Expenses,chittorgarh,14,chittorgarh
INE607V01028,Veeram Ornaments Ltd.,SME,,540252,2016-12-23,2016-12-28,2017-01-05,45.00,5.12,Fixed Price,BSE SME,Gretex Corporate,2016,2006-2019,,,,,,,,,,,,,,,,,,,,,,,,,,,,,,,,,Beeline Broking Ltd.,chittorgarh,5,chittorgarh,0.00,chittorgarh,0.0,chittorgarh,,,42.75,chittorgarh,46.00,chittorgarh,42.75,chittorgarh,46.00,chittorgarh,To meet additional Working Capital Requirements | To Meet the Issue Expenses,chittorgarh,5,chittorgarh
INE679V01027,Aditya Vision Ltd.,SME,AVL,540205,2016-11-28,2016-12-05,2016-12-12,15.00,5.76,Fixed Price,BSE SME,Oneview Corporate,2016,2006-2019,,,,,,,,,,,,,,,,,,,,,,,,,,,,,,,,,Guiness Securities Ltd.,chittorgarh,5,chittorgarh,1.00,chittorgarh,16.7,chittorgarh,,,15.50,chittorgarh,15.99,chittorgarh,15.00,chittorgarh,15.27,chittorgarh,To meet the working capital requirements of the Company | General Corporate Expenses | Issue Expenses,chittorgarh,6,chittorgarh
INE982V01025,Jet Freight Logistics Ltd.,SME,JETFREIGHT,543420,2016-11-24,2016-11-28,2016-12-06,28.00,4.07,Fixed Price,NSE SME,Sarthi Capital Advisors,2016,2006-2019,,,,,,,,,,,,,,,,,,,,,,,,,,,,,,,,,Choice Equity Broking Pvt.Ltd.,chittorgarh,4,chittorgarh,0.00,chittorgarh,0.0,chittorgarh,,,33.60,chittorgarh,33.60,chittorgarh,33.60,chittorgarh,33.60,chittorgarh,Working Capital Requirements | Issue Expenses,chittorgarh,4,chittorgarh
INE740V01019,Agro Phos India Ltd.,SME,AGROPHOS,,2016-10-27,2016-11-07,2016-11-16,22.00,12.94,Bookbuilding,NSE SME,Indian Overseas Bank,2016,2006-2019,,,,,,,,,,,,,,,,,,,,,,,,,,,,,,,,,BCB Brokerage Pvt.Ltd.,chittorgarh,12,chittorgarh,1.00,chittorgarh,7.7,chittorgarh,,,26.40,chittorgarh,26.40,chittorgarh,22.10,chittorgarh,22.85,chittorgarh,"Repayment and/or pre-payment, in full or part, of borrowing availed by the Company | Working Capital Requirements | General Corporate Purposes",chittorgarh,13,chittorgarh
INE947T01022,Globe International Carriers Ltd.,SME,GICL,,2016-09-30,2016-10-07,2016-10-19,24.00,5.17,Fixed Price,NSE SME,Hem Securities,2016,2006-2019,,,,,,,,,,,,,,,,,,,,,,,,,,,,,,,,,Hem Finlease Pvt.Ltd.,chittorgarh,5,chittorgarh,0.00,chittorgarh,0.0,chittorgarh,,,24.50,chittorgarh,25.20,chittorgarh,24.30,chittorgarh,24.95,chittorgarh,To Meet Working Capital Requirement,chittorgarh,5,chittorgarh
INE738V01013,Art Nirman Ltd.,SME,ARTNIRMAN,,2016-09-30,2016-10-07,2016-10-19,25.00,5.01,Fixed Price,NSE SME,Hem Securities,2016,2006-2019,,,,,,,,,,,,,,,,,,,,,,,,,,,,,,,,,Hem Finlease Pvt.Ltd.,chittorgarh,5,chittorgarh,0.00,chittorgarh,0.0,chittorgarh,,,27.55,chittorgarh,30.00,chittorgarh,27.50,chittorgarh,30.00,chittorgarh,To Meet Working Capital Requirement | General Corporate Purpose,chittorgarh,5,chittorgarh
INE448V01019,Aurangabad Distillery Ltd.,SME,ALCODIS,,2016-09-30,2016-10-06,2016-10-17,35.00,7.70,Fixed Price,NSE SME,Hem Securities,2016,2006-2019,,,,,,,,,,,,,,,,,,,,,,,,,,,,,,,,,Hem Finlease Pvt.Ltd.,chittorgarh,7,chittorgarh,1.00,chittorgarh,12.5,chittorgarh,,,42.00,chittorgarh,42.00,chittorgarh,42.00,chittorgarh,42.00,chittorgarh,Repayment/prepayment of secured and unsecured loan | Public Issue Expenses | General Corporate Purposes,chittorgarh,8,chittorgarh
INE697V01011,Pansari Developers Ltd.,SME,PANSARI,,2016-09-30,2016-10-06,2016-10-18,22.00,10.19,Fixed Price,NSE SME,Hem Securities,2016,2006-2019,,,,,,,,,,,,,,,,,,,,,,,,,,,,,,,,,Hem Finlease Pvt.Ltd.,chittorgarh,10,chittorgarh,0.00,chittorgarh,0.0,chittorgarh,,,22.00,chittorgarh,24.50,chittorgarh,21.00,chittorgarh,22.90,chittorgarh,To Meet Working Capital Requirement | General Corporate Expenses,chittorgarh,10,chittorgarh
INE700V01021,Shashijit Infraprojects Ltd.,SME,,540147,2016-09-30,2016-10-06,2016-10-17,15.00,3.49,Fixed Price,BSE SME,Pantomath Capital,2016,2006-2019,,,,,,,,,,,,,,,,,,,,,,,,,,,,,,,,,Pantomath Stock Brokers Pvt.Ltd.,chittorgarh,3,chittorgarh,0.00,chittorgarh,0.0,chittorgarh,,,15.85,chittorgarh,15.85,chittorgarh,15.10,chittorgarh,15.25,chittorgarh,Purchase of machinery and equipment | Loan Repayment | General Corporate Purposes | Working Capital Requirements,chittorgarh,3,chittorgarh
INE564V01013,Bindal Exports Ltd.,SME,,540148,2016-09-30,2016-10-06,2016-10-17,16.00,2.00,Fixed Price,BSE SME,Pantomath Capital,2016,2006-2019,,,,,,,,,,,,,,,,,,,,,,,,,,,,,,,,,Pantomath Stock Brokers Pvt.Ltd.,chittorgarh,2,chittorgarh,0.00,chittorgarh,0.0,chittorgarh,,,17.00,chittorgarh,17.00,chittorgarh,16.20,chittorgarh,16.20,chittorgarh,Working Capital Requirement | General corporate purposes,chittorgarh,2,chittorgarh
INE957U01011,Mewar Hi-Tech Engineering Ltd.,SME,,540150,2016-09-30,2016-10-06,2016-10-17,22.00,2.34,Fixed Price,BSE SME,Pantomath Capital,2016,2006-2019,,,,,,,,,,,,,,,,,,,,,,,,,,,,,,,,,Rikhav Securities Ltd.,chittorgarh,2,chittorgarh,0.00,chittorgarh,0.0,chittorgarh,,,26.40,chittorgarh,26.40,chittorgarh,26.40,chittorgarh,26.40,chittorgarh,General Corporate Purpose | Working Capital Requirements | Issue Expenses,chittorgarh,2,chittorgarh
INE373V01019,India Green Reality Ltd.,SME,,540152,2016-09-30,2016-10-06,2016-10-18,30.00,10.38,Fixed Price,BSE SME,Oneview Corporate,2016,2006-2019,,,,,,,,,,,,,,,,,,,,,,,,,,,,,,,,,Guiness Securities Ltd.,chittorgarh,10,chittorgarh,0.00,chittorgarh,0.0,chittorgarh,,,31.50,chittorgarh,31.50,chittorgarh,30.05,chittorgarh,30.15,chittorgarh,To Meet Working Capital Requirements | General Corporate Purpose | Issue Expenses,chittorgarh,10,chittorgarh
INE704V01015,Dhanuka Realty Ltd.,SME,DIRL,,2016-09-30,2016-10-06,2016-10-18,40.00,4.22,Fixed Price,NSE SME,Hem Securities,2016,2006-2019,,,,,,,,,,,,,,,,,,,,,,,,,,,,,,,,,Hem Finlease Pvt.Ltd.,chittorgarh,4,chittorgarh,0.00,chittorgarh,0.0,chittorgarh,,,43.00,chittorgarh,43.00,chittorgarh,38.80,chittorgarh,41.25,chittorgarh,To Meet Working Capital Requirement | General corporate purposes,chittorgarh,4,chittorgarh
INE732S01012,Sakar Healthcare Ltd.,SME,SAKAR,,2016-09-30,2016-10-05,2016-10-14,50.00,14.81,Bookbuilding,NSE SME,Pantomath Capital,2016,2006-2019,,,,,,,,,,,,,,,,,,,,,,,,,,,,,,,,,BCB Brokerage Pvt.Ltd.,chittorgarh,14,chittorgarh,1.00,chittorgarh,6.7,chittorgarh,,,52.80,chittorgarh,54.95,chittorgarh,51.00,chittorgarh,52.15,chittorgarh,Imported Plant and Machinery | Indigenous Plant And Machinery | Furniture / Fixture and Lab Equipment | Building Alteration | EUGMP Registration | New Product Registration | Working Capital | General Corporate Purpose,chittorgarh,15,chittorgarh
INE985P01012,Gretex Industries Ltd.,SME,GRETEX,,2016-09-30,2016-10-05,2016-10-14,20.00,3.96,Bookbuilding,NSE SME,Indian Overseas Bank,2016,2006-2019,,,,,,,,,,,,,,,,,,,,,,,,,,,,,,,,,BCB Brokerage Pvt.Ltd.,chittorgarh,2,chittorgarh,2,chittorgarh,50.0,chittorgarh,,,24.00,chittorgarh,24.00,chittorgarh,22.25,chittorgarh,24.00,chittorgarh,Funding working capital requirements of the Company | General corporate purposes,chittorgarh,4,chittorgarh
INE746V01016,DRA Consultants Ltd.,SME,,540144,2016-09-30,2016-10-04,2016-10-13,10.00,2.96,Fixed Price,BSE SME,Pantomath Capital,2016,2006-2019,,,,,,,,,,,,,,,,,,,,,,,,,,,,,,,,,Pantomath Stock Brokers Pvt.Ltd.,chittorgarh,3,chittorgarh,0.00,chittorgarh,0.0,chittorgarh,,,12.00,chittorgarh,12.00,chittorgarh,12.00,chittorgarh,12.00,chittorgarh,Working Capital Requirement | General corporate purposes,chittorgarh,3,chittorgarh
INE942P01013,Diksat Transworld Ltd.,SME,,540151,2016-09-29,2016-10-06,2016-10-18,40.00,18.43,Bookbuilding,BSE SME,Aryaman Financial,2016,2006-2019,,,,,,,,,,,,,,,,,,,,,,,,,,,,,,,,,Aryaman Capital Markets Ltd.,chittorgarh,,,17,chittorgarh,94.4,chittorgarh,,,40.75,chittorgarh,41.50,chittorgarh,40.50,chittorgarh,41.00,chittorgarh,,,18,chittorgarh
INE427V01013,Aditya Consumer Marketing Ltd.,SME,,540146,2016-09-29,2016-10-05,2016-10-17,15.00,6.00,Fixed Price,BSE SME,Oneview Corporate,2016,2006-2019,,,,,,,,,,,,,,,,,,,,,,,,,,,,,,,,,Guiness Securities Ltd.,chittorgarh,6,chittorgarh,0.00,chittorgarh,0.0,chittorgarh,,,15.70,chittorgarh,16.50,chittorgarh,15.70,chittorgarh,16.50,chittorgarh,"Renovation of Supermarket, Restaurant, Salon & Spa | Working capital | General Corporate Expenses | Issue Expenses",chittorgarh,6,chittorgarh
INE565V01010,Valiant Organics Ltd.,SME,VALIANTORG,540145,2016-09-29,2016-10-04,2016-10-14,220.00,21.23,Fixed Price,BSE SME,Aryaman Financial,2016,2006-2019,,,,,,,,,,,,,,,,,,,,,,,,,,,,,,,,,Aryaman Capital Markets Ltd.,chittorgarh,,,20,chittorgarh,95.2,chittorgarh,,,264.00,chittorgarh,264.00,chittorgarh,264.00,chittorgarh,264.00,chittorgarh,,,21,chittorgarh
INE696V01013,Nandani Creation Ltd.,SME,JAIPURKURT,,2016-09-28,2016-10-03,2016-10-10,28.00,4.04,Fixed Price,NSE SME,Indian Overseas Bank,2016,2006-2019,,,,,,,,,,,,,,,,,,,,,,,,,,,,,,,,,BCB Brokerage Pvt.Ltd.,chittorgarh,4,chittorgarh,0.00,chittorgarh,0.0,chittorgarh,,,33.60,chittorgarh,33.60,chittorgarh,31.00,chittorgarh,33.60,chittorgarh,Working Capital Requirement | General corporate purposes,chittorgarh,4,chittorgarh
INE564T01017,Jet Knitwears Ltd.,SME,JETKNIT,,2016-09-27,2016-09-29,2016-10-07,39.00,4.22,Fixed Price,NSE SME,Sarthi Capital Advisors,2016,2006-2019,,,,,,,,,,,,,,,,,,,,,,,,,,,,,,,,,Choice Equity Broking Pvt.Ltd.,chittorgarh,4,chittorgarh,0.00,chittorgarh,0.0,chittorgarh,,,46.80,chittorgarh,46.80,chittorgarh,46.80,chittorgarh,46.80,chittorgarh,Working Capital Requirements | General Corporate Purposes | Issue Expenses,chittorgarh,4,chittorgarh
INE522V01011,AVSL Industries Ltd.,SME,AVSL,,2016-09-15,2016-09-28,2016-10-06,36.00,5.18,Fixed Price,NSE SME,Sarthi Capital Advisors,2016,2006-2019,,,,,,,,,,,,,,,,,,,,,,,,,,,,,,,,,Choice Equity Broking Pvt.Ltd.,chittorgarh,5,chittorgarh,0.00,chittorgarh,0.0,chittorgarh,,,38.00,chittorgarh,38.00,chittorgarh,36.00,chittorgarh,36.00,chittorgarh,Working Capital Requirements | Issue Expenses,chittorgarh,5,chittorgarh
INE583V01021,Radhika Jeweltech Ltd.,SME,RADHIKAJWE,540125,2016-09-14,2016-09-20,2016-09-27,75.00,49.50,Fixed Price,BSE SME,Corporate Strategic Allianz,2016,2006-2019,,,,,,,,,,,,,,,,,,,,,,,,,,,,,,,,,NNM Securities Pvt.Ltd.,chittorgarh,47,chittorgarh,3.00,chittorgarh,6.0,chittorgarh,,,73.95,chittorgarh,73.95,chittorgarh,66.00,chittorgarh,71.00,chittorgarh,Working Capital Requirement | General Corporate Purpose | Public Issue Expenses,chittorgarh,50,chittorgarh
INE491V01019,Crown Lifters Ltd.,SME,CROWN,,2016-09-09,2016-09-19,2016-09-27,121.00,6.68,Fixed Price,NSE SME,Sarthi Capital Advisors,2016,2006-2019,,,,,,,,,,,,,,,,,,,,,,,,,,,,,,,,,Choice Equity Broking Pvt.Ltd.,chittorgarh,6,chittorgarh,1.00,chittorgarh,14.3,chittorgarh,,,122.80,chittorgarh,122.80,chittorgarh,107.00,chittorgarh,109.00,chittorgarh,Purchase of KOBELCO Hydraulic Crawler Crane (Model-CKL2600i) | Issue Expenses,chittorgarh,7,chittorgarh
INE336T01010,Husys Consulting Ltd.,SME,HUSYSLTD,,2016-09-09,2016-09-19,2016-09-27,69.00,4.20,Fixed Price,NSE SME,Sarthi Capital Advisors,2016,2006-2019,,,,,,,,,,,,,,,,,,,,,,,,,,,,,,,,,Choice Equity Broking Pvt.Ltd.,chittorgarh,4,chittorgarh,0.00,chittorgarh,0.0,chittorgarh,,,72.90,chittorgarh,72.90,chittorgarh,60.00,chittorgarh,60.60,chittorgarh,To repay existing working capital facilities of the Company | Development of Cloud based HR Software Platform and Upgradation of the existing IT infrastructure for 4 existing branches and 4 new branches | Domestic and International Marketing and Business Development | Issue Expenses,chittorgarh,4,chittorgarh
INE367U01013,Riddhi Steel & Tube Ltd.,SME,,540082,2016-09-02,2016-09-07,2016-09-14,38.00,8.89,Fixed Price,BSE SME,Oneview Corporate,2016,2006-2019,,,,,,,,,,,,,,,,,,,,,,,,,,,,,,,,,Guiness Securities Ltd.,chittorgarh,8,chittorgarh,1.00,chittorgarh,11.1,chittorgarh,,,37.70,chittorgarh,38.50,chittorgarh,37.50,chittorgarh,37.65,chittorgarh,To meet working capital requirements | General Corporate Expenses | Issue Expenses,chittorgarh,9,chittorgarh
INE592O01019,Spicy Entertainment & Media Ltd.,SME,,540084,2016-09-01,2016-09-07,2016-09-15,10.00,4.82,Fixed Price,BSE SME,First Overseas,2016,2006-2019,,,,,,,,,,,,,,,,,,,,,,,,,,,,,,,,,Naysaa Securities Ltd.,chittorgarh,5,chittorgarh,0.00,chittorgarh,0.0,chittorgarh,,,9.99,chittorgarh,10.95,chittorgarh,9.63,chittorgarh,9.70,chittorgarh,Setting up a recording studio in Kolkata and infrastructure development | To produce regional feature film | General Corporate Expenses,chittorgarh,5,chittorgarh
INE715T01031,Narayani Steels Ltd.,SME,,540080,2016-09-01,2016-09-06,2016-09-14,32.00,11.52,Fixed Price,BSE SME,Pantomath Capital,2016,2006-2019,,,,,,,,,,,,,,,,,,,,,,,,,,,,,,,,,Rikhav Securities Ltd.,chittorgarh,11,chittorgarh,1.00,chittorgarh,8.3,chittorgarh,,,33.45,chittorgarh,38.40,chittorgarh,30.90,chittorgarh,33.40,chittorgarh,Working Capital Requirement | General corporate purposes,chittorgarh,12,chittorgarh
INE537U01037,Sprayking Agro Equipment Ltd.,SME,,540079,2016-08-31,2016-09-02,2016-09-14,21.00,1.86,Fixed Price,BSE SME,Pantomath Capital,2016,2006-2019,,,,,,,,,,,,,,,,,,,,,,,,,,,,,,,,,Rikhav Securities Ltd.,chittorgarh,2,chittorgarh,0.00,chittorgarh,0.0,chittorgarh,,,24.00,chittorgarh,24.00,chittorgarh,21.75,chittorgarh,21.80,chittorgarh,Repayment of uncertain loan availed from Sprayking Agro Equipment,chittorgarh,2,chittorgarh
INE900L01010,Madhya Bharat Agro Products Ltd.,SME,MBAPL,,2016-08-29,2016-09-02,2016-09-09,24.00,13.90,Fixed Price,NSE SME,Hem Securities,2016,2006-2019,,,,,,,,,,,,,,,,,,,,,,,,,,,,,,,,,Hem Finlease Pvt.Ltd.,chittorgarh,,,13,chittorgarh,92.9,chittorgarh,,,27.00,chittorgarh,28.80,chittorgarh,26.00,chittorgarh,28.80,chittorgarh,,,14,chittorgarh
INE317V01016,Mitsu Chem Plast Ltd.,SME,,540078,2016-08-26,2016-08-31,2016-09-09,95.00,9.51,Fixed Price,BSE SME,Aryaman Financial,2016,2006-2019,,,,,,,,,,,,,,,,,,,,,,,,,,,,,,,,,Aryaman Capital Markets Ltd.,chittorgarh,,,9,chittorgarh,90.0,chittorgarh,,,96.00,chittorgarh,96.40,chittorgarh,95.20,chittorgarh,96.20,chittorgarh,,,10,chittorgarh
INE191V01015,Shiva Granito Export Ltd.,SME,,540072,2016-08-23,2016-08-29,2016-09-06,12.00,5.04,Fixed Price,BSE SME,Pantomath Capital,2016,2006-2019,,,,,,,,,,,,,,,,,,,,,,,,,,,,,,,,,Rikhav Securities Ltd.,chittorgarh,5,chittorgarh,0.00,chittorgarh,0.0,chittorgarh,,,13.95,chittorgarh,14.40,chittorgarh,11.45,chittorgarh,12.03,chittorgarh,Working Capital Requirement | General Corporate Purpose,chittorgarh,5,chittorgarh
INE171P01019,Prabhat Telecoms (India) Ltd.,SME,,540027,2016-07-22,2016-07-26,2016-08-03,51.00,11.22,Fixed Price,BSE SME,Navigant Corporate,2016,2006-2019,,,,,,,,,,,,,,,,,,,,,,,,,,,,,,,,,Alacrity Securities Ltd.,chittorgarh,,,11,chittorgarh,100.0,chittorgarh,,,61.20,chittorgarh,61.20,chittorgarh,61.20,chittorgarh,61.20,chittorgarh,,,11,chittorgarh
INE552U01010,Kwality Pharmaceuticals Ltd.,SME,KPL,539997,2016-06-30,2016-07-08,2016-07-18,45.00,6.21,Fixed Price,BSE SME,Oneview Corporate,2016,2006-2019,,,,,,,,,,,,,,,,,,,,,,,,,,,,,,,,,Guiness Securities Ltd.,chittorgarh,0.4860,chittorgarh,5,chittorgarh,83.3,chittorgarh,,,45.00,chittorgarh,45.80,chittorgarh,43.00,chittorgarh,44.50,chittorgarh,Modernisation of the Laboratory | General Corporate Purpose | Offer Expenses,chittorgarh,6,chittorgarh
INE239T01016,KKV Agro Powers Ltd.,SME,KKVAPOW,,2016-06-30,2016-07-07,2016-07-14,320.00,3.58,Fixed Price,NSE SME,Karvy Investor Services,2016,2006-2019,,,,,,,,,,,,,,,,,,,,,,,,,,,,,,,,,Choice Equity Broking Pvt.Ltd.,chittorgarh,3,chittorgarh,1.00,chittorgarh,25.0,chittorgarh,,,325.00,chittorgarh,342.00,chittorgarh,325.00,chittorgarh,342.00,chittorgarh,Setting up 0.8 MW Wind Energy Project in Tamil Nadu | Erection of 33KV Electricity Transmission Line | Repayment of Term Loan availed from Indian Bank | General Corporate Purposes | Issue Expenses,chittorgarh,4,chittorgarh
INE120V01014,Titaanium Ten Enterprise Ltd.,SME,,539985,2016-06-30,2016-07-05,2016-07-14,15.00,2.72,Fixed Price,BSE SME,Pantomath Capital,2016,2006-2019,,,,,,,,,,,,,,,,,,,,,,,,,,,,,,,,,Rikhav Securities Ltd.,chittorgarh,3,chittorgarh,0.00,chittorgarh,0.0,chittorgarh,,,16.00,chittorgarh,18.00,chittorgarh,15.30,chittorgarh,16.90,chittorgarh,Working Capital Requirements,chittorgarh,3,chittorgarh
INE073V01015,Commercial Syn Bags Ltd.,SME,COMSYN,539986,2016-06-30,2016-07-05,2016-07-14,24.00,7.66,Fixed Price,BSE SME,Pantomath Capital,2016,2006-2019,,,,,,,,,,,,,,,,,,,,,,,,,,,,,,,,,Rikhav Securities Ltd.,chittorgarh,7,chittorgarh,1.00,chittorgarh,12.5,chittorgarh,,,28.80,chittorgarh,28.80,chittorgarh,28.80,chittorgarh,28.80,chittorgarh,Repayment/ Prepayment of certain borrowings availed by the Company | Working Capital requirements | Issue Expenses,chittorgarh,8,chittorgarh
INE184U01012,Advance Syntex Ltd.,SME,,539982,2016-06-30,2016-07-04,2016-07-12,12.00,2.52,Fixed Price,BSE SME,Hem Securities,2016,2006-2019,,,,,,,,,,,,,,,,,,,,,,,,,,,,,,,,,Hem Securities Ltd.,chittorgarh,2,chittorgarh,1.00,chittorgarh,33.3,chittorgarh,,,13.25,chittorgarh,14.20,chittorgarh,12.75,chittorgarh,12.91,chittorgarh,To Meet Working Capital Requirement,chittorgarh,3,chittorgarh
INE819S01025,Zeal Aqua Ltd.,SME,,539963,2016-06-27,2016-06-30,2016-07-07,130.00,14.76,Fixed Price,BSE SME,Corporate Strategic Allianz,2016,2006-2019,,,,,,,,,,,,,,,,,,,,,,,,,,,,,,,,,,,14,chittorgarh,1.00,chittorgarh,6.7,chittorgarh,,,133.00,chittorgarh,138.00,chittorgarh,131.30,chittorgarh,134.60,chittorgarh,Setting up shrimp processing Unit and Individually Quick Frozen(IQF) Shrimp products | General Corporate Purpose | Public Issue Expenses,chittorgarh,15,chittorgarh
INE571U01010,Yash Chemex Ltd.,SME,,539939,2016-06-07,2016-06-10,2016-06-20,23.00,2.51,Fixed Price,BSE SME,Pantomath Capital,2016,2006-2019,,,,,,,,,,,,,,,,,,,,,,,,,,,,,,,,,Rikhav Securities Ltd.,chittorgarh,2,chittorgarh,1.00,chittorgarh,33.3,chittorgarh,,,23.85,chittorgarh,26.00,chittorgarh,23.05,chittorgarh,24.60,chittorgarh,Working Capital | General Corporate Purpose,chittorgarh,3,chittorgarh
INE440T01028,Shanti Educational Initiatives Ltd.,SME,SEIL,539921,2016-06-01,2016-06-06,2016-06-14,90.00,39.60,Fixed Price,BSE SME,Oneview Corporate,2016,2006-2019,,,,,,,,,,,,,,,,,,,,,,,,,,,,,,,,,Guiness Securities Ltd.,chittorgarh,5,chittorgarh,32,chittorgarh,80.0,chittorgarh,,,90.00,chittorgarh,92.00,chittorgarh,87.50,chittorgarh,91.00,chittorgarh,Construction of School Building at Vastralin Gujarat | General Corporate Expenses | Issue Expenses,chittorgarh,40,chittorgarh
INE368U01029,United Polyfab Gujarat Ltd.,SME,UNITEDPOLY,,2016-05-25,2016-05-30,2016-07-07,45.00,7.65,Fixed Price,NSE SME,Corporate Strategic Allianz,2016,2006-2019,,,,,,,,,,,,,,,,,,,,,,,,,,,,,,,,,NNM Securities Pvt.Ltd.,chittorgarh,7,chittorgarh,1.00,chittorgarh,12.5,chittorgarh,,,42.50,chittorgarh,44.00,chittorgarh,42.50,chittorgarh,44.00,chittorgarh,Setting up Spinning unit | Public Issue Expenses,chittorgarh,8,chittorgarh
INE976T01013,Sagardeep Alloys Ltd.,SME,SAGARDEEP,,2016-05-04,2016-05-09,2016-05-17,20.00,6.00,Fixed Price,NSE SME,Chartered Capital,2016,2006-2019,,,,,,,,,,,,,,,,,,,,,,,,,,,,,,,,,Guiness Securities Ltd.,chittorgarh,6,chittorgarh,0.00,chittorgarh,0.0,chittorgarh,,,20.00,chittorgarh,20.00,chittorgarh,19.00,chittorgarh,19.00,chittorgarh,Long Term Working Capital requirements | Issue Expenses,chittorgarh,6,chittorgarh
INE671T01028,Darshan Orna Ltd.,SME,,539884,2016-05-02,2016-05-11,2016-05-19,60.00,7.54,Fixed Price,BSE SME,First Overseas,2016,2006-2019,,,,,,,,,,,,,,,,,,,,,,,,,,,,,,,,,Guiness Securities Ltd.,chittorgarh,7,chittorgarh,1.00,chittorgarh,12.5,chittorgarh,,,60.80,chittorgarh,61.90,chittorgarh,60.80,chittorgarh,61.00,chittorgarh,Working Capital | General Corporate Expenses | Issue Expenses,chittorgarh,8,chittorgarh
INE411U01027,Bajaj Healthcare Ltd.,SME,BAJAJHCARE,539872,2016-04-27,2016-05-02,2016-05-10,170.00,30.90,Fixed Price,BSE SME,Aryaman Financial,2016,2006-2019,,,,,,,,,,,,,,,,,,,,,,,,,,,,,,,,,Aryaman Capital Markets Ltd.,chittorgarh,0.9928,chittorgarh,28,chittorgarh,90.3,chittorgarh,,,170.00,chittorgarh,173.00,chittorgarh,170.00,chittorgarh,171.50,chittorgarh,Repayment of loans | Expenditure for General Corporate Purposes,chittorgarh,31,chittorgarh
INE009U01011,Ghushine Fintrrade Ocean Ltd.,SME,,539864,2016-04-25,2016-04-27,2016-05-05,10.00,2.60,Fixed Price,BSE SME,First Overseas,2016,2006-2019,,,,,,,,,,,,,,,,,,,,,,,,,,,,,,,,,Choice Equity Broking Pvt.Ltd.,chittorgarh,2,chittorgarh,1.00,chittorgarh,33.3,chittorgarh,,,9.00,chittorgarh,9.50,chittorgarh,8.00,chittorgarh,8.00,chittorgarh,Augmenting additional working capital requirements | Public Issue Expense,chittorgarh,3,chittorgarh
INE912T01018,Raghav Ramming Mass Ltd.,SME,RPEL,539837,2016-03-31,2016-04-06,2016-04-13,39.00,7.49,Fixed Price,BSE SME,Hem Securities,2016,2006-2019,,,,,,,,,,,,,,,,,,,,,,,,,,,,,,,,,Hem Securities Ltd.,chittorgarh,7,chittorgarh,0.00,chittorgarh,0.0,chittorgarh,,,41.00,chittorgarh,41.00,chittorgarh,40.00,chittorgarh,40.05,chittorgarh,To Meet Working Capital Requirement | Public Issue Expenses,chittorgarh,7,chittorgarh
INE410U01011,Sysco Industries Ltd.,SME,,539842,2016-03-31,2016-04-05,2016-04-13,10.00,2.17,Fixed Price,BSE SME,Pantomath Capital,2016,2006-2019,,,,,,,,,,,,,,,,,,,,,,,,,,,,,,,,,Rikhav Securities Ltd.,chittorgarh,2,chittorgarh,0.00,chittorgarh,0.0,chittorgarh,,,12.00,chittorgarh,12.00,chittorgarh,12.00,chittorgarh,12.00,chittorgarh,Working Capital Requirement | Issue Expenses,chittorgarh,2,chittorgarh
INE359U01028,Lancer Container Lines Ltd.,SME,LANCER,539841,2016-03-31,2016-04-05,2016-04-13,12.00,1.85,Fixed Price,BSE SME,Pantomath Capital,2016,2006-2019,,,,,,,,,,,,,,,,,,,,,,,,,,,,,,,,,Rikhav Securities Ltd.,chittorgarh,2,chittorgarh,0.00,chittorgarh,0.0,chittorgarh,,,12.60,chittorgarh,12.60,chittorgarh,12.60,chittorgarh,12.60,chittorgarh,Procurement of new containers | Issue Expenses | General Corporate Purposes,chittorgarh,2,chittorgarh
INE812T01010,Ruby Cables Ltd.,SME,,539836,2016-03-30,2016-04-05,2016-04-13,50.00,10.01,Fixed Price,BSE SME,Pantomath Capital,2016,2006-2019,,,,,,,,,,,,,,,,,,,,,,,,,,,,,,,,,Choice Equity Broking Pvt.Ltd.,chittorgarh,9,chittorgarh,1.00,chittorgarh,10.0,chittorgarh,,,50.90,chittorgarh,50.90,chittorgarh,49.20,chittorgarh,50.00,chittorgarh,Working Capital Requirement | General Corporate Purpose | Issue Expenses,chittorgarh,10,chittorgarh
INE399S01010,Franklin Leasing & Finance Ltd.,SME,,539839,2016-03-30,2016-04-05,2016-04-13,15.00,6.34,Fixed Price,BSE SME,Aryaman Financial,2016,2006-2019,,,,,,,,,,,,,,,,,,,,,,,,,,,,,,,,,MSB E-Trade Securities Ltd.,chittorgarh,6,chittorgarh,0.00,chittorgarh,0.0,chittorgarh,,,15.10,chittorgarh,15.20,chittorgarh,15.05,chittorgarh,15.05,chittorgarh,To augment our capital base and provide for our fund requirements for increasing our operational scale with respect to our NBFC activities,chittorgarh,6,chittorgarh
INE395U01014,Nintec Systems Ltd.,SME,NINSYS,539843,2016-03-29,2016-04-06,2016-04-18,10.00,1.88,Fixed Price,BSE SME,Oneview Corporate,2016,2006-2019,,,,,,,,,,,,,,,,,,,,,,,,,,,,,,,,,Guiness Securities Ltd.,chittorgarh,2,chittorgarh,0.00,chittorgarh,0.0,chittorgarh,,,11.70,chittorgarh,12.00,chittorgarh,11.12,chittorgarh,11.40,chittorgarh,To part-finance incremental working capital requirements | General Corporate Expenses | Issue Expenses,chittorgarh,2,chittorgarh
INE043U01010,CHD Chemicals Ltd.,SME,,539800,2016-03-21,2016-03-23,2016-04-01,11.00,1.98,Fixed Price,BSE SME,First Overseas,2016,2006-2019,,,,,,,,,,,,,,,,,,,,,,,,,,,,,,,,,Alacrity Securities Ltd.,chittorgarh,2,chittorgarh,0.00,chittorgarh,0.0,chittorgarh,,,9.20,chittorgarh,10.50,chittorgarh,8.80,chittorgarh,8.80,chittorgarh,To part-finance incremental working capital requirements | Issue Expenses,chittorgarh,2,chittorgarh
INE173U01015,Umiya Tubes Ltd.,SME,,539798,2016-03-18,2016-03-22,2016-04-01,10.00,2.00,Fixed Price,BSE SME,Mehta Integrated Finance,2016,2006-2019,,,,,,,,,,,,,,,,,,,,,,,,,,,,,,,,,Beeline Broking Ltd.,chittorgarh,2,chittorgarh,0.00,chittorgarh,0.0,chittorgarh,,,10.50,chittorgarh,10.60,chittorgarh,10.00,chittorgarh,10.45,chittorgarh,Working Capital Margin | Capital Expenditure for Expansion: Plant and Machinery and Civil Work | Public Issue Expenses | General Corporate Purpose,chittorgarh,2,chittorgarh
INE030U01025,Khemani Distributors & Marketing Ltd.,SME,,539788,2016-03-16,2016-03-18,2016-03-30,100.00,15.84,Fixed Price,BSE SME,Choice Capital,2016,2006-2019,,,,,,,,,,,,,,,,,,,,,,,,,,,,,,,,,Choice Equity Broking Pvt.Ltd.,chittorgarh,15,chittorgarh,1.00,chittorgarh,6.2,chittorgarh,,,105.00,chittorgarh,105.00,chittorgarh,101.00,chittorgarh,101.00,chittorgarh,Repayment of unsecured loans | To meet the working capital requirements | General Corporate Purposes | Issue expenses,chittorgarh,16,chittorgarh
INE558R01013,HEC Infra Projects Ltd.,SME,HECPROJECT,,2016-03-10,2016-03-18,2016-03-30,100.00,5.39,Fixed Price,NSE SME,Sarthi Capital Advisors,2016,2006-2019,,,,,,,,,,,,,,,,,,,,,,,,,,,,,,,,,Wealth First Portfolio Managers Pvt.Ltd.,chittorgarh,5,chittorgarh,0.00,chittorgarh,0.0,chittorgarh,,,102.00,chittorgarh,109.00,chittorgarh,90.00,chittorgarh,97.90,chittorgarh,Working Capital Requirement | Issue Expenses,chittorgarh,5,chittorgarh
INE658T01017,Wealth First Portfolio Managers Ltd.,SME,WEALTH,544536,2016-03-10,2016-03-18,2016-03-30,50.00,8.42,Fixed Price,NSE SME,Sarthi Capital Advisors,2016,2006-2019,,,,,,,,,,,,,,,,,,,,,,,,,,,,,,,,,Innovate Securities Pvt.Ltd.,chittorgarh,8,chittorgarh,0.00,chittorgarh,0.0,chittorgarh,,,52.00,chittorgarh,52.00,chittorgarh,45.00,chittorgarh,51.50,chittorgarh,Augmenting long term Working Capital for Bond market operations | Technology Upgrade | Expansion of our domestic operations for mutual fund distribution business | Issue Related Expenditure | General Corporate Purpose,chittorgarh,8,chittorgarh
INE773T01014,Relicab Cable Manufacturing Ltd.,SME,,539760,2016-03-09,2016-03-14,2016-03-22,20.00,3.22,Fixed Price,BSE SME,Aryaman Financial,2016,2006-2019,,,,,,,,,,,,,,,,,,,,,,,,,,,,,,,,,Aryaman Capital Markets Ltd.,chittorgarh,3,chittorgarh,0.00,chittorgarh,0.0,chittorgarh,,,20.00,chittorgarh,20.50,chittorgarh,20.00,chittorgarh,20.35,chittorgarh,Technological modifications andcertain augmentations in the factory | Long Term Working Capital | Refundable Security Deposit for Factory Premises | Funding expenditure for General Corporate Purposes,chittorgarh,3,chittorgarh
INE106T01025,Hi-Tech Pipes Ltd.,SME,HITECH,543411,2016-02-15,2016-02-19,2016-02-25,50.00,13.65,Fixed Price,NSE SME,Sarthi Capital Advisors,2016,2006-2019,,,,,,,,,,,,,,,,,,,,,,,,,,,,,,,,,Wealth First Portfolio Managers Pvt.Ltd.,chittorgarh,13,chittorgarh,1.00,chittorgarh,7.1,chittorgarh,,,,,,,,,,,Working Capital Requirements | General Corporate Purposes | Issue Expenses,chittorgarh,14,chittorgarh
INE127T01021,K.P.Energy Ltd.,SME,KPEL,539686,2016-02-15,2016-02-17,2016-02-25,70.00,6.44,Bookbuilding,BSE SME,Aryaman Financial,2016,2006-2019,,,,,,,,,,,,,,,,,,,,,,,,,,,,,,,,,Aryaman Capital Markets Ltd.,chittorgarh,6,chittorgarh,0.00,chittorgarh,0.0,chittorgarh,,,72.00,chittorgarh,72.00,chittorgarh,70.00,chittorgarh,70.95,chittorgarh,"Setting up of 2.10 MW wind power project as part of our IPP initiative, at Matalpar, Bhavnagar, Gujarat | General Corporate Purpose",chittorgarh,6,chittorgarh
INE622Q01019,Sylph Education Solutions Ltd.,SME,,539682,2016-02-10,2016-02-15,2016-02-23,12.00,4.80,Fixed Price,BSE SME,Corporate Strategic Allianz,2016,2006-2019,,,,,,,,,,,,,,,,,,,,,,,,,,,,,,,,,NNM Securities Pvt.Ltd.,chittorgarh,5,chittorgarh,0.00,chittorgarh,0.0,chittorgarh,,,11.70,chittorgarh,11.70,chittorgarh,11.40,chittorgarh,11.40,chittorgarh,To  set  up  two  new  centers  for  establishment  of  Projects for Skill Development | General corporate purpose | Meet the issue expenses,chittorgarh,5,chittorgarh
INE564S01019,Vidli Restaurants Ltd.,SME,,539659,2016-02-03,2016-02-05,2016-02-15,10.00,1.31,Fixed Price,BSE SME,Pantomath Capital,2016,2006-2019,,,,,,,,,,,,,,,,,,,,,,,,,,,,,,,,,BCB Brokerage Pvt.Ltd.,chittorgarh,1,chittorgarh,0.00,chittorgarh,0.0,chittorgarh,,,12.00,chittorgarh,12.00,chittorgarh,12.00,chittorgarh,12.00,chittorgarh,Finance establishment of new food joints | General Corporate Purposes | Issue Expenses,chittorgarh,1,chittorgarh
INE615T01017,Ganga Pharmaceuticals Ltd.,SME,,539680,2016-01-29,2016-02-09,2016-02-22,15.00,1.54,Fixed Price,BSE SME,First Overseas,2016,2006-2019,,,,,,,,,,,,,,,,,,,,,,,,,,,,,,,,,Alacrity Securities Ltd,chittorgarh,2,chittorgarh,0.00,chittorgarh,0.0,chittorgarh,,,14.50,chittorgarh,14.50,chittorgarh,14.50,chittorgarh,14.50,chittorgarh,Deployment of production capacity | Marketing and Brand Building | General Corporate Purpose | Issue Expenses,chittorgarh,2,chittorgarh
INE562S01013,Blueblood Ventures Ltd.,SME,,539637,2016-01-21,2016-01-27,2016-02-08,50.00,7.04,Fixed Price,BSE SME,Quintessence,2016,2006-2019,,,,,,,,,,,,,,,,,,,,,,,,,,,,,,,,,Arch Finance Ltd.,chittorgarh,7,chittorgarh,0.00,chittorgarh,0.0,chittorgarh,,,51.00,chittorgarh,51.00,chittorgarh,44.00,chittorgarh,45.05,chittorgarh,Purchase of FSI | Re-payment of loans | Public issue expenses,chittorgarh,7,chittorgarh
INE841Y01019,Jhandewalas Foods Ltd.,SME,,540850,2017-12-29,2018-01-04,2018-01-12,55.00,16.01,Fixed Price,BSE SME,Oneview Corporate,2017,2006-2019,,,,,,,,,,,,,,,,,,,,,,,,,,,,,,,,,Guiness Securities Ltd.,chittorgarh,15,chittorgarh,1.00,chittorgarh,6.2,chittorgarh,,,66.00,chittorgarh,66.00,chittorgarh,66.00,chittorgarh,66.00,chittorgarh,Funding of working capital requirements of the Company | Issue Expenses,chittorgarh,16,chittorgarh
INE819Y01015,Rithwik Facility Management Services Ltd.,SME,,540843,2017-12-29,2018-01-03,2018-01-11,50.00,4.05,Fixed Price,BSE SME,Inventure Merchant Banker,2017,2006-2019,,,,,,,,,,,,,,,,,,,,,,,,,,,,,,,,,Inventure Growth & Securities Ltd.,chittorgarh,4,chittorgarh,0.00,chittorgarh,0.0,chittorgarh,,,60.00,chittorgarh,60.00,chittorgarh,43.50,chittorgarh,45.45,chittorgarh,To meet working capital requirements,chittorgarh,4,chittorgarh
INE977Y01011,Brand Concepts Ltd.,SME,BCONCEPTS,543442,2017-12-29,2018-01-02,2018-01-10,45.00,12.62,Fixed Price,NSE SME,Sarthi Capital Advisors,2017,2006-2019,,,,,,,,,,,,,,,,,,,,,,,,,,,,,,,,,NNM Securities Pvt.Ltd.,chittorgarh,12,chittorgarh,1.00,chittorgarh,7.7,chittorgarh,,,54.00,chittorgarh,54.00,chittorgarh,54.00,chittorgarh,54.00,chittorgarh,Working Capital Requirements | General Corporate Purpose | Issue Expenses,chittorgarh,13,chittorgarh
INE514Y01020,Moksh Ornaments Ltd.,SME,MOKSH,,2017-12-21,2017-12-26,2018-01-03,37.00,11.03,Fixed Price,NSE SME,Oneview Corporate,2017,2006-2019,,,,,,,,,,,,,,,,,,,,,,,,,,,,,,,,,Guiness Securities Ltd.,chittorgarh,10,chittorgarh,1.00,chittorgarh,9.1,chittorgarh,,,44.40,chittorgarh,44.40,chittorgarh,44.40,chittorgarh,44.40,chittorgarh,Funding of working capital requirements of the Company | Repayment of certain Unsecured Loan availed by the Company | Issue Expenses,chittorgarh,11,chittorgarh
INE820Y01021,Ajooni Biotech Ltd.,SME,AJOONI,,2017-12-20,2017-12-22,2018-01-02,30.00,6.59,Fixed Price,NSE SME,Navigant Corporate,2017,2006-2019,,,,,,,,,,,,,,,,,,,,,,,,,,,,,,,,,Share India Securities Ltd.,chittorgarh,6,chittorgarh,1.00,chittorgarh,14.3,chittorgarh,,,36.00,chittorgarh,36.00,chittorgarh,36.00,chittorgarh,36.00,chittorgarh,To part finance working capital requirements of the Company. | General corporate purposes.,chittorgarh,7,chittorgarh
INE840Y01029,One Point One Solutions Ltd.,SME,ONEPOINT,544748,2017-12-13,2017-12-15,2017-12-26,67.00,44.38,Bookbuilding,NSE SME,Pantomath Capital,2017,2006-2019,,,,,,,,,,,,,,,,,,,,,,,,,,,,,,,,,Pantomath Stock Brokers Pvt.Ltd.,chittorgarh,42,chittorgarh,2.00,chittorgarh,4.5,chittorgarh,,,80.40,chittorgarh,80.40,chittorgarh,80.40,chittorgarh,80.40,chittorgarh,Repayment of Loan | Funding the working capital requirements of the Company | General Corporate Purpose,chittorgarh,44,chittorgarh
INE702Y01013,SMVD Poly Pack Ltd.,SME,SMVD,,2017-12-13,2017-12-15,2017-12-26,55.00,9.02,Fixed Price,NSE SME,Corporate Capitalventures,2017,2006-2019,,,,,,,,,,,,,,,,,,,,,,,,,,,,,,,,,Choice Equity Broking Pvt.Ltd.,chittorgarh,9,chittorgarh,0.00,chittorgarh,0.0,chittorgarh,,,58.00,chittorgarh,59.00,chittorgarh,48.20,chittorgarh,53.60,chittorgarh,Capital Expenditure for Business Expansion | Working Capital Loan requirement | General Corporate Purposes,chittorgarh,9,chittorgarh
INE158R01012,Diggi Multitrade Ltd.,SME,,540811,2017-12-11,2017-12-14,2017-12-22,13.00,3.38,Fixed Price,BSE SME,Gretex Corporate,2017,2006-2019,,,,,,,,,,,,,,,,,,,,,,,,,,,,,,,,,Gretex Share Broking Pvt.Ltd.,chittorgarh,3,chittorgarh,0.00,chittorgarh,0.0,chittorgarh,,,13.25,chittorgarh,14.20,chittorgarh,12.85,chittorgarh,13.03,chittorgarh,Incremental Working Capital Requirement | Issue Expenses,chittorgarh,3,chittorgarh
INE457Y01014,Kids Medical Systems Ltd.,SME,,540812,2017-12-11,2017-12-14,2017-12-22,30.00,6.00,Fixed Price,BSE SME,Gretex Corporate,2017,2006-2019,,,,,,,,,,,,,,,,,,,,,,,,,,,,,,,,,NNM Securities Pvt.Ltd.,chittorgarh,6,chittorgarh,0.00,chittorgarh,0.0,chittorgarh,,,32.40,chittorgarh,36.00,chittorgarh,24.50,chittorgarh,34.35,chittorgarh,"To set up healthcareClinics and purchase of interiors, furniture and allied infrastructure | General Corporate Purpose | Public Issue Expenses",chittorgarh,6,chittorgarh
INE486Y01013,Touchwood Entertainment Ltd.,SME,TOUCHWOOD,,2017-12-11,2017-12-13,2017-12-21,40.00,4.21,Fixed Price,NSE SME,Corporate Capitalventures,2017,2006-2019,,,,,,,,,,,,,,,,,,,,,,,,,,,,,,,,,Choice Equity Broking Pvt.Ltd.,chittorgarh,4,chittorgarh,0.00,chittorgarh,0.0,chittorgarh,,,43.50,chittorgarh,48.00,chittorgarh,43.50,chittorgarh,48.00,chittorgarh,Capital Expenditures for Business Expansion | General Corporate Purpose | Repayment of Loans | Issue Expenses,chittorgarh,4,chittorgarh
INE333Y01017,MRC Exim Ltd.,SME,,540809,2017-12-06,2017-12-08,2017-12-18,15.00,4.50,Fixed Price,BSE SME,Inventure Merchant Banker,2017,2006-2019,,,,,,,,,,,,,,,,,,,,,,,,,,,,,,,,,Choice Equity Broking Pvt.Ltd.,chittorgarh,4,chittorgarh,1.00,chittorgarh,20.0,chittorgarh,,,15.00,chittorgarh,15.00,chittorgarh,12.00,chittorgarh,12.50,chittorgarh,Augmenting additional working capital requirements,chittorgarh,5,chittorgarh
INE600Y01019,Dynamic Cables Ltd.,SME,DYCL,540795,2017-12-04,2017-12-06,2017-12-14,40.00,23.38,Fixed Price,BSE SME,Hem Securities,2017,2006-2019,,,,,,,,,,,,,,,,,,,,,,,,,,,,,,,,,Hem Securities Ltd.,chittorgarh,22,chittorgarh,1.00,chittorgarh,4.3,chittorgarh,,,48.00,chittorgarh,48.00,chittorgarh,48.00,chittorgarh,48.00,chittorgarh,To meet Working capital Requirements | To meet General Corporate Expenses,chittorgarh,23,chittorgarh
INE821Y01011,Ratnabhumi Developers Ltd.,SME,,540796,2017-12-04,2017-12-06,2017-12-14,63.00,23.31,Fixed Price,BSE SME,Corporate Capitalventures,2017,2006-2019,,,,,,,,,,,,,,,,,,,,,,,,,,,,,,,,,Beeline Broking Ltd.,chittorgarh,22,chittorgarh,1.00,chittorgarh,4.3,chittorgarh,,,63.45,chittorgarh,64.90,chittorgarh,63.00,chittorgarh,63.55,chittorgarh,"Acquisition of Land/Plot of Land and other strategic Initiatives | Capital Contribution towards 45% stake in Rajul Projects LLP – Project Ratna Artemus II- Paldi, Ahmedabad (45% of total Construction Cost of ` 728.13 Lakhs for building 48000 Square Feet) | General Corporate Purpose | Meeting Public Issue Expenses",chittorgarh,23,chittorgarh
INE403Y01018,Innovana Thinklabs Ltd.,SME,INNOVANA,544302,2017-11-29,2017-12-04,2017-12-12,70.00,7.70,Fixed Price,NSE SME,Swastika Investmart,2017,2006-2019,,,,,,,,,,,,,,,,,,,,,,,,,,,,,,,,,Beeline Broking Ltd.,chittorgarh,7,chittorgarh,1.00,chittorgarh,12.5,chittorgarh,,,77.00,chittorgarh,84.00,chittorgarh,75.00,chittorgarh,83.60,chittorgarh,To Meet Working Capital Requirement | Capital Expenditure | General Corporate Expenses,chittorgarh,8,chittorgarh
INE520Y01019,ICE Make Refrigeration Ltd.,SME,ICEMAKE,,2017-11-28,2017-11-30,2017-12-08,57.00,23.71,Bookbuilding,NSE SME,Vivro Financial,2017,2006-2019,,,,,,,,,,,,,,,,,,,,,,,,,,,,,,,,,Airan Finstocks Pvt.Ltd.,chittorgarh,23,chittorgarh,1.00,chittorgarh,4.2,chittorgarh,,,68.40,chittorgarh,68.40,chittorgarh,68.40,chittorgarh,68.40,chittorgarh,"To finance the capital expenditure for a. Setting up of a coil manufacturing facility at Dantali, | b. Upgradation of the existing facilities atDantali, | c. Construction of an administration office at Dantali | Expenditure  towards enhancement  of our brand through brand building activities | Investment   in   Bharat   Refrigerations Private Limited     (Wholly     Owned     Subsidiary)     for upgradation of the existing facilities at Chennai | To    meet    the    incremental    working    capital requirement | General Corporate Purpose",chittorgarh,24,chittorgarh
INE715Y01031,Shradha Infraprojects (Nagpur) Ltd.,SME,SHRADHA,,2017-11-27,2017-11-30,2017-12-11,70.00,18.93,Fixed Price,NSE SME,Aryaman Financial,2017,2006-2019,,,,,,,,,,,,,,,,,,,,,,,,,,,,,,,,,Aryaman Capital Markets Ltd.,chittorgarh,14,chittorgarh,4,chittorgarh,21.1,chittorgarh,,,69.80,chittorgarh,72.00,chittorgarh,68.00,chittorgarh,70.25,chittorgarh,Investment  in  Suntech  Infraestate  Nagpur  Private  Limitedto  part  finance  the  construction and development of Residential and Commercial Project “Victoria II” | Acquisition of Land or Land Development Rights | General Corporate Purposes,chittorgarh,19,chittorgarh
INE901X01013,Felix Industries Ltd.,SME,FELIX,,2017-11-23,2017-11-27,2017-12-05,35.00,4.79,Fixed Price,NSE SME,Monarch Networth Capital,2017,2006-2019,,,,,,,,,,,,,,,,,,,,,,,,,,,,,,,,,Monarch Networth Capital Ltd.,chittorgarh,5,chittorgarh,0.00,chittorgarh,0.0,chittorgarh,,,35.50,chittorgarh,36.05,chittorgarh,33.75,chittorgarh,35.80,chittorgarh,Building & Construction cost | Procurement of Machineries | Furniture and Fixtures | Working capital Requirements | General Corporate Purpose | Issue Expenses,chittorgarh,5,chittorgarh
INE761Y01019,Zodiac Energy Ltd.,SME,ZODIAC,543416,2017-11-23,2017-11-27,2017-12-05,52.00,10.14,Fixed Price,NSE SME,Swastika Investmart,2017,2006-2019,,,,,,,,,,,,,,,,,,,,,,,,,,,,,,,,,Beeline Broking Ltd.,chittorgarh,10,chittorgarh,0.00,chittorgarh,0.0,chittorgarh,,,62.40,chittorgarh,62.40,chittorgarh,49.55,chittorgarh,51.10,chittorgarh,Net Incremental Working Capital Requirement | General Corporate Purpose | Public Issue Expenses,chittorgarh,10,chittorgarh
INE625X01026,Silver Touch Technologies Ltd.,SME,SILVERTUC,543525,2017-11-20,2017-11-23,2017-12-01,121.00,40.22,Fixed Price,NSE SME,Chartered Capital,2017,2006-2019,,,,,,,,,,,,,,,,,,,,,,,,,,,,,,,,,Beeline Broking Ltd.,chittorgarh,,,38,chittorgarh,95.0,chittorgarh,,,120.00,chittorgarh,126.00,chittorgarh,120.00,chittorgarh,122.00,chittorgarh,To achieve the benefits of listing the Equity Shares on the Stock Exchange,chittorgarh,40,chittorgarh
INE669Y01022,Sharika Enterprises Ltd.,SME,,540786,2017-11-15,2017-11-17,2017-11-27,43.00,13.87,Fixed Price,BSE SME,Swastika Investmart,2017,2006-2019,,,,,,,,,,,,,,,,,,,,,,,,,,,,,,,,,Beeline Broking Ltd.,chittorgarh,13,chittorgarh,1.00,chittorgarh,7.1,chittorgarh,,,51.60,chittorgarh,51.60,chittorgarh,50.15,chittorgarh,51.60,chittorgarh,To Meet Working Capital Requirement | Public Issue Expenses | General Corporate Expenses,chittorgarh,14,chittorgarh
INE335X01014,Pulz Electronics Ltd.,SME,PULZ,,2017-11-14,2017-11-16,2017-11-24,54.00,3.92,Bookbuilding,NSE SME,Sarthi Capital Advisors,2017,2006-2019,,,,,,,,,,,,,,,,,,,,,,,,,,,,,,,,,Choice Equity Broking Pvt.Ltd.,chittorgarh,4,chittorgarh,0.00,chittorgarh,0.0,chittorgarh,,,64.80,chittorgarh,64.80,chittorgarh,58.30,chittorgarh,64.05,chittorgarh,Acquisitions and Other Strategic Initiatives | General Corporate purposes | Issue expenses,chittorgarh,4,chittorgarh
INE188Y01031,Vertoz Advertising Ltd.,SME,VERTOZ,,2017-11-14,2017-11-16,2017-11-24,108.00,17.11,Fixed Price,NSE SME,Oneview Corporate,2017,2006-2019,,,,,,,,,,,,,,,,,,,,,,,,,,,,,,,,,Guiness Securities Ltd.,chittorgarh,16,chittorgarh,1.00,chittorgarh,5.9,chittorgarh,,,113.00,chittorgarh,129.60,chittorgarh,113.00,chittorgarh,129.60,chittorgarh,Funding of working capital requirements of the Company | Funding of working capital requirements of our Subsidiaries Vertoz Inc. and Vertoz Limited | General Corporate Expenses | Issue Expenses,chittorgarh,17,chittorgarh
INE204Y01010,Sanghvi Brands Ltd.,SME,,540782,2017-11-10,2017-11-14,2017-11-22,69.00,18.96,Fixed Price,BSE SME,Sarthi Capital Advisors,2017,2006-2019,,,,,,,,,,,,,,,,,,,,,,,,,,,,,,,,,NNM Securities Pvt.Ltd.,chittorgarh,18,chittorgarh,1.00,chittorgarh,5.3,chittorgarh,,,75.90,chittorgarh,82.80,chittorgarh,74.00,chittorgarh,82.80,chittorgarh,"usiness Expansion a. Expanding outlets/ distribution of current brand portfolio in India and overseas, b. Acquisitions and development of new brands | arketing and sales promotion of the brands in our portfolio | Strategic Investments for business growth | General Corporate Purpose | Issue expense",chittorgarh,19,chittorgarh
INE635Y01015,ANI Integrated Services Ltd.,SME,AISL,,2017-11-08,2017-11-10,2017-11-20,100.00,25.66,Fixed Price,NSE SME,Hem Securities,2017,2006-2019,,,,,,,,,,,,,,,,,,,,,,,,,,,,,,,,,Hem Finlease Pvt.Ltd.,chittorgarh,16,chittorgarh,9,chittorgarh,34.6,chittorgarh,,,120.00,chittorgarh,120.00,chittorgarh,120.00,chittorgarh,120.00,chittorgarh,Repayment of Bank Borrowings | To meet working capital requirement | General Corporate Expenses,chittorgarh,26,chittorgarh
INE195Y01010,SecUR Credentials Ltd.,SME,SECURCRED,543625,2017-11-01,2017-11-03,2017-11-13,205.00,30.07,Fixed Price,NSE SME,Inventure Merchant Banker,2017,2006-2019,,,,,,,,,,,,,,,,,,,,,,,,,,,,,,,,,Alacrity Securities Ltd.,chittorgarh,29,chittorgarh,1.00,chittorgarh,3.3,chittorgarh,,,208.00,chittorgarh,219.80,chittorgarh,195.00,chittorgarh,198.60,chittorgarh,Meeting Additional Working Capital Requirements | Expansion of Business Activities | Purchase  of  ―SYMPHONY  3.0‖  Software  along  with Database | Marketing and Brand Building | General Corporate Purposes,chittorgarh,30,chittorgarh
INE501Y01019,Sheetal Cool Products Ltd.,SME,SCPL,540757,2017-10-16,2017-10-18,2017-10-30,80.00,24.00,Fixed Price,BSE SME,Oneview Corporate,2017,2006-2019,,,,,,,,,,,,,,,,,,,,,,,,,,,,,,,,,Guiness Securities Ltd.,chittorgarh,23,chittorgarh,1.00,chittorgarh,4.2,chittorgarh,,,96.00,chittorgarh,96.00,chittorgarh,80.50,chittorgarh,86.60,chittorgarh,"To purchase additional plant & machineries at the existing manufacturing facility at Amreli, Gujarat | Funding of working capital requirements of the Company | General Corporate Expenses | Issue Expenses",chittorgarh,24,chittorgarh
INE282Y01016,Kaarya Facilities & Services Ltd.,SME,,540756,2017-10-12,2017-10-17,2017-10-27,40.00,6.40,Fixed Price,BSE SME,First Overseas,2017,2006-2019,,,,,,,,,,,,,,,,,,,,,,,,,,,,,,,,,K.K.Securities Ltd.,chittorgarh,6,chittorgarh,0.00,chittorgarh,0.0,chittorgarh,,,43.80,chittorgarh,48.00,chittorgarh,36.10,chittorgarh,48.00,chittorgarh,To meet working capital requirements | Purchase of Equipment | Purchase ERP Software | Purchase of Employee Uniforms,chittorgarh,6,chittorgarh
INE266Y01019,D.P.Abhushan Ltd.,SME,DPABHUSHAN,544161,2017-10-09,2017-10-11,2017-10-23,28.00,16.61,Fixed Price,NSE SME,Hem Securities,2017,2006-2019,,,,,,,,,,,,,,,,,,,,,,,,,,,,,,,,,Hem Finlease Pvt.Ltd.,chittorgarh,16,chittorgarh,1.00,chittorgarh,5.9,chittorgarh,,,33.60,chittorgarh,33.60,chittorgarh,32.65,chittorgarh,33.60,chittorgarh,To meet Working Capital Requirements | To meet General Corporate Expenses,chittorgarh,17,chittorgarh
INE376Y01016,Milton Industries Ltd.,SME,MILTON,,2017-09-29,2017-10-06,2017-10-16,34.00,14.28,Fixed Price,NSE SME,Swastika Investmart,2017,2006-2019,,,,,,,,,,,,,,,,,,,,,,,,,,,,,,,,,Beeline Broking Ltd.,chittorgarh,14,chittorgarh,0.00,chittorgarh,0.0,chittorgarh,,,40.80,chittorgarh,40.80,chittorgarh,32.20,chittorgarh,34.35,chittorgarh,To Meet Working Capital Requirement | General Corporate Expenses,chittorgarh,14,chittorgarh
INE930X01012,Siddharth Education Services Ltd.,SME,,540736,2017-09-29,2017-10-05,2017-10-12,35.00,10.88,Bookbuilding,BSE SME,Gretex Corporate,2017,2006-2019,,,,,,,,,,,,,,,,,,,,,,,,,,,,,,,,,Gretex Share Broking Pvt.Ltd. Beeline Broking Ltd. NNM Securities Pvt.Ltd.,chittorgarh,10,chittorgarh,1.00,chittorgarh,9.1,chittorgarh,,,36.90,chittorgarh,42.00,chittorgarh,36.00,chittorgarh,42.00,chittorgarh,Establishment of new coaching centres | Acquisition of human resource training centres | Digital Marketing and Online Training | General Corporate Purpose,chittorgarh,11,chittorgarh
INE402Y01028,Shreeji Translogistics Ltd.,SME,,540738,2017-09-29,2017-10-05,2017-10-13,130.00,12.40,Fixed Price,BSE SME,Aryaman Financial,2017,2006-2019,,,,,,,,,,,,,,,,,,,,,,,,,,,,,,,,,Aryaman Capital Markets Ltd.,chittorgarh,2,chittorgarh,10,chittorgarh,83.3,chittorgarh,,,156.00,chittorgarh,156.00,chittorgarh,131.00,chittorgarh,132.00,chittorgarh,Funding Working Capital Requirement | Expenditure for General Corporate Purposes,chittorgarh,12,chittorgarh
INE338Y01016,Omfurn India Ltd.,SME,OMFURN,,2017-09-29,2017-10-05,2017-10-13,23.00,4.17,Fixed Price,NSE SME,Sarthi Capital Advisors,2017,2006-2019,,,,,,,,,,,,,,,,,,,,,,,,,,,,,,,,,,,4,chittorgarh,0.00,chittorgarh,0.0,chittorgarh,,,27.60,chittorgarh,27.60,chittorgarh,21.50,chittorgarh,22.85,chittorgarh,Expansion Project | General Corporate Purposes | Issue Expenses,chittorgarh,4,chittorgarh
INE319Y01016,Tirupati Forge Ltd.,SME,FORGE,,2017-09-29,2017-10-04,2017-10-12,29.00,5.22,Fixed Price,NSE SME,Pantomath Capital,2017,2006-2019,,,,,,,,,,,,,,,,,,,,,,,,,,,,,,,,,Pantomath Stock Brokers Pvt.Ltd.,chittorgarh,5,chittorgarh,0.00,chittorgarh,0.0,chittorgarh,,,34.80,chittorgarh,34.80,chittorgarh,30.50,chittorgarh,34.10,chittorgarh,Working Capital Requirements | Repayment of Loan | General Corporate Purpose,chittorgarh,5,chittorgarh
INE351Y01019,Beta Drugs Ltd.,SME,BETA,,2017-09-29,2017-10-04,2017-10-12,85.00,19.52,Fixed Price,NSE SME,Pantomath Capital,2017,2006-2019,,,,,,,,,,,,,,,,,,,,,,,,,,,,,,,,,Pantomath Stock Brokers Pvt.Ltd.,chittorgarh,18,chittorgarh,2.00,chittorgarh,10.0,chittorgarh,,,102.00,chittorgarh,102.00,chittorgarh,92.00,chittorgarh,101.95,chittorgarh,Purchase of new plant and machinery and upgradtion of the existing plant and machinery | Civil Construction work at existing manufacturing unit. | To obtain registration of European Union GMP & Pharmaceutical Inspection Co-operation Scheme | Working Capital | General Corporate Purpose,chittorgarh,20,chittorgarh
INE289S01013,CMM Infraprojects Ltd.,SME,CMMIPL,,2017-09-29,2017-10-04,2017-10-12,40.00,18.18,Fixed Price,NSE SME,Systematix Corporate,2017,2006-2019,,,,,,,,,,,,,,,,,,,,,,,,,,,,,,,,,Systematix Shares & Stocks (India) Ltd.,chittorgarh,17,chittorgarh,1.00,chittorgarh,5.6,chittorgarh,,,46.50,chittorgarh,48.00,chittorgarh,38.65,chittorgarh,42.25,chittorgarh,Working Capital Requirements | General Corporate Purposes,chittorgarh,18,chittorgarh
INE864K01010,IRIS Business Services Ltd.,SME,IRIS,540735,2017-09-29,2017-10-04,2017-10-11,32.00,16.01,Fixed Price,BSE SME,Pantomath Capital,2017,2006-2019,,,,,,,,,,,,,,,,,,,,,,,,,,,,,,,,,Asit C.Mehta Investment Interrmediates Ltd.,chittorgarh,15,chittorgarh,1.00,chittorgarh,6.2,chittorgarh,,,34.00,chittorgarh,38.40,chittorgarh,34.00,chittorgarh,35.35,chittorgarh,Repayment of debt | Sales & Marketing | Product Development | General Corporate Purpose,chittorgarh,16,chittorgarh
INE414Y01015,Shree Ganesh Remedies Ltd.,SME,,540737,2017-09-28,2017-10-05,2017-10-13,36.00,8.55,Fixed Price,BSE SME,Fedex Securities,2017,2006-2019,,,,,,,,,,,,,,,,,,,,,,,,,,,,,,,,,,,8,chittorgarh,1.00,chittorgarh,11.1,chittorgarh,,,40.00,chittorgarh,40.00,chittorgarh,29.75,chittorgarh,33.00,chittorgarh,Setting up a new Choloro Compound derivatives manufacturing plant with a proposed capacity of 200 MTPA at Ankleshwar GIDC Gujarat | General Corporate Purposes,chittorgarh,9,chittorgarh
INE039O01029,Jash Engineering Ltd.,SME,JASH,544402,2017-09-28,2017-10-03,2017-10-11,120.00,48.01,Bookbuilding,NSE SME,Systematix Corporate,2017,2006-2019,,,,,,,,,,,,,,,,,,,,,,,,,,,,,,,,,Systematix Shares & Stocks (India) Ltd.,chittorgarh,25,chittorgarh,21,chittorgarh,43.8,chittorgarh,,,144.00,chittorgarh,144.00,chittorgarh,143.80,chittorgarh,144.00,chittorgarh,"To meet working capital requirement of the Company, Expansion of Manufacturing facilities at Unit III, to acquire land in SEZ Pithampur and then to set- up a new manufacturing plant (i.e. Unit IV) in SEZ Pithampur to cater to increased export business resulting out of acquisition of Rodney Hunt in USA and Mahr Maschinenbau GmbH in Austria and for General Corporate Purpose. | Fund required for exit of Pragati Fund India Limited including OFS and Pre IPO placement",chittorgarh,48,chittorgarh
INE375Y01018,Reliable Data Services Ltd.,SME,RELIABLE,544207,2017-09-27,2017-10-03,2017-10-11,57.00,14.82,Fixed Price,NSE SME,Swastika Investmart,2017,2006-2019,,,,,,,,,,,,,,,,,,,,,,,,,,,,,,,,,Beeline Broking Ltd.,chittorgarh,14,chittorgarh,1.00,chittorgarh,6.7,chittorgarh,,,68.40,chittorgarh,68.40,chittorgarh,68.40,chittorgarh,68.40,chittorgarh,To Meet Working Capital Requirement | Prepayment of Loan | Capital Expenditure | General Corporate Expenses,chittorgarh,15,chittorgarh
INE405Y01021,Goldstar Power Ltd.,SME,GOLDSTAR,,2017-09-27,2017-09-29,2017-10-10,25.00,7.25,Fixed Price,NSE SME,Pantomath Capital,2017,2006-2019,,,,,,,,,,,,,,,,,,,,,,,,,,,,,,,,,Pantomath Stock Brokers Pvt.Ltd.,chittorgarh,7,chittorgarh,0.00,chittorgarh,0.0,chittorgarh,,,27.30,chittorgarh,29.60,chittorgarh,26.30,chittorgarh,26.30,chittorgarh,Working Capital Requirements | General Corporate Purpose,chittorgarh,7,chittorgarh
INE062Y01020,Mehai Technology Ltd.,SME,,540730,2017-09-25,2017-09-28,2017-10-09,40.00,6.00,Fixed Price,BSE SME,SPA Capital,2017,2006-2019,,,,,,,,,,,,,,,,,,,,,,,,,,,,,,,,,Guiness Securities Ltd.,chittorgarh,6,chittorgarh,0.00,chittorgarh,0.0,chittorgarh,,,35.10,chittorgarh,35.10,chittorgarh,32.20,chittorgarh,34.50,chittorgarh,Working Capital Requirements | General Corporate Purposes | Issue Expenses,chittorgarh,6,chittorgarh
INE786W01010,RKEC Projects Ltd.,SME,RKEC,,2017-09-25,2017-09-28,2017-10-09,45.00,28.70,Fixed Price,NSE SME,Hem Securities,2017,2006-2019,,,,,,,,,,,,,,,,,,,,,,,,,,,,,,,,,Hem Finlease Pvt.Ltd.,chittorgarh,20,chittorgarh,8,chittorgarh,27.6,chittorgarh,,,54.00,chittorgarh,54.00,chittorgarh,54.00,chittorgarh,54.00,chittorgarh,To Meet Working Capital Requirement | General Corporate Expenses,chittorgarh,29,chittorgarh
INE695X01011,Vanta Bioscience Ltd.,SME,,540729,2017-09-25,2017-09-27,2017-10-06,50.00,7.56,Fixed Price,BSE SME,Inventure Merchant Banker,2017,2006-2019,,,,,,,,,,,,,,,,,,,,,,,,,,,,,,,,,Inventure Growth & Securities Ltd.,chittorgarh,7,chittorgarh,1.00,chittorgarh,12.5,chittorgarh,,,51.10,chittorgarh,53.85,chittorgarh,50.00,chittorgarh,50.20,chittorgarh,Augmenting additional working capital requirements | General Corporate Purposes,chittorgarh,8,chittorgarh
INE801L01010,Airo Lam Ltd.,SME,AIROLAM,,2017-09-25,2017-09-27,2017-10-06,38.00,15.21,Bookbuilding,NSE SME,Pantomath Capital,2017,2006-2019,,,,,,,,,,,,,,,,,,,,,,,,,,,,,,,,,Pantomath Stock Brokers Pvt.Ltd.,chittorgarh,14,chittorgarh,1.00,chittorgarh,6.7,chittorgarh,,,45.60,chittorgarh,45.60,chittorgarh,45.60,chittorgarh,45.60,chittorgarh,Working Capital Requirements | General Corporate Purpose,chittorgarh,15,chittorgarh
INE070Y01015,Innovative Tyres & Tubes Ltd.,SME,INNOVATIVE,,2017-09-22,2017-09-26,2017-10-05,45.00,28.34,Bookbuilding,NSE SME,Pantomath Capital,2017,2006-2019,,,,,,,,,,,,,,,,,,,,,,,,,,,,,,,,,Goldmine Stocks Pvt.Ltd.,chittorgarh,27,chittorgarh,1.00,chittorgarh,3.6,chittorgarh,,,54.00,chittorgarh,54.00,chittorgarh,46.20,chittorgarh,47.15,chittorgarh,Expansion of existing facility | Long term working capital requirements | General Corporate Purpose,chittorgarh,28,chittorgarh
INE973X01012,Poojawestern Metaliks Ltd.,SME,,540727,2017-09-22,2017-09-26,2017-10-05,36.00,5.48,Fixed Price,BSE SME,Pantomath Capital,2017,2006-2019,,,,,,,,,,,,,,,,,,,,,,,,,,,,,,,,,Pantomath Stock Brokers Pvt.Ltd.,chittorgarh,5,chittorgarh,0.00,chittorgarh,0.0,chittorgarh,,,53.40,chittorgarh,53.40,chittorgarh,53.40,chittorgarh,53.40,chittorgarh,Working Capital Requirements | General Corporate Purpose,chittorgarh,5,chittorgarh
INE238Y01018,Shree Tirupati Balajee FIBC Ltd.,SME,TIRUPATI,,2017-09-21,2017-09-26,2017-10-05,40.00,10.80,Bookbuilding,NSE SME,Pantomath Capital,2017,2006-2019,,,,,,,,,,,,,,,,,,,,,,,,,,,,,,,,,Pantomath Stock Brokers Pvt.Ltd.,chittorgarh,10,chittorgarh,1.00,chittorgarh,9.1,chittorgarh,,,45.00,chittorgarh,47.40,chittorgarh,42.10,chittorgarh,43.05,chittorgarh,Funding working capital requirements of the Company | General corporate purposes,chittorgarh,11,chittorgarh
INE864X01013,D P Wires Ltd.,SME,DPWIRES,543962,2017-09-21,2017-09-26,2017-10-05,75.00,26.88,Fixed Price,NSE SME,Sarthi Capital Advisors,2017,2006-2019,,,,,,,,,,,,,,,,,,,,,,,,,,,,,,,,,Choice Equity Broking Pvt.Ltd.,chittorgarh,26,chittorgarh,1.00,chittorgarh,3.7,chittorgarh,,,78.00,chittorgarh,78.00,chittorgarh,60.00,chittorgarh,75.00,chittorgarh,Working Capital Requirements | General Corporate Purposes | Issue Expenses,chittorgarh,27,chittorgarh
INE071Y01013,Trident Texofab Ltd.,SME,,540726,2017-09-21,2017-09-26,2017-10-05,30.00,3.53,Fixed Price,BSE SME,Oneview Corporate,2017,2006-2019,,,,,,,,,,,,,,,,,,,,,,,,,,,,,,,,,Guiness Securities Ltd.,chittorgarh,3,chittorgarh,1.00,chittorgarh,25.0,chittorgarh,,,68.00,chittorgarh,68.00,chittorgarh,68.00,chittorgarh,68.00,chittorgarh,Funding of working capital requirements of the Company | General Corporate Expenses | Issue Expenses,chittorgarh,4,chittorgarh
INE932X01026,Share India Securities Ltd.,SME,SHAREINDIA,540725,2017-09-21,2017-09-26,2017-10-05,41.00,26.37,Fixed Price,BSE SME,Hem Securities,2017,2006-2019,,,,,,,,,,,,,,,,,,,,,,,,,,,,,,,,,Hem Securities Ltd.,chittorgarh,23,chittorgarh,2,chittorgarh,7.7,chittorgarh,,,92.60,chittorgarh,94.40,chittorgarh,87.50,chittorgarh,93.10,chittorgarh,To Meet Working Capital Requirement | To Meet Capital Expenditure incurred for Branch expansion and distribution centre | To Meet Sales and Marketing Expenditure | General Corporate Expenses,chittorgarh,26,chittorgarh
INE754X01016,Aarvi Encon Ltd.,SME,AARVI,,2017-09-21,2017-09-26,2017-10-05,54.00,21.24,Fixed Price,NSE SME,Sarthi Capital Advisors,2017,2006-2019,,,,,,,,,,,,,,,,,,,,,,,,,,,,,,,,,NNM Securities Pvt.Ltd.,chittorgarh,20,chittorgarh,1.00,chittorgarh,4.8,chittorgarh,,,56.00,chittorgarh,57.80,chittorgarh,54.00,chittorgarh,54.50,chittorgarh,Working Capital Requirements | Acquisitions and Other Strategic Initiatives | General Corporate Purposes | Issue Expenses,chittorgarh,21,chittorgarh
INE090Y01013,Cadsys (India) Ltd.,SME,CADSYS,,2017-09-21,2017-09-25,2017-10-04,70.00,14.70,Fixed Price,NSE SME,Saffron Capital,2017,2006-2019,,,,,,,,,,,,,,,,,,,,,,,,,,,,,,,,,New Berry Capitals Pvt.Ltd.,chittorgarh,14,chittorgarh,1.00,chittorgarh,6.7,chittorgarh,,,84.00,chittorgarh,84.00,chittorgarh,72.10,chittorgarh,84.00,chittorgarh,Part Repayment / prepayment of the long term borrowing availed by the Company | General Corporate purposes,chittorgarh,15,chittorgarh
INE777X01017,AKM Lace & Embrotex Ltd.,SME,,540718,2017-09-20,2017-09-22,2017-09-29,25.00,4.76,Fixed Price,BSE SME,Aryaman Financial,2017,2006-2019,,,,,,,,,,,,,,,,,,,,,,,,,,,,,,,,,MSB E-Trade Securities Ltd.,chittorgarh,5,chittorgarh,0.00,chittorgarh,0.0,chittorgarh,,,25.50,chittorgarh,25.55,chittorgarh,23.60,chittorgarh,24.90,chittorgarh,Working Capital Requirement | General Corporate Purposes,chittorgarh,5,chittorgarh
INE219Y01026,R M Drip & Sprinklers Systems Ltd.,SME,RMDRIP,544456,2017-09-19,2017-09-25,2017-10-04,57.00,11.46,Bookbuilding,NSE SME,Pantomath Capital,2017,2006-2019,,,,,,,,,,,,,,,,,,,,,,,,,,,,,,,,,Pantomath Stock Brokers Pvt.Ltd.,chittorgarh,11,chittorgarh,0.00,chittorgarh,0.0,chittorgarh,,,57.10,chittorgarh,60.50,chittorgarh,57.00,chittorgarh,58.80,chittorgarh,Working Capital Requirements | General Corporate Purposes,chittorgarh,11,chittorgarh
INE105Y01019,Madhya Pradesh Today Media Ltd.,SME,MPTODAY,,2017-09-19,2017-09-21,2017-09-29,66.00,14.18,Fixed Price,NSE SME,Mark Corporate,2017,2006-2019,,,,,,,,,,,,,,,,,,,,,,,,,,,,,,,,,Sparkle Securities Solutions Pvt.Ltd.,chittorgarh,13,chittorgarh,1.00,chittorgarh,7.1,chittorgarh,,,70.00,chittorgarh,79.20,chittorgarh,68.00,chittorgarh,79.20,chittorgarh,Expansion of Business by upgrading Unit Offices in various cities in the State of Madhya Pradesh and Chhatisgarh | Working Capital Requirements | General Corporate Expenses | Issue Expenses,chittorgarh,14,chittorgarh
INE196Y01018,Worth Peripherals Ltd.,SME,WORTHPERI,544577,2017-09-15,2017-09-19,2017-09-27,43.00,18.28,Bookbuilding,NSE SME,Pantomath Capital,2017,2006-2019,,,,,,,,,,,,,,,,,,,,,,,,,,,,,,,,,Pantomath Stock Brokers Pvt.Ltd.,chittorgarh,17,chittorgarh,1.00,chittorgarh,5.6,chittorgarh,,,51.60,chittorgarh,51.60,chittorgarh,51.60,chittorgarh,51.60,chittorgarh,Purchase of Plant & Machinery | Repayment/prepayment of all or certain of the borrowings availed of by the Company | Funding working capital requirements of the company | General Corporate Purposes,chittorgarh,18,chittorgarh
INE146Y01013,Sagar Diamonds Ltd.,SME,,540715,2017-09-14,2017-09-18,2017-09-26,45.00,15.21,Bookbuilding,BSE SME,Gretex Corporate,2017,2006-2019,,,,,,,,,,,,,,,,,,,,,,,,,,,,,,,,,Gretex Share Broking Pvt.Ltd.,chittorgarh,14,chittorgarh,1.00,chittorgarh,6.7,chittorgarh,,,35.55,chittorgarh,35.55,chittorgarh,35.00,chittorgarh,35.00,chittorgarh,To Meet working capital requirementTo Meet working capital requirement | Public issue expenses | General corporate purpose,chittorgarh,15,chittorgarh
INE672X01010,Sri Krishna Metcom Ltd.,SME,BABAFOOD,,2017-09-14,2017-09-18,2017-09-26,55.00,19.25,Fixed Price,NSE SME,Microsec Capital,2017,2006-2019,,,,,,,,,,,,,,,,,,,,,,,,,,,,,,,,,Microsec Capital Ltd.,chittorgarh,2,chittorgarh,16,chittorgarh,84.2,chittorgarh,,,53.95,chittorgarh,53.95,chittorgarh,44.00,chittorgarh,49.00,chittorgarh,Working Capital requirement | Issue Expenses,chittorgarh,19,chittorgarh
INE104Y01012,Manav infra projects Ltd.,SME,MANAV,,2017-09-04,2017-09-08,2017-09-18,30.00,5.51,Fixed Price,NSE SME,Navigant Corporate,2017,2006-2019,,,,,,,,,,,,,,,,,,,,,,,,,,,,,,,,,Alacrity Securities Ltd.,chittorgarh,5,chittorgarh,1.00,chittorgarh,16.7,chittorgarh,,,32.00,chittorgarh,33.00,chittorgarh,24.00,chittorgarh,24.00,chittorgarh,To part finance incremental working capital requirements of the Company | General corporate purposes,chittorgarh,6,chittorgarh
INE555X01017,Nouritrans Exim Ltd.,SME,,540698,2017-09-04,2017-09-07,2017-09-15,30.00,6.12,Fixed Price,BSE SME,First Overseas,2017,2006-2019,,,,,,,,,,,,,,,,,,,,,,,,,,,,,,,,,Guiness Securities Ltd.,chittorgarh,6,chittorgarh,0.00,chittorgarh,0.0,chittorgarh,,,26.05,chittorgarh,29.20,chittorgarh,24.00,chittorgarh,24.30,chittorgarh,Working Capital | General Corporate Expenses | Issue Expenses,chittorgarh,6,chittorgarh
INE319X01018,A & M Febcon Ltd.,SME,,540697,2017-09-01,2017-09-06,2017-09-14,18.00,6.68,Fixed Price,BSE SME,Gretex Corporate,2017,2006-2019,,,,,,,,,,,,,,,,,,,,,,,,,,,,,,,,,Gretex Share Broking Pvt.Ltd.,chittorgarh,6,chittorgarh,1.00,chittorgarh,14.3,chittorgarh,,,18.00,chittorgarh,18.60,chittorgarh,14.40,chittorgarh,18.00,chittorgarh,To Meet working capital requirement | General corporate purpose,chittorgarh,7,chittorgarh
INE109Y01011,Dhruv Wellness Ltd.,SME,,540695,2017-08-31,2017-09-04,2017-09-12,20.00,5.57,Fixed Price,BSE SME,Gretex Corporate,2017,2006-2019,,,,,,,,,,,,,,,,,,,,,,,,,,,,,,,,,NNM Securities Pvt.Ltd.,chittorgarh,5,chittorgarh,1.00,chittorgarh,16.7,chittorgarh,,,19.60,chittorgarh,20.20,chittorgarh,19.35,chittorgarh,19.50,chittorgarh,Working Capital Requirement | General Corporate Purpose | Public Issue Expenses,chittorgarh,6,chittorgarh
INE236W01016,ANG Lifesciences India Ltd.,SME,,540694,2017-08-29,2017-08-31,2017-09-08,80.00,12.01,Fixed Price,BSE SME,Oneview Corporate,2017,2006-2019,,,,,,,,,,,,,,,,,,,,,,,,,,,,,,,,,Guiness Securities Ltd.,chittorgarh,11,chittorgarh,1.00,chittorgarh,8.3,chittorgarh,,,96.00,chittorgarh,96.00,chittorgarh,96.00,chittorgarh,96.00,chittorgarh,To meet the working capital requirement | To meet the Issue Expenses,chittorgarh,12,chittorgarh
INE124Y01028,Pashupati Cotspin Ltd.,SME,PASHUPATI,544448,2017-08-28,2017-08-31,2017-09-08,75.00,20.88,Fixed Price,NSE SME,Hem Securities,2017,2006-2019,,,,,,,,,,,,,,,,,,,,,,,,,,,,,,,,,Monarch Networth Capital Ltd.,chittorgarh,19,chittorgarh,2.00,chittorgarh,9.5,chittorgarh,,,77.00,chittorgarh,77.00,chittorgarh,75.00,chittorgarh,75.00,chittorgarh,Expansion of Business through strategic investment | Additional Working Capital | General Corporate Expenses,chittorgarh,21,chittorgarh
INE145Y01023,Shish Industries Ltd.,SME,,540693,2017-08-23,2017-08-28,2017-09-05,30.00,4.06,Fixed Price,BSE SME,Corporate Capitalventures,2017,2006-2019,,,,,,,,,,,,,,,,,,,,,,,,,,,,,,,,,Beeline Broking Ltd.,chittorgarh,4,chittorgarh,0.00,chittorgarh,0.0,chittorgarh,,,32.00,chittorgarh,36.00,chittorgarh,32.00,chittorgarh,32.95,chittorgarh,Capital Expenditure | Incremental Working Capital | General Corporate Purpose | Public Issue Expenses,chittorgarh,4,chittorgarh
INE782X01033,Servotech Power Systems Ltd.,SME,SERVOTECH,,2017-08-09,2017-08-14,2017-08-24,31.00,15.13,Fixed Price,NSE SME,Sarthi Capital Advisors,2017,2006-2019,,,,,,,,,,,,,,,,,,,,,,,,,,,,,,,,,Choice Equity Broking Pvt.Ltd.,chittorgarh,14,chittorgarh,1.00,chittorgarh,6.7,chittorgarh,,,30.70,chittorgarh,32.00,chittorgarh,30.70,chittorgarh,31.85,chittorgarh,Working Capital Requirements | General Corporate Purpose | Issue Expenses,chittorgarh,15,chittorgarh
INE669X01032,Geekay Wires Ltd.,SME,GEEKAYWIRE,,2017-08-09,2017-08-14,2017-08-24,33.00,11.00,Fixed Price,NSE SME,Aryaman Financial,2017,2006-2019,,,,,,,,,,,,,,,,,,,,,,,,,,,,,,,,,Aryaman Capital Markets Ltd.,chittorgarh,10,chittorgarh,1.00,chittorgarh,9.1,chittorgarh,,,33.35,chittorgarh,33.70,chittorgarh,33.15,chittorgarh,33.25,chittorgarh,Long term working capital requirement | Expenditure for General Corporate Purposes,chittorgarh,11,chittorgarh
INE500X01013,Lexus Granito (India) Ltd.,SME,LEXUS,,2017-08-09,2017-08-11,2017-08-23,45.00,25.92,Bookbuilding,NSE SME,Pantomath Capital,2017,2006-2019,,,,,,,,,,,,,,,,,,,,,,,,,,,,,,,,,Pantomath Stock Brokers Pvt.Ltd.,chittorgarh,25,chittorgarh,1.00,chittorgarh,3.8,chittorgarh,,,53.00,chittorgarh,54.00,chittorgarh,53.00,chittorgarh,54.00,chittorgarh,Working Capital Requirement | General corporate purposes,chittorgarh,26,chittorgarh
INE344X01016,Ashok Masala Mart Ltd.,SME,,540681,2017-08-07,2017-08-11,2017-08-22,10.00,2.01,Fixed Price,BSE SME,Navigant Corporate,2017,2006-2019,,,,,,,,,,,,,,,,,,,,,,,,,,,,,,,,,Alacrity Securities Ltd.,chittorgarh,2,chittorgarh,0.00,chittorgarh,0.0,chittorgarh,,,9.50,chittorgarh,9.50,chittorgarh,9.50,chittorgarh,9.50,chittorgarh,To part-finance the purchase of new corporate office and its interior expenses | To part-finance incremental working capital requirements | General Corporate Purpose,chittorgarh,2,chittorgarh
INE972X01022,Vaishali Pharma Ltd.,SME,VAISHALI,,2017-08-07,2017-08-10,2017-08-22,72.00,14.23,Bookbuilding,NSE SME,Pantomath Capital,2017,2006-2019,,,,,,,,,,,,,,,,,,,,,,,,,,,,,,,,,Pantomath Stock Brokers Pvt.Ltd.,chittorgarh,13,chittorgarh,1.00,chittorgarh,7.1,chittorgarh,,,71.90,chittorgarh,73.00,chittorgarh,66.55,chittorgarh,70.35,chittorgarh,Working Capital Requirement | General corporate purposes,chittorgarh,14,chittorgarh
INE082W01014,Surevin BPO Services Ltd.,SME,WEWIN,543535,2017-07-28,2017-08-01,2017-08-09,40.00,3.65,Bookbuilding,NSE SME,Hem Securities,2017,2006-2019,,,,,,,,,,,,,,,,,,,,,,,,,,,,,,,,,Hem Finlease Pvt.Ltd.,chittorgarh,3,chittorgarh,1.00,chittorgarh,25.0,chittorgarh,,,48.00,chittorgarh,48.00,chittorgarh,38.30,chittorgarh,40.20,chittorgarh,To Meet Working Capital Requirement | General Corporate Purpose,chittorgarh,4,chittorgarh
INE632W01016,Globalspace Technologies Ltd.,SME,,540654,2017-07-26,2017-07-28,2017-08-07,66.00,20.02,Fixed Price,BSE SME,Choice Capital,2017,2006-2019,,,,,,,,,,,,,,,,,,,,,,,,,,,,,,,,,Choice Equity Broking Pvt.Ltd.,chittorgarh,19,chittorgarh,1.00,chittorgarh,5.0,chittorgarh,,,60.05,chittorgarh,60.05,chittorgarh,60.05,chittorgarh,60.05,chittorgarh,Expenditure on Research and Development | Advertising and sales promotion | Funding incremental working capital requirements | General Corporate Purposes,chittorgarh,20,chittorgarh
INE336X01012,Total Transport Systems Ltd.,SME,TOTAL,,2017-07-25,2017-07-28,2017-08-07,45.00,17.01,Fixed Price,NSE SME,Sarthi Capital Advisors,2017,2006-2019,,,,,,,,,,,,,,,,,,,,,,,,,,,,,,,,,Choice Equity Broking Pvt.Ltd.,chittorgarh,16,chittorgarh,1.00,chittorgarh,5.9,chittorgarh,,,54.00,chittorgarh,54.00,chittorgarh,54.00,chittorgarh,54.00,chittorgarh,Working Capital Requirements | General Corporate Purpose | Issue Expenses,chittorgarh,17,chittorgarh
INE586X01012,Keerti Knowledge & Skills Ltd.,SME,GTECJAINX,,2017-07-24,2017-07-28,2017-08-07,52.00,4.06,Fixed Price,NSE SME,Navigant Corporate,2017,2006-2019,,,,,,,,,,,,,,,,,,,,,,,,,,,,,,,,,Alacrity Securities Ltd.,chittorgarh,4,chittorgarh,0.00,chittorgarh,0.0,chittorgarh,,,51.00,chittorgarh,52.40,chittorgarh,49.00,chittorgarh,51.25,chittorgarh,"To Expand Company Owned and Company Operated (COCO) Centers through our wholly owned subsidiaries i.e. Keerti Institute India Private Limited (KIIPL) and Keerti Tutorials India Private Limited (KTIPL) | To Develop E- Applications and E Programs. | Developing an end to end software/ Portal for Recruitment, Training and Placement | General corporate purposes",chittorgarh,4,chittorgarh
INE933X01016,Shanti Overseas (India) Ltd.,SME,SHANTI,,2017-07-21,2017-07-26,2017-08-03,50.00,10.02,Fixed Price,NSE SME,Hem Securities,2017,2006-2019,,,,,,,,,,,,,,,,,,,,,,,,,,,,,,,,,Hem Finlease Pvt.Ltd.,chittorgarh,9,chittorgarh,1.00,chittorgarh,10.0,chittorgarh,,,60.00,chittorgarh,60.00,chittorgarh,41.00,chittorgarh,42.90,chittorgarh,"To purchase machineries for the proposed Soyabean processing plant at Dhannad, Dist. Indore, Madhya Pradesh | To make investment in the Subsidiary Company, Shaan Agro Oils & Extractions Private Limited | To meet General Corporate Expenses",chittorgarh,10,chittorgarh
INE931X01010,Captain Technocast Ltd.,SME,,540652,2017-07-20,2017-07-24,2017-08-01,40.00,5.70,Fixed Price,BSE SME,Hem Securities,2017,2006-2019,,,,,,,,,,,,,,,,,,,,,,,,,,,,,,,,,Hem Securities Ltd.,chittorgarh,3,chittorgarh,2,chittorgarh,33.3,chittorgarh,,,47.40,chittorgarh,48.50,chittorgarh,47.40,chittorgarh,48.50,chittorgarh,To Meet Working Capital Requirement | General Corporate Expenses,chittorgarh,6,chittorgarh
INE943X01015,Jigar Cables Ltd.,SME,,540651,2017-07-18,2017-07-20,2017-07-28,30.00,5.59,Fixed Price,BSE SME,Pantomath Capital,2017,2006-2019,,,,,,,,,,,,,,,,,,,,,,,,,,,,,,,,,Pantomath Stock Brokers Pvt.Ltd.,chittorgarh,5,chittorgarh,1.00,chittorgarh,16.7,chittorgarh,,,33.15,chittorgarh,36.00,chittorgarh,33.00,chittorgarh,36.00,chittorgarh,"Repayment/ Prepayment , in full or in part, of certain borrowings availed by the Company | Working Capital requirements | General Corporate Purposes",chittorgarh,6,chittorgarh
INE562X01013,Univastu India Ltd.,SME,UNIVASTU,,2017-07-14,2017-07-19,2017-07-27,40.00,5.99,Fixed Price,NSE SME,Inventure Merchant Banker,2017,2006-2019,,,,,,,,,,,,,,,,,,,,,,,,,,,,,,,,,Inventure Growth & Securities Ltd.,chittorgarh,6,chittorgarh,0.00,chittorgarh,0.0,chittorgarh,,,48.00,chittorgarh,48.00,chittorgarh,38.50,chittorgarh,40.20,chittorgarh,Augmenting additional working capital requirements | Purchase of Equipment & Tools | General Corporate Purposes,chittorgarh,6,chittorgarh
INE632X01030,Shrenik Ltd.,SME,SHRENIK,,2017-07-06,2017-07-10,2017-07-18,40.00,21.60,Fixed Price,NSE SME,Pantomath Capital,2017,2006-2019,,,,,,,,,,,,,,,,,,,,,,,,,,,,,,,,,Pantomath Stock Brokers Pvt.Ltd.,chittorgarh,20,chittorgarh,2.00,chittorgarh,9.1,chittorgarh,,,41.90,chittorgarh,48.00,chittorgarh,41.90,chittorgarh,48.00,chittorgarh,Working Capital Requirement | General corporate purposes,chittorgarh,22,chittorgarh
INE413X01035,7NR Retail Ltd.,SME,,540615,2017-07-05,2017-07-10,2017-07-18,27.00,5.12,Fixed Price,BSE SME,Oneview Corporate,2017,2006-2019,,,,,,,,,,,,,,,,,,,,,,,,,,,,,,,,,Guiness Securities Ltd.,chittorgarh,5,chittorgarh,0.00,chittorgarh,0.0,chittorgarh,,,27.00,chittorgarh,27.10,chittorgarh,26.75,chittorgarh,27.00,chittorgarh,To meet the working capital requirement | To meet the Issue Expenses,chittorgarh,5,chittorgarh
INE694X01030,G G Engineering Ltd.,SME,,540614,2017-06-30,2017-07-07,2017-07-17,20.00,2.23,Fixed Price,BSE SME,Navigant Corporate,2017,2006-2019,,,,,,,,,,,,,,,,,,,,,,,,,,,,,,,,,Naysaa Securities Ltd.,chittorgarh,2,chittorgarh,0.00,chittorgarh,0.0,chittorgarh,,,21.00,chittorgarh,21.00,chittorgarh,19.90,chittorgarh,20.70,chittorgarh,To part-finance incremental working capital requirements | General Corporate Purpose,chittorgarh,2,chittorgarh
INE668X01018,Bansal Multiflex Ltd.,SME,BANSAL,,2017-06-30,2017-07-04,2017-07-12,31.00,6.20,Fixed Price,NSE SME,Pantomath Capital,2017,2006-2019,,,,,,,,,,,,,,,,,,,,,,,,,,,,,,,,,Pantomath Stock Brokers Pvt.Ltd.,chittorgarh,6,chittorgarh,0.00,chittorgarh,0.0,chittorgarh,,,34.00,chittorgarh,36.85,chittorgarh,32.70,chittorgarh,35.70,chittorgarh,Working Capital Requirement | General corporate purposes,chittorgarh,6,chittorgarh
INE792X01016,Transwind Infrastructures Ltd.,SME,TRANSWIND,,2017-06-30,2017-07-04,2017-07-12,27.00,7.29,Fixed Price,NSE SME,Swastika Investmart,2017,2006-2019,,,,,,,,,,,,,,,,,,,,,,,,,,,,,,,,,Beeline Broking Ltd.,chittorgarh,7,chittorgarh,0.00,chittorgarh,0.0,chittorgarh,,,30.85,chittorgarh,32.40,chittorgarh,30.85,chittorgarh,32.40,chittorgarh,Capital Expenditure | Working Capital Requirement | General Corporate Purpose | Public Issue Expenses,chittorgarh,7,chittorgarh
INE543V01017,Ace Integrated Solutions Ltd.,SME,ACEINTEG,,2017-06-29,2017-07-05,2017-07-13,40.00,7.20,Fixed Price,NSE SME,D&A Financial,2017,2006-2019,,,,,,,,,,,,,,,,,,,,,,,,,,,,,,,,,Choice Equity Broking Pvt.Ltd.,chittorgarh,7,chittorgarh,0.00,chittorgarh,0.0,chittorgarh,,,38.90,chittorgarh,41.80,chittorgarh,38.90,chittorgarh,39.55,chittorgarh,Working Capital Requirement | General Corporate Purposes | Issue Expenses,chittorgarh,7,chittorgarh
INE721X01015,Gautam Exim Ltd.,SME,,540613,2017-06-29,2017-07-03,2017-07-11,40.00,3.32,Fixed Price,BSE SME,Pantomath Capital,2017,2006-2019,,,,,,,,,,,,,,,,,,,,,,,,,,,,,,,,,Pantomath Stock Brokers Pvt.Ltd.,chittorgarh,3,chittorgarh,0.00,chittorgarh,0.0,chittorgarh,,,40.00,chittorgarh,44.70,chittorgarh,34.00,chittorgarh,43.85,chittorgarh,Working Capital Requirement | General corporate purposes,chittorgarh,3,chittorgarh
INE728W01012,Pushpanjali Realms & Infratech Ltd.,SME,PUSHPREALM,,2017-06-27,2017-06-30,2017-07-10,55.00,14.55,Fixed Price,NSE SME,Sarthi Capital Advisors,2017,2006-2019,,,,,,,,,,,,,,,,,,,,,,,,,,,,,,,,,Choice Equity Broking Pvt.Ltd.,chittorgarh,14,chittorgarh,1.00,chittorgarh,6.7,chittorgarh,,,55.00,chittorgarh,56.00,chittorgarh,52.00,chittorgarh,55.45,chittorgarh,To meet the fund requirements for execution of the Ongoing Projects including working Capital Requirements | General Corporate Purposes | Issue Expenses,chittorgarh,15,chittorgarh
INE113X01015,Accord Synergy Ltd.,SME,ACCORD,,2017-06-22,2017-06-28,2017-07-06,60.00,5.83,Fixed Price,NSE SME,Hem Securities,2017,2006-2019,,,,,,,,,,,,,,,,,,,,,,,,,,,,,,,,,Hem Finlease Pvt.Ltd.,chittorgarh,5,chittorgarh,1.00,chittorgarh,16.7,chittorgarh,,,72.00,chittorgarh,72.00,chittorgarh,72.00,chittorgarh,72.00,chittorgarh,To Meet Working Capital Requirement | General Corporate Expenses,chittorgarh,6,chittorgarh
INE581X01021,Globe Textiles (India) Ltd.,SME,GLOBE,,2017-06-12,2017-06-15,2017-06-23,51.00,13.71,Fixed Price,NSE SME,Hem Securities,2017,2006-2019,,,,,,,,,,,,,,,,,,,,,,,,,,,,,,,,,Hem Finlease Pvt.Ltd.,chittorgarh,6,chittorgarh,7,chittorgarh,50.0,chittorgarh,,,50.00,chittorgarh,52.00,chittorgarh,43.70,chittorgarh,50.15,chittorgarh,To Meet Working Capital Requirement | General Corporate Expenses,chittorgarh,14,chittorgarh
INE325X01015,Riddhi Corporate Services Ltd.,SME,,540590,2017-06-12,2017-06-15,2017-06-22,130.00,12.35,Fixed Price,BSE SME,Gretex Corporate,2017,2006-2019,,,,,,,,,,,,,,,,,,,,,,,,,,,,,,,,,Beeline Broking Ltd.,chittorgarh,12,chittorgarh,0.00,chittorgarh,0.0,chittorgarh,,,135.10,chittorgarh,135.10,chittorgarh,134.50,chittorgarh,134.50,chittorgarh,Acquisitions and Other Strategic Initiatives | Capital Expenditure | General Corporate Purpose | Public Issue Expenses,chittorgarh,12,chittorgarh
INE634W01012,Shri Ram Switchgears Ltd.,SME,SRIRAM,,2017-05-25,2017-05-30,2017-06-07,19.00,5.07,Fixed Price,NSE SME,Sarthi Capital Advisors,2017,2006-2019,,,,,,,,,,,,,,,,,,,,,,,,,,,,,,,,,Choice Equity Broking Pvt.Ltd.,chittorgarh,5,chittorgarh,0.00,chittorgarh,0.0,chittorgarh,,,22.80,chittorgarh,22.80,chittorgarh,22.80,chittorgarh,22.80,chittorgarh,Working Capital Requirements including margin money | Issue Expenses,chittorgarh,5,chittorgarh
INE551Q01028,Vadivarhe Speciality Chemicals Ltd.,SME,VSCL,,2017-05-22,2017-05-25,2017-06-02,42.00,14.46,Fixed Price,NSE SME,Hem Securities,2017,2006-2019,,,,,,,,,,,,,,,,,,,,,,,,,,,,,,,,,Hem Finlease Pvt.Ltd.,chittorgarh,2,chittorgarh,12,chittorgarh,85.7,chittorgarh,,,50.40,chittorgarh,50.40,chittorgarh,50.40,chittorgarh,50.40,chittorgarh,To Meet Working Capital Requirement | General Corporate Expenses,chittorgarh,14,chittorgarh
INE796W01019,Yug Decor Ltd.,SME,,540550,2017-05-18,2017-05-23,2017-05-31,26.00,2.88,Fixed Price,BSE SME,Gretex Corporate,2017,2006-2019,,,,,,,,,,,,,,,,,,,,,,,,,,,,,,,,,Gretex Share Broking Pvt.Ltd.,chittorgarh,3,chittorgarh,0.00,chittorgarh,0.0,chittorgarh,,,27.00,chittorgarh,29.90,chittorgarh,26.05,chittorgarh,26.10,chittorgarh,Working Capital Requirement | General Corporate Purpose | Public Issue Expenses,chittorgarh,3,chittorgarh
INE349X01015,Jalan Transolutions (India) Ltd.,SME,JALAN,,2017-05-18,2017-05-23,2017-05-31,46.00,17.71,Fixed Price,NSE SME,Sarthi Capital Advisors,2017,2006-2019,,,,,,,,,,,,,,,,,,,,,,,,,,,,,,,,,Choice Equity Broking Pvt.Ltd.,chittorgarh,17,chittorgarh,1.00,chittorgarh,5.6,chittorgarh,,,42.25,chittorgarh,43.00,chittorgarh,40.55,chittorgarh,41.95,chittorgarh,"Payment for Purchase of goods transportation vehicles | Repayment/pre-payment, in full or part, of certain borrowings availed by the Company | General corporate purposes",chittorgarh,18,chittorgarh
INE986W01016,Bhakti Gems & Jewellery Ltd.,SME,,540545,2017-05-17,2017-05-22,2017-05-30,20.00,3.92,Fixed Price,BSE SME,Oneview Corporate,2017,2006-2019,,,,,,,,,,,,,,,,,,,,,,,,,,,,,,,,,Guiness Securities Ltd.,chittorgarh,4,chittorgarh,0.00,chittorgarh,0.0,chittorgarh,,,18.70,chittorgarh,20.35,chittorgarh,18.50,chittorgarh,20.05,chittorgarh,Funding working capital requirements of the Company | Issue Expenses,chittorgarh,4,chittorgarh
INE343X01026,Meera Industries Ltd.,SME,,540519,2017-04-27,2017-05-04,2017-05-15,36.00,3.89,Fixed Price,BSE SME,Oneview Corporate,2017,2006-2019,,,,,,,,,,,,,,,,,,,,,,,,,,,,,,,,,Guiness Securities Ltd.,chittorgarh,4,chittorgarh,0.00,chittorgarh,0.0,chittorgarh,,,36.00,chittorgarh,37.00,chittorgarh,33.00,chittorgarh,36.05,chittorgarh,"To purchase additional plant and machineries for the existing manufacturing facility at Surat, Gujarat | Setting up of new manufacturing facility to manufacture yarn at Surat, Gujarat | Funding of working capital requirements of the Company | General Corporate Expenses | Total",chittorgarh,4,chittorgarh
INE358U01012,Zota Health Care Ltd.,SME,ZOTA,,2017-04-27,2017-05-02,2017-05-10,125.00,58.50,Bookbuilding,NSE SME,Indian Overseas Bank,2017,2006-2019,,,,,,,,,,,,,,,,,,,,,,,,,,,,,,,,,Pantomath Stock Brokers Pvt.Ltd.,chittorgarh,37,chittorgarh,19,chittorgarh,32.2,chittorgarh,,,140.40,chittorgarh,144.35,chittorgarh,125.50,chittorgarh,125.60,chittorgarh,Repayment/prepayment of certain borrowings availed by the Company | Working capital requirement | General Corporate Purpose,chittorgarh,59,chittorgarh
INE594W01042,Pure Giftcarat Ltd.,SME,,540492,2017-04-26,2017-04-28,2017-05-08,13.00,7.45,Fixed Price,BSE SME,Navigant Corporate,2017,2006-2019,,,,,,,,,,,,,,,,,,,,,,,,,,,,,,,,,Alacrity Securities Ltd.,chittorgarh,7,chittorgarh,0.00,chittorgarh,0.0,chittorgarh,,,10.80,chittorgarh,14.50,chittorgarh,10.80,chittorgarh,13.25,chittorgarh,To Meet Working Capital Requirement | Public Issue Expenses | General Corporate Purpose,chittorgarh,7,chittorgarh
INE977V01017,CKP Products Ltd.,SME,CKPPRODUCT,,2017-04-26,2017-04-28,2017-05-09,50.00,6.24,Fixed Price,NSE SME,Aryaman Financial,2017,2006-2019,,,,,,,,,,,,,,,,,,,,,,,,,,,,,,,,,Aryaman Capital Markets Ltd.,chittorgarh,6,chittorgarh,0.00,chittorgarh,0.0,chittorgarh,,,50.00,chittorgarh,53.10,chittorgarh,50.00,chittorgarh,50.15,chittorgarh,"Funding Working Capital Requirements | Incorporation and Capitalization of Overseas Subsidiary in Ras Al Khaimah (RAK), UAE | General Corporate Purposes",chittorgarh,6,chittorgarh
INE344S01016,InfoBeans Technologies Ltd.,SME,INFOBEAN,543644,2017-04-18,2017-04-21,2017-05-02,58.00,36.78,Fixed Price,NSE SME,Sarthi Capital Advisors,2017,2006-2019,,,,,,,,,,,,,,,,,,,,,,,,,,,,,,,,,Choice Equity Broking Pvt.Ltd.,chittorgarh,35,chittorgarh,2.00,chittorgarh,5.4,chittorgarh,,,69.60,chittorgarh,69.60,chittorgarh,69.60,chittorgarh,69.60,chittorgarh,Acquisitions and Other Strategic Initiatives | Technical Development | Investment in the Subsidiaries | Advertising and Sales Promotion | General Corporate Purposes | Issue Expenses,chittorgarh,37,chittorgarh
INE870V01014,KMS Medisurgi Ltd.,SME,,540468,2017-04-12,2017-04-17,2017-04-24,30.00,2.70,Fixed Price,BSE SME,Navigant Corporate,2017,2006-2019,,,,,,,,,,,,,,,,,,,,,,,,,,,,,,,,,Naysaa Securities Ltd.,chittorgarh,3,chittorgarh,0.00,chittorgarh,0.0,chittorgarh,,,30.00,chittorgarh,32.40,chittorgarh,30.00,chittorgarh,30.50,chittorgarh,To part-finance incremental working capital requirements,chittorgarh,3,chittorgarh
INE895W01019,Panache Digilife Ltd.,SME,PANACHE,,2017-04-11,2017-04-17,2017-04-25,81.00,14.58,Bookbuilding,NSE SME,Pantomath Capital,2017,2006-2019,,,,,,,,,,,,,,,,,,,,,,,,,,,,,,,,,Pantomath Stock Brokers Pvt.Ltd.,chittorgarh,14,chittorgarh,1.00,chittorgarh,6.7,chittorgarh,,,84.00,chittorgarh,86.80,chittorgarh,84.00,chittorgarh,85.75,chittorgarh,Working Capital Requirement | General corporate purposes,chittorgarh,15,chittorgarh
INE112X01025,Sikko Industries Ltd.,SME,SIKKO,,2017-04-05,2017-04-07,2017-04-18,32.00,5.12,Fixed Price,NSE SME,Swastika Investmart,2017,2006-2019,,,,,,,,,,,,,,,,,,,,,,,,,,,,,,,,,Beeline Broking Ltd.,chittorgarh,5,chittorgarh,0.00,chittorgarh,0.0,chittorgarh,,,34.40,chittorgarh,35.50,chittorgarh,34.10,chittorgarh,35.20,chittorgarh,Working Capital Requirement | General Corporate Purpose | Public Issue Expenses,chittorgarh,5,chittorgarh
INE617I01024,ASL Industries Ltd.,SME,AVATAR,,2017-03-31,2017-04-07,2017-04-18,35.00,9.80,Fixed Price,NSE SME,Oneview Corporate,2017,2006-2019,,,,,,,,,,,,,,,,,,,,,,,,,,,,,,,,,Guiness Securities Ltd.,chittorgarh,9,chittorgarh,1.00,chittorgarh,10.0,chittorgarh,,,33.10,chittorgarh,36.00,chittorgarh,32.00,chittorgarh,35.05,chittorgarh,Funding working capital requirements of the Company | General Corporate Expenses | Issue Expenses,chittorgarh,10,chittorgarh
INE964W01021,M.K.Proteins Ltd.,SME,MKPL,543919,2017-03-31,2017-04-07,2017-04-18,70.00,10.23,Fixed Price,NSE SME,Sarthi Capital Advisors,2017,2006-2019,,,,,,,,,,,,,,,,,,,,,,,,,,,,,,,,,Choice Equity Broking Pvt.Ltd.,chittorgarh,10,chittorgarh,0.00,chittorgarh,0.0,chittorgarh,,,72.00,chittorgarh,72.05,chittorgarh,70.20,chittorgarh,72.00,chittorgarh,Working Capital Requirements | Issue Expenses,chittorgarh,10,chittorgarh
INE953W01016,Escorp Asset Management Ltd.,SME,,540455,2017-03-31,2017-04-06,2017-04-17,15.00,3.24,Fixed Price,BSE SME,BCB Brokerage,2017,2006-2019,,,,,,,,,,,,,,,,,,,,,,,,,,,,,,,,,BCB Brokerage Pvt.Ltd.,chittorgarh,3,chittorgarh,0.00,chittorgarh,0.0,chittorgarh,,,15.00,chittorgarh,15.10,chittorgarh,15.00,chittorgarh,15.10,chittorgarh,Repayment of Loans | General Corporate Expenses,chittorgarh,3,chittorgarh
INE060X01034,Dev Information Technology Ltd.,SME,DEVIT,543462,2017-03-31,2017-04-06,2017-04-17,42.00,6.25,Fixed Price,NSE SME,Hem Securities,2017,2006-2019,,,,,,,,,,,,,,,,,,,,,,,,,,,,,,,,,Hem Finlease Pvt.Ltd.,chittorgarh,6,chittorgarh,0.00,chittorgarh,0.0,chittorgarh,,,50.40,chittorgarh,50.40,chittorgarh,50.40,chittorgarh,50.40,chittorgarh,To Meet Working Capital Requirement | General Corporate Expenses,chittorgarh,6,chittorgarh
INE593W01028,Focus Lighting & Fixtures Ltd.,SME,FOCUS,,2017-03-30,2017-04-05,2017-04-13,45.00,4.05,Fixed Price,NSE SME,Sarthi Capital Advisors,2017,2006-2019,,,,,,,,,,,,,,,,,,,,,,,,,,,,,,,,,Choice Equity Broking Pvt.Ltd.,chittorgarh,4,chittorgarh,0.00,chittorgarh,0.0,chittorgarh,,,54.00,chittorgarh,54.00,chittorgarh,54.00,chittorgarh,54.00,chittorgarh,Working Capital Requirements | Issue Expenses,chittorgarh,4,chittorgarh
INE985W01018,Creative Peripherals & Distribution Ltd.,SME,CREATIVE,544631,2017-03-29,2017-04-03,2017-04-12,75.00,13.50,Bookbuilding,NSE SME,Pantomath Capital,2017,2006-2019,,,,,,,,,,,,,,,,,,,,,,,,,,,,,,,,,Pantomath Stock Brokers Pvt.Ltd.,chittorgarh,13,chittorgarh,1.00,chittorgarh,7.1,chittorgarh,,,75.75,chittorgarh,83.75,chittorgarh,75.75,chittorgarh,83.25,chittorgarh,Working Capital Requirement | General corporate purposes,chittorgarh,14,chittorgarh
INE802W01015,Bohra Industries Ltd.,SME,BOHRA,,2017-03-23,2017-03-27,2017-04-05,55.00,25.15,Bookbuilding,NSE SME,Pantomath Capital,2017,2006-2019,,,,,,,,,,,,,,,,,,,,,,,,,,,,,,,,,Pantomath Stock Brokers Pvt.Ltd.,chittorgarh,24,chittorgarh,1.00,chittorgarh,4.0,chittorgarh,,,56.20,chittorgarh,58.40,chittorgarh,55.50,chittorgarh,57.85,chittorgarh,To Purchase of Machinery and Equipment for SSP Expansion | To meet working capital requirements | To meet general corporate purpose,chittorgarh,25,chittorgarh
INE792V01010,Relstruct Buildcon Ltd.,SME,,540426,2017-03-22,2017-03-24,2017-04-05,50.00,23.36,Fixed Price,BSE SME,Monarch Networth Capital,2017,2006-2019,,,,,,,,,,,,,,,,,,,,,,,,,,,,,,,,,Monarch Networth Capital Ltd.,chittorgarh,22,chittorgarh,1.00,chittorgarh,4.3,chittorgarh,,,50.00,chittorgarh,50.00,chittorgarh,46.00,chittorgarh,46.75,chittorgarh,"To finance the development and construction related expenditures of the Green Park Project Boisar, Maharashtra and Stanza, Chembur, Mumbai & Future Projects | Purchase of Equipments | General Corporate Expenses | Issue Expenses",chittorgarh,23,chittorgarh
INE546V01010,Euro India Fresh Foods Ltd.,SME,EIFFL,,2017-03-21,2017-03-24,2017-03-31,78.00,51.26,Fixed Price,NSE SME,Pantomath Capital,2017,2006-2019,,,,,,,,,,,,,,,,,,,,,,,,,,,,,,,,,Pantomath Stock Brokers Pvt.Ltd.,chittorgarh,35,chittorgarh,14,chittorgarh,27.5,chittorgarh,,,82.40,chittorgarh,92.75,chittorgarh,82.40,chittorgarh,89.85,chittorgarh,Repayment of certain unsecured borrowings availed by the Company | Working Capital Requirements | General Corporate Purposes,chittorgarh,51,chittorgarh
INE442V01012,Prime Customer Services Ltd.,SME,,540404,2017-03-20,2017-03-23,2017-03-31,60.00,7.28,Fixed Price,BSE SME,Aryaman Financial,2017,2006-2019,,,,,,,,,,,,,,,,,,,,,,,,,,,,,,,,,Aryaman Capital Markets Ltd.,chittorgarh,2,chittorgarh,5,chittorgarh,71.4,chittorgarh,,,169.00,chittorgarh,169.00,chittorgarh,169.00,chittorgarh,169.00,chittorgarh,Long term working capital requirement | Expenditure for General Corporate Purposes,chittorgarh,7,chittorgarh
INE711V01010,Oceanic Foods Ltd.,SME,,540405,2017-03-20,2017-03-22,2017-03-31,65.00,6.50,Fixed Price,BSE SME,Pantomath Capital,2017,2006-2019,,,,,,,,,,,,,,,,,,,,,,,,,,,,,,,,,Pantomath Stock Brokers Pvt.Ltd.,chittorgarh,6,chittorgarh,1.00,chittorgarh,14.3,chittorgarh,,,65.00,chittorgarh,66.80,chittorgarh,64.00,chittorgarh,65.20,chittorgarh,Working Capital Requirements | General Corporate Purpose,chittorgarh,7,chittorgarh
INE208U01019,Octaware Technologies Ltd.,SME,,540416,2017-03-17,2017-03-24,2017-04-03,90.00,8.60,Fixed Price,BSE SME,Aryaman Financial,2017,2006-2019,,,,,,,,,,,,,,,,,,,,,,,,,,,,,,,,,Aryaman Capital Markets Ltd.,chittorgarh,4,chittorgarh,5,chittorgarh,55.6,chittorgarh,,,91.00,chittorgarh,93.00,chittorgarh,90.10,chittorgarh,90.55,chittorgarh,Investment in the subsidiary company – Octaware Technologies Gulf FZE | General Corporate Purposes,chittorgarh,9,chittorgarh
INE544W01021,Maximus International Ltd.,SME,,540401,2017-03-17,2017-03-22,2017-03-30,25.00,3.77,Fixed Price,BSE SME,Aryaman Financial,2017,2006-2019,,,,,,,,,,,,,,,,,,,,,,,,,,,,,,,,,Aryaman Capital Markets Ltd.,chittorgarh,4,chittorgarh,0.00,chittorgarh,0.0,chittorgarh,,,23.00,chittorgarh,25.55,chittorgarh,23.00,chittorgarh,25.10,chittorgarh,Funding Long Term Working Capital Requirement | Expenditure for General Corporate Purposes,chittorgarh,4,chittorgarh
INE800W01019,Manas Properties Ltd.,SME,,540402,2017-03-17,2017-03-22,2017-03-30,360.00,39.96,Fixed Price,BSE SME,Aryaman Financial,2017,2006-2019,,,,,,,,,,,,,,,,,,,,,,,,,,,,,,,,,Aryaman Capital Markets Ltd.,chittorgarh,3,chittorgarh,35,chittorgarh,87.5,chittorgarh,,,360.55,chittorgarh,364.90,chittorgarh,360.00,chittorgarh,360.20,chittorgarh,Repayment of Loansto make the company debt free | Acquisition of property for expansion of own/lease portfolio | Expenditure for General Corporate Purposes,chittorgarh,40,chittorgarh
INE801V01019,Laxmi Cotspin Ltd.,SME,LAXMICOT,,2017-03-17,2017-03-22,2017-03-31,20.00,9.60,Fixed Price,NSE SME,Hem Securities,2017,2006-2019,,,,,,,,,,,,,,,,,,,,,,,,,,,,,,,,,Hem Finlease Pvt.Ltd.,chittorgarh,,,9,chittorgarh,90.0,chittorgarh,,,21.00,chittorgarh,21.35,chittorgarh,19.50,chittorgarh,19.90,chittorgarh,,,10,chittorgarh
INE784W01015,Manomay Tex India Ltd.,SME,MANOMAY,540396,2017-03-15,2017-03-20,2017-03-28,30.00,11.41,Bookbuilding,BSE SME,Pantomath Capital,2017,2006-2019,,,,,,,,,,,,,,,,,,,,,,,,,,,,,,,,,Pantomath Stock Brokers Pvt.Ltd.,chittorgarh,11,chittorgarh,0.00,chittorgarh,0.0,chittorgarh,,,32.40,chittorgarh,32.40,chittorgarh,30.00,chittorgarh,31.95,chittorgarh,Working capital requirement | General Corporate Purpose,chittorgarh,11,chittorgarh
INE298W01016,Chemcrux Enterprises Ltd.,SME,,540395,2017-03-15,2017-03-20,2017-03-28,18.00,2.40,Fixed Price,BSE SME,Pantomath Capital,2017,2006-2019,,,,,,,,,,,,,,,,,,,,,,,,,,,,,,,,,Pantomath Stock Brokers Pvt.Ltd.,chittorgarh,2,chittorgarh,0.00,chittorgarh,0.0,chittorgarh,,,21.60,chittorgarh,21.60,chittorgarh,21.60,chittorgarh,21.60,chittorgarh,Working Capital Requirements | General Corporate Purpose,chittorgarh,2,chittorgarh
INE801W01017,Jash Dealmark Ltd.,SME,,540394,2017-03-15,2017-03-17,2017-03-27,40.00,5.40,Fixed Price,BSE SME,Gretex Corporate,2017,2006-2019,,,,,,,,,,,,,,,,,,,,,,,,,,,,,,,,,Gretex Share Broking Pvt.Ltd.,chittorgarh,5,chittorgarh,0.00,chittorgarh,0.0,chittorgarh,,,39.80,chittorgarh,40.10,chittorgarh,38.05,chittorgarh,38.05,chittorgarh,Working Capital Requirement | Issue Expenses,chittorgarh,5,chittorgarh
INE645W01026,Airan Ltd.,SME,AIRAN,543811,2017-03-14,2017-03-16,2017-03-24,45.00,14.85,Fixed Price,NSE SME,Swastika Investmart,2017,2006-2019,,,,,,,,,,,,,,,,,,,,,,,,,,,,,,,,,Beeline Broking Ltd.,chittorgarh,14,chittorgarh,1.00,chittorgarh,6.7,chittorgarh,,,54.00,chittorgarh,54.00,chittorgarh,51.35,chittorgarh,53.85,chittorgarh,Working Capital Requirement | Capital Expenditure | General Corporate Purpose | Public Issue Expenses,chittorgarh,15,chittorgarh
INE017W01010,Sarthak Metals Ltd.,SME,SMLT,540393,2017-03-10,2017-03-17,2017-03-27,30.00,10.91,Fixed Price,BSE SME,Oneview Corporate,2017,2006-2019,,,,,,,,,,,,,,,,,,,,,,,,,,,,,,,,,Guiness Securities Ltd.,chittorgarh,4,chittorgarh,6,chittorgarh,54.5,chittorgarh,,,29.45,chittorgarh,31.40,chittorgarh,27.70,chittorgarh,30.75,chittorgarh,To part repayment of existing working capital facility of the Company | General Corporate Purpose | Offer Expenses,chittorgarh,11,chittorgarh
INE714U01024,IFL Enterprises Ltd.,SME,,540377,2017-03-07,2017-03-10,2017-03-21,20.00,3.25,Fixed Price,BSE SME,Aryaman Financial,2017,2006-2019,,,,,,,,,,,,,,,,,,,,,,,,,,,,,,,,,MSB E-Trade Securities Ltd.,chittorgarh,3,chittorgarh,0.00,chittorgarh,0.0,chittorgarh,,,19.80,chittorgarh,20.05,chittorgarh,16.60,chittorgarh,20.05,chittorgarh,Repayment of Unsecured Loans from NBFC | General Corporate Expenses,chittorgarh,3,chittorgarh
INE753W01010,Sanginita Chemicals Ltd.,SME,SANGINITA,,2017-03-01,2017-03-03,2017-03-10,22.00,10.05,Fixed Price,NSE SME,Swastika Investmart,2017,2006-2019,,,,,,,,,,,,,,,,,,,,,,,,,,,,,,,,,Beeline Broking Ltd.,chittorgarh,10,chittorgarh,0.00,chittorgarh,0.0,chittorgarh,,,23.00,chittorgarh,23.45,chittorgarh,22.50,chittorgarh,22.90,chittorgarh,Working Capital Requirement | General Corporate Purpose | Public Issue Expenses,chittorgarh,10,chittorgarh
INE737W01013,Akash Infra-Projects Ltd.,SME,AKASH,,2017-02-28,2017-03-06,2017-03-15,125.00,25.50,Fixed Price,NSE SME,Tipsons Consultancy,2017,2006-2019,,,,,,,,,,,,,,,,,,,,,,,,,,,,,,,,,Beeline Broking Ltd.,chittorgarh,14,chittorgarh,10,chittorgarh,38.5,chittorgarh,,,124.50,chittorgarh,131.60,chittorgarh,124.50,chittorgarh,128.15,chittorgarh,Long term working capital requirement | General Corporate Purpose | Company’s share of Issue related Expenses,chittorgarh,26,chittorgarh
INE655V01019,RMC Switchgears Ltd.,SME,RMC,540358,2017-02-28,2017-03-03,2017-03-14,27.00,4.15,Fixed Price,BSE SME,Hem Securities,2017,2006-2019,,,,,,,,,,,,,,,,,,,,,,,,,,,,,,,,,Hem Securities Ltd.,chittorgarh,2,chittorgarh,2,chittorgarh,50.0,chittorgarh,,,29.50,chittorgarh,32.40,chittorgarh,29.00,chittorgarh,32.40,chittorgarh,To Meet Working Capital Requirement | General Corporate Purpose,chittorgarh,4,chittorgarh
INE439T01012,Nitiraj Engineers Ltd.,SME,NITIRAJ,,2017-02-20,2017-03-01,2017-03-09,100.00,22.01,Fixed Price,NSE SME,Arihant Capital,2017,2006-2019,,,,,,,,,,,,,,,,,,,,,,,,,,,,,,,,,Alacrity Securities Ltd.,chittorgarh,21,chittorgarh,1.00,chittorgarh,4.5,chittorgarh,,,97.00,chittorgarh,97.10,chittorgarh,87.00,chittorgarh,94.50,chittorgarh,Development of new products | Setting up manufacturing Unit for the existing and new range of products | Expansion of Marketing Network and Brand building | General Corporate Purposes | Issue Expenses,chittorgarh,22,chittorgarh
INE978V01015,Tanvi Foods (India) Ltd.,SME,,540332,2017-02-17,2017-02-22,2017-03-02,60.00,6.60,Fixed Price,BSE SME,Aryaman Financial,2017,2006-2019,,,,,,,,,,,,,,,,,,,,,,,,,,,,,,,,,Aryaman Capital Markets Ltd.,chittorgarh,4,chittorgarh,3,chittorgarh,42.9,chittorgarh,,,65.00,chittorgarh,65.00,chittorgarh,60.10,chittorgarh,60.25,chittorgarh,Long term working capital requirement | Expenditure for General Corporate Purposes,chittorgarh,7,chittorgarh
INE291W01037,Global Education Ltd.,SME,GLOBAL,,2017-02-16,2017-02-21,2017-03-02,150.00,10.25,Bookbuilding,NSE SME,Hem Securities,2017,2006-2019,,,,,,,,,,,,,,,,,,,,,,,,,,,,,,,,,Hem Finlease Pvt.Ltd.,chittorgarh,10,chittorgarh,0.00,chittorgarh,0.0,chittorgarh,,,180.00,chittorgarh,180.00,chittorgarh,180.00,chittorgarh,180.00,chittorgarh,To Meet working capital requirement | General corporate purpose,chittorgarh,10,chittorgarh
INE506W01012,Krishana Phoschem Ltd.,SME,KRISHANA,,2017-02-13,2017-02-16,2017-02-27,30.00,19.73,Fixed Price,NSE SME,Hem Securities,2017,2006-2019,,,,,,,,,,,,,,,,,,,,,,,,,,,,,,,,,Hem Finlease Pvt.Ltd.,chittorgarh,,,19,chittorgarh,95.0,chittorgarh,,,36.00,chittorgarh,36.00,chittorgarh,34.00,chittorgarh,36.00,chittorgarh,,,20,chittorgarh
INE395H01011,Steel City Securities Ltd.,SME,STEELCITY,,2017-02-06,2017-02-09,2017-02-17,55.00,26.99,Fixed Price,NSE SME,Keynote Financial,2017,2006-2019,,,,,,,,,,,,,,,,,,,,,,,,,,,,,,,,,Keynote Capitals Ltd.,chittorgarh,14,chittorgarh,12,chittorgarh,44.4,chittorgarh,,,55.00,chittorgarh,56.00,chittorgarh,49.40,chittorgarh,50.10,chittorgarh,Investment in technology upgradation & office infrastructure for expansion of e business | Setting up of AADHAAR Enrolment centre at all the existing branches | Enhancement of the Company’s brand through advertising and other brand-building activities | Working Capital Requirements | Offer Expenses | General Corporate Purpose,chittorgarh,27,chittorgarh
INE813V01022,Madhav Copper Ltd.,SME,MCL,,2017-01-23,2017-01-27,2017-02-06,81.00,4.48,Fixed Price,NSE SME,Pantomath Capital,2017,2006-2019,,20.0,36.0,,1.0,2.0,,0.0,1.0,,0.19,0.3,,6.0,6.0,,12.0,9.0,,-3.0,2.0,,2.0,3.0,36.0,1.0,2.78,33.33,2.0,Mar 2016,2,screener,Pantomath Stock Brokers Pvt.Ltd.,chittorgarh,4,chittorgarh,0.00,chittorgarh,0.0,chittorgarh,,,90.50,chittorgarh,97.20,chittorgarh,85.00,chittorgarh,93.80,chittorgarh,Working Capital Requirements | General Corporate Purpose,chittorgarh,4,chittorgarh
INE459U01018,Super Fine Knitters Ltd.,SME,,540269,2017-01-18,2017-01-24,2017-02-02,12.00,4.08,Fixed Price,BSE SME,Oneview Corporate,2017,2006-2019,,,,,,,,,,,,,,,,,,,,,,,,,,,,,,,,,Guiness Securities Ltd.,chittorgarh,4,chittorgarh,0.00,chittorgarh,0.0,chittorgarh,,,12.60,chittorgarh,12.60,chittorgarh,12.60,chittorgarh,12.60,chittorgarh,"Repayment/ prepayment, in full or part, of certain indebtedness of the Company",chittorgarh,4,chittorgarh
INE02EZ01022,Axita Cotton Ltd.,SME,AXITA,542285,2018-12-27,2019-01-02,2019-01-10,60.00,10.51,Fixed Price,BSE SME,Beeline Broking,2018,2006-2019,,,,,,,,,,,,,,,,,,,,,,,,,,,,,,,,,Beeline Broking Ltd.,chittorgarh,10,chittorgarh,1.00,chittorgarh,9.1,chittorgarh,,,61.00,chittorgarh,64.05,chittorgarh,61.00,chittorgarh,62.10,chittorgarh,Net Incremental Working Capital Requirement,chittorgarh,11,chittorgarh
INE452W01019,Deccan Health Care Ltd.,SME,,542248,2018-12-18,2018-12-20,2018-12-31,100.00,42.12,Bookbuilding,BSE SME,Pantomath Capital,2018,2006-2019,,,,,,,,,,,,,,,,,,,,,,,,,,,,,,,,,Pantomath Stock Brokers Pvt.Ltd.,chittorgarh,20,chittorgarh,20,chittorgarh,47.6,chittorgarh,,,108.00,chittorgarh,113.40,chittorgarh,108.00,chittorgarh,113.40,chittorgarh,Repayment/Prepayment of certain secured borrowings availed by the Company | Purchase of Plant & Machinery and related civil work | General Corporate Purposes,chittorgarh,42,chittorgarh
INE01NE01012,Shankar Lal Rampal Dye-Chem Ltd.,SME,SRD,542232,2018-12-12,2018-12-14,2018-12-24,45.00,7.29,Fixed Price,BSE SME,Finshore Management,2018,2006-2019,,,,,,,,,,,,,,,,,,,,,,,,,,,,,,,,,Shilpa Stock Broker Pvt.Ltd.,chittorgarh,7,chittorgarh,0.00,chittorgarh,0.0,chittorgarh,,,46.15,chittorgarh,47.10,chittorgarh,46.05,chittorgarh,46.80,chittorgarh,Working Capital Requirement | Public issue expenses,chittorgarh,7,chittorgarh
INE02CV01017,DRS Dilip Roadlines Ltd.,SME,DRSDILIP,,2018-11-27,2018-11-30,2018-12-10,75.00,31.50,Fixed Price,NSE SME,Aryaman Financial,2018,2006-2019,,,,,,,,,,,,,,,,,,,,,,,,,,,,,,,,,Aryaman Capital Markets Ltd.,chittorgarh,30,chittorgarh,2.00,chittorgarh,6.2,chittorgarh,,,75.15,chittorgarh,75.45,chittorgarh,75.10,chittorgarh,75.15,chittorgarh,Repayment Of Unsecured Loans | Setting up additional Warehouse in the state of Telangana | Acquiring Additional Branch for Expansion of business | Part repayment of the Cash Credit facilities | Part repayment of the Term Loans | General Corporate Purpose,chittorgarh,32,chittorgarh
INE01GR01018,Diksha Greens Ltd.,SME,,542155,2018-11-26,2018-11-28,2018-12-05,30.00,13.32,Fixed Price,BSE SME,Finshore Management,2018,2006-2019,,,,,,,,,,,,,,,,,,,,,,,,,,,,,,,,,Nikunj Stock Brokers Ltd.,chittorgarh,13,chittorgarh,0.00,chittorgarh,0.0,chittorgarh,,,36.20,chittorgarh,36.20,chittorgarh,35.90,chittorgarh,35.90,chittorgarh,Working Capital Requirement | Public issue expenses,chittorgarh,13,chittorgarh
INE01Z401013,Shubhlaxmi Jewel Art Ltd.,SME,SHUBHLAXMI,,2018-11-22,2018-11-27,2018-12-04,26.00,6.51,Fixed Price,NSE SME,Pantomath Capital,2018,2006-2019,,,,,,,,,,,,,,,,,,,,,,,,,,,,,,,,,Pantomath Stock Brokers Pvt.Ltd.,chittorgarh,6,chittorgarh,1.00,chittorgarh,14.3,chittorgarh,,,27.10,chittorgarh,27.80,chittorgarh,27.10,chittorgarh,27.20,chittorgarh,Funding working capital requirements of the Company | General Corporate Purpose,chittorgarh,7,chittorgarh
INE02AP01013,Roni Households Ltd.,SME,,542145,2018-11-19,2018-11-22,2018-12-03,20.00,3.00,Fixed Price,BSE SME,Aryaman Financial,2018,2006-2019,,,,,,,,,,,,,,,,,,,,,,,,,,,,,,,,,Aryaman Capital Markets Ltd.,chittorgarh,3,chittorgarh,0.00,chittorgarh,0.0,chittorgarh,,,20.05,chittorgarh,20.50,chittorgarh,20.40,chittorgarh,20.50,chittorgarh,Repayment of Unsecured Loan | Working Capital Requirements | Funding expenditure for General Corporate Purposes,chittorgarh,3,chittorgarh
INE951Z01013,Shree Krishna Infrastructure Ltd.,SME,,542146,2018-11-15,2018-11-22,2018-12-03,13.00,1.17,Fixed Price,BSE SME,Finshore Management,2018,2006-2019,,,,,,,,,,,,,,,,,,,,,,,,,,,,,,,,,Beeline Broking Ltd.,chittorgarh,,,1,chittorgarh,100.0,chittorgarh,,,12.35,chittorgarh,12.35,chittorgarh,12.35,chittorgarh,12.35,chittorgarh,,,1,chittorgarh
INE00F301010,Ultra Wiring Connectivity System Ltd.,SME,UWCSL,,2018-10-12,2018-10-17,2018-10-26,35.00,4.82,Fixed Price,NSE SME,D&A Financial,2018,2006-2019,,,,,,,,,,,,,,,,,,,,,,,,,,,,,,,,,K.K.Securities Ltd.,chittorgarh,5,chittorgarh,0.00,chittorgarh,0.0,chittorgarh,,,33.10,chittorgarh,34.00,chittorgarh,31.50,chittorgarh,33.20,chittorgarh,"For Construction & Setting up of New Unit at Plot No. 300, Sector 68, IMT, Faridabad, by setting up a parallel production line for manufacture of Connector and New Line for manufacturing of Blade Fuse | Working Capital Requirement | General Corporate Purposes | Issue Expenses",chittorgarh,5,chittorgarh
INE01GN01025,IRIS Clothings Ltd.,SME,IRISDOREME,,2018-10-10,2018-10-12,2018-10-23,90.00,11.07,Fixed Price,NSE SME,VC Corporate,2018,2006-2019,,,,,,,,,,,,,,,,,,,,,,,,,,,,,,,,,Choice Equity Broking Pvt.Ltd.,chittorgarh,11,chittorgarh,0.00,chittorgarh,0.0,chittorgarh,,,92.00,chittorgarh,92.00,chittorgarh,89.00,chittorgarh,90.00,chittorgarh,Incremental Working Capital Requirement | Issue Expenses | General Corporate Purposes,chittorgarh,11,chittorgarh
INE00SW01015,BCPL Railway Infrastructure Ltd.,SME,BCPL,542057,2018-10-05,2018-10-19,2018-10-29,35.00,17.01,Fixed Price,BSE SME,Gretex Corporate,2018,2006-2019,,,,,,,,,,,,,,,,,,,,,,,,,,,,,,,,,Gretex Share Broking Pvt.Ltd. NNM Securities Pvt.Ltd.,chittorgarh,14,chittorgarh,2,chittorgarh,11.8,chittorgarh,,,37.00,chittorgarh,37.80,chittorgarh,36.30,chittorgarh,36.30,chittorgarh,,,17,chittorgarh
INE00Q901014,S.M.Gold Ltd.,SME,,542034,2018-10-03,2018-10-10,2018-10-19,30.00,7.50,Fixed Price,BSE SME,First Overseas,2018,2006-2019,,,,,,,,,,,,,,,,,,,,,,,,,,,,,,,,,Alacrity Securities Ltd.,chittorgarh,7,chittorgarh,1.00,chittorgarh,12.5,chittorgarh,,,30.60,chittorgarh,30.60,chittorgarh,28.60,chittorgarh,28.60,chittorgarh,Capital Expenditure for Business Expansion | Working Capital Loan requirement | General Corporate Purposes,chittorgarh,8,chittorgarh
INE647Z01025,Veeram Infra Engineering Ltd.,SME,,542046,2018-09-28,2018-10-12,2018-10-23,51.00,10.74,Fixed Price,BSE SME,First Overseas,2018,2006-2019,,,,,,,,,,,,,,,,,,,,,,,,,,,,,,,,,Alacrity Securities Ltd.,chittorgarh,10,chittorgarh,1.00,chittorgarh,9.1,chittorgarh,,,53.00,chittorgarh,51.25,chittorgarh,48.75,chittorgarh,51.25,chittorgarh,To meet the Working Capital Requirements,chittorgarh,11,chittorgarh
INE01EE01011,B&B Triplewall Containers Ltd.,SME,BBTCL,543668,2018-09-28,2018-10-05,2018-10-15,36.00,19.99,Fixed Price,NSE SME,Gretex Corporate,2018,2006-2019,,,,,,,,,,,,,,,,,,,,,,,,,,,,,,,,,NNM Securities Pvt.Ltd. Moneylicious Securities Pvt.Ltd.,chittorgarh,19,chittorgarh,1.00,chittorgarh,5.0,chittorgarh,,,37.80,chittorgarh,39.50,chittorgarh,36.20,chittorgarh,39.50,chittorgarh,Funding of Working Capital Requirement | Repayment of Intercorporate Loans | General Corporate Purpose,chittorgarh,20,chittorgarh
INE642Z01026,AKI India Ltd.,SME,AKI,542020,2018-09-28,2018-10-05,2018-10-12,11.00,3.08,Fixed Price,BSE SME,Finshore Management,2018,2006-2019,,,,,,,,,,,,,,,,,,,,,,,,,,,,,,,,,Sparkle Securities Solutions Pvt.Ltd.,chittorgarh,3,chittorgarh,0.00,chittorgarh,0.0,chittorgarh,,,11.05,chittorgarh,11.55,chittorgarh,11.05,chittorgarh,11.55,chittorgarh,To Meet working capital requirement | Public issue expenses | General corporate purpose,chittorgarh,3,chittorgarh
INE01J501010,Shubham Polyspin Ltd.,SME,,542019,2018-09-28,2018-10-04,2018-10-12,40.00,6.00,Fixed Price,BSE SME,Beeline Broking,2018,2006-2019,,,,,,,,,,,,,,,,,,,,,,,,,,,,,,,,,Beeline Broking Ltd.,chittorgarh,6,chittorgarh,0.00,chittorgarh,0.0,chittorgarh,,,41.80,chittorgarh,43.85,chittorgarh,41.75,chittorgarh,43.85,chittorgarh,"Modernisation of Plant and Machineries, Building and Electrification | Working Capital Requirements | General Corporate Purpose | Expenses for developing of New Products",chittorgarh,6,chittorgarh
INE01JE01028,Marine Electricals (India) Ltd.,SME,MARINE,,2018-09-28,2018-10-03,2018-10-11,66.00,42.87,Bookbuilding,NSE SME,Aryaman Financial,2018,2006-2019,,,,,,,,,,,,,,,,,,,,,,,,,,,,,,,,,Aryaman Capital Markets Ltd.,chittorgarh,41,chittorgarh,2.00,chittorgarh,4.7,chittorgarh,,,66.60,chittorgarh,66.90,chittorgarh,66.50,chittorgarh,66.60,chittorgarh,Working Capital Requirements | General Corporate Purposes,chittorgarh,43,chittorgarh
INE01KI01027,Vinny Overseas Ltd.,SME,VINNY,543670,2018-09-28,2018-10-03,2018-10-11,40.00,10.37,Fixed Price,NSE SME,Pantomath Capital,2018,2006-2019,,,,,,,,,,,,,,,,,,,,,,,,,,,,,,,,,Pantomath Stock Brokers Pvt.Ltd.,chittorgarh,10,chittorgarh,0.00,chittorgarh,0.0,chittorgarh,,,40.50,chittorgarh,42.50,chittorgarh,40.50,chittorgarh,42.40,chittorgarh,Funding working capital requirements of the company | General Corporate Purpose,chittorgarh,10,chittorgarh
INE206Z01020,Sun Retail Ltd.,SME,,542025,2018-09-27,2018-10-08,2018-10-16,23.00,10.12,Fixed Price,BSE SME,Fedex Securities,2018,2006-2019,,,,,,,,,,,,,,,,,,,,,,,,,,,,,,,,,NNM Securities Pvt.Ltd.,chittorgarh,9,chittorgarh,1.00,chittorgarh,10.0,chittorgarh,,,36.00,chittorgarh,37.80,chittorgarh,36.00,chittorgarh,37.80,chittorgarh,Incremental Working capital requirements | General Corporate Purpose | Public Issue Expenses,chittorgarh,10,chittorgarh
INE01II01013,Silgo Retail Ltd.,SME,SILGO,,2018-09-27,2018-10-03,2018-10-10,36.00,4.88,Fixed Price,NSE SME,Aryaman Financial,2018,2006-2019,,,,,,,,,,,,,,,,,,,,,,,,,,,,,,,,,Aryaman Capital Markets Ltd.,chittorgarh,5,chittorgarh,0.00,chittorgarh,0.0,chittorgarh,,,36.45,chittorgarh,36.25,chittorgarh,36.10,chittorgarh,36.10,chittorgarh,Funding Long Term Working Capital Requirement | Expenditure for General Corporate Purposes,chittorgarh,5,chittorgarh
INE666Y01010,Dolfin Rubbers Ltd.,SME,,542013,2018-09-27,2018-10-01,2018-10-10,26.00,5.20,Fixed Price,BSE SME,Oneview Corporate,2018,2006-2019,,,,,,,,,,,,,,,,,,,,,,,,,,,,,,,,,Guiness Securities Ltd.,chittorgarh,5,chittorgarh,0.00,chittorgarh,0.0,chittorgarh,,,27.50,chittorgarh,27.60,chittorgarh,27.00,chittorgarh,27.05,chittorgarh,To meet Working Capital requirements | General Corporate Purpose,chittorgarh,5,chittorgarh
INE00Z501029,Kritika Wires Ltd.,SME,KRITIKA,,2018-09-26,2018-10-01,2018-10-10,32.00,15.40,Fixed Price,NSE SME,Hem Securities,2018,2006-2019,,,,,,,,,,,,,,,,,,,,,,,,,,,,,,,,,Hem Finlease Pvt.Ltd.,chittorgarh,15,chittorgarh,0.00,chittorgarh,0.0,chittorgarh,,,34.10,chittorgarh,34.10,chittorgarh,32.75,chittorgarh,33.70,chittorgarh,To meet Working capital Requirements | To meet General Corporate Expenses,chittorgarh,15,chittorgarh
INE00U801010,Parin Furniture Ltd.,SME,PARIN,,2018-09-26,2018-09-28,2018-10-09,63.00,18.90,Bookbuilding,NSE SME,Hem Securities,2018,2006-2019,,,,,,,,,,,,,,,,,,,,,,,,,,,,,,,,,Hem Finlease Pvt.Ltd.,chittorgarh,18,chittorgarh,1.00,chittorgarh,5.3,chittorgarh,,,64.00,chittorgarh,66.00,chittorgarh,63.00,chittorgarh,64.90,chittorgarh,Repayment of Certain Secured Borrowing availed by the Company | Funding the Working Capital Requirements of the Company | General Corporate Purposes,chittorgarh,19,chittorgarh
INE911Z01025,A-1 Acid Ltd.,SME,,542012,2018-09-25,2018-10-01,2018-10-10,60.00,18.00,Fixed Price,BSE SME,Oneview Corporate,2018,2006-2019,,,,,,,,,,,,,,,,,,,,,,,,,,,,,,,,,Guiness Securities Ltd.,chittorgarh,17,chittorgarh,1.00,chittorgarh,5.6,chittorgarh,,,61.00,chittorgarh,62.00,chittorgarh,61.00,chittorgarh,61.25,chittorgarh,Funding working capital requirements of the Company | General Corporate Purpose | Issue Expenses,chittorgarh,18,chittorgarh
INE00KV01022,Rajnandini Metal Ltd.,SME,RAJMET,,2018-09-24,2018-09-27,2018-10-08,26.00,4.27,Fixed Price,NSE SME,Corporate Capitalventures,2018,2006-2019,,,,,,,,,,,,,,,,,,,,,,,,,,,,,,,,,Share India Securities Ltd.,chittorgarh,4,chittorgarh,0.00,chittorgarh,0.0,chittorgarh,,,35.00,chittorgarh,35.00,chittorgarh,33.25,chittorgarh,33.25,chittorgarh,Working Capital Requirement | General Corporate Purposes | Issue Expenses,chittorgarh,4,chittorgarh
INE492Y01011,Innovative Ideals & Services (India) Ltd.,SME,,541983,2018-09-24,2018-09-26,2018-10-05,40.00,12.26,Bookbuilding,BSE SME,Pantomath Capital,2018,2006-2019,,,,,,,,,,,,,,,,,,,,,,,,,,,,,,,,,Pantomath Stock Brokers Pvt.Ltd.,chittorgarh,12,chittorgarh,0.00,chittorgarh,0.0,chittorgarh,,,43.00,chittorgarh,45.15,chittorgarh,40.90,chittorgarh,45.15,chittorgarh,Funding the working capital requirements of the Company | General Corporate Purpose,chittorgarh,12,chittorgarh
INE013801027,Kshitij Polyline Ltd.,SME,KSHITIJPOL,,2018-09-21,2018-09-27,2018-10-08,35.00,8.75,Fixed Price,NSE SME,Monarch Networth Capital,2018,2006-2019,,,,,,,,,,,,,,,,,,,,,,,,,,,,,,,,,Monarch Networth Capital Ltd.,chittorgarh,8,chittorgarh,1.00,chittorgarh,11.1,chittorgarh,,,34.50,chittorgarh,35.95,chittorgarh,34.50,chittorgarh,35.95,chittorgarh,"To purchase of Machinery and Equipment to manufacture the Laminated sheet, Wiro andPP Sheet suitable for stationery and office products | Working Capital Requirement | General Corporate Purpose",chittorgarh,9,chittorgarh
INE00VM01036,Manorama Industries Ltd.,SME,MANORAMA,541974,2018-09-21,2018-09-25,2018-10-04,188.00,64.00,Bookbuilding,BSE SME,Pantomath Capital,2018,2006-2019,,,,,,,,,,,,,,,,,,,,,,,,,,,,,,,,,Pantomath Stock Brokers Pvt.Ltd.,chittorgarh,61,chittorgarh,3.00,chittorgarh,4.7,chittorgarh,,,190.20,chittorgarh,187.25,chittorgarh,180.00,chittorgarh,183.65,chittorgarh,"Establishing an integrated Greenfield project for manufacturing of CBE / specialty fats and tailor-made products at Birkoni, near Raipur, Chhattisgarh. | General corporate purposes",chittorgarh,64,chittorgarh
INE004Z01011,Mac Hotels Ltd.,SME,,541973,2018-09-19,2018-09-25,2018-10-04,24.00,1.94,Fixed Price,BSE SME,Gretex Corporate,2018,2006-2019,,,,,,,,,,,,,,,,,,,,,,,,,,,,,,,,,Gretex Share Broking Pvt.Ltd.,chittorgarh,,,2,chittorgarh,100.0,chittorgarh,,,24.60,chittorgarh,25.80,chittorgarh,24.60,chittorgarh,25.80,chittorgarh,,,2,chittorgarh
INE01IU01018,Sky Gold Ltd.,SME,SKYGOLD,541967,2018-09-18,2018-09-21,2018-10-04,180.00,25.56,Fixed Price,BSE SME,Aryaman Financial,2018,2006-2019,,,,,,,,,,,,,,,,,,,,,,,,,,,,,,,,,Aryaman Capital Markets Ltd.,chittorgarh,24,chittorgarh,2.00,chittorgarh,7.7,chittorgarh,,,181.00,chittorgarh,181.00,chittorgarh,180.25,chittorgarh,180.45,chittorgarh,Repayment of Loans | Funding Working Capital Requirement | Expenditure for General Corporate Purposes,chittorgarh,26,chittorgarh
INE01EO01010,Spectrum Electrical Industries Ltd.,SME,SPECTRUM,544386,2018-09-17,2018-09-21,2018-10-01,65.00,25.87,Fixed Price,NSE SME,Arihant Capital,2018,2006-2019,,,,,,,,,,,,,,,,,,,,,,,,,,,,,,,,,Arihant Capital Markets Ltd.,chittorgarh,25,chittorgarh,1.00,chittorgarh,3.8,chittorgarh,,,64.50,chittorgarh,66.50,chittorgarh,63.25,chittorgarh,65.50,chittorgarh,To set up a Zinc Plating plant at Umale | To meet long term working capital requirements | General Corporate Purposes,chittorgarh,26,chittorgarh
INE01A501027,Ranjeet Mechatronics Ltd.,SME,,541945,2018-09-12,2018-09-17,2018-09-26,25.00,4.50,Fixed Price,BSE SME,Beeline Broking,2018,2006-2019,,,,,,,,,,,,,,,,,,,,,,,,,,,,,,,,,Beeline Broking Ltd.,chittorgarh,4,chittorgarh,1.00,chittorgarh,20.0,chittorgarh,,,27.50,chittorgarh,28.85,chittorgarh,27.50,chittorgarh,28.85,chittorgarh,Net Incremental Working Capital Requirement | General corporate Purpose,chittorgarh,5,chittorgarh
INE00PV01013,Ahlada Engineers Ltd.,SME,AHLADA,,2018-09-11,2018-09-18,2018-10-27,150.00,51.08,Bookbuilding,NSE SME,Saffron Capital,2018,2006-2019,,,,,,,,,,,,,,,,,,,,,,,,,,,,,,,,,Saffron Equity Advisors Pvt.Ltd.,chittorgarh,49,chittorgarh,2.00,chittorgarh,3.9,chittorgarh,,,141.00,chittorgarh,134.40,chittorgarh,134.40,chittorgarh,136.00,chittorgarh,"Repayment of certain loans availed from lenders, Directors including our Promoter | Purchase of Machinery/Equipment | Funding of Working Capital Gap | General Corporate Purposes",chittorgarh,51,chittorgarh
INE00Y801016,AKG Exim Ltd.,SME,AKG,,2018-09-10,2018-09-14,2018-09-25,31.00,5.52,Fixed Price,NSE SME,Navigant Corporate,2018,2006-2019,,,,,,,,,,,,,,,,,,,,,,,,,,,,,,,,,Multiplex Capital Ltd.,chittorgarh,5,chittorgarh,1.00,chittorgarh,16.7,chittorgarh,,,32.25,chittorgarh,32.25,chittorgarh,31.50,chittorgarh,32.00,chittorgarh,To part finance working capital requirements of the Company | To meet General corporate purposes,chittorgarh,6,chittorgarh
INE760W01023,Rajshree Polypack Ltd.,SME,RPPL,,2018-09-10,2018-09-12,2018-09-24,120.00,35.52,Bookbuilding,NSE SME,PL Capital,2018,2006-2019,,,,,,,,,,,,,,,,,,,,,,,,,,,,,,,,,Prabhudas Lilladher Pvt.Ltd.,chittorgarh,34,chittorgarh,2.00,chittorgarh,5.6,chittorgarh,10.08,chittorgarh,111.05,chittorgarh,116.60,chittorgarh,105.70,chittorgarh,116.60,chittorgarh,Setting up of Factory Unit IV at Daman | General corporate purposes,chittorgarh,36,chittorgarh
INE00QT01015,Synergy Green Industries Ltd.,SME,SGIL,541929,2018-09-04,2018-09-11,2018-09-21,70.00,26.46,Fixed Price,BSE SME,Swastika Investmart,2018,2006-2019,,,,,,,,,,,,,,,,,,,,,,,,,,,,,,,,,,,25,chittorgarh,1.00,chittorgarh,3.8,chittorgarh,,,76.00,chittorgarh,81.90,chittorgarh,76.00,chittorgarh,81.90,chittorgarh,Purchase of Plant and Machinery | To Meet Working Capital Requirement | General Corporate Purpose,chittorgarh,26,chittorgarh
INE548Z01017,Lagnam Spintex Ltd.,SME,LAGNAM,,2018-09-04,2018-09-07,2018-09-18,41.00,24.60,Fixed Price,NSE SME,BOI Merchant Bankers,2018,2006-2019,,,,,,,,,,,,,,,,,,,,,,,,,,,,,,,,,Maverick Share Brokers Pvt.Ltd.,chittorgarh,23,chittorgarh,2.00,chittorgarh,8.0,chittorgarh,,,41.00,chittorgarh,41.00,chittorgarh,38.95,chittorgarh,38.95,chittorgarh,Part finance the setting up of additional cotton yarn manufacturing facility (as under); | Total,chittorgarh,25,chittorgarh
INE748Z01013,Sumit Woods Ltd.,SME,SUMIT,,2018-08-29,2018-08-31,2018-09-10,45.00,18.24,Bookbuilding,NSE SME,Mark Corporate,2018,2006-2019,,,,,,,,,,,,,,,,,,,,,,,,,,,,,,,,,Maverick Share Brokers Pvt.Ltd.,chittorgarh,17,chittorgarh,1.00,chittorgarh,5.6,chittorgarh,,,47.00,chittorgarh,48.90,chittorgarh,47.00,chittorgarh,47.95,chittorgarh,To meet the fund requirements for execution of our Ongoing and Forthcoming Projects and other working capital requirements; | To repay/prepay the secured loans | To provide funds to meet General Corporate Purpose,chittorgarh,18,chittorgarh
INE00SZ01018,Marshall Machines Ltd.,SME,MARSHALL,,2018-08-28,2018-08-30,2018-09-07,42.00,16.25,Fixed Price,NSE SME,Sarthi Capital Advisors,2018,2006-2019,,,,,,,,,,,,,,,,,,,,,,,,,,,,,,,,,Choice Equity Broking Pvt.Ltd.,chittorgarh,15,chittorgarh,1.00,chittorgarh,6.2,chittorgarh,,,37.45,chittorgarh,39.30,chittorgarh,35.30,chittorgarh,39.30,chittorgarh,Capacity Augmentation | Upgradation of existing R & D Unit and IOTQ Center | Establishment of new IOTQ Centers | Working Capital Requirements | General Corporate Purpose,chittorgarh,16,chittorgarh
INE319Z01021,Supreme Engineering Ltd.,SME,SUPREMEENG,,2018-08-24,2018-08-29,2018-09-06,27.00,17.78,Bookbuilding,NSE SME,CKP Financial,2018,2006-2019,,,,,,,,,,,,,,,,,,,,,,,,,,,,,,,,,Rikhav Securities Ltd.,chittorgarh,17,chittorgarh,0.0216,chittorgarh,0.1,chittorgarh,,,27.10,chittorgarh,27.80,chittorgarh,26.00,chittorgarh,27.55,chittorgarh,Part finance the Working Capital requirements | Part repayment of High Cost Debt | Capital Expenditure | General Corporate Purpose,chittorgarh,18,chittorgarh
INE01B501018,Add-Shop Promotions Ltd.,SME,,541865,2018-08-21,2018-08-30,2018-09-10,26.00,6.23,Fixed Price,BSE SME,Fedex Securities,2018,2006-2019,,,,,,,,,,,,,,,,,,,,,,,,,,,,,,,,,Guiness Securities Ltd.,chittorgarh,6,chittorgarh,0.00,chittorgarh,0.0,chittorgarh,,,28.20,chittorgarh,29.00,chittorgarh,28.05,chittorgarh,28.70,chittorgarh,"Setting up of herbal & ayurvedic processing unit for manufacturing of cosmetic & non-cosmetic products at Village Padawala, Taluka Kotdasangani, District Rajkot (“Project”); | Brand Building and Advertisement | Working Capital Requirements | General Corporate Purposes",chittorgarh,6,chittorgarh
INE688Y01022,Dangee Dums Ltd.,SME,DANGEE,,2018-08-20,2018-08-24,2018-09-03,74.00,20.07,Fixed Price,NSE SME,Monarch Networth Capital,2018,2006-2019,,,,,,,,,,,,,,,,,,,,,,,,,,,,,,,,,Monarch Networth Capital Ltd.,chittorgarh,19,chittorgarh,1.00,chittorgarh,5.0,chittorgarh,,,89.90,chittorgarh,94.35,chittorgarh,89.50,chittorgarh,94.35,chittorgarh,Repayment of Existing Secured Loans | Purchase of Fixed Assets | General Corporate Expenses,chittorgarh,20,chittorgarh
INE721Z01010,Aaron Industries Ltd.,SME,AARON,,2018-08-20,2018-08-24,2018-09-03,38.00,4.78,Fixed Price,NSE SME,Gretex Corporate,2018,2006-2019,,,,,,,,,,,,,,,,,,,,,,,,,,,,,,,,,Arham Wealth Management Pvt.Ltd.,chittorgarh,5,chittorgarh,0.00,chittorgarh,0.0,chittorgarh,,,36.10,chittorgarh,39.60,chittorgarh,36.10,chittorgarh,38.70,chittorgarh,To set up a new line of business in expansion plan | To meet working capital requirement | Total,chittorgarh,5,chittorgarh
INE650Z01011,Powerful Technologies Ltd.,SME,POWERFUL,,2018-08-09,2018-08-17,2018-08-28,51.00,13.55,Fixed Price,NSE SME,Finshore Management,2018,2006-2019,,,,,,,,,,,,,,,,,,,,,,,,,,,,,,,,,Share India Securities Ltd.,chittorgarh,13,chittorgarh,1.00,chittorgarh,7.1,chittorgarh,,,48.00,chittorgarh,48.00,chittorgarh,45.60,chittorgarh,45.60,chittorgarh,To meet the working capital requirements of the Company,chittorgarh,14,chittorgarh
INE266S01011,Sungold Media & Entertainment Ltd.,SME,,541799,2018-08-09,2018-08-14,2018-08-27,10.00,1.35,Fixed Price,BSE SME,Finshore Management,2018,2006-2019,,,,,,,,,,,,,,,,,,,,,,,,,,,,,,,,,NNM Securities Pvt.Ltd.,chittorgarh,,,1,chittorgarh,100.0,chittorgarh,,,9.75,chittorgarh,10.25,chittorgarh,9.50,chittorgarh,9.71,chittorgarh,,,1,chittorgarh
INE00IY01012,Deep Polymers Ltd.,SME,,541778,2018-08-08,2018-08-13,2018-08-23,40.00,15.24,Fixed Price,BSE SME,Gretex Corporate,2018,2006-2019,,,,,,,,,,,,,,,,,,,,,,,,,,,,,,,,,NNM Securities Pvt.Ltd.,chittorgarh,5,chittorgarh,10,chittorgarh,66.7,chittorgarh,,,41.90,chittorgarh,42.00,chittorgarh,40.80,chittorgarh,40.90,chittorgarh,To Meet working capital requirement; | To Meet General corporate purpose,chittorgarh,15,chittorgarh
INE869Y01010,Saketh Exim Ltd.,SME,TEMBO,,2018-08-01,2018-08-03,2018-08-13,69.00,9.44,Fixed Price,NSE SME,Aryaman Financial,2018,2006-2019,,,,,,,,,,,,,,,,,,,,,,,,,,,,,,,,,Aryaman Capital Markets Ltd.,chittorgarh,7,chittorgarh,2,chittorgarh,22.2,chittorgarh,,,69.30,chittorgarh,69.45,chittorgarh,69.10,chittorgarh,69.40,chittorgarh,Funding Long Term Working Capital Requirements | Funding Expenditure for General Corporate Purposes,chittorgarh,9,chittorgarh
INE00NI01015,Ushanti Colour Chem Ltd.,SME,UCL,,2018-07-23,2018-07-25,2018-08-02,60.00,11.56,Fixed Price,NSE SME,Pantomath Capital,2018,2006-2019,,,,,,,,,,,,,,,,,,,,,,,,,,,,,,,,,Pantomath Stock Brokers Pvt.Ltd.,chittorgarh,11,chittorgarh,1.00,chittorgarh,8.3,chittorgarh,,,64.20,chittorgarh,67.40,chittorgarh,64.20,chittorgarh,67.40,chittorgarh,"To finance setting up of Dyestuff Pigment and Intermediates manufacturing facility at GIDC Saykha Industrial Estate, Bharuch | Repayment/pre-payment of certain secured borrowings availed by the Company | General corporate purposes",chittorgarh,12,chittorgarh
INE00SY01011,Supershakti Metaliks Ltd.,SME,,541701,2018-07-17,2018-07-20,2018-07-30,375.00,60.01,Fixed Price,BSE SME,Aryaman Financial,2018,2006-2019,,,,,,,,,,,,,,,,,,,,,,,,,,,,,,,,,Aryaman Capital Markets Ltd.,chittorgarh,27,chittorgarh,30,chittorgarh,50.0,chittorgarh,,,377.10,chittorgarh,379.00,chittorgarh,375.50,chittorgarh,376.50,chittorgarh,Working Capital Requirements | Funding expenditure for General Corporate Purposes,chittorgarh,60,chittorgarh
INE00WY01013,Ganesh Films India Ltd.,SME,,541703,2018-07-16,2018-07-23,2018-07-31,80.00,8.42,Fixed Price,BSE SME,Fedex Securities,2018,2006-2019,,,,,,,,,,,,,,,,,,,,,,,,,,,,,,,,,Rikhav Securities Ltd.,chittorgarh,8,chittorgarh,0.00,chittorgarh,0.0,chittorgarh,,,80.00,chittorgarh,83.00,chittorgarh,80.00,chittorgarh,82.00,chittorgarh,To finance setting up of Closed Die Forging manufacturing facility | General corporate purposes,chittorgarh,8,chittorgarh
INE652Z01025,Avon Moldplast Ltd.,SME,AVROIND,543512,2018-07-12,2018-07-18,2018-07-26,51.00,4.51,Fixed Price,NSE SME,Turnaround Corporate,2018,2006-2019,,,,,,,,,,,,,,,,,,,,,,,,,,,,,,,,,K.K.Securities Ltd.,chittorgarh,4,chittorgarh,1.00,chittorgarh,20.0,chittorgarh,,,52.00,chittorgarh,51.50,chittorgarh,49.50,chittorgarh,51.65,chittorgarh,"To acquire additional molds of chair, cupboard, table etc. at the existing manufacturing facilities of our Company located at A-7/36-39, South of G. T. Road Industrial Area, Electrosteel Casting Compound, Ghaziabad 201009, Uttar Pradesh | To meet the incremental working capital requirements | General Corporate Purpose",chittorgarh,5,chittorgarh
INE00C501018,Ambani Organics Ltd.,SME,AMBANIORGO,,2018-07-06,2018-07-10,2018-07-18,66.00,9.03,Fixed Price,NSE SME,Aryaman Financial,2018,2006-2019,,,,,,,,,,,,,,,,,,,,,,,,,,,,,,,,,Aryaman Capital Markets Ltd.,chittorgarh,8,chittorgarh,0.6600,chittorgarh,7.3,chittorgarh,,,66.65,chittorgarh,67.00,chittorgarh,66.20,chittorgarh,66.65,chittorgarh,Funding Long Term Working Capital Requirement | Expenditure for General Corporate Purposes,chittorgarh,9,chittorgarh
INE960Z01014,Raw Edge Industrial Solutions Ltd.,SME,,541634,2018-07-05,2018-07-10,2018-07-18,72.00,16.50,Fixed Price,BSE SME,Oneview Corporate,2018,2006-2019,,,,,,,,,,,,,,,,,,,,,,,,,,,,,,,,,Guiness Securities Ltd.,chittorgarh,11,chittorgarh,4,chittorgarh,25.0,chittorgarh,,,72.10,chittorgarh,72.70,chittorgarh,71.80,chittorgarh,72.40,chittorgarh,Land and Land Development Cost | Factory Building | Plant & Machinery | Margin money for Working Capital | General Corporate Purpose,chittorgarh,16,chittorgarh
INE364Z01019,Rudrabhishek Enterprises Ltd.,SME,REPL,,2018-06-29,2018-07-05,2018-07-13,41.00,18.75,Fixed Price,NSE SME,Corporate Capitalventures,2018,2006-2019,,,,,,,,,,,,,,,,,,,,,,,,,,,,,,,,,Indo Jatalia Securities Pvt.Ltd.,chittorgarh,18,chittorgarh,1.00,chittorgarh,5.3,chittorgarh,,,41.25,chittorgarh,42.00,chittorgarh,40.10,chittorgarh,41.70,chittorgarh,To raise funds for long term working capital requiredfor the Business of the Company. | General Corporate Purpose and,chittorgarh,19,chittorgarh
INE00N401018,Jakharia Fabric Ltd.,SME,JAKHARIA,,2018-06-29,2018-07-03,2018-07-11,180.00,19.66,Fixed Price,NSE SME,Aryaman Financial,2018,2006-2019,,,,,,,,,,,,,,,,,,,,,,,,,,,,,,,,,Aryaman Capital Markets Ltd.,chittorgarh,19,chittorgarh,1.00,chittorgarh,5.0,chittorgarh,,,181.35,chittorgarh,182.45,chittorgarh,180.75,chittorgarh,181.50,chittorgarh,"Part finance the setting up of processing unit through investment in M/s. Jakharia Industries at MIDC Tarapur, Bhiwandi, Maharashtra. | Expenditure for General Corporate Purposes",chittorgarh,20,chittorgarh
INE691Z01023,Ganga Forging Ltd.,SME,GANGAFORGE,,2018-06-29,2018-07-03,2018-07-11,21.00,5.00,Fixed Price,NSE SME,Pantomath Capital,2018,2006-2019,,,,,,,,,,,,,,,,,,,,,,,,,,,,,,,,,Pantomath Stock Brokers Pvt.Ltd.,chittorgarh,5,chittorgarh,0.00,chittorgarh,0.0,chittorgarh,,,21.10,chittorgarh,21.30,chittorgarh,21.00,chittorgarh,21.20,chittorgarh,To finance setting up of Closed Die Forging manufacturing facility | General corporate purposes,chittorgarh,5,chittorgarh
INE684Z01010,Bright Solar Ltd.,SME,BRIGHT,,2018-06-26,2018-06-29,2018-07-09,36.00,19.44,Fixed Price,NSE SME,Swastika Investmart,2018,2006-2019,,,,,,,,,,,,,,,,,,,,,,,,,,,,,,,,,Beeline Broking Ltd.,chittorgarh,18,chittorgarh,1.00,chittorgarh,5.3,chittorgarh,,,37.75,chittorgarh,37.75,chittorgarh,37.75,chittorgarh,37.25,chittorgarh,"Acquisition  of  Land,  its  Registration, Stamping  and  other  chargesfor  setting up Solar PV Modules/Panelsmanufacturing unit | Working Capital requirements | General Corporate Purpose",chittorgarh,19,chittorgarh
INE685Z01033,Rajnish Wellness Ltd.,SME,,541601,2018-06-25,2018-06-29,2018-07-09,95.00,11.98,Fixed Price,BSE SME,Navigant Corporate,2018,2006-2019,,,,,,,,,,,,,,,,,,,,,,,,,,,,,,,,,Monarch Networth Capital Ltd.,chittorgarh,11,chittorgarh,1.00,chittorgarh,8.3,chittorgarh,,,100.00,chittorgarh,104.70,chittorgarh,100.00,chittorgarh,100.15,chittorgarh,Funding of working capital requirements of the Company | Branding and Advertisement expenses | General Corporate Expenses,chittorgarh,12,chittorgarh
INE648Z01023,Accuracy Shipping Ltd.,SME,ACCURACY,544598,2018-06-11,2018-06-14,2018-06-22,84.00,35.76,Bookbuilding,NSE SME,Pantomath Capital,2018,2006-2019,,,,,,,,,,,,,,,,,,,,,,,,,,,,,,,,,Pantomath Stock Brokers Pvt.Ltd.,chittorgarh,34,chittorgarh,2.00,chittorgarh,5.6,chittorgarh,10.00,chittorgarh,88.00,chittorgarh,90.00,chittorgarh,84.00,chittorgarh,86.10,chittorgarh,Part repayment/prepayment of certain secured borrowings availed by our Company | Purchase of goods transportation vehicle | Funding the working capital requirements of the Company | General corporate purposes,chittorgarh,36,chittorgarh
INE974Z01015,Priti International Ltd.,SME,PRITI,,2018-06-11,2018-06-13,2018-06-21,75.00,5.26,Fixed Price,NSE SME,Pantomath Capital,2018,2006-2019,,,,,,,,,,,,,,,,,,,,,,,,,,,,,,,,,Aryaman Capital Markets Ltd.,chittorgarh,5,chittorgarh,0.00,chittorgarh,0.0,chittorgarh,,,81.00,chittorgarh,83.70,chittorgarh,81.00,chittorgarh,81.25,chittorgarh,Purchase of Plant & Machinery & related CIVIL work | Funding working capital requirements | General corporate purposes | Total,chittorgarh,5,chittorgarh
INE00IK01029,ShreeOswal Seeds & Chemicals Ltd.,SME,OSWALSEEDS,,2018-06-07,2018-06-12,2018-06-20,26.00,11.90,Bookbuilding,NSE SME,Pantomath Capital,2018,2006-2019,,,,,,,,,,,,,,,,,,,,,,,,,,,,,,,,,Pantomath Stock Brokers Pvt.Ltd.,chittorgarh,11,chittorgarh,1.00,chittorgarh,8.3,chittorgarh,,,27.85,chittorgarh,27.85,chittorgarh,27.00,chittorgarh,27.00,chittorgarh,Purchase of New Plant & Machinery | Funding the working capital requirements of the Company | General corporate purposes*,chittorgarh,12,chittorgarh
INE00LM01029,Sonam Clock Ltd.,SME,SONAMLTD,,2018-06-01,2018-06-06,2018-06-14,36.00,10.11,Fixed Price,NSE SME,Hem Securities,2018,2006-2019,,,,,,,,,,,,,,,,,,,,,,,,,,,,,,,,,Hem Finlease Pvt.Ltd.,chittorgarh,10,chittorgarh,0.00,chittorgarh,0.0,chittorgarh,,,37.00,chittorgarh,37.50,chittorgarh,36.75,chittorgarh,36.95,chittorgarh,Funding the Working Capital Requirements of the Company | Repayment of Unsecured Loan availed by our Company | To meet General Corporate Expenses,chittorgarh,10,chittorgarh
INE799N01012,Waa Solar Ltd.,SME,,541445,2018-05-31,2018-06-04,2018-06-12,161.00,32.20,Fixed Price,BSE SME,Oneview Corporate,2018,2006-2019,,,,,,,,,,,,,,,,,,,,,,,,,,,,,,,,,Guiness Securities Ltd.,chittorgarh,27,chittorgarh,4,chittorgarh,12.5,chittorgarh,,,158.00,chittorgarh,158.00,chittorgarh,152.10,chittorgarh,153.15,chittorgarh,Investment in Subsidiary Companies | General Corporate Purpose,chittorgarh,32,chittorgarh
INE838Z01012,Palm Jewels Ltd.,SME,,541444,2018-05-25,2018-06-04,2018-06-12,30.00,8.90,Fixed Price,BSE SME,First Overseas,2018,2006-2019,,,,,,,,,,,,,,,,,,,,,,,,,,,,,,,,,Beeline Broking Ltd.,chittorgarh,8,chittorgarh,1.00,chittorgarh,11.1,chittorgarh,,,37.50,chittorgarh,37.50,chittorgarh,35.65,chittorgarh,35.85,chittorgarh,To meet working capital requirement,chittorgarh,9,chittorgarh
INE692Z01013,Affordable Robotic & Automation Ltd.,SME,AFFORDABLE,541402,2018-05-24,2018-05-28,2018-06-04,85.00,22.79,Bookbuilding,BSE SME,Pantomath Capital,2018,2006-2019,,,,,,,,,,,,,,,,,,,,,,,,,,,,,,,,,Pantomath Stock Brokers Pvt.Ltd.,chittorgarh,22,chittorgarh,1.00,chittorgarh,4.3,chittorgarh,,,90.05,chittorgarh,99.25,chittorgarh,92.00,chittorgarh,99.25,chittorgarh,Purchase of New Plant and Machinery | Repayment of certain Long Term Borrowings availed by the Company | Funding the Working Capital requirements of the Company | General Corporate Purposes,chittorgarh,23,chittorgarh
INE411Y01011,Debock Sales & Marketing Ltd.,SME,DIL,,2018-05-24,2018-05-28,2018-06-05,20.00,4.44,Fixed Price,NSE SME,Gretex Corporate,2018,2006-2019,,,,,,,,,,,,,,,,,,,,,,,,,,,,,,,,,Guiness Securities Ltd.,chittorgarh,4,chittorgarh,0.00,chittorgarh,0.0,chittorgarh,,,20.95,chittorgarh,21.00,chittorgarh,20.10,chittorgarh,20.35,chittorgarh,To Meet the working capital requirement,chittorgarh,4,chittorgarh
INE236Y01012,Nakoda Group of Industries Ltd.,SME,NGIL,541418,2018-05-23,2018-05-29,2018-06-06,35.00,6.48,Fixed Price,BSE SME,Pantomath Capital,2018,2006-2019,,,,,,,,,,,,,,,,,,,,,,,,,,,,,,,,,,,6,chittorgarh,0.00,chittorgarh,0.0,chittorgarh,,,35.00,chittorgarh,35.35,chittorgarh,35.30,chittorgarh,35.35,chittorgarh,Working Capital Requirement | General Corporate Purpose,chittorgarh,6,chittorgarh
INE262Z01023,Latteys Industries Ltd.,SME,LATTEYS,,2018-05-23,2018-05-28,2018-06-05,66.00,8.07,Fixed Price,NSE SME,Pantomath Capital,2018,2006-2019,,,,,,,,,,,,,,,,,,,,,,,,,,,,,,,,,,,8,chittorgarh,0.00,chittorgarh,0.0,chittorgarh,,,68.00,chittorgarh,68.00,chittorgarh,64.60,chittorgarh,66.20,chittorgarh,Funding the working capital requirements of the Company | General corporate purposes,chittorgarh,8,chittorgarh
INE997Z01016,Arihant Institute Ltd.,SME,,541401,2018-05-23,2018-05-28,2018-06-05,30.00,7.50,Fixed Price,BSE SME,Monarch Networth Capital,2018,2006-2019,,,,,,,,,,,,,,,,,,,,,,,,,,,,,,,,,Monarch Networth Capital Ltd.,chittorgarh,7,chittorgarh,1.00,chittorgarh,12.5,chittorgarh,,,29.95,chittorgarh,30.05,chittorgarh,28.75,chittorgarh,29.25,chittorgarh,"Training Centre Expansion | Technical Infrastructure-Servers, Studio & Content | Corporate Office – Furniture & Equipments | Branding & Marketing | General Corporate Purpose",chittorgarh,8,chittorgarh
INE00CE01017,Shree Vasu Logistics Ltd.,SME,SVLL,,2018-05-23,2018-05-25,2018-06-04,45.00,9.29,Fixed Price,NSE SME,Pantomath Capital,2018,2006-2019,,,,,,,,,,,,,,,,,,,,,,,,,,,,,,,,,Pantomath Stock Brokers Pvt.Ltd.,chittorgarh,9,chittorgarh,0.00,chittorgarh,0.0,chittorgarh,,,48.00,chittorgarh,48.70,chittorgarh,48.00,chittorgarh,48.50,chittorgarh,Funding the working capital requirements of the Company | General corporate purposes,chittorgarh,9,chittorgarh
INE591Q01016,Suumaya Lifestyle Ltd.,SME,SUULD,,2018-05-22,2018-05-25,2018-06-04,18.00,13.84,Fixed Price,NSE SME,Gretex Corporate,2018,2006-2019,,,,,,,,,,,,,,,,,,,,,,,,,,,,,,,,,,,3,chittorgarh,10,chittorgarh,71.4,chittorgarh,,,18.00,chittorgarh,18.00,chittorgarh,17.60,chittorgarh,17.85,chittorgarh,Funding working capital requirements,chittorgarh,14,chittorgarh
INE792Z01011,Sirca Paints India Ltd.,SME,SIRCA,543686,2018-05-16,2018-05-22,2018-05-30,160.00,77.91,Bookbuilding,NSE SME,Navigant Corporate,2018,2006-2019,,,,,,,,,,,,,,,,,,,,,,,,,,,,,,,,,Bhaijee Portfolio Pvt.Ltd.,chittorgarh,74,chittorgarh,4.00,chittorgarh,5.1,chittorgarh,,,162.00,chittorgarh,165.00,chittorgarh,157.00,chittorgarh,164.80,chittorgarh,To finance the expenditure of Site/Plant Development and Purchase of Plant and Machinery | To part finance working capital requirements of the Company; | To meet General corporate purposes,chittorgarh,78,chittorgarh
INE870Z01015,Innovators Facade Systems Ltd.,SME,,541353,2018-05-14,2018-05-16,2018-05-24,72.00,40.76,Bookbuilding,BSE SME,Pantomath Capital,2018,2006-2019,,,,,,,,,,,,,,,,,,,,,,,,,,,,,,,,,,,39,chittorgarh,2.00,chittorgarh,4.9,chittorgarh,,,72.00,chittorgarh,75.60,chittorgarh,69.00,chittorgarh,75.60,chittorgarh,Upgradation and modernization of existing manufacturing facility | Funding the working capital requirements of the Company | General corporate purposes,chittorgarh,41,chittorgarh
INE00EM01016,Megastar Foods Ltd.,SME,MEGASTAR,541352,2018-05-14,2018-05-16,2018-05-24,30.00,8.04,Fixed Price,BSE SME,Swastika Investmart,2018,2006-2019,,,,,,,,,,,,,,,,,,,,,,,,,,,,,,,,,,,8,chittorgarh,0.00,chittorgarh,0.0,chittorgarh,,,30.50,chittorgarh,31.95,chittorgarh,30.50,chittorgarh,31.00,chittorgarh,To Meet Working Capital Requirement | General Corporate Purpose,chittorgarh,8,chittorgarh
INE574Z01013,Five Core Electronics Ltd.,SME,FIVECORE,,2018-05-09,2018-05-11,2018-05-21,140.00,46.66,Fixed Price,NSE SME,Indian Overseas Bank,2018,2006-2019,,,,,,,,,,,,,,,,,,,,,,,,,,,,,,,,,Choice Equity Broking Pvt.Ltd.,chittorgarh,44,chittorgarh,3.00,chittorgarh,6.4,chittorgarh,,,140.90,chittorgarh,147.90,chittorgarh,138.00,chittorgarh,145.50,chittorgarh,"To meet the working capital requirements of the Company | To meet the working capital requirements of the Subsidiary, 5 Core Acoustics Private Limited | General Corporate Purpose | Repayment of Unsecured Loan of Promoters/Directors",chittorgarh,47,chittorgarh
INE556Z01010,U.H.Zaveri Ltd.,SME,,541338,2018-05-08,2018-05-14,2018-05-22,36.00,7.99,Fixed Price,BSE SME,First Overseas,2018,2006-2019,,,,,,,,,,,,,,,,,,,,,,,,,,,,,,,,,NNM Securities Pvt.Ltd.,chittorgarh,8,chittorgarh,0.00,chittorgarh,0.0,chittorgarh,,,27.00,chittorgarh,27.00,chittorgarh,25.65,chittorgarh,25.65,chittorgarh,To meet working capital requirement,chittorgarh,8,chittorgarh
INE424Z01011,Milestone Furniture Ltd.,SME,,541337,2018-05-07,2018-05-11,2018-05-21,45.00,14.84,Fixed Price,BSE SME,Monarch Networth Capital,2018,2006-2019,,,,,,,,,,,,,,,,,,,,,,,,,,,,,,,,,Monarch Networth Capital Ltd.,chittorgarh,14,chittorgarh,1.00,chittorgarh,6.7,chittorgarh,,,45.00,chittorgarh,45.45,chittorgarh,42.75,chittorgarh,44.45,chittorgarh,To set up the manufacturing facility to manufacture the modular and innovative furniture | Working Capital Requirement | General Corporate Expenses,chittorgarh,15,chittorgarh
INE255Z01019,E2E Networks Ltd.,SME,E2E,,2018-05-03,2018-05-07,2018-05-15,57.00,21.99,Fixed Price,NSE SME,Holani Consultants,2018,2006-2019,,,,,,,,,,,,,,,,,,,,,,,,,,,,,,,,,Choice Equity Broking Pvt.Ltd.,chittorgarh,15,chittorgarh,6,chittorgarh,27.3,chittorgarh,,,85.00,chittorgarh,89.25,chittorgarh,84.00,chittorgarh,89.00,chittorgarh,Working Capital requirements | General Corporate Purposes,chittorgarh,22,chittorgarh
INE250Z01010,Indo US Bio-Tech Ltd.,SME,INDOUS,541304,2018-04-30,2018-05-03,2018-05-11,51.00,7.29,Fixed Price,BSE SME,Swastika Investmart,2018,2006-2019,,,,,,,,,,,,,,,,,,,,,,,,,,,,,,,,,Beeline Broking Ltd.,chittorgarh,7,chittorgarh,0.00,chittorgarh,0.0,chittorgarh,,,55.05,chittorgarh,57.80,chittorgarh,55.05,chittorgarh,57.80,chittorgarh,Incremental Working Capital | General Corporate Purpose,chittorgarh,7,chittorgarh
INE256Z01025,Akshar Spintex Ltd.,SME,AKSHAR,541303,2018-04-27,2018-05-03,2018-05-11,40.00,26.99,Fixed Price,BSE SME,Pantomath Capital,2018,2006-2019,,,,,,,,,,,,,,,,,,,,,,,,,,,,,,,,,Pantomath Stock Brokers Pvt.Ltd.,chittorgarh,3,chittorgarh,23,chittorgarh,85.2,chittorgarh,,,40.00,chittorgarh,40.25,chittorgarh,38.00,chittorgarh,38.00,chittorgarh,Funding the working capital requirements of the Company | General corporate purposes,chittorgarh,27,chittorgarh
INE925Y01010,Godha Cabcon & Insulation Ltd.,SME,GODHA,,2018-04-27,2018-05-03,2018-05-11,33.00,9.91,Bookbuilding,NSE SME,Mark Corporate,2018,2006-2019,,,,,,,,,,,,,,,,,,,,,,,,,,,,,,,,,Sparkle Securities Solutions Pvt.Ltd.,chittorgarh,9,chittorgarh,1.00,chittorgarh,10.0,chittorgarh,,,31.00,chittorgarh,31.00,chittorgarh,31.00,chittorgarh,31.00,chittorgarh,To meet the Working Capital Requirements | To meet General Corporate Expenses,chittorgarh,10,chittorgarh
INE728Z01015,SoftTech Engineers Ltd.,SME,SOFTTECH,543470,2018-04-27,2018-05-03,2018-05-11,80.00,22.81,Bookbuilding,NSE SME,Pantomath Capital,2018,2006-2019,,,,,,,,,,,,,,,,,,,,,,,,,,,,,,,,,Pantomath Stock Brokers Pvt.Ltd.,chittorgarh,18,chittorgarh,4,chittorgarh,17.4,chittorgarh,,,72.50,chittorgarh,73.00,chittorgarh,72.00,chittorgarh,72.00,chittorgarh,Product Development and Enhancement Costs | Funding of the Domestic and International Product Penetration and Marketing Costs | Repayment/ Pre-payment of certain unsecured borrowings availed by the Company | General corporate purposes,chittorgarh,23,chittorgarh
INE506Z01015,Dhruv Consultancy Services Ltd.,SME,DHRUV,541302,2018-04-27,2018-05-02,2018-05-10,54.00,23.20,Fixed Price,BSE SME,Hem Securities,2018,2006-2019,,,,,,,,,,,,,,,,,,,,,,,,,,,,,,,,,Hem Securities Ltd.,chittorgarh,22,chittorgarh,1.00,chittorgarh,4.3,chittorgarh,,,53.40,chittorgarh,56.05,chittorgarh,52.55,chittorgarh,56.05,chittorgarh,Repayment/ prepayment of certain indebtedness. | To Meet Working Capital requirements. | General Corporate Expenses.,chittorgarh,23,chittorgarh
INE871Z01013,Dr Lalchandani Labs Ltd.,SME,,541299,2018-04-25,2018-04-27,2018-05-09,30.00,4.20,Fixed Price,BSE SME,Navigant Corporate,2018,2006-2019,,,,,,,,,,,,,,,,,,,,,,,,,,,,,,,,,NNM Securities Pvt.Ltd.,chittorgarh,4,chittorgarh,0.00,chittorgarh,0.0,chittorgarh,,,29.95,chittorgarh,29.95,chittorgarh,28.50,chittorgarh,28.50,chittorgarh,"To open second major processing center (2000 sq. ft. area) in Delhi/NCR. | Repayment/pre-payment, in full or part, of certain borrowings availed by the Company | To purchase advanced machinery and equipment | To open new collection centers based on COCO model | To Develop E- Applications and E Programs and other I.T. support system. | For Recruitment, Training and Placement of staff to expand operations and other operational expenses | For general corporate purposes",chittorgarh,4,chittorgarh
INE087Z01024,Aakash Exploration Services Ltd.,SME,AAKASH,,2018-04-17,2018-04-19,2018-04-27,56.00,10.08,Fixed Price,NSE SME,Monarch Networth Capital,2018,2006-2019,,,,,,,,,,,,,,,,,,,,,,,,,,,,,,,,,Monarch Networth Capital Ltd.,chittorgarh,10,chittorgarh,0.00,chittorgarh,0.0,chittorgarh,,,55.75,chittorgarh,57.00,chittorgarh,53.00,chittorgarh,57.00,chittorgarh,Payment of Cash Credit Facilities | Repayment of Unsecured Loans | Working Capital Requirement | General Corporate Purpose,chittorgarh,10,chittorgarh
INE961Y01015,Mahickra Chemicals Ltd.,SME,MAHICKRA,,2018-04-16,2018-04-18,2018-04-26,25.00,5.25,Bookbuilding,NSE SME,Pantomath Capital,2018,2006-2019,,,,,,,,,,,,,,,,,,,,,,,,,,,,,,,,,Pantomath Stock Brokers Pvt.Ltd.,chittorgarh,5,chittorgarh,0.00,chittorgarh,0.0,chittorgarh,,,35.00,chittorgarh,36.75,chittorgarh,35.00,chittorgarh,36.75,chittorgarh,Funding the working capital requirements of the Company | General Corporate Purpose,chittorgarh,5,chittorgarh
INE032Z01020,Bombay Super Hybrid Seeds Ltd.,SME,BSHSL,,2018-04-12,2018-04-17,2018-04-25,60.00,10.39,Fixed Price,NSE SME,Monarch Networth Capital,2018,2006-2019,,,,,,,,,,,,,,,,,,,,,,,,,,,,,,,,,Monarch Networth Capital Ltd.,chittorgarh,10,chittorgarh,0.00,chittorgarh,0.0,chittorgarh,,,60.00,chittorgarh,63.00,chittorgarh,57.00,chittorgarh,63.00,chittorgarh,Working capital Requirements | Repayment of Loan | General Corporate Purpose,chittorgarh,10,chittorgarh
INE626Z01029,Garv Industries Ltd.,SME,HARDWYN,541276,2018-04-12,2018-04-17,2018-04-25,10.00,3.20,Fixed Price,BSE SME,Aryaman Financial,2018,2006-2019,,,,,,,,,,,,,,,,,,,,,,,,,,,,,,,,,Aryaman Capital Markets Ltd.,chittorgarh,3,chittorgarh,0.00,chittorgarh,0.0,chittorgarh,,,10.00,chittorgarh,10.30,chittorgarh,10.00,chittorgarh,10.00,chittorgarh,Working Capital Requirements | Funding expenditure for General Corporate Purposes,chittorgarh,3,chittorgarh
INE557Z01018,Power & Instrumentation (Gujarat) Ltd.,SME,PIGL,543912,2018-04-11,2018-04-13,2018-04-23,33.00,6.15,Fixed Price,NSE SME,Navigant Corporate,2018,2006-2019,,,,,,,,,,,,,,,,,,,,,,,,,,,,,,,,,Khambatta Securities Ltd.,chittorgarh,6,chittorgarh,0.00,chittorgarh,0.0,chittorgarh,,,35.00,chittorgarh,35.90,chittorgarh,34.00,chittorgarh,34.90,chittorgarh,To Meet Working Capital Requirement | General Corporate Expenses,chittorgarh,6,chittorgarh
INE117Z01011,Narmada Agrobase Ltd.,SME,NARMADA,543643,2018-03-28,2018-04-11,2018-04-19,32.00,7.49,Fixed Price,NSE SME,Corporate Capitalventures,2018,2006-2019,,,,,,,,,,,,,,,,,,,,,,,,,,,,,,,,,Beeline Broking Ltd.,chittorgarh,7,chittorgarh,0.00,chittorgarh,0.0,chittorgarh,,,31.95,chittorgarh,31.95,chittorgarh,30.60,chittorgarh,31.90,chittorgarh,To Meet Working Capital Requirement | General Corporate Expenses,chittorgarh,7,chittorgarh
INE182Z01015,S.S.Infrastructure Development Consultants Ltd.,SME,SSINFRA,,2018-03-28,2018-04-05,2018-04-12,40.00,17.11,Bookbuilding,NSE SME,Pantomath Capital,2018,2006-2019,,,,,,,,,,,,,,,,,,,,,,,,,,,,,,,,,Pantomath Stock Brokers Pvt.Ltd.,chittorgarh,16,chittorgarh,1.00,chittorgarh,5.9,chittorgarh,,,42.95,chittorgarh,43.90,chittorgarh,41.20,chittorgarh,43.10,chittorgarh,Renovation of existing offices and Opening of new branch office | Purchasing of software’s and hardware’s | Repayment of Secured & Unsecured loans availed by the Company | Funding the working capital requirements of the Company | General Corporate Purpose,chittorgarh,17,chittorgarh
INE511Y01018,MMP Industries Ltd.,SME,MMP,,2018-03-28,2018-04-04,2018-04-12,188.00,84.60,Bookbuilding,NSE SME,Oneview Corporate,2018,2006-2019,,,,,,,,,,,,,,,,,,,,,,,,,,,,,,,,,Guiness Securities Ltd.,chittorgarh,80,chittorgarh,5.00,chittorgarh,5.9,chittorgarh,24.11,chittorgarh,190.00,chittorgarh,199.50,chittorgarh,190.00,chittorgarh,199.50,chittorgarh,"Setting up a new facility for manufacturing of Atomised Aluminium Powder , Pyro and Flake Aluminium Powder and Aluminium Foils | Prepayment or repayment of a portion of loan facilities availed by the Company | General Corporate Purposes",chittorgarh,85,chittorgarh
INE301Z01011,Soni Soya Products Ltd.,SME,SONISOYA,,2018-03-28,2018-04-04,2018-04-12,25.00,4.50,Fixed Price,NSE SME,Pantomath Capital,2018,2006-2019,,,,,,,,,,,,,,,,,,,,,,,,,,,,,,,,,Pantomath Stock Brokers Pvt.Ltd.,chittorgarh,4,chittorgarh,1.00,chittorgarh,20.0,chittorgarh,,,25.10,chittorgarh,25.30,chittorgarh,25.10,chittorgarh,25.20,chittorgarh,General Corporate Purpose | Working Capital Requirements,chittorgarh,5,chittorgarh
INE709Z01015,Vera Synthetic Ltd.,SME,VERA,,2018-03-28,2018-04-04,2018-04-12,40.00,5.34,Fixed Price,NSE SME,Pantomath Capital,2018,2006-2019,,,,,,,,,,,,,,,,,,,,,,,,,,,,,,,,,Pantomath Stock Brokers Pvt.Ltd.,chittorgarh,5,chittorgarh,0.00,chittorgarh,0.0,chittorgarh,,,44.85,chittorgarh,48.70,chittorgarh,44.30,chittorgarh,44.30,chittorgarh,Funding the working capital requirements of the Company | General corporate purposes,chittorgarh,5,chittorgarh
INE680Z01018,AVG Logistics Ltd.,SME,AVG,543910,2018-03-28,2018-04-03,2018-04-11,107.00,33.06,Bookbuilding,NSE SME,Systematix Corporate,2018,2006-2019,,,,,,,,,,,,,,,,,,,,,,,,,,,,,,,,,Systematix Shares & Stocks (India) Ltd.,chittorgarh,31,chittorgarh,2.00,chittorgarh,6.1,chittorgarh,,,113.00,chittorgarh,118.65,chittorgarh,112.00,chittorgarh,118.55,chittorgarh,Setting up warehousing facilities at Agartala and Mysore | Working Capital Requirement | General Corporate Purpose | Total,chittorgarh,33,chittorgarh
INE175Y01012,Penta Gold Ltd.,SME,PENTAGOLD,,2018-03-23,2018-03-27,2018-04-25,37.00,13.32,Fixed Price,NSE SME,Inventure Merchant Banker,2018,2006-2019,,,,,,,,,,,,,,,,,,,,,,,,,,,,,,,,,GCM Securities Ltd.,chittorgarh,13,chittorgarh,0.00,chittorgarh,0.0,chittorgarh,,,37.00,chittorgarh,37.00,chittorgarh,36.50,chittorgarh,37.00,chittorgarh,Augmenting additional working capital requirements | General Corporate Purposes,chittorgarh,13,chittorgarh
INE459Z01017,Taylormade Renewables Ltd.,SME,,541228,2018-03-22,2018-03-27,2018-04-06,35.00,11.34,Fixed Price,BSE SME,Oneview Corporate,2018,2006-2019,,,,,,,,,,,,,,,,,,,,,,,,,,,,,,,,,Guiness Securities Ltd.,chittorgarh,11,chittorgarh,0.00,chittorgarh,0.0,chittorgarh,,,36.00,chittorgarh,37.80,chittorgarh,35.80,chittorgarh,37.80,chittorgarh,Working capital requirement | General corporate purposes | Issue Expenses,chittorgarh,11,chittorgarh
INE426Z01016,Orissa Bengal Carrier Ltd.,SME,OBCL,541206,2018-03-22,2018-03-26,2018-04-05,30.00,16.69,Fixed Price,BSE SME,Oneview Corporate,2018,2006-2019,,,,,,,,,,,,,,,,,,,,,,,,,,,,,,,,,NNM Securities Pvt.Ltd.,chittorgarh,16,chittorgarh,1.00,chittorgarh,5.9,chittorgarh,,,31.90,chittorgarh,33.45,chittorgarh,31.90,chittorgarh,33.45,chittorgarh,Funding of working capital requirements of the Company | Issue Expenses,chittorgarh,17,chittorgarh
INE542Z01028,Kapston Facilities Management Ltd.,SME,KAPSTON,,2018-03-21,2018-03-23,2018-04-04,92.00,21.20,Fixed Price,NSE SME,CKP Financial,2018,2006-2019,,,,,,,,,,,,,,,,,,,,,,,,,,,,,,,,,Rikhav Securities Ltd.,chittorgarh,10,chittorgarh,11,chittorgarh,52.4,chittorgarh,,,92.50,chittorgarh,93.00,chittorgarh,92.10,chittorgarh,92.55,chittorgarh,Part Finance Working Capital Requirement | Part Repay unsecured loans | General Corporate Purposes | Issue Expenses,chittorgarh,21,chittorgarh
INE340Z01019,Continental Seeds & Chemicals Ltd.,SME,CONTI,,2018-03-21,2018-03-23,2018-04-04,26.00,4.21,Fixed Price,NSE SME,Navigant Corporate,2018,2006-2019,,,,,,,,,,,,,,,,,,,,,,,,,,,,,,,,,Alacrity Securities Ltd.,chittorgarh,4,chittorgarh,0.00,chittorgarh,0.0,chittorgarh,,,26.00,chittorgarh,27.30,chittorgarh,24.70,chittorgarh,25.75,chittorgarh,To part finance working capital requirements of the Company | General corporate purposes.,chittorgarh,4,chittorgarh
INE495Z01011,Benara Bearings & Pistons Ltd.,SME,,541178,2018-03-20,2018-03-22,2018-04-03,63.00,33.49,Bookbuilding,BSE SME,Pantomath Capital,2018,2006-2019,,,,,,,,,,,,,,,,,,,,,,,,,,,,,,,,,Pantomath Stock Brokers Pvt.Ltd.,chittorgarh,32,chittorgarh,1.00,chittorgarh,3.0,chittorgarh,,,64.00,chittorgarh,64.00,chittorgarh,61.00,chittorgarh,61.95,chittorgarh,Expansion of the Company by way of opening retail stores for automobile parts across the country | Funding the working capital requirements of the Subsidiary BSPL | Funding the working capital requirements of the Company | General Corporate Purpose,chittorgarh,33,chittorgarh
INE616Z01012,Yasho Industries Ltd.,SME,YASHO,541167,2018-03-19,2018-03-21,2018-04-02,100.00,28.99,Fixed Price,BSE SME,Aryaman Financial,2018,2006-2019,,,,,,,,,,,,,,,,,,,,,,,,,,,,,,,,,Aryaman Capital Markets Ltd.,chittorgarh,8,chittorgarh,20,chittorgarh,69.0,chittorgarh,,,101.25,chittorgarh,101.25,chittorgarh,100.00,chittorgarh,101.25,chittorgarh,"Expansion and up-gradation project at our existing manufacturing facilities at Vapi, Gujarat | Total",chittorgarh,29,chittorgarh
INE614Z01017,Giriraj Civil Developers Ltd.,SME,GIRIRAJ,,2018-03-19,2018-03-21,2018-04-02,100.00,9.00,Fixed Price,NSE SME,Aryaman Financial,2018,2006-2019,,,,,,,,,,,,,,,,,,,,,,,,,,,,,,,,,Aryaman Capital Markets Ltd.,chittorgarh,3,chittorgarh,6,chittorgarh,66.7,chittorgarh,,,101.00,chittorgarh,101.00,chittorgarh,100.10,chittorgarh,100.10,chittorgarh,Repayment Of Unsecured Loans | Expenditure for General Corporate Purposes,chittorgarh,9,chittorgarh
INE997Y01027,Mittal Life Style Ltd.,SME,MITTAL,,2018-03-19,2018-03-21,2018-04-02,21.00,4.41,Fixed Price,NSE SME,Sarthi Capital Advisors,2018,2006-2019,,,,,,,,,,,,,,,,,,,,,,,,,,,,,,,,,Choice Equity Broking Pvt.Ltd.,chittorgarh,4,chittorgarh,0.00,chittorgarh,0.0,chittorgarh,,,21.00,chittorgarh,21.00,chittorgarh,21.00,chittorgarh,21.00,chittorgarh,Repayment of Unsecured Borrowings | General Corporate Purpose | Issue Expenses,chittorgarh,4,chittorgarh
INE568Z01015,Uravi T & Wedge Lamps Ltd.,SME,URAVIDEF,543930,2018-03-16,2018-03-20,2018-03-28,100.00,15.00,Fixed Price,NSE SME,Aryaman Financial,2018,2006-2019,,,,,,,,,,,,,,,,,,,,,,,,,,,,,,,,,Aryaman Capital Markets Ltd.,chittorgarh,4,chittorgarh,10,chittorgarh,66.7,chittorgarh,,,101.25,chittorgarh,102.25,chittorgarh,101.25,chittorgarh,102.25,chittorgarh,Funding Long Term Working Capital Requirement | Expenditure for General Corporate Purposes,chittorgarh,15,chittorgarh
INE705X01026,Advitiya Trade India Ltd.,SME,GOYALALUM,541152,2018-03-14,2018-03-16,2018-03-26,15.00,4.31,Fixed Price,BSE SME,Aryaman Financial,2018,2006-2019,,,,,,,,,,,,,,,,,,,,,,,,,,,,,,,,,Aryaman Capital Markets Ltd.,chittorgarh,4,chittorgarh,0.00,chittorgarh,0.0,chittorgarh,,,15.01,chittorgarh,15.76,chittorgarh,15.01,chittorgarh,15.76,chittorgarh,Working Capital Requirements | Funding expenditure for General Corporate Purposes,chittorgarh,4,chittorgarh
INE314Z01014,Ridings Consulting Engineers India Ltd.,SME,,541151,2018-03-14,2018-03-16,2018-03-26,18.00,6.55,Fixed Price,BSE SME,Swastika Investmart,2018,2006-2019,,,,,,,,,,,,,,,,,,,,,,,,,,,,,,,,,Beeline Broking Ltd.,chittorgarh,6,chittorgarh,1.00,chittorgarh,14.3,chittorgarh,,,18.50,chittorgarh,18.50,chittorgarh,18.00,chittorgarh,18.00,chittorgarh,To Meet Working Capital Requirement | General Corporate Expenses,chittorgarh,7,chittorgarh
INE555Z01020,Tara Chand Logistic Solutions Ltd.,SME,TARACHAND,,2018-03-13,2018-03-15,2018-03-23,55.00,20.46,Fixed Price,NSE SME,Hem Securities,2018,2006-2019,,,,,,,,,,,,,,,,,,,,,,,,,,,,,,,,,Hem Finlease Pvt.Ltd.,chittorgarh,19,chittorgarh,1.00,chittorgarh,5.0,chittorgarh,,,49.00,chittorgarh,56.05,chittorgarh,47.70,chittorgarh,49.05,chittorgarh,Repayment of Certain Secured Borrowings availed by the Company | Purchase of Capital Equipment | To meet working capital requirement | General Corporate purposes,chittorgarh,20,chittorgarh
INE860Y01019,Lex Nimble Solutions Ltd.,SME,,541196,2018-03-12,2018-03-23,2018-04-04,57.00,6.34,Fixed Price,BSE SME,Quintessence,2018,2006-2019,,,,,,,,,,,,,,,,,,,,,,,,,,,,,,,,,Sernet Financial Services Pvt.Ltd.,chittorgarh,6,chittorgarh,0.00,chittorgarh,0.0,chittorgarh,,,58.65,chittorgarh,58.65,chittorgarh,55.35,chittorgarh,55.35,chittorgarh,Foraying into CMMI consulting | Establishment as an ISO certifying body | Customisation of SimpleLaw for the Indian market | General Corporate Purposes | Issue Expenses,chittorgarh,6,chittorgarh
INE380Z01015,Active Clothing Co.Ltd.,SME,,541144,2018-03-12,2018-03-16,2018-03-26,65.00,26.56,Fixed Price,BSE SME,Ajcon Global,2018,2006-2019,,,,,,,,,,,,,,,,,,,,,,,,,,,,,,,,,Ajcon Global Services Ltd.,chittorgarh,25,chittorgarh,2.00,chittorgarh,7.4,chittorgarh,,,64.95,chittorgarh,66.40,chittorgarh,61.75,chittorgarh,65.65,chittorgarh,Incremental Working Capital Requirement | Issue Expenses | General Corporate purposes,chittorgarh,27,chittorgarh
INE575Z01010,Marvel Decor Ltd.,SME,MDL,,2018-03-12,2018-03-15,2018-03-23,57.00,26.29,Fixed Price,NSE SME,Sarthi Capital Advisors,2018,2006-2019,,,,,,,,,,,,,,,,,,,,,,,,,,,,,,,,,Choice Equity Broking Pvt.Ltd.,chittorgarh,25,chittorgarh,1.00,chittorgarh,3.8,chittorgarh,,,57.75,chittorgarh,59.00,chittorgarh,51.00,chittorgarh,57.85,chittorgarh,To meet the working capital requirements of the Company | Repayment of Unsecured Loans of Promoters/Directors | General Corporate Purpose | Issue Expenses,chittorgarh,26,chittorgarh
INE155Z01011,Macpower CNC Machines Ltd.,SME,MACPOWER,,2018-03-12,2018-03-14,2018-03-22,140.00,36.61,Bookbuilding,NSE SME,Pantomath Capital,2018,2006-2019,,,,,,,,,,,,,,,,,,,,,,,,,,,,,,,,,Pantomath Stock Brokers Pvt.Ltd.,chittorgarh,34,chittorgarh,3.00,chittorgarh,8.1,chittorgarh,,,149.00,chittorgarh,164.95,chittorgarh,140.00,chittorgarh,162.05,chittorgarh,Setting up of Backward Integration Facility | General corporate purposes,chittorgarh,37,chittorgarh
INE452Z01012,Shreeshay Engineers Ltd.,SME,,541112,2018-03-09,2018-03-13,2018-03-21,15.00,5.40,Fixed Price,BSE SME,Aryaman Financial,2018,2006-2019,,,,,,,,,,,,,,,,,,,,,,,,,,,,,,,,,Aryaman Capital Markets Ltd.,chittorgarh,5,chittorgarh,0.00,chittorgarh,0.0,chittorgarh,,,15.25,chittorgarh,15.25,chittorgarh,15.05,chittorgarh,15.23,chittorgarh,Funding Working Capital Requirement; and | Funding expenditure for General Corporate Purposes,chittorgarh,5,chittorgarh
INE464Z01017,Inflame Appliances Ltd.,SME,,541083,2018-03-06,2018-03-08,2018-03-16,54.00,6.48,Fixed Price,BSE SME,Swastika Investmart,2018,2006-2019,,,,,,,,,,,,,,,,,,,,,,,,,,,,,,,,,Beeline Broking Ltd.,chittorgarh,6,chittorgarh,0.00,chittorgarh,0.0,chittorgarh,,,53.35,chittorgarh,53.35,chittorgarh,50.70,chittorgarh,50.70,chittorgarh,Working Capital Requirements | Capital Expenditure | General Corporate Expenses,chittorgarh,6,chittorgarh
INE324X01026,Sarveshwar Foods Ltd.,SME,SARVESHWAR,543688,2018-03-05,2018-03-07,2018-03-15,85.00,54.97,Bookbuilding,NSE SME,Asit C.Mehta Investment,2018,2006-2019,,,,,,,,,,,,,,,,,,,,,,,,,,,,,,,,,Keynote Capitals Ltd.,chittorgarh,52,chittorgarh,3.00,chittorgarh,5.5,chittorgarh,,,83.00,chittorgarh,83.00,chittorgarh,68.05,chittorgarh,70.55,chittorgarh,,,55,chittorgarh
INE481Z01011,Uniinfo Telecom Services Ltd.,SME,UNIINFO,,2018-03-05,2018-03-07,2018-03-15,55.00,15.59,Fixed Price,NSE SME,Systematix Corporate,2018,2006-2019,,,,,,,,,,,,,,,,,,,,,,,,,,,,,,,,,Systematix Shares & Stocks (India) Ltd.,chittorgarh,15,chittorgarh,1.00,chittorgarh,6.2,chittorgarh,,,56.00,chittorgarh,56.80,chittorgarh,52.50,chittorgarh,55.75,chittorgarh,To meet working capital requirement of the Company | Repayment of Debts | Towards General Corporate Purposes | To meet the Issue Expenses,chittorgarh,16,chittorgarh
INE482Z01019,East India Securities Ltd.,SME,,541053,2018-03-05,2018-03-07,2018-03-13,920.00,92.74,Fixed Price,BSE SME,Finshore Management,2018,2006-2019,,,,,,,,,,,,,,,,,,,,,,,,,,,,,,,,,Shree Bahubali Stock Broking Ltd.,chittorgarh,,,88,chittorgarh,94.6,chittorgarh,,,921.90,chittorgarh,931.00,chittorgarh,921.90,chittorgarh,930.00,chittorgarh,,,93,chittorgarh
INE642Y01029,Hindcon Chemicals Ltd.,SME,HINDCON,,2018-02-26,2018-02-28,2018-03-09,28.00,7.73,Fixed Price,NSE SME,Hem Securities,2018,2006-2019,,,,,,,,,,,,,,,,,,,,,,,,,,,,,,,,,Hem Finlease Pvt.Ltd.,chittorgarh,7,chittorgarh,1.00,chittorgarh,12.5,chittorgarh,,,33.60,chittorgarh,33.60,chittorgarh,29.00,chittorgarh,29.30,chittorgarh,To Meet Working Capital Requirement | To meet General Corporate Expenses,chittorgarh,8,chittorgarh
INE418Y01016,CKP Leisure Ltd.,SME,CKPLEISURE,,2018-02-21,2018-02-23,2018-03-06,30.00,11.54,Fixed Price,NSE SME,Aryaman Financial,2018,2006-2019,,,,,,,,,,,,,,,,,,,,,,,,,,,,,,,,,Aryaman Capital Markets Ltd.,chittorgarh,3,chittorgarh,8,chittorgarh,66.7,chittorgarh,,,27.00,chittorgarh,30.05,chittorgarh,27.00,chittorgarh,29.90,chittorgarh,Setting up of a Banquet Hall at Nashik | General Corporate Purposes,chittorgarh,12,chittorgarh
INE339Z01011,Angel Fibers Ltd.,SME,,541006,2018-02-20,2018-02-23,2018-03-06,27.00,18.22,Fixed Price,BSE SME,Oneview Corporate,2018,2006-2019,,,,,,,,,,,,,,,,,,,,,,,,,,,,,,,,,Guiness Securities Ltd.,chittorgarh,,,17,chittorgarh,94.4,chittorgarh,,,28.50,chittorgarh,28.50,chittorgarh,27.10,chittorgarh,27.10,chittorgarh,,,18,chittorgarh
INE006Z01016,Arvee Laboratories (India) Ltd.,SME,ARVEE,,2018-02-09,2018-02-14,2018-02-22,61.00,8.91,Fixed Price,NSE SME,Sarthi Capital Advisors,2018,2006-2019,,,,,,,,,,,,,,,,,,,,,,,,,,,,,,,,,Wealth First Portfolio Managers Pvt.Ltd.,chittorgarh,8,chittorgarh,1.00,chittorgarh,11.1,chittorgarh,,,60.95,chittorgarh,66.50,chittorgarh,60.50,chittorgarh,62.50,chittorgarh,Re-payment of Unsecured Loans of Promoters | Issue Expenses,chittorgarh,9,chittorgarh
INE341Z01025,Bhatia Communications & Retail (India) Ltd.,SME,,540956,2018-02-08,2018-02-12,2018-02-20,150.00,24.75,Fixed Price,BSE SME,Oneview Corporate,2018,2006-2019,,,,,,,,,,,,,,,,,,,,,,,,,,,,,,,,,NNM Securities Pvt.Ltd.,chittorgarh,20,chittorgarh,4,chittorgarh,16.0,chittorgarh,,,153.95,chittorgarh,153.95,chittorgarh,150.00,chittorgarh,150.10,chittorgarh,Long term Working capital Requirements | General Corporate Purpose | Public Issue Expenses,chittorgarh,25,chittorgarh
INE773Y01014,Tasty Dairy Specialities Ltd.,SME,,540955,2018-02-07,2018-02-12,2018-02-21,45.00,24.44,Fixed Price,BSE SME,Mark Corporate,2018,2006-2019,,,,,,,,,,,,,,,,,,,,,,,,,,,,,,,,,NNM Securities Pvt.Ltd.,chittorgarh,23,chittorgarh,1.00,chittorgarh,4.2,chittorgarh,,,50.75,chittorgarh,52.45,chittorgarh,48.25,chittorgarh,48.35,chittorgarh,To meet Working Capital requirements | To meet General Corporate Purposes,chittorgarh,24,chittorgarh
INE980Y01015,South West Pinnacle Exploration Ltd.,SME,SOUTHWEST,543986,2018-02-06,2018-02-08,2018-02-19,78.00,35.86,Bookbuilding,NSE SME,Pantomath Capital,2018,2006-2019,,,,,,,,,,,,,,,,,,,,,,,,,,,,,,,,,Pantomath Stock Brokers Pvt.Ltd.,chittorgarh,34,chittorgarh,2.00,chittorgarh,5.6,chittorgarh,10.01,chittorgarh,93.60,chittorgarh,93.60,chittorgarh,75.50,chittorgarh,88.30,chittorgarh,Repayment/ Prepayment of certain Secured Borrowings availed by the company | Repayment/ Prepayment of certain Unsecured Borrowings availed by the company | Purchase of Machinery | Funding the working capital requirements of the Company | General Corporate Purposes,chittorgarh,36,chittorgarh
INE862Y01015,Banka BioLoo Ltd.,SME,BANKA,,2018-02-05,2018-02-16,2018-02-27,115.00,12.63,Fixed Price,NSE SME,Aryaman Financial,2018,2006-2019,,,,,,,,,,,,,,,,,,,,,,,,,,,,,,,,,Aryaman Capital Markets Ltd.,chittorgarh,12,chittorgarh,1.00,chittorgarh,7.7,chittorgarh,,,114.00,chittorgarh,120.00,chittorgarh,114.00,chittorgarh,115.00,chittorgarh,Capital expenditures at existing Inoculum unit at Aler | Capital expenditures at proposed new unit at Ibrahimpatnam | Working Capital Requirement | General Corporate Purposes,chittorgarh,13,chittorgarh
INE129Z01016,Sintercom India Ltd.,SME,SINTERCOM,,2018-02-05,2018-02-07,2018-02-15,65.00,42.55,Bookbuilding,NSE SME,Pantomath Capital,2018,2006-2019,,,,,,,,,,,,,,,,,,,,,,,,,,,,,,,,,Innovate Securities Pvt.Ltd.,chittorgarh,17,chittorgarh,23,chittorgarh,53.5,chittorgarh,,,78.00,chittorgarh,78.00,chittorgarh,78.00,chittorgarh,78.00,chittorgarh,To finance expansion of the plant production capacity at the existing unit. | Part repayment of secured and unsecured loan availed by the company,chittorgarh,43,chittorgarh
INE450S01011,Mohini Health & Hygiene Ltd.,SME,MHHL,,2018-02-05,2018-02-07,2018-02-16,42.00,20.71,Bookbuilding,NSE SME,Pantomath Capital,2018,2006-2019,,,,,,,,,,,,,,,,,,,,,,,,,,,,,,,,,Pantomath Stock Brokers Pvt.Ltd.,chittorgarh,20,chittorgarh,1.00,chittorgarh,4.8,chittorgarh,,,50.40,chittorgarh,50.40,chittorgarh,50.40,chittorgarh,50.40,chittorgarh,Repayment/ Prepayment of certain Secured Borrowings availed by the company | Funding the working capital requirements of the Company | General Corporate Purposes,chittorgarh,21,chittorgarh
INE923Y01023,Kenvi Jewels Ltd.,SME,,540953,2018-02-02,2018-02-07,2018-02-16,36.00,6.70,Fixed Price,BSE SME,First Overseas,2018,2006-2019,,,,,,,,,,,,,,,,,,,,,,,,,,,,,,,,,Alacrity Securities Ltd.,chittorgarh,6,chittorgarh,1.00,chittorgarh,14.3,chittorgarh,,,35.10,chittorgarh,43.20,chittorgarh,31.05,chittorgarh,39.10,chittorgarh,Working Capital | Issue Expenses,chittorgarh,7,chittorgarh
INE740X01023,Lorenzini Apparels Ltd.,SME,LAL,540952,2018-01-31,2018-02-06,2018-02-15,10.00,4.47,Fixed Price,BSE SME,Fedex Securities,2018,2006-2019,,,,,,,,,,,,,,,,,,,,,,,,,,,,,,,,,Nikunj Stock Brokers Ltd.,chittorgarh,4,chittorgarh,0.00,chittorgarh,0.0,chittorgarh,,,10.20,chittorgarh,10.20,chittorgarh,8.25,chittorgarh,9.25,chittorgarh,Funding of working capital requirements of the Company | Issue Expenses,chittorgarh,4,chittorgarh
INE180Z01019,Focus Suites Solutions & Services Ltd.,SME,,540945,2018-01-30,2018-02-01,2018-02-09,18.00,6.49,Fixed Price,BSE SME,Pantomath Capital,2018,2006-2019,,,,,,,,,,,,,,,,,,,,,,,,,,,,,,,,,Pantomath Stock Brokers Pvt.Ltd.,chittorgarh,6,chittorgarh,0.00,chittorgarh,0.0,chittorgarh,,,21.60,chittorgarh,21.60,chittorgarh,21.60,chittorgarh,21.60,chittorgarh,Investment in the Subsidiaries POPRSPL and GENPOP to fund their working capital requirement. | General Corporate Purpose | Total,chittorgarh,6,chittorgarh
INE749Y01014,A & M Jumbo Bags Ltd.,SME,PARAMPARA,,2018-01-29,2018-02-02,2018-02-12,65.00,4.00,Fixed Price,NSE SME,Pantomath Capital,2018,2006-2019,,,,,,,,,,,,,,,,,,,,,,,,,,,,,,,,,Pantomath Stock Brokers Pvt.Ltd.,chittorgarh,4,chittorgarh,0.00,chittorgarh,0.0,chittorgarh,,,70.50,chittorgarh,73.80,chittorgarh,66.50,chittorgarh,66.55,chittorgarh,Working Capital Requirement | General Corporate Purpose,chittorgarh,4,chittorgarh
INE630Y01024,Medico Remedies Ltd.,SME,MEDICO,540937,2018-01-29,2018-01-31,2018-02-08,100.00,10.99,Fixed Price,BSE SME,Aryaman Financial,2018,2006-2019,,,,,,,,,,,,,,,,,,,,,,,,,,,,,,,,,Aryaman Capital Markets Ltd.,chittorgarh,9,chittorgarh,2,chittorgarh,18.2,chittorgarh,,,100.00,chittorgarh,100.00,chittorgarh,90.00,chittorgarh,97.15,chittorgarh,Repayment of loans | Funding expenditure for General Corporate Purposes,chittorgarh,11,chittorgarh
INE578V01013,Gujarat Hy-Spin Ltd.,SME,,540938,2018-01-25,2018-01-31,2018-02-08,10.00,4.45,Fixed Price,BSE SME,Pantomath Capital,2018,2006-2019,,,,,,,,,,,,,,,,,,,,,,,,,,,,,,,,,Pantomath Stock Brokers Pvt.Ltd.,chittorgarh,,,4,chittorgarh,100.0,chittorgarh,,,10.35,chittorgarh,11.90,chittorgarh,10.00,chittorgarh,10.81,chittorgarh,,,4,chittorgarh
INE063Z01017,Gautam Gems Ltd.,SME,,540936,2018-01-24,2018-01-30,2018-02-07,36.00,7.56,Fixed Price,BSE SME,First Overseas,2018,2006-2019,,,,,,,,,,,,,,,,,,,,,,,,,,,,,,,,,Beeline Broking Ltd.,chittorgarh,7,chittorgarh,1.00,chittorgarh,12.5,chittorgarh,,,34.15,chittorgarh,43.00,chittorgarh,28.80,chittorgarh,34.60,chittorgarh,Working Capital | Issue Expenses,chittorgarh,8,chittorgarh
INE068Z01016,Vasa Retail & Overseas Ltd.,SME,VASA,,2018-01-24,2018-01-29,2018-02-06,30.00,4.80,Fixed Price,NSE SME,Hem Securities,2018,2006-2019,,,,,,,,,,,,,,,,,,,,,,,,,,,,,,,,,Hem Finlease Pvt.Ltd.,chittorgarh,5,chittorgarh,0.00,chittorgarh,0.0,chittorgarh,,,36.00,chittorgarh,36.00,chittorgarh,36.00,chittorgarh,36.00,chittorgarh,To Meet Working Capital Requirement | General Corporate Expenses,chittorgarh,5,chittorgarh
INE008Z01020,Shree Ram Proteins Ltd.,SME,SRPL,,2018-01-23,2018-01-25,2018-02-05,31.00,19.90,Bookbuilding,NSE SME,Pantomath Capital,2018,2006-2019,,,,,,,,,,,,,,,,,,,,,,,,,,,,,,,,,Pantomath Stock Brokers Pvt.Ltd.,chittorgarh,19,chittorgarh,1.00,chittorgarh,5.0,chittorgarh,,,28.95,chittorgarh,33.45,chittorgarh,28.95,chittorgarh,32.55,chittorgarh,Funding working capital requirements of the Company | General corporate purposes,chittorgarh,20,chittorgarh
INE760Y01011,Ashoka Metcast Ltd.,SME,ASHOKAMET,540923,2018-01-23,2018-01-25,2018-02-05,20.00,12.00,Fixed Price,BSE SME,Aryaman Financial,2018,2006-2019,,,,,,,,,,,,,,,,,,,,,,,,,,,,,,,,,Aryaman Capital Markets Ltd.,chittorgarh,11,chittorgarh,1.00,chittorgarh,8.3,chittorgarh,,,16.00,chittorgarh,16.00,chittorgarh,16.00,chittorgarh,16.00,chittorgarh,"Investment in subsidiary company – SGRMPL for funding capital expenditure requirements in relation to revival and modernisation of existing manufacturing facility at Kadi, Gujarat and working capital requirements | Repayment of loans | Funding expenditure for General Corporate Purposes",chittorgarh,12,chittorgarh
INE880Y01017,Solex Energy Ltd.,SME,SOLEX,,2018-01-22,2018-01-25,2018-02-05,52.00,7.18,Fixed Price,NSE SME,Swastika Investmart,2018,2006-2019,,,,,,,,,,,,,,,,,,,,,,,,,,,,,,,,,Beeline Broking Ltd.,chittorgarh,7,chittorgarh,0.00,chittorgarh,0.0,chittorgarh,,,43.50,chittorgarh,52.20,chittorgarh,42.00,chittorgarh,51.20,chittorgarh,To Meet Working Capital Requirement | Public Issue Expenses | General Corporate Expenses,chittorgarh,7,chittorgarh
INE422M01013,CRP Risk Management Ltd.,SME,,540903,2018-01-18,2018-01-22,2018-01-31,60.00,30.82,Fixed Price,BSE SME,Inventure Merchant Banker,2018,2006-2019,,,,,,,,,,,,,,,,,,,,,,,,,,,,,,,,,Beeline Broking Ltd.,chittorgarh,22,chittorgarh,7,chittorgarh,22.6,chittorgarh,,,48.00,chittorgarh,56.75,chittorgarh,48.00,chittorgarh,49.70,chittorgarh,Prepayment or repayment of a portion of loan facilities availed by the Company | Purchase of Computer Hardware and Office Equipment | Meeting Additional Working Capital Requirements | Additional Infrastructure at our Registered Office and Corporate Office at Mumbai | Marketing and Brand Building | General Corporate Purposes,chittorgarh,31,chittorgarh
INE507Y01016,S K S Textiles Ltd.,SME,SKSTEXTILE,,2018-01-09,2018-01-11,2018-01-19,150.00,13.32,Fixed Price,NSE SME,Aryaman Financial,2018,2006-2019,,,,,,,,,,,,,,,,,,,,,,,,,,,,,,,,,Aryaman Capital Markets Ltd.,chittorgarh,6,chittorgarh,7,chittorgarh,53.8,chittorgarh,,,149.90,chittorgarh,151.00,chittorgarh,131.10,chittorgarh,133.35,chittorgarh,Funding Long Term Working Capital Requirement | Expenditure for General Corporate Purposes,chittorgarh,13,chittorgarh
INE203Y01012,Silly Monks Entertainment Ltd.,SME,SILLYMONKS,,2018-01-05,2018-01-10,2018-01-17,120.00,15.12,Fixed Price,NSE SME,Aryaman Financial,2018,2006-2019,,,,,,,,,,,,,,,,,,,,,,,,,,,,,,,,,Aryaman Capital Markets Ltd.,chittorgarh,11,chittorgarh,3,chittorgarh,20.0,chittorgarh,,,144.00,chittorgarh,144.00,chittorgarh,144.00,chittorgarh,144.00,chittorgarh,"Expanding the Content Portfolio | Setting up Six Offices in Mumbai, Chennai, Bangalore, Delhi, Cochin & Hyderabad for PAN India presence | General Corporate Purposes",chittorgarh,15,chittorgarh
INE063601012,Gian Life Care Ltd.,SME,,542918,2019-12-31,2020-01-03,2020-01-13,22.00,3.12,Fixed Price,BSE SME,Hem Securities,2019,2006-2019,,,,,,,,,,,,,,,,,,,,,,,,,,,,,,,,,Shreni Shares Ltd.,chittorgarh,3,chittorgarh,0.00,chittorgarh,0.0,chittorgarh,,,22.00,chittorgarh,22.05,chittorgarh,22.00,chittorgarh,22.00,chittorgarh,"To open processing center in nearby cites of Kanpur (Jhansi, Banda, Faizabad, Unnao) | To purchase advanced machinery and equipment | Repayment/pre-payment, of certain borrowings availed by the Company",chittorgarh,3,chittorgarh
INE098201036,Vaxtex Cotfab Ltd.,SME,VCL,,2019-12-27,2020-01-03,2020-01-13,24.00,3.83,Fixed Price,NSE SME,Capital Square,2019,2006-2019,,,,,,,,,,,,,,,,,,,,,,,,,,,,,,,,,NNM Securities Pvt.Ltd.,chittorgarh,4,chittorgarh,0.00,chittorgarh,0.0,chittorgarh,,,24.10,chittorgarh,25.00,chittorgarh,23.30,chittorgarh,24.80,chittorgarh,To acquire the Machinery | To meet Working Capital Requirements | General corporate purpose and | To meet the issue expenses,chittorgarh,4,chittorgarh
INE08RT01016,Valencia Nutrition Ltd.,SME,,542910,2019-12-23,2019-12-27,2020-01-06,46.00,7.23,Fixed Price,BSE SME,Aryaman Financial,2019,2006-2019,,,,,,,,,,,,,,,,,,,,,,,,,,,,,,,,,Aryaman Capital Markets Ltd.,chittorgarh,6,chittorgarh,1,chittorgarh,14.3,chittorgarh,,,46.45,chittorgarh,48.75,chittorgarh,46.35,chittorgarh,46.95,chittorgarh,"Construction  of  New  Corporate  Office  and  Research  Development  &  Pre Mix Laboratory Building called “Valencia House” at Anjanapura, Bengaluru | Purchase of Key Lab Equipments for expanding R&D facilities | Sales, Marketing and Distribution Expenses for increasing our brand value and improved geographical reach | General Corporate Purposes",chittorgarh,7,chittorgarh
INE0A1101019,DC Infotech & Communication Ltd.,SME,DCI,543636,2019-12-12,2019-12-18,2019-12-27,45.00,10.80,Fixed Price,NSE SME,Fedex Securities,2019,2006-2019,,,,,,,,,,,,,,,,,,,,,,,,,,,,,,,,,Rikhav Securities Ltd.,chittorgarh,10,chittorgarh,1.00,chittorgarh,9.1,chittorgarh,,,45.50,chittorgarh,45.50,chittorgarh,45.00,chittorgarh,45.20,chittorgarh,Meeting incremental working capital requirements | General corporate purposes,chittorgarh,11,chittorgarh
INE08KD01015,Ascom Leasing & Investments Ltd.,SME,ASCOM,,2019-11-26,2019-11-28,2019-12-06,30.00,6.32,Fixed Price,NSE SME,Novus Capital,2019,2006-2019,,,,,,,,,,,,,,,,,,,,,,,,,,,,,,,,,Jainam Broking Ltd.,chittorgarh,6,chittorgarh,0.00,chittorgarh,0.0,chittorgarh,,,30.25,chittorgarh,30.60,chittorgarh,30.25,chittorgarh,30.25,chittorgarh,"For the purpose of onward lending, financing and augmenting the capital base | General Corporate purpose | Issue expenses",chittorgarh,6,chittorgarh
INE0APB01032,Mangalam Global Enterprise Ltd.,SME,MGEL,544273,2019-11-15,2019-11-20,2019-11-27,51.00,21.57,Fixed Price,NSE SME,Pantomath Capital,2019,2006-2019,,,,,,,,,,,,,,,,,,,,,,,,,,,,,,,,,Pantomath Stock Brokers Pvt.Ltd.,chittorgarh,20,chittorgarh,2.00,chittorgarh,9.1,chittorgarh,,,53.00,chittorgarh,55.65,chittorgarh,51.50,chittorgarh,51.50,chittorgarh,Funding the working capital requirements of our Company | General Corporate Purposes,chittorgarh,22,chittorgarh
INE490Z01012,Anuroop Packaging Ltd.,SME,,542865,2019-11-08,2019-11-13,2019-11-21,13.00,2.64,Fixed Price,BSE SME,Gretex Corporate,2019,2006-2019,,,,,,,,,,,,,,,,,,,,,,,,,,,,,,,,,Gretex Share Broking Pvt.Ltd.,chittorgarh,0.2860,chittorgarh,2,chittorgarh,66.7,chittorgarh,,,13.25,chittorgarh,13.91,chittorgarh,13.25,chittorgarh,13.91,chittorgarh,To Meet working capital requirement,chittorgarh,3,chittorgarh
INE06MH01016,Sona Hi Sona Jewellers (Gujarat) Ltd.,SME,GOLDKART,,2019-09-30,2019-10-04,2019-10-15,10.00,4.50,Fixed Price,NSE SME,Fedex Securities,2019,2006-2019,,,,,,,,,,,,,,,,,,,,,,,,,,,,,,,,,NNM Securities Pvt.Ltd.,chittorgarh,4,chittorgarh,1.00,chittorgarh,20.0,chittorgarh,,,11.15,chittorgarh,11.40,chittorgarh,10.60,chittorgarh,11.40,chittorgarh,Meeting incremental working capital requirements | General corporate purposes,chittorgarh,5,chittorgarh
INE492Z01018,Goblin India Ltd.,SME,,542850,2019-09-30,2019-10-04,2019-10-15,52.00,15.20,Bookbuilding,BSE SME,Novus Capital,2019,2006-2019,,,,,,,,,,,,,,,,,,,,,,,,,,,,,,,,,Vijeta Broking India Pvt.Ltd.,chittorgarh,14,chittorgarh,1.00,chittorgarh,6.7,chittorgarh,,,55.00,chittorgarh,57.70,chittorgarh,54.10,chittorgarh,56.60,chittorgarh,"To set up a plant to manufacture/ assemble ABS Luggage bags at Ahmedabad, Gujarat | Funding the working capital requirement of the Company | General corporate purposes",chittorgarh,15,chittorgarh
INE06H201014,Gensol Engineering Ltd.,SME,GENSOL,542851,2019-09-30,2019-10-04,2019-10-15,83.00,17.93,Bookbuilding,BSE SME,Pantomath Capital,2019,2006-2019,,,,,,,,,,,,,,,,,,,,,,,,,,,,,,,,,Gretex Share Broking Pvt.Ltd.,chittorgarh,17,chittorgarh,1.00,chittorgarh,5.6,chittorgarh,,,85.40,chittorgarh,89.50,chittorgarh,83.50,chittorgarh,86.25,chittorgarh,Funding the working capital requirements of the Company | General corporate purposes,chittorgarh,18,chittorgarh
INE906Y01028,Galactico Corporate Services Ltd.,SME,,542802,2019-09-24,2019-09-27,2019-10-09,23.00,3.70,Fixed Price,BSE SME,Aryaman Financial,2019,2006-2019,,,,,,,,,,,,,,,,,,,,,,,,,,,,,,,,,Aryaman Capital Markets Ltd.,chittorgarh,0.4968,chittorgarh,3,chittorgarh,75.0,chittorgarh,,,23.20,chittorgarh,23.20,chittorgarh,23.05,chittorgarh,23.05,chittorgarh,Repayment of Unsecured loans | General Corporate Purposes,chittorgarh,4,chittorgarh
INE957W01025,Misquita Engineering Ltd.,SME,,542801,2019-09-23,2019-09-25,2019-10-04,27.00,1.93,Fixed Price,BSE SME,Gretex Corporate,2019,2006-2019,,,,,,,,,,,,,,,,,,,,,,,,,,,,,,,,,Gretex Share Broking Pvt.Ltd.,chittorgarh,1,chittorgarh,0.7344,chittorgarh,36.7,chittorgarh,,,27.85,chittorgarh,29.20,chittorgarh,27.85,chittorgarh,29.20,chittorgarh,Prepayment/ repayment of certain debt facilities availed by our Company (Loan for shed expansion) | To Meet working capital requirement,chittorgarh,2,chittorgarh
INE719F01016,Shiv Aum Steels Ltd.,SME,SHIVAUM,,2019-09-19,2019-09-23,2019-10-01,44.00,15.84,Fixed Price,NSE SME,Aryaman Financial,2019,2006-2019,,,,,,,,,,,,,,,,,,,,,,,,,,,,,,,,,Aryaman Capital Markets Ltd.,chittorgarh,15,chittorgarh,1.00,chittorgarh,6.2,chittorgarh,,,44.25,chittorgarh,44.60,chittorgarh,44.10,chittorgarh,44.15,chittorgarh,Repayment of Loans | General Corporate Purpose,chittorgarh,16,chittorgarh
INE08JY01013,Novateor Research Laboratories Ltd.,SME,,542771,2019-08-30,2019-09-04,2019-09-13,24.00,4.49,Fixed Price,BSE SME,First Overseas,2019,2006-2019,,,,,,,,,,,,,,,,,,,,,,,,,,,,,,,,,Beeline Broking Ltd.,chittorgarh,4,chittorgarh,0.00,chittorgarh,0.0,chittorgarh,,,24.00,chittorgarh,25.20,chittorgarh,24.00,chittorgarh,24.15,chittorgarh,Additional Working Capital | To meet the expenses of the Issue,chittorgarh,4,chittorgarh
INE00Y701026,Salasar Exteriors & Contour Ltd.,SME,SECL,,2019-08-28,2019-09-03,2019-09-12,36.00,8.50,Fixed Price,NSE SME,Navigant Corporate,2019,2006-2019,,,,,,,,,,,,,,,,,,,,,,,,,,,,,,,,,NNM Securities Pvt.Ltd.,chittorgarh,8,chittorgarh,0.00,chittorgarh,0.0,chittorgarh,,,36.00,chittorgarh,36.00,chittorgarh,36.00,chittorgarh,36.00,chittorgarh,To Meet Working Capital Requirement | General Corporate Purposes,chittorgarh,8,chittorgarh
INE06YD01010,Transpact Enterprises Ltd.,SME,,542765,2019-08-26,2019-08-28,2019-09-05,130.00,1.35,Fixed Price,BSE SME,Aryaman Financial,2019,2006-2019,,,,,,,,,,,,,,,,,,,,,,,,,,,,,,,,,Aryaman Capital Markets Ltd.,chittorgarh,1,chittorgarh,0.00,chittorgarh,0.0,chittorgarh,,,132.50,chittorgarh,132.50,chittorgarh,131.00,chittorgarh,131.00,chittorgarh,Redemption of Preference Shares | Acquisition of R & D facility and Registered Office on a long term basis | General Corporate Purpose,chittorgarh,1,chittorgarh
INE08E401029,Alphalogic Techsys Ltd.,SME,,542770,2019-08-26,2019-08-28,2019-09-05,84.00,6.18,Fixed Price,BSE SME,Finshore Management,2019,2006-2019,,,,,,,,,,,,,,,,,,,,,,,,,,,,,,,,,Nikunj Stock Brokers Ltd.,chittorgarh,6,chittorgarh,0.00,chittorgarh,0.0,chittorgarh,,,83.00,chittorgarh,84.40,chittorgarh,83.00,chittorgarh,84.35,chittorgarh,Funding the working capital requirements of the Company | General corporate purposes | Total,chittorgarh,6,chittorgarh
INE02WG01024,Wonder Fibromats Ltd.,SME,WEL,543449,2019-07-22,2019-07-29,2019-08-06,89.00,19.79,Fixed Price,NSE SME,Navigant Corporate,2019,2006-2019,,,,,,,,,,,,,,,,,,,,,,,,,,,,,,,,,Bhaijee Portfolio Pvt.Ltd.,chittorgarh,19,chittorgarh,1.00,chittorgarh,5.0,chittorgarh,,,93.00,chittorgarh,93.00,chittorgarh,89.00,chittorgarh,89.05,chittorgarh,"To finance the Expenditure towards Acquisition of Land, Site Development and Other Civil Work. | To Acquire the Plant & Machinery | To part finance the requirement of Incremental Working Capital | To meet General corporate purposes | To meet the expenses of the Issue",chittorgarh,20,chittorgarh
INE04ST01013,SK International Export Ltd.,SME,,542728,2019-06-28,2019-07-05,2019-07-15,20.00,3.96,Fixed Price,BSE SME,Finshore Management,2019,2006-2019,,,,,,,,,,,,,,,,,,,,,,,,,,,,,,,,,Wellworth Share & Stock Broking Ltd.,chittorgarh,4,chittorgarh,0.00,chittorgarh,0.0,chittorgarh,,,19.20,chittorgarh,20.00,chittorgarh,19.20,chittorgarh,20.00,chittorgarh,To meet Working Capital Requirement | General Corporate Purposes,chittorgarh,4,chittorgarh
INE00YB01025,A B Infrabuild Ltd.,SME,ABINFRA,544281,2019-06-28,2019-07-03,2019-07-12,29.00,12.84,Fixed Price,NSE SME,Mark Corporate,2019,2006-2019,,,,,,,,,,,,,,,,,,,,,,,,,,,,,,,,,Asnani Stock Broker Pvt.Ltd.,chittorgarh,12,chittorgarh,1.00,chittorgarh,7.7,chittorgarh,,,29.00,chittorgarh,29.50,chittorgarh,28.50,chittorgarh,29.15,chittorgarh,To meet the Working Capital Requirements | General Corporate Purposes,chittorgarh,13,chittorgarh
INE056001014,City Pulse Multiplex Ltd.,SME,,542727,2019-06-27,2019-07-03,2019-07-11,30.00,3.98,Fixed Price,BSE SME,Capital Square,2019,2006-2019,,,,,,,,,,,,,,,,,,,,,,,,,,,,,,,,,Vijeta Broking India Pvt.Ltd.,chittorgarh,4,chittorgarh,0.00,chittorgarh,0.0,chittorgarh,,,28.50,chittorgarh,29.90,chittorgarh,28.00,chittorgarh,29.65,chittorgarh,Setting up of new miniplex /Multiplex | General Corporate Purposes | Issue Expenses | Total,chittorgarh,4,chittorgarh
INE04AK01028,SBC Exports Ltd.,SME,SBC,542725,2019-06-24,2019-06-26,2019-07-04,22.00,6.56,Fixed Price,BSE SME,Navigant Corporate,2019,2006-2019,,,,,,,,,,,,,,,,,,,,,,,,,,,,,,,,,Nikunj Stock Brokers Ltd.,chittorgarh,6,chittorgarh,1.00,chittorgarh,14.3,chittorgarh,,,22.00,chittorgarh,23.10,chittorgarh,22.00,chittorgarh,23.10,chittorgarh,To part finance working capital requirements of the Company. | General corporate purposes,chittorgarh,7,chittorgarh
INE060601031,Earum Pharmaceuticals Ltd.,SME,,542724,2019-06-21,2019-06-26,2019-07-04,36.00,6.65,Fixed Price,BSE SME,Hem Securities,2019,2006-2019,,,,,,,,,,,,,,,,,,,,,,,,,,,,,,,,,Hem Securities Ltd.,chittorgarh,6,chittorgarh,1.00,chittorgarh,14.3,chittorgarh,,,36.00,chittorgarh,36.15,chittorgarh,36.00,chittorgarh,36.05,chittorgarh,Working Capital requirement | General Corporate Purpose | To meet Issue Expenses,chittorgarh,7,chittorgarh
INE05MV01019,Parshva Enterprises Ltd.,SME,,542694,2019-06-19,2019-06-21,2019-07-01,45.00,3.65,Fixed Price,BSE SME,Inventure Merchant Banker,2019,2006-2019,,,,,,,,,,,,,,,,,,,,,,,,,,,,,,,,,Sernet Financial Services Pvt.Ltd.,chittorgarh,3,chittorgarh,1.00,chittorgarh,25.0,chittorgarh,,,45.85,chittorgarh,48.10,chittorgarh,45.30,chittorgarh,46.00,chittorgarh,Meeting Additional Working Capital Requirements,chittorgarh,4,chittorgarh
INE02GA01012,Anand Rayons Ltd.,SME,,542721,2019-06-18,2019-06-24,2019-07-02,27.00,12.66,Fixed Price,BSE SME,Oneview Corporate,2019,2006-2019,,,,,,,,,,,,,,,,,,,,,,,,,,,,,,,,,Basan Equity Broking Ltd.,chittorgarh,12,chittorgarh,1.00,chittorgarh,7.7,chittorgarh,,,28.25,chittorgarh,28.25,chittorgarh,27.05,chittorgarh,27.20,chittorgarh,Incremental Working capital requirements | General Corporate Purpose | Public Issue Expenses,chittorgarh,13,chittorgarh
INE00CU01013,Suich Industries Ltd.,SME,,542683,2019-05-30,2019-06-04,2019-06-13,75.00,30.86,Bookbuilding,BSE SME,Pantomath Capital,2019,2006-2019,,,,,,,,,,,,,,,,,,,,,,,,,,,,,,,,,Pantomath Stock Brokers Pvt.Ltd.,chittorgarh,29,chittorgarh,2.00,chittorgarh,6.5,chittorgarh,,,68.50,chittorgarh,71.90,chittorgarh,65.10,chittorgarh,71.35,chittorgarh,Repayment/ pre-payment of certain unsecured loans availed from banks and financial institutions by our company | Funding the working capital requirement of the Company | General corporate purposes,chittorgarh,31,chittorgarh
INE04LG01015,Par Drugs & Chemicals Ltd.,SME,PAR,,2019-05-03,2019-05-08,2019-05-16,51.00,8.53,Fixed Price,NSE SME,Pantomath Capital,2019,2006-2019,,,,,,,,,,,,,,,,,,,,,,,,,,,,,,,,,Pantomath Stock Brokers Pvt.Ltd.,chittorgarh,8,chittorgarh,1.00,chittorgarh,11.1,chittorgarh,,,52.90,chittorgarh,52.90,chittorgarh,50.30,chittorgarh,50.45,chittorgarh,Funding working capital requirements of the Company | General Corporate Purpose,chittorgarh,9,chittorgarh
INE05BN01027,Cian Healthcare Ltd.,SME,,542678,2019-05-02,2019-05-15,2019-05-23,61.00,37.92,Bookbuilding,BSE SME,Fedex Securities,2019,2006-2019,,,,,,,,,,,,,,,,,,,,,,,,,,,,,,,,,NNM Securities Pvt.Ltd.,chittorgarh,36,chittorgarh,2.00,chittorgarh,5.3,chittorgarh,,,62.00,chittorgarh,62.90,chittorgarh,58.90,chittorgarh,61.50,chittorgarh,"Upgradation of existing plant i.e. Unit 1 situated at Roorkee, Uttarakhand India | Margin money for Setting up of manufacturing facility i.e. Unit 2 situated at Roorkee, Uttarakhand, India | Enhancement of our Company’s brand through advertising and other brand-building activities | Long term working capital requirements | Acquisitions and other strategic initiatives | General corporate purposes",chittorgarh,38,chittorgarh
INE06TD01010,Evans Electric Ltd.,SME,,542668,2019-04-30,2019-05-03,2019-05-13,52.00,1.93,Fixed Price,BSE SME,Hem Securities,2019,2006-2019,,,,,,,,,,,,,,,,,,,,,,,,,,,,,,,,,Hem Securities Ltd.,chittorgarh,2,chittorgarh,0.00,chittorgarh,0.0,chittorgarh,,,52.20,chittorgarh,54.80,chittorgarh,52.20,chittorgarh,54.80,chittorgarh,To meet working capital requirement | General Corporate Expenses | To meet the Issue Expenses,chittorgarh,2,chittorgarh
INE06CG01019,White Organic Retail Ltd.,SME,,542667,2019-04-26,2019-05-02,2019-05-10,63.00,15.46,Fixed Price,BSE SME,Finshore Management,2019,2006-2019,,,,,,,,,,,,,,,,,,,,,,,,,,,,,,,,,Moneylicious Securities Pvt.Ltd.,chittorgarh,15,chittorgarh,0.00,chittorgarh,0.0,chittorgarh,,,64.20,chittorgarh,64.45,chittorgarh,64.00,chittorgarh,64.30,chittorgarh,Funding the working capital requirements of the Company | Issue related expenses | General corporate purposes,chittorgarh,15,chittorgarh
INE757T01025,Artemis Electricals Ltd.,SME,AEPL,542670,2019-04-24,2019-05-06,2019-05-14,60.00,42.00,Bookbuilding,BSE SME,Fedex Securities,2019,2006-2019,,,,,,,,,,,,,,,,,,,,,,,,,,,,,,,,,NNM Securities Pvt.Ltd.,chittorgarh,40,chittorgarh,2.00,chittorgarh,4.8,chittorgarh,,,70.00,chittorgarh,70.00,chittorgarh,67.00,chittorgarh,69.85,chittorgarh,Long term working capital requirements | Purchase of machinery / equipment | General corporate purposes,chittorgarh,42,chittorgarh
INE05QJ01015,G.K.P.Printing & Packaging Ltd.,SME,,542666,2019-04-23,2019-04-26,2019-05-08,32.00,6.58,Fixed Price,BSE SME,Holani Consultants,2019,2006-2019,,,,,,,,,,,,,,,,,,,,,,,,,,,,,,,,,Maverick Share Brokers Pvt.Ltd.,chittorgarh,6,chittorgarh,1.00,chittorgarh,14.3,chittorgarh,,,34.20,chittorgarh,35.90,chittorgarh,33.00,chittorgarh,35.00,chittorgarh,Working Capital Requirement | General corporate purposes | Issue Expenses,chittorgarh,7,chittorgarh
INE06LG01010,V R Films & Studios Ltd.,SME,,542654,2019-04-12,2019-04-18,2019-04-30,61.00,2.27,Fixed Price,BSE SME,Hem Securities,2019,2006-2019,,,,,,,,,,,,,,,,,,,,,,,,,,,,,,,,,Hem Securities Ltd.,chittorgarh,2,chittorgarh,0.00,chittorgarh,0.0,chittorgarh,,,62.00,chittorgarh,62.00,chittorgarh,58.95,chittorgarh,60.00,chittorgarh,To meet working capital requirement | General Corporate Purposes | To meet Issue Expenses,chittorgarh,2,chittorgarh
INE011201014,Jinaam's Dress Ltd.,SME,,542653,2019-04-09,2019-04-15,2019-04-25,59.00,42.48,Fixed Price,BSE SME,SMC Capitals,2019,2006-2019,,,,,,,,,,,,,,,,,,,,,,,,,,,,,,,,,NNM Securities Pvt.Ltd.,chittorgarh,40,chittorgarh,2.00,chittorgarh,4.8,chittorgarh,,,59.00,chittorgarh,59.00,chittorgarh,56.05,chittorgarh,56.10,chittorgarh,Purchase of machinery | Augmenting the long term working capital requirements of the Company | Repayment/ Pre-payment of certain Debt facilities availed by the Company | General Corporate Purposes | Issue related expenses,chittorgarh,42,chittorgarh
INE06IR01021,Osia Hyper Retail Ltd.,SME,OSIAHYPER,,2019-03-26,2019-03-28,2019-04-05,252.00,39.78,Fixed Price,NSE SME,Monarch Networth Capital,2019,2006-2019,,,,,,,,,,,,,,,,,,,,,,,,,,,,,,,,,Monarch Networth Capital Ltd.,chittorgarh,38,chittorgarh,2.00,chittorgarh,5.0,chittorgarh,,,255.00,chittorgarh,267.75,chittorgarh,255.00,chittorgarh,267.60,chittorgarh,Purchase of Fit outs for stores | To meet working capital requirement | General Corporate Expenses | Issue Expenses,chittorgarh,40,chittorgarh
INE00UG01014,KHFM Hospitality & Facility Management Services Ltd.,SME,KHFM,,2019-03-22,2019-04-04,2019-04-12,36.00,10.62,Fixed Price,NSE SME,Bonanza Portfolio,2019,2006-2019,,,,,,,,,,,,,,,,,,,,,,,,,,,,,,,,,Nikunj Stock Brokers Ltd.,chittorgarh,10,chittorgarh,1.00,chittorgarh,9.1,chittorgarh,,,36.50,chittorgarh,36.50,chittorgarh,35.95,chittorgarh,36.10,chittorgarh,To meet working capital requirement | General Corporate Purpose,chittorgarh,11,chittorgarh
INE01BL01012,Northern Spirits Ltd.,SME,,542628,2019-03-22,2019-03-27,2019-04-04,43.00,18.50,Fixed Price,BSE SME,Finshore Management,2019,2006-2019,,,,,,,,,,,,,,,,,,,,,,,,,,,,,,,,,Airan Finstocks Pvt.Ltd.,chittorgarh,18,chittorgarh,0.00,chittorgarh,0.0,chittorgarh,,,43.70,chittorgarh,43.70,chittorgarh,41.55,chittorgarh,43.10,chittorgarh,Working Capital Requirement | Public issue expenses | General Corporate Purposes,chittorgarh,18,chittorgarh
INE03WT01017,Roopshri Resorts Ltd.,SME,,542599,2019-03-19,2019-03-22,2019-04-01,20.00,3.60,Fixed Price,BSE SME,Aryaman Financial,2019,2006-2019,,,,,,,,,,,,,,,,,,,,,,,,,,,,,,,,,BCB Brokerage Pvt.Ltd.,chittorgarh,3,chittorgarh,1.00,chittorgarh,25.0,chittorgarh,,,20.25,chittorgarh,20.25,chittorgarh,20.25,chittorgarh,20.25,chittorgarh,Repayment of Loans | Repairs and Restoration of Hotel Alexander at Matheran | General Corporate Purposes,chittorgarh,4,chittorgarh
INE00CO01016,Artedz Fabs Ltd.,SME,ARTEDZ,,2019-03-18,2019-03-20,2019-03-29,36.00,8.32,Bookbuilding,NSE SME,Pantomath Capital,2019,2006-2019,,,,,,,,,,,,,,,,,,,,,,,,,,,,,,,,,Pantomath Stock Brokers Pvt.Ltd.,chittorgarh,8,chittorgarh,0.00,chittorgarh,0.0,chittorgarh,,,40.00,chittorgarh,42.00,chittorgarh,39.00,chittorgarh,41.65,chittorgarh,Funding working capital requirements of the company | General Corporate Purpose,chittorgarh,8,chittorgarh
INE02PC01027,Humming Bird Education Ltd.,SME,,542592,2019-03-15,2019-03-19,2019-03-28,132.00,2.15,Fixed Price,BSE SME,Share India Capital,2019,2006-2019,,,,,,,,,,,,,,,,,,,,,,,,,,,,,,,,,Share India Securities Ltd.,chittorgarh,2,chittorgarh,0.00,chittorgarh,0.0,chittorgarh,,,132.00,chittorgarh,138.55,chittorgarh,132.00,chittorgarh,132.00,chittorgarh,To part finance working capital requirements of the Company. | General Corporate Purpose | Total,chittorgarh,2,chittorgarh
INE05FR01029,Ashapuri Gold Ornament Ltd.,SME,,542579,2019-03-13,2019-03-18,2019-03-27,51.00,29.33,Fixed Price,BSE SME,Fedex Securities,2019,2006-2019,56.0,37.0,47.0,1.0,0.0,1.0,0.0,0.0,0.0,0.6,0.4,0.7,8.0,6.0,5.0,17.0,16.0,15.0,-1.0,2.0,2.0,6.06,6.1,6.1,47.0,0.0,0.0,0.0,0.82,Mar 2018,3,screener,NNM Securities Pvt.Ltd.,chittorgarh,28,chittorgarh,1.00,chittorgarh,3.4,chittorgarh,,,50.00,chittorgarh,52.45,chittorgarh,48.00,chittorgarh,51.00,chittorgarh,Establishment of jewellery manufacturing unit | Investment in partnership firm | Meeting working capital requirements | General corporate purposes,chittorgarh,29,chittorgarh
INE01C001026,Aartech Solonics Ltd.,SME,AARTECH,542580,2019-03-12,2019-03-18,2019-03-27,34.00,7.21,Fixed Price,BSE SME,Swastika Investmart,2019,2006-2019,,,,,,,,,,,,,,,,,,,,,,,,,,,,,,,,,Swastika Investmart Ltd.,chittorgarh,7,chittorgarh,0.00,chittorgarh,0.0,chittorgarh,,,33.95,chittorgarh,34.90,chittorgarh,33.95,chittorgarh,34.60,chittorgarh,Investment in wholly owned subsidiary company - “ M/s AIC - Aartech Solonics Private Limited”; | Investment in wholly owned subsidiary company - “M/s Faradigm Ultracapacitors Private Limited” | For General Corporate Expenses including Capital Expenditure & Research and Development Expenses | Working Capital Requirement | Meeting Public Issue Expenses.,chittorgarh,7,chittorgarh
INE00CX01017,Mahip Industries Ltd.,SME,,542503,2019-02-26,2019-03-01,2019-03-12,32.00,16.63,Fixed Price,BSE SME,Finshore Management,2019,2006-2019,,,,,,,,,,,,,,,,,,,,,,,,,,,,,,,,,Airan Finstocks Pvt.Ltd.,chittorgarh,16,chittorgarh,1.00,chittorgarh,5.9,chittorgarh,,,32.00,chittorgarh,33.60,chittorgarh,32.00,chittorgarh,33.60,chittorgarh,Funding the working capital requirements of the Company | Issue related expenses | General corporate purposes,chittorgarh,17,chittorgarh
INE03CM01014,Gleam Fabmat Ltd.,SME,,542477,2019-02-19,2019-02-22,2019-03-05,10.00,3.12,Fixed Price,BSE SME,Aryaman Financial,2019,2006-2019,,,,,,,,,,,,,,,,,,,,,,,,,,,,,,,,,Aryaman Capital Markets Ltd.,chittorgarh,3,chittorgarh,0.00,chittorgarh,0.0,chittorgarh,,,9.00,chittorgarh,9.00,chittorgarh,8.55,chittorgarh,8.55,chittorgarh,Working Capital Requirements | Funding expenditure for General Corporate Purposes,chittorgarh,3,chittorgarh
INE911T01010,Kranti Industries Ltd.,SME,,542459,2019-02-14,2019-02-20,2019-02-28,37.00,8.58,Fixed Price,BSE SME,Novus Capital,2019,2006-2019,,,,,,,,,,,,,,,,,,,,,,,,,,,,,,,,,SMC Global Securities Ltd.,chittorgarh,6,chittorgarh,2,chittorgarh,22.2,chittorgarh,,,35.25,chittorgarh,37.00,chittorgarh,35.25,chittorgarh,36.95,chittorgarh,To Meet Working Capital Requirement | General corporate purposes | Offer Expenses,chittorgarh,9,chittorgarh
INE00RQ01019,Mindpool Technologies Ltd.,SME,MINDPOOL,,2019-02-14,2019-02-20,2019-02-28,30.00,3.60,Fixed Price,NSE SME,Hem Securities,2019,2006-2019,,,,,,,,,,,,,,,,,,,,,,,,,,,,,,,,,Hem Finlease Pvt.Ltd.,chittorgarh,3,chittorgarh,1.00,chittorgarh,25.0,chittorgarh,,,30.00,chittorgarh,30.00,chittorgarh,28.50,chittorgarh,28.50,chittorgarh,To meet working capital requirement | Repayment of a portion of Bank Borrowings | General Corporate Expenses | To meet the Issue Expenses,chittorgarh,4,chittorgarh
INE793Z01027,Jonjua Overseas Ltd.,SME,,542446,2019-02-12,2019-02-15,2019-02-25,10.00,1.30,Fixed Price,BSE SME,Finshore Management,2019,2006-2019,,,,,,,,,,,,,,,,,,,,,,,,,,,,,,,,,Nikunj Stock Brokers Ltd.,chittorgarh,1,chittorgarh,0.00,chittorgarh,0.0,chittorgarh,,,12.00,chittorgarh,12.00,chittorgarh,11.40,chittorgarh,11.40,chittorgarh,To Meet working capital requirement | Public issue expenses | General corporate purpose,chittorgarh,1,chittorgarh
INE02AR01019,Anmol India Ltd.,SME,ANMOL,542437,2019-02-12,2019-02-14,2019-02-21,33.00,10.23,Fixed Price,BSE SME,Share India Capital,2019,2006-2019,,,,,,,,,,,,,,,,,,,,,,,,,,,,,,,,,Share India Securities Ltd.,chittorgarh,10,chittorgarh,0.00,chittorgarh,0.0,chittorgarh,,,33.60,chittorgarh,33.75,chittorgarh,33.20,chittorgarh,35.90,chittorgarh,To part finance working capital requirements of the Company. | General corporate purposes.,chittorgarh,10,chittorgarh
INE01EG01016,Ritco Logistics Ltd.,SME,RITCO,542383,2019-01-28,2019-01-30,2019-02-07,73.00,48.18,Bookbuilding,BSE SME,Pantomath Capital,2019,2006-2019,,,,,,,,,,,,,,,,,,,,,,,,,,,,,,,,,Pantomath Stock Brokers Pvt.Ltd.,chittorgarh,34,chittorgarh,12,chittorgarh,25.0,chittorgarh,,,77.40,chittorgarh,77.40,chittorgarh,73.55,chittorgarh,73.55,chittorgarh,Warehouse development | Technology up gradation / development of Digital Platform | Fleet Centre Up gradation / development | Funding the working capital requirements of the Company | General corporate purposes,chittorgarh,48,chittorgarh
INE01ZJ01015,Surani Steel Tubes Ltd.,SME,SURANI,,2019-01-25,2019-01-29,2019-02-06,52.00,12.92,Bookbuilding,NSE SME,Pantomath Capital,2019,2006-2019,,,,,,,,,,,,,,,,,,,,,,,,,,,,,,,,,Pantomath Stock Brokers Pvt.Ltd.,chittorgarh,12,chittorgarh,1.00,chittorgarh,7.7,chittorgarh,,,53.10,chittorgarh,53.25,chittorgarh,50.45,chittorgarh,53.25,chittorgarh,Funding working capital requirements of the Company | General Corporate Purpose,chittorgarh,13,chittorgarh
INE542W01025,K.P.I.Global Infrastructure Ltd.,SME,KPIGREEN,542323,2019-01-08,2019-01-11,2019-01-22,80.00,39.94,Fixed Price,BSE SME,Vivro Financial,2019,2006-2019,,,,,,,,,,,,,,,,,,,,,,,,,,,,,,,,,Airan Finstocks Pvt.Ltd.,chittorgarh,38,chittorgarh,2.00,chittorgarh,5.0,chittorgarh,,,80.80,chittorgarh,82.45,chittorgarh,80.55,chittorgarh,81.30,chittorgarh,"To part finance setting up a 25 MW Solar Power Project at Sudi village, Samiyala village, Tanchha village, located in Amod Tehsil in Bharuch District of Gujarat | For General Corporate Purposes",chittorgarh,40,chittorgarh
