isin,company_name,type,nse_symbol,bse_script_code,open_date,close_date,listing_date,issue_price,issue_amount_cr,pricing_method,listing_at,lead_manager,year,market_maker,market_maker_src,fresh_issue_cr,fresh_issue_cr_src,ofs_cr,ofs_cr_src,ofs_pct,ofs_pct_src,anchor_allocation_cr,anchor_allocation_cr_src,listing_open,listing_open_src,listing_high,listing_high_src,listing_low,listing_low_src,listing_close,listing_close_src,objects_of_issue,objects_of_issue_src,issue_size_cr,issue_size_cr_src,sub_qib_x,sub_nii_x,sub_retail_x,sub_total_x,sub_qib_cr,sub_nii_cr,sub_retail_cr,sub_total_cr,gmp_pct,promoter_pre_issue_pct,promoter_post_issue_pct,price_band_low,book_built,lot_size_shares,min_investment_rs,pe_ratio,pat_ttm_cr,sales_ttm_cr,eps_ttm,net_sales_yr1,net_sales_yr2,net_sales_yr3,operating_profit_yr1,operating_profit_yr2,operating_profit_yr3,pat_yr1,pat_yr2,pat_yr3,eps_yr1,eps_yr2,eps_yr3,shareholder_funds_yr1,shareholder_funds_yr2,shareholder_funds_yr3,borrowings_yr1,borrowings_yr2,borrowings_yr3,total_assets_yr1,total_assets_yr2,total_assets_yr3,operating_cf_yr1,operating_cf_yr2,operating_cf_yr3,pre_ipo_pat_margin_pct,pre_ipo_roe_pct,pre_ipo_debt_equity,pre_ipo_net_sales,pre_ipo_pat,pre_ipo_fin_year,pre_ipo_years_available,sub_total_x_src,pat_yr3_src,gmp_pct_src,promoter_post_issue_pct_src,ticker_ns,ticker_bo,confidence,confidence_reason,isin_xchg_check,ticker_needs_review,name_at_ipo,official_isin_name,name_isin_check
INE01BK01022,Antony Waste Handling Cell Ltd.,MB,AWHCL,543254,2020-12-21,2020-12-23,2021-01-01,315.00,299.99,Bookbuilding,"BSE, NSE",Equirus Capital,2020,,,85,chittorgarh,215,chittorgarh,71.7,chittorgarh,90.00,chittorgarh,430.00,chittorgarh,492.75,chittorgarh,394.60,chittorgarh,407.25,chittorgarh,"Part-financing for PCMC WTE Project through investment in our Subsidiaries, AG Enviro and/orALESPL | Reduction of the consolidated borrowings of our Company by infusing debt in our Subsidiary -AG Enviro for repayment / prepayment of portion of their outstanding indebtedness | General corporate purposes",chittorgarh,300,chittorgarh,0.89,0.26,0.38,0.5,,,,,55.56,,,,,,,,,,,276.0,284.0,451.0,70.0,76.0,126.0,40.0,35.0,47.0,224.92,19.17,10.69,,,,,,,,,,36.0,31.0,108.0,10.42,,,451.0,47.0,Mar 2020,3,nse,screener,investorgain,,AWHCL.NS,543254.BO,isin_authoritative,ISIN→symbol from official NSE list,match,,Antony Waste Handling Cell Ltd.,Antony Waste Handling Cell Limited,match
INE495P01020,Mrs.Bectors Food Specialities Ltd.,MB,BECTORFOOD,543253,2020-12-15,2020-12-17,2020-12-24,288.00,540.54,Bookbuilding,"BSE, NSE",ICICI Securities,2020,,,41,chittorgarh,500,chittorgarh,92.4,chittorgarh,162.01,chittorgarh,501.00,chittorgarh,601.20,chittorgarh,500.00,chittorgarh,595.55,chittorgarh,Financing the project cost towards Rajpura Expansion Project,chittorgarh,541,chittorgarh,176.85,620.86,29.33,198.02,,,,,74.65,,,,,,,,,,,691.0,784.0,762.0,86.0,97.0,93.0,36.0,33.0,30.0,1.25,1.16,1.06,266.0,294.0,319.0,139.0,165.0,134.0,511.0,577.0,566.0,,,109.0,3.94,9.4,0.42,762.0,30.0,Mar 2020,3,nse,screener,investorgain,,BECTORFOOD.NS,543253.BO,isin_authoritative,ISIN→symbol from official NSE list,match,,Mrs.Bectors Food Specialities Ltd.,Mrs. Bectors Food Specialities Limited,match
INE07T201019,Restaurant Brands Asia Ltd.,MB,RBA,543248,2020-12-02,2020-12-04,2020-12-14,60.00,810.00,Bookbuilding,"BSE, NSE",CLSA,2020,,,450,chittorgarh,360,chittorgarh,44.4,chittorgarh,364.50,chittorgarh,115.35,chittorgarh,138.40,chittorgarh,108.40,chittorgarh,138.40,chittorgarh,Repayment or prepayment of outstanding borrowings of our Company obtained for setting up of new Company-owned Burger King Restaurants; and | Capital expenditure incurred for setting up of new Company-owned Burger King Restaurants | General corporate purposes,chittorgarh,810,chittorgarh,,,,,,,,,71.67,,,,,,,,,,,,,,,,,,,,,,,,,,,,,,,,,,,,,,,,,,,,investorgain,,RBA.NS,543248.BO,isin_authoritative,human-verified rename / confirmed ISIN↔symbol,renamed_confirmed,,Burger King India Ltd.,Restaurant Brands Asia Limited,renamed_confirmed
INE068V01023,Gland Pharma Ltd.,MB,GLAND,543245,2020-11-09,2020-11-11,2020-11-20,1500.00,6479.55,Bookbuilding,"BSE, NSE",Citigroup Global,2020,,,1250,chittorgarh,5230,chittorgarh,80.7,chittorgarh,1943.86,chittorgarh,1701.00,chittorgarh,1850.00,chittorgarh,1701.00,chittorgarh,1820.45,chittorgarh,Funding incremental working capital requirements of our Company | Funding capital expenditure requirements of our Company | General corporate purposes,chittorgarh,6480,chittorgarh,6.4,0.51,0.24,2.06,,,,,7.87,,,,,,,,,,,,,2633.0,,,955.0,,,773.0,,,49.88,,,3647.0,,,5.0,,,4086.0,,,701.0,29.36,21.2,0.0,2633.0,773.0,Mar 2020,1,nse,screener,investorgain,,GLAND.NS,543245.BO,isin_authoritative,ISIN→symbol from official NSE list,match,,Gland Pharma Ltd.,Gland Pharma Limited,match
INE063P01018,Equitas Small Finance Bank Ltd.,MB,EQUITASBNK,543243,2020-10-20,2020-10-22,2020-11-02,33.00,517.60,Bookbuilding,"BSE, NSE",Edelweiss Financial,2020,,,280,chittorgarh,238,chittorgarh,45.9,chittorgarh,139.68,chittorgarh,31.00,chittorgarh,33.05,chittorgarh,30.10,chittorgarh,32.75,chittorgarh,Towards augmenting our Bank’s Tier I capital base to meet our Bank’s future capital requirements,chittorgarh,518,chittorgarh,,,,,,,,,3.03,,,,,,,,,,,1543.0,2112.0,2645.0,,,,32.0,211.0,244.0,0.32,2.09,2.31,2044.0,2254.0,2744.0,,,,13310.0,15763.0,19296.0,213.0,1799.0,440.0,9.22,8.89,,2645.0,244.0,Mar 2020,3,,screener,investorgain,,EQUITASBNK.NS,543243.BO,isin_authoritative,ISIN→symbol from official NSE list,match,,Equitas Small Finance Bank Ltd.,Equitas Small Finance Bank Limited,match
INE060901027,Likhitha Infrastructure Ltd.,MB,LIKHITHA,543240,2020-09-29,2020-10-07,2020-10-15,120.00,61.20,Bookbuilding,"BSE, NSE",Unistone Capital,2020,,,61,chittorgarh,0.00,chittorgarh,0.0,chittorgarh,,,130.10,chittorgarh,136.60,chittorgarh,125.00,chittorgarh,136.60,chittorgarh,Working Capital Requirements | General Corporate Purposes | Issue Expenses | Total,chittorgarh,61,chittorgarh,21.99,1.54,23.71,9.51,,,,,5.0,,,,,,,,,,,87.0,139.0,161.0,11.0,29.0,30.0,7.0,18.0,20.0,7.99,19.84,6.89,32.0,50.0,70.0,14.0,10.0,1.0,67.0,85.0,101.0,-1.0,3.0,18.0,12.42,28.57,0.01,161.0,20.0,Mar 2020,3,nse,screener,investorgain,,LIKHITHA.NS,543240.BO,isin_authoritative,ISIN→symbol from official NSE list,match,,Likhitha Infrastructure Ltd.,Likhitha Infrastructure Limited,match
INE249Z01020,Mazagon Dock Shipbuilders Ltd.,MB,MAZDOCK,543237,2020-09-29,2020-10-01,2020-10-12,145.00,443.69,Bookbuilding,"BSE, NSE",Axis Capital,2020,,,,,444,chittorgarh,100.0,chittorgarh,,,216.25,chittorgarh,216.65,chittorgarh,173.00,chittorgarh,173.00,chittorgarh,"To  carry  out  the  disinvestment  of 30,599,017#Equity  Shares  by  the  Selling Shareholder constituting 15.17% of our Company’s pre-Offer paid up Equity Share capital ; | Achieve the benefits of listing the Equity Shares on the Stock Exchanges",chittorgarh,444,chittorgarh,89.71,678.88,35.63,157.41,,,,,72.41,,,,,,,,,,,4457.0,4614.0,4905.0,157.0,261.0,263.0,496.0,532.0,471.0,11.07,11.88,11.66,2834.0,3217.0,3060.0,0.0,0.0,0.0,19374.0,20850.0,20943.0,491.0,65.0,-96.0,9.6,15.39,0.0,4905.0,471.0,Mar 2020,3,nse,screener,investorgain,,MAZDOCK.NS,543237.BO,isin_authoritative,ISIN→symbol from official NSE list,match,,Mazagon Dock Shipbuilders Ltd.,Mazagon Dock Shipbuilders Limited,match
INE094J01016,UTI Asset Management Co.Ltd.,MB,UTIAMC,543238,2020-09-29,2020-10-01,2020-10-12,554.00,2159.88,Bookbuilding,"BSE, NSE",Axis Capital,2020,,,,,2160,chittorgarh,100.0,chittorgarh,644.64,chittorgarh,490.25,chittorgarh,530.00,chittorgarh,471.10,chittorgarh,476.60,chittorgarh,"To achieve the benefits of listing the Equity Shares on the Stock Exchanges and the sale of 38,987,081 Equity Shares by the Selling Shareholders in the Offer",chittorgarh,2160,chittorgarh,3.34,0.93,2.32,2.31,,,,,2.53,,,,,,,,,,,1134.0,1051.0,854.0,558.0,498.0,349.0,402.0,348.0,275.0,31.68,27.83,21.41,2288.0,2605.0,2773.0,0.0,0.0,0.0,2550.0,3013.0,3165.0,316.0,123.0,181.0,32.2,9.92,0.0,854.0,275.0,Mar 2020,3,nse,screener,investorgain,,UTIAMC.NS,543238.BO,isin_authoritative,ISIN→symbol from official NSE list,match,,UTI Asset Management Co.Ltd.,UTI Asset Management Company Limited,match
INE732I01021,Angel Broking Ltd.,MB,ANGELONE,543235,2020-09-22,2020-09-24,2020-10-05,306.00,600.00,Bookbuilding,"BSE, NSE",Edelweiss Financial,2020,,,300,chittorgarh,300,chittorgarh,50.0,chittorgarh,180.00,chittorgarh,275.00,chittorgarh,296.45,chittorgarh,256.60,chittorgarh,275.85,chittorgarh,To meet working capital requirements | General corporate purposes,chittorgarh,600,chittorgarh,,,,,,,,,1.63,,,,,,,,,,,770.0,778.0,748.0,254.0,203.0,178.0,108.0,80.0,82.0,1.5,1.11,1.14,475.0,531.0,591.0,1125.0,872.0,491.0,2367.0,2209.0,2190.0,-309.0,689.0,643.0,10.96,13.87,0.83,748.0,82.0,Mar 2020,3,,screener,investorgain,,ANGELONE.NS,543235.BO,isin_authoritative,ISIN→symbol from official NSE list,match,,Angel Broking Ltd.,Angel One Limited,match
INE03YM01018,Chemcon Speciality Chemicals Ltd.,MB,CHEMCON,543233,2020-09-21,2020-09-23,2020-10-01,340.00,318.00,Bookbuilding,"BSE, NSE",Ambit,2020,,,165,chittorgarh,153,chittorgarh,48.1,chittorgarh,95.40,chittorgarh,730.95,chittorgarh,743.80,chittorgarh,584.80,chittorgarh,584.80,chittorgarh,Capital expenditure towards expansion of Manufacturing Facility | To meet working capital requirements | General corporate purposes,chittorgarh,318,chittorgarh,113.54,449.14,41.21,149.33,,,,,91.18,,,,,,,,,,,158.0,303.0,262.0,46.0,66.0,70.0,26.0,43.0,49.0,33.21,13.54,15.37,54.0,97.0,147.0,17.0,33.0,46.0,97.0,173.0,226.0,14.0,11.0,12.0,18.7,33.33,0.31,262.0,49.0,Mar 2020,3,nse,screener,investorgain,,CHEMCON.NS,543233.BO,isin_authoritative,ISIN→symbol from official NSE list,match,,Chemcon Speciality Chemicals Ltd.,Chemcon Speciality Chemicals Limited,match
INE596I01020,Computer Age Management Services Ltd.,MB,CAMS,543232,2020-09-21,2020-09-23,2020-10-01,1230.00,2243.12,Bookbuilding,BSE,HDFC Bank,2020,,,,,2243,chittorgarh,100.0,chittorgarh,666.57,chittorgarh,1518.00,chittorgarh,1550.00,chittorgarh,1306.20,chittorgarh,1401.60,chittorgarh,"To carry out the Offer for Sale of 18,246,600 Equity Shares by the Selling Shareholder | Achieve the benefits of listing the Equity Shares on the BSE",chittorgarh,2243,chittorgarh,73.18,111.85,5.55,46.99,,,,,26.67,,,,,,,,,,,659.0,711.0,700.0,276.0,261.0,287.0,146.0,131.0,172.0,5.99,5.35,7.05,444.0,442.0,549.0,112.0,109.0,0.0,698.0,736.0,801.0,162.0,187.0,199.0,24.57,31.33,0.0,700.0,172.0,Mar 2020,3,nse,screener,investorgain,,CAMS.NS,543232.BO,isin_authoritative,ISIN→symbol from official NSE list,match,,Computer Age Management Services Ltd.,Computer Age Management Services Limited,match
INE450U01017,Route Mobile Ltd.,MB,ROUTE,543228,2020-09-09,2020-09-11,2020-09-21,350.00,600.00,Bookbuilding,"BSE, NSE",Axis Capital,2020,,,240,chittorgarh,360,chittorgarh,60.0,chittorgarh,180.00,chittorgarh,708.00,chittorgarh,735.00,chittorgarh,625.00,chittorgarh,651.10,chittorgarh,"Repayment or pre-payment, in full or part, of certain borrowings of our Company | Acquisitions and other strategic initiatives | Purchase of office premises in Mumbai | General corporate purposes",chittorgarh,600,chittorgarh,89.76,192.81,12.67,73.3,,,,,88.57,,,,,,,,,,,505.0,845.0,956.0,72.0,87.0,101.0,48.0,56.0,58.0,9.74,11.38,11.65,171.0,223.0,269.0,84.0,79.0,53.0,423.0,487.0,625.0,28.0,23.0,98.0,6.07,21.56,0.2,956.0,58.0,Mar 2020,3,nse,screener,investorgain,,ROUTE.NS,543228.BO,isin_authoritative,ISIN→symbol from official NSE list,match,,Route Mobile Ltd.,ROUTE MOBILE LIMITED,match
INE419U01012,Happiest Minds Technologies Ltd.,MB,HAPPSTMNDS,543227,2020-09-07,2020-09-09,2020-09-17,166.00,702.02,Bookbuilding,"BSE, NSE",ICICI Securities,2020,,,110,chittorgarh,592,chittorgarh,84.3,chittorgarh,315.91,chittorgarh,351.00,chittorgarh,395.00,chittorgarh,351.00,chittorgarh,371.00,chittorgarh,To   meet long   term working   capital requirements | General  corporate  purposes,chittorgarh,702,chittorgarh,77.43,351.46,70.94,150.98,,,,,,,,,,,,,,,,,590.0,698.0,,55.0,97.0,,14.0,72.0,,3.82,14.52,,-88.0,229.0,,144.0,150.0,,414.0,508.0,,58.0,112.0,10.32,31.44,0.66,698.0,72.0,Mar 2020,2,nse,screener,,,HAPPSTMNDS.NS,543227.BO,isin_authoritative,ISIN→symbol from official NSE list,match,,Happiest Minds Technologies Ltd.,Happiest Minds Technologies Limited,match
INE0CCU25019,Mindspace Business Parks REIT,MB,MINDSPACE,543217,2020-07-27,2020-07-29,2020-08-07,275.00,4500.00,Bookbuilding,"BSE, NSE",Ambit,2020,,,,,,,,,,,,,,,,,,,,,,,,,,12.96,,,,,,,,,,,,,,,,,1432.0,0.0,,1013.0,-5.0,,515.0,-5.0,,,,,1631.0,-5.0,,6162.0,0.0,,9132.0,0.0,,934.0,0.0,,100.0,-0.0,0.0,-5.0,Mar 2020,2,nse,screener,,,MINDSPACE.NS,543217.BO,chittorgarh_symbol,Chittorgarh nse_symbol (ISIN not in NSE exchange list),unchecked,,Mindspace Business Parks REIT,,no_ref
INE528G01035,Yes Bank Ltd. FPO,MB,YESBANK,532648,2020-07-15,2020-07-17,2020-07-27,12.00,15000.00,Bookbuilding,"BSE, NSE",Axis Bank,2020,,,,,,,,,,,,,,,,,,,,,,,1.9,0.63,0.47,0.93,,,,,,,,,,,,,,,,20269.0,29624.0,26052.0,,,,4233.0,1709.0,-16433.0,18.38,7.38,-13.09,25753.0,26887.0,21695.0,,,,312450.0,380860.0,257832.0,-21810.0,-24573.0,-57721.0,-63.08,-75.75,,26052.0,-16433.0,Mar 2020,3,nse,screener,,,YESBANK.NS,532648.BO,isin_authoritative,ISIN→symbol from official NSE list,match,,Yes Bank Ltd. FPO,Yes Bank Limited,match
INE02A801020,Rossari Biotech Ltd.,MB,ROSSARI,543213,2020-07-13,2020-07-15,2020-07-23,425.00,496.25,Bookbuilding,"BSE, NSE",Axis Bank,2020,,,50,chittorgarh,446,chittorgarh,89.9,chittorgarh,148.87,chittorgarh,670.00,chittorgarh,804.00,chittorgarh,663.55,chittorgarh,742.35,chittorgarh,Repayment/prepayment of certain indebtedness availed by our Company (including accrued interest) | Funding working capital requirements | General corporate purposes,chittorgarh,496,chittorgarh,85.26,239.83,7.23,79.37,,,,,,,,,,,,,,,,,516.0,600.0,,78.0,105.0,,46.0,65.0,,103.82,12.86,,123.0,287.0,,8.0,67.0,,250.0,471.0,,71.0,57.0,10.83,22.65,0.23,600.0,65.0,Mar 2020,2,nse,screener,,,ROSSARI.NS,543213.BO,isin_authoritative,ISIN→symbol from official NSE list,match,,Rossari Biotech Ltd.,Rossari Biotech Limited,match
INE018E01016,SBI Cards & Payment Services Ltd.,MB,SBICARD,543066,2020-03-02,2020-03-05,2020-03-16,755.00,10340.79,Bookbuilding,"BSE, NSE",Axis Capital,2020,,,499,chittorgarh,9841,chittorgarh,95.2,chittorgarh,2768.55,chittorgarh,658.00,chittorgarh,755.00,chittorgarh,658.00,chittorgarh,683.20,chittorgarh,,,10341,chittorgarh,,,,,,,,,,,,,,,,,,,,3347.0,5195.0,7017.0,,,,373.0,601.0,865.0,4.75,7.66,10.33,1449.0,2353.0,3588.0,,,,10765.0,15686.0,20146.0,-2235.0,-2891.0,-2327.0,12.33,24.11,,7017.0,865.0,Mar 2019,3,,screener,,,SBICARD.NS,543066.BO,isin_authoritative,ISIN→symbol from official NSE list,match,,SBI Cards & Payment Services Ltd.,SBI Cards and Payment Services Limited,match
INE925R01014,CMS Info Systems Ltd.,MB,CMSINFO,543441,2021-12-21,2021-12-23,2021-12-31,216.00,1100.00,Bookbuilding,"BSE, NSE",Axis Capital,2021,,,,,1100,chittorgarh,100.0,chittorgarh,330.00,chittorgarh,218.50,chittorgarh,260.00,chittorgarh,215.00,chittorgarh,237.40,chittorgarh,,,1100,chittorgarh,1.98,1.45,2.15,1.95,,,,,3.7,,,,,,,,,,,1146.0,1383.0,1306.0,198.0,254.0,294.0,96.0,135.0,169.0,6.5,9.1,11.39,746.0,850.0,984.0,0.0,0.0,0.0,1093.0,1333.0,1612.0,102.0,214.0,185.0,12.94,17.17,0.0,1306.0,169.0,Mar 2021,3,nse,screener,investorgain,,CMSINFO.NS,543441.BO,isin_authoritative,ISIN→symbol from official NSE list,match,,CMS Info Systems Ltd.,CMS Info Systems Limited,match
INE07RO01027,Supriya Lifescience Ltd.,MB,SUPRIYA,543434,2021-12-16,2021-12-20,2021-12-28,274.00,700.00,Bookbuilding,"BSE, NSE",Axis Capital,2021,,,200,chittorgarh,500,chittorgarh,71.4,chittorgarh,315.00,chittorgarh,425.00,chittorgarh,425.00,chittorgarh,383.15,chittorgarh,390.35,chittorgarh,"Funding capital expenditure requirements of the Company; | Repayment and/ or pre-payment, in full or part, of certain borrowings availed by the Company | General corporate purposes.",chittorgarh,700,chittorgarh,31.83,161.22,56.01,71.51,,,,,47.45,,,,,,,,,,,278.0,312.0,391.0,65.0,98.0,173.0,39.0,73.0,124.0,26.93,50.11,16.89,94.0,149.0,269.0,90.0,82.0,72.0,253.0,336.0,445.0,49.0,117.0,76.0,31.71,46.1,0.27,391.0,124.0,Mar 2021,3,nse,screener,investorgain,,SUPRIYA.NS,543434.BO,isin_authoritative,ISIN→symbol from official NSE list,match,,Supriya Lifescience Ltd.,Supriya Lifescience Limited,match
INE0GSL01024,HP Adhesives Ltd.,MB,HPAL,543433,2021-12-15,2021-12-17,2021-12-27,274.00,125.96,Bookbuilding,"BSE, NSE",Unistone Capital,2021,,,113,chittorgarh,13,chittorgarh,10.3,chittorgarh,56.68,chittorgarh,319.00,chittorgarh,334.95,chittorgarh,319.00,chittorgarh,334.95,chittorgarh,Funding capital expenditure for the Proposed Expansion | Funding the incremental working capital requirements of the Company | General corporate purposes,chittorgarh,126,chittorgarh,1.82,19.04,81.24,20.96,,,,,29.2,,,,,,,,,,,,85.0,118.0,,4.0,12.0,,-5.0,10.0,,-0.73,1.55,,2.0,13.0,,36.0,43.0,,57.0,90.0,,1.0,11.0,8.47,76.92,3.31,118.0,10.0,Mar 2021,2,nse,screener,investorgain,,HPAL.NS,543433.BO,isin_authoritative,ISIN→symbol from official NSE list,match,,HP Adhesives Ltd.,HP Adhesives Limited,match
INE0IX101010,Data Patterns (India) Ltd.,MB,DATAPATTNS,543428,2021-12-14,2021-12-16,2021-12-24,585.00,588.22,Bookbuilding,"BSE, NSE",IIFL Capital,2021,,,240,chittorgarh,348,chittorgarh,59.2,chittorgarh,176.47,chittorgarh,864.00,chittorgarh,864.00,chittorgarh,744.05,chittorgarh,754.85,chittorgarh,"Prepayment or repayment of all, or a portion, of certain outstanding borrowings availed by the Company | Funding working capital requirements of the Company | Upgrading and expanding our existing facilities at Chennai; | General corporate purposes",chittorgarh,588,chittorgarh,190.86,254.22,23.14,119.62,,,,,54.7,,,,,,,,,,,131.0,156.0,224.0,26.0,43.0,92.0,8.0,21.0,56.0,45.3,123.84,326.86,133.0,154.0,208.0,60.0,61.0,37.0,277.0,295.0,329.0,-4.0,13.0,55.0,25.0,26.92,0.18,224.0,56.0,Mar 2021,3,nse,screener,investorgain,,DATAPATTNS.NS,543428.BO,isin_authoritative,ISIN→symbol from official NSE list,match,,Data Patterns (India) Ltd.,Data Patterns (India) Limited,match
INE804L01022,Medplus Health Services Ltd.,MB,MEDPLUS,543427,2021-12-13,2021-12-15,2021-12-23,796.00,1398.29,Bookbuilding,"BSE, NSE",Axis Capital,2021,,,600,chittorgarh,798,chittorgarh,57.1,chittorgarh,417.99,chittorgarh,1015.00,chittorgarh,1143.10,chittorgarh,1015.00,chittorgarh,1120.85,chittorgarh,"Investment into our Material Subsidiary, Optival for funding working capital requirements of Optival | General corporate purposes",chittorgarh,1398,chittorgarh,111.89,85.33,5.23,52.59,,,,,15.7,,,,,,,,,,,2273.0,2871.0,3069.0,120.0,134.0,217.0,12.0,2.0,63.0,585.46,107.02,1393.11,291.19,528.19,730.45,429.0,477.0,590.0,959.0,1349.0,1566.0,147.0,-7.0,3.0,2.05,8.62,0.81,3069.0,63.0,Mar 2021,3,nse,screener,investorgain,,MEDPLUS.NS,543427.BO,isin_authoritative,ISIN→symbol from official NSE list,match,,Medplus Health Services Ltd.,Medplus Health Services Limited,match
INE317I01021,Metro Brands Ltd.,MB,METROBRAND,543426,2021-12-10,2021-12-14,2021-12-22,500.00,1367.51,Bookbuilding,"BSE, NSE",Ambit,2021,,,295,chittorgarh,1073,chittorgarh,78.4,chittorgarh,410.25,chittorgarh,436.00,chittorgarh,507.70,chittorgarh,426.10,chittorgarh,493.55,chittorgarh,"Expenditure for opening new stores of the Company, under the “Metro”, “Mochi”, “Walkway” and “Crocs” brands (“New Stores”); | General corporate purposes",chittorgarh,1368,chittorgarh,8.49,3.02,1.13,3.64,,,,,11.0,,,,,,,,,,,1217.0,1285.0,800.0,337.0,355.0,175.0,153.0,161.0,65.0,11.13,11.8,2.57,650.0,808.0,828.0,424.0,549.0,567.0,1322.0,1617.0,1659.0,196.0,273.0,265.0,8.12,7.85,0.68,800.0,65.0,Mar 2021,3,nse,screener,investorgain,,METROBRAND.NS,543426.BO,isin_authoritative,ISIN→symbol from official NSE list,match,,Metro Brands Ltd.,Metro Brands Limited,match
INE0BV301023,C.E.Info systems Ltd.,MB,MAPMYINDIA,543425,2021-12-09,2021-12-13,2021-12-21,1033.00,1039.61,Bookbuilding,"BSE, NSE",Axis Capital,2021,,,,,1040,chittorgarh,100.0,chittorgarh,311.88,chittorgarh,1581.00,chittorgarh,1586.85,chittorgarh,1282.20,chittorgarh,1394.55,chittorgarh,,,1040,chittorgarh,196.36,424.69,15.2,154.71,,,,,64.86,,,,,,,,,,,135.0,149.0,152.0,26.0,29.0,51.0,34.0,23.0,60.0,87.59,60.53,156.07,156.0,169.0,229.0,154.0,151.0,149.0,340.0,358.0,428.0,27.0,27.0,82.0,39.47,26.2,0.65,152.0,60.0,Mar 2021,3,nse,screener,investorgain,,MAPMYINDIA.NS,543425.BO,isin_authoritative,ISIN→symbol from official NSE list,match,,C.E.Info systems Ltd.,C.E. Info Systems Limited,match
INE217L01019,Shriram Properties Ltd.,MB,SHRIRAMPPS,543419,2021-12-08,2021-12-10,2021-12-20,118.00,600.04,Bookbuilding,"BSE, NSE",Axis Capital,2021,,,250,chittorgarh,350,chittorgarh,58.3,chittorgarh,268.65,chittorgarh,94.00,chittorgarh,106.35,chittorgarh,91.75,chittorgarh,99.40,chittorgarh,"Repayment and/ or pre-payment, in full or part, of certain borrowings availed by the Company and our Subsidiaries, Shriprop Structures, Global Entropolis and Bengal Shriram; and | General corporate purposes, subject to applicable laws",chittorgarh,600,chittorgarh,1.85,4.82,12.72,4.6,,,,,8.47,,,,,,,,,,,650.0,572.0,432.0,-2.0,-10.0,17.0,49.0,-86.0,-68.0,3.39,-5.8,-4.6,980.0,904.0,838.0,846.0,739.0,727.0,3353.0,3403.0,3284.0,-179.0,129.0,148.0,-15.74,-8.11,0.87,432.0,-68.0,Mar 2021,3,nse,screener,investorgain,,SHRIRAMPPS.NS,543419.BO,isin_authoritative,ISIN→symbol from official NSE list,match,,Shriram Properties Ltd.,Shriram Properties Limited,match
INE0CLI01024,Rategain Travel Technologies Ltd.,MB,RATEGAIN,543417,2021-12-07,2021-12-09,2021-12-17,425.00,1335.74,Bookbuilding,"BSE, NSE",IIFL Capital,2021,,,375,chittorgarh,960,chittorgarh,71.9,chittorgarh,598.83,chittorgarh,364.80,chittorgarh,382.00,chittorgarh,334.10,chittorgarh,340.50,chittorgarh,"Repayment/prepaymentof indebtedness availed by RateGain UK, one  of our Subsidiaries, from  Silicon Valley Bank | Payment of deferred consideration for acquisitionof DHISCO; | Strategic investments, acquisitionsand inorganic growth | Investment in technology innovation, artificial intelligence and other organic growth initiatives | Purchase of certain capital equipment for our Data Center; | General corporate purposes",chittorgarh,1336,chittorgarh,8.42,42.04,8.08,17.41,,,,,4.24,,,,,,,,,,,262.0,399.0,251.0,23.0,-24.0,7.0,11.0,-20.0,-29.0,168.4,-306.87,-436.2,142.65,137.74,244.66,54.0,144.0,117.0,285.0,397.0,440.0,36.0,19.0,21.0,-11.55,-11.85,0.48,251.0,-29.0,Mar 2021,3,nse,screener,investorgain,,RATEGAIN.NS,543417.BO,isin_authoritative,ISIN→symbol from official NSE list,match,,Rategain Travel Technologies Ltd.,Rategain Travel Technologies Limited,match
INE463V01026,Anand Rathi Wealth Ltd.,MB,ANANDRATHI,543415,2021-12-02,2021-12-06,2021-12-14,550.00,659.38,Bookbuilding,"BSE, NSE",Anand Rathi Advisors,2021,,,,,659,chittorgarh,100.0,chittorgarh,193.88,chittorgarh,602.05,chittorgarh,614.95,chittorgarh,566.10,chittorgarh,583.50,chittorgarh,"To achieve the benefits of listing the Equity Shares on the Stock Exchanges and for the  sale  of up  to  12,000,000  Equity  Shares  aggregating up to ₹  6,593.75  million  by  the Selling  Shareholders",chittorgarh,659,chittorgarh,43.8,28.6,4.8,20.7,6783.31,3322.03,1295.70,11429.80,8.18,98.06,69.9,393,True,36,14904,17.7,104,846,23.4,280.0,336.0,273.0,102.0,110.0,77.0,58.0,62.0,45.0,11.01,11.35,8.11,123.0,186.0,242.0,1.0,42.0,48.0,231.0,409.0,340.0,67.0,140.0,-18.0,16.48,18.6,0.2,273.0,45.0,Mar 2021,3,sharescart,screener,investorgain,sharescart,ANANDRATHI.NS,543415.BO,isin_authoritative,ISIN→symbol from official NSE list,match,,Anand Rathi Wealth Ltd.,Anand Rathi Wealth Limited,match
INE011K01018,Tega Industries Ltd.,MB,TEGA,543413,2021-12-01,2021-12-03,2021-12-13,453.00,619.23,Bookbuilding,"BSE, NSE",Axis Capital,2021,,,,,619,chittorgarh,100.0,chittorgarh,185.77,chittorgarh,753.00,chittorgarh,767.10,chittorgarh,711.50,chittorgarh,725.50,chittorgarh,"To achieve the benefits of listing the Equity Shares on the Stock Exchanges and for the Offer for Sale of 13,669,478*Equity Shares",chittorgarh,619,chittorgarh,,,,,,,,,59.6,,,,,,,,,,,634.0,685.0,806.0,100.0,109.0,193.0,33.0,66.0,136.0,5.66,11.37,23.68,393.0,454.0,605.0,252.0,287.0,228.0,785.0,881.0,1010.0,69.0,128.0,170.0,16.87,22.48,0.38,806.0,136.0,Mar 2021,3,,screener,investorgain,,TEGA.NS,543413.BO,isin_authoritative,ISIN→symbol from official NSE list,match,,Tega Industries Ltd.,Tega Industries Limited,match
INE575P01011,Star Health & Allied Insurance Co.Ltd.,MB,STARHEALTH,543412,2021-11-30,2021-12-02,2021-12-10,900.00,6018.68,Bookbuilding,"BSE, NSE",Ambit,2021,,,2001,chittorgarh,4018,chittorgarh,66.8,chittorgarh,3217.13,chittorgarh,848.80,chittorgarh,940.00,chittorgarh,827.50,chittorgarh,906.85,chittorgarh,Augmentation of the Company’s capital base,chittorgarh,6019,chittorgarh,1.03,0.19,1.1,0.79,,,,,8.89,,,,,,,,,,,3775.0,4987.0,5050.0,210.0,443.0,-1397.0,128.0,268.0,-1086.0,2.81,5.46,-19.81,1229.0,1644.0,3495.0,250.0,250.0,250.0,4872.0,6127.0,10501.0,776.0,647.0,890.0,-21.5,-31.07,0.07,5050.0,-1086.0,Mar 2021,3,nse,screener,investorgain,,STARHEALTH.NS,543412.BO,isin_authoritative,ISIN→symbol from official NSE list,match,,Star Health & Allied Insurance Co.Ltd.,Star Health and Allied Insurance Company Limited,match
INE0BJS01011,Go Fashion (India) Ltd.,MB,GOCOLORS,543401,2021-11-17,2021-11-22,2021-11-30,690.00,1013.61,Bookbuilding,"BSE, NSE",Dam Capital,2021,,,125,chittorgarh,889,chittorgarh,87.7,chittorgarh,456.12,chittorgarh,1316.00,chittorgarh,1341.00,chittorgarh,1144.15,chittorgarh,1252.60,chittorgarh,Funding roll out of 120 new EBOs | Funding working capital requirements | General corporate purposes,chittorgarh,1014,chittorgarh,,,,,,,,,71.74,,,,,,,,,,,285.0,392.0,251.0,81.0,128.0,47.0,31.0,53.0,-4.0,10.31,17.54,-1.18,179.0,237.0,234.0,203.0,259.0,281.0,405.0,521.0,551.0,33.0,57.0,90.0,-1.59,-1.71,1.2,251.0,-4.0,Mar 2021,3,,screener,investorgain,,GOCOLORS.NS,543401.BO,isin_authoritative,ISIN→symbol from official NSE list,match,,Go Fashion (India) Ltd.,Go Fashion (India) Limited,match
INE144Z01023,Tarsons Products Ltd.,MB,TARSONS,543399,2021-11-15,2021-11-17,2021-11-26,662.00,1023.54,Bookbuilding,"BSE, NSE",Edelweiss Financial,2021,,,150,chittorgarh,874,chittorgarh,85.4,chittorgarh,305.96,chittorgarh,700.00,chittorgarh,840.00,chittorgarh,634.00,chittorgarh,840.00,chittorgarh,Repayment/prepayment of certain borrowings of our Company | Funding capital expenditure for the Proposed Expansion | General corporate purposes,chittorgarh,1024,chittorgarh,,,,,,,,,27.19,,,,,,,,,,,,,229.0,,,103.0,,,69.0,,,3583.25,,,244.19,,,34.0,,,296.0,,,68.0,30.13,28.26,0.14,229.0,69.0,Mar 2021,1,,screener,investorgain,,TARSONS.NS,543399.BO,isin_authoritative,ISIN→symbol from official NSE list,match,,Tarsons Products Ltd.,Tarsons Products Limited,match
INE0I7C01011,Latent View Analytics Ltd.,MB,LATENTVIEW,543398,2021-11-10,2021-11-12,2021-11-23,197.00,600.00,Bookbuilding,"BSE, NSE",Axis Capital,2021,,,474,chittorgarh,126,chittorgarh,21.0,chittorgarh,267.01,chittorgarh,530.00,chittorgarh,548.75,chittorgarh,462.00,chittorgarh,488.60,chittorgarh,"Funding inorganic growth initiatives | Funding working capital requirements of LatentView Analytics Corporation, our Material SubsidiaryFunding working capital requirements of LatentView Analytics Corporation, our Material Subsidiary | Investment in our Subsidiaries to augment their capital base for future growth | General corporate purposes",chittorgarh,600,chittorgarh,145.48,850.66,119.44,326.49,,,,,134.52,,,,,,,,,,,288.0,310.0,306.0,73.0,80.0,105.0,60.0,73.0,91.0,73.85,89.79,112.43,266.81,347.81,437.81,36.0,33.0,52.0,324.0,398.0,519.0,64.0,63.0,90.0,29.74,20.79,0.12,306.0,91.0,Mar 2021,3,nse,screener,investorgain,,LATENTVIEW.NS,543398.BO,isin_authoritative,ISIN→symbol from official NSE list,match,,Latent View Analytics Ltd.,Latent View Analytics Limited,match
INE806T01020,Sapphire Foods India Ltd.,MB,SAPPHIRE,543397,2021-11-09,2021-11-11,2021-11-18,1180.00,2073.25,Bookbuilding,"BSE, NSE",BOFA Securities,2021,,,,,2073,chittorgarh,100.0,chittorgarh,932.96,chittorgarh,1311.00,chittorgarh,1383.60,chittorgarh,1160.00,chittorgarh,1216.05,chittorgarh,"carry out the Offer for Saleof 17,569,941Equity Shares*by the Selling Shareholders | Achieve the benefits of listing the Equity Shares on the Stock Exchanges | Enhancement of our Company’s brand name",chittorgarh,2073,chittorgarh,,,,,,,,,11.02,,,,,,,,,,,1194.0,1340.0,1020.0,39.0,186.0,125.0,-45.0,-159.0,-100.0,-2.07,-6.27,-3.73,472.0,524.0,480.0,96.0,646.0,645.0,1095.0,1384.0,1349.0,47.0,213.0,154.0,-9.8,-20.83,1.34,1020.0,-100.0,Mar 2021,3,,screener,investorgain,,SAPPHIRE.NS,543397.BO,isin_authoritative,ISIN→symbol from official NSE list,match,,Sapphire Foods India Ltd.,Sapphire Foods India Limited,match
INE982J01020,One 97 Communications Ltd.,MB,PAYTM,543396,2021-11-08,2021-11-10,2021-11-18,2150.00,18300.00,Bookbuilding,"BSE, NSE",Axis Capital,2021,,,8300,chittorgarh,10000,chittorgarh,54.6,chittorgarh,8235.00,chittorgarh,1955.00,chittorgarh,1961.05,chittorgarh,1564.00,chittorgarh,1564.15,chittorgarh,"Growing  and  strengthening  our  Paytm  ecosystem,  including  through  acquisition and retention of consumers and merchants and providing them with greater access to technology and financial services | Investing in new business initiatives, acquisitions and strategic partnerships | General corporate purposes",chittorgarh,18300,chittorgarh,,,,,,,,,1.4,,,,,,,,,,,3224.0,3279.0,2801.0,-4368.0,-2685.0,-1838.0,-4231.0,-2942.0,-1701.0,-726.78,-470.27,-280.42,5725.0,8105.0,6534.0,932.0,428.0,612.0,8764.0,10302.0,9151.0,-4476.0,-2377.0,-2082.0,-60.73,-26.03,0.09,2801.0,-1701.0,Mar 2021,3,,screener,investorgain,,PAYTM.NS,543396.BO,isin_authoritative,ISIN→symbol from official NSE list,match,,One 97 Communications Ltd.,One 97 Communications Limited,match
INE284S01014,S.J.S.Enterprises Ltd.,MB,SJS,543387,2021-11-01,2021-11-03,2021-11-15,542.00,800.00,Bookbuilding,"BSE, NSE",Axis Capital,2021,,,,,800,chittorgarh,100.0,chittorgarh,240.00,chittorgarh,540.00,chittorgarh,551.00,chittorgarh,505.50,chittorgarh,509.85,chittorgarh,"To carry out the Offer for Sa le of up to 14,760,146* Equity Sha res by the Selling Sha reholders | Achieve the benefits of listing  the Equity Sha res on the Stock Excha nges",chittorgarh,800,chittorgarh,1.42,2.32,1.38,1.59,,,,,12.92,,,,,,,,,,,237.0,216.0,252.0,69.0,64.0,78.0,38.0,41.0,48.0,12.35,13.57,15.69,238.0,279.0,315.0,23.0,6.0,9.0,304.0,332.0,384.0,36.0,58.0,58.0,19.05,15.24,0.03,252.0,48.0,Mar 2021,3,nse,screener,investorgain,,SJS.NS,543387.BO,isin_authoritative,ISIN→symbol from official NSE list,match,,S.J.S.Enterprises Ltd.,S.J.S. Enterprises Limited,match
INE417T01026,PB Fintech Ltd.,MB,POLICYBZR,543390,2021-11-01,2021-11-03,2021-11-15,980.00,5709.71,Bookbuilding,"BSE, NSE",Citigroup Global,2021,,,3750,chittorgarh,1960,chittorgarh,34.3,chittorgarh,2569.37,chittorgarh,1150.00,chittorgarh,1249.00,chittorgarh,1145.00,chittorgarh,1202.90,chittorgarh,"Enhancing visibility and awareness of our brands, including but not limited to “Policybazaar” and “Paisabazaar” | New opportunities to expand growth initiatives to increase our Consumer base including offline presence | Funding Strategic investments and acquisitions | Expanding our presence outside India | General corporate purposes",chittorgarh,5710,chittorgarh,24.89,7.82,3.31,16.58,,,,,13.78,,,,,,,,,,,492.0,771.0,887.0,-336.0,-320.0,-160.0,-347.0,-304.0,-150.0,-91265.79,-80007.89,-6583.7,489.04,1265.04,1990.05,90.0,110.0,110.0,751.0,1576.0,2331.0,-282.0,-364.0,29.0,-16.91,-7.54,0.06,887.0,-150.0,Mar 2021,3,nse,screener,investorgain,,POLICYBZR.NS,543390.BO,isin_authoritative,ISIN→symbol from official NSE list,match,,PB Fintech Ltd.,PB Fintech Limited,match
INE0D0K01022,Sigachi Industries Ltd.,MB,SIGACHI,543389,2021-11-01,2021-11-03,2021-11-15,163.00,125.43,Bookbuilding,"BSE, NSE",Unistone Capital,2021,,,125,chittorgarh,0.00,chittorgarh,0.0,chittorgarh,37.63,chittorgarh,575.00,chittorgarh,603.75,chittorgarh,570.45,chittorgarh,603.75,chittorgarh,"Funding capital expenditure for expansion of production capacity for MCC at Dahej, Gujarat | Funding capital expenditure for expansion of production capacity for MCC at Jhagadia, Gujarat | Funding capital expenditure to manufacture CCS at the Proposed Unit | General corporate purposes",chittorgarh,125,chittorgarh,86.51,172.43,80.49,101.91,,,,,138.04,,,,,,,,,,,129.0,139.0,193.0,26.0,25.0,39.0,19.0,20.0,30.0,6.19,2.65,3.94,,,,,,,,,,14.0,12.0,30.0,15.54,,,193.0,30.0,Mar 2021,3,nse,screener,investorgain,,SIGACHI.NS,543389.BO,isin_authoritative,ISIN→symbol from official NSE list,match,,Sigachi Industries Ltd.,Sigachi Industries Limited,match
INE02NC01014,Fino Payments Bank Ltd.,MB,FINOPB,543386,2021-10-29,2021-11-02,2021-11-12,577.00,1200.29,Bookbuilding,"BSE, NSE",Axis Capital,2021,,,300,chittorgarh,900,chittorgarh,75.0,chittorgarh,538.78,chittorgarh,548.00,chittorgarh,583.35,chittorgarh,510.80,chittorgarh,545.25,chittorgarh,Augmenting its Tier-1 capital base to meet its future capital requirements | Total,chittorgarh,1200,chittorgarh,,,,,,,,,,,,,,,,,,,,19.0,18.0,20.0,,,,-62.0,-32.0,20.0,-13.99,-7.19,4.59,163.0,130.0,151.0,,,,684.0,624.0,1010.0,,-84.0,-32.0,100.0,13.25,,20.0,20.0,Mar 2021,3,,screener,,,FINOPB.NS,543386.BO,isin_authoritative,ISIN→symbol from official NSE list,match,,Fino Payments Bank Ltd.,Fino Payments Bank Limited,match
INE388Y01029,FSN E-Commerce Ventures Ltd.,MB,NYKAA,543384,2021-10-28,2021-11-01,2021-11-10,1125.00,5349.72,Bookbuilding,"BSE, NSE",BOFA Securities,2021,,,630,chittorgarh,4720,chittorgarh,88.2,chittorgarh,2395.84,chittorgarh,2001.00,chittorgarh,2248.10,chittorgarh,1994.10,chittorgarh,2206.70,chittorgarh,"Investment in certain of our Subsidiaries, namely, FSNBrands and / or Nykaa Fashion for funding the set-up of new retail stores | Capital  expenditure  to  be  incurred  by  our  Company  and  investment  in certain  of  our  Subsidiaries,  namely, Nykaa  E-Retail,  FSN  Brands  and Nykaa Fashionfor funding the set-up of new warehouses | Repayment  or  prepayment  of  outstanding  borrowingsavailed  by  our Company and one of our Subsidiaries, namely, Nykaa E-Retail | Expenditure to acquire and retain customers by enhancing the visibility and awareness of our brands | General corporate purposes",chittorgarh,5350,chittorgarh,91.18,112.02,12.24,81.78,,,,,68.89,,,,,,,,,,,1111.0,1768.0,2441.0,21.0,83.0,158.0,-25.0,-16.0,62.0,-2.87,-1.9,6.82,230.0,322.0,490.0,310.0,413.0,333.0,776.0,1124.0,1302.0,-100.0,6.0,133.0,2.54,12.65,0.68,2441.0,62.0,Mar 2021,3,nse,screener,investorgain,,NYKAA.NS,543384.BO,isin_authoritative,ISIN→symbol from official NSE list,match,,FSN E-Commerce Ventures Ltd.,FSN E-Commerce Ventures Limited,match
INE404A01024,Aditya Birla Sun Life AMC Ltd.,MB,ABSLAMC,543374,2021-09-29,2021-10-01,2021-10-11,712.00,2768.26,Bookbuilding,"BSE, NSE",Axis Capital,2021,,,,,2768,chittorgarh,100.0,chittorgarh,788.95,chittorgarh,712.00,chittorgarh,721.00,chittorgarh,696.00,chittorgarh,699.65,chittorgarh,"Achieve the benefits of listing the Equity Shares on the Stock Exchanges | Carry out the Offer for Sale of 38,880,000Equity Shares by the Selling Shareholders",chittorgarh,2768,chittorgarh,,,,,,,,,4.92,,,,,,,,,,,1407.0,1235.0,1202.0,684.0,703.0,735.0,447.0,494.0,526.0,248.22,274.67,292.38,1221.0,1317.0,1705.0,72.0,62.0,59.0,1498.0,1572.0,1985.0,315.0,497.0,512.0,43.76,30.85,0.03,1202.0,526.0,Mar 2021,3,,screener,investorgain,,ABSLAMC.NS,543374.BO,isin_authoritative,ISIN→symbol from official NSE list,match,,Aditya Birla Sun Life AMC Ltd.,Aditya Birla Sun Life AMC Limited,match
INE045601023,Paras Defence & Space Technologies Ltd.,MB,PARAS,543367,2021-09-21,2021-09-23,2021-10-01,175.00,170.78,Bookbuilding,"BSE, NSE",Anand Rathi Advisors,2021,,,141,chittorgarh,30,chittorgarh,17.5,chittorgarh,51.23,chittorgarh,475.00,chittorgarh,498.75,chittorgarh,456.00,chittorgarh,498.75,chittorgarh,Purchase of machinery and equipment | Funding incremental working capital requirements of our Company | Repayment or prepayment of all or a portion of certain borrowings/outstanding loan facilities availedby our Company | General corporate purposes,chittorgarh,171,chittorgarh,,,,,,,,,125.71,,,,,,,,,,,154.0,147.0,143.0,43.0,40.0,44.0,19.0,20.0,16.0,16.64,3.46,2.63,153.0,172.0,207.0,85.0,103.0,106.0,330.0,342.0,363.0,,-3.0,4.0,11.19,7.73,0.51,143.0,16.0,Mar 2021,3,,screener,investorgain,,PARAS.NS,543367.BO,isin_authoritative,ISIN→symbol from official NSE list,match,,Paras Defence & Space Technologies Ltd.,Paras Defence and Space Technologies Limited,match
INE953O01021,Sansera Engineering Ltd.,MB,SANSERA,543358,2021-09-14,2021-09-16,2021-09-24,744.00,1282.52,Bookbuilding,"BSE, NSE",ICICI Securities,2021,,,,,1283,chittorgarh,100.0,chittorgarh,382.06,chittorgarh,811.35,chittorgarh,842.00,chittorgarh,800.80,chittorgarh,818.70,chittorgarh,,,1283,chittorgarh,,,,,,,,,8.06,,,,,,,,,,,1624.0,1457.0,1549.0,292.0,227.0,274.0,98.0,80.0,110.0,20.5,17.11,23.01,685.0,768.0,878.0,685.0,725.0,640.0,1745.0,1829.0,1931.0,218.0,241.0,256.0,7.1,12.53,0.73,1549.0,110.0,Mar 2021,3,,screener,investorgain,,SANSERA.NS,543358.BO,isin_authoritative,ISIN→symbol from official NSE list,match,,Sansera Engineering Ltd.,Sansera Engineering Limited,match
INE00FF01025,Acutaas Chemicals Ltd.,MB,ACUTAAS,543349,2021-09-01,2021-09-03,2021-09-14,610.00,569.64,Bookbuilding,"BSE, NSE",Ambit,2021,,,200,chittorgarh,370,chittorgarh,64.9,chittorgarh,170.89,chittorgarh,902.00,chittorgarh,967.25,chittorgarh,841.20,chittorgarh,934.55,chittorgarh,Repayment/prepayment of certain financial facilities availed by the Company | Funding working capital requirements of the Company; and | General corporate purposes,chittorgarh,570,chittorgarh,,,,,,,,,25.41,,,,,,,,,,,239.0,240.0,341.0,42.0,42.0,80.0,23.0,27.0,54.0,11.1,13.08,8.57,82.0,111.0,167.0,54.0,59.0,137.0,213.0,232.0,413.0,15.0,27.0,28.0,15.84,32.34,0.82,341.0,54.0,Mar 2021,3,,screener,investorgain,,ACUTAAS.NS,543349.BO,isin_authoritative,human-verified rename / confirmed ISIN↔symbol,renamed_confirmed,,Ami Organics Ltd.,Acutaas Chemicals Limited,renamed_confirmed
INE043W01024,Vijaya Diagnostic Centre Ltd.,MB,VIJAYA,543350,2021-09-01,2021-09-03,2021-09-14,531.00,1894.43,Bookbuilding,"BSE, NSE",Edelweiss Financial,2021,,,,,1894,chittorgarh,100.0,chittorgarh,566.12,chittorgarh,542.30,chittorgarh,650.75,chittorgarh,533.65,chittorgarh,619.30,chittorgarh,,,1894,chittorgarh,13.07,1.32,1.09,4.54,,,,,1.88,,,,,,,,,,,293.0,339.0,377.0,108.0,133.0,166.0,46.0,63.0,85.0,101.29,138.0,18.64,208.0,275.0,359.0,146.0,161.0,141.0,406.0,482.0,541.0,91.0,106.0,130.0,22.55,23.68,0.39,377.0,85.0,Mar 2021,3,nse,screener,investorgain,,VIJAYA.NS,543350.BO,isin_authoritative,ISIN→symbol from official NSE list,match,,Vijaya Diagnostic Centre Ltd.,Vijaya Diagnostic Centre Limited,match
INE852O01025,Aptus Value Housing Finance India Ltd.,MB,APTUS,543335,2021-08-10,2021-08-12,2021-08-24,353.00,2780.05,Bookbuilding,"BSE, NSE",Citigroup Global,2021,,,500,chittorgarh,2280,chittorgarh,82.0,chittorgarh,834.02,chittorgarh,329.95,chittorgarh,354.60,chittorgarh,329.95,chittorgarh,346.50,chittorgarh,To augment the tier I capital requirements of the Company | Offer related expenses | Total,chittorgarh,2780,chittorgarh,32.41,33.91,1.35,17.2,,,,,3.4,,,,,,,,,,,325.0,500.0,640.0,,,,112.0,211.0,267.0,14.18,22.74,28.77,699.0,1709.0,1980.0,,,,2362.0,3747.0,4520.0,-714.0,-735.0,-621.0,41.72,13.48,,640.0,267.0,Mar 2021,3,nse,screener,investorgain,,APTUS.NS,543335.BO,isin_authoritative,ISIN→symbol from official NSE list,match,,Aptus Value Housing Finance India Ltd.,Aptus Value Housing Finance India Limited,match
INE488A01050,Chemplast Sanmar Ltd.,MB,CHEMPLASTS,543336,2021-08-10,2021-08-12,2021-08-24,541.00,3850.00,Bookbuilding,"BSE, NSE",Ambit,2021,,,1300,chittorgarh,2550,chittorgarh,66.2,chittorgarh,1732.50,chittorgarh,525.00,chittorgarh,550.00,chittorgarh,510.30,chittorgarh,534.90,chittorgarh,"Early redemption of NCDs issued by the Company, in full (“NCD Redemption”); | General corporate purposes",chittorgarh,3850,chittorgarh,,,,,,,,,2.77,,,,,,,,,,,1254.0,1258.0,3799.0,286.0,247.0,628.0,118.0,46.0,410.0,14.81,6.88,30.59,2500.0,1912.0,-350.0,253.0,1289.0,2127.0,3802.0,4108.0,4487.0,,166.0,1076.0,10.79,-117.14,-6.08,3799.0,410.0,Mar 2021,3,,screener,investorgain,,CHEMPLASTS.NS,543336.BO,isin_authoritative,ISIN→symbol from official NSE list,match,,Chemplast Sanmar Ltd.,Chemplast Sanmar Limited,match
INE118D01016,Nuvoco Vistas Corp.Ltd.,MB,NUVOCO,543334,2021-08-09,2021-08-11,2021-08-23,570.00,5000.00,Bookbuilding,"BSE, NSE",Axis Capital,2021,,,1500,chittorgarh,3500,chittorgarh,70.0,chittorgarh,1500.00,chittorgarh,471.00,chittorgarh,550.00,chittorgarh,471.00,chittorgarh,531.30,chittorgarh,"repayment/prepayment/redemption, in full or part, of certain borrowings availed of by the Company. | General corporate purposes.",chittorgarh,5000,chittorgarh,4.23,0.66,0.73,1.71,,,,,2.11,,,,,,,,,,,7052.0,6793.0,7489.0,918.0,1301.0,1460.0,-26.0,249.0,-26.0,-1.32,10.28,-0.82,4988.0,5279.0,7324.0,4683.0,4513.0,7792.0,13262.0,13444.0,19907.0,860.0,1025.0,1717.0,-0.35,-0.35,1.06,7489.0,-26.0,Mar 2021,3,nse,screener,investorgain,,NUVOCO.NS,543334.BO,isin_authoritative,ISIN→symbol from official NSE list,match,,Nuvoco Vistas Corp.Ltd.,Nuvoco Vistas Corporation Limited,match
INE290S01011,CarTrade Tech Ltd.,MB,CARTRADE,543333,2021-08-09,2021-08-11,2021-08-20,1618.00,2998.51,Bookbuilding,"BSE, NSE",Axis Capital,2021,,,,,2999,chittorgarh,100.0,chittorgarh,899.55,chittorgarh,1600.00,chittorgarh,1610.00,chittorgarh,1476.00,chittorgarh,1500.10,chittorgarh,,,2999,chittorgarh,35.45,41.0,2.75,20.29,,,,,8.65,,,,,,,,,,,243.0,298.0,250.0,30.0,40.0,40.0,26.0,31.0,103.0,48.39,63.43,258.07,1196.0,1227.0,1642.0,68.0,77.0,93.0,1424.0,1467.0,1924.0,35.0,17.0,35.0,41.2,6.27,0.06,250.0,103.0,Mar 2021,3,nse,screener,investorgain,,CARTRADE.NS,543333.BO,isin_authoritative,ISIN→symbol from official NSE list,match,,CarTrade Tech Ltd.,Cartrade Tech Limited,match
INE0GFE01026,Exxaro Tiles Ltd.,MB,EXXARO,543327,2021-08-04,2021-08-06,2021-08-16,120.00,160.78,Bookbuilding,"BSE, NSE",Pantomath Capital,2021,,,134,chittorgarh,27,chittorgarh,16.8,chittorgarh,23.68,chittorgarh,126.00,chittorgarh,132.30,chittorgarh,126.00,chittorgarh,132.25,chittorgarh,Prepayment/repayment of certain secured borrowings availed by our Company | Funding the working capital requirements of the Company | General corporate purposes,chittorgarh,161,chittorgarh,17.67,5.36,40.1,22.68,,,,,4.17,,,,,,,,,,,,,254.0,,,48.0,,,15.0,,,0.45,,,136.0,,,161.0,,,369.0,,,38.0,5.91,11.03,1.18,254.0,15.0,Mar 2021,1,nse,screener,investorgain,,EXXARO.NS,543327.BO,isin_authoritative,ISIN→symbol from official NSE list,match,,Exxaro Tiles Ltd.,Exxaro Tiles Limited,match
INE0H5O01029,Windlas Biotech Ltd.,MB,WINDLAS,543329,2021-08-04,2021-08-06,2021-08-16,460.00,401.54,Bookbuilding,"BSE, NSE",Dam Capital,2021,,,165,chittorgarh,237,chittorgarh,59.0,chittorgarh,120.46,chittorgarh,439.00,chittorgarh,452.10,chittorgarh,405.00,chittorgarh,406.70,chittorgarh,Purchase of equipment required for (i) capacity expansion of the existing facility at the Dehradun Plant – IV; and (ii) addition of injectables dosage capability at our existing facility at Dehradun Plant – II | Funding incremental working capital requirements of the Company | Repayment/prepayment of certain of the borrowings | General corporate purposes(,chittorgarh,402,chittorgarh,24.4,15.73,24.27,22.47,,,,,17.39,,,,,,,,,,,307.0,329.0,428.0,38.0,34.0,55.0,64.0,16.0,16.0,99.55,25.28,24.69,193.0,209.0,199.0,32.0,29.0,32.0,298.0,338.0,296.0,19.0,25.0,11.0,3.74,8.04,0.16,428.0,16.0,Mar 2021,3,nse,screener,investorgain,,WINDLAS.NS,543329.BO,isin_authoritative,ISIN→symbol from official NSE list,match,,Windlas Biotech Ltd.,Windlas Biotech Limited,match
INE872J01023,Devyani International Ltd.,MB,DEVYANI,543330,2021-08-04,2021-08-06,2021-08-16,90.00,1838.00,Bookbuilding,"BSE, NSE",CLSA,2021,,,440,chittorgarh,1398,chittorgarh,76.1,chittorgarh,824.87,chittorgarh,141.00,chittorgarh,141.05,chittorgarh,120.75,chittorgarh,123.35,chittorgarh,Repayment/prepayment of all or certain of the borrowings | General corporate purposes,chittorgarh,1838,chittorgarh,95.27,213.06,39.52,116.71,,,,,65.56,,,,,,,,,,,1311.0,1516.0,1135.0,205.0,262.0,189.0,-94.0,-121.0,-63.0,-7.46,-11.46,-0.48,-70.0,-189.0,113.0,488.0,1832.0,1336.0,1807.0,1884.0,1668.0,278.0,301.0,240.0,-5.55,-55.75,11.82,1135.0,-63.0,Mar 2021,3,nse,screener,investorgain,,DEVYANI.NS,543330.BO,isin_authoritative,ISIN→symbol from official NSE list,match,,Devyani International Ltd.,Devyani International Limited,match
INE08LI01020,Krsnaa Diagnostics Ltd.,MB,KRSNAA,543328,2021-08-04,2021-08-06,2021-08-16,954.00,1213.33,Bookbuilding,"BSE, NSE",Dam Capital,2021,,,401,chittorgarh,812,chittorgarh,66.9,chittorgarh,537.00,chittorgarh,1025.00,chittorgarh,1099.50,chittorgarh,961.45,chittorgarh,990.75,chittorgarh,"Proposing to finance the cost of establishing diagnostics centres at Punjab, Karnataka, Himachal Pradesh and Maharashtra. | Repayment/pre-payment, in full or part, of borrowings from banks and other lenders availed by the Company; and | General corporate purposes",chittorgarh,1213,chittorgarh,49.83,116.3,42.04,64.4,,,,,23.27,,,,,,,,,,,147.0,258.0,396.0,60.0,-114.0,94.0,12.0,-112.0,185.0,24.15,-216.83,284.73,48.0,-212.0,-11.0,330.0,246.0,474.0,493.0,630.0,609.0,61.0,38.0,119.0,46.72,-1681.82,-43.09,396.0,185.0,Mar 2021,3,nse,screener,investorgain,,KRSNAA.NS,543328.BO,isin_authoritative,ISIN→symbol from official NSE list,match,,Krsnaa Diagnostics Ltd.,Krsnaa Diagnostics Limited,match
INE645S01024,Rolex Rings Ltd.,MB,ROLEXRINGS,543325,2021-07-28,2021-07-30,2021-08-09,900.00,731.00,Bookbuilding,"BSE, NSE",Equirus Capital,2021,,,56,chittorgarh,675,chittorgarh,92.3,chittorgarh,219.30,chittorgarh,1249.00,chittorgarh,1264.95,chittorgarh,1105.00,chittorgarh,1166.55,chittorgarh,Funding long-term working capital requirements | General corporate purposes,chittorgarh,731,chittorgarh,,,,,,,,,50.56,,,,,,,,,,,904.0,666.0,616.0,201.0,121.0,109.0,59.0,53.0,87.0,2.46,2.21,3.63,215.0,268.0,357.0,385.0,259.0,250.0,782.0,686.0,791.0,194.0,184.0,59.0,14.12,24.37,0.7,616.0,87.0,Mar 2021,3,,screener,investorgain,,ROLEXRINGS.NS,543325.BO,isin_authoritative,ISIN→symbol from official NSE list,match,,Rolex Rings Ltd.,Rolex Rings Limited,match
INE03Q201024,Glenmark Life Sciences Ltd.,MB,ALIVUS,543322,2021-07-27,2021-07-29,2021-08-06,720.00,1513.60,Bookbuilding,"BSE, NSE",BOFA Securities,2021,,,1060,chittorgarh,454,chittorgarh,30.0,chittorgarh,454.08,chittorgarh,751.10,chittorgarh,799.95,chittorgarh,737.35,chittorgarh,748.20,chittorgarh,"Payment of outstanding purchase consideration to the Promoter for thespin-off of the API business from the Promoter into our Companypursuant to the Business Purchase Agreementdated October 9, 2018 | Funding the capital expenditure requirements | General corporate purposes",chittorgarh,1514,chittorgarh,,,,,,,,,11.39,,,,,,,,,,,886.0,1537.0,1885.0,248.0,472.0,591.0,196.0,313.0,352.0,997.86,1597.37,358.74,,,,,,,,,,,,,18.67,,,1885.0,352.0,Mar 2021,3,,screener,investorgain,,ALIVUS.NS,543322.BO,isin_authoritative,ISIN→symbol from official NSE list,match,,Glenmark Life Sciences Ltd.,Alivus Life Sciences Limited,match
INE0GK401011,Tatva Chintan Pharma Chem Ltd.,MB,TATVA,543321,2021-07-16,2021-07-20,2021-07-29,1083.00,500.00,Bookbuilding,"BSE, NSE",ICICI Securities,2021,,,225,chittorgarh,275,chittorgarh,55.0,chittorgarh,150.00,chittorgarh,2111.80,chittorgarh,2486.30,chittorgarh,2111.80,chittorgarh,2310.25,chittorgarh,Funding capital expenditure requirements for expansion of our Dahej Manufacturing Facility | Funding capital expenditure requirements for upgradation at our R&D facility in Vadodara; and | General corporate purposes,chittorgarh,500,chittorgarh,185.23,512.22,35.35,180.36,,,,,102.49,,,,,,,,,,,206.0,263.0,300.0,34.0,55.0,67.0,21.0,38.0,52.0,25.56,47.03,26.02,80.0,118.0,166.0,77.0,91.0,90.0,188.0,249.0,315.0,7.0,25.0,20.0,17.33,31.33,0.54,300.0,52.0,Mar 2021,3,nse,screener,investorgain,,TATVA.NS,543321.BO,isin_authoritative,ISIN→symbol from official NSE list,match,,Tatva Chintan Pharma Chem Ltd.,Tatva Chintan Pharma Chem Limited,match
INE758T01015,Eternal Ltd.,MB,ETERNAL,543320,2021-07-14,2021-07-16,2021-07-23,76.00,9375.00,Bookbuilding,"BSE, NSE",BOFA Securities,2021,,,9000,chittorgarh,375,chittorgarh,4.0,chittorgarh,4196.52,chittorgarh,115.00,chittorgarh,138.00,chittorgarh,114.00,chittorgarh,125.85,chittorgarh,Funding organic  and inorganic  growth initiatives | General  corporate  purposes,chittorgarh,9375,chittorgarh,,,,,,,,,28.95,,,,,,,,,,,1313.0,2605.0,1994.0,-2243.0,-2305.0,-467.0,-1010.0,-2386.0,-816.0,-28574.18,-70096.54,-23123.76,2356.03,457.03,7644.0,348.0,326.0,527.0,3413.0,2900.0,8704.0,,-2144.0,-1018.0,-40.92,-10.68,0.07,1994.0,-816.0,Mar 2021,3,,screener,investorgain,,ETERNAL.NS,543320.BO,isin_authoritative,human-verified rename / confirmed ISIN↔symbol,renamed_confirmed,,Zomato Ltd.,ETERNAL LIMITED,renamed_confirmed
INE201P01022,G R Infraprojects Ltd.,MB,GRINFRA,543317,2021-07-07,2021-07-09,2021-07-19,837.00,962.37,Bookbuilding,"BSE, NSE",Equirus Capital,2021,,,,,962,chittorgarh,100.0,chittorgarh,283.33,chittorgarh,1700.00,chittorgarh,1838.80,chittorgarh,1550.00,chittorgarh,1746.80,chittorgarh,"To achieve the benefits of listing the Equity Shares on the Stock Exchanges and for the offer for sale of 11,508,704 Equity Shares by the Selling Shareholders",chittorgarh,962,chittorgarh,168.58,238.04,12.57,102.58,,,,,68.7,,,,,,,,,,,5283.0,6373.0,7844.0,1284.0,1587.0,1853.0,717.0,801.0,955.0,72.06,80.53,96.01,2229.0,3027.0,3980.0,2141.0,3210.0,4525.0,5829.0,7783.0,10091.0,-244.0,-267.0,-457.0,12.17,23.99,1.14,7844.0,955.0,Mar 2021,3,nse,screener,investorgain,,GRINFRA.NS,543317.BO,isin_authoritative,ISIN→symbol from official NSE list,match,,G R Infraprojects Ltd.,G R Infraprojects Limited,match
INE227W01023,Clean Science & Technology Ltd.,MB,CLEAN,543318,2021-07-07,2021-07-09,2021-07-19,900.00,1546.62,Bookbuilding,"BSE, NSE",Axis Capital,2021,,,,,1547,chittorgarh,100.0,chittorgarh,463.99,chittorgarh,1784.40,chittorgarh,1784.40,chittorgarh,1555.05,chittorgarh,1585.20,chittorgarh,"To carry out the Offer for Sale of 17,184,682 Equity Shares aggregating to ₹15,466.22 millionby the Selling Shareholders | Achieve the benefits of listing the Equity Shares on the StockExchanges",chittorgarh,1547,chittorgarh,156.37,206.43,9.0,93.41,,,,,68.33,,,,,,,,,,,393.0,419.0,512.0,137.0,186.0,260.0,98.0,140.0,198.0,689.84,1051.67,18.68,272.0,342.0,540.0,3.0,3.0,0.0,327.0,430.0,660.0,85.0,160.0,193.0,38.67,36.67,0.0,512.0,198.0,Mar 2021,3,nse,screener,investorgain,,CLEAN.NS,543318.BO,isin_authoritative,ISIN→symbol from official NSE list,match,,Clean Science & Technology Ltd.,Clean Science and Technology Limited,match
INE0D6701023,India Pesticides Ltd.,MB,IPL,543311,2021-06-23,2021-06-25,2021-07-05,296.00,800.00,Bookbuilding,"BSE, NSE",Axis Capital,2021,,,100,chittorgarh,700,chittorgarh,87.5,chittorgarh,240.00,chittorgarh,360.00,chittorgarh,368.00,chittorgarh,340.15,chittorgarh,343.15,chittorgarh,Funding working capital requirements of our Company | General corporate purposes,chittorgarh,800,chittorgarh,42.95,51.88,11.3,29.04,,,,,11.82,,,,,,,,,,,,,649.0,,,183.0,,,135.0,,,12.03,,,389.0,,,30.0,,,517.0,,,83.0,20.8,34.7,0.08,649.0,135.0,Mar 2021,1,nse,screener,investorgain,,IPL.NS,543311.BO,isin_authoritative,ISIN→symbol from official NSE list,match,,India Pesticides Ltd.,India Pesticides Limited,match
INE021O01019,Dodla Dairy Ltd.,MB,DODLA,543306,2021-06-16,2021-06-18,2021-06-28,428.00,520.18,Bookbuilding,"BSE, NSE",Axis Capital,2021,,,50,chittorgarh,470,chittorgarh,90.4,chittorgarh,156.05,chittorgarh,528.00,chittorgarh,633.60,chittorgarh,528.00,chittorgarh,609.10,chittorgarh,"Repayment and/ or pre-payment, in full or part, of certain borrowings availed by our Company from ICICI Bank Limited, the Hongkong and Shanghai Banking Corporation Limited and HDFC Bank Limited | Funding incremental capital expenditure requirements of our Company | General corporate purposes",chittorgarh,520,chittorgarh,84.88,73.26,11.33,45.61,,,,,18.69,,,,,,,,,,,1692.0,2139.0,1944.0,135.0,143.0,244.0,63.0,50.0,126.0,11.27,8.96,21.6,407.0,434.0,658.0,167.0,160.0,99.0,752.0,793.0,972.0,136.0,166.0,245.0,6.48,19.15,0.15,1944.0,126.0,Mar 2021,3,nse,screener,investorgain,,DODLA.NS,543306.BO,isin_authoritative,ISIN→symbol from official NSE list,match,,Dodla Dairy Ltd.,Dodla Dairy Limited,match
INE967H01025,Krishna Institute of Medical Sciences Ltd.,MB,KIMS,543308,2021-06-16,2021-06-18,2021-06-28,825.00,2143.74,Bookbuilding,"BSE, NSE",Axis Capital,2021,,,201,chittorgarh,1943,chittorgarh,90.6,chittorgarh,955.68,chittorgarh,1008.90,chittorgarh,1057.95,chittorgarh,950.00,chittorgarh,995.90,chittorgarh,"Repayment/pre-payment,  in  full  or  part, of  certain  borrowings  availedby  our  Companyand by  ourSubsidiaries vizKHKPL, SIMSPL and KHEPL | General corporate purposes",chittorgarh,2144,chittorgarh,5.26,1.89,2.89,3.86,,,,,9.09,,,,,,,,,,,918.0,1123.0,1330.0,85.0,251.0,377.0,-49.0,115.0,205.0,-1.28,3.2,5.19,540.0,598.0,864.0,336.0,369.0,316.0,1114.0,1194.0,1433.0,134.0,202.0,356.0,15.41,23.73,0.37,1330.0,205.0,Mar 2021,3,nse,screener,investorgain,,KIMS.NS,543308.BO,isin_authoritative,ISIN→symbol from official NSE list,match,,Krishna Institute of Medical Sciences Ltd.,Krishna Institute of Medical Sciences Limited,match
INE810G01011,Shyam Metalics & Energy Ltd.,MB,SHYAMMETL,543299,2021-06-14,2021-06-16,2021-06-24,306.00,908.80,Bookbuilding,"BSE, NSE",Axis Capital,2021,,,657,chittorgarh,252,chittorgarh,27.7,chittorgarh,269.95,chittorgarh,367.00,chittorgarh,399.10,chittorgarh,367.00,chittorgarh,375.85,chittorgarh,"Repayment and/or pre-payment of debt of our Company and SSPL, one of our Subsidiaries | General corporate purposes",chittorgarh,909,chittorgarh,,,,,,,,,42.48,,,,,,,,,,,4606.0,4376.0,6297.0,950.0,666.0,1394.0,637.0,340.0,844.0,25.86,14.56,36.1,2490.0,2827.0,3634.0,729.0,1114.0,796.0,4052.0,5062.0,5420.0,457.0,-91.0,1056.0,13.4,23.23,0.22,6297.0,844.0,Mar 2021,3,,screener,investorgain,,SHYAMMETL.NS,543299.BO,isin_authoritative,ISIN→symbol from official NSE list,match,,Shyam Metalics & Energy Ltd.,Shyam Metalics and Energy Limited,match
INE073K01018,Sona BLW Precision Forgings Ltd.,MB,SONACOMS,543300,2021-06-14,2021-06-16,2021-06-24,291.00,5550.00,Bookbuilding,"BSE, NSE",Credit Suisse Securities,2021,,,300,chittorgarh,5250,chittorgarh,94.6,chittorgarh,2497.50,chittorgarh,302.40,chittorgarh,362.85,chittorgarh,295.15,chittorgarh,362.85,chittorgarh,Repaymentand pre-payment of identified borrowings in full availed by our Company | General corporate purposes,chittorgarh,5550,chittorgarh,3.46,0.39,1.57,2.28,,,,,1.03,,,,,,,,,,,699.0,1038.0,1566.0,200.0,243.0,441.0,173.0,360.0,215.0,62.4,76.42,3.76,174.0,1178.0,1376.0,163.0,366.0,447.0,1633.0,1851.0,2198.0,155.0,253.0,143.0,13.73,15.62,0.32,1566.0,215.0,Mar 2021,3,nse,screener,investorgain,,SONACOMS.NS,543300.BO,isin_authoritative,ISIN→symbol from official NSE list,match,,Sona BLW Precision Forgings Ltd.,Sona BLW Precision Forgings Limited,match
INE0GGX23010,POWERGRID Infrastructure Investment Trust InvIT,MB,PGINVIT,543290,2021-04-29,2021-05-03,2021-05-14,100.00,7734.99,Bookbuilding,"BSE, NSE",Axis Capital,2021,,,,,,,,,,,,,,,,,,,,,,,,,,,,,,,,,,,,,,,,,,,,,,,,,,,,,,,,,,,,,,,,,,,,,,,,,,,,,PGINVIT.NS,543290.BO,chittorgarh_symbol,Chittorgarh nse_symbol (ISIN not in NSE exchange list),unchecked,,POWERGRID Infrastructure Investment Trust InvIT,,no_ref
INE670K01029,Macrotech Developers Ltd.,MB,LODHA,543287,2021-04-07,2021-04-09,2021-04-19,486.00,2500.00,Bookbuilding,"BSE, NSE",Axis Capital,2021,,,2500,chittorgarh,0.00,chittorgarh,0.0,chittorgarh,741.00,chittorgarh,439.00,chittorgarh,477.90,chittorgarh,421.15,chittorgarh,463.15,chittorgarh,Reduction of the aggregate outstanding borrowings of our Company on a consolidated basis | Acquisition of land or land development rights | General corporate purposes,chittorgarh,2500,chittorgarh,3.05,1.44,0.4,1.36,,,,,,,,,,,,,,,,11907.0,12443.0,5449.0,3179.0,1917.0,1383.0,1644.0,742.0,48.0,20.66,9.19,0.51,3841.0,4552.0,4599.0,25641.0,18423.0,18193.0,49864.0,40693.0,39308.0,-463.0,3772.0,2524.0,0.88,1.04,3.96,5449.0,48.0,Mar 2021,3,nse,screener,,,LODHA.NS,543287.BO,isin_authoritative,ISIN→symbol from official NSE list,match,,Macrotech Developers Ltd.,Lodha Developers Limited,match
INE382M01027,United Foodbrands Ltd.,MB,BARBEQUE,543283,2021-03-24,2021-03-26,2021-04-07,500.00,452.87,Bookbuilding,"BSE, NSE",Ambit,2021,,,180,chittorgarh,273,chittorgarh,60.3,chittorgarh,202.89,chittorgarh,492.00,chittorgarh,590.40,chittorgarh,481.35,chittorgarh,590.40,chittorgarh,Capital expenditure for expansion and opening of new restaurants by the Company | Prepayment  or  repayment  of  all  or  a  portion  of  certain  outstanding  borrowings  obtained  by  our Company on a consolidated basis | General corporate purposes,chittorgarh,453,chittorgarh,5.11,3.1,13.13,5.98,,,,,,,,,,,,,,,,739.0,847.0,507.0,129.0,164.0,46.0,-38.0,-33.0,-92.0,-13.72,-11.57,-26.65,132.0,6.0,244.0,578.0,727.0,603.0,819.0,955.0,1138.0,122.0,181.0,68.0,-18.15,-37.7,2.47,507.0,-92.0,Mar 2021,3,nse,screener,,,UFBL.NS,543283.BO,isin_authoritative,human-verified rename / confirmed ISIN↔symbol,renamed_confirmed,,Barbeque-Nation Hospitality Ltd.,United Foodbrands Limited,renamed_confirmed
INE418L01047,Nazara Technologies Ltd.,MB,NAZARA,543280,2021-03-17,2021-03-19,2021-03-30,1101.00,582.69,Bookbuilding,"BSE, NSE",ICICI Securities,2021,,,,,583,chittorgarh,100.0,chittorgarh,261.31,chittorgarh,1971.00,chittorgarh,2026.90,chittorgarh,1576.80,chittorgarh,1576.80,chittorgarh,"To carry out the Offer for Sale of 5,294,392 Equity Shares by the Selling Shareholders | Achieve the benefits of listing the Equity Shares on the Stock Exchanges",chittorgarh,583,chittorgarh,103.77,389.89,75.29,175.46,,,,,67.21,,,,,,,,,,,172.0,170.0,248.0,49.0,15.0,-7.0,1.0,7.0,-27.0,0.12,0.8,-0.1,352.0,407.0,501.0,8.0,9.0,8.0,465.0,509.0,752.0,3.0,19.0,-2.0,-10.89,-5.39,0.02,248.0,-27.0,Mar 2020,3,nse,screener,investorgain,,NAZARA.NS,543280.BO,isin_authoritative,ISIN→symbol from official NSE list,match,,Nazara Technologies Ltd.,Nazara Technologies Limited,match
INE428Q01011,Suryoday Small Finance Bank Ltd.,MB,SURYODAY,543279,2021-03-17,2021-03-19,2021-03-26,305.00,581.98,Bookbuilding,"BSE, NSE",Axis Capital,2021,,,248,chittorgarh,334,chittorgarh,57.4,chittorgarh,170.13,chittorgarh,293.00,chittorgarh,295.95,chittorgarh,262.05,chittorgarh,276.20,chittorgarh,Augmenting our Bank’s Tier –1 capital base to meet our Bank’s futurecapital requirements,chittorgarh,582,chittorgarh,2.18,1.31,3.09,2.37,,,,,3.28,,,,,,,,,,,287.0,530.0,767.0,,,,10.0,90.0,111.0,1.5,11.08,12.84,540.0,881.0,1067.0,,,,2164.0,3761.0,5365.0,,-545.0,526.0,14.47,10.4,,767.0,111.0,Mar 2020,3,nse,screener,investorgain,,SURYODAY.NS,543279.BO,isin_authoritative,ISIN→symbol from official NSE list,match,,Suryoday Small Finance Bank Ltd.,Suryoday Small Finance Bank Limited,match
INE303R01014,Kalyan Jewellers India Ltd.,MB,KALYANKJIL,543278,2021-03-16,2021-03-18,2021-03-26,87.00,1174.82,Bookbuilding,"BSE, NSE",Axis Capital,2021,,,800,chittorgarh,375,chittorgarh,31.9,chittorgarh,351.90,chittorgarh,73.90,chittorgarh,81.00,chittorgarh,73.00,chittorgarh,75.30,chittorgarh,Funding   working   capital   requirements   of   our Company | General corporate purposes,chittorgarh,1175,chittorgarh,,,,,,,,,5.75,,,,,,,,,,,10505.0,9771.0,10101.0,774.0,620.0,799.0,141.0,-5.0,142.0,1.7,-0.04,1.7,1851.0,1885.0,2042.0,4196.0,3907.0,3759.0,8551.0,8060.0,8219.0,,,320.0,1.41,6.95,1.84,10101.0,142.0,Mar 2020,3,,screener,investorgain,,KALYANKJIL.NS,543278.BO,isin_authoritative,ISIN→symbol from official NSE list,match,,Kalyan Jewellers India Ltd.,Kalyan Jewellers India Limited,match
INE00LO01017,Craftsman Automation Ltd.,MB,CRAFTSMAN,543276,2021-03-15,2021-03-17,2021-03-25,1490.00,823.70,Bookbuilding,"BSE, NSE",Axis Capital,2021,,,150,chittorgarh,674,chittorgarh,81.8,chittorgarh,247.11,chittorgarh,1350.00,chittorgarh,1489.00,chittorgarh,1349.20,chittorgarh,1433.00,chittorgarh,"Repayment/pre-payment, in full or part, of certain borrowings availed of by our Company | General corporate purposes",chittorgarh,824,chittorgarh,5.21,2.84,3.43,3.81,,,,,2.01,,,,,,,,,,,1479.0,1818.0,1492.0,294.0,443.0,398.0,32.0,97.0,40.0,313.39,48.39,19.88,597.0,683.0,722.0,847.0,985.0,1058.0,1999.0,2325.0,2307.0,283.0,360.0,306.0,2.68,5.54,1.47,1492.0,40.0,Mar 2020,3,nse,screener,investorgain,,CRAFTSMAN.NS,543276.BO,isin_authoritative,ISIN→symbol from official NSE list,match,,Craftsman Automation Ltd.,Craftsman Automation Limited,match
INE576O01020,Laxmi Organic Industries Ltd.,MB,LXCHEM,543277,2021-03-15,2021-03-17,2021-03-25,130.00,600.00,Bookbuilding,"BSE, NSE",Axis Capital,2021,,,300,chittorgarh,300,chittorgarh,50.0,chittorgarh,180.00,chittorgarh,156.20,chittorgarh,174.50,chittorgarh,143.00,chittorgarh,164.60,chittorgarh,Investment in YFCPL for part-financing itscapital expenditure  requirements in  relation  to  the  setting up     of     the Proposed Facility | Investment in YFCPL for funding its working capital   requirements   of YFCPL | Funding capital expenditure  requirements for  expansion  of  our  SI Manufacturing Facility | Funding  working capital requirements of our Company | Purchase   of   plant   and machinery for augmenting infrastructure development   at   our   SI Manufacturing Facility | Prepayment or repayment of   all   or   a   portion   of certain outstanding borrowings availed by our Company and VLPL | General corporate purposes,chittorgarh,600,chittorgarh,175.43,217.62,20.06,106.79,,,,,30.77,,,,,,,,,,,1376.0,1569.0,1534.0,154.0,155.0,117.0,76.0,72.0,70.0,75.63,14.46,15.57,379.0,450.0,427.0,215.0,175.0,159.0,895.0,1014.0,1069.0,-7.0,188.0,196.0,4.56,16.39,0.37,1534.0,70.0,Mar 2020,3,nse,screener,investorgain,,LXCHEM.NS,543277.BO,isin_authoritative,ISIN→symbol from official NSE list,match,,Laxmi Organic Industries Ltd.,Laxmi Organic Industries Limited,match
INE930P01018,Anupam Rasayan India Ltd.,MB,ANURAS,543275,2021-03-12,2021-03-16,2021-03-24,555.00,760.00,Bookbuilding,"BSE, NSE",Ambit,2021,,,760,chittorgarh,0.00,chittorgarh,0.0,chittorgarh,224.70,chittorgarh,534.70,chittorgarh,548.95,chittorgarh,501.15,chittorgarh,525.90,chittorgarh,Repayment/prepayment of certain indebtedness availed by our Company (including accrued interest) | General corporate purposes,chittorgarh,760,chittorgarh,65.74,97.42,10.77,44.06,,,,,10.81,,,,,,,,,,,,502.0,529.0,,93.0,135.0,,49.0,53.0,,9.85,10.64,,482.0,565.0,,694.0,847.0,,1323.0,1664.0,,39.0,95.0,10.02,9.38,1.5,529.0,53.0,Mar 2020,2,nse,screener,investorgain,,ANURAS.NS,543275.BO,isin_authoritative,ISIN→symbol from official NSE list,match,,Anupam Rasayan India Ltd.,Anupam Rasayan India Limited,match
INE07O001026,Easy Trip Planners Ltd.,MB,EASEMYTRIP,543272,2021-03-08,2021-03-10,2021-03-19,187.00,510.00,Bookbuilding,"BSE, NSE",Axis Capital,2021,,,,,510,chittorgarh,100.0,chittorgarh,229.50,chittorgarh,206.00,chittorgarh,233.15,chittorgarh,187.00,chittorgarh,208.30,chittorgarh,"To achieve the benefits of listing the Equity Shares on the Stock Exchanges and for the sale of 27,272,727 Equity Shares by the Promoter Selling Shareholders",chittorgarh,510,chittorgarh,77.53,382.21,70.4,159.33,,,,,69.52,,,,,,,,,,,,,141.0,,,10.0,,,33.0,,,0.09,,,,,,,,,,,,27.0,23.4,,,141.0,33.0,Mar 2020,1,nse,screener,investorgain,,EASEMYTRIP.NS,543272.BO,isin_authoritative,ISIN→symbol from official NSE list,match,,Easy Trip Planners Ltd.,Easy Trip Planners Limited,match
INE864I01014,MTAR Technologies Ltd.,MB,MTARTECH,543270,2021-03-03,2021-03-05,2021-03-15,575.00,596.41,Bookbuilding,"BSE, NSE",IIFL Capital,2021,,,124,chittorgarh,473,chittorgarh,79.4,chittorgarh,178.92,chittorgarh,1063.90,chittorgarh,1154.00,chittorgarh,1035.70,chittorgarh,1082.25,chittorgarh,Repayment or prepayment in full or part of borrowings availed by our Company | Funding working capital requirements | General corporate purposes,chittorgarh,596,chittorgarh,,,,,,,,,100.87,,,,,,,,,,,,,214.0,,,58.0,,,31.0,,,11.7,,,225.0,,,29.0,,,346.0,,,56.0,14.49,13.78,0.13,214.0,31.0,Mar 2020,1,,screener,investorgain,,MTARTECH.NS,543270.BO,isin_authoritative,ISIN→symbol from official NSE list,match,,MTAR Technologies Ltd.,Mtar Technologies Limited,match
INE694N01015,Heranba Industries Ltd.,MB,HERANBA,543266,2021-02-23,2021-02-25,2021-03-05,627.00,625.24,Bookbuilding,"BSE, NSE",Batlivala & Karani,2021,,,60,chittorgarh,565,chittorgarh,90.4,chittorgarh,187.51,chittorgarh,900.00,chittorgarh,944.95,chittorgarh,796.35,chittorgarh,812.25,chittorgarh,To fund working capital requirements | General corporate purposes,chittorgarh,625,chittorgarh,67.45,271.15,11.84,83.29,,,,,43.06,,,,,,,,,,,741.0,1004.0,951.0,88.0,131.0,129.0,47.0,75.0,98.0,60.02,19.31,25.03,158.0,228.0,321.0,76.0,50.0,43.0,450.0,560.0,625.0,52.0,,54.0,10.3,30.53,0.13,951.0,98.0,Mar 2020,3,nse,screener,investorgain,,HERANBA.NS,543266.BO,isin_authoritative,ISIN→symbol from official NSE list,match,,Heranba Industries Ltd.,Heranba Industries Limited,match
INE0DD101019,RailTel Corp.of India Ltd.,MB,RAILTEL,543265,2021-02-16,2021-02-18,2021-02-26,94.00,819.24,Bookbuilding,"BSE, NSE",ICICI Securities,2021,,,,,819,chittorgarh,100.0,chittorgarh,244.00,chittorgarh,104.60,chittorgarh,125.50,chittorgarh,104.60,chittorgarh,121.40,chittorgarh,"To carry out the disinvestment of 87,153,369Equity Shares by the Selling Shareholder constituting 27.16% of our Company’s paid up Equity Share capital our Company; and | To achieve the benefits of listing the Equity Shares on the Stock Exchanges",chittorgarh,819,chittorgarh,65.14,73.25,16.78,42.39,,,,,10.64,,,,,,,,,,,987.0,1003.0,1128.0,274.0,302.0,334.0,158.0,135.0,141.0,4.92,4.22,4.4,,,,,,,,,,,,173.0,12.5,,,1128.0,141.0,Mar 2020,3,nse,screener,investorgain,,RAILTEL.NS,543265.BO,isin_authoritative,ISIN→symbol from official NSE list,match,,RailTel Corp.of India Ltd.,Railtel Corporation Of India Limited,match
INE0DSF01015,Nureca Ltd.,MB,NURECA,543264,2021-02-15,2021-02-17,2021-02-25,400.00,100.00,Bookbuilding,"BSE, NSE",ITI Capital,2021,,,100,chittorgarh,0.00,chittorgarh,0.0,chittorgarh,44.55,chittorgarh,634.95,chittorgarh,666.65,chittorgarh,603.25,chittorgarh,666.65,chittorgarh,Funding incremental working capital requirements of our Company | General corporate purposes,chittorgarh,100,chittorgarh,3.1,31.59,166.65,39.93,,,,,17.5,,,,,,,,,,,,62.0,99.0,,9.0,10.0,,6.0,6.0,,6230.0,6400.0,,8.01,15.01,,0.0,10.0,,24.0,34.0,,0.0,-8.0,6.06,39.97,0.67,99.0,6.0,Mar 2020,2,nse,screener,investorgain,,NURECA.NS,543264.BO,isin_authoritative,ISIN→symbol from official NSE list,match,,Nureca Ltd.,Nureca Limited,match
INE0FDU25010,Brookfield India Real Estate Trust REIT,MB,BIRET,543261,2021-02-03,2021-02-05,2021-02-16,275.00,3800.00,Bookbuilding,"BSE, NSE",Ambit,2021,,,,,,,,,,,,,,,,,,,,,,,,,,7.94,,,,,,,,,,,,,,,,,,957.0,,,594.0,,,15.0,,,,,,-2220.0,,,6922.0,,,5376.0,,,532.0,1.57,-0.68,-3.12,957.0,15.0,Mar 2020,1,nse,screener,,,BIRET.NS,543261.BO,chittorgarh_symbol,Chittorgarh nse_symbol (ISIN not in NSE exchange list),unchecked,,Brookfield India Real Estate Trust REIT,,no_ref
INE00IN01015,Stove Kraft Ltd.,MB,STOVEKRAFT,543260,2021-01-25,2021-01-28,2021-02-05,385.00,412.62,Bookbuilding,"BSE, NSE",Edelweiss Financial,2021,,,95,chittorgarh,318,chittorgarh,77.0,chittorgarh,185.68,chittorgarh,467.00,chittorgarh,495.55,chittorgarh,435.05,chittorgarh,445.95,chittorgarh,"Repayment/pre-payment,  in  full  or  part, of   certain   borrowings   availed   by   our Company | General corporate purposes",chittorgarh,413,chittorgarh,8.02,32.72,26.04,18.03,,,,,9.09,,,,,,,,,,,524.0,641.0,670.0,10.0,30.0,34.0,-13.0,1.0,3.0,-6.75,0.3,1.28,-179.0,-64.0,-60.0,396.0,321.0,338.0,395.0,426.0,471.0,11.0,13.0,16.0,0.45,-5.0,-5.63,670.0,3.0,Mar 2020,3,nse,screener,investorgain,,STOVEKRAFT.NS,543260.BO,isin_authoritative,ISIN→symbol from official NSE list,match,,Stove Kraft Ltd.,Stove Kraft Limited,match
INE481N01025,Home First Finance Co.India Ltd.,MB,HOMEFIRST,543259,2021-01-21,2021-01-25,2021-02-03,518.00,1153.72,Bookbuilding,"BSE, NSE",Axis Capital,2021,,,265,chittorgarh,889,chittorgarh,77.0,chittorgarh,346.12,chittorgarh,612.15,chittorgarh,639.50,chittorgarh,521.65,chittorgarh,527.40,chittorgarh,"Augmenting its capital base to meet our future capital requirements, arising out of the growth of our business and assets | Achieve the benefits  of  listing  of  the  Equity  Shares  on the  Stock  Exchanges",chittorgarh,1154,chittorgarh,52.53,39.0,6.59,26.66,,,,,23.17,,,,,,,,,,,145.0,264.0,411.0,,,,25.0,46.0,80.0,24.41,36.09,10.16,333.0,523.0,934.0,,,,1372.0,2482.0,3480.0,,,-823.0,19.46,8.57,,411.0,80.0,Mar 2020,3,nse,screener,investorgain,,HOMEFIRST.NS,543259.BO,isin_authoritative,ISIN→symbol from official NSE list,match,,Home First Finance Co.India Ltd.,Home First Finance Company India Limited,match
INE09VQ01012,Indigo Paints Ltd.,MB,INDIGOPNTS,543258,2021-01-20,2021-01-22,2021-02-02,1490.00,1169.12,Bookbuilding,"BSE, NSE",Edelweiss Financial,2021,,,300,chittorgarh,869,chittorgarh,74.3,chittorgarh,347.92,chittorgarh,2607.50,chittorgarh,3129.00,chittorgarh,2428.20,chittorgarh,3118.65,chittorgarh,Funding capital expenditure for the Proposed Expansion | Purchase of tinting machines and gyroshakers | Repayment/prepayment of all or certain of our borrowings | General corporate purposes,chittorgarh,1169,chittorgarh,189.57,263.05,15.93,117.02,,,,,50.34,,,,,,,,,,,411.0,536.0,625.0,24.0,54.0,91.0,3.0,27.0,48.0,0.9,9.32,16.48,100.0,129.0,179.0,54.0,88.0,75.0,279.0,373.0,422.0,27.0,50.0,72.0,7.68,26.82,0.42,625.0,48.0,Mar 2020,3,nse,screener,investorgain,,INDIGOPNTS.NS,543258.BO,isin_authoritative,ISIN→symbol from official NSE list,match,,Indigo Paints Ltd.,Indigo Paints Limited,match
INE053F01010,Indian Railway Finance Corp.Ltd.,MB,IRFC,543257,2021-01-18,2021-01-20,2021-01-29,26.00,4633.38,Bookbuilding,"BSE, NSE",HSBC Securities,2021,,,3089,chittorgarh,1544,chittorgarh,33.3,chittorgarh,1389.86,chittorgarh,25.00,chittorgarh,25.80,chittorgarh,24.30,chittorgarh,24.85,chittorgarh,"To carry out the disinvestment of 20,160,000 Equity Shares by the Selling Shareholder constituting 12.60% of our Company’s paid up Equity Share capital our Company; and | To achieve the benefits of listing the Equity Shares on the Stock Exchanges",chittorgarh,4633,chittorgarh,3.78,2.67,3.66,3.49,,,,,,,,,,,,,,,,9267.0,11134.0,13421.0,,,,2055.0,2255.0,3192.0,3.15,2.4,2.69,13928.0,25028.0,30299.0,,,,161468.0,206604.0,275504.0,-28076.0,-41748.0,-62701.0,23.78,10.54,,13421.0,3192.0,Mar 2020,3,nse,screener,,,IRFC.NS,543257.BO,isin_authoritative,ISIN→symbol from official NSE list,match,,Indian Railway Finance Corp.Ltd.,Indian Railway Finance Corporation Limited,match
INE035801013,Aeroflex Neu Ltd.,MB,SAH,543743,2022-12-30,2023-01-04,2023-01-12,65.00,66.30,Bookbuilding,"BSE, NSE",Pantomath Capital,2022,,,66,chittorgarh,0.00,chittorgarh,0.0,chittorgarh,29.84,chittorgarh,85.00,chittorgarh,89.25,chittorgarh,85.00,chittorgarh,89.25,chittorgarh,Setting up of a new manufacturing facility to manufacture new variant of Flexible Intermediate Bulk Containers (FIBC) | Repayment of certain secured and unsecured borrowings in full availed by the Company | Funding the working capital requirements of the Company | General corporate purposes,chittorgarh,66,chittorgarh,2.4,32.7,39.8,17.5,119.34,325.10,263.74,1157.60,7.69,100,60.46,61,True,230,14950,650,0,129,0.1,49.0,,80.0,2.0,,7.0,0.0,,4.0,0.19,,2.69,20.0,,24.0,10.0,,30.0,36.0,,69.0,3.0,,-1.0,5.0,16.67,1.25,80.0,4.0,Mar 2022,2,sharescart,screener,ipowatch,sharescart,AERONEU.NS,543743.BO,isin_authoritative,human-verified rename / confirmed ISIN↔symbol,renamed_confirmed,,Sah Polymers Ltd.,Aeroflex Neu Limited,renamed_confirmed
INE855R01021,Radiant Cash Management Services Ltd.,MB,RADIANTCMS,543732,2022-12-23,2022-12-27,2023-01-04,94.00,256.64,Bookbuilding,"BSE, NSE",IIFL Capital,2022,,,52,chittorgarh,204,chittorgarh,79.4,chittorgarh,116.38,chittorgarh,99.30,chittorgarh,116.70,chittorgarh,98.00,chittorgarh,104.70,chittorgarh,Funding working capital requirements; | Funding of capital expenditure requirements for purchase of specially fabricated armoured vans; and | General corporate purposes.,chittorgarh,257,chittorgarh,1.01,0.66,0.21,0.53,,,,,6.38,,,,,,,,,,,248.0,222.0,286.0,66.0,62.0,77.0,36.0,32.0,38.0,328.8,316.39,3.77,119.0,127.0,140.0,21.0,14.0,29.0,158.0,162.0,191.0,40.0,28.0,31.0,13.29,27.14,0.21,286.0,38.0,Mar 2022,3,nse,screener,investorgain,,RADIANTCMS.NS,543732.BO,isin_authoritative,ISIN→symbol from official NSE list,match,,Radiant Cash Management Services Ltd.,Radiant Cash Management Services Limited,match
INE050401020,Elin Electronics Ltd.,MB,ELIN,543725,2022-12-20,2022-12-22,2022-12-30,247.00,475.00,Bookbuilding,"BSE, NSE",Axis Capital,2022,,,175,chittorgarh,300,chittorgarh,63.2,chittorgarh,142.50,chittorgarh,243.00,chittorgarh,244.75,chittorgarh,225.60,chittorgarh,227.80,chittorgarh,"Repayment/ prepayment, in full or part, of certain borrowings availed by the Company | Funding capital expenditure towards upgrading and expanding the existing facilities at (i) Ghaziabad, Uttar Pradesh, and (ii) Verna, Goa; and | General corporate purpose",chittorgarh,475,chittorgarh,4.51,3.29,2.2,3.09,,,,,12.15,,,,,,,,,,,786.0,862.0,1094.0,55.0,67.0,79.0,19.0,35.0,39.0,26.18,49.13,9.2,209.0,262.0,303.0,70.0,114.0,103.0,363.0,508.0,533.0,83.0,-34.0,57.0,3.56,12.87,0.34,1094.0,39.0,Mar 2022,3,nse,screener,ipowatch,,ELIN.NS,543725.BO,isin_authoritative,ISIN→symbol from official NSE list,match,,Elin Electronics Ltd.,Elin Electronics Limited,match
INE138Y01010,KFin Technologies Ltd.,MB,KFINTECH,543720,2022-12-19,2022-12-21,2022-12-29,366.00,1500.00,Bookbuilding,"BSE, NSE",ICICI Securities,2022,,,,,1500,chittorgarh,100.0,chittorgarh,675.00,chittorgarh,369.00,chittorgarh,372.40,chittorgarh,351.10,chittorgarh,364.00,chittorgarh,,,1500,chittorgarh,4.17,0.23,1.36,2.59,,,,,0.82,,,,,,,,,,,450.0,481.0,640.0,159.0,212.0,288.0,5.0,-65.0,149.0,0.3,-4.28,8.87,410.0,347.0,645.0,413.0,383.0,160.0,868.0,923.0,1026.0,101.0,205.0,253.0,23.28,23.1,0.25,640.0,149.0,Mar 2022,3,nse,screener,investorgain,,KFINTECH.NS,543720.BO,isin_authoritative,ISIN→symbol from official NSE list,match,,KFin Technologies Ltd.,Kfin Technologies Limited,match
INE559R01029,Landmark Cars Ltd.,MB,LANDMARK,543714,2022-12-13,2022-12-15,2022-12-23,506.00,552.00,Bookbuilding,"BSE, NSE",Axis Capital,2022,,,150,chittorgarh,402,chittorgarh,72.8,chittorgarh,165.30,chittorgarh,471.30,chittorgarh,480.65,chittorgarh,446.45,chittorgarh,460.05,chittorgarh,"Pre-payment, in full or in part, of borrowings availed by the Subsidiaries | General corporate purposes",chittorgarh,552,chittorgarh,8.71,1.32,0.59,3.06,,,,,9.88,,,,,,,,,,,2219.0,1956.0,2977.0,77.0,114.0,176.0,-29.0,11.0,66.0,-15.69,6.19,17.88,169.0,181.0,247.0,327.0,345.0,476.0,830.0,887.0,1085.0,210.0,76.0,76.0,2.22,26.72,1.93,2977.0,66.0,Mar 2022,3,nse,screener,ipowatch,,LANDMARK.NS,543714.BO,isin_authoritative,ISIN→symbol from official NSE list,match,,Landmark Cars Ltd.,Landmark Cars Limited,match
INE00ZE01026,Abans Holdings Ltd.,MB,AFSL,543712,2022-12-12,2022-12-15,2022-12-23,270.00,345.60,Bookbuilding,"BSE, NSE",Aryaman Financial,2022,,,103,chittorgarh,243,chittorgarh,70.2,chittorgarh,,,270.00,chittorgarh,272.00,chittorgarh,216.00,chittorgarh,216.05,chittorgarh,Further Investment in our NBFC Subsidiary (Abans Finance Pvt. Ltd.) for financing the augmentation of its capital base to meet its future capital requirements | General Corporate Purpose,chittorgarh,346,chittorgarh,,,,,,,,,7.41,,,,,,,,,,,2771.0,1331.0,645.0,96.0,81.0,91.0,39.0,46.0,62.0,112.89,9.04,12.25,500.0,562.0,631.0,319.0,268.0,86.0,1213.0,1182.0,1210.0,18.0,62.0,149.0,9.61,9.83,0.14,645.0,62.0,Mar 2022,3,,screener,ipowatch,,AFSL.NS,543712.BO,isin_authoritative,ISIN→symbol from official NSE list,match,,Abans Holdings Ltd.,Abans Financial Services Limited,match
INE142Q01026,Sula Vineyards Ltd.,MB,SULA,543711,2022-12-12,2022-12-14,2022-12-22,357.00,960.35,Bookbuilding,"BSE, NSE",Kotak Mahindra Capital,2022,,,,,960,chittorgarh,100.0,chittorgarh,288.10,chittorgarh,358.00,chittorgarh,363.40,chittorgarh,328.60,chittorgarh,331.15,chittorgarh,,,960,chittorgarh,4.13,1.51,1.65,2.33,,,,,8.4,,,,,,,,,,,485.0,386.0,424.0,53.0,64.0,113.0,-16.0,3.0,52.0,-10.42,1.98,6.63,300.0,305.0,396.0,393.0,315.0,240.0,831.0,752.0,759.0,45.0,120.0,87.0,12.26,13.13,0.61,424.0,52.0,Mar 2022,3,nse,screener,ipowatch,,SULA.NS,543711.BO,isin_authoritative,ISIN→symbol from official NSE list,match,,Sula Vineyards Ltd.,Sula Vineyards Limited,match
INE244O01017,Uniparts India Ltd.,MB,UNIPARTS,543689,2022-11-30,2022-12-02,2022-12-12,577.00,835.61,Bookbuilding,"BSE, NSE",Axis Capital,2022,,,,,836,chittorgarh,100.0,chittorgarh,250.68,chittorgarh,575.00,chittorgarh,577.00,chittorgarh,536.15,chittorgarh,539.55,chittorgarh,"To carry  out  the  Offer  for  Sale  of 14,481,942 Equity  Shares  by  the  Selling Shareholder | Achieve the  benefits of listing the Equity Shares on the  Stock Exchanges",chittorgarh,836,chittorgarh,67.14,17.86,4.63,25.32,,,,,26.0,,,,,,,,,,,907.0,903.0,1227.0,96.0,120.0,268.0,63.0,91.0,169.0,13.88,20.21,37.4,465.0,559.0,686.0,298.0,162.0,158.0,904.0,901.0,1048.0,133.0,153.0,85.0,13.77,24.64,0.23,1227.0,169.0,Mar 2022,3,nse,screener,ipowatch,,UNIPARTS.NS,543689.BO,isin_authoritative,ISIN→symbol from official NSE list,match,,Uniparts India Ltd.,Uniparts India Limited,match
INE00OQ01016,Dharmaj Crop Guard Ltd.,MB,DHARMAJ,543687,2022-11-28,2022-11-30,2022-12-08,237.00,251.09,Bookbuilding,"BSE, NSE",Elara Capital,2022,,,216,chittorgarh,35,chittorgarh,13.9,chittorgarh,74.95,chittorgarh,266.00,chittorgarh,278.90,chittorgarh,264.10,chittorgarh,266.40,chittorgarh,"Funding capital expenditure towards setting up of a manufacturing facility at Saykha, Bharuch, Gujarat | Funding incremental working capital requirements of the Company | Repayment and/or pre-payment, in full and/or part, of certain borrowings of the Company | General corporate purposes",chittorgarh,251,chittorgarh,48.21,52.29,21.53,35.49,,,,,12.66,,,,,,,,,,,193.0,298.0,388.0,18.0,31.0,44.0,11.0,21.0,29.0,6.54,12.74,11.62,35.0,56.0,85.0,20.0,27.0,37.0,93.0,129.0,220.0,2.0,13.0,16.0,7.47,34.12,0.44,388.0,29.0,Mar 2022,3,nse,screener,ipowatch,,DHARMAJ.NS,543687.BO,isin_authoritative,ISIN→symbol from official NSE list,match,,Dharmaj Crop Guard Ltd.,Dharmaj Crop Guard Limited,match
INE263M01029,Keystone Realtors Ltd.,MB,RUSTOMJEE,543669,2022-11-14,2022-11-16,2022-11-24,541.00,635.00,Bookbuilding,"BSE, NSE",Axis Capital,2022,,,560,chittorgarh,75,chittorgarh,11.8,chittorgarh,190.50,chittorgarh,555.00,chittorgarh,568.25,chittorgarh,555.00,chittorgarh,557.80,chittorgarh,"Repayment/ prepayment, in full or part, of certain borrowings availed by the Company and/or certain of the Subsidiaries; | Funding acquisition of future real estate projects and general corporate purposes",chittorgarh,635,chittorgarh,3.84,3.03,0.53,2.01,,,,,0.92,,,,,,,,,,,1211.0,849.0,1269.0,136.0,102.0,178.0,14.0,232.0,136.0,2.2,31.04,13.96,427.0,801.0,933.0,2514.0,1220.0,1563.0,4415.0,3654.0,3877.0,351.0,642.0,-110.0,10.72,14.58,1.68,1269.0,136.0,Mar 2022,3,nse,screener,ipowatch,,RUSTOMJEE.NS,543669.BO,isin_authoritative,ISIN→symbol from official NSE list,match,,Keystone Realtors Ltd.,Keystone Realtors Limited,match
INE510W01014,Inox Green Energy Services Ltd.,MB,INOXGREEN,543667,2022-11-11,2022-11-15,2022-11-23,65.00,740.00,Bookbuilding,"BSE, NSE",Edelweiss Financial,2022,,,370,chittorgarh,370,chittorgarh,50.0,chittorgarh,333.00,chittorgarh,60.50,chittorgarh,63.95,chittorgarh,58.50,chittorgarh,59.10,chittorgarh,"Repayment  and/  or  pre-payment,  in  full  or  part,  of  certain  borrowings  availed  by  the  Company  including redemption of Secured NCDs in full; and | General corporate purposes",chittorgarh,740,chittorgarh,1.05,0.47,4.7,1.55,,,,,1.54,,,,,,,,,,,165.0,172.0,172.0,88.0,63.0,82.0,-52.0,-154.0,-93.0,-4.52,-11.94,-3.97,96.0,43.0,807.0,1085.0,1411.0,904.0,2340.0,2693.0,2121.0,362.0,49.0,141.0,-54.07,-11.52,1.12,172.0,-93.0,Mar 2022,3,nse,screener,investorgain,,INOXGREEN.NS,543667.BO,isin_authoritative,ISIN→symbol from official NSE list,match,,Inox Green Energy Services Ltd.,Inox Green Energy Services Limited,match
INE918Z01012,Kaynes Technology India Ltd.,MB,KAYNES,543664,2022-11-10,2022-11-14,2022-11-22,587.00,857.82,Bookbuilding,"BSE, NSE",Dam Capital,2022,,,530,chittorgarh,328,chittorgarh,38.2,chittorgarh,256.90,chittorgarh,775.00,chittorgarh,787.00,chittorgarh,675.00,chittorgarh,690.10,chittorgarh,"Repayment/ prepayment, in full or part, of certain borrowings availed by our Company | Funding  capital  expenditure  towards  expansion  of  our  existing  manufacturing  facility  at Mysuru, Karnataka, and near our existing manufacturing facility at Manesar, Haryana | Investment in our wholly owned Subsidiary, Kaynes Electronics Manufacturing Private Limited, for setting up a new facility at Chamarajanagar, Karnataka | Funding working capital requirements of our Company | General corporate purposes",chittorgarh,858,chittorgarh,98.47,21.21,4.1,34.16,,,,,2.56,,,,,,,,,,,368.0,420.0,706.0,43.0,42.0,95.0,9.0,10.0,42.0,13.94,13.79,9.03,103.0,139.0,202.0,153.0,148.0,189.0,378.0,419.0,622.0,45.0,28.0,21.0,5.95,20.79,0.94,706.0,42.0,Mar 2022,3,nse,screener,ipowatch,,KAYNES.NS,543664.BO,isin_authoritative,ISIN→symbol from official NSE list,match,,Kaynes Technology India Ltd.,Kaynes Technology India Limited,match
INE128S01021,Five-Star Business Finance Ltd.,MB,FIVESTAR,543663,2022-11-09,2022-11-11,2022-11-21,474.00,1588.51,Bookbuilding,"BSE, NSE",ICICI Securities,2022,,,,,1589,chittorgarh,100.0,chittorgarh,588.00,chittorgarh,449.95,chittorgarh,539.90,chittorgarh,448.20,chittorgarh,489.50,chittorgarh,To carry out the Offer for Sale and achieve the benefits of listing the Equity Shares on the Stock Exchanges,chittorgarh,1589,chittorgarh,1.77,0.61,0.11,0.7,,,,,1.69,,,,,,,,,,,787.0,1050.0,1254.0,,,,262.0,359.0,454.0,103.8,142.26,15.57,1945.0,2319.0,3710.0,,,,4353.0,5794.0,6343.0,-1523.0,-157.0,-277.0,36.2,12.24,,1254.0,454.0,Mar 2022,3,nse,screener,ipowatch,,FIVESTAR.NS,543663.BO,isin_authoritative,ISIN→symbol from official NSE list,match,,Five-Star Business Finance Ltd.,Five-Star Business Finance Limited,match
INE128X01021,Archean Chemical Industries Ltd.,MB,ACI,543657,2022-11-09,2022-11-11,2022-11-21,407.00,1462.30,Bookbuilding,"BSE, NSE",IIFL Capital,2022,,,805,chittorgarh,657,chittorgarh,44.9,chittorgarh,658.04,chittorgarh,449.00,chittorgarh,476.05,chittorgarh,440.05,chittorgarh,457.95,chittorgarh,"Redemption or earlier redemption, in part or full, of NCDs issued by the Company | General corporate purposes",chittorgarh,1462,chittorgarh,,,,,,,,,31.2,,,,,,,,,,,608.0,,1130.0,148.0,,467.0,-36.0,,188.0,-18.81,,19.54,,,262.0,,,897.0,,,1531.0,,,315.0,16.64,71.76,3.42,1130.0,188.0,Mar 2022,2,,screener,investorgain,,ACI.NS,543657.BO,isin_authoritative,ISIN→symbol from official NSE list,match,,Archean Chemical Industries Ltd.,Archean Chemical Industries Limited,match
INE474Q01031,Global Health Ltd.,MB,MEDANTA,543654,2022-11-03,2022-11-07,2022-11-16,336.00,2205.57,Bookbuilding,"BSE, NSE",Kotak Mahindra Capital,2022,,,500,chittorgarh,1706,chittorgarh,77.3,chittorgarh,661.67,chittorgarh,398.15,chittorgarh,424.90,chittorgarh,391.05,chittorgarh,415.65,chittorgarh,"Investment in two of our Subsidiaries, GHPPL and MHPL, in the form of debt or equity for repayment/prepayment of borrowings, in full or part, of such Subsidiaries | General corporate purposes",chittorgarh,2206,chittorgarh,28.64,4.02,0.88,9.58,,,,,8.93,,,,,,,,,,,1500.0,1447.0,2167.0,192.0,197.0,458.0,36.0,29.0,196.0,7.36,5.81,7.75,1349.0,1383.0,1616.0,929.0,931.0,1109.0,2666.0,2694.0,3146.0,175.0,242.0,311.0,9.04,12.13,0.69,2167.0,196.0,Mar 2022,3,nse,screener,investorgain,,MEDANTA.NS,543654.BO,isin_authoritative,ISIN→symbol from official NSE list,match,,Global Health Ltd.,Global Health Limited,match
INE00E101023,Bikaji Foods International Ltd.,MB,BIKAJI,543653,2022-11-03,2022-11-07,2022-11-16,300.00,880.86,Bookbuilding,"BSE, NSE",JM Financial,2022,,,,,881,chittorgarh,100.0,chittorgarh,262.12,chittorgarh,321.15,chittorgarh,335.00,chittorgarh,314.00,chittorgarh,317.45,chittorgarh,,,881,chittorgarh,80.63,7.1,4.77,26.67,,,,,7.0,,,,,,,,,,,1075.0,1311.0,1611.0,96.0,145.0,140.0,56.0,90.0,76.0,23.18,37.1,3.12,529.0,605.0,821.0,54.0,87.0,160.0,677.0,817.0,1102.0,55.0,117.0,57.0,4.72,9.26,0.19,1611.0,76.0,Mar 2022,3,nse,screener,investorgain,,BIKAJI.NS,543653.BO,isin_authoritative,ISIN→symbol from official NSE list,match,,Bikaji Foods International Ltd.,Bikaji Foods International Limited,match
INE139R01012,Fusion Micro Finance Ltd.,MB,FUSION,543652,2022-11-02,2022-11-04,2022-11-15,368.00,1103.99,Bookbuilding,"BSE, NSE",ICICI Securities,2022,,,600,chittorgarh,504,chittorgarh,45.7,chittorgarh,331.20,chittorgarh,360.50,chittorgarh,364.35,chittorgarh,321.40,chittorgarh,324.90,chittorgarh,Augment the capital base of the Company,chittorgarh,1104,chittorgarh,8.59,1.38,0.51,2.95,,,,,1.09,,,,,,,,,,,720.0,856.0,1151.0,,,,70.0,44.0,22.0,5.14,3.25,1.61,1199.0,1246.0,1338.0,,,,4240.0,5838.0,7290.0,-749.0,-793.0,-1641.0,1.91,1.64,,1151.0,22.0,Mar 2022,3,nse,screener,investorgain,,FUSION.NS,543652.BO,isin_authoritative,ISIN→symbol from official NSE list,match,,Fusion Micro Finance Ltd.,Fusion Finance Limited,match
INE0KL801015,DCX Systems Ltd.,MB,DCXINDIA,543650,2022-10-31,2022-11-02,2022-11-11,207.00,500.00,Bookbuilding,"BSE, NSE",Edelweiss Financial,2022,,,400,chittorgarh,100,chittorgarh,20.0,chittorgarh,225.00,chittorgarh,286.25,chittorgarh,319.75,chittorgarh,286.25,chittorgarh,308.80,chittorgarh,"Repayment/ prepayment, in full or part, of certain borrowings availed of by our Company | Funding working capital requirements of our Company | Investment in our wholly owned Subsidiary, Raneal Advanced Systems Private Limited, to fund its capital expenditure expenses; and | General corporate purposes",chittorgarh,500,chittorgarh,,,,,,,,,19.32,,,,,,,,,,,,641.0,1102.0,,10.0,67.0,,30.0,66.0,,84.46,8.48,,47.0,117.0,,136.0,503.0,,793.0,943.0,,114.0,-134.0,5.99,56.41,4.3,1102.0,66.0,Mar 2022,2,,screener,ipowatch,,DCXINDIA.NS,543650.BO,isin_authoritative,ISIN→symbol from official NSE list,match,,DCX Systems Ltd.,DCX Systems Limited,match
INE0HMF01019,Tracxn Technologies Ltd.,MB,TRACXN,543638,2022-10-10,2022-10-12,2022-10-20,80.00,309.38,Bookbuilding,"BSE, NSE",IIFL Capital,2022,,,,,309,chittorgarh,100.0,chittorgarh,139.22,chittorgarh,83.00,chittorgarh,99.60,chittorgarh,83.00,chittorgarh,93.35,chittorgarh,,,309,chittorgarh,1.66,0.8,4.87,2.01,,,,,1.25,,,,,,,,,,,37.33,43.78,63.45,-22.24,-16.83,-1.6,-54.03,-5.35,-4.85,-487.94,-48.32,-0.48,-135.33,21.43,20.64,0.09,0.79,0.0,52.38,48.46,54.02,-15.39,-6.06,0.56,-7.64,-23.5,0.0,63.45,-4.85,Mar 2022,3,nse,screener,investorgain,,TRACXN.NS,543638.BO,isin_authoritative,ISIN→symbol from official NSE list,match,,Tracxn Technologies Ltd.,Tracxn Technologies Limited,match
INE02YR01019,Electronics Mart India Ltd.,MB,EMIL,543626,2022-10-04,2022-10-07,2022-10-17,59.00,500.00,Bookbuilding,"BSE, NSE",Anand Rathi Advisors,2022,,,500,chittorgarh,0.00,chittorgarh,0.0,chittorgarh,150.00,chittorgarh,89.40,chittorgarh,91.00,chittorgarh,83.20,chittorgarh,84.45,chittorgarh,"Funding of capital expenditure for expansion and opening of stores and warehouses | Funding  incremental  working  capital requirements | Repayment  / prepayment,  in  full  or part,   of   all   or   certain   borrowings availed by our Company | General Corporate Purposes",chittorgarh,500,chittorgarh,62.28,24.5,12.77,29.43,,,,,33.9,,,,,,,,,,,3172.0,3202.0,4349.0,228.0,204.0,292.0,82.0,59.0,104.0,2.72,1.95,3.46,433.0,492.0,597.0,872.0,968.0,1149.0,1348.0,1524.0,1832.0,36.0,64.0,116.0,2.39,17.42,1.92,4349.0,104.0,Mar 2022,3,nse,screener,ipowatch,,EMIL.NS,543626.BO,isin_authoritative,ISIN→symbol from official NSE list,match,,Electronics Mart India Ltd.,Electronics Mart India Limited,match
INE0JUS01029,Harsha Engineers International Ltd.,MB,HARSHA,543600,2022-09-14,2022-09-16,2022-09-26,330.00,755.00,Bookbuilding,"BSE, NSE",Axis Capital,2022,,,455,chittorgarh,300,chittorgarh,39.7,chittorgarh,225.75,chittorgarh,444.00,chittorgarh,527.60,chittorgarh,431.00,chittorgarh,485.90,chittorgarh,Pre-payment or scheduled repaymentof a portion of the existing borrowing availed by our Company | Funding capital expenditure requirements towards purchase of machinery | Infrastructure repairs and renovation of our existing    production    facilities    including office premises in India | General corporate purposes,chittorgarh,755,chittorgarh,178.26,71.32,17.63,74.7,,,,,37.88,,,,,,,,,,,886.0,874.0,1321.0,86.0,122.0,169.0,22.0,45.0,92.0,4.38,9.09,11.9,372.0,427.0,522.0,419.0,357.0,385.0,988.0,981.0,1158.0,113.0,121.0,36.0,6.96,17.62,0.74,1321.0,92.0,Mar 2022,3,nse,screener,investorgain,,HARSHA.NS,543600.BO,isin_authoritative,ISIN→symbol from official NSE list,match,,Harsha Engineers International Ltd.,Harsha Engineers International Limited,match
INE668A01016,Tamilnad Mercantile Bank Ltd.,MB,TMB,543596,2022-09-05,2022-09-07,2022-09-15,510.00,807.84,Bookbuilding,"BSE, NSE",Axis Capital,2022,,,808,chittorgarh,0.00,chittorgarh,0.0,chittorgarh,374.22,chittorgarh,510.00,chittorgarh,519.00,chittorgarh,484.50,chittorgarh,508.45,chittorgarh,Augmenting its Tier–I capital base tomeet its future capital requirements,chittorgarh,808,chittorgarh,1.62,2.94,6.48,2.86,,,,,6.86,,,,,,,,,,,3466.0,3609.0,3834.0,,,,408.0,603.0,822.0,28.61,42.34,57.67,3980.0,4580.0,5336.0,,,,42733.0,47499.0,52828.0,567.0,-670.0,1325.0,21.44,15.4,,3834.0,822.0,Mar 2022,3,nse,screener,ipowatch,,TMB.NS,543596.BO,isin_authoritative,ISIN→symbol from official NSE list,match,,Tamilnad Mercantile Bank Ltd.,Tamilnad Mercantile Bank Limited,match
INE0JS101016,Dreamfolks Services Ltd.,MB,DREAMFOLKS,543591,2022-08-24,2022-08-26,2022-09-06,326.00,562.10,Bookbuilding,"BSE, NSE",Equirus Capital,2022,,,,,562,chittorgarh,100.0,chittorgarh,252.95,chittorgarh,505.00,chittorgarh,550.00,chittorgarh,448.50,chittorgarh,462.65,chittorgarh,,,562,chittorgarh,70.53,37.66,43.66,56.68,,,,,26.07,,,,,,,,,,,367.0,106.0,282.0,45.0,-0.0,23.0,32.0,-1.0,16.0,66.69,-3.05,3.11,66.0,65.0,82.0,3.0,9.0,8.0,138.0,123.0,169.0,22.0,6.0,-12.0,5.67,19.51,0.1,282.0,16.0,Mar 2022,3,nse,screener,ipowatch,,DREAMFOLKS.NS,543591.BO,isin_authoritative,ISIN→symbol from official NSE list,match,,Dreamfolks Services Ltd.,Dreamfolks Services Limited,match
INE0DYJ01015,Syrma SGS Technology Ltd.,MB,SYRMA,543573,2022-08-12,2022-08-18,2022-08-26,220.00,840.13,Bookbuilding,"BSE, NSE",Dam Capital,2022,,,766,chittorgarh,74,chittorgarh,8.8,chittorgarh,252.04,chittorgarh,262.00,chittorgarh,314.40,chittorgarh,257.00,chittorgarh,313.05,chittorgarh,Funding capital expenditure requirements for development of a R&D facility and expansion / setting up of manufacturing facilities | Funding the working capital requirements of the Company | General Corporate Purposes | Total,chittorgarh,840,chittorgarh,87.56,17.5,5.53,32.61,,,,,21.82,,,,,,,,,,,862.0,886.0,1267.0,135.0,102.0,129.0,92.0,69.0,79.0,1281.97,916.98,5.59,,,,,,,,,,156.0,37.0,-13.0,6.24,,,1267.0,79.0,Mar 2022,3,nse,screener,investorgain,,SYRMA.NS,543573.BO,isin_authoritative,ISIN→symbol from official NSE list,match,,Syrma SGS Technology Ltd.,Syrma SGS Technology Limited,match
INE0BWX01014,Aether Industries Ltd.,MB,AETHER,543534,2022-05-24,2022-05-26,2022-06-03,642.00,808.04,Bookbuilding,"BSE, NSE",HDFC Bank,2022,,,627,chittorgarh,181,chittorgarh,22.4,chittorgarh,240.27,chittorgarh,706.15,chittorgarh,776.75,chittorgarh,699.85,chittorgarh,776.75,chittorgarh,Funding capital expenditure requirements for the Proposed Greenfield Project | Prepayment or Repayment of all or a portion of certain outstanding borrowings availed by the Company | Funding working capital requirements of the Company | General Corporate Purposes | Total,chittorgarh,808,chittorgarh,17.57,2.52,1.14,6.26,,,,,6.23,,,,,,,,,,,,,590.0,,,168.0,,,109.0,,,9.67,,,,,,,,,,,,-5.0,18.47,,,590.0,109.0,Mar 2022,1,nse,screener,ipowatch,,AETHER.NS,543534.BO,isin_authoritative,ISIN→symbol from official NSE list,match,,Aether Industries Ltd.,Aether Industries Limited,match
INE01QM01018,eMudhra Ltd.,MB,EMUDHRA,543533,2022-05-20,2022-05-24,2022-06-01,256.00,412.79,Bookbuilding,"BSE, NSE",IIFL Capital,2022,,,161,chittorgarh,252,chittorgarh,61.0,chittorgarh,123.84,chittorgarh,271.00,chittorgarh,279.00,chittorgarh,255.40,chittorgarh,258.85,chittorgarh,"Repayment or pre-payment, in full or in part, of all or certain borrowings availed by the Company | Funding working capital requirements of the Company | Purchase of equipments and funding of other related costs for data centers proposed to be set-up in India and overseas locations | Funding of expenditure relating to product development | Investment in eMudhra INC for augmenting its business development, sales, marketing and other related costs for future growth | General corporate purposes",chittorgarh,413,chittorgarh,4.05,1.28,2.61,2.72,,,,,3.91,,,,,,,,,,,116.0,132.0,183.0,32.0,40.0,67.0,18.0,25.0,41.0,2.37,2.49,5.9,92.0,107.0,153.0,42.0,51.0,67.0,159.0,192.0,259.0,23.0,41.0,22.0,22.4,26.8,0.44,183.0,41.0,Mar 2022,3,nse,screener,ipowatch,,EMUDHRA.NS,543533.BO,isin_authoritative,ISIN→symbol from official NSE list,match,,eMudhra Ltd.,eMudhra Limited,match
INE04TZ01018,Ethos Ltd.,MB,ETHOSLTD,543532,2022-05-18,2022-05-20,2022-05-30,878.00,402.26,Bookbuilding,"BSE, NSE",Emkay Global,2022,,,375,chittorgarh,27,chittorgarh,6.7,chittorgarh,141.69,chittorgarh,830.00,chittorgarh,839.65,chittorgarh,774.00,chittorgarh,802.60,chittorgarh,"Repayment or pre-payment, in full or in part, of all or certain borrowings availed by the Company | Funding working capital requirements of the Company | Financing the establishment of new stores and renovation of the certain existing stores | Financing the upgradation of ERP | General corporate purpose",chittorgarh,402,chittorgarh,1.06,1.48,0.84,1.04,,,,,1.14,,,,,,,,,,,458.0,387.0,577.0,56.0,43.0,72.0,-1.0,5.0,23.0,-0.67,2.39,11.19,150.0,157.0,232.0,174.0,140.0,161.0,422.0,394.0,504.0,36.0,63.0,17.0,3.99,9.91,0.69,577.0,23.0,Mar 2022,3,nse,screener,ipowatch,,ETHOSLTD.NS,543532.BO,isin_authoritative,ISIN→symbol from official NSE list,match,,Ethos Ltd.,Ethos Limited,match
INE088F01024,Paradeep Phosphates Ltd.,MB,PARADEEP,543530,2022-05-17,2022-05-19,2022-05-27,42.00,1501.73,Bookbuilding,"BSE, NSE",Axis Capital,2022,,,1004,chittorgarh,498,chittorgarh,33.2,chittorgarh,450.52,chittorgarh,43.55,chittorgarh,47.25,chittorgarh,42.95,chittorgarh,43.95,chittorgarh,Part-financing the acquisition of the Goa Facility | Repayment/prepayment of certain of the borrowings | General corporate purposes,chittorgarh,1502,chittorgarh,3.01,0.82,1.37,1.75,,,,,7.14,,,,,,,,,,,4193.0,5165.0,7859.0,467.0,549.0,684.0,193.0,223.0,398.0,335.77,387.99,6.92,1603.0,1827.0,2225.0,2298.0,1251.0,2954.0,5010.0,4423.0,7928.0,1270.0,1501.0,-44.0,5.06,17.89,1.33,7859.0,398.0,Mar 2022,3,nse,screener,ipowatch,,PARADEEP.NS,543530.BO,isin_authoritative,ISIN→symbol from official NSE list,match,,Paradeep Phosphates Ltd.,Paradeep Phosphates Limited,match
INE148O01028,Delhivery Ltd.,MB,DELHIVERY,543529,2022-05-11,2022-05-13,2022-05-24,487.00,5235.00,Bookbuilding,"BSE, NSE",Kotak Mahindra Capital,2022,,,4000,chittorgarh,1235,chittorgarh,23.6,chittorgarh,2346.75,chittorgarh,493.00,chittorgarh,568.90,chittorgarh,474.00,chittorgarh,537.25,chittorgarh,Funding organic growth initiatives | Building scale in existing business lines and developing new adjacent business lines | Expanding the network infrastructure | Upgrading and improving the proprietary logistics operating system | Funding inorganic growth through acquisitions and other strategic initiatives | General corporate purposes,chittorgarh,5235,chittorgarh,2.66,0.3,0.57,1.63,,,,,6.16,,,,,,,,,,,2781.0,3647.0,6882.0,-171.0,-123.0,-475.0,-269.0,-416.0,-1011.0,-2758.26,-2492.6,-15.75,3130.98,2802.0,5957.0,794.0,1152.0,1102.0,4357.0,4598.0,8251.0,-634.0,5.0,-241.0,-14.69,-16.97,0.18,6882.0,-1011.0,Mar 2022,3,nse,screener,ipowatch,,DELHIVERY.NS,543529.BO,isin_authoritative,ISIN→symbol from official NSE list,match,,Delhivery Ltd.,Delhivery Limited,match
INE0JA001018,Venus Pipes & Tubes Ltd.,MB,VENUSPIPES,543528,2022-05-11,2022-05-13,2022-05-24,326.00,165.42,Bookbuilding,"BSE, NSE",SMC Capitals,2022,,,165,chittorgarh,0.00,chittorgarh,0.0,chittorgarh,49.62,chittorgarh,335.00,chittorgarh,351.75,chittorgarh,335.00,chittorgarh,351.75,chittorgarh,Financing the project cost towards capacity expansion and backward integration for manufacturing of Hollow Pipes | To meet the long term working capital requirements | General corporate purposes,chittorgarh,165,chittorgarh,12.02,15.69,19.04,16.31,,,,,6.13,,,,,,,,,,,178.0,309.0,387.0,12.0,35.0,49.0,4.0,24.0,32.0,4.73,27.06,20.81,17.0,40.0,128.0,43.0,38.0,64.0,107.0,138.0,248.0,2.0,11.0,-60.0,8.27,25.0,0.5,387.0,32.0,Mar 2022,3,nse,screener,investorgain,,VENUSPIPES.NS,543528.BO,isin_authoritative,ISIN→symbol from official NSE list,match,,Venus Pipes & Tubes Ltd.,Venus Pipes & Tubes Limited,match
INE00F201020,Prudent Corporate Advisory Services Ltd.,MB,PRUDENT,543527,2022-05-10,2022-05-12,2022-05-20,630.00,428.28,Bookbuilding,"BSE, NSE",ICICI Securities,2022,,,,,428,chittorgarh,100.0,chittorgarh,159.43,chittorgarh,660.00,chittorgarh,660.00,chittorgarh,541.15,chittorgarh,562.70,chittorgarh,,,428,chittorgarh,1.26,0.99,1.29,1.22,,,,,2.86,,,,,,,,,,,236.0,295.0,458.0,48.0,70.0,123.0,28.0,45.0,80.0,269.45,438.27,19.4,112.0,158.0,238.0,17.0,13.0,13.0,196.0,285.0,399.0,50.0,58.0,93.0,17.47,33.61,0.05,458.0,80.0,Mar 2022,3,nse,screener,investorgain,,PRUDENT.NS,543527.BO,isin_authoritative,ISIN→symbol from official NSE list,match,,Prudent Corporate Advisory Services Ltd.,Prudent Corporate Advisory Services Limited,match
INE0J1Y01017,Life Insurance Corp.of India,MB,LICI,543526,2022-05-04,2022-05-09,2022-05-17,949.00,20557.23,Bookbuilding,"BSE, NSE",Axis Capital,2022,,,,,20557,chittorgarh,100.0,chittorgarh,5627.27,chittorgarh,867.20,chittorgarh,920.00,chittorgarh,860.10,chittorgarh,875.45,chittorgarh,,,20557,chittorgarh,2.83,2.91,1.99,2.95,,,,,2.74,,,,,,,,,,,628043.0,690914.0,723606.0,-6947.0,-252.0,3326.0,2710.0,2974.0,4125.0,,,3.26,1002.0,6884.0,11337.0,253414.0,4.0,1.0,3499834.0,3829524.0,4254058.0,54367.0,80602.0,-3783.0,0.57,36.39,0.0,723606.0,4125.0,Mar 2022,3,nse,screener,investorgain,,LICI.NS,543526.BO,isin_authoritative,ISIN→symbol from official NSE list,match,,Life Insurance Corp.of India,Life Insurance Corporation Of India,match
INE961O01016,Rainbow Children's Medicare Ltd.,MB,RAINBOW,543524,2022-04-27,2022-04-29,2022-05-10,542.00,1580.85,Bookbuilding,"BSE, NSE",Kotak Mahindra Capital,2022,,,280,chittorgarh,1301,chittorgarh,82.3,chittorgarh,469.56,chittorgarh,506.00,chittorgarh,519.35,chittorgarh,421.00,chittorgarh,450.10,chittorgarh,"Early redemption of NCDs issued by the Company to CDC Emerging Markets Limited (“CDCEML”), one of the Group Companies, in full | Capital expenditure towards setting up of new hospitals and purchase of medical equipment for such new hospitals | General corporate purposes",chittorgarh,1581,chittorgarh,38.9,3.73,1.38,12.43,,,,,1.85,,,,,,,,,,,719.0,650.0,974.0,201.0,165.0,308.0,55.0,40.0,139.0,12.68,9.1,14.7,394.0,435.0,592.0,501.0,529.0,592.0,1019.0,1081.0,1296.0,170.0,143.0,224.0,14.27,23.48,1.0,974.0,139.0,Mar 2022,3,nse,screener,investorgain,,RAINBOW.NS,543524.BO,isin_authoritative,ISIN→symbol from official NSE list,match,,Rainbow Children's Medicare Ltd.,Rainbow Childrens Medicare Limited,match
INE278Y01022,Campus Activewear Ltd.,MB,CAMPUS,543523,2022-04-26,2022-04-28,2022-05-09,292.00,1399.77,Bookbuilding,"BSE, NSE",JM Financial,2022,,,,,1400,chittorgarh,100.0,chittorgarh,418.29,chittorgarh,355.00,chittorgarh,417.70,chittorgarh,336.80,chittorgarh,378.60,chittorgarh,,,1400,chittorgarh,152.04,22.25,7.68,51.75,,,,,17.12,,,,,,,,,,,732.0,711.0,1194.0,136.0,116.0,242.0,62.0,27.0,108.0,4.06,1.77,3.57,285.0,313.0,427.0,276.0,177.0,289.0,722.0,689.0,964.0,99.0,124.0,18.0,9.05,25.29,0.68,1194.0,108.0,Mar 2022,3,nse,screener,ipowatch,,CAMPUS.NS,543523.BO,isin_authoritative,ISIN→symbol from official NSE list,match,,Campus Activewear Ltd.,Campus Activewear Limited,match
INE00EV01017,Hariom Pipe Industries Ltd.,MB,HARIOMPIPE,543517,2022-03-30,2022-04-05,2022-04-13,153.00,130.05,Bookbuilding,"BSE, NSE",ITI Capital,2022,,,130,chittorgarh,0.00,chittorgarh,0.0,chittorgarh,,,214.00,chittorgarh,224.70,chittorgarh,214.00,chittorgarh,224.70,chittorgarh,Funding capital expenditure requirements | Funding the working capital requirements of the Company | General Corporate Purposes | Total,chittorgarh,130,chittorgarh,,,,,,,,,16.34,,,,,,,,,,,161.0,254.0,431.0,23.0,34.0,56.0,8.0,15.0,32.0,5.98,8.92,18.83,48.0,71.0,101.0,68.0,80.0,87.0,140.0,174.0,216.0,1.0,10.0,4.0,7.42,31.68,0.86,431.0,32.0,Mar 2022,3,,screener,investorgain,,HARIOMPIPE.NS,543517.BO,isin_authoritative,ISIN→symbol from official NSE list,match,,Hariom Pipe Industries Ltd.,Hariom Pipe Industries Limited,match
INE0IQ001011,Veranda Learning Solutions Ltd.,MB,VERANDA,543514,2022-03-29,2022-03-31,2022-04-11,137.00,200.00,Bookbuilding,"BSE, NSE",Systematix Corporate,2022,,,200,chittorgarh,0.00,chittorgarh,0.0,chittorgarh,46.75,chittorgarh,157.00,chittorgarh,164.85,chittorgarh,149.15,chittorgarh,160.40,chittorgarh,"Repayment or pre-payment, in part or full of all or certain of the borrowings | Repayment of a bridge loan availed specifically for the purpose of discharge of acquisition consideration of Edureka | Growth initiatives | General corporate purpose",chittorgarh,200,chittorgarh,2.02,3.87,10.76,3.53,,,,,10.95,,,,,,,,,,,,3.0,75.0,,-8.0,-39.0,,-8.0,-58.0,,-11.83,-14.2,,,,,,,,,,,-5.0,-39.0,-77.33,,,75.0,-58.0,Mar 2022,2,nse,screener,investorgain,,VERANDA.NS,543514.BO,isin_authoritative,ISIN→symbol from official NSE list,match,,Veranda Learning Solutions Ltd.,Veranda Learning Solutions Limited,match
INE0GIU01018,Uma Exports Ltd.,MB,UMAEXPORTS,543513,2022-03-28,2022-03-30,2022-04-07,68.00,60.00,Bookbuilding,"BSE, NSE",Corporate Capitalventures,2022,,,60,chittorgarh,0.00,chittorgarh,0.0,chittorgarh,,,80.00,chittorgarh,84.00,chittorgarh,76.00,chittorgarh,84.00,chittorgarh,Augmentation of working capital requirements | General corporate purposes | Total,chittorgarh,60,chittorgarh,2.81,2.22,10.11,7.67,,,,,,,,,,,,,,,,809.0,742.0,1273.0,19.0,11.0,35.0,8.0,13.0,24.0,3.33,5.01,9.67,,,,,,,,,,2.0,-18.0,33.0,1.89,,,1273.0,24.0,Mar 2022,3,nse,screener,,,UMAEXPORTS.NS,543513.BO,isin_authoritative,ISIN→symbol from official NSE list,match,,Uma Exports Ltd.,Uma Exports Limited,match
INE619A01035,Patanjali Foods Ltd.,MB,PATANJALI,500368,2022-03-24,2022-03-28,2022-04-08,650.00,4300.00,Bookbuilding,"BSE, NSE",Axis Capital,2022,,,,,,,,,,,,,,,,,,,,,,,,,,,,,,,21.54,,,,,,,,,,,,,,,,,,,,,,,,,,,,,,,,,,,,,,,,,,,,investorgain,,PATANJALI.NS,500368.BO,isin_authoritative,human-verified rename / confirmed ISIN↔symbol,renamed_confirmed,,Ruchi Soya Industries Ltd. FPO,Patanjali Foods Limited,renamed_confirmed
INE825V01034,Vedant Fashions Ltd.,MB,MANYAVAR,543463,2022-02-04,2022-02-08,2022-02-16,866.00,3149.19,Bookbuilding,"BSE, NSE",Axis Capital,2022,,,,,3149,chittorgarh,100.0,chittorgarh,944.76,chittorgarh,936.00,chittorgarh,993.00,chittorgarh,921.00,chittorgarh,934.85,chittorgarh,,,3149,chittorgarh,7.49,1.07,0.39,2.57,,,,,1.39,,,,,,,,,,,801.0,916.0,565.0,274.0,394.0,243.0,182.0,237.0,133.0,14.55,18.9,10.72,,,,,,,,,,177.0,243.0,253.0,23.54,,,565.0,133.0,Mar 2021,3,nse,screener,investorgain,,MANYAVAR.NS,543463.BO,isin_authoritative,ISIN→symbol from official NSE list,match,,Vedant Fashions Ltd.,Vedant Fashions Limited,match
INE699H01024,AWL Agri Business Ltd.,MB,AWL,543458,2022-01-27,2022-01-31,2022-02-08,230.00,3600.00,Bookbuilding,"BSE, NSE",BNP Paribas,2022,,,3600,chittorgarh,0.00,chittorgarh,0.0,chittorgarh,939.90,chittorgarh,221.00,chittorgarh,265.20,chittorgarh,221.00,chittorgarh,265.20,chittorgarh,Capital Expenditure | Repayment/prepayment of our borrowings | Funding strategic acquisitions and investments | General corporate purposes,chittorgarh,3600,chittorgarh,0.11,0.05,0.53,0.26,,,,,10.0,,,,,,,,,,,28797.0,29657.0,37090.0,1131.0,1310.0,1326.0,376.0,461.0,729.0,32.86,40.32,63.74,2111.0,2570.0,3299.0,1829.0,2300.0,3051.0,11603.0,11786.0,13328.0,1693.0,781.0,726.0,1.97,22.1,0.92,37090.0,729.0,Mar 2021,3,nse,screener,investorgain,,AWL.NS,543458.BO,isin_authoritative,human-verified rename / confirmed ISIN↔symbol,renamed_confirmed,,Adani Wilmar Ltd.,AWL Agri Business Limited,renamed_confirmed
INE583L01014,AGS Transact Technologies Ltd.,MB,AGSTRA,543451,2022-01-19,2022-01-21,2022-01-31,175.00,680.00,Bookbuilding,"BSE, NSE",HDFC Bank,2022,,,,,680,chittorgarh,100.0,chittorgarh,204.00,chittorgarh,176.00,chittorgarh,181.85,chittorgarh,153.80,chittorgarh,161.30,chittorgarh,,,680,chittorgarh,2.68,25.61,3.08,7.79,,,,,3.43,,,,,,,,,,,1806.0,1800.0,1759.0,429.0,465.0,437.0,66.0,83.0,55.0,5.5,6.89,4.55,,,,,,,,,,486.0,446.0,418.0,3.13,,,1759.0,55.0,Mar 2021,3,nse,screener,investorgain,,AGSTRA.NS,543451.BO,chittorgarh_symbol,Chittorgarh nse_symbol (ISIN not in NSE exchange list),unchecked,,AGS Transact Technologies Ltd.,,no_ref
INE0DUT01020,Innova Captab Ltd.,MB,INNOVACAP,544067,2023-12-21,2023-12-26,2023-12-29,448.00,570.00,Bookbuilding,"BSE, NSE",ICICI Securities,2023,,,320,chittorgarh,250,chittorgarh,43.9,chittorgarh,171.00,chittorgarh,456.10,chittorgarh,547.30,chittorgarh,452.00,chittorgarh,545.15,chittorgarh,"Repayment and/or prepayment, in part or in full, of certain outstandingloans of the Company | Investment in our Subsidiary, UML, for repayment and / or prepayment in part or full of outstanding loans availed by UML | Funding the working capital requirements | General corporate purposes",chittorgarh,570,chittorgarh,116.7,65,17.2,55.3,33268.05,5553.22,3421.43,31498.20,22.32,70.75,50.45,426,True,33,14784,20,128,1244,22.4,411.0,801.0,926.0,54.0,96.0,114.0,34.0,64.0,68.0,287.5,532.92,14.16,145.0,209.0,277.0,46.0,199.0,237.0,370.0,575.0,704.0,42.0,59.0,67.0,7.34,24.55,0.86,926.0,68.0,Mar 2023,3,sharescart,screener,ipowatch,sharescart,INNOVACAP.NS,544067.BO,isin_authoritative,ISIN→symbol from official NSE list,match,,Innova Captab Ltd.,Innova Captab Limited,match
INE02IJ01035,Azad Engineering Ltd.,MB,AZAD,544061,2023-12-20,2023-12-22,2023-12-28,524.00,740.00,Bookbuilding,"BSE, NSE",Axis Capital,2023,,,240,chittorgarh,500,chittorgarh,67.6,chittorgarh,220.80,chittorgarh,710.00,chittorgarh,727.50,chittorgarh,670.05,chittorgarh,677.10,chittorgarh,"Funding capital expenditure of the Company | Repayment/prepayment, in part or full, of certain borrowings availed by the Company | General corporate purposes",chittorgarh,740,chittorgarh,179.6,90.2,24.5,83,66466.80,10016.64,6348.09,61449.60,76.34,100,64.29,499,True,28,14672,35.6,87,457,14.7,123.0,194.0,252.0,28.0,62.0,72.0,12.0,29.0,8.0,76.0,194.69,51.28,91.0,120.0,204.0,88.0,197.0,301.0,256.0,404.0,589.0,5.0,21.0,-10.0,3.17,3.92,1.48,252.0,8.0,Mar 2023,3,sharescart,screener,ipowatch,sharescart,AZAD.NS,544061.BO,isin_authoritative,ISIN→symbol from official NSE list,match,,Azad Engineering Ltd.,Azad Engineering Limited,match
INE330T01021,Happy Forgings Ltd.,MB,HAPPYFORGE,544057,2023-12-19,2023-12-21,2023-12-27,850.00,1008.59,Bookbuilding,"BSE, NSE",JM Financial,2023,,,400,chittorgarh,609,chittorgarh,60.4,chittorgarh,302.58,chittorgarh,1001.25,chittorgarh,1087.85,chittorgarh,961.00,chittorgarh,1029.80,chittorgarh,"Purchase of equipment, plant and machinery | Prepayment of all or a portion of certain outstanding borrowings availed by our Company; and | General corporate purposes.",chittorgarh,1009,chittorgarh,214.7,63.5,15.4,82.6,108247.26,9599.28,5436.32,83340.05,52.94,65.09,52.43,808,True,17,14450,29.9,267,1409,28.4,585.0,860.0,1197.0,159.0,231.0,341.0,86.0,142.0,209.0,965.92,15.9,23.32,645.0,788.0,988.0,153.0,240.0,219.0,874.0,1130.0,1326.0,60.0,80.0,209.0,17.46,21.15,0.22,1197.0,209.0,Mar 2023,3,sharescart,screener,ipowatch,sharescart,HAPPYFORGE.NS,544057.BO,isin_authoritative,ISIN→symbol from official NSE list,match,,Happy Forgings Ltd.,Happy Forgings Limited,match
INE0PEQ01016,RBZ Jewellers Ltd.,MB,RBZJEWEL,544060,2023-12-19,2023-12-21,2023-12-27,100.00,100.00,Bookbuilding,"BSE, NSE",Arihant Capital,2023,,,100,chittorgarh,0.00,chittorgarh,0.0,chittorgarh,21.00,chittorgarh,100.00,chittorgarh,104.99,chittorgarh,95.00,chittorgarh,104.99,chittorgarh,Funding working capital  requirements of the Company | General Corporate Purposes | Total,chittorgarh,100,chittorgarh,13.4,9.3,24.7,16.9,470.05,278.10,865.90,1686.00,35.0,100,35.66,95,True,150,15000,10.3,39,530,9.7,107.0,252.0,288.0,20.0,27.0,38.0,10.0,14.0,22.0,24.38,36.02,7.44,56.0,70.0,92.0,60.0,64.0,96.0,124.0,154.0,207.0,-3.0,1.0,-11.0,7.64,23.91,1.04,288.0,22.0,Mar 2023,3,sharescart,screener,ipowatch,sharescart,RBZJEWEL.NS,544060.BO,isin_authoritative,ISIN→symbol from official NSE list,match,,RBZ Jewellers Ltd.,RBZ Jewellers Limited,match
INE220Q01020,Credo Brands Marketing Ltd.,MB,MUFTI,544058,2023-12-19,2023-12-21,2023-12-27,280.00,549.78,Bookbuilding,"BSE, NSE",Dam Capital,2023,,,,,550,chittorgarh,100.0,chittorgarh,164.93,chittorgarh,282.00,chittorgarh,324.55,chittorgarh,262.05,chittorgarh,312.50,chittorgarh,,,550,chittorgarh,105,55.5,19.9,51.9,28849.65,4578.56,3836.91,28506.03,28.57,57.53,41.29,266,True,53,14840,26.7,68,618,10.5,245.0,341.0,498.0,50.0,96.0,164.0,3.0,36.0,78.0,10.78,111.97,241.08,192.0,236.0,281.0,144.0,154.0,192.0,417.0,476.0,574.0,96.0,78.0,72.0,15.66,27.76,0.68,498.0,78.0,Mar 2023,3,sharescart,screener,investorgain,sharescart,MUFTI.NS,544058.BO,isin_authoritative,ISIN→symbol from official NSE list,match,,Credo Brands Marketing Ltd.,Credo Brands Marketing Limited,match
INE046W01019,Muthoot Microfin Ltd.,MB,MUTHOOTMF,544055,2023-12-18,2023-12-20,2023-12-26,291.00,960.00,Bookbuilding,"BSE, NSE",ICICI Securities,2023,,,760,chittorgarh,200,chittorgarh,20.8,chittorgarh,285.00,chittorgarh,278.00,chittorgarh,280.80,chittorgarh,265.30,chittorgarh,266.20,chittorgarh,To undertake our existing business activities; and To undertake the activities proposed to be funded from the Net Proceeds.,chittorgarh,960,chittorgarh,18.3,13.9,8,12.3,5284.80,2663.04,3840.00,11808.00,49.83,48.7,24.15,277,True,51,14841,-21.9,-223,2562,-13.3,684.0,833.0,1429.0,,,,7.0,47.0,164.0,0.62,4.15,14.03,890.0,1317.0,1603.0,,,,4184.0,5591.0,8529.0,-704.0,-1084.0,-2333.0,11.48,10.23,3.99,1429.0,164.0,Mar 2023,3,sharescart,screener,ipowatch,sharescart,MUTHOOTMF.NS,544055.BO,isin_authoritative,ISIN→symbol from official NSE list,match,,Muthoot Microfin Ltd.,Muthoot Microfin Limited,match
INE0FRK01020,Motisons Jewellers Ltd.,MB,MOTISONS,544053,2023-12-18,2023-12-20,2023-12-26,55.00,151.09,Bookbuilding,"BSE, NSE",Holani Consultants,2023,,,151,chittorgarh,0.00,chittorgarh,0.0,chittorgarh,36.30,chittorgarh,103.90,chittorgarh,109.09,chittorgarh,99.01,chittorgarh,101.18,chittorgarh,Repayment of existing borrowings availed by the company from scheduled commercial banks | Funding the working capital requirements of the Company; and | General corporate purposes.,chittorgarh,151,chittorgarh,135,312,135.6,173.2,10199.36,7070.81,7170.76,26173.41,100.0,86.74,63.81,52,True,250,13750,137.5,43,462,0.4,213.0,314.0,366.0,31.0,39.0,49.0,10.0,15.0,22.0,0.15,0.23,0.34,101.0,115.0,137.0,151.0,159.0,168.0,275.0,307.0,337.0,17.0,6.0,4.0,6.01,16.06,1.23,366.0,22.0,Mar 2023,3,sharescart,screener,ipowatch,sharescart,MOTISONS.NS,544053.BO,isin_authoritative,ISIN→symbol from official NSE list,match,,Motisons Jewellers Ltd.,Motisons Jewellers Limited,match
INE843S01025,Suraj Estate Developers Ltd.,MB,SURAJEST,544054,2023-12-18,2023-12-20,2023-12-26,360.00,400.00,Bookbuilding,"BSE, NSE",ITI Capital,2023,,,400,chittorgarh,0.00,chittorgarh,0.0,chittorgarh,120.00,chittorgarh,343.80,chittorgarh,354.35,chittorgarh,323.95,chittorgarh,334.30,chittorgarh,"Repayment/Prepayment of the aggregate outstanding borrowings of the Company and the Subsidiaries, Accord Estates Private Limited, Iconic Property Developers Private Limited and Skyline Realty Private Limited | Acquisition of land or land development rights | General corporate purposes",chittorgarh,400,chittorgarh,25.7,20,9.9,16.6,5148.00,1201.20,1379.00,6628.00,15.28,84.08,61.95,340,True,41,14760,16.5,100,549,21.8,240.0,273.0,306.0,87.0,132.0,151.0,6.0,27.0,32.0,9.44,7.93,9.67,,,,,,,,,,-15.0,70.0,190.0,10.46,45.07,4.87,306.0,32.0,Mar 2023,3,sharescart,screener,ipowatch,sharescart,SURAJEST.NS,544054.BO,isin_authoritative,ISIN→symbol from official NSE list,match,,Suraj Estate Developers Ltd.,Suraj Estate Developers Limited,match
INE616N01034,Inox India Ltd.,MB,INOXINDIA,544046,2023-12-14,2023-12-18,2023-12-21,660.00,1459.32,Bookbuilding,"BSE, NSE",ICICI Securities,2023,,,,,1459,chittorgarh,100.0,chittorgarh,437.80,chittorgarh,933.15,chittorgarh,990.00,chittorgarh,855.20,chittorgarh,939.90,chittorgarh,,,1459,chittorgarh,147.8,53.2,15.3,61.3,107843.98,27172.59,3349.15,89427.32,18.18,100,45,627,True,22,14520,26.5,226,1306,24.9,594.0,783.0,966.0,135.0,168.0,205.0,96.0,130.0,155.0,105.89,14.38,17.05,371.0,502.0,549.0,68.0,55.0,9.0,687.0,897.0,1148.0,231.0,97.0,177.0,16.05,28.23,0.02,966.0,155.0,Mar 2023,3,sharescart,screener,ipowatch,sharescart,INOXINDIA.NS,544046.BO,isin_authoritative,ISIN→symbol from official NSE list,match,,Inox India Ltd.,INOX India Limited,match
INE922K01024,India Shelter Finance Corp.Ltd.,MB,INDIASHLTR,544044,2023-12-13,2023-12-15,2023-12-20,493.00,1200.00,Bookbuilding,"BSE, NSE",ICICI Securities,2023,,,800,chittorgarh,400,chittorgarh,33.3,chittorgarh,360.00,chittorgarh,612.70,chittorgarh,625.00,chittorgarh,530.95,chittorgarh,543.50,chittorgarh,To meet future capital requirements towards onward lending | General corporate purposes,chittorgarh,1200,chittorgarh,94.3,30,10.5,38.6,56574.00,5394.60,4393.20,46308.00,31.85,100,58.79,469,True,30,14790,14,378,1166,35.2,317.0,448.0,585.0,,,,87.0,128.0,155.0,20.33,29.39,35.41,937.0,1076.0,1241.0,,,,2463.0,3221.0,4296.0,-421.0,-495.0,-852.0,26.5,12.49,1.83,585.0,155.0,Mar 2023,3,sharescart,screener,investorgain,sharescart,INDIASHLTR.NS,544044.BO,isin_authoritative,ISIN→symbol from official NSE list,match,,India Shelter Finance Corp.Ltd.,India Shelter Finance Corporation Limited,match
INE321T01012,DOMS Industries Ltd.,MB,DOMS,544045,2023-12-13,2023-12-15,2023-12-20,790.00,1200.00,Bookbuilding,"BSE, NSE",JM Financial,2023,,,350,chittorgarh,850,chittorgarh,70.8,chittorgarh,537.75,chittorgarh,1400.00,chittorgarh,1434.25,chittorgarh,1302.05,chittorgarh,1330.85,chittorgarh,Augmenting the capital base to meet the future capital requirements and onwardlending | Total,chittorgarh,1200,chittorgarh,122.2,70.1,73.4,99.3,109944.00,8407.20,13208.40,119208.00,64.56,100,92.7,750,True,18,14220,23.7,214,1913,33.3,403.0,684.0,1212.0,30.0,70.0,187.0,-6.0,17.0,103.0,-242.15,385.5,2572.08,233.37,247.37,337.37,134.0,123.0,140.0,458.0,497.0,640.0,15.0,51.0,173.0,8.5,30.53,0.41,1212.0,103.0,Mar 2023,3,sharescart,screener,investorgain,sharescart,DOMS.NS,544045.BO,isin_authoritative,ISIN→symbol from official NSE list,match,,DOMS Industries Ltd.,DOMS Industries Limited,match
INE142M01025,Tata Technologies Ltd.,MB,TATATECH,544028,2023-11-22,2023-11-24,2023-11-30,500.00,3042.51,Bookbuilding,"BSE, NSE",JM Financial,2023,,,,,3043,chittorgarh,100.0,chittorgarh,791.05,chittorgarh,1199.95,chittorgarh,1400.00,chittorgarh,1199.95,chittorgarh,1314.25,chittorgarh,"Achieve the benefits of listing the Equity Shares on the Stock Exchanges | Carry out the Offer for Sale of 60,850,278*Equity Shares by the Selling Shareholder",chittorgarh,3043,chittorgarh,203.4,62.1,16.5,69.4,309438.88,66139.69,7530.22,211241.74,50.0,66.79,55.39,475,True,30,15000,29.9,677,5168,16.7,2381.0,3530.0,4414.0,386.0,646.0,821.0,239.0,437.0,624.0,,,15.38,2142.0,2280.0,2989.0,266.0,261.0,255.0,3573.0,4218.0,5201.0,1113.0,-39.0,401.0,14.14,20.88,0.09,4414.0,624.0,Mar 2023,3,sharescart,screener,ipowatch,sharescart,TATATECH.NS,544028.BO,isin_authoritative,ISIN→symbol from official NSE list,match,,Tata Technologies Ltd.,Tata Technologies Limited,match
INE717W01049,Gandhar Oil Refinery (India) Ltd.,MB,GANDHAR,544029,2023-11-22,2023-11-24,2023-11-30,169.00,500.69,Bookbuilding,"BSE, NSE",ICICI Securities,2023,,,302,chittorgarh,199,chittorgarh,39.7,chittorgarh,150.21,chittorgarh,295.40,chittorgarh,344.60,chittorgarh,295.00,chittorgarh,301.50,chittorgarh,Investment into Texol by way of a loan for financing the repayment/pre-payment of a loan facility availed by Texol from the Bank of Baroda | Capital  expenditure  through  purchase  of  equipment  and  civil  work  required  for expansion  in  capacity  of automotive oil at our Silvassa Plant | Funding working capital requirements of our Company | General corporate purposes,chittorgarh,501,chittorgarh,129.1,64.3,29.9,65.6,32309.64,11275.08,2247.86,32860.40,43.2,87.5,64.63,160,True,88,14872,20.6,83,3897,8.2,2221.0,3543.0,4079.0,140.0,247.0,317.0,100.0,164.0,214.0,62.7,18.42,23.86,445.0,541.0,743.0,90.0,191.0,220.0,1101.0,1318.0,1632.0,118.0,167.0,88.0,5.25,28.8,0.3,4079.0,214.0,Mar 2023,3,sharescart,screener,investorgain,sharescart,GANDHAR.NS,544029.BO,isin_authoritative,ISIN→symbol from official NSE list,match,,Gandhar Oil Refinery (India) Ltd.,Gandhar Oil Refinery (India) Limited,match
INE007N01010,Fedbank Financial Services Ltd.,MB,FEDFINA,544027,2023-11-22,2023-11-24,2023-11-30,140.00,1092.26,Bookbuilding,"BSE, NSE",ICICI Securities,2023,,,600,chittorgarh,492,chittorgarh,45.1,chittorgarh,324.68,chittorgarh,137.75,chittorgarh,148.00,chittorgarh,133.15,chittorgarh,140.00,chittorgarh,Augmenting our Company’s Tier –I capital base to meet our Company’s future capital requirements,chittorgarh,1092,chittorgarh,3.5,1.5,1.9,2.2,1901.88,570.02,308.24,2448.39,10.0,72.28,62.4,133,True,107,14980,23,225,2036,6.1,692.0,869.0,1180.0,,,,62.0,103.0,180.0,2.13,3.22,5.6,835.0,1154.0,1356.0,,,,5466.0,6556.0,9071.0,-371.0,-578.0,-1474.0,15.25,13.27,4.88,1180.0,180.0,Mar 2023,3,sharescart,screener,ipowatch,sharescart,FEDFINA.NS,544027.BO,isin_authoritative,ISIN→symbol from official NSE list,match,,Fedbank Financial Services Ltd.,Fedbank Financial Services Limited,match
INE00Y201027,Flair Writing Industries Ltd.,MB,FLAIR,544030,2023-11-22,2023-11-24,2023-12-01,304.00,593.00,Bookbuilding,"BSE, NSE",Nuvama Wealth Management,2023,,,292,chittorgarh,301,chittorgarh,50.8,chittorgarh,177.90,chittorgarh,503.00,chittorgarh,514.00,chittorgarh,452.70,chittorgarh,452.70,chittorgarh,"Setting up a new manufacturing facility for writing instruments in District Valsad, Gujarat (“New Valsad Unit”) | Funding capital expenditure of our Company and the Subsidiary, FWEPL | Funding working capital requirements of our Company and the Subsidiaries, FWEPL and FCIPL | Repayment/pre-payment, in part or full, of certain borrowings availed by the Company and our Subsidiaries, FWEPL and FCIPL | General corporate purposes",chittorgarh,593,chittorgarh,122,35.2,13.7,49.3,36178.93,3133.71,2849.66,29223.04,49.34,97.49,79.21,288,True,49,14896,26.7,119,1080,11.4,298.0,577.0,942.0,23.0,98.0,184.0,1.0,56.0,118.0,0.42,24.08,12.66,261.0,318.0,435.0,130.0,126.0,123.0,481.0,558.0,684.0,67.0,34.0,96.0,12.53,27.13,0.28,942.0,118.0,Mar 2023,3,sharescart,screener,investorgain,sharescart,FLAIR.NS,544030.BO,isin_authoritative,ISIN→symbol from official NSE list,match,,Flair Writing Industries Ltd.,Flair Writing Industries Limited,match
INE202E01016,Indian Renewable Energy Development Agency Ltd.,MB,IREDA,544026,2023-11-21,2023-11-23,2023-11-29,32.00,2150.21,Bookbuilding,"BSE, NSE",IDBI Capital,2023,,,1290,chittorgarh,860,chittorgarh,40.0,chittorgarh,643.26,chittorgarh,50.00,chittorgarh,59.99,chittorgarh,49.99,chittorgarh,59.99,chittorgarh,Augmenting our capital base to meet future capital requirements and onwardlending,chittorgarh,2150,chittorgarh,104.6,24.2,7.7,38.8,112423.82,18182.19,2493.17,83428.22,37.5,100,,30,True,460,14720,5.1,1698,6743,6.3,,,,2162,4880,6283,346,1252,1698,4.4,4.7,6.3,2996,8559,10267,23540,40994,52282,31359,64258,81597,-3206,-11100,-14460,,11.55,7.86,,346,Mar 2021,1,sharescart,sharescart,investorgain,,IREDA.NS,544026.BO,isin_authoritative,ISIN→symbol from official NSE list,match,,Indian Renewable Energy Development Agency Ltd.,Indian Renewable Energy Development Agency Limited,match
INE491J01022,ASK Automotive Ltd.,MB,ASKAUTOLTD,544022,2023-11-07,2023-11-09,2023-11-15,282.00,833.91,Bookbuilding,"BSE, NSE",JM Financial,2023,,,,,834,chittorgarh,100.0,chittorgarh,250.17,chittorgarh,304.90,chittorgarh,317.00,chittorgarh,304.15,chittorgarh,310.20,chittorgarh,Achieve the benefits of listing the Equity Shares on the Stock Exchanges,chittorgarh,834,chittorgarh,0.1,2.3,1.7,1.4,25.02,285.20,493.26,1125.78,14.18,100,,268,True,53,14946,22.4,248,3601,12.6,1544.0,2013.0,2555.0,186.0,166.0,231.0,106.0,83.0,123.0,5.22,4.11,6.24,623.0,632.0,643.0,54.0,175.0,328.0,922.0,1106.0,1281.0,136.0,144.0,139.0,4.81,19.13,0.51,2555.0,123.0,Mar 2023,3,sharescart,screener,ipowatch,,ASKAUTOLTD.NS,544022.BO,isin_authoritative,ISIN→symbol from official NSE list,match,,ASK Automotive Ltd.,ASK Automotive Limited,match
INE004A01022,Protean eGov Technologies Ltd.,MB,PROTEAN,544021,2023-11-06,2023-11-08,2023-11-13,792.00,489.95,Bookbuilding,BSE,ICICI Securities,2023,,,,,490,chittorgarh,100.0,chittorgarh,143.53,chittorgarh,792.00,chittorgarh,890.90,chittorgarh,775.00,chittorgarh,883.00,chittorgarh,,,490,chittorgarh,0,0,0,23.9,0.00,0.00,0.00,11699.21,13.89,,,752,True,18,14256,34.7,92,841,22.8,603.0,691.0,741.0,85.0,124.0,118.0,92.0,144.0,107.0,22.99,35.75,26.47,668.0,788.0,857.0,6.0,12.0,8.0,863.0,988.0,1104.0,100.0,11.0,-8.0,14.44,12.49,0.01,741.0,107.0,Mar 2023,3,sharescart,screener,ipowatch,,PROTEAN.NS,544021.BO,isin_authoritative,ISIN→symbol from official NSE list,match,,Protean eGov Technologies Ltd.,Protean eGov Technologies Limited,match
INE818W01011,ESAF Small Finance Bank Ltd.,MB,ESAFSFB,544020,2023-11-03,2023-11-07,2023-11-10,60.00,463.00,Bookbuilding,"BSE, NSE",ICICI Securities,2023,,,391,chittorgarh,72,chittorgarh,15.6,chittorgarh,135.15,chittorgarh,71.90,chittorgarh,74.70,chittorgarh,68.50,chittorgarh,69.05,chittorgarh,Augmentation of our Bank’s Tier-I capital base to meet our Bank’s future capital requirements,chittorgarh,463,chittorgarh,0,0,0,0,0.00,0.00,0.00,0.00,16.67,,,57,True,250,15000,-5.9,-521,3862,-10.1,1641.0,1940.0,2854.0,,,,105.0,55.0,302.0,2.34,1.22,6.73,1352.0,1411.0,1715.0,,,,12339.0,17708.0,20224.0,1127.0,-584.0,-571.0,10.58,17.61,1.96,2854.0,302.0,Mar 2023,3,sharescart,screener,ipowatch,,ESAFSFB.NS,544020.BO,isin_authoritative,ISIN→symbol from official NSE list,match,,ESAF Small Finance Bank Ltd.,ESAF Small Finance Bank Limited,match
INE0J5401028,Honasa Consumer Ltd.,MB,HONASA,544014,2023-10-31,2023-11-02,2023-11-07,324.00,1701.44,Bookbuilding,"BSE, NSE",Kotak Mahindra Capital,2023,,,365,chittorgarh,1336,chittorgarh,78.5,chittorgarh,765.20,chittorgarh,324.00,chittorgarh,340.00,chittorgarh,322.00,chittorgarh,337.15,chittorgarh,"Advertisement expenses towards enhancing the awareness and visibility of our brands | Capital expenditure to be incurred by our Company for setting up new EBOs | Investment in our Subsidiary, BBluntfor setting up new salons | General corporate purposes and unidentified inorganic acquisition",chittorgarh,1701,chittorgarh,0,0,0,0,0.00,0.00,0.00,0.00,7.41,100,89.99,308,True,46,14904,147.3,73,2067,2.2,460.0,943.0,1493.0,-1334.0,12.0,23.0,-1332.0,14.0,-151.0,-1306098.04,15262.14,-10.47,-1764.99,-1086.99,-1187.0,1954.0,1853.0,1885.0,303.0,1036.0,976.0,30.0,45.0,-52.0,-10.11,12.72,-1.59,1493.0,-151.0,Mar 2023,3,sharescart,screener,investorgain,sharescart,HONASA.NS,544014.BO,isin_authoritative,ISIN→symbol from official NSE list,match,,Honasa Consumer Ltd.,Honasa Consumer Limited,match
INE0LMW01024,Cello World Ltd.,MB,CELLO,544012,2023-10-30,2023-11-01,2023-11-06,648.00,1900.00,Bookbuilding,"BSE, NSE",Kotak Mahindra Capital,2023,,,,,1900,chittorgarh,100.0,chittorgarh,567.00,chittorgarh,831.00,chittorgarh,834.70,chittorgarh,781.50,chittorgarh,791.90,chittorgarh,Achieve the benefits of listing the Equity Shares on the Stock Exchanges,chittorgarh,1900,chittorgarh,122.2,25.6,3.2,41.7,116090.00,17057.25,914.85,79211.00,12.35,100,67.24,617,True,23,14904,41.8,365,2136,15.5,1049.0,1359.0,1797.0,277.0,334.0,421.0,166.0,220.0,285.0,151200.0,204000.0,13.65,-106.99,88.01,337.0,334.0,463.0,335.0,1144.0,1331.0,1547.0,194.0,187.0,227.0,15.86,84.57,0.99,1797.0,285.0,Mar 2023,3,sharescart,screener,ipowatch,sharescart,CELLO.NS,544012.BO,isin_authoritative,ISIN→symbol from official NSE list,match,,Cello World Ltd.,Cello World Limited,match
INE0KBH01020,Blue Jet Healthcare Ltd.,MB,BLUEJET,544009,2023-10-25,2023-10-27,2023-11-01,346.00,840.27,Bookbuilding,"BSE, NSE",Kotak Mahindra Capital,2023,,,,,840,chittorgarh,100.0,chittorgarh,252.08,chittorgarh,359.90,chittorgarh,395.85,chittorgarh,359.90,chittorgarh,395.85,chittorgarh,,,840,chittorgarh,0,0,0,8,0.00,0.00,0.00,6680.12,26.01,100,86,329,True,43,14878,19.7,305,1030,17.6,721,712,1030,243,258,424,160,164,305,9.2,9.4,17.6,681,845,1133,0,0,0,1007,1214,1662,142,241,46,22.19,23.49,0.00,721,160,Mar 2023,1,sharescart,sharescart,ipowatch,sharescart,BLUEJET.NS,544009.BO,isin_authoritative,ISIN→symbol from official NSE list,match,,Blue Jet Healthcare Ltd.,Blue Jet Healthcare Limited,match
INE07U701015,IRM Energy Ltd.,MB,IRMENERGY,544004,2023-10-18,2023-10-20,2023-10-26,505.00,545.00,Bookbuilding,"BSE, NSE",HDFC Bank,2023,,,545,chittorgarh,0.00,chittorgarh,0.0,chittorgarh,160.35,chittorgarh,479.00,chittorgarh,483.00,chittorgarh,450.05,chittorgarh,472.95,chittorgarh,"Funding capital expenditure requirements for development of the City Gas Distribution network in the Geographical Areas of Namakkal and Tiruchirappalli (Tamil Nadu) in Fiscal 2024$ , Fiscal 2025, Fiscal 2026 and Fiscal 2027 | Prepayment or repayment of all or a portion of certain outstanding borrowings availed by the Company | General corporate purposes",chittorgarh,545,chittorgarh,44.7,48.3,9.3,27.1,12197.87,9227.62,760.01,14753.07,3.56,100,67.1,480,True,29,14645,45.9,47,975,11,190.0,507.0,980.0,73.0,186.0,112.0,35.0,128.0,63.0,12.03,43.59,20.87,97.0,222.0,325.0,190.0,230.0,341.0,338.0,555.0,793.0,45.0,129.0,47.0,6.43,19.38,1.05,980.0,63.0,Mar 2023,3,sharescart,screener,investorgain,sharescart,IRMENERGY.NS,544004.BO,isin_authoritative,ISIN→symbol from official NSE list,match,,IRM Energy Ltd.,IRM Energy Limited,match
INE0INJ01017,Plaza Wires Ltd.,MB,PLAZACABLE,544003,2023-09-29,2023-10-05,2023-10-12,54.00,71.28,Bookbuilding,"BSE, NSE",Pantomath Capital,2023,,,71,chittorgarh,0.00,chittorgarh,0.0,chittorgarh,20.00,chittorgarh,84.00,chittorgarh,84.00,chittorgarh,75.00,chittorgarh,80.23,chittorgarh,"Funding the capital expendituretowards setting up of a new manufacturing unit for house wires, fire-resistant wires & cables, aluminum cables and solar cables to expand our product portfolio | Funding the working capital requirements of the Company; and | General corporate purposes",chittorgarh,71,chittorgarh,42.8,388.1,374.8,161,2290.25,4149.51,2671.68,11474.08,18.52,100,54.53,51,True,277,14958,77.1,3,218,0.7,145.0,177.0,182.0,11.0,13.0,16.0,4.0,6.0,7.0,11.44,1.95,2.39,40.0,46.0,54.0,44.0,40.0,40.0,99.0,104.0,112.0,-2.0,11.0,9.0,3.85,12.96,0.74,182.0,7.0,Mar 2023,3,sharescart,screener,ipowatch,sharescart,PLAZACABLE.NS,544003.BO,isin_authoritative,ISIN→symbol from official NSE list,match,,Plaza Wires Ltd.,Plaza Wires Limited,match
INE0JWS01017,Valiant Laboratories Ltd.,MB,VALIANTLAB,543998,2023-09-27,2023-10-03,2023-10-06,140.00,152.46,Bookbuilding,"BSE, NSE",Unistone Capital,2023,,,152,chittorgarh,0.00,chittorgarh,0.0,chittorgarh,45.74,chittorgarh,161.00,chittorgarh,169.05,chittorgarh,161.00,chittorgarh,169.05,chittorgarh,Investment in VASPL for partfinancing its capital expenditure requirements in relation to the setting up of the Proposed Facility | Investment in VASPL for funding its working capital requirements; and | General corporate purposes | Total,chittorgarh,152,chittorgarh,20.8,73.6,16.1,29.8,1587.87,1684.07,856.98,4537.21,10.71,100,40.44,133,True,105,14700,-280,-2,133,-0.5,,,334.0,,,35.0,,,29.0,,,7.13,,,101.0,,,60.0,,,213.0,,,56.0,8.68,28.71,0.59,334.0,29.0,Mar 2023,1,sharescart,screener,ipowatch,sharescart,VALIANTLAB.NS,543998.BO,isin_authoritative,ISIN→symbol from official NSE list,match,,Valiant Laboratories Ltd.,Valiant Laboratories Limited,match
INE880J01026,JSW Infrastructure Ltd.,MB,JSWINFRA,543994,2023-09-25,2023-09-27,2023-10-03,119.00,2800.00,Bookbuilding,"BSE, NSE",JM Financial,2023,,,2800,chittorgarh,0.00,chittorgarh,0.0,chittorgarh,1260.00,chittorgarh,143.00,chittorgarh,157.30,chittorgarh,141.75,chittorgarh,157.30,chittorgarh,"Prepayment or repayment, in full or part, of all or a portion of certain outstanding borrowings through investment in our wholly owned Subsidiaries, JSW Dharamtar Port Private Limited and JSW Jaigarh Port Limited | Financing capital expenditure requirements through investment in our wholly owned Subsidiary, JSW Jaigarh Port Limited, for proposed expansion/upgradation works at Jaigarh Port i.e., i) expansion of LPG terminal (“LPG Terminal Project”); ii) setting up an electric sub-station; and iii) purchase and installation of dredger; | Financing capital expenditure requirements through investment in our wholly owned Subsidiary, JSW Mangalore Container Terminal Private Limited, for proposed expansion at Mangalore Container Terminal (“Mangalore Container Project”); and | General corporate purposes.",chittorgarh,2800,chittorgarh,0,0,0,0,0.00,0.00,0.00,0.00,12.61,100,54,113,True,126,14994,16.3,1521,4476,7.3,1604.0,2273.0,3195.0,816.0,1109.0,1623.0,285.0,330.0,750.0,48.0,54.02,3.97,2891.0,3272.0,3995.0,3946.0,4740.0,4568.0,8123.0,9177.0,9312.0,990.0,1176.0,1797.0,23.47,18.77,1.14,3195.0,750.0,Mar 2023,3,sharescart,screener,ipowatch,sharescart,JSWINFRA.NS,543994.BO,isin_authoritative,ISIN→symbol from official NSE list,match,,JSW Infrastructure Ltd.,JSW Infrastructure Limited,match
INE851I01011,Updater Services Ltd.,MB,UDS,543996,2023-09-25,2023-09-27,2023-10-04,300.00,640.00,Bookbuilding,"BSE, NSE",IIFL Capital,2023,,,400,chittorgarh,240,chittorgarh,37.5,chittorgarh,288.00,chittorgarh,299.90,chittorgarh,299.90,chittorgarh,282.00,chittorgarh,283.85,chittorgarh,Repayment and /or prepayment of certain borrowings availed by the Company | Funding our working capital requirements; | Pursuing inorganic initiatives; and | General corporate purposes,chittorgarh,640,chittorgarh,0,0,0,3,0.00,0.00,0.00,1894.40,,80.58,,280,True,50,15000,16.9,119,2736,17.7,1210.0,1483.0,2099.0,73.0,79.0,93.0,48.0,57.0,35.0,,,,285.0,341.0,381.0,16.0,71.0,220.0,577.0,864.0,1201.0,128.0,31.0,115.0,1.67,9.19,0.58,2099.0,35.0,Mar 2023,3,sharescart,screener,,,UDS.NS,543996.BO,isin_authoritative,ISIN→symbol from official NSE list,match,,Updater Services Ltd.,Updater Services Limited,match
INE0KNT01012,Manoj Vaibhav Gems 'N' Jewellers Ltd.,MB,MVGJL,543995,2023-09-22,2023-09-26,2023-10-03,215.00,270.20,Bookbuilding,"BSE, NSE",Bajaj Capital,2023,,,210,chittorgarh,60,chittorgarh,22.2,chittorgarh,81.06,chittorgarh,215.00,chittorgarh,221.90,chittorgarh,210.00,chittorgarh,215.65,chittorgarh,"To Finance Establishment of proposed 8 new showrooms, i.e (a) Capital expenditure cost for the proposed eight (8) new showrooms | (b) Estimated inventory cost for New Showrooms proposed to be opened | General corporate purposes",chittorgarh,270,chittorgarh,0.6,0.8,0.9,0.8,82.41,30.40,86.06,213.46,,100,70,204,True,69,14835,10.4,100,2384,20.6,1431.0,1689.0,2025.0,81.0,106.0,144.0,21.0,44.0,72.0,21.23,44.71,18.32,229.0,273.0,344.0,489.0,503.0,485.0,803.0,900.0,1078.0,-12.0,9.0,69.0,3.56,20.93,1.41,2025.0,72.0,Mar 2023,3,sharescart,screener,,sharescart,MVGJL.NS,543995.BO,isin_authoritative,ISIN→symbol from official NSE list,match,,Manoj Vaibhav Gems 'N' Jewellers Ltd.,Manoj Vaibhav Gems N Jewellers Limited,match
INE903U01023,Signatureglobal (India) Ltd.,MB,SIGNATURE,543990,2023-09-20,2023-09-22,2023-09-27,385.00,730.00,Bookbuilding,"BSE, NSE",ICICI Securities,2023,,,603,chittorgarh,127,chittorgarh,17.4,chittorgarh,318.50,chittorgarh,445.00,chittorgarh,473.45,chittorgarh,444.10,chittorgarh,458.40,chittorgarh,"Re-paymentor pre-payment, in full or in part, of certain borrowings availed by our Company | Infusion of funds in certain of our Subsidiaries, namely Signatureglobal Homes, Signatureglobal Developers, SignatureglobalBusiness Park and Sternal Buildcon for re-payment or pre-payment, in full or in part, of certain borrowings availed by our Subsidiaries; and | Inorganic growth through land acquisitions and general corporate purposes",chittorgarh,730,chittorgarh,13.4,14.2,7.2,12.5,7320.07,1559.28,523.41,9125.00,12.99,78.36,69.63,366,True,38,14630,53.5,101,2498,7.2,82.0,901.0,1554.0,-81.0,-84.0,6.0,-86.0,-116.0,-64.0,-151.23,-10.23,-5.12,-207.0,-353.0,47.0,1186.0,1170.0,1724.0,3763.0,4449.0,6022.0,36.0,205.0,-278.0,-4.12,-136.17,36.68,1554.0,-64.0,Mar 2023,3,sharescart,screener,investorgain,sharescart,SIGNATURE.NS,543990.BO,isin_authoritative,ISIN→symbol from official NSE list,match,,Signatureglobal (India) Ltd.,Signatureglobal (India) Limited,match
INE438K01021,Sai Silks (Kalamandir) Ltd.,MB,KALAMANDIR,543989,2023-09-20,2023-09-22,2023-09-27,222.00,1201.00,Bookbuilding,"BSE, NSE",Motilal Oswal Investment,2023,,,600,chittorgarh,601,chittorgarh,50.0,chittorgarh,360.30,chittorgarh,230.10,chittorgarh,246.85,chittorgarh,230.10,chittorgarh,244.85,chittorgarh,"Funding capital expenditure towards setting-up of 30 new stores | Funding capital expenditure towards setting-up of two warehouses | Funding working capital requirements of the Company | Repayment or pre-payment, in full or part, of certain borrowings availed by the Company | General Corporate Purposes",chittorgarh,1201,chittorgarh,0,0,0,4.5,0.00,0.00,0.00,5368.46,3.15,100,86.9,210,True,67,14874,38.3,85,1462,5.8,1351,1374,1462,227,243,242,98,101,85,8.1,6.8,5.8,397,1063,1132,65,23,18,1220,1642,1641,41,-21,107,7.25,24.69,0.16,1351,98,Mar 2023,1,sharescart,sharescart,ipowatch,sharescart,KALAMANDIR.NS,543989.BO,isin_authoritative,ISIN→symbol from official NSE list,match,,Sai Silks (Kalamandir) Ltd.,Sai Silks (Kalamandir) Limited,match
INE0JR601024,Yatra Online Ltd.,MB,YATRA,543992,2023-09-15,2023-09-20,2023-09-28,142.00,775.00,Bookbuilding,"BSE, NSE",SBICAP,2023,,,602,chittorgarh,173,chittorgarh,22.3,chittorgarh,348.75,chittorgarh,130.00,chittorgarh,138.50,chittorgarh,127.40,chittorgarh,135.95,chittorgarh,"Strategic investments, acquisitions and inorganic growth | Investment in customer acquisition and retention, technology, and other organic growth initiatives; and | General corporate purposes",chittorgarh,775,chittorgarh,0,0,0,0,0.00,0.00,0.00,0.00,,98.59,,135,True,105,14910,61.7,37,791,2.3,125.0,198.0,380.0,-23.0,-9.0,37.0,-119.0,-31.0,8.0,-107.17,-2.75,0.67,123.0,101.0,169.0,61.0,63.0,178.0,561.0,547.0,681.0,104.0,-83.0,-153.0,2.11,4.73,1.05,380.0,8.0,Mar 2023,3,sharescart,screener,,,YATRA.NS,543992.BO,isin_authoritative,ISIN→symbol from official NSE list,match,,Yatra Online Ltd.,Yatra Online Limited,match
INE08U801020,SAMHI Hotels Ltd.,MB,SAMHI,543984,2023-09-14,2023-09-18,2023-09-22,126.00,1370.10,Bookbuilding,"BSE, NSE",JM Financial,2023,,,1200,chittorgarh,170,chittorgarh,12.4,chittorgarh,616.55,chittorgarh,130.55,chittorgarh,146.45,chittorgarh,127.45,chittorgarh,143.55,chittorgarh,"Repayment/ prepayment/ redemption, in full or in part, of certain borrowings availed of by the Company and our Subsidiaries including payment of the interest accrued thereon; and | General corporate purposes.",chittorgarh,1370,chittorgarh,9.2,1.3,1.2,5.6,9433.14,265.11,160.30,7631.46,7.94,,,119,True,119,14994,32.3,86,1130,3.9,170.0,323.0,739.0,-69.0,11.0,238.0,-478.0,-444.0,-339.0,-62.61,-58.21,-39.68,-211.0,-655.0,-807.0,2401.0,2607.0,2744.0,2488.0,2387.0,2263.0,17.0,26.0,217.0,-45.87,42.01,-3.4,739.0,-339.0,Mar 2023,3,sharescart,screener,ipowatch,,SAMHI.NS,543984.BO,isin_authoritative,ISIN→symbol from official NSE list,match,,SAMHI Hotels Ltd.,Samhi Hotels Limited,match
INE07K301024,Zaggle Prepaid Ocean Services Ltd.,MB,ZAGGLE,543985,2023-09-14,2023-09-18,2023-09-22,164.00,563.38,Bookbuilding,"BSE, NSE",ICICI Securities,2023,,,392,chittorgarh,171,chittorgarh,30.4,chittorgarh,253.52,chittorgarh,162.00,chittorgarh,176.00,chittorgarh,155.60,chittorgarh,158.30,chittorgarh,"Expenditure towards Customer acquisition and retention | Expenditure towards development of technology and products | Repayment or prepayment of certain borrowings, in full or part, availed by our Company; and | General corporate purposes",chittorgarh,563,chittorgarh,16.9,9.2,6.2,12.9,7157.70,774.08,346.48,7245.03,6.1,35.59,30.98,156,True,90,14760,23.4,88,1304,7,,,553.0,,,48.0,,,23.0,,,2.48,,,49.0,,,141.0,,,235.0,,,-16.0,4.16,46.94,2.88,553.0,23.0,Mar 2023,1,sharescart,screener,ipowatch,sharescart,ZAGGLE.NS,543985.BO,isin_authoritative,ISIN→symbol from official NSE list,match,,Zaggle Prepaid Ocean Services Ltd.,Zaggle Prepaid Ocean Services Limited,match
INE777K01022,R R Kabel Ltd.,MB,RRKABEL,543981,2023-09-13,2023-09-15,2023-09-20,1035.00,1964.01,Bookbuilding,"BSE, NSE",Axis Capital,2023,,,181,chittorgarh,1783,chittorgarh,90.8,chittorgarh,585.62,chittorgarh,1179.00,chittorgarh,1212.80,chittorgarh,1137.60,chittorgarh,1196.65,chittorgarh,"Repayment or prepayment, in full or in part, of borrowings availed by the Company from banks and financial institutions; and | General corporate purposes",chittorgarh,1964,chittorgarh,0,0,0,18.7,0.00,0.00,0.00,36707.34,10.05,66.42,62.77,983,True,14,14490,37.5,312,7618,27.6,2724.0,4386.0,5599.0,232.0,304.0,323.0,135.0,214.0,190.0,56.6,89.42,19.84,1047.0,1250.0,1420.0,507.0,533.0,580.0,1715.0,2051.0,2634.0,-71.0,98.0,454.0,3.39,13.38,0.41,5599.0,190.0,Mar 2023,3,sharescart,screener,investorgain,sharescart,RRKABEL.NS,543981.BO,isin_authoritative,ISIN→symbol from official NSE list,match,,R R Kabel Ltd.,R R Kabel Limited,match
INE0OV601013,EMS Ltd.,MB,EMSLIMITED,543983,2023-09-08,2023-09-12,2023-09-21,211.00,321.25,Bookbuilding,"BSE, NSE",Khambatta Securities,2023,,,146,chittorgarh,175,chittorgarh,54.5,chittorgarh,96.37,chittorgarh,281.55,chittorgarh,290.85,chittorgarh,268.60,chittorgarh,279.75,chittorgarh,Funding of working capital requirements of our Company; and | General corporate purposes.,chittorgarh,321,chittorgarh,0,0,0,0,0.00,0.00,0.00,0.00,41.71,100,65.93,200,True,70,14770,6.4,184,966,33.1,331.0,360.0,538.0,99.0,113.0,150.0,72.0,79.0,109.0,61.17,66.51,22.91,302.0,380.0,491.0,4.0,4.0,45.0,378.0,503.0,639.0,36.0,23.0,4.0,20.26,22.2,0.09,538.0,109.0,Mar 2023,3,sharescart,screener,investorgain,sharescart,EMSLIMITED.NS,543983.BO,isin_authoritative,ISIN→symbol from official NSE list,match,,EMS Ltd.,EMS Limited,match
INE682M01012,Jupiter Life Line Hospitals Ltd.,MB,JLHL,543980,2023-09-06,2023-09-08,2023-09-18,735.00,869.08,Bookbuilding,"BSE, NSE",ICICI Securities,2023,,,542,chittorgarh,327,chittorgarh,37.6,chittorgarh,260.72,chittorgarh,960.00,chittorgarh,1107.50,chittorgarh,960.00,chittorgarh,1075.25,chittorgarh,"Repayment/pre-payment,  in  full  or  part,  of  borrowings  availed  from  banks  by  the  Company  and  Material Subsidiary;and | General corporate purposes",chittorgarh,869,chittorgarh,0,0,0,64.8,0.00,0.00,0.00,56316.12,10.88,40.69,,695,True,20,14700,24.9,194,1262,29.5,486.0,733.0,893.0,67.0,153.0,201.0,-2.0,51.0,73.0,-0.45,10.05,12.9,239.0,294.0,366.0,426.0,495.0,469.0,789.0,909.0,986.0,123.0,137.0,176.0,8.17,19.95,1.28,893.0,73.0,Mar 2023,3,sharescart,screener,ipowatch,,JLHL.NS,543980.BO,isin_authoritative,ISIN→symbol from official NSE list,match,,Jupiter Life Line Hospitals Ltd.,Jupiter Life Line Hospitals Limited,match
INE05CZ01011,Ratnaveer Precision Engineering Ltd.,MB,RATNAVEER,543978,2023-09-04,2023-09-06,2023-09-11,98.00,165.03,Bookbuilding,"BSE, NSE",Unistone Capital,2023,,,135,chittorgarh,30,chittorgarh,18.2,chittorgarh,49.51,chittorgarh,128.00,chittorgarh,134.40,chittorgarh,123.00,chittorgarh,134.40,chittorgarh,Funding working capital requirements of the Company | General Corporate Purposes | Total,chittorgarh,165,chittorgarh,133.1,135.2,54,94,10978.75,3347.10,3119.10,15511.36,25.51,86.3,55.48,93,True,150,14700,10.5,47,892,9.3,480,595,892,47,57,90,25,31,47,7.2,6.4,8.8,106,252,371,34,34,56,389,516,746,0,12,95,5.21,23.58,0.32,480,25,Mar 2023,1,sharescart,sharescart,ipowatch,sharescart,RATNAVEER.NS,543978.BO,isin_authoritative,ISIN→symbol from official NSE list,match,,Ratnaveer Precision Engineering Ltd.,Ratnaveer Precision Engineering Limited,match
INE0N2P01017,Rishabh Instruments Ltd.,MB,RISHABH,543977,2023-08-30,2023-09-01,2023-09-11,441.00,490.78,Bookbuilding,"BSE, NSE",Dam Capital,2023,,,75,chittorgarh,416,chittorgarh,84.7,chittorgarh,147.23,chittorgarh,460.00,chittorgarh,469.65,chittorgarh,432.25,chittorgarh,442.75,chittorgarh,Financing the cost towards the Expansion of Nashik Manufacturing Facility I | General corporate purposes,chittorgarh,491,chittorgarh,72.5,31.3,8.4,31.7,17800.69,2303.49,1449.77,15533.27,17.01,80.67,70.68,418,True,34,14994,74.7,21,720,5.9,390.0,470.0,570.0,58.0,73.0,77.0,36.0,50.0,50.0,23.75,32.18,16.01,300.0,341.0,401.0,106.0,103.0,106.0,510.0,562.0,647.0,53.0,13.0,28.0,8.77,12.47,0.26,570.0,50.0,Mar 2023,3,sharescart,screener,ipowatch,sharescart,RISHABH.NS,543977.BO,isin_authoritative,ISIN→symbol from official NSE list,match,,Rishabh Instruments Ltd.,Rishabh Instruments Limited,match
INE0AE001013,Vishnu Prakash R.Punglia Ltd.,MB,VPRPL,543974,2023-08-24,2023-08-28,2023-09-05,99.00,308.61,Bookbuilding,"BSE, NSE",Choice Capital,2023,,,309,chittorgarh,0.00,chittorgarh,0.0,chittorgarh,91.77,chittorgarh,163.30,chittorgarh,164.45,chittorgarh,144.00,chittorgarh,145.93,chittorgarh,Funding capital expenditure requirements for the purchase of equipment/machineries | Funding the working capital requirements of the Company | General corporate purposes,chittorgarh,309,chittorgarh,171.7,111,32,87.8,26515.80,5144.24,3460.54,27125.84,40.4,100,67.72,94,True,150,14850,21.1,59,1237,4.7,484.0,786.0,1168.0,45.0,87.0,157.0,19.0,45.0,91.0,6.74,15.93,9.7,,,,,,,,,,35.0,-3.0,-8.0,7.79,28.89,0.19,1168.0,91.0,Mar 2023,3,sharescart,screener,ipowatch,sharescart,VPRPL.NS,543974.BO,isin_authoritative,ISIN→symbol from official NSE list,match,,Vishnu Prakash R.Punglia Ltd.,Vishnu Prakash R Punglia Limited,match
INE024001021,Aeroflex Industries Ltd.,MB,AEROFLEX,543972,2023-08-22,2023-08-24,2023-08-31,108.00,351.00,Bookbuilding,"BSE, NSE",Pantomath Capital,2023,,,162,chittorgarh,189,chittorgarh,53.8,chittorgarh,103.68,chittorgarh,197.40,chittorgarh,197.40,chittorgarh,162.10,chittorgarh,163.15,chittorgarh,"Full or part repayment and/or prepayment of certain outstanding secured borrowings (including foreclosure charges, if any) availed by the Company | Funding working capital requirements of the Company | General corporate purposes and Unidentified Inorganic Acquisitions",chittorgarh,351,chittorgarh,194.7,126.1,34.4,97.1,34175.11,6640.74,4227.27,34085.61,9.26,100,63.87,102,True,130,14040,26.3,53,376,4.1,144.0,241.0,269.0,23.0,47.0,53.0,6.0,28.0,30.0,2.63,12.03,2.64,59.0,86.0,114.0,53.0,39.0,45.0,162.0,183.0,214.0,12.0,32.0,7.0,11.15,26.32,0.39,269.0,30.0,Mar 2023,3,sharescart,screener,ipowatch,sharescart,AEROFLEX.NS,543972.BO,isin_authoritative,ISIN→symbol from official NSE list,match,,Aeroflex Industries Ltd.,Aeroflex Industries Limited,match
INE0MIS01010,Pyramid Technoplast Ltd.,MB,PYRAMID,543969,2023-08-18,2023-08-22,2023-08-29,166.00,153.05,Bookbuilding,"BSE, NSE",PNB Investment,2023,,,91,chittorgarh,62,chittorgarh,40.5,chittorgarh,27.55,chittorgarh,185.00,chittorgarh,188.00,chittorgarh,175.75,chittorgarh,175.75,chittorgarh,"Repayment and/or pre-payment, in full or part, of certain outstanding borrowings availed by the Company | Funding working capital requirements of the Company | General corporate purposes",chittorgarh,153,chittorgarh,9.9,32.2,14.7,18.3,456.40,986.88,1126.46,2799.32,12.05,100,70.02,151,True,90,14940,22.4,27,591,7.4,314.0,400.0,480.0,30.0,42.0,50.0,17.0,26.0,32.0,43.45,66.87,10.15,49.0,75.0,107.0,52.0,66.0,56.0,153.0,184.0,226.0,8.0,-6.0,39.0,6.67,29.91,0.52,480.0,32.0,Mar 2023,3,sharescart,screener,ipowatch,sharescart,PYRAMID.NS,543969.BO,isin_authoritative,ISIN→symbol from official NSE list,match,,Pyramid Technoplast Ltd.,Pyramid Technoplast Limited,match
INE395N01027,TVS Supply Chain Solutions Ltd.,MB,TVSSCS,543965,2023-08-10,2023-08-14,2023-08-23,197.00,880.00,Bookbuilding,"BSE, NSE",JM Financial,2023,,,600,chittorgarh,280,chittorgarh,31.8,chittorgarh,396.00,chittorgarh,206.30,chittorgarh,208.50,chittorgarh,199.00,chittorgarh,200.95,chittorgarh,"Prepayment or repayment of all or a portion of certain outstanding borrowings availed by the Company and the Subsidiary, TVS LI UK",chittorgarh,880,chittorgarh,0,0,0,0,0.00,0.00,0.00,0.00,15.23,46.65,,187,True,76,14972,-656.7,-10,9996,-0.3,6934.0,9250.0,9994.0,396.0,621.0,672.0,-76.0,-46.0,42.0,-23.43,-1.35,1.09,491.0,714.0,723.0,2734.0,2954.0,3324.0,4868.0,5654.0,6117.0,712.0,621.0,734.0,0.42,5.81,4.6,9994.0,42.0,Mar 2023,3,sharescart,screener,ipowatch,,TVSSCS.NS,543965.BO,isin_authoritative,ISIN→symbol from official NSE list,match,,TVS Supply Chain Solutions Ltd.,TVS Supply Chain Solutions Limited,match
INE338H01029,Concord Biotech Ltd.,MB,CONCORDBIO,543960,2023-08-04,2023-08-08,2023-08-18,741.00,1550.52,Bookbuilding,"BSE, NSE",Kotak Mahindra Capital,2023,,,,,1551,chittorgarh,100.0,chittorgarh,464.95,chittorgarh,900.05,chittorgarh,987.05,chittorgarh,900.00,chittorgarh,941.85,chittorgarh,,,1551,chittorgarh,67.7,67.7,3.8,24.9,52464.24,15739.27,2051.43,38563.19,30.36,44.08,,705,True,20,14820,20.9,372,1200,35.5,616.0,713.0,853.0,327.0,270.0,344.0,235.0,175.0,240.0,247.44,183.93,22.95,1000.0,1104.0,1290.0,86.0,62.0,32.0,1183.0,1313.0,1514.0,167.0,207.0,246.0,28.14,18.6,0.02,853.0,240.0,Mar 2023,3,sharescart,screener,ipowatch,,CONCORDBIO.NS,543960.BO,isin_authoritative,ISIN→symbol from official NSE list,match,,Concord Biotech Ltd.,Concord Biotech Limited,match
INE423Y01016,SBFC Finance Ltd.,MB,SBFC,543959,2023-08-03,2023-08-07,2023-08-16,57.00,1025.00,Bookbuilding,"BSE, NSE",ICICI Securities,2023,,,600,chittorgarh,425,chittorgarh,41.5,chittorgarh,304.42,chittorgarh,81.99,chittorgarh,95.30,chittorgarh,81.99,chittorgarh,92.21,chittorgarh,Meet the future capital requirements arising out of the growth of the business and assets.,chittorgarh,1025,chittorgarh,0,0,0,0,0.00,0.00,0.00,0.00,35.09,78.83,64.03,54,True,260,14820,17.8,345,1306,3.2,,529.0,734.0,,,,,65.0,150.0,,0.77,1.67,,1287.0,1728.0,,,,,4515.0,5746.0,,-822.0,-1245.0,20.44,8.68,2.17,734.0,150.0,Mar 2023,2,sharescart,screener,ipowatch,sharescart,SBFC.NS,543959.BO,isin_authoritative,ISIN→symbol from official NSE list,match,,SBFC Finance Ltd.,SBFC Finance Limited,match
INE0JO301016,Yatharth Hospital & Trauma Care Services Ltd.,MB,YATHARTH,543950,2023-07-26,2023-07-28,2023-08-07,300.00,686.55,Bookbuilding,"BSE, NSE",Intensive Fiscal,2023,,,490,chittorgarh,197,chittorgarh,28.7,chittorgarh,205.97,chittorgarh,306.10,chittorgarh,343.10,chittorgarh,306.10,chittorgarh,333.85,chittorgarh,"Repayment/ prepayment, in full or part, of certain borrowings availed by the Company. | Repayment/ prepayment, in full or part, of certain borrowings availed by our Subsidiaries, namely, AKS Medical & Research Centre Private Limited (“AKS”) and Ramraja Multispeciality Hospital & Trauma Centre Private Limited (“Ramraja”) | Funding capital expenditure expenses of our Company for two hospitals, namely, Noida Hospital and Greater Noida Hospital. | Funding capital expenditure expenses of our Subsidiaries, AKS and Ramraja, for respective hospital operated by them. | Funding inorganic growth initiatives through acquisitions and other strategic initiatives | General corporate purposes.",chittorgarh,687,chittorgarh,0,0,0,0,0.00,0.00,0.00,0.00,25.0,100,52.1,285,True,50,15000,20.4,131,880,14.7,215.0,375.0,478.0,68.0,112.0,135.0,20.0,44.0,66.0,11.09,6.74,10.04,72.0,117.0,183.0,193.0,264.0,267.0,309.0,426.0,486.0,44.0,60.0,64.0,13.81,36.07,1.46,478.0,66.0,Mar 2023,3,sharescart,screener,investorgain,sharescart,YATHARTH.NS,543950.BO,isin_authoritative,ISIN→symbol from official NSE list,match,,Yatharth Hospital & Trauma Care Services Ltd.,Yatharth Hospital & Trauma Care Services Limited,match
INE0NT901020,Netweb Technologies India Ltd.,MB,NETWEB,543945,2023-07-17,2023-07-19,2023-07-27,500.00,631.00,Bookbuilding,"BSE, NSE",Equirus Capital,2023,,,206,chittorgarh,425,chittorgarh,67.4,chittorgarh,189.02,chittorgarh,942.50,chittorgarh,953.00,chittorgarh,875.60,chittorgarh,910.50,chittorgarh,"Funding capital expenditure requirements for: Civil construction of the building for the surface mount technology (SMT) line and interior development; and Purchase of equipment/machineries for our new SMT production line (SMT Line); | Funding our long term working capital requirement; | Repayment or pre-payment, in full or in part, of certain of our outstanding borrowings; and | General corporate purposes.",chittorgarh,631,chittorgarh,220.7,83.2,19.5,90.6,69627.70,7875.83,4302.16,57137.05,78.8,100,66,475,True,30,15000,24.6,114,1149,20.3,143.0,247.0,445.0,14.0,35.0,70.0,8.0,22.0,47.0,14.55,39.68,9.22,22.0,45.0,93.0,31.0,34.0,36.0,110.0,149.0,266.0,-10.0,5.0,27.0,10.56,50.54,0.39,445.0,47.0,Mar 2023,3,sharescart,screener,investorgain,sharescart,NETWEB.NS,543945.BO,isin_authoritative,ISIN→symbol from official NSE list,match,,Netweb Technologies India Ltd.,Netweb Technologies India Limited,match
INE735W01017,Utkarsh Small Finance Bank Ltd.,MB,UTKARSHBNK,543942,2023-07-12,2023-07-14,2023-07-21,25.00,500.00,Bookbuilding,"BSE, NSE",ICICI Securities,2023,,,500,chittorgarh,0.00,chittorgarh,0.0,chittorgarh,222.75,chittorgarh,39.95,chittorgarh,47.94,chittorgarh,37.25,chittorgarh,47.94,chittorgarh,To augment Tier–1 capital base to meet future capital requirements | Issue expenses | Total,chittorgarh,500,chittorgarh,135.7,88.7,78.4,110.8,50891.25,6655.50,3919.00,55385.00,64.0,84.75,69.28,23,True,600,15000,125,24,3765,0.2,1581.0,1849.0,2505.0,,,,112.0,61.0,404.0,0.82,0.42,2.8,1368.0,1573.0,2000.0,,,,12138.0,15064.0,19117.0,-83.0,1329.0,1573.0,16.13,20.2,1.17,2505.0,404.0,Mar 2023,3,sharescart,screener,investorgain,sharescart,UTKARSHBNK.NS,543942.BO,isin_authoritative,ISIN→symbol from official NSE list,match,,Utkarsh Small Finance Bank Ltd.,Utkarsh Small Finance Bank Limited,match
INE602W01027,Senco Gold Ltd.,MB,SENCO,543936,2023-07-04,2023-07-06,2023-07-14,317.00,405.00,Bookbuilding,"BSE, NSE",IIFL Capital,2023,,,270,chittorgarh,135,chittorgarh,33.3,chittorgarh,121.50,chittorgarh,431.00,chittorgarh,443.80,chittorgarh,401.40,chittorgarh,404.95,chittorgarh,Funding working capital requirements of the Company; and | General corporate purposes,chittorgarh,405,chittorgarh,0,0,0,0,0.00,0.00,0.00,0.00,17.35,76.92,68.48,301,True,47,14899,31.4,159,6328,10.1,2660.0,3535.0,4077.0,182.0,287.0,329.0,61.0,129.0,158.0,5.78,12.13,14.19,602.0,726.0,932.0,532.0,1026.0,1402.0,1559.0,2100.0,2905.0,182.0,-70.0,-78.0,3.88,16.95,1.5,4077.0,158.0,Mar 2023,3,sharescart,screener,ipowatch,sharescart,SENCO.NS,543936.BO,isin_authoritative,ISIN→symbol from official NSE list,match,,Senco Gold Ltd.,Senco Gold Limited,match
INE055S01018,Cyient DLM Ltd.,MB,CYIENTDLM,543933,2023-06-27,2023-06-30,2023-07-10,265.00,592.00,Bookbuilding,"BSE, NSE",Axis Capital,2023,,,592,chittorgarh,0.00,chittorgarh,0.0,chittorgarh,259.65,chittorgarh,401.00,chittorgarh,426.45,chittorgarh,401.00,chittorgarh,420.75,chittorgarh,"Funding incremental working capital requirements of the Company | Funding capital expenditure of the Company | Repayment/prepayment, in part or full, of certain of the borrowings | Achieving inorganic growth through acquisitions; and | General corporate purposes",chittorgarh,592,chittorgarh,0,0,0,71.3,0.00,0.00,0.00,42239.20,37.74,92.84,66.68,250,True,56,14840,30.8,68,1520,8.6,,,832.0,,,88.0,,,32.0,,,6.0,,,198.0,,,356.0,,,1105.0,,,54.0,3.85,16.16,1.8,832.0,32.0,Mar 2023,1,sharescart,screener,ipowatch,sharescart,CYIENTDLM.NS,543933.BO,isin_authoritative,ISIN→symbol from official NSE list,match,,Cyient DLM Ltd.,Cyient DLM Limited,match
INE349Y01013,ideaForge Technology Ltd.,MB,IDEAFORGE,543932,2023-06-26,2023-06-30,2023-07-07,672.00,567.24,Bookbuilding,"BSE, NSE",JM Financial,2023,,,240,chittorgarh,327,chittorgarh,57.7,chittorgarh,254.88,chittorgarh,1305.10,chittorgarh,1344.00,chittorgarh,1257.80,chittorgarh,1295.50,chittorgarh,Repayment/prepayment of certain indebtedness availed by our Company; | Funding working capital gap | Investment in product development; and | General corporate purposes,chittorgarh,567,chittorgarh,0,0,0,106.1,0.00,0.00,0.00,60130.35,78.12,33.37,,638,True,22,14784,-46.7,-62,161,-14.4,35.0,159.0,186.0,-11.0,75.0,48.0,-15.0,44.0,32.0,-1625.56,4862.98,14.99,60.09,163.09,324.0,51.0,16.0,101.0,124.0,222.0,488.0,-31.0,67.0,-53.0,17.2,9.88,0.31,186.0,32.0,Mar 2023,3,sharescart,screener,investorgain,,IDEAFORGE.NS,543932.BO,isin_authoritative,ISIN→symbol from official NSE list,match,,ideaForge Technology Ltd.,Ideaforge Technology Limited,match
INE0ECP01024,HMA Agro Industries Ltd.,MB,HMAAGRO,543929,2023-06-20,2023-06-23,2023-07-04,585.00,480.00,Bookbuilding,"BSE, NSE",Aryaman Financial,2023,,,150,chittorgarh,330,chittorgarh,68.8,chittorgarh,144.00,chittorgarh,615.00,chittorgarh,670.45,chittorgarh,570.00,chittorgarh,584.75,chittorgarh,Funding working capital requirements of the Company | General Corporate Purpose,chittorgarh,480,chittorgarh,0,0,0,0,0.00,0.00,0.00,0.00,6.84,100,20.71,555,True,25,14625,325,88,5133,1.8,1708.0,3083.0,3209.0,99.0,124.0,158.0,72.0,116.0,123.0,19.36,2.42,2.53,260.0,375.0,475.0,181.0,330.0,343.0,572.0,856.0,999.0,75.0,-32.0,136.0,3.83,25.89,0.72,3209.0,123.0,Mar 2023,3,sharescart,screener,investorgain,sharescart,HMAAGRO.NS,543929.BO,isin_authoritative,ISIN→symbol from official NSE list,match,,HMA Agro Industries Ltd.,HMA Agro Industries Limited,match
INE0LOJ01019,IKIO Lighting Ltd.,MB,IKIO,543923,2023-06-06,2023-06-08,2023-06-16,285.00,606.50,Bookbuilding,"BSE, NSE",Motilal Oswal Investment,2023,,,350,chittorgarh,257,chittorgarh,42.4,chittorgarh,181.95,chittorgarh,391.00,chittorgarh,427.40,chittorgarh,391.00,chittorgarh,403.75,chittorgarh,"Repayment/ prepayment, in full or part, of certain borrowings availed by the Company and its Subsidiaries on consolidated basis; | Investment in our wholly owned Subsidiary, IKIO Solutions Private Limited, for setting up a new facility at Noida, Uttar Pradesh; and | General corporate purposes.",chittorgarh,606,chittorgarh,0,0,0,0,0.00,0.00,0.00,0.00,7.02,100,50.91,270,True,52,14820,67.9,32,486,4.2,213.0,332.0,359.0,48.0,77.0,78.0,29.0,51.0,50.0,5762.0,20.21,7.7,63.05,109.0,142.0,79.0,116.0,123.0,174.0,265.0,311.0,-9.0,-15.0,57.0,13.93,35.21,0.87,359.0,50.0,Mar 2023,3,sharescart,screener,ipowatch,sharescart,IKIO.NS,543923.BO,isin_authoritative,ISIN→symbol from official NSE list,match,,IKIO Lighting Ltd.,IKIO Technologies Limited,match
INE0NDH25011,Nexus Select Trust REIT,MB,NXST,543913,2023-05-09,2023-05-11,2023-05-19,100.00,3200.00,Bookbuilding,"BSE, NSE",BOFA Securities,2023,,,,,,,,,,,,,,,,,,,,,,,,,,5.45,,,,,3.0,,,,,,,,,,,,,0.0,,,-3.0,,,-3.0,,,,,,-3.0,,,0.0,,,45.0,,,0.0,,100.0,-0.0,0.0,-3.0,Mar 2023,1,nse,screener,investorgain,,NXST.NS,543913.BO,chittorgarh_symbol,Chittorgarh nse_symbol (ISIN not in NSE exchange list),unchecked,,Nexus Select Trust REIT,,no_ref
INE634S01028,Mankind Pharma Ltd.,MB,MANKIND,543904,2023-04-25,2023-04-27,2023-05-09,1080.00,4326.36,Bookbuilding,"BSE, NSE",Kotak Mahindra Capital,2023,,,,,4326,chittorgarh,100.0,chittorgarh,1297.91,chittorgarh,1300.00,chittorgarh,1430.00,chittorgarh,1300.00,chittorgarh,1424.05,chittorgarh,"Carry  out  the  Offer  for  Sale  of 40,058,844Equity  Shares  by  the  Selling Shareholders aggregating to ₹43,263.55 million | Achieve the benefits of listing the Equity Shares on the Stock Exchanges. For further details",chittorgarh,4326,chittorgarh,49.2,3.8,0.9,15.3,106341.81,2466.02,1393.09,66279.76,9.26,100,,1026,True,13,14040,21.9,2007,12207,49.3,6214.0,7782.0,8749.0,1649.0,1991.0,1902.0,1293.0,1453.0,1310.0,31.59,35.78,32.0,4722.0,6155.0,7435.0,241.0,873.0,170.0,6360.0,9108.0,9686.0,1137.0,920.0,1813.0,14.97,17.62,0.02,8749.0,1310.0,Mar 2023,3,sharescart,screener,ipowatch,,MANKIND.NS,543904.BO,isin_authoritative,ISIN→symbol from official NSE list,match,,Mankind Pharma Ltd.,Mankind Pharma Limited,match
INE0LCL01028,Avalon Technologies Ltd.,MB,AVALON,543896,2023-04-03,2023-04-06,2023-04-18,436.00,865.00,Bookbuilding,"BSE, NSE",JM Financial,2023,,,320,chittorgarh,545,chittorgarh,63.0,chittorgarh,389.25,chittorgarh,431.00,chittorgarh,435.30,chittorgarh,387.75,chittorgarh,397.45,chittorgarh,"Prepayment or repayment of all or a portion of certain outstanding borrowings availed by our Company and one of our Material Subsidiaries, i.e. Avalon Technology and Services Private Limited (“ATSPL”); | Funding the working capital requirements of the Company; and | General corporate purposes",chittorgarh,865,chittorgarh,3.8,0.4,0.9,2.3,2445.79,55.79,76.12,2024.10,5.73,100,42.24,415,True,34,14824,45.4,63,1098,9.6,690.0,841.0,945.0,66.0,98.0,113.0,23.0,67.0,52.0,1345.65,3958.05,9.06,60.0,89.0,537.0,316.0,318.0,342.0,512.0,589.0,1189.0,6.0,16.0,-13.0,5.5,9.68,0.64,945.0,52.0,Mar 2023,3,sharescart,screener,ipowatch,sharescart,AVALON.NS,543896.BO,isin_authoritative,ISIN→symbol from official NSE list,match,,Avalon Technologies Ltd.,Avalon Technologies Limited,match
INE0N0Y01013,Udayshivakumar Infra Ltd.,MB,USK,543861,2023-03-20,2023-03-23,2023-04-03,35.00,66.00,Bookbuilding,"BSE, NSE",Saffron Capital,2023,,,66,chittorgarh,0.00,chittorgarh,0.0,chittorgarh,,,0.00,chittorgarh,31.50,chittorgarh,29.15,chittorgarh,31.50,chittorgarh,Funding incremental working capital requirements of the Company | General corporate purposes.,chittorgarh,66,chittorgarh,0,0,0,0,0.00,0.00,0.00,0.00,28.57,100,,33,True,428,14980,-29.2,-7,289,-1.2,210.0,186.0,287.0,23.0,24.0,31.0,9.0,12.0,16.0,2.55,3.39,2.9,,,,,,,,,,17.0,32.0,12.0,5.57,,,287.0,16.0,Mar 2023,3,sharescart,screener,ipowatch,,USK.NS,543861.BO,isin_authoritative,ISIN→symbol from official NSE list,match,,Udayshivakumar Infra Ltd.,Udayshivakumar Infra Limited,match
INE0JSX01015,Global Surfaces Ltd.,MB,GSLSU,543829,2023-03-13,2023-03-15,2023-03-23,140.00,154.98,Bookbuilding,"BSE, NSE",Unistone Capital,2023,,,119,chittorgarh,36,chittorgarh,23.2,chittorgarh,46.49,chittorgarh,163.00,chittorgarh,171.15,chittorgarh,156.30,chittorgarh,170.90,chittorgarh,"Investment in our wholly owned subsidiary, Global Surfaces FZE for part-financing its capital expenditure requirements in relation to the setting up of manufacturing facility for engineered quartz at The Jebel Ali Free Zone, Dubai, United Arab Emirates (“UAE”) (“Proposed Facility”) | General corporate purposes",chittorgarh,155,chittorgarh,9,33.1,5.1,12.2,693.54,769.48,277.72,1892.31,42.86,99.35,,133,True,100,14000,-20.9,-29,208,-6.7,163.0,176.0,190.0,41.0,48.0,42.0,21.0,34.0,36.0,32.5,52.61,10.52,,,,,,,,,,54.0,32.0,28.0,18.95,,,190.0,36.0,Mar 2022,3,sharescart,screener,ipowatch,,GSLSU.NS,543829.BO,isin_authoritative,ISIN→symbol from official NSE list,match,,Global Surfaces Ltd.,Global Surfaces Limited,match
INE753U01022,Divgi TorqTransfer Systems Ltd.,MB,DIVGIITTS,543812,2023-03-01,2023-03-03,2023-03-14,590.00,412.12,Bookbuilding,"BSE, NSE",Inga Ventures,2023,,,180,chittorgarh,232,chittorgarh,56.3,chittorgarh,185.45,chittorgarh,600.00,chittorgarh,615.75,chittorgarh,557.20,chittorgarh,605.15,chittorgarh,Funding capital expenditure requirements    for    the    purchase    of equipments/machineries of our manufacturing facilities | General corporate purposes,chittorgarh,412,chittorgarh,0,0,0,0,0.00,0.00,0.00,0.00,10.17,100,79.6,560,True,25,14750,73.8,24,219,8,159.0,187.0,234.0,37.0,52.0,66.0,28.0,38.0,46.0,465.55,552.67,16.76,210.0,296.0,340.0,51.0,1.0,0.0,306.0,366.0,408.0,38.0,27.0,51.0,19.66,13.53,0.0,234.0,46.0,Mar 2022,3,sharescart,screener,ipowatch,sharescart,DIVGIITTS.NS,543812.BO,isin_authoritative,ISIN→symbol from official NSE list,match,,Divgi TorqTransfer Systems Ltd.,Divgi Torqtransfer Systems Limited,match
INE622H01018,Indo Farm Equipment Ltd.,MB,INDOFARM,544328,2024-12-31,2025-01-02,2025-01-07,215.00,260.15,Bookbuilding,"BSE, NSE",Aryaman Financial,2024,,,185,chittorgarh,75,chittorgarh,28.8,chittorgarh,78.05,chittorgarh,258.40,chittorgarh,286.90,chittorgarh,257.95,chittorgarh,272.70,chittorgarh,"Setting up new Dedicated Unit for Expansion of the Pick & Carry Cranes Manufacturing Capacity | Repayment or pre-payment, in full or part, of certain borrowings availed by the Company | Further Investment in our NBFC Subsidiary (Barota Finance Ltd.) for financing the augmentation of its capital base to meet its future capital requirements. | General Corporate Purposes",chittorgarh,260,chittorgarh,242.4,501.8,101.8,227.7,31530.18,19579.54,9268.23,59228.35,10.23,100,58.73,204,True,69,14835,37.7,24,387,5.7,320.0,356.0,360.0,54.0,59.0,62.0,14.0,15.0,15.0,7.31,8.19,4.1,275.0,291.0,318.0,275.0,281.0,272.0,620.0,623.0,648.0,10.0,30.0,41.0,4.17,4.72,0.86,360.0,15.0,Mar 2024,3,sharescart,screener,ipowatch,sharescart,INDOFARM.NS,544328.BO,isin_authoritative,ISIN→symbol from official NSE list,match,,Indo Farm Equipment Ltd.,Indo Farm Equipment Limited,match
INE0U3I01011,Unimech Aerospace & Manufacturing Ltd.,MB,UNIMECH,544322,2024-12-23,2024-12-26,2024-12-31,785.00,500.00,Bookbuilding,"BSE, NSE",Anand Rathi Advisors,2024,,,250,chittorgarh,250,chittorgarh,50.0,chittorgarh,149.55,chittorgarh,1491.00,chittorgarh,1491.00,chittorgarh,1341.95,chittorgarh,1373.20,chittorgarh,"Funding of capital expenditure for expansion through purchase of machineries and equipment by the Company | Funding working capital requirements of the Company | Investment in the Material Subsidiary for: Funding of capital expenditure for expansion through purchase of machineries and equipment | Funding working capital requirements | Repayment / prepayment, in full or part, certain borrowings | General corporate purposes",chittorgarh,500,chittorgarh,334.7,277.6,59.2,184.3,83669.96,20816.25,10358.24,92169.96,79.62,91.83,,745,True,19,14915,44.6,84,243,17.6,36.0,94.0,209.0,8.0,35.0,79.0,3.0,23.0,58.0,325.34,2189.06,13.21,28.0,49.0,109.0,20.0,24.0,30.0,57.0,93.0,175.0,2.0,1.0,47.0,27.75,53.21,0.28,209.0,58.0,Mar 2024,3,sharescart,screener,investorgain,,UNIMECH.NS,544322.BO,isin_authoritative,ISIN→symbol from official NSE list,match,,Unimech Aerospace & Manufacturing Ltd.,Unimech Aerospace and Manufacturing Limited,match
INE781S01027,Ventive Hospitality Ltd.,MB,VENTIVE,544321,2024-12-20,2024-12-24,2024-12-30,643.00,1600.00,Bookbuilding,"BSE, NSE",JM Financial,2024,,,1600,chittorgarh,0.00,chittorgarh,0.0,chittorgarh,719.55,chittorgarh,718.15,chittorgarh,748.80,chittorgarh,701.55,chittorgarh,704.55,chittorgarh,"Repayment/prepayment, in part or full, of certain of borrowings availed by the Company and subsidaries, namely SS & L Beach Private Limited and Maldives Property Holdings Private Limited | General Corporate Purposes | Total",chittorgarh,1600,chittorgarh,9.6,14.6,6.2,10.3,11496.00,3504.00,990.40,16528.00,8.55,99.59,,610,True,23,14789,94.6,165,1605,6.8,,,478.0,,,284.0,,,166.0,,,159.25,,,334.0,,,470.0,,,952.0,,,265.0,34.73,49.7,1.41,478.0,166.0,Mar 2024,1,sharescart,screener,ipowatch,,VENTIVE.NS,544321.BO,isin_authoritative,ISIN→symbol from official NSE list,match,,Ventive Hospitality Ltd.,Ventive Hospitality Limited,match
INE0RB801010,Senores Pharmaceuticals Ltd.,MB,SENORES,544319,2024-12-20,2024-12-24,2024-12-30,391.00,582.11,Bookbuilding,"BSE, NSE",Equirus Capital,2024,,,500,chittorgarh,82,chittorgarh,14.1,chittorgarh,260.63,chittorgarh,593.70,chittorgarh,609.00,chittorgarh,538.85,chittorgarh,557.80,chittorgarh,"Investment in one of the Subsidiaries, Havix, to fund capital expenditure requirements for setting up a manufacturing facility for the production of sterile injections in our Atlanta Facility | Re-payment/pre-payment, in full or in part, of certain borrowings availed by the Company | Investment in our Subsidiary, namely, Havix, for re- payment/pre-payment in full or in part, of certain borrowings availed by such Subsidiaries | Funding the working capital requirements of the Company | Investment in the Subsidiaries, namely, SPI and Ratnatris to fund their working capital requirements | Funding inorganic growth through acquisition and other strategic initiatives and general corporate purposes",chittorgarh,582,chittorgarh,97.8,100.3,93.2,97.9,42715.23,8762.21,5422.94,56965.28,31.97,71.1,,372,True,38,14858,24.3,58,398,16.1,14.0,35.0,215.0,2.0,13.0,42.0,1.0,8.0,33.0,1.01,8.59,10.31,37.0,46.0,205.0,15.0,63.0,258.0,59.0,131.0,622.0,-10.0,-1.0,-26.0,15.35,16.1,1.26,215.0,33.0,Mar 2024,3,sharescart,screener,ipowatch,,SENORES.NS,544319.BO,isin_authoritative,ISIN→symbol from official NSE list,match,,Senores Pharmaceuticals Ltd.,Senores Pharmaceuticals Limited,match
INE0V7W01012,Carraro India Ltd.,MB,CARRARO,544320,2024-12-20,2024-12-24,2024-12-30,704.00,1250.00,Bookbuilding,"BSE, NSE",Axis Bank,2024,,,,,1250,chittorgarh,100.0,chittorgarh,375.00,chittorgarh,660.00,chittorgarh,682.00,chittorgarh,631.30,chittorgarh,636.30,chittorgarh,The company will not receive any proceeds from the Offer (the “Offer Proceeds”) and all the Offer Proceeds will be received by the Promoter Selling Shareholder,chittorgarh,1250,chittorgarh,2.3,0.6,0.8,1.2,1456.25,118.13,328.12,1475.00,1.42,100,27.12,668,True,21,14784,45.4,88,1808,15.5,1498.0,1713.0,1789.0,60.0,105.0,132.0,22.0,48.0,63.0,3.94,8.52,11.0,293.0,338.0,370.0,182.0,192.0,216.0,1012.0,1072.0,1073.0,96.0,80.0,112.0,3.52,17.03,0.58,1789.0,63.0,Mar 2024,3,sharescart,screener,ipowatch,sharescart,CARRARO.NS,544320.BO,isin_authoritative,ISIN→symbol from official NSE list,match,,Carraro India Ltd.,Carraro India Limited,match
INE454P01035,Transrail Lighting Ltd.,MB,TRANSRAILL,544317,2024-12-19,2024-12-23,2024-12-27,432.00,838.91,Bookbuilding,"BSE, NSE",Inga Ventures,2024,,,400,chittorgarh,439,chittorgarh,52.3,chittorgarh,245.97,chittorgarh,585.15,chittorgarh,604.00,chittorgarh,544.30,chittorgarh,553.30,chittorgarh,Funding incremental working capital requirements of the Company; | Funding capital expenditure of our Company; and | General corporate purposes.,chittorgarh,839,chittorgarh,197.4,78.3,22.6,82,82804.81,9854.28,6641.67,68774.00,27.78,84.5,,410,True,34,14688,16.8,327,5308,25.7,2338.0,3152.0,4077.0,247.0,364.0,559.0,65.0,108.0,233.0,28.49,47.18,18.81,663.0,772.0,1139.0,469.0,621.0,667.0,2842.0,3445.0,4621.0,46.0,143.0,35.0,5.71,20.46,0.59,4077.0,233.0,Mar 2024,3,sharescart,screener,ipowatch,,TRANSRAILL.NS,544317.BO,isin_authoritative,ISIN→symbol from official NSE list,match,,Transrail Lighting Ltd.,Transrail Lighting Limited,match
INE284H01025,DAM Capital Advisors Ltd.,MB,DAMCAPITAL,544316,2024-12-19,2024-12-23,2024-12-27,283.00,840.25,Bookbuilding,"BSE, NSE",Nuvama Wealth Management,2024,,,,,840,chittorgarh,100.0,chittorgarh,251.48,chittorgarh,392.90,chittorgarh,456.90,chittorgarh,392.90,chittorgarh,415.05,chittorgarh,The Company will not receive any proceeds of the Offer for Sale by the Selling Shareholders.,chittorgarh,840,chittorgarh,166.3,98.5,26.8,81.9,69879.60,12410.95,7881.57,68799.87,50.53,45.88,,269,True,53,14999,19.3,104,248,14.7,94.0,85.0,181.0,34.0,18.0,102.0,22.0,9.0,71.0,,,,88.0,95.0,162.0,1.0,3.0,5.0,167.0,1201.0,215.0,37.0,679.0,-595.0,39.23,43.83,0.03,181.0,71.0,Mar 2024,3,sharescart,screener,investorgain,,DAMCAPITAL.NS,544316.BO,isin_authoritative,ISIN→symbol from official NSE list,match,,DAM Capital Advisors Ltd.,Dam Capital Advisors Limited,match
INE0TO701015,Mamata Machinery Ltd.,MB,MAMATA,544318,2024-12-19,2024-12-23,2024-12-27,243.00,179.35,Bookbuilding,"BSE, NSE",Beeline Capital,2024,,,,,179,chittorgarh,100.0,chittorgarh,53.56,chittorgarh,600.00,chittorgarh,629.95,chittorgarh,599.00,chittorgarh,629.95,chittorgarh,The company will not receive any proceeds from the Offer (the “Offer Proceeds”) and all the Offer Proceeds will be received by the Selling Shareholders,chittorgarh,179,chittorgarh,235.9,274.4,138.1,195,21157.36,7383.19,8669.60,34972.25,30.86,55.81,42.1,230,True,61,14823,14.6,41,255,16.6,192.0,201.0,237.0,30.0,24.0,47.0,22.0,23.0,36.0,730.15,75.74,130.28,104.0,128.0,132.0,23.0,20.0,13.0,216.0,228.0,237.0,37.0,17.0,19.0,15.19,27.27,0.1,237.0,36.0,Mar 2024,3,sharescart,screener,ipowatch,sharescart,MAMATA.NS,544318.BO,isin_authoritative,ISIN→symbol from official NSE list,match,,Mamata Machinery Ltd.,Mamata Machinery Limited,match
INE0JPD01013,Sanathan Textiles Ltd.,MB,SANATHAN,544314,2024-12-19,2024-12-23,2024-12-27,321.00,550.00,Bookbuilding,"BSE, NSE",Dam Capital,2024,,,400,chittorgarh,150,chittorgarh,27.3,chittorgarh,165.00,chittorgarh,419.10,chittorgarh,422.65,chittorgarh,382.00,chittorgarh,389.00,chittorgarh,"Repayment and/ or pre-payment, in full or part, of certain borrowings availed by the Company; | Investment in our subsidiary viz. Sanathan Polycot Private Limited, for repayment and/ or pre-payment, in full or part, of certain borrowings availed by our subsidiary viz. Sanathan Polycot Private Limited; and | General corporate purposes.",chittorgarh,550,chittorgarh,79.6,44.4,9.3,36.9,21887.25,3662.18,1792.18,20295.00,7.79,100,,305,True,46,14766,15.1,160,2999,21.3,3185.0,3329.0,2958.0,545.0,268.0,233.0,355.0,153.0,134.0,49.4,21.23,18.61,987.0,1140.0,1275.0,378.0,281.0,380.0,1793.0,1907.0,2204.0,295.0,362.0,192.0,4.53,10.51,0.3,2958.0,134.0,Mar 2024,3,sharescart,screener,ipowatch,,SANATHAN.NS,544314.BO,isin_authoritative,ISIN→symbol from official NSE list,match,,Sanathan Textiles Ltd.,Sanathan Textiles Limited,match
INE037Z01029,Concord Enviro Systems Ltd.,MB,CEWATER,544315,2024-12-19,2024-12-23,2024-12-27,701.00,500.33,Bookbuilding,"BSE, NSE",Motilal Oswal Investment,2024,,,175,chittorgarh,325,chittorgarh,65.0,chittorgarh,150.10,chittorgarh,832.00,chittorgarh,859.95,chittorgarh,800.50,chittorgarh,828.45,chittorgarh,"Investment in the wholly owned Subsidiary, CEF for financing its capital expenditure requirements for the greenfield project to develop an assembly unit to assemble systems and plants for treatment of water, waste water and related membrane modules | Investment in the wholly owned Subsidiary, Rochem Separation Systems (India) Private Limited (“RSSPL”) for financing its capital expenditure requirements for the brown field project to expand the manufacturing facilities, storage and supporting activities | Funding capital expenditure requirements of the Company for purchase of plant and machinery | Investment in the wholly owned Subsidiary, Concord Enviro FZE for prepayment or repayment, in full or in part, of all or a portion of certain outstanding borrowings availed by CEF | Investment in the wholly owned Subsidiary, CEF, for funding working capital requirements of CEF | Investment in the joint venture, Roserve Enviro Private Limited to grow the pay per use/pay as you treat business | Investment in technology and other growth initiatives for access to new markets^ | General Corporate Purposes",chittorgarh,500,chittorgarh,17.3,14.2,5.6,10.7,4332.83,1065.69,973.63,5338.48,9.99,60.93,,665,True,21,14721,25.7,58,594,27.3,329.0,343.0,497.0,55.0,44.0,118.0,16.0,5.0,41.0,3868.54,3.02,22.77,268.43,281.0,322.0,171.0,170.0,159.0,537.0,592.0,628.0,49.0,117.0,-35.0,8.25,12.73,0.49,497.0,41.0,Mar 2024,3,sharescart,screener,ipowatch,,CEWATER.NS,544315.BO,isin_authoritative,ISIN→symbol from official NSE list,match,,Concord Enviro Systems Ltd.,Concord Enviro Systems Limited,match
INE0Q9301021,International Gemmological Institute (India) Ltd.,MB,IGIL,544311,2024-12-13,2024-12-17,2024-12-20,417.00,4225.00,Bookbuilding,"BSE, NSE",Axis Capital,2024,,,1475,chittorgarh,2750,chittorgarh,65.1,chittorgarh,1900.35,chittorgarh,504.85,chittorgarh,525.00,chittorgarh,454.55,chittorgarh,470.15,chittorgarh,Payment of the purchase consideration for the acquisition of IGI Belgium Group and IGI Netherlands Group from the Promoter; and | General corporate purposes.,chittorgarh,4225,chittorgarh,48.1,26.1,11.8,35.5,152448.56,16534.54,4972.82,149903.00,38.13,100,76.55,397,True,35,14595,39,427,1053,10.7,898,209,1053,508,172,636,331,125,427,8.3,3.1,9.9,-604,559,1063,0,0,0,1024,654,1487,303,104,393,59.81,22.36,0.00,209,125,Mar 2024,2,sharescart,sharescart,investorgain,sharescart,IGIL.NS,544311.BO,isin_authoritative,ISIN→symbol from official NSE list,match,,International Gemmological Institute (India) Ltd.,International Gemological Institute Limited,match
INE115Q01022,Inventurus Knowledge Solutions Ltd.,MB,IKS,544309,2024-12-12,2024-12-16,2024-12-19,1329.00,2497.92,Bookbuilding,"BSE, NSE",ICICI Securities,2024,,,,,2498,chittorgarh,100.0,chittorgarh,1120.18,chittorgarh,1856.00,chittorgarh,2030.00,chittorgarh,1851.00,chittorgarh,1960.25,chittorgarh,,,2498,chittorgarh,80.6,23.3,14.5,52.7,151074.41,8711.51,3634.48,131590.60,20.69,100,56.61,1265,True,11,14619,45.5,486,2664,29.2,764.0,1031.0,1818.0,298.0,392.0,521.0,233.0,305.0,370.0,13.61,17.86,21.68,,,,,,,,,,233.0,288.0,210.0,20.35,31.95,0.70,1818.0,370.0,Mar 2024,3,sharescart,screener,ipowatch,sharescart,IKS.NS,544309.BO,isin_authoritative,ISIN→symbol from official NSE list,match,,Inventurus Knowledge Solutions Ltd.,Inventurus Knowledge Solutions Limited,match
INE01EA01019,Vishal Mega Mart Ltd.,MB,VMM,544307,2024-12-11,2024-12-13,2024-12-18,78.00,8000.00,Bookbuilding,"BSE, NSE",Kotak Mahindra Capital,2024,,,,,8000,chittorgarh,100.0,chittorgarh,2400.00,chittorgarh,110.00,chittorgarh,115.60,chittorgarh,104.92,chittorgarh,111.95,chittorgarh,,,8000,chittorgarh,85.1,15,2.4,28.8,340440.00,18012.00,6804.00,230000.00,32.05,96.46,,74,True,190,14820,55.7,632,10716,1.4,5589.0,7586.0,8912.0,826.0,1044.0,1276.0,203.0,321.0,462.0,0.45,0.71,1.02,4825.0,5157.0,5622.0,1790.0,1462.0,1483.0,8218.0,8289.0,8506.0,657.0,636.0,830.0,5.18,8.22,0.26,8912.0,462.0,Mar 2024,3,sharescart,screener,ipowatch,,VMM.NS,544307.BO,isin_authoritative,ISIN→symbol from official NSE list,match,,Vishal Mega Mart Ltd.,Vishal Mega Mart Limited,match
INE570L01029,Sai Life Sciences Ltd.,MB,SAILIFE,544306,2024-12-11,2024-12-13,2024-12-18,549.00,3042.62,Bookbuilding,"BSE, NSE",Kotak Mahindra Capital,2024,,,950,chittorgarh,2093,chittorgarh,68.8,chittorgarh,912.79,chittorgarh,660.00,chittorgarh,787.35,chittorgarh,651.20,chittorgarh,765.30,chittorgarh,"Repayment/prepayment, in full or part,  of  all or certain outstanding borrowings  availed  by  our Company | General corporate purposes",chittorgarh,3043,chittorgarh,2.5,2.6,0.3,1.1,287.66,803.75,194.32,1285.73,13.11,78.21,57.03,522,True,27,14823,62.4,170,1695,8.8,870.0,1217.0,1465.0,126.0,169.0,287.0,6.0,10.0,83.0,,,,879.0,888.0,975.0,752.0,933.0,928.0,2157.0,2179.0,2262.0,105.0,219.0,263.0,5.67,8.51,0.95,1465.0,83.0,Mar 2024,3,sharescart,screener,investorgain,sharescart,SAILIFE.NS,544306.BO,isin_authoritative,ISIN→symbol from official NSE list,match,,Sai Life Sciences Ltd.,Sai Life Sciences Limited,match
INE0HLU01028,One Mobikwik Systems Ltd.,MB,MOBIKWIK,544305,2024-12-11,2024-12-13,2024-12-18,279.00,572.00,Bookbuilding,"BSE, NSE",SBICAP,2024,,,572,chittorgarh,0.00,chittorgarh,0.0,chittorgarh,257.40,chittorgarh,442.25,chittorgarh,530.70,chittorgarh,439.20,chittorgarh,530.30,chittorgarh,"Funding organic growth in the financial services business | Funding organic growth in the payment services business | Research  and developmentin  data,  ML  and  AI  and  product  and technolog | Capital expenditure for the payment devices business | General corporate purposes",chittorgarh,572,chittorgarh,125.8,114.7,141.8,125.7,53976.78,9841.26,8109.82,71894.68,57.35,100,34.94,265,True,53,14787,-14.5,-122,1170,-19.3,527.0,539.0,875.0,-132.0,-78.0,22.0,-128.0,-84.0,14.0,-22.41,-14.66,2.46,216.0,142.0,162.0,158.0,206.0,223.0,836.0,714.0,855.0,-321.0,27.0,-22.0,1.6,8.64,1.38,875.0,14.0,Mar 2024,3,sharescart,screener,investorgain,sharescart,MOBIKWIK.NS,544305.BO,isin_authoritative,ISIN→symbol from official NSE list,match,,One Mobikwik Systems Ltd.,One Mobikwik Systems Limited,match
INE19RO25013,Property Share Investment Trust-PropShare Platina SM REIT,MB,,544295,2024-12-02,2024-12-04,2024-12-10,1050000.00,352.91,Bookbuilding,BSE,ICICI Securities,2024,,,353,chittorgarh,0.00,chittorgarh,0.0,chittorgarh,,,1050000.00,chittorgarh,1050050.00,chittorgarh,1021000.00,chittorgarh,1048945.70,chittorgarh,"Acquisitions of the Project Platina by Platina SPVs as commercial office spaces and reimbursement of  the  payment  of applicable  statutory  charges  under  applicable  laws  (including  stamp  duty, registration, surcharge and cess etc. for the registration of sale deeds) to the Investment Manager for the proposed acquisition of the Project Platina by the Platina SPVs as commercial office spaces by way of lending to the Platina SPVs and subscribing to the equity and debt instruments of our Pla | General purposes",chittorgarh,353,chittorgarh,,,,,,,,,,,,,,,,,,,,,,,,,,,,,,,,,,,,,,,,,,,,,,,,,,,,,,,,544295.BO,bse_only,BSE code only,unchecked,,Property Share Investment Trust-PropShare Platina SM REIT,,no_ref
INE877V01027,Suraksha Diagnostic Ltd.,MB,SURAKSHA,544293,2024-11-29,2024-12-03,2024-12-06,441.00,846.25,Bookbuilding,"BSE, NSE",ICICI Securities,2024,,,,,846,chittorgarh,100.0,chittorgarh,253.87,chittorgarh,437.00,chittorgarh,449.00,chittorgarh,414.80,chittorgarh,417.95,chittorgarh,The Company will not receive any proceeds from the Offer (“Offer Proceeds”) and all such proceeds (net of any Offer related expenses to be borne by the Selling Shareholders) will go to the Selling Shareholders.,chittorgarh,846,chittorgarh,1.7,1.4,0.9,1.3,736.24,177.71,278.42,1074.74,0.45,100,64.29,420,True,34,14994,73.5,31,252,6,223.0,190.0,219.0,48.0,47.0,73.0,24.0,6.0,23.0,344.2,94.49,342.46,148.0,154.0,178.0,21.0,99.0,92.0,201.0,281.0,300.0,42.0,44.0,60.0,10.5,12.92,0.52,219.0,23.0,Mar 2024,3,sharescart,screener,ipowatch,sharescart,SURAKSHA.NS,544293.BO,isin_authoritative,ISIN→symbol from official NSE list,match,,Suraksha Diagnostic Ltd.,Suraksha Diagnostic Limited,match
INE0LLY01014,Enviro Infra Engineers Ltd.,MB,EIEL,544290,2024-11-22,2024-11-26,2024-11-29,148.00,650.30,Bookbuilding,"BSE, NSE",Hem Securities,2024,,,572,chittorgarh,78,chittorgarh,12.0,chittorgarh,194.69,chittorgarh,218.00,chittorgarh,233.50,chittorgarh,205.10,chittorgarh,207.00,chittorgarh,"To meet the Working Capital Requirements; | Infusion of funds in our Subsidiary, EIEL Mathura Infra Engineers Private Limited (“EIEL Mathura”) to build 60 MLD STP under project titled ‘Mathura Sewerage Scheme” at Mathura in Uttar Pradesh through Hybrid Annuity Based PPP Mode | Repayment/prepayment in full or in part, of certain of our outstanding borrowings | Funding inorganic growth through unidentified acquisitions and general corporate purposes.",chittorgarh,650,chittorgarh,157.1,153.8,24.5,89.9,51075.05,15005.43,5572.89,58473.69,38.51,94.88,56.07,140,True,101,14948,12.5,177,1066,11.8,224.0,338.0,729.0,50.0,82.0,166.0,35.0,55.0,106.0,141.6,21.46,7.92,71.0,127.0,292.0,17.0,65.0,234.0,148.0,348.0,761.0,42.0,101.0,-102.0,14.54,36.3,0.8,729.0,106.0,Mar 2024,3,sharescart,screener,investorgain,sharescart,EIEL.NS,544290.BO,isin_authoritative,ISIN→symbol from official NSE list,match,,Enviro Infra Engineers Ltd.,Enviro Infra Engineers Limited,match
INE0ONG01011,NTPC Green Energy Ltd.,MB,NTPCGREEN,544289,2024-11-19,2024-11-22,2024-11-27,108.00,10000.00,Bookbuilding,"BSE, NSE",IDBI Capital,2024,,,10000,chittorgarh,0.00,chittorgarh,0.0,chittorgarh,3960.00,chittorgarh,111.60,chittorgarh,122.75,chittorgarh,111.60,chittorgarh,122.10,chittorgarh,"Investment in the wholly owned Subsidiary, NTPC Renewable Energy Limited (NREL) for repayment/ prepayment, in full or in part of certain outstanding borrowings availed by NREL; and | General corporate purposes",chittorgarh,10000,chittorgarh,3.5,0.9,3.6,2.5,26325.00,1275.00,3590.00,25500.00,27.78,100,25,102,True,138,14904,154.3,474,2210,0.7,,170.0,1963.0,,152.0,1745.0,,171.0,343.0,,0.36,0.6,,4888.0,6233.0,,6137.0,13856.0,,18431.0,27207.0,,17.0,1616.0,17.47,5.5,2.22,1963.0,343.0,Mar 2024,2,sharescart,screener,ipowatch,sharescart,NTPCGREEN.NS,544289.BO,isin_authoritative,ISIN→symbol from official NSE list,match,,NTPC Green Energy Ltd.,NTPC Green Energy Limited,match
INE0UIZ01018,BlackBuck Ltd.,MB,BLACKBUCK,544288,2024-11-13,2024-11-18,2024-11-22,273.00,1114.72,Bookbuilding,"BSE, NSE",Axis Capital,2024,,,550,chittorgarh,565,chittorgarh,50.7,chittorgarh,501.33,chittorgarh,279.05,chittorgarh,285.80,chittorgarh,255.25,chittorgarh,260.20,chittorgarh,"Funding towards sales and marketing costs; | Investment in Blackbuck Finserve Private Limited, the NBFC subsidiary, for financing the augmentation of its capital base to meet its future capital requirements; | Funding of expenditure in relation to product development; and | General corporate purposes",chittorgarh,1115,chittorgarh,2.7,0.2,1.7,1.9,2274.03,40.13,189.50,2084.53,,87.18,,259,True,54,14742,-546,-38,427,-0.5,119.0,176.0,297.0,-231.0,-232.0,-158.0,-285.0,-290.0,-194.0,-28174.26,-28762.38,-19202.97,585.01,353.01,311.01,201.0,178.0,184.0,900.0,654.0,654.0,-78.0,-119.0,45.0,-65.32,-62.38,0.59,297.0,-194.0,Mar 2024,3,sharescart,screener,,,BLACKBUCK.NS,544288.BO,isin_authoritative,human-verified rename / confirmed ISIN↔symbol,renamed_confirmed,,Zinka Logistics Solutions Ltd.,BLACKBUCK LIMITED,renamed_confirmed
INE995S01015,Niva Bupa Health Insurance Co.Ltd.,MB,NIVABUPA,544286,2024-11-07,2024-11-11,2024-11-14,74.00,2200.00,Bookbuilding,"BSE, NSE",ICICI Securities,2024,,,800,chittorgarh,1400,chittorgarh,63.6,chittorgarh,990.00,chittorgarh,78.50,chittorgarh,80.94,chittorgarh,73.60,chittorgarh,74.00,chittorgarh,"The company proposes to utilize the Net Proceeds from the Fresh Issue, as per applicable IRDAI regulations, towards augmentation of its capital base to maintain and strengthen its solvency levels by investing in instruments and in the manner prescribed under the IRDAI (Actuarial, Finance and Investment Functions of Insurers) Regulations, 2024 (“IRDAI AFIF Regulations”)",chittorgarh,2200,chittorgarh,2.2,0.7,2.9,1.9,3580.50,234.30,633.60,4180.00,1.35,62.27,,70,True,200,14800,61.7,214,4894,1.2,1877.0,2853.0,4115.0,-451.0,-330.0,-113.0,-197.0,13.0,82.0,,,,506.0,828.0,2051.0,250.0,250.0,250.0,2738.0,3877.0,6192.0,338.0,593.0,813.0,1.99,4.0,0.12,4115.0,82.0,Mar 2024,3,sharescart,screener,investorgain,,NIVABUPA.NS,544286.BO,isin_authoritative,ISIN→symbol from official NSE list,match,,Niva Bupa Health Insurance Co.Ltd.,Niva Bupa Health Insurance Company Limited,match
INE00H001014,Swiggy Ltd.,MB,SWIGGY,544285,2024-11-06,2024-11-08,2024-11-13,390.00,11327.43,Bookbuilding,"BSE, NSE",Kotak Mahindra Capital,2024,,,4500,chittorgarh,6828,chittorgarh,60.3,chittorgarh,5085.02,chittorgarh,412.00,chittorgarh,465.30,chittorgarh,390.70,chittorgarh,455.95,chittorgarh,"Investment in our Material Subsidiary, Scootsy, for repayment or pre-payment, in full or in part, of certain or all of its borrowings; | Investment in our Material Subsidiary, Scootsy, for: (a) expansion of our Dark Store network for our Quick Commerce segment through setting up of Dark Stores; and (b) making lease / license payments for Dark Stores; | Investment in technology and cloud infrastructure; | Brand marketing and business promotion expenses for enhancing the brand awareness and visibility of the platform, across our segments; and | Funding inorganic growth through unidentified acquisitions and general corporate purposes.",chittorgarh,11327,chittorgarh,6,0.4,1.1,3.6,51143.33,696.64,1291.33,40665.46,33.33,36.83,32.74,371,True,38,14820,-28.5,-3117,15227,-13.7,5705.0,8265.0,11247.0,-3650.0,-4273.0,-2199.0,-3629.0,-4179.0,-2350.0,,,,-3295.14,-6506.0,-7782.0,16071.0,16162.0,16437.0,14412.0,11281.0,10529.0,-3900.0,-4060.0,-1313.0,-20.89,30.2,-2.11,11247.0,-2350.0,Mar 2024,3,sharescart,screener,ipowatch,sharescart,SWIGGY.NS,544285.BO,isin_authoritative,ISIN→symbol from official NSE list,match,,Swiggy Ltd.,Swiggy Limited,match
INE622W01025,ACME Solar Holdings Ltd.,MB,ACMESOLAR,544283,2024-11-06,2024-11-08,2024-11-13,289.00,2900.00,Bookbuilding,"BSE, NSE",Nuvama Wealth Management,2024,,,2395,chittorgarh,505,chittorgarh,17.4,chittorgarh,1300.50,chittorgarh,259.00,chittorgarh,279.00,chittorgarh,248.80,chittorgarh,253.50,chittorgarh,"Investment in our Subsidiaries for repayment/prepayment, in full or in part, of certain outstanding borrowings availed by the Subsidiaries; and | General corporate purposes",chittorgarh,2900,chittorgarh,3.7,1,3.3,2.9,8091.00,443.70,942.50,8381.00,1.38,100,,275,True,51,14739,62.8,251,1405,4.6,1488.0,1295.0,1319.0,1240.0,1173.0,1094.0,62.0,-3.0,698.0,5.94,-0.3,66.81,1908.0,1900.0,2590.0,7915.0,9014.0,8536.0,10797.0,12027.0,13207.0,955.0,1263.0,1434.0,52.92,26.95,3.3,1319.0,698.0,Mar 2024,3,sharescart,screener,investorgain,,ACMESOLAR.NS,544283.BO,isin_authoritative,ISIN→symbol from official NSE list,match,,ACME Solar Holdings Ltd.,Acme Solar Holdings Limited,match
INE0W2G01015,Sagility India Ltd.,MB,SAGILITY,544282,2024-11-05,2024-11-07,2024-11-12,30.00,2106.40,Bookbuilding,"BSE, NSE",ICICI Securities,2024,,,,,2106,chittorgarh,100.0,chittorgarh,945.40,chittorgarh,31.06,chittorgarh,32.90,chittorgarh,28.95,chittorgarh,29.36,chittorgarh,The Company will not receive any proceeds from the Offer. For details of Offered Shares from the Promoter Selling Shareholder.,chittorgarh,2106,chittorgarh,3.5,1.9,4.2,3.2,5561.42,609.86,876.34,6741.11,10.0,84.12,72.68,28,True,500,15000,25,539,5570,1.2,923.0,4218.0,4754.0,193.0,1039.0,1088.0,-5.0,144.0,228.0,-0.02,0.75,0.53,4027.0,6207.0,6443.0,4788.0,2896.0,2532.0,10085.0,10529.0,10529.0,-32.0,857.0,973.0,4.8,3.54,0.39,4754.0,228.0,Mar 2024,3,sharescart,screener,ipowatch,sharescart,SAGILITY.NS,544282.BO,isin_authoritative,ISIN→symbol from official NSE list,match,,Sagility India Ltd.,SAGILITY LIMITED,match
INE101I01011,Afcons Infrastructure Ltd.,MB,AFCONS,544280,2024-10-25,2024-10-29,2024-11-04,463.00,5430.00,Bookbuilding,"BSE, NSE",ICICI Securities,2024,,,1252,chittorgarh,4178,chittorgarh,76.9,chittorgarh,1621.50,chittorgarh,430.05,chittorgarh,479.25,chittorgarh,419.85,chittorgarh,474.55,chittorgarh,,,5430,chittorgarh,4,5.3,1,2.8,10832.85,4325.00,1881.49,15041.10,32.4,31.18,26,440,True,32,14816,35.1,487,12548,13.2,11019.0,12637.0,13268.0,943.0,1333.0,1377.0,358.0,411.0,450.0,49.51,57.09,13.2,2262.0,2726.0,3596.0,2073.0,2062.0,2523.0,12974.0,14301.0,16234.0,610.0,1215.0,707.0,3.39,12.51,0.7,13268.0,450.0,Mar 2024,3,sharescart,screener,ipowatch,sharescart,AFCONS.NS,544280.BO,isin_authoritative,ISIN→symbol from official NSE list,match,,Afcons Infrastructure Ltd.,Afcons Infrastructure Limited,match
INE497S01012,Godavari Biorefineries Ltd.,MB,GODAVARIB,544279,2024-10-23,2024-10-25,2024-10-30,352.00,554.75,Bookbuilding,"BSE, NSE",Equirus Capital,2024,,,325,chittorgarh,230,chittorgarh,41.4,chittorgarh,166.42,chittorgarh,310.55,chittorgarh,354.00,chittorgarh,308.05,chittorgarh,342.85,chittorgarh,"Repayment/pre-payment, in full or in part, of certain outstanding borrowings availed by our Company | General corporate purposes",chittorgarh,555,chittorgarh,2.8,0.9,1.8,1.9,765.55,77.39,341.73,1037.38,4.26,55.8,37.1,334,True,42,14784,-69,-23,1870,-5.1,1702.0,2015.0,1687.0,134.0,147.0,134.0,19.0,20.0,12.0,4.55,4.68,2.93,473.0,490.0,501.0,636.0,736.0,655.0,1734.0,1744.0,1992.0,45.0,197.0,185.0,0.71,2.4,1.31,1687.0,12.0,Mar 2024,3,sharescart,screener,ipowatch,sharescart,GODAVARIB.NS,544279.BO,isin_authoritative,ISIN→symbol from official NSE list,match,,Godavari Biorefineries Ltd.,Godavari Biorefineries Limited,match
INE377N01017,Waaree Energies Ltd.,MB,WAAREEENER,544277,2024-10-21,2024-10-23,2024-10-28,1503.00,4321.44,Bookbuilding,"BSE, NSE",Axis Capital,2024,,,3600,chittorgarh,721,chittorgarh,16.7,chittorgarh,1276.93,chittorgarh,2550.00,chittorgarh,2600.00,chittorgarh,2294.55,chittorgarh,2336.80,chittorgarh,"Part finance the cost of establishing the 6GW of Ingot Wafer, Solar Cell and Solar PV Module manufacturing facility in Odisha, India by way of an investment in our wholly owned subsidiary, Sangam Solar One Private Limited (“Project”); and | General corporate purposes.",chittorgarh,4321,chittorgarh,215,65.3,11.3,79.4,464619.62,42296.09,17045.92,343295.18,0.07,99.07,56.67,1427,True,9,13527,22,1928,14445,68.2,2854.0,6751.0,11398.0,106.0,836.0,1574.0,80.0,500.0,1274.0,3.84,24.49,62.76,428.0,1838.0,4088.0,363.0,320.0,553.0,2154.0,7406.0,11277.0,698.0,1560.0,2305.0,11.18,31.16,0.14,11398.0,1274.0,Mar 2024,3,sharescart,screener,ipowatch,sharescart,WAAREEENER.NS,544277.BO,isin_authoritative,ISIN→symbol from official NSE list,match,,Waaree Energies Ltd.,Waaree Energies Limited,match
INE0OPA01019,Deepak Builders & Engineers India Ltd.,MB,DBEIL,544276,2024-10-21,2024-10-23,2024-10-28,203.00,260.04,Bookbuilding,"BSE, NSE",Fedex Securities,2024,,,217,chittorgarh,43,chittorgarh,16.5,chittorgarh,78.01,chittorgarh,198.50,chittorgarh,198.85,chittorgarh,160.15,chittorgarh,161.90,chittorgarh,"Repayment/prepayment, in full or part, of certain borrowings availed by the Company | Funding of working capital requirements of the Company; and | General corporate purposes",chittorgarh,260,chittorgarh,13.9,82.5,39.8,41.5,1808.60,3216.86,3621.49,10802.19,15.76,100,,192,True,73,14819,14.5,57,582,14,363.0,433.0,509.0,42.0,51.0,112.0,18.0,21.0,60.0,4.92,5.96,16.84,,,,,,,,,,1.0,13.0,-27.0,11.79,37.50,0.50,509.0,60.0,Mar 2024,3,sharescart,screener,investorgain,,DBEIL.NS,544276.BO,isin_authoritative,ISIN→symbol from official NSE list,match,,Deepak Builders & Engineers India Ltd.,Deepak Builders & Engineers India Limited,match
INE0V6F01027,Hyundai Motor India Ltd.,MB,HYUNDAI,544274,2024-10-15,2024-10-17,2024-10-22,1960.00,27858.75,Bookbuilding,"BSE, NSE",Kotak Mahindra Capital,2024,,,,,27859,chittorgarh,100.0,chittorgarh,8315.28,chittorgarh,1931.00,chittorgarh,1968.80,chittorgarh,1807.05,chittorgarh,1820.40,chittorgarh,The company will not receive any proceeds from the Offer (the “Offer Proceeds”) and all the Offer Proceeds will be received by the Promoter Selling Shareholder.,chittorgarh,27859,chittorgarh,7,0.6,0.5,2.4,97127.51,2508.31,4877.28,66052.28,18.88,99.85,77.72,1865,True,7,13720,28.2,5640,69193,69.4,47378.0,60308.0,69829.0,5491.0,7554.0,9079.0,2902.0,4709.0,6060.0,,,,16857.0,20055.0,10666.0,1178.0,1189.0,833.0,28358.0,34573.0,26349.0,5138.0,6564.0,9252.0,8.68,56.82,0.08,69829.0,6060.0,Mar 2024,3,sharescart,screener,ipowatch,sharescart,HYUNDAI.NS,544274.BO,isin_authoritative,ISIN→symbol from official NSE list,match,,Hyundai Motor India Ltd.,Hyundai Motor India Limited,match
INE0JVO01026,Garuda Construction & Engineering Ltd.,MB,GARUDA,544271,2024-10-08,2024-10-10,2024-10-15,95.00,264.10,Bookbuilding,"BSE, NSE",Corpwis,2024,,,174,chittorgarh,90,chittorgarh,34.1,chittorgarh,79.23,chittorgarh,103.20,chittorgarh,120.73,chittorgarh,100.30,chittorgarh,106.83,chittorgarh,Working Capital Requirement | General Corporate Purposes including unidentified inorganic acquisitions,chittorgarh,264,chittorgarh,1.2,9,10.8,7.6,163.74,357.72,999.22,1993.95,,100,72.24,92,True,157,14915,15.8,50,226,6,77,161,226,27,56,68,19,41,50,2.5,5.5,5.4,42,83,332,0,0,0,111,176,407,13,12,-111,25.47,49.40,0.00,161,41,Mar 2023,2,sharescart,sharescart,,sharescart,GARUDA.NS,544271.BO,isin_authoritative,ISIN→symbol from official NSE list,match,,Garuda Construction & Engineering Ltd.,Garuda Construction and Engineering Limited,match
INE184O01015,Diffusion Engineers Ltd.,MB,DIFFNKG,544264,2024-09-26,2024-09-30,2024-10-04,168.00,157.96,Bookbuilding,"BSE, NSE",Unistone Capital,2024,,,158,chittorgarh,0.00,chittorgarh,0.0,chittorgarh,47.15,chittorgarh,188.00,chittorgarh,197.35,chittorgarh,188.00,chittorgarh,197.35,chittorgarh,"Funding capital expenditure requirements towards expansion of the existing manufacturing facility at Khasra No. 36, 38/1, 38/2, 38/3, Khapri (Uma), Nagpur- 441 501, Maharashtra, India (“Proposed Expansion”) | Setting up of a new manufacturing facility located at Plot Nos. 33-B/1/1/ & 33-B/1/1/Part, MIDC, Hingna, Sonegaon District, Nagpur – 440 016, Maharashtra (“Proposed Facility”) | Funding working capital requirements of the Company; and | General Corporate Purposes",chittorgarh,158,chittorgarh,95.7,207.6,85.6,114.5,7563.65,4920.24,4734.35,18091.46,38.69,100,54.39,159,True,88,14784,17.5,36,335,9.6,205.0,255.0,278.0,22.0,29.0,39.0,17.0,22.0,31.0,45.54,59.29,10.94,121.0,142.0,191.0,25.0,48.0,34.0,190.0,230.0,276.0,11.0,-5.0,36.0,11.15,16.23,0.18,278.0,31.0,Mar 2024,3,sharescart,screener,ipowatch,sharescart,DIFFNKG.NS,544264.BO,isin_authoritative,ISIN→symbol from official NSE list,match,,Diffusion Engineers Ltd.,Diffusion Engineers Limited,match
INE0Q3J01015,KRN Heat Exchanger & Refrigeration Ltd.,MB,KRN,544263,2024-09-25,2024-09-27,2024-10-03,220.00,341.95,Bookbuilding,"BSE, NSE",Holani Consultants,2024,,,342,chittorgarh,0.00,chittorgarh,0.0,chittorgarh,100.10,chittorgarh,470.00,chittorgarh,513.40,chittorgarh,450.00,chittorgarh,478.45,chittorgarh,"Investment in our wholly owned subsidiary KRN HVAC Products Private Limited in the form of equity, for setting up a new manufacturing facility at Neemrana, Alwar, Rajasthan (“Proposed Project”); and | General corporate purposes",chittorgarh,342,chittorgarh,253,430.5,96.7,213.4,43263.01,22083.21,11577.95,72974.70,106.82,100,64.77,209,True,65,14300,22.4,53,430,9.8,,,307.0,,,59.0,,,39.0,,,8.54,,,130.0,,,87.0,,,257.0,,,17.0,12.7,30.0,0.67,307.0,39.0,Mar 2024,1,sharescart,screener,investorgain,sharescart,KRN.NS,544263.BO,isin_authoritative,ISIN→symbol from official NSE list,match,,KRN Heat Exchanger & Refrigeration Ltd.,KRN Heat Exchanger and Refrigeration Limited,match
INE939X01013,Manba Finance Ltd.,MB,MANBA,544262,2024-09-23,2024-09-25,2024-09-30,120.00,150.84,Bookbuilding,"BSE, NSE",Hem Securities,2024,,,151,chittorgarh,0.00,chittorgarh,0.0,chittorgarh,45.25,chittorgarh,150.00,chittorgarh,157.45,chittorgarh,144.00,chittorgarh,157.45,chittorgarh,Augmentation of our capital base to meet the future capital requirements,chittorgarh,151,chittorgarh,148.6,511.6,144,224.1,11203.64,11575.91,7599.70,33795.70,50.0,100,47.31,114,True,125,15000,16,38,250,7.5,107.0,133.0,192.0,,,,9.0,15.0,31.0,7.51,12.11,8.28,153.0,167.0,201.0,,,,564.0,789.0,974.0,18.0,-124.0,-141.0,16.15,15.42,1.73,192.0,31.0,Mar 2024,3,sharescart,screener,ipowatch,sharescart,MANBA.NS,544262.BO,isin_authoritative,ISIN→symbol from official NSE list,match,,Manba Finance Ltd.,Manba Finance Limited,match
INE0QRL01017,Arkade Developers Ltd.,MB,ARKADE,544261,2024-09-16,2024-09-19,2024-09-24,128.00,410.00,Bookbuilding,"BSE, NSE",Unistone Capital,2024,,,410,chittorgarh,0.00,chittorgarh,0.0,chittorgarh,122.40,chittorgarh,175.90,chittorgarh,190.00,chittorgarh,164.70,chittorgarh,165.85,chittorgarh,"Funding a part of the costs to be incurred in the development of our Ongoing Projects (viz. Arkade Nest, Prachi CHSL and C-Unit) (Funding Development Expenses); and | Funding acquisition of yet-to-be identified land for real estate projects and general corporate purposes",chittorgarh,410,chittorgarh,163.16,163.02,51.39,106.83,,,,,39.06,,,,,,,,,,,225.0,220.0,635.0,54.0,60.0,168.0,51.0,51.0,123.0,252.35,253.9,8.09,,,,,,,,,,-125.0,-99.0,101.0,19.37,,,635.0,123.0,Mar 2024,3,nse,screener,ipowatch,,ARKADE.NS,544261.BO,isin_authoritative,ISIN→symbol from official NSE list,match,,Arkade Developers Ltd.,Arkade Developers Limited,match
INE850M01015,Northern Arc Capital Ltd.,MB,NORTHARC,544260,2024-09-16,2024-09-19,2024-09-24,263.00,777.00,Bookbuilding,"BSE, NSE",ICICI Securities,2024,,,501,chittorgarh,276,chittorgarh,35.5,chittorgarh,228.86,chittorgarh,351.00,chittorgarh,351.00,chittorgarh,308.15,chittorgarh,323.60,chittorgarh,Future capital requirements towards onward lending.,chittorgarh,777,chittorgarh,242.7,147.6,32,117.2,94300.61,17200.45,8705.12,91056.63,45.63,,,249,True,57,14991,13.1,301,2342,20.1,911.0,1306.0,1891.0,,,,182.0,242.0,318.0,19.4,25.83,34.49,1657.0,1873.0,2231.0,,,,7973.0,9371.0,11707.0,-1326.0,-1296.0,-2134.0,16.82,14.25,1.55,1891.0,318.0,Mar 2024,3,sharescart,screener,ipowatch,,NORTHARC.NS,544260.BO,isin_authoritative,ISIN→symbol from official NSE list,match,,Northern Arc Capital Ltd.,Northern Arc Capital Limited,match
INE0CJF01024,Western Carriers (India) Ltd.,MB,WCIL,544258,2024-09-13,2024-09-19,2024-09-24,172.00,492.88,Bookbuilding,"BSE, NSE",JM Financial,2024,,,400,chittorgarh,93,chittorgarh,18.9,chittorgarh,147.86,chittorgarh,170.00,chittorgarh,177.00,chittorgarh,158.50,chittorgarh,159.45,chittorgarh,Prepayment or scheduled re-payment of a portion of certain outstanding borrowings availed by the Company | Funding of capital expenditure requirements of the Company towards purchase of: (i) commercial vehicles; (ii) 40 feet specialised containers and 20 feet normal shipping containers; and (iii) reach stackers; and | General corporate purposes,chittorgarh,493,chittorgarh,28.8,46.7,26.9,31.7,7099.94,3451.15,4643.92,15619.37,17.44,99.99,,163,True,87,14964,23.9,65,1726,7.2,1471.0,1633.0,1686.0,104.0,122.0,146.0,61.0,72.0,80.0,15.54,9.09,10.21,257.0,318.0,398.0,150.0,215.0,269.0,490.0,604.0,754.0,5.0,2.0,1.0,4.74,20.1,0.68,1686.0,80.0,Mar 2024,3,sharescart,screener,ipowatch,,WCIL.NS,544258.BO,isin_authoritative,ISIN→symbol from official NSE list,match,,Western Carriers (India) Ltd.,Western Carriers (India) Limited,match
INE953R01016,P N Gadgil Jewellers Ltd.,MB,PNGJL,544256,2024-09-10,2024-09-12,2024-09-17,480.00,1100.00,Bookbuilding,"BSE, NSE",Motilal Oswal Investment,2024,,,850,chittorgarh,250,chittorgarh,22.7,chittorgarh,330.00,chittorgarh,834.00,chittorgarh,843.80,chittorgarh,782.00,chittorgarh,792.80,chittorgarh,"Funding expenditure towards setting-up of 12 new stores in Maharashtra (“New Stores”); | Repayment or pre-payment, in full or part, of certain borrowings availed by the Company; and | General corporate purposes",chittorgarh,1100,chittorgarh,136.9,56.1,16.6,59.4,75267.50,9253.20,6383.30,65351.00,37.5,70.8,55.7,456,True,31,14880,28.1,218,7693,17.1,2539.0,4488.0,6061.0,111.0,123.0,271.0,70.0,94.0,155.0,10.43,13.46,13.15,246.0,311.0,534.0,398.0,387.0,455.0,1110.0,1063.0,1465.0,73.0,105.0,6.0,2.56,29.03,0.85,6061.0,155.0,Mar 2024,3,sharescart,screener,ipowatch,sharescart,PNGJL.NS,544256.BO,isin_authoritative,ISIN→symbol from official NSE list,match,,P N Gadgil Jewellers Ltd.,P N Gadgil Jewellers Limited,match
INE377Y01014,Bajaj Housing Finance Ltd.,MB,BAJAJHFL,544252,2024-09-09,2024-09-11,2024-09-16,70.00,6560.00,Bookbuilding,"BSE, NSE",Kotak Mahindra Capital,2024,,,3560,chittorgarh,3000,chittorgarh,45.7,chittorgarh,1758.00,chittorgarh,150.00,chittorgarh,164.99,chittorgarh,147.00,chittorgarh,164.99,chittorgarh,Augmenting our capital base to meet future business requirements of the Company towards onward lending,chittorgarh,6560,chittorgarh,222,44,7.4,67.4,728324.00,43276.32,17013.36,442340.80,28.57,79.96,53.31,66,True,214,14980,25.9,2163,9576,2.7,3767.0,5665.0,7617.0,,,,710.0,1258.0,1731.0,1.45,1.87,2.58,6741.0,10503.0,12233.0,,,,48527.0,64654.0,81827.0,-12481.0,-14332.0,-14600.0,22.73,14.15,4.31,7617.0,1731.0,Mar 2024,3,sharescart,screener,ipowatch,sharescart,BAJAJHFL.NS,544252.BO,isin_authoritative,ISIN→symbol from official NSE list,match,,Bajaj Housing Finance Ltd.,Bajaj Housing Finance Limited,match
INE0RWQ01014,Tolins Tyres Ltd.,MB,TOLINS,544254,2024-09-09,2024-09-11,2024-09-16,226.00,230.00,Bookbuilding,"BSE, NSE",Saffron Capital,2024,,,200,chittorgarh,30,chittorgarh,13.0,chittorgarh,69.00,chittorgarh,227.00,chittorgarh,238.30,chittorgarh,226.50,chittorgarh,238.30,chittorgarh,"Repayment and / or prepayment, in full, of certain outstanding loans (including foreclosure charges, if any) availed by the Company; | Augmentation of long-term working capital requirements of the Company; | Investment in the wholly owned subsidiary, Tolin Rubbers Private Limited to repay and/ or prepay, in full, certain of its short term and long-term borrowings and augmentation of its working capital requirements; and | General corporate purposes",chittorgarh,230,chittorgarh,26.7,28.8,22.4,25,3072.80,993.60,1807.23,5756.90,11.06,92.64,,215,True,66,14916,20.7,39,292,10.9,,,227.0,,,47.0,,,26.0,,,8.48,,,100.0,,,79.0,,,222.0,,,-4.0,11.45,26.0,0.79,227.0,26.0,Mar 2024,1,sharescart,screener,ipowatch,,TOLINS.NS,544254.BO,isin_authoritative,ISIN→symbol from official NSE list,match,,Tolins Tyres Ltd.,Tolins Tyres Limited,match
INE0O6601022,Kross Ltd.,MB,KROSS,544253,2024-09-09,2024-09-11,2024-09-16,240.00,500.00,Bookbuilding,"BSE, NSE",Equirus Capital,2024,,,250,chittorgarh,250,chittorgarh,50.0,chittorgarh,150.00,chittorgarh,240.00,chittorgarh,271.00,chittorgarh,231.80,chittorgarh,259.50,chittorgarh,"Funding of capital expenditure requirements of the Company towards purchase of machinery and equipment | Repayment or prepayment, in full or in part, of all or a portion of certain outstanding borrowings availed by the Company, from banks and financial institutions | Funding working capital requirements of the Company; and | General corporate purposes",chittorgarh,500,chittorgarh,24.6,23.4,11.3,17.7,6137.50,1755.00,1970.50,8830.00,16.67,100,51.3,228,True,62,14880,30,48,620,8,297.0,489.0,620.0,30.0,58.0,81.0,12.0,31.0,45.0,9.0,22.87,8.3,73.0,103.0,147.0,86.0,88.0,118.0,197.0,251.0,352.0,18.0,42.0,8.0,7.26,30.61,0.8,620.0,45.0,Mar 2024,3,sharescart,screener,ipowatch,sharescart,KROSS.NS,544253.BO,isin_authoritative,ISIN→symbol from official NSE list,match,,Kross Ltd.,Kross Limited,match
INE0S2G01011,Shree Tirupati Balajee Agro Trading Co.Ltd.,MB,BALAJEE,544249,2024-09-05,2024-09-09,2024-09-12,83.00,169.65,Bookbuilding,"BSE, NSE",PNB Investment,2024,,,122,chittorgarh,47,chittorgarh,27.6,chittorgarh,50.90,chittorgarh,92.90,chittorgarh,97.54,chittorgarh,92.00,chittorgarh,97.54,chittorgarh,"Repayment and/or prepayment, in part or full, of certain of the outstanding borrowings availed by the Company. | Investment in the subsidiaries HPPL, STBFL and JPPL for Repayment and/or prepayment, in part or full, of certain of outstanding borrowings availed | Funding incremental working capital requirements of the Company | Investment in the subsidiaries HPPL, STBFL and JPPL for funding working capital requirements. | General Corporate Purposes | Total",chittorgarh,170,chittorgarh,150.9,210.1,73.2,124.7,12797.70,5347.09,4347.67,21162.39,32.53,67.35,57.35,78,True,180,14940,24.4,32,579,3.4,444.0,475.0,540.0,31.0,48.0,62.0,14.0,21.0,36.0,89.2,140.85,4.38,,,,,,,,,,-22.0,37.0,-26.0,6.67,20.81,0.22,540.0,36.0,Mar 2024,3,sharescart,screener,investorgain,sharescart,BALAJEE.NS,544249.BO,isin_authoritative,ISIN→symbol from official NSE list,match,,Shree Tirupati Balajee Agro Trading Co.Ltd.,Shree Tirupati Balajee Agro Trading Company Limited,match
INE0RE001014,Gala Precision Engineering Ltd.,MB,GALAPREC,544244,2024-09-02,2024-09-04,2024-09-09,529.00,167.93,Bookbuilding,"BSE, NSE",PL Capital,2024,,,135,chittorgarh,33,chittorgarh,19.6,chittorgarh,50.29,chittorgarh,750.00,chittorgarh,787.45,chittorgarh,721.00,chittorgarh,787.05,chittorgarh,"Setting up a new facility at Vallam-Vadagal, SIPCOT͕Sriperumbuddur, Tamil Nadu for manufacturing high tensile fasteners and hex bolts; | Funding capital expenditure requirements towards purchase of equipment, plant and machinery at Wada, Palghar, Maharashtra; | Repayment/ prepayment, in full or part, of certain borrowings availed by the Company; and | General corporate purposes",chittorgarh,168,chittorgarh,232.5,414.6,92,201.4,19524.83,10443.85,5404.30,33822.10,37.81,74.56,,503,True,28,14812,22.8,27,238,23.2,145.0,165.0,203.0,20.0,28.0,39.0,7.0,24.0,22.0,26.23,95.77,22.08,60.0,84.0,105.0,57.0,60.0,57.0,146.0,170.0,189.0,12.0,16.0,16.0,10.84,20.95,0.54,203.0,22.0,Mar 2024,3,sharescart,screener,ipowatch,,GALAPREC.NS,544244.BO,isin_authoritative,ISIN→symbol from official NSE list,match,,Gala Precision Engineering Ltd.,Gala Precision Engineering Limited,match
INE01FR01028,Baazar Style Retail Ltd.,MB,STYLEBAAZA,544243,2024-08-30,2024-09-03,2024-09-06,389.00,834.68,Bookbuilding,"BSE, NSE",Axis Capital,2024,,,148,chittorgarh,687,chittorgarh,82.3,chittorgarh,250.10,chittorgarh,389.00,chittorgarh,430.95,chittorgarh,378.15,chittorgarh,399.65,chittorgarh,Prepayment or repayment of all or a portion of certain outstanding borrowings availed by the Company; and | General corporate purposes,chittorgarh,835,chittorgarh,81.8,59.4,9.1,40.6,34150.74,7438.21,2649.68,33912.85,19.28,55.03,,370,True,38,14782,194.5,15,1344,2,,788.0,973.0,,103.0,143.0,,5.0,22.0,,1.46,3.14,,194.0,215.0,,490.0,657.0,,867.0,1166.0,,33.0,112.0,2.26,10.23,3.06,973.0,22.0,Mar 2024,2,sharescart,screener,ipowatch,,STYLEBAAZA.NS,544243.BO,isin_authoritative,ISIN→symbol from official NSE list,match,,Baazar Style Retail Ltd.,Baazar Style Retail Limited,match
INE06HJ01020,ECOS (India) Mobility & Hospitality Ltd.,MB,ECOSMOBLTY,544239,2024-08-28,2024-08-30,2024-09-04,334.00,601.20,Bookbuilding,"BSE, NSE",Equirus Capital,2024,,,,,601,chittorgarh,100.0,chittorgarh,180.36,chittorgarh,391.30,chittorgarh,456.00,chittorgarh,380.10,chittorgarh,442.80,chittorgarh,,,601,chittorgarh,136.9,71.2,19.7,64.2,41137.11,6418.11,4136.86,38585.02,37.72,92.83,68.95,318,True,44,14696,33.4,60,654,10,145.0,418.0,547.0,18.0,70.0,90.0,10.0,44.0,63.0,16450.0,72650.0,10.42,72.06,115.06,177.0,4.0,38.0,30.0,112.0,230.0,297.0,22.0,16.0,67.0,11.52,35.59,0.17,547.0,63.0,Mar 2024,3,sharescart,screener,investorgain,sharescart,ECOSMOBLTY.NS,544239.BO,isin_authoritative,ISIN→symbol from official NSE list,match,,ECOS (India) Mobility & Hospitality Ltd.,Ecos (India) Mobility & Hospitality Limited,match
INE0BS701011,Premier Energies Ltd.,MB,PREMIERENE,544238,2024-08-27,2024-08-29,2024-09-03,450.00,2830.40,Bookbuilding,"BSE, NSE",Kotak Mahindra Capital,2024,,,1292,chittorgarh,1539,chittorgarh,54.4,chittorgarh,846.12,chittorgarh,991.00,chittorgarh,993.45,chittorgarh,801.60,chittorgarh,839.65,chittorgarh,"Investment in our Subsidiary, Premier Energies Global Environment Private Limited for part-financing the establishment of a 4 GW Solar PV TOPCon Cell and 4 GW Solar PV TOPCon Module manufacturing facility in Hyderabad, Telangana, India (the “Project”); and | General corporate purposes.",chittorgarh,2830,chittorgarh,212.4,51,7.4,75,300616.79,21644.07,7370.36,212280.00,42.22,72.22,66.03,427,True,33,14850,21,937,6519,21.4,743.0,1429.0,3144.0,30.0,78.0,478.0,-14.0,-13.0,231.0,-0.55,-0.49,8.78,394.0,411.0,646.0,455.0,765.0,1401.0,1340.0,2110.0,3537.0,5.0,37.0,90.0,7.35,35.76,2.17,3144.0,231.0,Mar 2024,3,sharescart,screener,ipowatch,sharescart,PREMIERENE.NS,544238.BO,isin_authoritative,ISIN→symbol from official NSE list,match,,Premier Energies Ltd.,Premier Energies Limited,match
INE0PPK01015,Orient Technologies Ltd.,MB,ORIENTTECH,544235,2024-08-21,2024-08-23,2024-08-28,206.00,214.76,Bookbuilding,"BSE, NSE",Elara Capital,2024,,,120,chittorgarh,95,chittorgarh,44.2,chittorgarh,64.43,chittorgarh,290.00,chittorgarh,304.45,chittorgarh,285.10,chittorgarh,304.45,chittorgarh,Acquisition of office premise at Navi Mumbai | Funding our Capital Expenditure requirements | General corporate purposes,chittorgarh,215,chittorgarh,188.8,310,68.9,154.8,20272.27,9987.30,5181.19,33253.44,26.7,100,39.97,195,True,72,14832,16,50,840,12.9,535,603,840,56,61,74,38,41,50,9.9,10.5,11,129,175,330,4,1,0,240,338,554,2,22,-11,6.80,23.43,0.01,603,41,Mar 2024,2,sharescart,sharescart,ipowatch,sharescart,ORIENTTECH.NS,544235.BO,isin_authoritative,ISIN→symbol from official NSE list,match,,Orient Technologies Ltd.,Orient Technologies Limited,match
INE00M901018,Interarch Building Products Ltd.,MB,INTERARCH,544232,2024-08-19,2024-08-21,2024-08-26,900.00,600.29,Bookbuilding,"BSE, NSE",Ambit,2024,,,200,chittorgarh,400,chittorgarh,66.7,chittorgarh,179.49,chittorgarh,1222.00,chittorgarh,1230.00,chittorgarh,1192.05,chittorgarh,1195.55,chittorgarh,"Financing the capital expenditure towards setting up the Project | Financing the capital expenditure towards upgradation of the Kichha Manufacturing Facility, Tamil Nadu Manufacturing Facility I, Tamil Nadu Manufacturing Facility II and Pantnagar Manufacturing Facility | Funding investment in information technology assets for upgradation of existing information technology infrastructure of the Company | Funding incremental working capital requirements | General corporate purposes",chittorgarh,600,chittorgarh,197.3,130.9,19.5,93.8,59215.28,11787.53,4088.55,56300.89,25.56,100,34.57,850,True,16,14400,13.1,108,1454,68.5,835.0,1124.0,1293.0,37.0,111.0,120.0,17.0,81.0,86.0,11.42,54.3,59.84,318.0,399.0,444.0,8.0,18.0,13.0,544.0,675.0,755.0,26.0,31.0,82.0,6.65,19.37,0.03,1293.0,86.0,Mar 2024,3,sharescart,screener,ipowatch,sharescart,INTERARCH.NS,544232.BO,isin_authoritative,ISIN→symbol from official NSE list,match,,Interarch Building Products Ltd.,Interarch Building Solutions Limited,match
INE0PQ101010,Saraswati Saree Depot Ltd.,MB,SSDL,544230,2024-08-12,2024-08-14,2024-08-20,160.00,160.01,Bookbuilding,"BSE, NSE",Unistone Capital,2024,,,104,chittorgarh,56,chittorgarh,35.0,chittorgarh,,,200.00,chittorgarh,209.95,chittorgarh,190.00,chittorgarh,209.95,chittorgarh,Funding working capital requirements of the Company | General Corporate Purposes | Total,chittorgarh,160,chittorgarh,64.1,358.5,61.6,107.4,5130.01,8603.97,3449.32,17183.77,12.5,51,,152,True,90,14400,20.8,31,614,7.7,,592.0,602.0,,34.0,40.0,,23.0,30.0,,2297.0,8.92,,35.1,65.0,,41.0,43.0,,189.0,206.0,,35.0,-9.0,4.98,46.15,0.66,602.0,30.0,Mar 2024,2,sharescart,screener,ipowatch,,SSDL.NS,544230.BO,isin_authoritative,ISIN→symbol from official NSE list,match,,Saraswati Saree Depot Ltd.,Saraswati Saree Depot Limited,match
INE02RE01045,Brainbees Solutions Ltd.,MB,FIRSTCRY,544226,2024-08-06,2024-08-08,2024-08-13,465.00,4193.73,Bookbuilding,"BSE, NSE",Kotak Mahindra Capital,2024,,,1666,chittorgarh,2528,chittorgarh,60.3,chittorgarh,1885.83,chittorgarh,625.00,chittorgarh,707.05,chittorgarh,625.00,chittorgarh,678.25,chittorgarh,"Setting up new modern stores under the ‘BabyHug’ brand | Setting up a warehouse | Expenditure for lease payments for our existing identified modern stores owned and operated by our Company, in India | Setting up new modern stores under the FirstCry brand and other home brands of our Company | Lease payments for our existing identified modern stores owned and controlled by Digital Age in India | Investment in our Subsidiary, FirstCry Trading for overseas expansion by: (i) setting up new modern stores; and (ii) setting up warehouse(s), in KSA | Investment in our Subsidiary, Globalbees Brands towards acquisition of additional stake in our step-down Subsidiaries | Sales and marketing initiatives | Technology and data science cost including cloud and server hosting related costs | Funding inorganic growth through acquisition and other strategic initiatives and general corporate purposes#",chittorgarh,4194,chittorgarh,19.3,4.7,2.3,12.2,60704.21,2944.00,968.75,51247.35,20.43,100,58.76,440,True,32,14880,-113.4,-265,7660,-4.1,2401.0,5633.0,6481.0,-18.0,-317.0,70.0,-79.0,-486.0,-322.0,,,,3492.0,3449.0,3163.0,446.0,906.0,1430.0,6084.0,6957.0,7321.0,-132.0,-399.0,-42.0,-4.97,-10.18,0.45,6481.0,-322.0,Mar 2024,3,sharescart,screener,ipowatch,sharescart,FIRSTCRY.NS,544226.BO,isin_authoritative,ISIN→symbol from official NSE list,match,,Brainbees Solutions Ltd.,Brainbees Solutions Limited,match
INE00U401027,Unicommerce eSolutions Ltd.,MB,UNIECOM,544227,2024-08-06,2024-08-08,2024-08-13,108.00,276.57,Bookbuilding,"BSE, NSE",IIFL Capital,2024,,,,,277,chittorgarh,100.0,chittorgarh,124.46,chittorgarh,230.00,chittorgarh,256.15,chittorgarh,206.00,chittorgarh,210.05,chittorgarh,Achieve the benefits of listing the Equity Shares on the Stock Exchanges.,chittorgarh,277,chittorgarh,138.8,252.5,131,168.3,28780.77,10473.50,3622.82,46560.88,27.78,89.5,84.5,102,True,138,14904,67.5,18,135,1.6,,,104.0,,,14.0,,,13.0,,,2.23,,,69.0,,,8.0,,,109.0,,,6.0,12.5,18.84,0.12,104.0,13.0,Mar 2024,1,sharescart,screener,ipowatch,sharescart,UNIECOM.NS,544227.BO,isin_authoritative,ISIN→symbol from official NSE list,match,,Unicommerce eSolutions Ltd.,Unicommerce Esolutions Limited,match
INE0LXG01040,Ola Electric Mobility Ltd.,MB,OLAELEC,544225,2024-08-02,2024-08-06,2024-08-09,76.00,6145.56,Bookbuilding,"BSE, NSE",Kotak Mahindra Capital,2024,,,5500,chittorgarh,646,chittorgarh,10.5,chittorgarh,2763.03,chittorgarh,75.99,chittorgarh,91.18,chittorgarh,75.99,chittorgarh,91.18,chittorgarh,"Capital expenditure to be incurred by our Subsidiary, OCT for the Project | Repayment or pre-payment, in full or part, of the indebtedness incurred by our Subsidiary, OET | Investment into research and product development | Expenditure to be incurred for organic growth initiatives | General corporate purposes",chittorgarh,6146,chittorgarh,5.5,2.5,4,4.4,25488.71,2313.80,2488.95,27347.74,3.95,100,84.2,72,True,195,14820,-13.8,-2276,4514,-5.5,373.0,2631.0,5010.0,-800.0,-1252.0,-1266.0,-784.0,-1472.0,-1584.0,-4.01,-7.53,-8.1,1857.0,546.0,-954.0,2608.0,3505.0,5684.0,5396.0,5573.0,7735.0,-885.0,-1507.0,-633.0,-31.62,166.04,-5.96,5010.0,-1584.0,Mar 2024,3,sharescart,screener,investorgain,sharescart,OLAELEC.NS,544225.BO,isin_authoritative,ISIN→symbol from official NSE list,match,,Ola Electric Mobility Ltd.,Ola Electric Mobility Limited,match
INE0AG901020,Ceigall India Ltd.,MB,CEIGALL,544223,2024-08-01,2024-08-05,2024-08-08,401.00,1252.66,Bookbuilding,"BSE, NSE",ICICI Securities,2024,,,684,chittorgarh,568,chittorgarh,45.3,chittorgarh,375.20,chittorgarh,413.00,chittorgarh,425.00,chittorgarh,380.10,chittorgarh,386.05,chittorgarh,"Purchase of equipment | Repayment/ prepayment, in full or in part, of certain borrowings availed by our company | Repayment/ prepayment, in full or in part, of certain borrowings availed by our subsidiary - Ceigall Infra Projects Private Limited | General corporate purposes",chittorgarh,1253,chittorgarh,31.3,14.8,3.8,14,19579.12,2786.55,1674.81,17549.81,34.91,100,49.8,380,True,37,14837,23.6,287,3437,17,1134.0,2068.0,3029.0,186.0,296.0,518.0,126.0,167.0,304.0,16.02,21.29,19.48,431.0,593.0,888.0,316.0,703.0,1066.0,959.0,1828.0,2592.0,-135.0,-73.0,-190.0,10.04,34.23,1.2,3029.0,304.0,Mar 2024,3,sharescart,screener,ipowatch,sharescart,CEIGALL.NS,544223.BO,isin_authoritative,ISIN→symbol from official NSE list,match,,Ceigall India Ltd.,Ceigall India Limited,match
INE09XN01023,Akums Drugs & Pharmaceuticals Ltd.,MB,AKUMS,544222,2024-07-30,2024-08-01,2024-08-06,679.00,1856.74,Bookbuilding,"BSE, NSE",ICICI Securities,2024,,,681,chittorgarh,1176,chittorgarh,63.3,chittorgarh,828.78,chittorgarh,725.00,chittorgarh,797.45,chittorgarh,724.50,chittorgarh,796.35,chittorgarh,"Repayment/prepayment of all or certain borrowings of our Company | Repayment/prepayment of all or certain borrowings of our Subsidiaries namely, Maxcure Nutravedics Limited and Pure and Cure Healthcare Private Limited | Funding incremental working capital requirements of our Company | Pursuing inorganic growth initiatives through acquisitions | General corporate purposes",chittorgarh,1857,chittorgarh,90.1,42.1,20.8,63.4,125455.05,11725.29,3862.01,117791.36,6.33,84.94,,646,True,22,14938,30,344,4118,22.6,3672.0,3655.0,4178.0,-89.0,294.0,123.0,-251.0,98.0,1.0,-35.3,6.63,-0.28,622.0,718.0,710.0,395.0,619.0,565.0,3050.0,3241.0,3504.0,32.0,177.0,498.0,0.02,0.14,0.8,4178.0,1.0,Mar 2024,3,sharescart,screener,investorgain,,AKUMS.NS,544222.BO,isin_authoritative,ISIN→symbol from official NSE list,match,,Akums Drugs & Pharmaceuticals Ltd.,Akums Drugs and Pharmaceuticals Limited,match
INE08NE01025,Sanstar Ltd.,MB,SANSTAR,544217,2024-07-19,2024-07-23,2024-07-26,95.00,510.15,Bookbuilding,"BSE, NSE",Pantomath Capital,2024,,,397,chittorgarh,113,chittorgarh,22.2,chittorgarh,153.05,chittorgarh,106.40,chittorgarh,127.68,chittorgarh,106.40,chittorgarh,115.09,chittorgarh,"Funding the capital expenditure requirement for expansion of our Dhule Facility | Repayment and/or pre-payment, in part or full, of certain borrowings availed by our Company and; | General Corporate Purposes",chittorgarh,510,chittorgarh,145.7,136.5,24.2,83,37159.33,10444.56,4326.33,42337.35,26.32,72.27,56.07,90,True,150,14250,36.5,44,953,2.6,504.0,1205.0,1067.0,40.0,72.0,98.0,16.0,42.0,67.0,5.4,14.17,4.75,86.0,187.0,254.0,85.0,112.0,128.0,207.0,368.0,528.0,30.0,-6.0,29.0,6.28,26.38,0.5,1067.0,67.0,Mar 2024,3,sharescart,screener,ipowatch,sharescart,SANSTAR.NS,544217.BO,isin_authoritative,ISIN→symbol from official NSE list,match,,Sanstar Ltd.,Sanstar Limited,match
INE168P01015,Emcure Pharmaceuticals Ltd.,MB,EMCURE,544210,2024-07-03,2024-07-05,2024-07-10,1008.00,1952.03,Bookbuilding,"BSE, NSE",Kotak Mahindra Capital,2024,,,801,chittorgarh,1151,chittorgarh,59.0,chittorgarh,582.61,chittorgarh,1325.05,chittorgarh,1384.00,chittorgarh,1325.05,chittorgarh,1358.85,chittorgarh,Repayment and/or prepayment of all or a portion of certain outstanding borrowings availed by our Company | General corporate purposes,chittorgarh,1952,chittorgarh,191.2,49.3,7.4,67.9,186652.81,14441.10,5028.42,132484.06,29.76,100,69.07,960,True,14,14112,27.7,707,7896,36.4,5855.0,5986.0,6658.0,1330.0,1182.0,1230.0,703.0,562.0,528.0,36.62,29.42,27.5,1988.0,2501.0,2952.0,2217.0,2334.0,2335.0,6021.0,6634.0,7709.0,768.0,747.0,1097.0,7.93,17.89,0.79,6658.0,528.0,Mar 2024,3,sharescart,screener,ipowatch,sharescart,EMCURE.NS,544210.BO,isin_authoritative,ISIN→symbol from official NSE list,match,,Emcure Pharmaceuticals Ltd.,Emcure Pharmaceuticals Limited,match
INE0B9K01025,Bansal Wire Industries Ltd.,MB,BANSALWIRE,544209,2024-07-03,2024-07-05,2024-07-10,256.00,745.00,Bookbuilding,"BSE, NSE",SBICAP,2024,,,745,chittorgarh,0.00,chittorgarh,0.0,chittorgarh,223.50,chittorgarh,352.05,chittorgarh,368.70,chittorgarh,335.85,chittorgarh,350.30,chittorgarh,Repayment or prepayment of all or a portion of certain outstanding borrowings availed by the Company; | Investment in our Subsidiary for repayment or prepayment of all or a portion of certain of its outstanding borrowings | Funding the working capital requirements of the Company; and | General corporate purposes.,chittorgarh,745,chittorgarh,153.9,54.2,14.4,62.8,57312.85,6057.97,3746.98,46756.20,27.34,100,31.72,243,True,58,14848,26.4,146,3507,9.7,2197.0,2412.0,2466.0,106.0,105.0,144.0,57.0,60.0,75.0,62.93,65.83,5.78,223.0,282.0,423.0,413.0,422.0,681.0,695.0,749.0,1264.0,-12.0,103.0,-541.0,3.04,17.73,1.61,2466.0,75.0,Mar 2024,3,sharescart,screener,investorgain,sharescart,BANSALWIRE.NS,544209.BO,isin_authoritative,ISIN→symbol from official NSE list,match,,Bansal Wire Industries Ltd.,Bansal Wire Industries Limited,match
INE0S2V01010,Vraj Iron & Steel Ltd.,MB,VRAJ,544204,2024-06-26,2024-06-28,2024-07-03,207.00,171.00,Bookbuilding,"BSE, NSE",Aryaman Financial,2024,,,171,chittorgarh,0.00,chittorgarh,0.0,chittorgarh,51.30,chittorgarh,240.00,chittorgarh,251.95,chittorgarh,240.00,chittorgarh,251.95,chittorgarh,Repayment or prepayment of borrowings from HDFC Bank | Capital expenditure towards the “Expansion Project” at Bilaspur Plant | General Corporate Purposes,chittorgarh,171,chittorgarh,174,221.7,58.3,126.4,14876.15,5685.58,3489.85,21607.56,9.66,99.99,,195,True,72,14904,14.5,44,475,14.3,414.0,516.0,420.0,48.0,77.0,77.0,29.0,54.0,57.0,58.05,109.21,23.22,87.0,141.0,201.0,44.0,25.0,63.0,150.0,192.0,281.0,9.0,63.0,19.0,13.57,28.36,0.31,420.0,57.0,Mar 2024,3,sharescart,screener,ipowatch,,VRAJ.NS,544204.BO,isin_authoritative,ISIN→symbol from official NSE list,match,,Vraj Iron & Steel Ltd.,Vraj Iron and Steel Limited,match
INE552Z01027,Allied Blenders & Distillers Ltd.,MB,ABDL,544203,2024-06-25,2024-06-27,2024-07-02,281.00,1500.00,Bookbuilding,"BSE, NSE",ICICI Securities,2024,,,1000,chittorgarh,500,chittorgarh,33.3,chittorgarh,449.10,chittorgarh,318.10,chittorgarh,324.40,chittorgarh,306.70,chittorgarh,317.85,chittorgarh,Prepayment or scheduled re-payment of a portion of certain outstanding borrowings availed by our Company; and | General corporate purposes,chittorgarh,1500,chittorgarh,53,34.1,4.7,24.9,39757.50,7670.25,2483.25,37275.00,21.0,96.21,80.91,267,True,53,14893,39,195,3520,7.2,2686.0,3147.0,3328.0,197.0,186.0,243.0,1.0,2.0,2.0,0.06,0.07,0.07,404.0,406.0,407.0,863.0,793.0,835.0,2255.0,2500.0,2645.0,179.0,230.0,186.0,0.06,0.49,2.05,3328.0,2.0,Mar 2024,3,sharescart,screener,investorgain,sharescart,ABDL.NS,544203.BO,isin_authoritative,ISIN→symbol from official NSE list,match,,Allied Blenders & Distillers Ltd.,Allied Blenders and Distillers Limited,match
INE01A001028,Stanley Lifestyles Ltd.,MB,STANLEY,544202,2024-06-21,2024-06-25,2024-06-28,369.00,537.02,Bookbuilding,"BSE, NSE",Axis Capital,2024,,,200,chittorgarh,337,chittorgarh,62.8,chittorgarh,161.11,chittorgarh,499.00,chittorgarh,510.00,chittorgarh,470.25,chittorgarh,474.00,chittorgarh,"Opening of New Stores by Subsidiaries | Opening the Anchor Stores by such Subsidiaries | Renovation of the Existing Stores by such Subsidiaries | Funding the capital expenditure requirements for purchase of new machinery and equipment by our Company and our Material Subsidiary, Stanley OEM Sofas Limited | General corporate purposes",chittorgarh,537,chittorgarh,215.6,121.4,19.1,97.2,57896.61,9780.83,3586.25,52177.30,14.91,100,88.5,351,True,40,14760,71,29,426,5.2,292.0,419.0,432.0,60.0,84.0,89.0,23.0,35.0,29.0,28.96,44.63,5.83,199.0,216.0,247.0,130.0,151.0,204.0,422.0,458.0,564.0,29.0,68.0,46.0,6.71,11.74,0.83,432.0,29.0,Mar 2024,3,sharescart,screener,ipowatch,sharescart,STANLEY.NS,544202.BO,isin_authoritative,ISIN→symbol from official NSE list,match,,Stanley Lifestyles Ltd.,Stanley Lifestyles Limited,match
INE841L01016,DEE Development Engineers Ltd.,MB,DEEDEV,544198,2024-06-19,2024-06-21,2024-06-26,203.00,418.01,Bookbuilding,"BSE, NSE",SBICAP,2024,,,325,chittorgarh,93,chittorgarh,22.2,chittorgarh,125.10,chittorgarh,325.00,chittorgarh,365.70,chittorgarh,310.20,chittorgarh,335.00,chittorgarh,Funding working capital requirements of our Company | Prepayment or repayment of all or a portion of certain outstanding borrowings availed by our Company | General corporate purposes,chittorgarh,418,chittorgarh,206.5,149.4,23.7,103,43168.37,9366.45,3461.58,43068.04,44.33,100,37.18,193,True,73,14819,30.3,44,827,6.7,461.0,596.0,789.0,68.0,74.0,109.0,8.0,13.0,26.0,7.73,12.23,4.94,412.0,424.0,451.0,290.0,364.0,460.0,843.0,963.0,1208.0,67.0,14.0,103.0,3.3,5.76,1.02,789.0,26.0,Mar 2024,3,sharescart,screener,investorgain,sharescart,DEEDEV.NS,544198.BO,isin_authoritative,ISIN→symbol from official NSE list,match,,DEE Development Engineers Ltd.,DEE Development Engineers Limited,match
INE916Y01027,Akme Fintrade (India) Ltd.,MB,AFIL,544200,2024-06-19,2024-06-21,2024-06-26,120.00,132.00,Bookbuilding,"BSE, NSE",Gretex Corporate,2024,,,132,chittorgarh,0.00,chittorgarh,0.0,chittorgarh,37.62,chittorgarh,125.70,chittorgarh,131.95,chittorgarh,125.70,chittorgarh,131.95,chittorgarh,Augmenting the capital base of Company to fulfil its future capital requirement | Total,chittorgarh,132,chittorgarh,28.1,130,44.6,54.5,1855.92,2573.60,2059.60,7192.68,25.0,100,66.55,114,True,125,15000,14.5,33,102,8.3,68.0,70.0,73.0,,,,4.0,15.0,19.0,0.19,0.46,0.58,137.0,205.0,224.0,,,,374.0,390.0,436.0,63.0,23.0,-46.0,26.03,8.48,0.53,73.0,19.0,Mar 2024,3,sharescart,screener,ipowatch,sharescart,AFIL.NS,544200.BO,isin_authoritative,ISIN→symbol from official NSE list,match,,Akme Fintrade (India) Ltd.,Akme Fintrade (India) Limited,match
INE0HV901016,Le Travenues Technology Ltd.,MB,IXIGO,544192,2024-06-10,2024-06-12,2024-06-18,93.00,740.10,Bookbuilding,"BSE, NSE",Axis Capital,2024,,,120,chittorgarh,620,chittorgarh,83.8,chittorgarh,333.05,chittorgarh,135.00,chittorgarh,161.99,chittorgarh,135.00,chittorgarh,161.99,chittorgarh,Part-funding working capital requirements of our Company | Investments in cloud infrastructure and technology | Funding inorganic growth through unidentified acquisitions and other strategic initiatives and general corporate purposes,chittorgarh,740,chittorgarh,106.7,110.3,54,98.1,59243.34,12239.44,3992.85,72604.04,32.8,100,29.78,88,True,161,14973,58.1,60,914,1.6,380.0,501.0,656.0,-12.0,29.0,38.0,-21.0,23.0,73.0,-0.66,0.58,2.03,343.0,374.0,446.0,7.0,10.0,46.0,538.0,583.0,632.0,-34.0,31.0,43.0,11.13,16.37,0.1,656.0,73.0,Mar 2024,3,sharescart,screener,investorgain,sharescart,IXIGO.NS,544192.BO,isin_authoritative,ISIN→symbol from official NSE list,match,,Le Travenues Technology Ltd.,Le Travenues Technology Limited,match
INE0ATZ01017,Kronox Lab Sciences Ltd.,MB,KRONOX,544187,2024-06-03,2024-06-05,2024-06-10,136.00,130.15,Bookbuilding,"BSE, NSE",Pantomath Capital,2024,,,,,130,chittorgarh,100.0,chittorgarh,39.05,chittorgarh,165.00,chittorgarh,165.00,chittorgarh,156.80,chittorgarh,159.35,chittorgarh,Achieve the benefits of listing the Equity Shares on the Stock Exchanges,chittorgarh,130,chittorgarh,89,301.9,54.2,117.3,5793.72,5894.32,2470.81,15260.32,58.82,45.38,39.56,129,True,110,14960,19.7,25,100,6.9,82.0,96.0,90.0,20.0,22.0,28.0,14.0,16.0,21.0,565.56,4.42,5.75,40.24,45.0,66.0,3.0,0.0,0.0,57.0,54.0,74.0,9.0,20.0,17.0,23.33,31.82,0.0,90.0,21.0,Mar 2024,3,sharescart,screener,ipowatch,sharescart,KRONOX.NS,544187.BO,isin_authoritative,ISIN→symbol from official NSE list,match,,Kronox Lab Sciences Ltd.,Kronox Lab Sciences Limited,match
INE108V01019,Awfis Space Solutions Ltd.,MB,AWFIS,544181,2024-05-22,2024-05-27,2024-05-30,383.00,598.93,Bookbuilding,"BSE, NSE",ICICI Securities,2024,,,128,chittorgarh,471,chittorgarh,78.6,chittorgarh,268.62,chittorgarh,432.25,chittorgarh,451.45,chittorgarh,409.40,chittorgarh,419.10,chittorgarh,Funding capital expenditure towards establishment of new centers | Funding Working Capital Requirement of the Company | General Corporate Purposes,chittorgarh,599,chittorgarh,117,129.3,53.2,108.2,52533.23,11613.46,3188.08,64785.75,9.14,100,55,364,True,39,14937,39.1,68,1208,9.8,257.0,545.0,849.0,68.0,157.0,246.0,-57.0,-47.0,-18.0,,,,-45.0,-26.0,-94.0,437.0,695.0,1079.0,560.0,931.0,1398.0,83.0,181.0,229.0,-2.12,19.15,-11.48,849.0,-18.0,Mar 2024,3,sharescart,screener,ipowatch,sharescart,AWFIS.NS,544181.BO,isin_authoritative,ISIN→symbol from official NSE list,match,,Awfis Space Solutions Ltd.,Awfis Space Solutions Limited,match
INE03JT01014,Go Digit General Insurance Ltd.,MB,GODIGIT,544179,2024-05-15,2024-05-17,2024-05-23,272.00,2614.65,Bookbuilding,"BSE, NSE",ICICI Securities,2024,,,1125,chittorgarh,1490,chittorgarh,57.0,chittorgarh,1176.59,chittorgarh,281.10,chittorgarh,314.00,chittorgarh,281.10,chittorgarh,305.75,chittorgarh,,,2615,chittorgarh,12.6,7.2,4.3,9.6,24629.96,2839.51,1116.45,25100.60,1.47,100,46.59,258,True,55,14960,57.9,425,8046,4.7,3841.0,5885.0,8147.0,-283.0,50.0,-269.0,-296.0,36.0,182.0,-3.44,0.41,2.08,1978.0,2439.0,2719.0,0.0,0.0,350.0,10048.0,13490.0,16958.0,2479.0,2250.0,1720.0,2.23,6.69,0.13,8147.0,182.0,Mar 2024,3,sharescart,screener,investorgain,sharescart,GODIGIT.NS,544179.BO,isin_authoritative,ISIN→symbol from official NSE list,match,,Go Digit General Insurance Ltd.,Go Digit General Insurance Limited,match
INE673O01025,TBO Tek Ltd.,MB,TBOTEK,544174,2024-05-08,2024-05-10,2024-05-15,920.00,1550.81,Bookbuilding,"BSE, NSE",Axis Capital,2024,,,400,chittorgarh,1151,chittorgarh,74.2,chittorgarh,696.51,chittorgarh,1380.00,chittorgarh,1455.95,chittorgarh,1275.00,chittorgarh,1404.85,chittorgarh,"Growth and strengthening of the platform by adding new Buyers and Suppliers investment in technology and data solutions by the Company | Growth and strengthening of the platform by adding new Buyers and Suppliers investment in the Material Subsidiary, Tek Travels DMCC, for onboarding platform users through marketing and promotional activities hiring sales and contracting personnel for augmenting the Supplier and Buyer base outside India | Growth and strengthening of the platform by adding new Buyers and Suppliers investment in sales, marketing and infrastructure to support organizations growth plans in India | Unidentified inorganic acquisitions | General Corporate Purposes | Total",chittorgarh,1551,chittorgarh,125.5,50.6,25.7,86.7,145981.56,11770.64,3988.68,134439.66,38.04,100,70.42,875,True,16,14720,42.4,230,1737,21.7,483.0,1065.0,1393.0,32.0,189.0,261.0,34.0,148.0,201.0,3.23,13.84,19.39,231.0,340.0,544.0,63.0,71.0,210.0,1271.0,2558.0,4855.0,198.0,237.0,226.0,14.43,36.95,0.39,1393.0,201.0,Mar 2024,3,sharescart,screener,ipowatch,sharescart,TBOTEK.NS,544174.BO,isin_authoritative,ISIN→symbol from official NSE list,match,,TBO Tek Ltd.,TBO Tek Limited,match
INE883F01010,Aadhar Housing Finance Ltd.,MB,AADHARHFC,544176,2024-05-08,2024-05-10,2024-05-15,315.00,3000.00,Bookbuilding,"BSE, NSE",ICICI Securities,2024,,,1000,chittorgarh,2000,chittorgarh,66.7,chittorgarh,897.90,chittorgarh,314.30,chittorgarh,343.20,chittorgarh,293.35,chittorgarh,329.55,chittorgarh,To meet future capital requirements towards onward lending | General corporate purposes,chittorgarh,3000,chittorgarh,76.4,17.3,2.6,26.8,114630.00,7798.50,2709.00,80280.00,28.57,100,57.81,300,True,47,14805,14.7,912,3108,21.4,1728.0,2043.0,2587.0,,,,445.0,545.0,750.0,11.27,13.8,18.99,3147.0,3698.0,4450.0,,,,14376.0,16618.0,19093.0,-907.0,-1156.0,-2550.0,28.99,16.85,2.70,2587.0,750.0,Mar 2024,3,sharescart,screener,ipowatch,sharescart,AADHARHFC.NS,544176.BO,isin_authoritative,ISIN→symbol from official NSE list,match,,Aadhar Housing Finance Ltd.,Aadhar Housing Finance Limited,match
INE065X01017,Indegene Ltd.,MB,INDGN,544172,2024-05-06,2024-05-08,2024-05-13,452.00,1841.76,Bookbuilding,"BSE, NSE",Kotak Mahindra Capital,2024,,,761,chittorgarh,1081,chittorgarh,58.7,chittorgarh,548.78,chittorgarh,659.70,chittorgarh,659.70,chittorgarh,527.80,chittorgarh,570.65,chittorgarh,"Repayment/prepaymentof indebtedness of one of the Material Subsidiaries, ILSL Holdings, Inc | Funding the capital expenditure requirements of the Company and one of the Material Subsidiaries, Indegene, Inc. | General Corporate Purposes and Inorganic Growth",chittorgarh,1842,chittorgarh,192.7,55.9,7.9,70.3,177471.95,15445.92,5066.68,129475.69,33.19,100,63.73,430,True,33,14916,26.3,407,2839,17.2,1665.0,2306.0,2590.0,287.0,396.0,505.0,163.0,266.0,337.0,937.73,11.99,15.14,764.35,1064.0,1429.0,66.0,502.0,490.0,1353.0,2204.0,2546.0,297.0,130.0,508.0,13.01,23.58,0.34,2590.0,337.0,Mar 2024,3,sharescart,screener,ipowatch,sharescart,INDGN.NS,544172.BO,isin_authoritative,ISIN→symbol from official NSE list,match,,Indegene Ltd.,Indegene Limited,match
INE0OAF01028,JNK India Ltd.,MB,JNKINDIA,544167,2024-04-23,2024-04-25,2024-04-30,415.00,649.47,Bookbuilding,"BSE, NSE",IIFL Capital,2024,,,300,chittorgarh,349,chittorgarh,53.8,chittorgarh,194.84,chittorgarh,620.00,chittorgarh,712.00,chittorgarh,620.00,chittorgarh,693.95,chittorgarh,Funding working capital requirements | General corporate purposes,chittorgarh,649,chittorgarh,74.4,23.8,4.2,28.5,24725.48,2372.85,977.06,18916.32,3.61,100,83.09,395,True,36,14940,75.5,30,477,5.5,296.0,407.0,480.0,54.0,69.0,99.0,36.0,46.0,63.0,37.48,48.29,12.95,73.0,123.0,196.0,15.0,44.0,66.0,268.0,338.0,528.0,34.0,20.0,-10.0,13.12,32.14,0.34,480.0,63.0,Mar 2024,3,sharescart,screener,ipowatch,sharescart,JNKINDIA.NS,544167.BO,isin_authoritative,ISIN→symbol from official NSE list,match,,JNK India Ltd.,JNK India Limited,match
INE669E01016,Vodafone Idea Ltd. FPO,MB,IDEA,532822,2024-04-18,2024-04-22,2024-04-25,11.00,18000.00,Bookbuilding,"BSE, NSE",Axis Capital,2024,,,,,,,,,,,,,,,,,,,,,,,19.3,4.5,1,7,173790.00,12258.00,6363.00,125820.00,12.73,100,71.76,10,True,1298,14278,-2.8,-27383,43571,-4,38516.0,42177.0,42652.0,15968.0,16753.0,17072.0,-28245.0,-29301.0,-31238.0,-8.79,-6.02,-6.23,-61965.0,-74359.0,-104167.0,213761.0,237766.0,243809.0,194029.0,207243.0,184997.0,17387.0,18869.0,20826.0,-73.24,29.99,-2.34,42652.0,-31238.0,Mar 2024,3,sharescart,screener,ipowatch,sharescart,IDEA.NS,532822.BO,isin_authoritative,ISIN→symbol from official NSE list,match,,Vodafone Idea Ltd. FPO,Vodafone Idea Limited,match
INE343G01021,Bharti Hexacom Ltd.,MB,BHARTIHEXA,544162,2024-04-03,2024-04-05,2024-04-12,570.00,4275.00,Bookbuilding,"BSE, NSE",SBICAP,2024,,,,,4275,chittorgarh,100.0,chittorgarh,1923.75,chittorgarh,755.20,chittorgarh,879.90,chittorgarh,755.20,chittorgarh,813.75,chittorgarh,Achieve the benefits of listing the Equity Shares on the Stock Exchanges,chittorgarh,4275,chittorgarh,48.6,10.5,2.8,29.9,155727.56,6745.95,1209.83,127737.00,8.77,100,27.37,542,True,26,14820,19.1,1494,8548,29.9,5405.0,6579.0,7089.0,1814.0,2786.0,3361.0,1675.0,549.0,504.0,66.98,21.97,10.09,3660.0,4210.0,4639.0,9068.0,9204.0,8105.0,16674.0,18253.0,18517.0,1258.0,5108.0,3546.0,7.11,10.86,1.75,7089.0,504.0,Mar 2024,3,sharescart,screener,ipowatch,sharescart,BHARTIHEXA.NS,544162.BO,isin_authoritative,ISIN→symbol from official NSE list,match,,Bharti Hexacom Ltd.,Bharti Hexacom Limited,match
INE0R6Z01013,SRM Contractors Ltd.,MB,SRM,544158,2024-03-26,2024-03-28,2024-04-03,210.00,130.20,Bookbuilding,"BSE, NSE",Interactive Financial,2024,,,130,chittorgarh,0.00,chittorgarh,0.0,chittorgarh,39.06,chittorgarh,225.00,chittorgarh,236.20,chittorgarh,213.75,chittorgarh,236.20,chittorgarh,Funding capital expenditure requirements for the purchase of equipment/machineries | Full or part repayment and/or prepayment of certain outstanding secured borrowings availed by our Company | Funding the Working Capital requirement | Investment In Joint Venture Project | General corporate purposes,chittorgarh,130,chittorgarh,59.6,214.9,47,86.6,3879.31,4197.78,2140.42,11271.41,11.9,100,50.69,200,True,70,14700,8.8,55,528,24,264.0,300.0,342.0,30.0,38.0,42.0,18.0,19.0,27.0,1154.4,11.2,16.11,45.0,64.0,130.0,32.0,47.0,48.0,120.0,136.0,235.0,10.0,21.0,14.0,7.89,20.77,0.37,342.0,27.0,Mar 2024,3,sharescart,screener,ipowatch,sharescart,SRM.NS,544158.BO,isin_authoritative,ISIN→symbol from official NSE list,match,,SRM Contractors Ltd.,SRM Contractors Limited,match
INE0QN801017,Krystal Integrated Services Ltd.,MB,KRYSTAL,544149,2024-03-14,2024-03-18,2024-03-21,715.00,300.12,Bookbuilding,"BSE, NSE",Inga Ventures,2024,,,175,chittorgarh,125,chittorgarh,41.7,chittorgarh,90.04,chittorgarh,795.00,chittorgarh,795.00,chittorgarh,703.05,chittorgarh,712.30,chittorgarh,"Repayment/prepayment, in full or part, of certain borrowings availed of by our Company | Funding working capital requirements of our Company | Funding capital expenditure for purchase of new machinery | General corporate purposes",chittorgarh,300,chittorgarh,7.3,45.2,3.4,13.5,1098.46,2036.20,359.25,4048.69,8.39,100,40.8,680,True,20,14300,16,62,1213,44.6,468.0,550.0,703.0,21.0,45.0,50.0,17.0,26.0,38.0,29.19,45.59,46.67,136.0,164.0,164.0,68.0,74.0,51.0,338.0,404.0,343.0,8.0,20.0,72.0,5.41,23.17,0.31,703.0,38.0,Mar 2023,3,sharescart,screener,investorgain,sharescart,KRYSTAL.NS,544149.BO,isin_authoritative,ISIN→symbol from official NSE list,match,,Krystal Integrated Services Ltd.,Krystal Integrated Services Limited,match
INE772T01024,Popular Vehicles & Services Ltd.,MB,PVSL,544144,2024-03-12,2024-03-14,2024-03-19,295.00,601.55,Bookbuilding,"BSE, NSE",ICICI Securities,2024,,,250,chittorgarh,352,chittorgarh,58.5,chittorgarh,180.17,chittorgarh,292.00,chittorgarh,292.00,chittorgarh,262.90,chittorgarh,276.25,chittorgarh,"Repayment and/or prepayment, in full or part, of certain borrowings, availed by our Company and certain of our Subsidiaries, namely, PAWL, PMMIL, KGPL, KCPL and PMPL | General corporate purposes",chittorgarh,602,chittorgarh,1.9,0.7,1.1,1.3,577.49,60.46,225.28,751.94,,100,43.23,285,True,50,14750,-196.7,-10,5541,-1.5,2894.0,3466.0,4875.0,152.0,163.0,222.0,32.0,34.0,64.0,25.88,26.84,51.07,246.0,280.0,343.0,650.0,756.0,938.0,1126.0,1268.0,1510.0,95.0,70.0,109.0,1.31,18.66,2.73,4875.0,64.0,Mar 2023,3,sharescart,screener,,sharescart,PVSL.NS,544144.BO,isin_authoritative,ISIN→symbol from official NSE list,match,,Popular Vehicles & Services Ltd.,Popular Vehicles and Services Limited,match
INE0L9R01028,Gopal Snacks Ltd.,MB,GOPAL,544140,2024-03-06,2024-03-11,2024-03-14,401.00,650.00,Bookbuilding,"BSE, NSE",Intensive Fiscal,2024,,,,,650,chittorgarh,100.0,chittorgarh,193.95,chittorgarh,350.00,chittorgarh,384.95,chittorgarh,342.00,chittorgarh,360.05,chittorgarh,Achieve the benefits of listing the Equity Shares on the Stock Exchanges,chittorgarh,650,chittorgarh,18.4,10,4.2,9.5,5986.50,975.00,960.05,6175.00,29.93,93.5,,381,True,38,15238,267.3,19,1468,1.5,1128.0,1351.0,1394.0,60.0,95.0,196.0,21.0,42.0,112.0,186.44,366.7,9.02,136.0,178.0,290.0,141.0,166.0,108.0,342.0,400.0,461.0,22.0,59.0,122.0,8.03,38.62,0.37,1394.0,112.0,Mar 2023,3,sharescart,screener,ipowatch,,GOPAL.NS,544140.BO,isin_authoritative,ISIN→symbol from official NSE list,match,,Gopal Snacks Ltd.,Gopal Snacks Limited,match
INE0MB501011,J.G.Chemicals Ltd.,MB,JGCHEM,544138,2024-03-05,2024-03-07,2024-03-13,221.00,251.19,Bookbuilding,"BSE, NSE",Centrum Capital,2024,,,165,chittorgarh,86,chittorgarh,34.3,chittorgarh,75.36,chittorgarh,211.00,chittorgarh,213.75,chittorgarh,181.20,chittorgarh,184.65,chittorgarh,"Repayment or pre-payment, in full or in part, of all or certain borrowings availed by our Material Subsidiary; | Funding capital expenditure requirements for setting up of R&D Centre | Funding its long-term working capital requirements | Funding long-term working capital requirements of our Company | General corporate purposes",chittorgarh,251,chittorgarh,32.3,47.9,18,28.5,4060.49,1805.55,1585.13,7163.94,2.26,100,46.44,210,True,67,14807,13.6,67,848,16.3,434.0,611.0,782.0,44.0,57.0,76.0,29.0,43.0,57.0,192.13,327.95,17.32,108.0,152.0,208.0,74.0,94.0,70.0,210.0,264.0,298.0,-7.0,7.0,31.0,7.29,27.4,0.34,782.0,57.0,Mar 2023,3,sharescart,screener,investorgain,sharescart,JGCHEM.NS,544138.BO,isin_authoritative,ISIN→symbol from official NSE list,match,,J.G.Chemicals Ltd.,J.G.Chemicals Limited,match
INE0NQ801033,R K SWAMY Ltd.,MB,RKSWAMY,544136,2024-03-04,2024-03-06,2024-03-12,288.00,423.56,Bookbuilding,"BSE, NSE",SBICAP,2024,,,173,chittorgarh,250,chittorgarh,59.0,chittorgarh,187.23,chittorgarh,252.00,chittorgarh,284.50,chittorgarh,248.00,chittorgarh,263.25,chittorgarh,"Funding working capital requirements of the Company | Funding capital expenditure to be incurred by the Company for setting up a DVCP Studio | Funding investment in IT infrastructure development of the Company, and the Material Subsidiaries Hansa Research and Hansa Customer Equity | Funding setting up of new CEC and CATI of the Company | General corporate purposes",chittorgarh,424,chittorgarh,20.6,34.2,33.3,25.8,6537.65,2175.40,1410.88,10919.38,17.36,100,54.39,270,True,50,14400,77.8,19,294,3.7,174.0,234.0,293.0,20.0,35.0,56.0,3.0,19.0,31.0,,,70.32,4.0,16.0,45.0,75.0,51.0,34.0,390.0,406.0,314.0,50.0,64.0,29.0,10.58,68.89,0.76,293.0,31.0,Mar 2023,3,sharescart,screener,ipowatch,sharescart,RKSWAMY.NS,544136.BO,isin_authoritative,ISIN→symbol from official NSE list,match,,R K SWAMY Ltd.,R K Swamy Limited,match
INE0CG401037,Mukka Proteins Ltd.,MB,MUKKA,544135,2024-02-29,2024-03-04,2024-03-07,28.00,224.00,Bookbuilding,"BSE, NSE",Fedex Securities,2024,,,224,chittorgarh,0.00,chittorgarh,0.0,chittorgarh,67.20,chittorgarh,44.00,chittorgarh,44.00,chittorgarh,38.24,chittorgarh,42.26,chittorgarh,"Funding working capital requirements of the Company | Investment in our Associate, viz. Ento Proteins Private Limited, for funding its working capital requirements; and | General Corporate Purpose",chittorgarh,224,chittorgarh,189.3,250.4,58.5,137,21199.36,8413.10,4587.97,30685.76,35.71,100,,26,True,535,14980,17.5,48,1006,1.6,604.0,770.0,1177.0,22.0,48.0,86.0,11.0,26.0,48.0,,1.1,2.0,67.0,98.0,148.0,159.0,175.0,262.0,355.0,392.0,575.0,2.0,5.0,-56.0,4.08,32.43,1.77,1177.0,48.0,Mar 2023,3,sharescart,screener,ipowatch,,MUKKA.NS,544135.BO,isin_authoritative,ISIN→symbol from official NSE list,match,,Mukka Proteins Ltd.,Mukka Proteins Limited,match
INE0NHL23019,Bharat Highways InvIT InvIT,MB,BHINVIT,544137,2024-02-28,2024-03-01,2024-03-12,100.00,2500.00,Bookbuilding,"BSE, NSE",ICICI Securities,2024,,,,,,,,,,,,,,,,,,,,,,,,,,8.01,,,,,2.0,,,,,,,,,,,2170.0,1600.0,0.0,499.0,428.0,0.0,149.0,63.0,0.0,,,,528.0,591.0,0.0,3710.0,4679.0,3.0,4944.0,5537.0,8.0,-944.0,-398.0,0.0,,,,0.0,0.0,Mar 2023,3,nse,screener,investorgain,,BHINVIT.NS,544137.BO,chittorgarh_symbol,Chittorgarh nse_symbol (ISIN not in NSE exchange list),unchecked,,Bharat Highways InvIT InvIT,,no_ref
INE0PT501018,Platinum Industries Ltd.,MB,PLATIND,544134,2024-02-27,2024-02-29,2024-03-05,171.00,235.32,Bookbuilding,"BSE, NSE",Unistone Capital,2024,,,235,chittorgarh,0.00,chittorgarh,0.0,chittorgarh,70.59,chittorgarh,228.00,chittorgarh,237.00,chittorgarh,219.00,chittorgarh,220.90,chittorgarh,Investment in Platinum Stabilizers Egypt LLC for financing its capital expenditure requirements in relation to the setting up of the Proposed Facility 1 (Egypt) | Funding of capital expenditure requirements of our Company towards setting up of the Proposed Facility 2 (Palghar) | Funding working capital requirements of our Company | General corporate purposes,chittorgarh,235,chittorgarh,151,141.8,50.9,99,17766.43,5004.84,4193.82,23294.02,17.54,94.74,,162,True,87,14877,18.8,50,392,9.1,89.0,188.0,231.0,8.0,25.0,54.0,5.0,18.0,38.0,45.79,168.63,9.42,4.0,22.0,62.0,5.0,26.0,22.0,32.0,84.0,121.0,3.0,-15.0,38.0,16.45,61.29,0.35,231.0,38.0,Mar 2023,3,sharescart,screener,ipowatch,,PLATIND.NS,544134.BO,isin_authoritative,ISIN→symbol from official NSE list,match,,Platinum Industries Ltd.,Platinum Industries Limited,match
INE777F01014,Exicom Tele-Systems Ltd.,MB,EXICOM,544133,2024-02-27,2024-02-29,2024-03-05,142.00,429.00,Bookbuilding,"BSE, NSE",Monarch Networth Capital,2024,,,329,chittorgarh,100,chittorgarh,23.3,chittorgarh,178.05,chittorgarh,264.00,chittorgarh,274.45,chittorgarh,219.05,chittorgarh,225.65,chittorgarh,"Part-financing the cost towards setting up of production/assembly lines at the planned manufacturing facility in Telangana | Repayment/pre-payment, in part or full, of certain borrowings of our Company | Part-funding incremental working capital requirements | Investment in R&D and product development | General corporate purposes | Total",chittorgarh,429,chittorgarh,124.8,159.3,124.3,133.6,40160.76,10250.29,5331.17,57297.14,56.34,93.28,,135,True,100,14200,-15.6,-110,868,-9.1,513.0,843.0,708.0,30.0,67.0,53.0,3.0,5.0,8.0,4.16,6.19,9.65,213.0,221.0,232.0,122.0,128.0,133.0,678.0,603.0,705.0,-13.0,56.0,3.0,1.13,3.45,0.57,708.0,8.0,Mar 2023,3,sharescart,screener,ipowatch,,EXICOM.NS,544133.BO,isin_authoritative,ISIN→symbol from official NSE list,match,,Exicom Tele-Systems Ltd.,Exicom Tele-Systems Limited,match
INE486R01017,GPT Healthcare Ltd.,MB,GPTHEALTH,544131,2024-02-22,2024-02-26,2024-02-29,186.00,525.14,Bookbuilding,"BSE, NSE",JM Financial,2024,,,40,chittorgarh,485,chittorgarh,92.4,chittorgarh,157.54,chittorgarh,216.15,chittorgarh,219.70,chittorgarh,196.10,chittorgarh,200.75,chittorgarh,"Repayment or prepayment,  in  full  or  in  part,  of  all  or  a  portion  of  certain  outstanding  borrowings availed by the Company from banks and financialinstitutions | General corporate purpose",chittorgarh,525,chittorgarh,17.3,11,2.4,8.5,4542.46,868.06,448.47,4474.19,5.38,100,64.21,177,True,80,14880,30.5,50,407,6.1,361,400,407,80,93,92,39,48,50,4.9,5.8,6.1,165,218,248,40,4,6,327,387,408,66,69,67,10.80,23.64,0.24,361,39,Mar 2023,1,sharescart,sharescart,ipowatch,sharescart,GPTHEALTH.NS,544131.BO,isin_authoritative,ISIN→symbol from official NSE list,match,,GPT Healthcare Ltd.,GPT Healthcare Limited,match
INE696F01016,Juniper Hotels Ltd.,MB,JUNIPER,544129,2024-02-21,2024-02-23,2024-02-28,360.00,1800.00,Bookbuilding,"BSE, NSE",JM Financial,2024,,,1800,chittorgarh,0.00,chittorgarh,0.0,chittorgarh,810.00,chittorgarh,361.20,chittorgarh,397.30,chittorgarh,361.20,chittorgarh,397.30,chittorgarh,"Repayment/prepayment/redemption, in full or in part,of   certain outstanding borrowings availed by the Company and the recent acquisitions, namely CHPL and CHHPL | General corporate purposes",chittorgarh,1800,chittorgarh,3.1,0.9,1.3,2.2,4198.50,240.30,235.80,3924.00,2.78,100,,342,True,40,14400,112.5,71,944,3.2,166.0,309.0,667.0,-4.0,66.0,272.0,-199.0,-188.0,-2.0,,,,544.0,357.0,355.0,2208.0,2504.0,2444.0,3051.0,3066.0,3016.0,54.0,-36.0,286.0,-0.3,-0.56,6.88,667.0,-2.0,Mar 2023,3,sharescart,screener,ipowatch,,JUNIPER.NS,544129.BO,isin_authoritative,ISIN→symbol from official NSE list,match,,Juniper Hotels Ltd.,Juniper Hotels Limited,match
INE0QTF01015,Vibhor Steel Tubes Ltd.,MB,VSTL,544124,2024-02-13,2024-02-15,2024-02-20,151.00,72.17,Bookbuilding,"BSE, NSE",Khambatta Securities,2024,,,72,chittorgarh,0.00,chittorgarh,0.0,chittorgarh,21.52,chittorgarh,421.00,chittorgarh,442.00,chittorgarh,421.00,chittorgarh,442.00,chittorgarh,Working capital requirements including margin money | General Corporate Purpose | Total,chittorgarh,72,chittorgarh,0,0,0,0,0.00,0.00,0.00,0.00,79.47,100,57.75,141,True,99,14949,24.4,12,996,6.2,511.0,818.0,1113.0,20.0,30.0,46.0,3.0,11.0,21.0,2.02,7.99,14.86,62.0,72.0,93.0,77.0,127.0,152.0,170.0,249.0,294.0,44.0,-35.0,7.0,1.89,22.58,1.63,1113.0,21.0,Mar 2023,3,sharescart,screener,ipowatch,sharescart,VSTL.NS,544124.BO,isin_authoritative,ISIN→symbol from official NSE list,match,,Vibhor Steel Tubes Ltd.,Vibhor Steel Tubes Limited,match
INE010601016,Entero Healthcare Solutions Ltd.,MB,ENTERO,544122,2024-02-09,2024-02-13,2024-02-16,1258.00,1600.00,Bookbuilding,"BSE, NSE",ICICI Securities,2024,,,1000,chittorgarh,600,chittorgarh,37.5,chittorgarh,716.40,chittorgarh,1245.00,chittorgarh,1258.00,chittorgarh,1141.80,chittorgarh,1149.50,chittorgarh,"Repayment/prepayment, in full or part, of certain borrowings availed of by our Company | Funding of long-term working capital requirements of the Company and its Subsidiaries during Fiscals 2025 and 2026 | General corporate purposes | Pursuing inorganic growth initiatives through acquisitions | Total",chittorgarh,1600,chittorgarh,2.28,0.22,1.33,1.53,,,,,9.94,,,,,,,,,,,1773.0,2522.0,3300.0,15.0,24.0,64.0,-15.0,-29.0,-11.0,-1550.9,-77.71,-28.12,-31.9,-58.0,-69.0,720.0,974.0,1101.0,836.0,1125.0,1308.0,-69.0,-35.0,-45.0,-0.33,15.94,-15.96,3300.0,-11.0,Mar 2023,3,nse,screener,ipowatch,,ENTERO.NS,544122.BO,isin_authoritative,ISIN→symbol from official NSE list,match,,Entero Healthcare Solutions Ltd.,Entero Healthcare Solutions Limited,match
INE0J1F01024,Rashi Peripherals Ltd.,MB,RPTECH,544119,2024-02-07,2024-02-09,2024-02-14,311.00,600.00,Bookbuilding,"BSE, NSE",JM Financial,2024,,,600,chittorgarh,0.00,chittorgarh,0.0,chittorgarh,180.00,chittorgarh,335.00,chittorgarh,342.50,chittorgarh,317.80,chittorgarh,320.55,chittorgarh,Prepayment or scheduled re-payment of all or a portion of certain outstanding borrowings availed by the Company | Funding working capital requirements of the Company | General corporate purpose,chittorgarh,600,chittorgarh,151.5,66.2,11,63,45435.00,5953.50,2312.10,37770.00,8.04,100,61.16,295,True,48,14928,9.8,210,13773,31.6,5925.0,9313.0,9454.0,212.0,301.0,256.0,136.0,183.0,123.0,,,,394.0,575.0,700.0,490.0,882.0,1082.0,1593.0,2666.0,2793.0,-109.0,-315.0,-115.0,1.3,17.57,1.55,9454.0,123.0,Mar 2023,3,sharescart,screener,ipowatch,sharescart,RPTECH.NS,544119.BO,isin_authoritative,ISIN→symbol from official NSE list,match,,Rashi Peripherals Ltd.,Rashi Peripherals Limited,match
INE953L01027,Jana Small Finance Bank Ltd.,MB,JSFB,544118,2024-02-07,2024-02-09,2024-02-14,414.00,570.00,Bookbuilding,"BSE, NSE",Axis Capital,2024,,,462,chittorgarh,108,chittorgarh,18.9,chittorgarh,166.95,chittorgarh,396.00,chittorgarh,408.80,chittorgarh,365.00,chittorgarh,368.20,chittorgarh,,,570,chittorgarh,39.8,26.1,5.7,19.9,11345.80,2234.10,1137.14,11337.24,21.74,100,36.14,393,True,36,14904,8.6,501,4710,47.9,2498.0,2727.0,3075.0,,,,84.0,5.0,256.0,16.62,1.07,50.46,977.0,1050.0,1527.0,,,,19091.0,20189.0,25644.0,615.0,859.0,-1137.0,8.33,16.76,3.49,3075.0,256.0,Mar 2023,3,sharescart,screener,ipowatch,sharescart,JSFB.NS,544118.BO,isin_authoritative,ISIN→symbol from official NSE list,match,,Jana Small Finance Bank Ltd.,Jana Small Finance Bank Limited,match
INE646H01017,Capital Small Finance Bank Ltd.,MB,CAPITALSFB,544120,2024-02-07,2024-02-09,2024-02-14,468.00,523.07,Bookbuilding,"BSE, NSE",Nuvama Wealth Management,2024,,,450,chittorgarh,73,chittorgarh,14.0,chittorgarh,156.92,chittorgarh,435.00,chittorgarh,462.95,chittorgarh,421.10,chittorgarh,434.30,chittorgarh,,,523,chittorgarh,0,0,0,0,0.00,0.00,0.00,0.00,,58.71,37.32,445,True,32,14976,15,141,1049,31.2,511.0,578.0,676.0,,,,41.0,63.0,94.0,,,,451.0,516.0,610.0,,,,6371.0,7154.0,7991.0,174.0,-211.0,75.0,13.91,15.41,,676.0,94.0,Mar 2023,3,sharescart,screener,,sharescart,CAPITALSFB.NS,544120.BO,isin_authoritative,ISIN→symbol from official NSE list,match,,Capital Small Finance Bank Ltd.,Capital Small Finance Bank Limited,match
INE988S01028,Apeejay Surrendra Park Hotels Ltd.,MB,PARKHOTELS,544111,2024-02-05,2024-02-07,2024-02-12,155.00,920.00,Bookbuilding,"BSE, NSE",JM Financial,2024,,,600,chittorgarh,320,chittorgarh,34.8,chittorgarh,409.50,chittorgarh,187.00,chittorgarh,223.50,chittorgarh,170.15,chittorgarh,203.45,chittorgarh,"Repayment/prepayment, in full or in part of certain outstanding  borrowings availed by the Company | General corporate purposes",chittorgarh,920,chittorgarh,0,0,0,0,0.00,0.00,0.00,0.00,16.13,100,61.15,147,True,96,14880,39.7,84,631,3.9,179.0,255.0,510.0,12.0,46.0,163.0,-76.0,-28.0,48.0,-4.34,-1.61,2.75,536.0,508.0,555.0,616.0,654.0,617.0,1280.0,1275.0,1362.0,27.0,58.0,176.0,9.41,8.65,1.11,510.0,48.0,Mar 2023,3,sharescart,screener,ipowatch,sharescart,PARKHOTELS.NS,544111.BO,isin_authoritative,ISIN→symbol from official NSE list,match,,Apeejay Surrendra Park Hotels Ltd.,Apeejay Surrendra Park Hotels Limited,match
INE0NLT01010,BLS E-Services Ltd.,MB,BLSE,544107,2024-01-30,2024-02-01,2024-02-06,135.00,309.29,Bookbuilding,"BSE, NSE",Unistone Capital,2024,,,309,chittorgarh,0.00,chittorgarh,0.0,chittorgarh,125.92,chittorgarh,309.00,chittorgarh,370.75,chittorgarh,302.75,chittorgarh,370.75,chittorgarh,Strengthening the technology infrastructure to develop new capabilities and consolidating the existing platforms | Funding initiatives for organic growth by setting up of BLS Stores | Achieving inorganic growth through acquisitions | General Corporate Purpose | Total,chittorgarh,309,chittorgarh,123.3,300.1,236.5,162.4,28750.94,13993.06,7353.84,50484.75,44.44,31.95,24.7,125,True,108,14580,23.3,59,519,5.8,64.0,97.0,243.0,5.0,7.0,33.0,3.0,5.0,20.0,3150.0,5380.0,2.83,10.01,15.01,107.0,11.0,15.0,5.0,41.0,56.0,179.0,9.0,20.0,29.0,8.23,18.69,0.05,243.0,20.0,Mar 2023,3,sharescart,screener,ipowatch,sharescart,BLSE.NS,544107.BO,isin_authoritative,ISIN→symbol from official NSE list,match,,BLS E-Services Ltd.,BLS E-Services Limited,match
INE02H701025,Nova AgriTech Ltd.,MB,NOVAAGRI,544100,2024-01-23,2024-01-25,2024-01-31,41.00,143.81,Bookbuilding,"BSE, NSE",Keynote Financial,2024,,,112,chittorgarh,32,chittorgarh,22.2,chittorgarh,43.14,chittorgarh,56.00,chittorgarh,58.79,chittorgarh,55.00,chittorgarh,58.79,chittorgarh,"Investment in the subsidiary, Nova Agri Sciences Private Limited for setting-up a new formulation plant | Funding Capital Expenditure by the Company,towards expansion of the existing formulation plant | Funding of working capital requirement of the Company | Investment in the subsidiary, Nova Agri Sciences Private Limited for funding working capital requirements | General Corporate purposes | Total",chittorgarh,144,chittorgarh,81.1,233,80.2,113.2,5833.67,5026.82,4036.76,16280.77,31.71,100,62.96,39,True,365,14965,13.2,27,294,3.1,161.0,186.0,211.0,18.0,28.0,39.0,6.0,14.0,20.0,5.02,10.92,3.14,30.0,44.0,64.0,51.0,64.0,71.0,147.0,160.0,181.0,5.0,2.0,6.0,9.48,31.25,1.11,211.0,20.0,Mar 2023,3,sharescart,screener,investorgain,sharescart,NOVAAGRI.NS,544100.BO,isin_authoritative,ISIN→symbol from official NSE list,match,,Nova AgriTech Ltd.,Nova Agritech Limited,match
INE0G5901015,EPACK Durable Ltd.,MB,EPACK,544095,2024-01-19,2024-01-24,2024-01-30,230.00,640.05,Bookbuilding,"BSE, NSE",Axis Capital,2024,,,400,chittorgarh,240,chittorgarh,37.5,chittorgarh,192.02,chittorgarh,225.00,chittorgarh,225.00,chittorgarh,205.70,chittorgarh,207.70,chittorgarh,"Funding capital expenditure for the expansion / setting up of manufacturing facilities (total of i+ii+iii) | Funding  capital  expenditure  requirements for setting up of a manufacturing facility in Sri City, Andhra Pradesh | Purchase of equipment for the Bhiwadi Manufacturing Facility | Repayment and/or prepayment, in part or in full, of certain outstanding loans of the Company | General corporate purposes",chittorgarh,640,chittorgarh,25.6,29.1,6.5,16.8,8189.47,2790.95,1456.12,10746.47,6.52,100,56.83,218,True,65,14950,39.7,55,2171,5.8,736.0,924.0,1539.0,42.0,69.0,102.0,8.0,17.0,32.0,1.62,3.35,6.14,69.0,122.0,314.0,262.0,415.0,525.0,520.0,1077.0,1464.0,47.0,-29.0,19.0,2.08,10.19,1.67,1539.0,32.0,Mar 2023,3,sharescart,screener,ipowatch,sharescart,EPACK.NS,544095.BO,isin_authoritative,ISIN→symbol from official NSE list,match,,EPACK Durable Ltd.,EPACK Durable Limited,match
INE456Z01021,Medi Assist Healthcare Services Ltd.,MB,MEDIASSIST,544088,2024-01-15,2024-01-17,2024-01-23,418.00,1171.58,Bookbuilding,"BSE, NSE",Axis Bank,2024,,,,,1172,chittorgarh,100.0,chittorgarh,351.47,chittorgarh,465.00,chittorgarh,509.60,chittorgarh,446.00,chittorgarh,464.25,chittorgarh,,,1172,chittorgarh,40.1,14.8,3.2,16.3,23513.56,2609.69,1308.07,19038.13,8.13,100,71.78,397,True,35,14630,32.4,92,723,12.9,323.0,394.0,505.0,76.0,92.0,120.0,26.0,64.0,74.0,7064.52,9.33,10.76,290.04,337.0,376.0,35.0,27.0,31.0,545.0,602.0,702.0,139.0,64.0,81.0,14.65,19.68,0.08,505.0,74.0,Mar 2023,3,sharescart,screener,investorgain,sharescart,MEDIASSIST.NS,544088.BO,isin_authoritative,ISIN→symbol from official NSE list,match,,Medi Assist Healthcare Services Ltd.,Medi Assist Healthcare Services Limited,match
INE980O01024,Jyoti CNC Automation Ltd.,MB,JYOTICNC,544081,2024-01-09,2024-01-11,2024-01-16,331.00,1000.00,Bookbuilding,"BSE, NSE",Equirus Capital,2024,,,1000,chittorgarh,0.00,chittorgarh,0.0,chittorgarh,447.75,chittorgarh,372.00,chittorgarh,444.80,chittorgarh,370.05,chittorgarh,433.15,chittorgarh,"Repayment and/or pre-payment, in full or part, of certain borrowings availed by the Company | Funding long-term working capital requirements of the Company | General corporate purposes",chittorgarh,1000,chittorgarh,46.4,38.3,27.5,40.5,34777.50,5749.50,2750.00,40490.00,18.13,72.66,,315,True,45,14895,23.8,316,1818,13.9,532.0,746.0,929.0,25.0,73.0,77.0,-77.0,-48.0,-5.0,-26.19,-16.38,-1.66,106.0,41.0,82.0,722.0,792.0,835.0,1381.0,1286.0,1515.0,28.0,39.0,42.0,-0.54,-6.1,10.18,929.0,-5.0,Mar 2023,3,sharescart,screener,ipowatch,,JYOTICNC.NS,544081.BO,isin_authoritative,ISIN→symbol from official NSE list,match,,Jyoti CNC Automation Ltd.,Jyoti CNC Automation Limited,match
INE0V0W01025,Gujarat Kidney & Super Speciality Ltd.,MB,GKSL,544666,2025-12-22,2025-12-24,2025-12-30,114.00,250.80,Bookbuilding,"BSE, NSE",Nirbhay Capital,2025,,,251,chittorgarh,0.00,chittorgarh,0.0,chittorgarh,100.01,chittorgarh,120.75,chittorgarh,123.25,chittorgarh,103.00,chittorgarh,104.65,chittorgarh,Proposed acquisition of Parekhs Hospital at Ahmedabad. | Part-payment of purchase consideration for the already acquired “Ashwini Medical Centre”. | Funding of capital expenditure requirements of the Company towards setting up of a new hospital in Vadodara. | Buying robotics equipment for our hospital Gujarat Kidney & Super Speciality hospital in Vadodara location. | Full or part repayment and/or prepayment of certain outstanding secured borrowings availed by the Company | Funding inorganic growth through unidentified acquisitions and General Corporate Purposes. | Acquisition of additional shareholding in the subsidiary namely “Harmony Medicare Private Limited” at Bharuch,chittorgarh,251,chittorgarh,1.1,5.7,19,5.2,93.35,215.46,477.44,786.25,1.3,99.1,71.45,108,True,128,14592,60,9,40,1.9,0.0,5.0,40.0,-0.0,2.0,17.0,-0.0,2.0,10.0,-0.5,85.5,1.66,0.2,11.2,26.0,0.0,6.0,8.0,4.0,21.0,55.0,0.0,1.0,14.0,25.0,38.46,0.31,40.0,10.0,Mar 2025,3,sharescart,screener,sharescart,sharescart,GKSL.NS,544666.BO,isin_authoritative,ISIN→symbol from official NSE list,match,,Gujarat Kidney & Super Speciality Ltd.,Gujarat Kidney And Super Speciality Limited,match
INE987S01020,KSH International Ltd.,MB,KSHINTL,544664,2025-12-16,2025-12-18,2025-12-23,384.00,626.35,Bookbuilding,"BSE, NSE",Nuvama Wealth Management,2025,,,420,chittorgarh,206,chittorgarh,32.9,chittorgarh,213.00,chittorgarh,370.00,chittorgarh,370.00,chittorgarh,350.05,chittorgarh,354.55,chittorgarh,Repayment of certain company borrowings | Purchase and setup of new machinery at 2 plants | Purchase and setup of a rooftop solar power plant for power generation at our Supa Facility | General corporate purposes,chittorgarh,626,chittorgarh,1.1,0.4,0.9,0.8,159.05,46.67,225.73,431.45,1.56,98.4,73.89,365,True,39,14976,32,68,1928,12,1049.0,1383.0,1928.0,51.0,72.0,123.0,27.0,37.0,68.0,468.32,657.34,11.97,194.0,231.0,298.0,129.0,214.0,366.0,359.0,483.0,745.0,62.0,-17.0,-10.0,3.53,22.82,1.23,1928.0,68.0,Mar 2025,3,sharescart,screener,ipowatch,sharescart,KSHINTL.NS,544664.BO,isin_authoritative,ISIN→symbol from official NSE list,match,,KSH International Ltd.,KSH International Limited,match
INE346A01027,ICICI Prudential Asset Management Co.Ltd.,MB,ICICIAMC,544658,2025-12-12,2025-12-16,2025-12-19,2165.00,10602.65,Bookbuilding,"BSE, NSE",Citigroup Global,2025,,,,,10603,chittorgarh,100.0,chittorgarh,3021.76,chittorgarh,2606.20,chittorgarh,2662.00,chittorgarh,2573.90,chittorgarh,2586.70,chittorgarh,,,10603,chittorgarh,123.9,22,2.5,39.2,249529.23,33295.50,8933.39,296927.47,21.2,100,87.59,2061,True,6,12990,32.5,3298,5765,66.7,,3758.0,4977.0,,2777.0,3635.0,,2050.0,2651.0,,1161.18,1501.61,,,,,,,,,,,,,53.27,75.38,0.00,4977.0,2651.0,Mar 2025,2,sharescart,screener,sharescart,sharescart,ICICIAMC.NS,544658.BO,isin_authoritative,ISIN→symbol from official NSE list,match,,ICICI Prudential Asset Management Co.Ltd.,ICICI Prudential Asset Management Company Limited,match
INE119201023,Park Medi World Ltd.,MB,PARKHOSPS,544645,2025-12-10,2025-12-12,2025-12-17,162.00,920.00,Bookbuilding,"BSE, NSE",Nuvama Wealth Management,2025,,,770,chittorgarh,150,chittorgarh,16.3,chittorgarh,276.00,chittorgarh,155.60,chittorgarh,165.75,chittorgarh,146.85,chittorgarh,148.15,chittorgarh,"Repayment/ prepayment, in full or in part, of certain outstanding borrowings availed by the Company and certain of the Subsidiaries. | Funding capital expenditure for development of new hospital and expansion of existing hospital by our certain Subsidiaries Park Medicity (NCR) and Blue Heavens, respectively. | Funding capital expenditure for purchase of medical equipment by the Company and our certain Subsidiaries, Blue Heavens and Ratangiri. | Unidentified inorganic acquisitions and general corporate purposes.",chittorgarh,920,chittorgarh,11.5,15.1,3.2,8.1,2221.18,2198.64,1069.24,5489.06,18.52,99.16,82.89,154,True,92,14904,28.9,213,1394,5.6,1255.0,1231.0,1394.0,391.0,312.0,375.0,228.0,152.0,213.0,14.29,9.98,5.34,687.0,883.0,1070.0,576.0,687.0,682.0,1593.0,1912.0,2134.0,199.0,361.0,191.0,15.28,19.91,0.64,1394.0,213.0,Mar 2025,3,sharescart,screener,ipowatch,sharescart,PARKHOSPS.NS,544645.BO,isin_authoritative,ISIN→symbol from official NSE list,match,,Park Medi World Ltd.,Park Medi World Limited,match
INE428V01029,Nephrocare Health Services Ltd.,MB,NEPHROPLUS,544647,2025-12-10,2025-12-12,2025-12-17,460.00,871.05,Bookbuilding,"BSE, NSE",ICICI Securities,2025,,,354,chittorgarh,517,chittorgarh,59.4,chittorgarh,260.26,chittorgarh,491.70,chittorgarh,498.70,chittorgarh,463.50,chittorgarh,471.60,chittorgarh,"Capital expenditure by the Company for opening new dialysis clinics in India | Pre-payment, or scheduled repayment, in full or part, of certain borrowings availed by the Company | General corporate purposes",chittorgarh,871,chittorgarh,27.5,24.3,2.3,14,4649.18,3222.35,714.76,8597.10,8.7,75.81,63.85,438,True,32,14720,55.4,67,756,8.3,437.0,566.0,756.0,49.0,101.0,167.0,-12.0,35.0,67.0,-58.69,169.82,321.87,386.0,411.0,581.0,200.0,271.0,261.0,666.0,806.0,994.0,11.0,72.0,135.0,8.86,11.53,0.45,756.0,67.0,Mar 2025,3,sharescart,screener,sharescart,sharescart,NEPHROPLUS.NS,544647.BO,isin_authoritative,ISIN→symbol from official NSE list,match,,Nephrocare Health Services Ltd.,Nephrocare Health Services Limited,match
INE02ZQ01018,Corona Remedies Ltd.,MB,CORONA,544644,2025-12-08,2025-12-10,2025-12-15,1062.00,655.37,Bookbuilding,"BSE, NSE",JM Financial,2025,,,,,655,chittorgarh,100.0,chittorgarh,194.86,chittorgarh,1452.00,chittorgarh,1499.00,chittorgarh,1412.65,chittorgarh,1437.20,chittorgarh,,,655,chittorgarh,278.5,208.9,28.7,137,38119.37,21441.47,6881.98,66538.70,32.3,72.5,68.99,1008,True,14,14868,43.5,149,1196,24.4,884.0,1014.0,1196.0,128.0,156.0,241.0,85.0,90.0,149.0,13.89,14.8,24.43,408.0,480.0,606.0,28.0,159.0,86.0,595.0,831.0,930.0,103.0,157.0,190.0,12.46,24.59,0.14,1196.0,149.0,Mar 2025,3,sharescart,screener,sharescart,sharescart,CORONA.NS,544644.BO,isin_authoritative,ISIN→symbol from official NSE list,match,,Corona Remedies Ltd.,CORONA Remedies Limited,match
INE0E7301029,Wakefit Innovations Ltd.,MB,WAKEFIT,544642,2025-12-08,2025-12-10,2025-12-15,195.00,1288.89,Bookbuilding,"BSE, NSE",Axis Capital,2025,,,377,chittorgarh,912,chittorgarh,70.8,chittorgarh,580.00,chittorgarh,194.10,chittorgarh,203.70,chittorgarh,177.25,chittorgarh,192.30,chittorgarh,". Capital expenditure to be incurred by the Company for setting up of 117 new COCO – Regular Stores | Expenditure for lease, sub-lease rent and license fee payments for our existing COCO – Regular Stores | Capital expenditure to be incurred by our Company for purchase of new equipment and machinery | Marketing and advertisement expenses toward enhancing the awareness and visibility of our brand | General corporate purposes",chittorgarh,1289,chittorgarh,3,1.1,3.2,2.5,1174.80,203.81,409.01,1787.62,2.1,33.56,37.39,185,True,76,14820,-162.5,-35,1274,-1.2,813.0,986.0,1274.0,-85.0,36.0,60.0,-146.0,-15.0,-35.0,-144.09,-14.55,-33.26,505.0,524.0,501.0,0.0,209.0,293.0,792.0,928.0,1051.0,-20.0,81.0,77.0,-2.75,-6.99,0.58,1274.0,-35.0,Mar 2025,3,sharescart,screener,sharescart,sharescart,WAKEFIT.NS,544642.BO,isin_authoritative,ISIN→symbol from official NSE list,match,,Wakefit Innovations Ltd.,Wakefit Innovations Limited,match
INE14UN01029,Vidya Wires Ltd.,MB,VIDYAWIRES,544633,2025-12-03,2025-12-05,2025-12-10,52.00,300.01,Bookbuilding,"BSE, NSE",Pantomath Capital,2025,,,274,chittorgarh,26,chittorgarh,8.7,chittorgarh,90.00,chittorgarh,52.13,chittorgarh,58.48,chittorgarh,50.09,chittorgarh,53.14,chittorgarh,"Funding  capital  expenditure  requirements  for  setting  up  new  projectin  the subsidiary  viz. ALCU | Repayment/prepayment, in full or part, of all or certain outstanding borrowings availed by the Company | General corporate purposes",chittorgarh,300,chittorgarh,5.1,52,27.9,26.6,327.21,2517.28,3147.76,5992.25,6.7,99.91,72.8,48,True,288,14976,20,41,1486,2.6,1011.0,1182.0,1481.0,36.0,45.0,64.0,22.0,26.0,41.0,53.75,64.4,2.54,100.0,126.0,166.0,97.0,110.0,146.0,209.0,248.0,331.0,38.0,2.0,-17.0,2.77,24.7,0.88,1481.0,41.0,Mar 2025,3,sharescart,screener,sharescart,sharescart,VIDYAWIRES.NS,544633.BO,isin_authoritative,ISIN→symbol from official NSE list,match,,Vidya Wires Ltd.,Vidya Wires Limited,match
INE947N01017,Aequs Ltd.,MB,AEQUS,544634,2025-12-03,2025-12-05,2025-12-10,124.00,921.81,Bookbuilding,"BSE, NSE",JM Financial,2025,,,670,chittorgarh,252,chittorgarh,27.3,chittorgarh,413.92,chittorgarh,140.00,chittorgarh,157.00,chittorgarh,135.50,chittorgarh,151.50,chittorgarh,"Repayment and/ or prepayment, in full or in part, of certain outstanding borrowings and prepayment penalties, as applicable, availed by The Company | Repayment and/ or prepayment, in full or in part, of certain outstanding borrowings and prepayment penalties, as applicable, availed by three of the wholly-owned Subsidiaries, through investment in the below Subsidiaries | Funding capital expenditure to be incurred on account of purchase of machinery and equipment by company & wholly-owned Subsidiaries,     AeroStructures Manufacturing   India   Private Limited, through investment in such Subsidiary | Funding inorganic growth through unidentified acquisitions, other strategic initiatives and general corporate purposes | Total",chittorgarh,922,chittorgarh,120.9,80.6,78,101.6,33903.27,11534.08,7444.19,52964.62,19.4,64.48,59.08,118,True,120,14880,-68.9,-102,925,-1.8,812.0,965.0,925.0,40.0,129.0,79.0,-110.0,-14.0,-102.0,-2.33,-0.26,-1.76,279.0,410.0,717.0,664.0,1106.0,785.0,1352.0,1852.0,1903.0,10.0,-19.0,26.0,-11.03,-14.23,1.09,925.0,-102.0,Mar 2025,3,sharescart,screener,sharescart,sharescart,AEQUS.NS,544634.BO,isin_authoritative,ISIN→symbol from official NSE list,match,,Aequs Ltd.,Aequs Limited,match
INE0VDM01015,Meesho Ltd.,MB,MEESHO,544632,2025-12-03,2025-12-05,2025-12-10,111.00,5421.20,Bookbuilding,"BSE, NSE",Kotak Mahindra Capital,2025,,,4250,chittorgarh,1171,chittorgarh,21.6,chittorgarh,2439.54,chittorgarh,161.20,chittorgarh,177.55,chittorgarh,161.20,chittorgarh,170.20,chittorgarh,"Investment for cloud infrastructure, in MTPL, our Subsidiary | Payment of salaries of the existing and replacement hires for the Machine Learning and AI and technology teams for AI and technology development undertaken by MTPL, the Subsidiary | Investment in MTPL, our Subsidiary, for expenditure towards marketing and brand initiatives | Funding inorganic growth through acquisitions and other strategic initiatives and general corporate purposes#",chittorgarh,5421,chittorgarh,120.2,38.2,19.1,79,200596.34,32424.30,10809.73,243830.38,37.8,40.47,16.76,105,True,135,14985,-11.1,-3942,9390,-10,5735.0,7615.0,9390.0,-1799.0,-494.0,-578.0,-1675.0,-328.0,-3942.0,-213.79,-41.82,-452.68,2177.0,2230.0,1445.27,0.0,72.0,58.0,3553.0,4161.0,7226.0,-2303.0,220.0,539.0,-41.98,-272.75,0.04,9390.0,-3942.0,Mar 2025,3,sharescart,screener,sharescart,sharescart,MEESHO.NS,544632.BO,isin_authoritative,ISIN→symbol from official NSE list,match,,Meesho Ltd.,Meesho Limited,match
INE0QPI01025,Sudeep Pharma Ltd.,MB,SUDEEPPHRM,544619,2025-11-21,2025-11-25,2025-11-28,593.00,895.00,Bookbuilding,"BSE, NSE",ICICI Securities,2025,,,95,chittorgarh,800,chittorgarh,89.4,chittorgarh,268.50,chittorgarh,733.95,chittorgarh,795.80,chittorgarh,726.00,chittorgarh,773.70,chittorgarh,Capital expenditure towards procurement of machinery for the production line located at Nandesari Facility I | General corporate purposes,chittorgarh,895,chittorgarh,213.1,116.7,15.7,93.7,38141.08,15669.46,4902.41,58712.94,20.4,89.37,76.15,563,True,25,14825,46.3,139,502,12.8,,459.0,502.0,,182.0,191.0,,133.0,139.0,,945.36,14.27,,356.0,491.0,,78.0,140.0,,514.0,717.0,,66.0,49.0,27.69,28.31,0.29,502.0,139.0,Mar 2025,2,sharescart,screener,sharescart,sharescart,SUDEEPPHRM.NS,544619.BO,isin_authoritative,ISIN→symbol from official NSE list,match,,Sudeep Pharma Ltd.,Sudeep Pharma Limited,match
INE606N01019,Excelsoft Technologies Ltd.,MB,EXCELSOFT,544617,2025-11-19,2025-11-21,2025-11-26,120.00,500.00,Bookbuilding,"BSE, NSE",Anand Rathi Advisors,2025,,,180,chittorgarh,320,chittorgarh,64.0,chittorgarh,150.00,chittorgarh,135.00,chittorgarh,142.65,chittorgarh,125.05,chittorgarh,125.95,chittorgarh,"Funding of capital expenditure for purchase of land and construction of new building at the Mysore Property. | Funding expenditure for upgradation including external electrical systems of the Existing Facility at Mysore, India. | Funding upgradation of the Company’s IT Infrastructure (Software, Hardware and Communications & Network Services). | General Corporate Purposes.",chittorgarh,500,chittorgarh,47.6,101.7,15.6,43.2,5005.67,8027.99,2877.25,15910.90,3.3,94.6,59.09,114,True,125,15000,34.3,35,233,3.5,195.0,198.0,233.0,68.0,55.0,73.0,22.0,13.0,35.0,140.62,79.89,3.47,278.0,298.0,371.0,121.0,78.0,35.0,436.0,421.0,470.0,56.0,56.0,53.0,15.02,9.43,0.09,233.0,35.0,Mar 2025,3,sharescart,screener,sharescart,sharescart,EXCELSOFT.NS,544617.BO,isin_authoritative,ISIN→symbol from official NSE list,match,,Excelsoft Technologies Ltd.,Excelsoft Technologies Limited,match
INE0ILV01024,Capillary Technologies India Ltd.,MB,CAPILLARY,544614,2025-11-14,2025-11-18,2025-11-21,577.00,877.50,Bookbuilding,"BSE, NSE",JM Financial,2025,,,345,chittorgarh,532,chittorgarh,60.6,chittorgarh,393.98,chittorgarh,560.00,chittorgarh,633.00,chittorgarh,560.00,chittorgarh,606.90,chittorgarh,"Funding our cloud infrastructure cost | Investment in research, designing and development of our products and platform | Investment in purchase of computer systems for our business | Funding inorganic growth through unidentified acquisitions and general corporate purposes",chittorgarh,878,chittorgarh,57.3,69.8,15.8,52.9,15041.68,9171.11,1384.86,25612.78,9.5,67.9,52.05,549,True,25,14425,303.7,14,598,1.9,323.0,525.0,598.0,-64.0,-12.0,65.0,-88.0,-57.0,13.0,-16.58,-7.78,1.81,167.0,539.0,569.0,149.0,77.0,100.0,446.0,870.0,838.0,-20.0,97.0,-46.0,2.17,2.28,0.18,598.0,13.0,Mar 2025,3,sharescart,screener,sharescart,sharescart,CAPILLARY.NS,544614.BO,isin_authoritative,ISIN→symbol from official NSE list,match,,Capillary Technologies India Ltd.,Capillary Technologies India Limited,match
INE12UR01024,Fujiyama Power Systems Ltd.,MB,UTLSOLAR,544613,2025-11-13,2025-11-17,2025-11-20,228.00,828.00,Bookbuilding,"BSE, NSE",Motilal Oswal Investment,2025,,,600,chittorgarh,228,chittorgarh,27.5,chittorgarh,246.90,chittorgarh,218.40,chittorgarh,231.00,chittorgarh,205.35,chittorgarh,208.35,chittorgarh,"Part financing the cost of establishing the manufacturing facility in Ratlam, Madhya Pradesh, India | Repayment and/or prepayment of all or a portion of certain outstanding borrowings availed by our Company | General corporate purposes",chittorgarh,828,chittorgarh,5.2,0.9,1,2.1,862.35,113.51,300.64,1284.25,0.2,99.84,86.77,216,True,65,14820,40.7,156,1541,5.6,664,925,1541,53,101,258,24,45,156,1.6,1.6,5.6,193,240,397,67,63,88,515,610,1014,78,85,18,10.12,39.29,0.22,1541,156,Mar 2025,3,sharescart,sharescart,sharescart,sharescart,UTLSOLAR.NS,544613.BO,isin_authoritative,ISIN→symbol from official NSE list,match,,Fujiyama Power Systems Ltd.,Fujiyama Power Systems Limited,match
INE19RI01016,Tenneco Clean Air India Ltd.,MB,TENNIND,544612,2025-11-12,2025-11-14,2025-11-19,397.00,3600.00,Bookbuilding,"BSE, NSE",JM Financial,2025,,,,,3600,chittorgarh,100.0,chittorgarh,1080.00,chittorgarh,498.00,chittorgarh,517.00,chittorgarh,479.75,chittorgarh,491.20,chittorgarh,,,3600,chittorgarh,166.4,40.7,5.1,58.8,125842.82,23106.10,6759.94,155708.87,26.2,100,74.79,378,True,37,14689,29,553,4890,13.7,4827.0,5468.0,4890.0,571.0,613.0,815.0,381.0,417.0,553.0,17.8,19.46,13.68,,,,,,,,,,538.0,488.0,562.0,11.31,34.35,0.00,4890.0,553.0,Mar 2025,3,sharescart,screener,sharescart,sharescart,TENNIND.NS,544612.BO,isin_authoritative,ISIN→symbol from official NSE list,match,,Tenneco Clean Air India Ltd.,Tenneco Clean Air India Limited,match
INE0LP301011,PhysicsWallah Ltd.,MB,PWL,544609,2025-11-11,2025-11-13,2025-11-18,109.00,3480.00,Bookbuilding,"BSE, NSE",Kotak Mahindra Capital,2025,,,3100,chittorgarh,380,chittorgarh,10.9,chittorgarh,1562.85,chittorgarh,143.10,chittorgarh,162.05,chittorgarh,138.50,chittorgarh,155.20,chittorgarh,"Capital expenditure for fit-outs of new offline and hybrid centers of our Company | Expenditure towards lease payments of existing identified offline and hybrid centers operated by our Company | Capital expenditure for fit-outs of new offline centers of Xylem | Lease payments for Xylem’s existing identified offline centers and hostels | Investment in our Subsidiary, Utkarsh Classes & Edutech Private Limited for expenditure towards lease payments for Utkarsh Classes’ existing identified offline centers | Expenditure towards server and cloud related infrastructure costs | Expenditure towards marketing initiatives | Acquisition of additional shareholding in our Subsidiary, Utkarsh Classes & Edutech Private Limited | Funding inorganic growth through unidentified acquisitions and general corporate purposes",chittorgarh,3480,chittorgarh,2.7,0.5,1.1,1.8,2981.98,266.22,388.04,3664.87,12.8,80.7,72.3,103,True,137,14933,-121.1,-243,2887,-0.9,744.0,1941.0,2887.0,-22.0,-157.0,199.0,-84.0,-1131.0,-243.0,-13.57,-173.4,-0.99,-183.0,-1246.0,690.0,956.0,2461.0,1831.0,2080.0,2485.0,4168.0,270.0,212.0,507.0,-8.42,-35.22,2.65,2887.0,-243.0,Mar 2025,3,sharescart,screener,sharescart,sharescart,PWL.NS,544609.BO,isin_authoritative,ISIN→symbol from official NSE list,match,,PhysicsWallah Ltd.,Physicswallah Limited,match
INE1C6T01020,Emmvee Photovoltaic Power Ltd.,MB,EMMVEE,544608,2025-11-11,2025-11-13,2025-11-18,217.00,2900.00,Bookbuilding,"BSE, NSE",JM Financial,2025,,,2144,chittorgarh,756,chittorgarh,26.1,chittorgarh,1305.00,chittorgarh,217.00,chittorgarh,227.80,chittorgarh,206.85,chittorgarh,219.05,chittorgarh,"Repayment/ prepayment, in full or part, of all or certain outstanding borrowings and accrued interest thereon availed by the Company and the Material Subsidiary | General corporate purposes",chittorgarh,2900,chittorgarh,1.3,0.3,1.1,1,1154.37,137.19,336.90,1628.47,,100,80.03,206,True,69,14973,35,369,2336,6.2,618.0,952.0,2336.0,56.0,120.0,722.0,9.0,29.0,369.0,8.28,26.78,68.39,141.0,169.0,537.0,524.0,1447.0,2065.0,838.0,2173.0,3914.0,59.0,234.0,614.0,15.8,68.72,3.85,2336.0,369.0,Mar 2025,3,sharescart,screener,,sharescart,EMMVEE.NS,544608.BO,isin_authoritative,ISIN→symbol from official NSE list,match,,Emmvee Photovoltaic Power Ltd.,Emmvee Photovoltaic Power Limited,match
INE15B701018,Pine Labs Ltd.,MB,PINELABS,544606,2025-11-07,2025-11-11,2025-11-14,221.00,3900.17,Bookbuilding,"BSE, NSE",Axis Capital,2025,,,2080,chittorgarh,1820,chittorgarh,46.7,chittorgarh,1753.83,chittorgarh,242.00,chittorgarh,283.70,chittorgarh,234.05,chittorgarh,251.30,chittorgarh,"Repayment / prepayment, in full or in part, of certain borrowings availed of by our Company and certain of our Subsidiaries, | Investment in certain of our Subsidiaries, namely Qwikcilver Singapore, Pine Payment Solutions, Malaysia and Pine Labs UAE for expanding our presence outside India | Investment in IT assets, expenditure towards cloud infrastructure, technology development initiatives and procurement of DCPs | General corporate purposes and unidentified inorganic acquisitions",chittorgarh,3900,chittorgarh,4,0.3,1.2,2.5,4636.42,177.48,489.36,5324.75,2.5,,,210,True,67,14807,-147.3,-145,2274,-1.5,1598.0,1770.0,2274.0,5.0,-25.0,218.0,-265.0,-342.0,-145.0,-18.99,-4.07,-1.73,3664.02,3466.1,3431.1,514.0,730.0,1046.0,9318.0,9618.0,10698.0,-152.0,-229.0,50.0,-6.38,-4.23,0.3,2274.0,-145.0,Mar 2025,3,sharescart,screener,sharescart,,PINELABS.NS,544606.BO,isin_authoritative,ISIN→symbol from official NSE list,match,,Pine Labs Ltd.,Pine Labs Limited,match
INE0HOQ01053,Billionbrains Garage Ventures Ltd.,MB,GROWW,544603,2025-11-04,2025-11-07,2025-11-12,100.00,6632.30,Bookbuilding,"BSE, NSE",Kotak Mahindra Capital,2025,,,1060,chittorgarh,5572,chittorgarh,84.0,chittorgarh,2984.54,chittorgarh,114.00,chittorgarh,134.34,chittorgarh,112.02,chittorgarh,130.94,chittorgarh,"Expenditure towards cloud infrastructure | Brand building and performance marketing activities | Investment in one of our Material Subsidiaries, GCS, an NBFC, for augmenting its capital base | Investment in one of our Material Subsidiaries, GIT, for funding its MTF business | Funding inorganic growth through unidentified acquisitions and general corporate purposes",chittorgarh,6632,chittorgarh,22,14.2,9.4,17.6,43803.80,14128.99,6254.21,64187.00,5,27.96,27.81,95,True,150,15000,30.3,1824,3902,3.3,1142.0,2794.0,4061.0,399.0,743.0,2530.0,458.0,-805.0,1824.0,67.2,-118.2,9.98,3273.0,2499.0,4812.0,75.0,91.0,610.0,4808.0,8018.0,10076.0,548.0,885.0,-962.0,44.92,37.91,0.13,4061.0,1824.0,Mar 2025,3,sharescart,screener,sharescart,sharescart,GROWW.NS,544603.BO,isin_authoritative,ISIN→symbol from official NSE list,match,,Billionbrains Garage Ventures Ltd.,Billionbrains Garage Ventures Limited,match
INE956O01016,Lenskart Solutions Ltd.,MB,LENSKART,544600,2025-10-31,2025-11-04,2025-11-10,402.00,7278.02,Bookbuilding,"BSE, NSE",Kotak Mahindra Capital,2025,,,2150,chittorgarh,5128,chittorgarh,70.5,chittorgarh,3268.36,chittorgarh,390.00,chittorgarh,413.80,chittorgarh,355.70,chittorgarh,403.30,chittorgarh,"Capital expenditure towards set-up of new CoCo stores in India | Expenditure for lease/rent/license agreements related payments for our CoCo stores operated by the Company, in India | Investing in technology and cloud infrastructure | Brand marketing and business promotion expenses for enhancing brand awareness | Unidentified inorganic acquisitions and general corporate purposes",chittorgarh,7278,chittorgarh,40.3,18.2,7.5,28.3,87909.71,19857.12,5472.68,113317.59,2.5,19.9,17.57,382,True,37,14874,223.3,297,6653,1.8,3788.0,5428.0,6653.0,264.0,680.0,977.0,-64.0,-10.0,297.0,-8.34,-2.26,3.83,5456.0,5482.0,5931.0,934.0,2343.0,2740.0,9462.0,9487.0,10390.0,95.0,487.0,1231.0,4.46,5.01,0.46,6653.0,297.0,Mar 2025,3,sharescart,screener,sharescart,sharescart,LENSKART.NS,544600.BO,isin_authoritative,ISIN→symbol from official NSE list,match,,Lenskart Solutions Ltd.,Lenskart Solutions Limited,match
INE00Q601028,Studds Accessories Ltd.,MB,STUDDS,544599,2025-10-30,2025-11-03,2025-11-07,585.00,455.49,Bookbuilding,"BSE, NSE",IIFL Capital,2025,,,,,455,chittorgarh,100.0,chittorgarh,136.65,chittorgarh,570.00,chittorgarh,585.00,chittorgarh,555.80,chittorgarh,560.45,chittorgarh,,,455,chittorgarh,160,77,22.1,73.3,14574.55,5259.92,3520.85,23355.31,6,78.78,61.75,557,True,25,14625,33.1,70,584,17.7,499.0,529.0,584.0,60.0,91.0,105.0,33.0,57.0,70.0,16.85,29.09,17.7,338.0,388.0,450.0,32.0,9.0,9.0,461.0,486.0,557.0,28.0,96.0,63.0,11.99,15.56,0.02,584.0,70.0,Mar 2025,3,sharescart,screener,sharescart,sharescart,STUDDS.NS,544599.BO,isin_authoritative,ISIN→symbol from official NSE list,match,,Studds Accessories Ltd.,Studds Accessories Limited,match
INE16NZ01023,Orkla India Ltd.,MB,ORKLAINDIA,544595,2025-10-29,2025-10-31,2025-11-06,730.00,1667.54,Bookbuilding,"BSE, NSE",ICICI Securities,2025,,,,,1668,chittorgarh,100.0,chittorgarh,499.60,chittorgarh,751.50,chittorgarh,755.00,chittorgarh,693.35,chittorgarh,713.40,chittorgarh,,,1668,chittorgarh,117.6,54.4,7,48.7,39179.93,13594.12,4108.17,56915.35,9,90,75,695,True,20,14600,39,256,2395,18.7,2172.0,2356.0,2395.0,312.0,341.0,396.0,339.0,226.0,256.0,275.04,168.99,186.65,2239.0,2806.0,2460.0,95.0,64.0,54.0,3102.0,3375.0,3171.0,190.0,296.0,392.0,10.69,10.41,0.02,2395.0,256.0,Mar 2025,3,sharescart,screener,sharescart,sharescart,ORKLAINDIA.NS,544595.BO,isin_authoritative,ISIN→symbol from official NSE list,match,,Orkla India Ltd.,Orkla India Limited,match
INE0XAD01024,Midwest Ltd.,MB,MIDWESTLTD,544587,2025-10-15,2025-10-17,2025-10-24,1065.00,451.10,Bookbuilding,"BSE, NSE",Dam Capital,2025,,,250,chittorgarh,201,chittorgarh,44.6,chittorgarh,135.00,chittorgarh,1165.10,chittorgarh,1189.50,chittorgarh,1123.60,chittorgarh,1141.10,chittorgarh,"Investment in Midwest Neostone, the wholly owned subsidiary, by way of a loan, towards funding capital expenditure for the Phase II Quartz Processing Plant | Capital expenditure for purchase of Electric Dump Trucks to be used by the Company and APGM, the Material Subsidiary | Capital expenditure for integration of solar energy at certain Mines of the Company | Pre-payment/re-payment of, in part or full, certain outstanding borrowings of the Company and APGM | General corporate purposes.",chittorgarh,451,chittorgarh,139.9,168.1,24.3,87.9,13221.80,11915.68,4013.30,29179.29,9.4,88.07,77.13,1014,True,14,14910,27,133,626,39.4,503.0,586.0,626.0,91.0,158.0,175.0,54.0,100.0,133.0,7278.6,999.17,36.2,409.74,495.0,619.0,151.0,124.0,242.0,656.0,757.0,1056.0,-52.0,128.0,87.0,21.25,21.49,0.39,626.0,133.0,Mar 2025,3,sharescart,screener,sharescart,sharescart,MIDWESTLTD.NS,544587.BO,isin_authoritative,ISIN→symbol from official NSE list,match,,Midwest Ltd.,Midwest Limited,match
INE01TY01017,Canara HSBC Life Insurance Co.Ltd.,MB,CANHLIFE,544583,2025-10-10,2025-10-14,2025-10-17,106.00,2517.50,Bookbuilding,"BSE, NSE",SBICAP,2025,,,,,2518,chittorgarh,100.0,chittorgarh,750.32,chittorgarh,106.00,chittorgarh,112.75,chittorgarh,105.95,chittorgarh,111.50,chittorgarh,,,2518,chittorgarh,7.1,0.3,0.4,2.3,3528.68,124.60,363.83,4050.92,2.8,77,62,100,True,140,14840,88.3,117,7850,1.2,8435.0,11841.0,10710.0,-36.0,136.0,131.0,91.0,113.0,117.0,0.96,1.19,1.23,1353.0,1419.0,1517.0,0.0,0.0,0.0,31310.0,38751.0,42914.0,2592.0,2310.0,1208.0,1.09,7.71,0.0,10710.0,117.0,Mar 2025,3,sharescart,screener,sharescart,sharescart,CANHLIFE.NS,544583.BO,isin_authoritative,ISIN→symbol from official NSE list,match,,Canara HSBC Life Insurance Co.Ltd.,Canara HSBC Life Insurance Company Limited,match
INE506V01022,Rubicon Research Ltd.,MB,RUBICON,544578,2025-10-09,2025-10-13,2025-10-16,485.00,1377.68,Bookbuilding,"BSE, NSE",Axis Capital,2025,,,500,chittorgarh,877,chittorgarh,63.6,chittorgarh,619.09,chittorgarh,620.10,chittorgarh,639.00,chittorgarh,590.00,chittorgarh,627.45,chittorgarh,Prepayment or scheduled repayment of all or a portion of certain outstanding borrowings availed by the Company | Funding inorganic growth through unidentified acquisitions and other strategic initiatives and General corporate purposes,chittorgarh,1378,chittorgarh,130.3,97.6,35.5,103.9,56559.14,21191.55,5134.48,82919.51,24.7,77.97,59.99,461,True,30,14550,55.1,134,1284,8.8,394.0,854.0,1284.0,18.0,155.0,256.0,-17.0,91.0,134.0,-33.31,5.98,8.72,286.0,385.0,541.0,320.0,425.0,418.0,750.0,1109.0,1451.0,-75.0,21.0,159.0,10.44,24.77,0.77,1284.0,134.0,Mar 2025,3,sharescart,screener,sharescart,sharescart,RUBICON.NS,544578.BO,isin_authoritative,ISIN→symbol from official NSE list,match,,Rubicon Research Ltd.,Rubicon Research Limited,match
INE218I01013,Canara Robeco Asset Management Co.Ltd.,MB,CRAMC,544580,2025-10-09,2025-10-13,2025-10-16,266.00,1326.13,Bookbuilding,"BSE, NSE",SBICAP,2025,,,,,1326,chittorgarh,100.0,chittorgarh,397.84,chittorgarh,280.25,chittorgarh,318.00,chittorgarh,280.25,chittorgarh,300.25,chittorgarh,,,1326,chittorgarh,25.9,6.5,1.9,9.7,6873.35,1283.77,886.44,9043.56,7.5,100,75,253,True,56,14896,27.7,191,404,9.6,205.0,318.0,404.0,113.0,201.0,264.0,79.0,151.0,191.0,15.85,30.29,9.56,329.0,455.0,600.0,17.0,17.0,16.0,378.0,517.0,674.0,68.0,107.0,157.0,47.28,31.83,0.03,404.0,191.0,Mar 2025,3,sharescart,screener,sharescart,sharescart,CRAMC.NS,544580.BO,isin_authoritative,ISIN→symbol from official NSE list,match,,Canara Robeco Asset Management Co.Ltd.,Canara Robeco Asset Management Company Limited,match
INE324D01010,LG Electronics India Ltd.,MB,LGEINDIA,544576,2025-10-07,2025-10-09,2025-10-14,1140.00,11607.01,Bookbuilding,"BSE, NSE",Morgan Stanley,2025,,,,,11607,chittorgarh,100.0,chittorgarh,3474.90,chittorgarh,1715.00,chittorgarh,1736.40,chittorgarh,1650.05,chittorgarh,1689.40,chittorgarh,,,11607,chittorgarh,166.5,22.4,3.5,54,385732.88,38997.79,14381.10,439294.90,40.4,100,85,1080,True,13,14820,35.1,2203,24367,32.5,19865.0,21352.0,24367.0,1901.0,2229.0,3115.0,1345.0,1511.0,2203.0,,,32.46,4356.0,3772.0,5970.0,318.0,370.0,428.0,8995.0,8498.0,11517.0,1871.0,1665.0,1654.0,9.04,36.9,0.07,24367.0,2203.0,Mar 2025,3,sharescart,screener,sharescart,sharescart,LGEINDIA.NS,544576.BO,isin_authoritative,ISIN→symbol from official NSE list,match,,LG Electronics India Ltd.,LG Electronics India Limited,match
INE1UA823019,Anantam Highways Trust InvIT,MB,ANANTAM,544579,2025-10-07,2025-10-09,2025-10-17,100.00,400.00,Bookbuilding,"BSE, NSE",Nuvama Wealth Management,2025,,,,,,,,,,,,,,,,,,,,,,,,,,5.62,,,,,,,,,,,,,,,,,,0.0,,,-0.0,,,-0.0,,,,,,,,,,,,,,,,,,,0.0,-0.0,Mar 2025,1,nse,screener,,,ANANTAM.NS,544579.BO,chittorgarh_symbol,Chittorgarh nse_symbol (ISIN not in NSE exchange list),unchecked,,Anantam Highways Trust InvIT,,no_ref
INE976I01016,Tata Capital Ltd.,MB,TATACAP,544574,2025-10-06,2025-10-08,2025-10-13,326.00,15511.87,Bookbuilding,"BSE, NSE",Kotak Mahindra Capital,2025,,,6846,chittorgarh,8666,chittorgarh,55.9,chittorgarh,4641.83,chittorgarh,330.00,chittorgarh,332.80,chittorgarh,326.15,chittorgarh,330.40,chittorgarh,Augmentation of the Company’s Tier –Icapital base to meet the Company’s future capital requirements including onward lending,chittorgarh,15512,chittorgarh,3.4,2,1.1,2,10577.97,4598.79,5939.02,21230.12,15.34,95.6,85.41,310,True,46,14996,35.1,3655,28313,9.3,13631.0,18178.0,28324.0,,,,2946.0,3327.0,3655.0,8.51,8.41,9.64,17340.0,23417.0,33191.0,,,,135626.0,176694.0,248465.0,-23190.0,-37999.0,-29872.0,12.9,11.01,4.08,28324.0,3655.0,Mar 2025,3,sharescart,screener,ipowatch,sharescart,TATACAP.NS,544574.BO,isin_authoritative,ISIN→symbol from official NSE list,match,,Tata Capital Ltd.,Tata Capital Limited,match
INE085001019,WeWork India Management Ltd.,MB,WEWORK,544570,2025-10-03,2025-10-07,2025-10-10,648.00,3000.00,Bookbuilding,"BSE, NSE",JM Financial,2025,,,,,3000,chittorgarh,100.0,chittorgarh,1348.26,chittorgarh,646.50,chittorgarh,649.45,chittorgarh,615.00,chittorgarh,624.75,chittorgarh,,,3000,chittorgarh,1.8,0.2,0.6,1.1,1604.87,101.61,182.88,1896.59,,76.21,49.8,615,True,23,14904,65.5,128,1949,9.9,1315.0,1665.0,1949.0,796.0,1047.0,1239.0,-147.0,-136.0,128.0,-26.79,-24.79,9.51,-292.0,-580.0,200.0,481.0,768.0,310.0,4414.0,4483.0,5392.0,942.0,1162.0,1290.0,6.57,64.0,1.55,1949.0,128.0,Mar 2025,3,sharescart,screener,,sharescart,WEWORK.NS,544570.BO,isin_authoritative,ISIN→symbol from official NSE list,match,,WeWork India Management Ltd.,WeWork India Management Limited,match
INE1B0W01010,Advance Agrolife Ltd.,MB,ADVANCE,544562,2025-09-30,2025-10-03,2025-10-08,100.00,192.86,Bookbuilding,"BSE, NSE",Choice Capital,2025,,,193,chittorgarh,0.00,chittorgarh,0.0,chittorgarh,57.77,chittorgarh,113.00,chittorgarh,113.00,chittorgarh,107.35,chittorgarh,108.23,chittorgarh,Funding Working Capital requirements of the Company. | General corporate purposes.,chittorgarh,193,chittorgarh,27.3,175.3,23.1,56.9,1051.56,5063.28,1554.00,7680.37,10.0,99.84,69.89,95,True,150,15000,17.5,26,502,5.7,,451.0,496.0,,40.0,49.0,,25.0,26.0,,54.96,5.7,,75.0,101.0,,45.0,80.0,,260.0,351.0,,15.0,6.0,5.24,25.74,0.79,496.0,26.0,Mar 2025,2,sharescart,screener,ipowatch,sharescart,ADVANCE.NS,544562.BO,isin_authoritative,ISIN→symbol from official NSE list,match,,Advance Agrolife Ltd.,Advance Agrolife Limited,match
INE1BZC01019,Om Freight Forwarders Ltd.,MB,OMFREIGHT,544564,2025-09-29,2025-10-03,2025-10-08,135.00,122.31,Bookbuilding,"BSE, NSE",Smart Horizon Capital,2025,,,24,chittorgarh,98,chittorgarh,80.3,chittorgarh,15.90,chittorgarh,82.50,chittorgarh,86.60,chittorgarh,82.50,chittorgarh,86.60,chittorgarh,Funding of the capital expenditure requirements of the company related to the acquisitionof commercial vehicleand heavy equipment | General corporate purposes,chittorgarh,122,chittorgarh,4,7.4,2.7,3.9,71.91,176.12,161.72,413.18,7.41,99.04,72.184,128,True,111,14985,19.6,22,490,6.9,471.0,410.0,489.0,34.0,12.0,38.0,27.0,10.0,22.0,2395.06,912.7,6.9,139.11,151.11,174.0,9.0,26.0,29.0,306.0,269.0,312.0,6.0,38.0,40.0,4.5,12.64,0.17,489.0,22.0,Mar 2025,3,sharescart,screener,ipowatch,sharescart,OMFREIGHT.NS,544564.BO,isin_authoritative,ISIN→symbol from official NSE list,match,,Om Freight Forwarders Ltd.,Om Freight Forwarders Limited,match
INE0TQE01026,Glottis Ltd.,MB,GLOTTIS,544557,2025-09-29,2025-10-01,2025-10-07,129.00,307.00,Bookbuilding,"BSE, NSE",Pantomath Capital,2025,,,160,chittorgarh,147,chittorgarh,47.9,chittorgarh,55.26,chittorgarh,88.00,chittorgarh,93.00,chittorgarh,81.10,chittorgarh,83.85,chittorgarh,Funding of capital expenditure requirements of the Company towards purchase of commercial vehicles and containers; and | General Corporate Purposes,chittorgarh,307,chittorgarh,1.9,3,1.4,2.1,67.88,283.84,180.96,532.69,11.63,99.98,73.36,120,True,114,14706,18.4,56,941,7,479,497,941,34,43,80,23,31,56,2.8,3.9,7,10,42,99,32,0,2,72,81,156,25,7,1,5.95,56.57,0.02,941,56,Mar 2025,3,sharescart,sharescart,ipowatch,sharescart,GLOTTIS.NS,544557.BO,isin_authoritative,ISIN→symbol from official NSE list,match,,Glottis Ltd.,Glottis Limited,match
INE0HF201011,Fabtech Technologies Ltd.,MB,FABTECH,544558,2025-09-29,2025-10-01,2025-10-07,191.00,230.30,Bookbuilding,"BSE, NSE",Unistone Capital,2025,,,230,chittorgarh,0.00,chittorgarh,0.0,chittorgarh,,,191.00,chittorgarh,192.00,chittorgarh,181.45,chittorgarh,182.30,chittorgarh,Funding working capital requirements of the Company | Pursuing inorganic growth initiatives through acquisitions | General Corporate Purposes,chittorgarh,230,chittorgarh,2,2,2.1,2,231.39,67.66,167.23,468.38,18.32,94.61,68.94,181,True,75,14325,13.4,46,327,14.3,194.0,226.0,327.0,25.0,35.0,39.0,22.0,27.0,46.0,78.0,92.44,14.34,89.0,132.0,173.0,35.0,13.0,84.0,214.0,269.0,427.0,-14.0,60.0,-36.0,14.07,26.59,0.49,327.0,46.0,Mar 2025,3,sharescart,screener,ipowatch,sharescart,FABTECH.NS,544558.BO,isin_authoritative,ISIN→symbol from official NSE list,match,,Fabtech Technologies Ltd.,Fabtech Technologies Limited,match
INE0S3G01027,Pace Digitek Ltd.,MB,PACEDIGITK,544550,2025-09-26,2025-09-30,2025-10-06,219.00,819.15,Bookbuilding,"BSE, NSE",Unistone Capital,2025,,,819,chittorgarh,0.00,chittorgarh,0.0,chittorgarh,245.14,chittorgarh,226.85,chittorgarh,231.00,chittorgarh,206.90,chittorgarh,217.50,chittorgarh,Funding the Capital Expenditure requirement. | General corporate purposes.,chittorgarh,819,chittorgarh,1.6,2.9,1,1.6,275.53,374.69,309.47,963.72,12.33,84.07,69.5,208,True,68,14892,13.4,279,2439,16.3,503.0,2434.0,2439.0,29.0,403.0,485.0,17.0,230.0,279.0,28.58,438.88,15.0,318.0,540.0,1170.0,192.0,494.0,162.0,840.0,2254.0,2649.0,-44.0,214.0,-176.0,11.44,23.85,0.14,2439.0,279.0,Mar 2025,3,sharescart,screener,ipowatch,sharescart,PACEDIGITK.NS,544550.BO,isin_authoritative,ISIN→symbol from official NSE list,match,,Pace Digitek Ltd.,Pace Digitek Limited,match
INE0MWH01014,Trualt Bioenergy Ltd.,MB,TRUALT,544545,2025-09-25,2025-09-29,2025-10-03,496.00,839.28,Bookbuilding,"BSE, NSE",Dam Capital,2025,,,750,chittorgarh,89,chittorgarh,10.6,chittorgarh,251.78,chittorgarh,550.00,chittorgarh,550.00,chittorgarh,512.55,chittorgarh,530.85,chittorgarh,Funding capital expenditure towards setting- up multi-feed stock operations to pave- way for utilizing grains as an additional raw material in ethanol plant at TBL Unit 4 of 300 KLPD capacity. | Funding the working capital requirements. | General corporate purposes,chittorgarh,839,chittorgarh,159.2,98.6,11,71.9,27723.02,12971.93,3377.97,44072.91,11.09,88.2,70.55,472,True,30,14880,23.7,147,1908,20.9,762.0,1223.0,1908.0,105.0,188.0,309.0,35.0,32.0,147.0,5.81,5.21,20.76,240.0,265.0,769.0,1150.0,1685.0,1557.0,1856.0,2418.0,3030.0,233.0,35.0,329.0,7.7,19.12,2.02,1908.0,147.0,Mar 2025,3,sharescart,screener,ipowatch,sharescart,TRUALT.NS,544545.BO,isin_authoritative,ISIN→symbol from official NSE list,match,,Trualt Bioenergy Ltd.,TruAlt Bioenergy Limited,match
INE1FF001016,Jinkushal Industries Ltd.,MB,JKIPL,544547,2025-09-25,2025-09-29,2025-10-03,121.00,116.15,Bookbuilding,"BSE, NSE",GYR Capital,2025,,,105,chittorgarh,12,chittorgarh,10.3,chittorgarh,34.83,chittorgarh,125.00,chittorgarh,128.00,chittorgarh,118.75,chittorgarh,121.60,chittorgarh,Funding the working capital requirements of the Company | General Corporate Purposes,chittorgarh,116,chittorgarh,35.7,146.4,47.1,65.1,828.99,2550.61,1915.00,5294.59,42.98,100,74.99,115,True,120,14520,19.5,19,381,6.2,,239.0,381.0,,23.0,23.0,,19.0,19.0,,1341.01,1315.83,,43.14,86.14,,46.0,55.0,,109.0,179.0,,-24.0,-11.0,4.99,22.06,0.64,381.0,19.0,Mar 2025,2,sharescart,screener,ipowatch,sharescart,JKIPL.NS,544547.BO,isin_authoritative,ISIN→symbol from official NSE list,match,,Jinkushal Industries Ltd.,Jinkushal Industries Limited,match
INE0MLS01022,Epack Prefab Technologies Ltd.,MB,EPACKPEB,544540,2025-09-24,2025-09-26,2025-10-01,204.00,504.00,Bookbuilding,"BSE, NSE",Monarch Networth Capital,2025,,,300,chittorgarh,204,chittorgarh,40.5,chittorgarh,151.20,chittorgarh,186.10,chittorgarh,197.75,chittorgarh,183.85,chittorgarh,191.10,chittorgarh,"Financing the capital expenditure requirements for setting up new manufacturing facility at Ghiloth Industrial Area, Shahjahanpur, Alwar in Rajasthan for manufacturing of continuous Sandwich Insulated Panels and pre- engineered steel building (“Project”) | Financing the capital expenditure towards expansion of existing manufacturing facility at Mambattu (Unit 4) in Andhra Pradesh for increasing the pre- engineered steel building capacity | Repayment and/or pre-payment, in full or part, of certain borrowings availed by the Company | General corporate purposes",chittorgarh,504,chittorgarh,5.1,3.7,1.7,3.1,513.34,286.84,307.52,1107.70,9.31,87.27,64.54,194,True,73,14892,26.5,59,1134,7.7,657.0,905.0,1134.0,52.0,87.0,116.0,24.0,43.0,59.0,61.85,110.85,7.65,126.0,169.0,353.0,109.0,150.0,216.0,432.0,614.0,931.0,2.0,72.0,62.0,5.2,16.71,0.61,1134.0,59.0,Mar 2025,3,sharescart,screener,ipowatch,sharescart,EPACKPEB.NS,544540.BO,isin_authoritative,ISIN→symbol from official NSE list,match,,Epack Prefab Technologies Ltd.,EPack Prefab Technologies Limited,match
INE965W01036,BMW Ventures Ltd.,MB,BMWVENTLTD,544543,2025-09-24,2025-09-26,2025-10-01,99.00,231.66,Bookbuilding,"BSE, NSE",Sarthi Capital Advisors,2025,,,232,chittorgarh,0.00,chittorgarh,0.0,chittorgarh,,,80.00,chittorgarh,80.00,chittorgarh,76.00,chittorgarh,76.00,chittorgarh,Funding working capital requirements of the Company. | General Corporate Purposes. | Total,chittorgarh,232,chittorgarh,3.1,3,1,1.5,7.17,168.48,172.51,348.16,4.04,100,73.02,94,True,151,14949,19,33,2062,5.2,2015.0,1938.0,2062.0,65.0,70.0,83.0,33.0,30.0,33.0,20.63,4.73,5.18,157.0,186.0,210.0,288.0,395.0,428.0,482.0,646.0,676.0,-84.0,-53.0,50.0,1.6,15.71,2.04,2062.0,33.0,Mar 2025,3,sharescart,screener,ipowatch,sharescart,BMWVENTLTD.NS,544543.BO,isin_authoritative,ISIN→symbol from official NSE list,match,,BMW Ventures Ltd.,BMW Ventures Limited,match
INE0YD401026,Jain Resource Recycling Ltd.,MB,JAINREC,544537,2025-09-24,2025-09-26,2025-10-01,232.00,1250.00,Bookbuilding,"BSE, NSE",Dam Capital,2025,,,500,chittorgarh,750,chittorgarh,60.0,chittorgarh,562.50,chittorgarh,265.25,chittorgarh,318.25,chittorgarh,247.80,chittorgarh,318.25,chittorgarh,Pre-payment or scheduled re-payment of a portion of certain outstanding borrowings availed by the Company. | General corporate purposes.,chittorgarh,1250,chittorgarh,25.3,5.3,3.6,15.9,10000.35,1047.36,476.78,11524.49,9.91,88.01,73.59,220,True,64,14848,32.2,223,7126,7.2,3064.0,4428.0,7126.0,127.0,231.0,375.0,92.0,164.0,223.0,22.96,39.93,6.93,199.0,369.0,726.0,739.0,914.0,928.0,1116.0,1529.0,1836.0,11.0,33.0,4.0,3.13,30.72,1.28,7126.0,223.0,Mar 2025,3,sharescart,screener,ipowatch,sharescart,JAINREC.NS,544537.BO,isin_authoritative,ISIN→symbol from official NSE list,match,,Jain Resource Recycling Ltd.,Jain Resource Recycling Limited,match
INE549H01021,Anand Rathi Share & Stock Brokers Ltd.,MB,ARSSBL,544530,2025-09-23,2025-09-25,2025-09-30,414.00,745.64,Bookbuilding,"BSE, NSE",Nuvama Wealth Management,2025,,,746,chittorgarh,0.00,chittorgarh,0.0,chittorgarh,220.50,chittorgarh,432.10,chittorgarh,458.50,chittorgarh,432.00,chittorgarh,445.65,chittorgarh,Funding long-term working capital requirements of the Company | General corporate purposes,chittorgarh,746,chittorgarh,43.8,28.6,4.78,20.66,,,,,7.0,,,,,,,,,,,468.0,682.0,846.0,115.0,231.0,311.0,38.0,77.0,104.0,18.72,17.43,23.36,265.0,392.0,504.0,432.0,888.0,914.0,1629.0,2585.0,3365.0,15.0,187.0,692.0,12.29,20.63,1.81,846.0,104.0,Mar 2025,3,nse,screener,investorgain,,ARSSBL.NS,544530.BO,isin_authoritative,ISIN→symbol from official NSE list,match,,Anand Rathi Share & Stock Brokers Ltd.,Anand Rathi Share and Stock Brokers Limited,match
INE04VU01023,Seshaasai Technologies Ltd.,MB,STYL,544533,2025-09-23,2025-09-25,2025-09-30,423.00,813.28,Bookbuilding,"BSE, NSE",IIFL Capital,2025,,,480,chittorgarh,333,chittorgarh,41.0,chittorgarh,243.32,chittorgarh,436.00,chittorgarh,436.95,chittorgarh,405.80,chittorgarh,411.50,chittorgarh,"Funding capital expenditure for the expansion of existing manufacturing units | Repayment and / or prepayyment, in part or in full, of certain outstanding borrowings of the Compan | General corporate purposes",chittorgarh,813,chittorgarh,189.6,49.9,9.2,68.1,30717.76,6256.11,2682.09,39677.00,24.59,95,81.8,402,True,35,14805,28,222,1463,15.1,,1558.0,1463.0,,292.0,361.0,,169.0,222.0,,114.68,15.06,,434.0,639.0,,350.0,379.0,,958.0,1160.0,,200.0,168.0,15.17,34.74,0.59,1463.0,222.0,Mar 2025,2,sharescart,screener,ipowatch,sharescart,STYL.NS,544533.BO,isin_authoritative,ISIN→symbol from official NSE list,match,,Seshaasai Technologies Ltd.,Seshaasai Technologies Limited,match
INE00YJ01010,Jaro Institute of Technology Management & Research Ltd.,MB,JARO,544534,2025-09-23,2025-09-25,2025-09-30,890.00,450.00,Bookbuilding,"BSE, NSE",Nuvama Wealth Management,2025,,,170,chittorgarh,280,chittorgarh,62.2,chittorgarh,135.00,chittorgarh,890.00,chittorgarh,890.00,chittorgarh,718.00,chittorgarh,745.05,chittorgarh,"Marketing, brand building and advertising activities | Prepayment or scheduled re-payment of a portion of certain outstanding borrowings availed by the Company | General corporate purposes",chittorgarh,450,chittorgarh,35.4,35.5,8.7,22.1,3347.32,2519.26,1443.11,7309.69,4.83,78.28,57.33,846,True,16,14240,34.9,52,252,25.5,122,199,252,26,66,85,12,41,52,5.8,20.3,25.5,75,117,172,3,1,0,166,220,284,3,-17,-23,20.63,30.23,0.00,252,52,Mar 2025,3,sharescart,sharescart,investorgain,sharescart,JARO.NS,544534.BO,isin_authoritative,ISIN→symbol from official NSE list,match,,Jaro Institute of Technology Management & Research Ltd.,Jaro Institute of Technology Management and Research Limited,match
INE0TY101024,Solarworld Energy Solutions Ltd.,MB,SOLARWORLD,544532,2025-09-23,2025-09-25,2025-09-30,351.00,490.00,Bookbuilding,"BSE, NSE",Nuvama Wealth Management,2025,,,440,chittorgarh,50,chittorgarh,10.2,chittorgarh,220.50,chittorgarh,389.00,chittorgarh,389.00,chittorgarh,320.50,chittorgarh,323.20,chittorgarh,"Investment in the Subsidiary, KSPL for partfinancing the establishment of the Pandhurana Project | General corporate purposes | Total",chittorgarh,490,chittorgarh,70.4,64.7,49.2,65,10912.77,5014.55,2538.65,18465.97,11.4,78.7,65.67,333,True,42,14742,32.8,77,545,10.7,232.0,501.0,545.0,21.0,69.0,107.0,15.0,52.0,77.0,463.75,1615.31,10.39,22.32,73.32,309.0,65.0,61.0,115.0,120.0,155.0,598.0,-7.0,7.0,54.0,14.13,24.92,0.37,545.0,77.0,Mar 2025,3,sharescart,screener,investorgain,sharescart,SOLARWORLD.NS,544532.BO,isin_authoritative,ISIN→symbol from official NSE list,match,,Solarworld Energy Solutions Ltd.,Solarworld Energy Solutions Limited,match
INE0Z4F01028,Atlanta Electricals Ltd.,MB,ATLANTAELE,544527,2025-09-22,2025-09-24,2025-09-29,754.00,687.85,Bookbuilding,"BSE, NSE",Motilal Oswal Investment,2025,,,401,chittorgarh,287,chittorgarh,41.7,chittorgarh,204.70,chittorgarh,858.10,chittorgarh,863.70,chittorgarh,806.00,chittorgarh,823.35,chittorgarh,"Repayment/ prepayment, in full or in part, of certain outstanding borrowings availed by the Company | Funding working capital requirements of the Company | General corporate purposes",chittorgarh,688,chittorgarh,194.9,54.2,10.4,70.6,26530.14,5708.98,2560.56,34818.80,16.71,94.36,87.27,718,True,19,14326,45.4,119,1244,16.6,874.0,868.0,1244.0,140.0,119.0,194.0,87.0,64.0,119.0,61.1,44.37,16.57,165.0,228.0,350.0,74.0,49.0,146.0,561.0,559.0,866.0,52.0,88.0,84.0,9.57,34.0,0.42,1244.0,119.0,Mar 2025,3,sharescart,screener,ipowatch,sharescart,ATLANTAELE.NS,544527.BO,isin_authoritative,ISIN→symbol from official NSE list,match,,Atlanta Electricals Ltd.,Atlanta Electricals Limited,match
INE652V01016,Ganesh Consumer Products Ltd.,MB,GANESHCP,544528,2025-09-22,2025-09-24,2025-09-29,322.00,408.80,Bookbuilding,"BSE, NSE",Dam Capital,2025,,,130,chittorgarh,279,chittorgarh,68.2,chittorgarh,122.34,chittorgarh,295.00,chittorgarh,308.90,chittorgarh,291.50,chittorgarh,293.95,chittorgarh,"Prepayment and/or repayment of all or a portion of certain outstanding borrowings availed by the Company | Funding capital expenditure for the setting up of a roasted gram flour and gram flour manufacturing unit in Darjeeling, West Bengal; and | General corporate purposes",chittorgarh,409,chittorgarh,4.2,4.3,1.1,2.7,328.08,269.70,166.31,766.46,2.8,75.28,64.08,306,True,46,14812,33.2,35,850,9.7,611.0,759.0,850.0,56.0,64.0,73.0,27.0,27.0,35.0,7.45,7.42,9.74,204.0,221.0,226.0,105.0,52.0,72.0,343.0,309.0,342.0,-13.0,88.0,46.0,4.12,15.49,0.32,850.0,35.0,Mar 2025,3,sharescart,screener,investorgain,sharescart,GANESHCP.NS,544528.BO,isin_authoritative,ISIN→symbol from official NSE list,match,,Ganesh Consumer Products Ltd.,Ganesh Consumer Products Limited,match
INE1AG301022,GK Energy Ltd.,MB,GKENERGY,544525,2025-09-19,2025-09-23,2025-09-26,153.00,464.26,Bookbuilding,"BSE, NSE",IIFL Capital,2025,,,400,chittorgarh,64,chittorgarh,13.8,chittorgarh,139.28,chittorgarh,165.00,chittorgarh,175.95,chittorgarh,165.00,chittorgarh,167.75,chittorgarh,Funding our long term working capital requirements | General corporate purposes,chittorgarh,464,chittorgarh,186.3,122.7,20.8,89.6,17921.25,8952.71,3539.06,30413.02,30.07,99.34,79.2,145,True,98,14994,19.4,133,1095,7.9,,411.0,1095.0,,54.0,200.0,,36.0,133.0,,277.62,7.83,,56.0,209.0,,62.0,218.0,,214.0,584.0,,-5.0,-99.0,12.15,63.64,1.04,1095.0,133.0,Mar 2025,2,sharescart,screener,ipowatch,sharescart,GKENERGY.NS,544525.BO,isin_authoritative,ISIN→symbol from official NSE list,match,,GK Energy Ltd.,GK Energy Limited,match
INE13B501022,Saatvik Green Energy Ltd.,MB,SAATVIKGL,544526,2025-09-19,2025-09-23,2025-09-26,465.00,900.20,Bookbuilding,"BSE, NSE",Dam Capital,2025,,,700,chittorgarh,200,chittorgarh,22.2,chittorgarh,269.40,chittorgarh,460.00,chittorgarh,464.35,chittorgarh,427.10,chittorgarh,439.70,chittorgarh,"Prepayment or scheduled re-payment, in full or in part, of all or a portion of certain outstanding borrowings availed by the Company | Investment in the wholly owned Subsidiary, Saatvik Solar Industries Private Limited, in the form of debt or equity for repayment/prepayment of borrowings, in full or in part, of all or a portion of certain outstanding borrowings availed by such Subsidiary | Investment in the wholly owned Subsidiary, Saatvik Solar Industries Private Limited, for setting up of a 4 GW solar PV module manufacturing facility at National Highway – 16, Chamakhandi, Gopalpur Industrial Park, Gopalpur, Ganjam – 761 020, Odisha. (“Project Site”) | General corporate purposes",chittorgarh,900,chittorgarh,10.8,10,2.7,6.6,2047.30,1423.03,879.42,4362.10,5.59,90.05,75.99,442,True,32,14880,24.3,214,2158,19.1,609.0,1088.0,2158.0,15.0,148.0,322.0,5.0,100.0,214.0,14.05,297.1,19.11,20.0,120.0,337.0,153.0,280.0,503.0,263.0,688.0,1636.0,5.0,44.0,43.0,9.92,63.5,1.49,2158.0,214.0,Mar 2025,3,sharescart,screener,ipowatch,sharescart,SAATVIKGL.NS,544526.BO,isin_authoritative,ISIN→symbol from official NSE list,match,,Saatvik Green Energy Ltd.,Saatvik Green Energy Limited,match
INE056801025,Ivalue Infosolutions Ltd.,MB,IVALUE,544523,2025-09-18,2025-09-22,2025-09-25,299.00,560.29,Bookbuilding,"BSE, NSE",IIFL Capital,2025,,,,,560,chittorgarh,100.0,chittorgarh,168.09,chittorgarh,285.00,chittorgarh,298.00,chittorgarh,274.05,chittorgarh,281.75,chittorgarh,,,560,chittorgarh,3.2,1.3,1.3,1.8,355.88,106.22,250.29,712.38,7.02,39.04,32.73,284,True,50,14950,18.7,85,923,16,797.0,780.0,923.0,84.0,101.0,115.0,60.0,71.0,85.0,142.47,168.69,20.32,299.0,370.0,462.0,81.0,78.0,71.0,1080.0,1004.0,1163.0,-23.0,66.0,46.0,9.21,18.4,0.15,923.0,85.0,Mar 2025,3,sharescart,screener,ipowatch,sharescart,IVALUE.NS,544523.BO,isin_authoritative,ISIN→symbol from official NSE list,match,,Ivalue Infosolutions Ltd.,Ivalue Infosolutions Limited,match
INE0SJA01013,VMS TMT Ltd.,MB,VMSTMT,544521,2025-09-17,2025-09-19,2025-09-24,99.00,148.50,Bookbuilding,"BSE, NSE",Arihant Capital,2025,,,149,chittorgarh,0.00,chittorgarh,0.0,chittorgarh,26.73,chittorgarh,105.00,chittorgarh,105.00,chittorgarh,99.75,chittorgarh,99.75,chittorgarh,"Repayment/ prepayment, in full or part, of all or a portion of certain borrowings availed by the Company | General corporate purposes",chittorgarh,149,chittorgarh,120.8,227.1,47.9,102.3,2152.70,6744.68,3555.22,12452.61,10.1,96.28,67.18,94,True,150,14850,23,15,770,4.3,882.0,873.0,770.0,22.0,41.0,47.0,4.0,13.0,15.0,3.33,10.1,4.26,,,,,,,,,,-11.0,37.0,-18.0,1.95,20.55,1.71,770.0,15.0,Mar 2025,3,sharescart,screener,ipowatch,sharescart,VMSTMT.NS,544521.BO,isin_authoritative,ISIN→symbol from official NSE list,match,,VMS TMT Ltd.,VMS TMT Limited,match
INE198501012,Euro Pratik Sales Ltd.,MB,EUROPRATIK,544519,2025-09-16,2025-09-18,2025-09-23,247.00,451.31,Bookbuilding,"BSE, NSE",Axis Capital,2025,,,,,451,chittorgarh,100.0,chittorgarh,134.97,chittorgarh,273.45,chittorgarh,279.55,chittorgarh,247.00,chittorgarh,248.25,chittorgarh,,,451,chittorgarh,1,1.9,1.2,1.3,98.86,136.21,202.94,444.06,2.43,87.97,70.09,235,True,60,14820,32.9,76,284,7.5,,221.0,284.0,,81.0,101.0,,63.0,76.0,,317.25,7.51,,156.0,234.0,,13.0,19.0,,174.0,274.0,,75.0,-31.0,26.76,32.48,0.08,284.0,76.0,Mar 2025,2,sharescart,screener,ipowatch,sharescart,EUROPRATIK.NS,544519.BO,isin_authoritative,ISIN→symbol from official NSE list,match,,Euro Pratik Sales Ltd.,Euro Pratik Sales Limited,match
INE1B3L01017,Shringar House of Mangalsutra Ltd.,MB,SHRINGARMS,544512,2025-09-10,2025-09-12,2025-09-17,165.00,400.95,Bookbuilding,"BSE, NSE",Choice Capital,2025,,,401,chittorgarh,0.00,chittorgarh,0.0,chittorgarh,120.19,chittorgarh,187.70,chittorgarh,191.00,chittorgarh,182.45,chittorgarh,184.85,chittorgarh,Funding Working Capital requirements of the Company | General Corporate purposes,chittorgarh,401,chittorgarh,101.4,82.6,27.2,60.3,8125.35,4962.76,3816.42,16927.61,15.76,99.99,74.8,155,True,90,14850,19.2,61,1430,8.6,950.0,1102.0,1430.0,38.0,50.0,92.0,23.0,31.0,61.0,26.35,35.09,8.47,106.0,137.0,201.0,93.0,110.0,123.0,212.0,265.0,376.0,13.0,-14.0,-7.0,4.27,30.35,0.61,1430.0,61.0,Mar 2025,3,sharescart,screener,ipowatch,sharescart,SHRINGARMS.NS,544512.BO,isin_authoritative,ISIN→symbol from official NSE list,match,,Shringar House of Mangalsutra Ltd.,Shringar House of Mangalsutra Limited,match
INE0VOV01021,Dev Accelerator Ltd.,MB,DEVX,544513,2025-09-10,2025-09-12,2025-09-17,61.00,143.35,Bookbuilding,"BSE, NSE",Pantomath Capital,2025,,,143,chittorgarh,0.00,chittorgarh,0.0,chittorgarh,63.15,chittorgarh,61.30,chittorgarh,64.36,chittorgarh,59.00,chittorgarh,64.36,chittorgarh,"Capital expenditure for fit-outs in the new Centres and for security deposits of the new Centres. | Repayment and/or pre-payment, in full or part, of certain borrowings availed by our Company including redemption of NCDs | General corporate purposes",chittorgarh,143,chittorgarh,20.3,88,164.7,64,854.82,1851.83,2311.61,5130.22,14.75,49.8,36.81,56,True,235,14335,203.3,2,159,0.3,70.0,108.0,159.0,30.0,65.0,80.0,-13.0,0.0,2.0,-10516.39,316.18,0.26,-1.99,25.01,51.0,239.0,328.0,389.0,282.0,411.0,540.0,26.0,8.0,94.0,1.26,3.92,7.63,159.0,2.0,Mar 2025,3,sharescart,screener,ipowatch,sharescart,DEVX.NS,544513.BO,isin_authoritative,ISIN→symbol from official NSE list,match,,Dev Accelerator Ltd.,Dev Accelerator Limited,match
INE0CAZ01013,Urban Co.Ltd.,MB,URBANCO,544515,2025-09-10,2025-09-12,2025-09-17,103.00,1900.24,Bookbuilding,"BSE, NSE",Kotak Mahindra Capital,2025,,,472,chittorgarh,1428,chittorgarh,75.2,chittorgarh,853.87,chittorgarh,161.00,chittorgarh,179.00,chittorgarh,161.00,chittorgarh,167.05,chittorgarh,Expenditure for new technology development and cloud infrastructure | Expenditure for lease payments for the offices | Expenditure towards marketing activities | General corporate purposes,chittorgarh,1900,chittorgarh,140.2,74,39.2,103.6,83881.66,22148.44,7827.54,113964.08,19.42,19.95,20.43,98,True,145,14935,60.6,240,1144,1.7,637.0,828.0,1144.0,-364.0,-146.0,-40.0,-312.0,-93.0,240.0,-16890.81,-5009.18,4.9,1339.02,1292.02,1795.0,102.0,104.0,120.0,1636.0,1645.0,2210.0,-238.0,-86.0,55.0,20.98,13.37,0.07,1144.0,240.0,Mar 2025,3,sharescart,screener,ipowatch,sharescart,URBANCO.NS,544515.BO,isin_authoritative,ISIN→symbol from official NSE list,match,,Urban Co.Ltd.,Urban Company Limited,match
INE084K01015,Amanta Healthcare Ltd.,MB,AMANTA,544502,2025-09-01,2025-09-03,2025-09-09,126.00,126.00,Bookbuilding,"BSE, NSE",Beeline Capital,2025,,,126,chittorgarh,0.00,chittorgarh,0.0,chittorgarh,37.80,chittorgarh,134.00,chittorgarh,140.65,chittorgarh,132.00,chittorgarh,140.65,chittorgarh,"Funding capital expenditure requirements for civil construction work and towards purchase of equipment, plant and machinery for setting up new manufacturing line of SteriPort at Hariyala, Kheda, Gujarat | Funding capital expenditure requirements towards civil construction work, purchase of equipment, plant and machinery for setting up new manufacturing line for SVP at Hariyala, Kheda, Gujarat | General corporate purposes",chittorgarh,126,chittorgarh,35.9,209.4,55,82.6,903.70,3958.11,2424.53,7286.34,16.67,61.53,,120,True,119,14994,34.1,11,275,3.7,259.0,280.0,275.0,53.0,58.0,60.0,-2.0,4.0,10.0,-0.79,1.35,3.64,63.0,66.0,97.0,216.0,211.0,204.0,374.0,352.0,382.0,43.0,58.0,47.0,3.64,10.31,2.1,275.0,10.0,Mar 2025,3,sharescart,screener,ipowatch,,AMANTA.NS,544502.BO,isin_authoritative,ISIN→symbol from official NSE list,match,,Amanta Healthcare Ltd.,Amanta Healthcare Limited,match
INE0Y8W01025,Anlon Healthcare Ltd.,MB,AHCL,544497,2025-08-26,2025-08-29,2025-09-03,91.00,121.03,Bookbuilding,"BSE, NSE",Interactive Financial,2025,,,121,chittorgarh,0.00,chittorgarh,0.0,chittorgarh,,,91.00,chittorgarh,92.00,chittorgarh,89.00,chittorgarh,91.66,chittorgarh,Funding  capital  expenditure  requirements  for Proposed Expansion | Full  or  part  repayment and/or  prepayment  of certain outstanding secured borrowingssecured borrowing (term loan)availed by the Company | Funding the working capital requirements of the Company | General corporate purposes | Total,chittorgarh,121,chittorgarh,1.1,10.6,47.3,7.1,97.27,192.57,572.50,862.34,6.59,70.26,52.68,86,True,164,14924,14.2,21,120,6.4,,,120.0,,,32.0,,,21.0,,,0.51,,,81.0,,,67.0,,,181.0,,,,17.5,25.93,0.83,120.0,21.0,Mar 2025,1,sharescart,screener,ipowatch,sharescart,AHCL.NS,544497.BO,isin_authoritative,ISIN→symbol from official NSE list,match,,Anlon Healthcare Ltd.,Anlon Healthcare Limited,match
INE01R501028,Vikran Engineering Ltd.,MB,VIKRAN,544496,2025-08-26,2025-08-29,2025-09-03,97.00,772.00,Bookbuilding,"BSE, NSE",Pantomath Capital,2025,,,721,chittorgarh,51,chittorgarh,6.6,chittorgarh,231.60,chittorgarh,99.70,chittorgarh,101.73,chittorgarh,93.26,chittorgarh,95.64,chittorgarh,Funding working capital requirements of the Company. | General corporate purposes.,chittorgarh,772,chittorgarh,0,0,0,0,821.77,1824.47,2033.21,4679.45,14.43,86.18,62.91,70,True,3200,240000,9.9,9,94,7.6,,,916.0,,,160.0,,,78.0,,,4.24,,,468.0,,,274.0,,,1355.0,,,-129.0,8.52,16.67,0.59,916.0,78.0,Mar 2025,1,sharescart,screener,ipowatch,sharescart,VIKRAN.NS,544496.BO,isin_authoritative,ISIN→symbol from official NSE list,match,,Vikran Engineering Ltd.,Vikran Engineering Limited,match
INE0PKD01011,Mangal Electrical Industries Ltd.,MB,MEIL,544492,2025-08-20,2025-08-22,2025-08-28,561.00,400.00,Bookbuilding,"BSE, NSE",Systematix Corporate,2025,,,400,chittorgarh,0.00,chittorgarh,0.0,chittorgarh,120.00,chittorgarh,558.00,chittorgarh,565.00,chittorgarh,527.30,chittorgarh,533.95,chittorgarh,"Repayment/ prepayment, in full or in part, of certain outstanding borrowings availed by the Company | Capital expenditure including civil works of the Company for expanding the facility at Unit IV situated at Reengus Sikar District, Rajasthan | Funding working capital requirements of the Company | General corporate purposes",chittorgarh,400,chittorgarh,10.5,18.8,4.8,9.5,887.60,1186.66,712.49,2786.75,0.53,100,74.19,533,True,26,14586,24.3,47,549,23.1,354.0,449.0,549.0,44.0,43.0,82.0,25.0,21.0,47.0,17.06,14.45,23.08,93.0,114.0,162.0,97.0,92.0,149.0,221.0,247.0,366.0,27.0,37.0,-30.0,8.56,29.01,0.92,549.0,47.0,Mar 2025,3,sharescart,screener,investorgain,sharescart,MEIL.NS,544492.BO,isin_authoritative,ISIN→symbol from official NSE list,match,,Mangal Electrical Industries Ltd.,Mangal Electrical Industries Limited,match
INE1B6101010,Shreeji Shipping Global Ltd.,MB,SHREEJISPG,544490,2025-08-19,2025-08-21,2025-08-26,252.00,410.71,Bookbuilding,"BSE, NSE",Beeline Capital,2025,,,411,chittorgarh,0.00,chittorgarh,0.0,chittorgarh,123.21,chittorgarh,271.85,chittorgarh,275.00,chittorgarh,252.25,chittorgarh,254.60,chittorgarh,"Acquisition of Dry Bulk Carriers in Supramax category in the secondary marketAcquisition of Dry Bulk Carriers in Supramax category in the secondary market | Pre-payment/ re-payment, in part or full, of certain outstanding borrowings availed by the Company | General Corporate Purposes",chittorgarh,411,chittorgarh,110.4,72.7,21.9,58.1,9069.68,4479.03,3153.88,16702.59,3.97,93,89.99,240,True,58,14616,25.7,141,608,9.8,827.0,731.0,608.0,189.0,193.0,199.0,119.0,125.0,141.0,,,9.63,256.1,315.1,344.0,175.0,159.0,256.0,629.0,611.0,759.0,158.0,159.0,139.0,23.19,40.99,0.74,608.0,141.0,Mar 2025,3,sharescart,screener,ipowatch,sharescart,SHREEJISPG.NS,544490.BO,isin_authoritative,ISIN→symbol from official NSE list,match,,Shreeji Shipping Global Ltd.,Shreeji Shipping Global Limited,match
INE06XZ01023,Gem Aromatics Ltd.,MB,GEMAROMA,544491,2025-08-19,2025-08-21,2025-08-26,325.00,451.25,Bookbuilding,"BSE, NSE",Motilal Oswal Investment,2025,,,175,chittorgarh,276,chittorgarh,61.2,chittorgarh,135.37,chittorgarh,325.00,chittorgarh,349.00,chittorgarh,315.00,chittorgarh,319.10,chittorgarh,"Prepayment and/or repayment, in full or in part, of all or a portion of certain outstanding borrowings availed by our Company and our Subsidiary, Krystal Ingredients Private Limited; and | General Corporate Purposes",chittorgarh,451,chittorgarh,55.3,45.1,10.3,30.3,4851.94,3111.23,1660.57,9623.74,7.69,75,55.06,309,True,46,14950,28.5,53,504,11.4,425.0,452.0,504.0,66.0,78.0,88.0,45.0,50.0,53.0,250.27,10.69,11.39,180.0,230.0,284.0,90.0,112.0,225.0,296.0,369.0,535.0,15.0,40.0,-25.0,10.52,18.66,0.79,504.0,53.0,Mar 2025,3,sharescart,screener,ipowatch,sharescart,GEMAROMA.NS,544491.BO,isin_authoritative,ISIN→symbol from official NSE list,match,,Gem Aromatics Ltd.,Gem Aromatics Limited,match
INE078V01014,Vikram Solar Ltd.,MB,VIKRAMSOLR,544488,2025-08-19,2025-08-21,2025-08-26,332.00,2079.37,Bookbuilding,"BSE, NSE",JM Financial,2025,,,1500,chittorgarh,579,chittorgarh,27.8,chittorgarh,620.81,chittorgarh,340.00,chittorgarh,381.70,chittorgarh,334.05,chittorgarh,356.45,chittorgarh,Partial funding of capital expenditure for the Phase-I Project. | Funding of capital expenditure for the Phase-II Project | General Corporate Purposes,chittorgarh,2079,chittorgarh,142.8,50.9,7.7,54.6,60052.72,16413.46,5757.64,82274.84,21.69,77.64,63.11,315,True,45,14940,72.2,140,3423,4.6,2073.0,2511.0,3423.0,187.0,399.0,492.0,14.0,80.0,140.0,0.56,3.08,4.42,365.0,446.0,1242.0,738.0,854.0,272.0,2476.0,2585.0,2832.0,195.0,152.0,299.0,4.09,11.27,0.22,3423.0,140.0,Mar 2025,3,sharescart,screener,ipowatch,sharescart,VIKRAMSOLR.NS,544488.BO,isin_authoritative,ISIN→symbol from official NSE list,match,,Vikram Solar Ltd.,Vikram Solar Limited,match
INE0R8B01010,Patel Retail Ltd.,MB,PATELRMART,544487,2025-08-19,2025-08-21,2025-08-26,255.00,242.66,Bookbuilding,"BSE, NSE",Fedex Securities,2025,,,217,chittorgarh,26,chittorgarh,10.7,chittorgarh,43.46,chittorgarh,305.00,chittorgarh,305.00,chittorgarh,289.75,chittorgarh,289.75,chittorgarh,"Repayment/prepayment, in full or part, of certain borrowings availed of by the Company. | Funding of working capital requirements of the Company. | General corporate purposes. | Total",chittorgarh,243,chittorgarh,272.4,108.2,42.5,95.7,7893.84,6529.97,4616.93,19073.73,10.98,97.99,70,237,True,58,14790,24.8,25,821,10.3,1019.0,814.0,821.0,43.0,54.0,58.0,16.0,23.0,25.0,42.99,9.24,10.16,72.0,94.0,135.0,184.0,188.0,183.0,303.0,333.0,383.0,-6.0,25.0,28.0,3.05,18.52,1.36,821.0,25.0,Mar 2025,3,sharescart,screener,ipowatch,sharescart,PATELRMART.NS,544487.BO,isin_authoritative,ISIN→symbol from official NSE list,match,,Patel Retail Ltd.,Patel Retail Limited,match
INE0MHO01029,Regaal Resources Ltd.,MB,REGAAL,544485,2025-08-12,2025-08-14,2025-08-20,102.00,306.00,Bookbuilding,"BSE, NSE",Pantomath Capital,2025,,,210,chittorgarh,96,chittorgarh,31.4,chittorgarh,91.80,chittorgarh,141.80,chittorgarh,145.70,chittorgarh,130.25,chittorgarh,131.65,chittorgarh,"Repayment and/ or pre-payment, in full or in part, of the certain outstanding borrowings availed by the Company | General Corporate Purposes",chittorgarh,306,chittorgarh,191,356.7,57.7,159.9,11687.06,16373.49,6184.68,34245.22,18.63,99.56,70.45,96,True,144,14688,16.7,48,915,6.1,488.0,600.0,915.0,41.0,56.0,113.0,17.0,22.0,48.0,17.49,23.1,5.8,113.0,135.0,243.0,198.0,362.0,512.0,372.0,586.0,860.0,35.0,-23.0,-11.0,5.25,19.75,2.11,915.0,48.0,Mar 2025,3,sharescart,screener,ipowatch,sharescart,REGAAL.NS,544485.BO,isin_authoritative,ISIN→symbol from official NSE list,match,,Regaal Resources Ltd.,Regaal Resources Limited,match
INE304W01038,BlueStone Jewellery & Lifestyle Ltd.,MB,BLUESTONE,544484,2025-08-11,2025-08-13,2025-08-19,517.00,1540.65,Bookbuilding,"BSE, NSE",Axis Capital,2025,,,820,chittorgarh,721,chittorgarh,46.8,chittorgarh,693.29,chittorgarh,508.80,chittorgarh,564.00,chittorgarh,508.60,chittorgarh,546.00,chittorgarh,Funding our working capital requirements | General Corporate Purposes,chittorgarh,1541,chittorgarh,4.3,0.6,1.3,2.7,1962.62,130.97,213.37,2306.97,0.39,17.91,16.07,492,True,29,14993,-6.5,-222,1770,-79.7,,,1770.0,,,76.0,,,-222.0,,,-62.91,,,907.0,,,1915.0,,,3532.0,,,-666.0,-12.54,-24.48,2.11,1770.0,-222.0,Mar 2025,1,sharescart,screener,investorgain,sharescart,BLUESTONE.NS,544484.BO,isin_authoritative,ISIN→symbol from official NSE list,match,,BlueStone Jewellery & Lifestyle Ltd.,BlueStone Jewellery and Lifestyle Limited,match
INE0GV601021,All Time Plastics Ltd.,MB,ALLTIME,544479,2025-08-07,2025-08-11,2025-08-14,275.00,400.60,Bookbuilding,"BSE, NSE",Intensive Fiscal,2025,,,280,chittorgarh,121,chittorgarh,30.2,chittorgarh,119.91,chittorgarh,314.30,chittorgarh,322.15,chittorgarh,280.80,chittorgarh,283.25,chittorgarh,Prepayment or repayment of all or a portion of certain outstanding borrowings availed by the Company. | Purchase of equipment and machinery for the Manekpur Facility. | General corporate purposes.,chittorgarh,401,chittorgarh,10.1,13.5,5.1,8.3,823.05,840.24,748.78,2419.77,9.45,90.98,70.14,260,True,54,14850,30.6,47,558,9,,,558.0,,,101.0,,,47.0,,,9.01,,,248.0,,,223.0,,,562.0,,,52.0,8.42,18.95,0.9,558.0,47.0,Mar 2025,1,sharescart,screener,ipowatch,sharescart,ALLTIME.NS,544479.BO,isin_authoritative,ISIN→symbol from official NSE list,match,,All Time Plastics Ltd.,All Time Plastics Limited,match
INE718I01012,JSW Cement Ltd.,MB,JSWCEMENT,544480,2025-08-07,2025-08-11,2025-08-14,147.00,3600.00,Bookbuilding,"BSE, NSE",JM Financial,2025,,,1600,chittorgarh,2000,chittorgarh,55.6,chittorgarh,1080.00,chittorgarh,153.00,chittorgarh,154.70,chittorgarh,145.05,chittorgarh,146.05,chittorgarh,"Part financing the cost of establishing a new integrated cement unit at Nagaur, Rajasthan | Prepayment or repayment, in full or in part, of all or a portion of certain outstanding borrowings availed by the Company | General Corporate Purposes",chittorgarh,3600,chittorgarh,15.8,11,1.8,7.8,12034.16,6267.43,2415.41,20717.00,12.93,96.79,72.33,139,True,102,14994,-122.5,-164,5813,-1.2,5810.0,6002.0,5785.0,663.0,853.0,617.0,104.0,62.0,-164.0,1.39,0.91,-1.12,2292.0,2464.0,2352.0,5641.0,6254.0,6563.0,10136.0,11216.0,11881.0,653.0,1408.0,737.0,-2.83,-6.97,2.79,5785.0,-164.0,Mar 2025,3,sharescart,screener,ipowatch,sharescart,JSWCEMENT.NS,544480.BO,isin_authoritative,ISIN→symbol from official NSE list,match,,JSW Cement Ltd.,JSW Cement Limited,match
INE00RL01028,Highway Infrastructure Ltd.,MB,HILINFRA,544477,2025-08-05,2025-08-07,2025-08-12,70.00,130.00,Bookbuilding,"BSE, NSE",Pantomath Capital,2025,,,98,chittorgarh,32,chittorgarh,24.6,chittorgarh,23.40,chittorgarh,117.00,chittorgarh,122.84,chittorgarh,116.00,chittorgarh,122.84,chittorgarh,Funding Working Capital Requirements of the Company. | General Corporate Purposes.,chittorgarh,130,chittorgarh,420.6,447.3,155.6,300.6,6750.33,18452.06,8556.95,33759.35,37.14,94.95,70.03,65,True,211,14770,20.6,22,496,3.4,266.0,573.0,496.0,19.0,39.0,31.0,12.0,21.0,22.0,12.18,19.69,3.4,75.0,94.0,113.0,47.0,70.0,72.0,141.0,203.0,232.0,0.0,14.0,-5.0,4.44,19.47,0.64,496.0,22.0,Mar 2025,3,sharescart,screener,ipowatch,sharescart,HILINFRA.NS,544477.BO,isin_authoritative,ISIN→symbol from official NSE list,match,,Highway Infrastructure Ltd.,Highway Infrastructure Limited,match
INE1JAR25012,Knowledge Realty Trust REIT,MB,KRT,544481,2025-08-05,2025-08-07,2025-08-18,100.00,4800.00,Bookbuilding,"BSE, NSE",Kotak Mahindra Capital,2025,,,4800,chittorgarh,0.00,chittorgarh,0.0,chittorgarh,1620.00,chittorgarh,104.00,chittorgarh,109.14,chittorgarh,103.10,chittorgarh,106.18,chittorgarh,Partial or full repayment or prepayment of certain financial indebtedness of the Asset SPVs and the Investment Entities,chittorgarh,4800,chittorgarh,,,,12.48,,,,,2.0,,,,,,,,,,,2900.0,3339.0,3930.0,2279.0,2603.0,3100.0,218.0,336.0,223.0,,,,1217.0,2433.0,2116.0,20485.0,19766.0,19797.0,24353.0,24697.0,24731.0,2234.0,2095.0,2723.0,5.67,10.54,9.36,3930.0,223.0,Mar 2025,3,nse,screener,investorgain,,KRT.NS,544481.BO,chittorgarh_symbol,Chittorgarh nse_symbol (ISIN not in NSE exchange list),unchecked,,Knowledge Realty Trust REIT,,no_ref
INE0V9Q01010,Sri Lotus Developers & Realty Ltd.,MB,LOTUSDEV,544469,2025-07-30,2025-08-01,2025-08-06,150.00,792.00,Bookbuilding,"BSE, NSE",Motilal Oswal Investment,2025,,,792,chittorgarh,0.00,chittorgarh,0.0,chittorgarh,237.00,chittorgarh,179.10,chittorgarh,197.00,chittorgarh,176.60,chittorgarh,196.85,chittorgarh,"Investment in the Subsidiaries, Richfeel Real Estate Private Limited, Dhyan Projects Private Limited and Tryksha Real Estate Private Limited for part-funding development and construction cost of their Ongoing Projects, Amalfi, The Arcadian and Varun, respectively | General corporate purposes",chittorgarh,792,chittorgarh,163.9,57.7,20.3,69.1,27746.06,7327.32,6007.43,41128.04,18.0,91.78,81.86,140,True,100,15000,27.3,228,550,5.5,159.0,453.0,548.0,21.0,158.0,289.0,16.0,120.0,228.0,,,5.22,48.0,170.0,933.0,330.0,429.0,124.0,484.0,736.0,1219.0,71.0,46.0,-20.0,41.61,24.44,0.13,548.0,228.0,Mar 2025,3,sharescart,screener,investorgain,sharescart,LOTUSDEV.NS,544469.BO,isin_authoritative,ISIN→symbol from official NSE list,match,,Sri Lotus Developers & Realty Ltd.,Sri Lotus Developers and Realty Limited,match
INE08N601015,M&B Engineering Ltd.,MB,MBEL,544470,2025-07-30,2025-08-01,2025-08-06,385.00,650.00,Bookbuilding,"BSE, NSE",Equirus Capital,2025,,,275,chittorgarh,375,chittorgarh,57.7,chittorgarh,291.60,chittorgarh,386.00,chittorgarh,418.85,chittorgarh,373.25,chittorgarh,409.15,chittorgarh,"Funding the capital expenditure requirements for the purchase of equipment and machinery, building works, solar rooftop grid and transport vehicles at the Manufacturing Facilities | Investment in IT software upgradation by the Company | Re-payment or pre-payment of term loans, in full or in part, of certain borrowings availed by the Company | General corporate purposes",chittorgarh,650,chittorgarh,36.7,38.2,32.5,36.2,7508.97,3910.14,2218.60,13656.68,14.29,100,70.45,366,True,38,14630,25,77,989,15.4,880.0,795.0,989.0,67.0,80.0,127.0,33.0,46.0,77.0,16.48,9.17,15.41,181.0,233.0,307.0,149.0,205.0,191.0,559.0,633.0,849.0,29.0,5.0,36.0,7.79,25.08,0.62,989.0,77.0,Mar 2025,3,sharescart,screener,investorgain,sharescart,MBEL.NS,544470.BO,isin_authoritative,ISIN→symbol from official NSE list,match,,M&B Engineering Ltd.,M & B Engineering Limited,match
INE301O01023,National Securities Depository Ltd.,MB,,544467,2025-07-30,2025-08-01,2025-08-06,800.00,4010.95,Bookbuilding,BSE,ICICI Securities,2025,,,,,4011,chittorgarh,100.0,chittorgarh,1201.44,chittorgarh,880.00,chittorgarh,943.85,chittorgarh,880.00,chittorgarh,936.00,chittorgarh,,,4011,chittorgarh,104,35,7.7,41,83273.33,21014.54,10838.64,115231.36,15.62,,,760,True,18,14400,46.5,343,1420,17.2,1022.0,1268.0,1420.0,251.0,284.0,376.0,235.0,275.0,343.0,11.74,13.77,17.16,1429.0,1684.0,2005.0,17.0,14.0,10.0,2093.0,2258.0,2985.0,327.0,113.0,558.0,24.15,17.11,0.0,1420.0,343.0,Mar 2025,3,sharescart,screener,investorgain,,,544467.BO,isin_authoritative,ISIN→symbol from official BSE list,match,,National Securities Depository Ltd.,National Securities Depository Ltd,match
INE06WU01026,Laxmi India Finance Ltd.,MB,LAXMIINDIA,544465,2025-07-29,2025-07-31,2025-08-05,158.00,254.26,Bookbuilding,"BSE, NSE",PL Capital,2025,,,165,chittorgarh,89,chittorgarh,35.0,chittorgarh,75.51,chittorgarh,136.00,chittorgarh,146.70,chittorgarh,133.00,chittorgarh,134.00,chittorgarh,Augmentation of the capital base to meet the future capital requirements towards onward lending,chittorgarh,254,chittorgarh,1.3,1.8,2.2,1.9,65.36,69.56,195.52,334.43,,89.05,60.45,150,True,94,14852,18,36,246,8.8,130.0,173.0,246.0,,,,16.0,22.0,36.0,,,8.61,152.0,202.0,258.0,,,,779.0,985.0,1413.0,-169.0,-224.0,-311.0,14.63,13.95,2.83,246.0,36.0,Mar 2025,3,sharescart,screener,,sharescart,LAXMIINDIA.NS,544465.BO,isin_authoritative,ISIN→symbol from official NSE list,match,,Laxmi India Finance Ltd.,Laxmi India Finance Limited,match
INE819V01029,Aditya Infotech Ltd.,MB,CPPLUS,544466,2025-07-29,2025-07-31,2025-08-05,675.00,1300.00,Bookbuilding,"BSE, NSE",ICICI Securities,2025,,,500,chittorgarh,800,chittorgarh,61.5,chittorgarh,582.30,chittorgarh,1018.00,chittorgarh,1104.20,chittorgarh,1014.65,chittorgarh,1084.10,chittorgarh,Prepayment and/or repayment of all or a portion of certain outstanding borrowings availed by the Company | General corporate purpose,chittorgarh,1300,chittorgarh,133.2,72,50.9,100.7,54541.13,14738.73,6942.34,76281.59,33.63,89.01,77.12,640,True,22,14850,20.5,351,3112,33,2285.0,2782.0,3112.0,161.0,223.0,248.0,108.0,115.0,351.0,528.34,561.8,32.0,312.0,424.0,1018.0,427.0,436.0,457.0,1709.0,1644.0,3175.0,56.0,-180.0,27.0,11.28,34.48,0.45,3112.0,351.0,Mar 2025,3,sharescart,screener,ipowatch,sharescart,CPPLUS.NS,544466.BO,isin_authoritative,ISIN→symbol from official NSE list,match,,Aditya Infotech Ltd.,Aditya Infotech Limited,match
INE06ZD01017,Shanti Gold International Ltd.,MB,SHANTIGOLD,544459,2025-07-25,2025-07-29,2025-08-01,199.00,360.11,Bookbuilding,"BSE, NSE",Choice Capital,2025,,,360,chittorgarh,0.00,chittorgarh,0.0,chittorgarh,108.03,chittorgarh,229.10,chittorgarh,238.40,chittorgarh,227.00,chittorgarh,229.20,chittorgarh,"Funding of capital expenditure requirements towards setting up of the Proposed Jaipur Facility | Funding working capital requirements of our Company | Repayment and/or pre-payment, in full or part, of certain borrowings availed by our Company | General corporate purposes",chittorgarh,360,chittorgarh,117.3,151.5,30.4,81.2,8450.21,8182.62,3828.32,20461.16,15.08,99.98,74.88,189,True,75,14925,19.3,56,1106,10.3,679.0,711.0,1106.0,43.0,50.0,92.0,20.0,27.0,56.0,22.02,29.86,10.34,70.0,97.0,152.0,165.0,211.0,243.0,257.0,325.0,420.0,-4.0,-13.0,-15.0,5.06,36.84,1.6,1106.0,56.0,Mar 2025,3,sharescart,screener,ipowatch,sharescart,SHANTIGOLD.NS,544459.BO,isin_authoritative,ISIN→symbol from official NSE list,match,,Shanti Gold International Ltd.,Shanti Gold International Limited,match
INE03NU01014,Brigade Hotel Ventures Ltd.,MB,BRIGHOTEL,544457,2025-07-24,2025-07-28,2025-07-31,90.00,759.60,Bookbuilding,"BSE, NSE",JM Financial,2025,,,760,chittorgarh,0.00,chittorgarh,0.0,chittorgarh,324.73,chittorgarh,82.00,chittorgarh,87.80,chittorgarh,81.49,chittorgarh,85.40,chittorgarh,"Repayment/ prepayment, in full or in part, of certain outstanding borrowings availed by the company and Material Subsidiary, namely, SRP Prosperita Hotel Ventures Limited | Payment of consideration for buying of undivided share of land from the Promoter, BEL | Pursuing inorganic growth through unidentified acquisitions and other strategic initiatives and general corporate purposes",chittorgarh,760,chittorgarh,5.4,1.9,6.4,4.5,1243.35,219.53,489.29,2065.63,6.67,100,74.09,85,True,166,14940,128.6,24,468,0.7,350.0,402.0,468.0,97.0,143.0,165.0,-3.0,31.0,24.0,-38.4,248.7,0.72,-240.0,-215.0,85.0,982.0,1001.0,759.0,841.0,887.0,948.0,108.0,155.0,149.0,5.13,28.24,8.93,468.0,24.0,Mar 2025,3,sharescart,screener,ipowatch,sharescart,BRIGHOTEL.NS,544457.BO,isin_authoritative,ISIN→symbol from official NSE list,match,,Brigade Hotel Ventures Ltd.,Brigade Hotel Ventures Limited,match
INE06ST01018,Indiqube Spaces Ltd.,MB,INDIQUBE,544454,2025-07-23,2025-07-25,2025-07-30,237.00,700.00,Bookbuilding,"BSE, NSE",ICICI Securities,2025,,,650,chittorgarh,50,chittorgarh,7.1,chittorgarh,314.32,chittorgarh,218.70,chittorgarh,222.75,chittorgarh,201.55,chittorgarh,217.90,chittorgarh,"Funding capital expenditure towards establishment of new centers | Repayment/pre-payment, in full or in part, of certain borrowings availed by the Company | General corporate purposes",chittorgarh,700,chittorgarh,14.4,8.3,12.9,12.4,3167.95,913.22,948.96,5042.08,17.3,70.37,60.23,225,True,63,14931,-30.8,-140,1059,-7.7,580.0,831.0,1059.0,237.0,226.0,617.0,-198.0,-342.0,-140.0,,,,-307.82,129.18,-10.0,2926.0,3050.0,4095.0,2969.0,3668.0,4685.0,324.0,542.0,612.0,-13.22,1400.0,-409.5,1059.0,-140.0,Mar 2025,3,sharescart,screener,ipowatch,sharescart,INDIQUBE.NS,544454.BO,isin_authoritative,ISIN→symbol from official NSE list,match,,Indiqube Spaces Ltd.,Indiqube Spaces Limited,match
INE18JU01028,GNG Electronics Ltd.,MB,EBGNG,544455,2025-07-23,2025-07-25,2025-07-30,237.00,460.43,Bookbuilding,"BSE, NSE",Motilal Oswal Investment,2025,,,400,chittorgarh,60,chittorgarh,13.0,chittorgarh,138.13,chittorgarh,350.00,chittorgarh,364.00,chittorgarh,325.35,chittorgarh,333.50,chittorgarh,"Prepayment and/or repayment, in full or in part, of all or a portion of certain outstanding borrowings availed by the Company and the Material Subsidiary namely, Electronics Bazaar FZC | General Corporate Purposes",chittorgarh,460,chittorgarh,266.2,227.7,46.8,147.9,25393.02,16452.80,7898.46,49744.29,16.88,95.01,78.7,225,True,63,14931,33.4,69,1411,7.1,661.0,1138.0,1411.0,45.0,79.0,117.0,33.0,52.0,69.0,8440.72,13438.14,7.09,111.04,163.04,226.0,149.0,332.0,454.0,277.0,586.0,719.0,1.0,97.0,25.0,4.89,30.53,2.01,1411.0,69.0,Mar 2025,3,sharescart,screener,ipowatch,sharescart,EBGNG.NS,544455.BO,isin_authoritative,ISIN→symbol from official NSE list,match,,GNG Electronics Ltd.,GNG Electronics Limited,match
INE19RO25021,Property Share Investment Trust-PropShare Titania SM REIT,MB,,544462,2025-07-21,2025-07-25,2025-08-04,1060000.00,472.97,Bookbuilding,BSE,Kotak Mahindra Capital,2025,,,473,chittorgarh,0.00,chittorgarh,0.0,chittorgarh,,,1059900.00,chittorgarh,1061100.00,chittorgarh,1050000.00,chittorgarh,1061100.00,chittorgarh,"Acquisition of the entire issued and paid-up equity share capital of the Titania SPV as per the Share Purchase Agreement | Providing loan to the Titania SPV for extinguishment and redemption of the debenture liability of the Titania SPV, by redeeming the OCDs* (including any accrued interest); | General purposes",chittorgarh,473,chittorgarh,,,,,,,,,,,,,,,,,,,,,,0.0,,,-0.02,,,-0.02,,,,,,-0.02,,,0.0,,,0.05,,,0.0,,100.0,-0.0,0.0,-0.02,Mar 2025,1,,screener,,,,544462.BO,bse_only,BSE code only,unchecked,,Property Share Investment Trust-PropShare Titania SM REIT,,no_ref
INE0CZ201020,Anthem Biosciences Ltd.,MB,ANTHEM,544449,2025-07-14,2025-07-16,2025-07-21,570.00,3395.00,Bookbuilding,"BSE, NSE",JM Financial,2025,,,,,3395,chittorgarh,100.0,chittorgarh,1016.02,chittorgarh,723.10,chittorgarh,746.70,chittorgarh,723.05,chittorgarh,730.35,chittorgarh,,,3395,chittorgarh,182.7,42.4,5.6,63.9,130592.47,22712.77,7059.33,160427.88,13.16,76.87,74.69,540,True,26,14820,70.4,451,1845,8.1,1057.0,1419.0,1845.0,431.0,506.0,672.0,385.0,367.0,451.0,6.75,6.57,8.07,1741.0,1925.0,2410.0,126.0,239.0,113.0,2014.0,2398.0,2808.0,306.0,140.0,418.0,24.44,18.71,0.05,1845.0,451.0,Mar 2025,3,sharescart,screener,ipowatch,sharescart,ANTHEM.NS,544449.BO,isin_authoritative,ISIN→symbol from official NSE list,match,,Anthem Biosciences Ltd.,Anthem Biosciences Limited,match
INE0NAZ01010,Smartworks Coworking Spaces Ltd.,MB,SMARTWORKS,544447,2025-07-10,2025-07-14,2025-07-17,407.00,582.56,Bookbuilding,"BSE, NSE",JM Financial,2025,,,445,chittorgarh,137,chittorgarh,23.5,chittorgarh,173.64,chittorgarh,436.10,chittorgarh,469.00,chittorgarh,436.00,chittorgarh,445.10,chittorgarh,"Repayment/ prepayment/ redemption, in full or in part, of certain borrowings availed by the Company | Capital expenditure for fit-outs in the New Centres and for security deposits of the New Centres | General corporate purposes",chittorgarh,583,chittorgarh,24.4,22.8,3.5,13.5,2884.65,2055.63,743.66,5694.31,6.14,69.19,58.24,387,True,36,14652,-65.6,-63,1374,-6.2,711.0,1039.0,1374.0,424.0,660.0,857.0,-101.0,-50.0,-63.0,-13.01,-6.32,-6.12,32.0,50.0,108.0,3913.0,3436.0,3737.0,4474.0,4147.0,4651.0,532.0,743.0,929.0,-4.59,-58.33,34.6,1374.0,-63.0,Mar 2025,3,sharescart,screener,investorgain,sharescart,SMARTWORKS.NS,544447.BO,isin_authoritative,ISIN→symbol from official NSE list,match,,Smartworks Coworking Spaces Ltd.,Smartworks Coworking Spaces Limited,match
INE103V01028,Travel Food Services Ltd.,MB,TRAVELFOOD,544443,2025-07-07,2025-07-09,2025-07-14,1100.00,2000.00,Bookbuilding,"BSE, NSE",Kotak Mahindra Capital,2025,,,,,2000,chittorgarh,100.0,chittorgarh,598.80,chittorgarh,1126.20,chittorgarh,1128.90,chittorgarh,1065.20,chittorgarh,1075.20,chittorgarh,,,2000,chittorgarh,7.7,1.6,0.7,2.9,3233.81,499.03,509.03,4249.93,8.55,100,86.19,1045,True,13,14300,39.9,380,1688,27.6,1067.0,1396.0,1688.0,374.0,417.0,554.0,251.0,298.0,380.0,629.55,743.09,27.58,656.0,874.0,1053.0,383.0,416.0,333.0,1332.0,1696.0,1903.0,322.0,353.0,515.0,22.51,36.09,0.32,1688.0,380.0,Mar 2025,3,sharescart,screener,ipowatch,sharescart,TRAVELFOOD.NS,544443.BO,isin_authoritative,ISIN→symbol from official NSE list,match,,Travel Food Services Ltd.,Travel Food Services Limited,match
INE0S4R01014,Crizac Ltd.,MB,CRIZAC,544439,2025-07-02,2025-07-04,2025-07-09,245.00,860.00,Bookbuilding,"BSE, NSE",Equirus Capital,2025,,,,,860,chittorgarh,100.0,chittorgarh,258.00,chittorgarh,280.00,chittorgarh,307.95,chittorgarh,275.00,chittorgarh,307.45,chittorgarh,,,860,chittorgarh,134.3,76.2,10.2,59.8,24297.87,10329.86,3241.44,37869.17,16.73,100,79.94,233,True,61,14945,28.2,153,849,8.7,473.0,530.0,849.0,107.0,145.0,213.0,112.0,116.0,153.0,112.15,6.62,8.74,223.0,337.0,503.0,0.0,0.0,0.0,307.0,588.0,878.0,,114.0,187.0,18.02,30.42,0.0,849.0,153.0,Mar 2025,3,sharescart,screener,ipowatch,sharescart,CRIZAC.NS,544439.BO,isin_authoritative,ISIN→symbol from official NSE list,match,,Crizac Ltd.,Crizac Limited,match
INE05J901018,Indogulf Cropsciences Ltd.,MB,IGCL,544432,2025-06-26,2025-06-30,2025-07-03,111.00,200.00,Bookbuilding,"BSE, NSE",Systematix Corporate,2025,,,160,chittorgarh,40,chittorgarh,20.0,chittorgarh,58.20,chittorgarh,111.00,chittorgarh,112.60,chittorgarh,105.45,chittorgarh,110.80,chittorgarh,"Funding working capital requirements of the Company | Repayment/ prepayment, in full or in part, of certain outstanding borrowings availed by the Company | Capital expenditure of the Company for setting up an in-house dry flowable (DF) plant at Barwasni, District Sonipat, Haryana | General corporate purposes",chittorgarh,200,chittorgarh,33.3,48.4,14.8,26,1326.22,1471.96,1048.78,3854.66,10.81,96.86,69,105,True,135,14985,17.1,31,590,6.5,550.0,552.0,590.0,49.0,59.0,64.0,22.0,28.0,31.0,9.53,12.0,6.45,204.0,232.0,275.0,195.0,159.0,227.0,519.0,544.0,690.0,-57.0,53.0,-15.0,5.25,11.27,0.83,590.0,31.0,Mar 2025,3,sharescart,screener,ipowatch,sharescart,IGCL.NS,544432.BO,isin_authoritative,ISIN→symbol from official NSE list,match,,Indogulf Cropsciences Ltd.,Indogulf Cropsciences Limited,match
INE12NJ01018,Sambhv Steel Tubes Ltd.,MB,SAMBHV,544430,2025-06-25,2025-06-27,2025-07-02,82.00,540.00,Bookbuilding,"BSE, NSE",Nuvama Wealth Management,2025,,,440,chittorgarh,100,chittorgarh,18.5,chittorgarh,161.25,chittorgarh,110.10,chittorgarh,110.89,chittorgarh,96.17,chittorgarh,97.58,chittorgarh,Pre-payment or scheduled re-payment of a portion of certain outstanding borrowings availed by the Company; and | General corporate purposes.,chittorgarh,540,chittorgarh,62.3,31.8,8,28.5,7133.87,2732.03,1601.16,11482.07,15.85,71.9,56.12,77,True,182,14924,34.2,57,1511,2.4,937.0,1286.0,1511.0,117.0,160.0,154.0,60.0,82.0,57.0,30.05,3.42,2.38,,,495.0,,,507.0,,,1405.0,,,126.0,3.77,11.52,1.02,1511.0,57.0,Mar 2025,3,sharescart,screener,ipowatch,sharescart,SAMBHV.NS,544430.BO,isin_authoritative,ISIN→symbol from official NSE list,match,,Sambhv Steel Tubes Ltd.,Sambhv Steel Tubes Limited,match
INE756I01012,HDB Financial Services Ltd.,MB,HDBFS,544429,2025-06-25,2025-06-27,2025-07-02,740.00,12500.00,Bookbuilding,"BSE, NSE",BNP Paribas,2025,,,2500,chittorgarh,10000,chittorgarh,80.0,chittorgarh,3369.00,chittorgarh,835.00,chittorgarh,850.45,chittorgarh,827.50,chittorgarh,840.90,chittorgarh,"Augmentation of the Company’s Tier – I Capital base to meet their Company’s future capital requirements including onward lending under any of the Company’s business verticals i.e. Enterprise Lending, Asset Finance and Consumer Finance.",chittorgarh,12500,chittorgarh,55.5,10,1.4,16.7,131696.50,17781.22,5857.78,161080.71,10.14,94.36,73.98,700,True,20,14800,27,2176,16300,27.4,12403.0,14173.0,16300.0,,,,1959.0,2461.0,2176.0,24.76,31.03,27.34,11437.0,13743.0,15820.0,,,,70050.0,92557.0,108663.0,-6851.0,-16736.0,-13626.0,13.35,13.75,3.22,16300.0,2176.0,Mar 2025,3,sharescart,screener,investorgain,sharescart,HDBFS.NS,544429.BO,isin_authoritative,ISIN→symbol from official NSE list,match,,HDB Financial Services Ltd.,HDB Financial Services Limited,match
INE0V3U01015,Globe Civil Projects Ltd.,MB,GLOBECIVIL,544424,2025-06-24,2025-06-26,2025-07-01,71.00,119.00,Bookbuilding,"BSE, NSE",Mefcom Capital,2025,,,119,chittorgarh,0.00,chittorgarh,0.0,chittorgarh,35.70,chittorgarh,91.10,chittorgarh,95.00,chittorgarh,86.65,chittorgarh,94.72,chittorgarh,Funding working capital requirements of the Company. | Capital expenditure towards purchase of construction equipments/ machineries. | General corporate purposes.,chittorgarh,119,chittorgarh,99.8,143.1,53.7,86,2374.40,2555.21,2237.56,7167.17,7.04,88.14,63.41,67,True,211,14981,12.9,24,379,5.5,233.0,332.0,379.0,21.0,45.0,54.0,5.0,15.0,24.0,19.6,62.14,5.6,,,,,,,,,,-11.0,3.0,-11.0,6.33,22.64,0.12,379.0,24.0,Mar 2025,3,sharescart,screener,ipowatch,sharescart,GLOBECIVIL.NS,544424.BO,isin_authoritative,ISIN→symbol from official NSE list,match,,Globe Civil Projects Ltd.,Globe Civil Projects Limited,match
INE236E01022,Ellenbarrie Industrial Gases Ltd.,MB,ELLEN,544421,2025-06-24,2025-06-26,2025-07-01,400.00,852.53,Bookbuilding,"BSE, NSE",Motilal Oswal Investment,2025,,,400,chittorgarh,453,chittorgarh,53.1,chittorgarh,255.76,chittorgarh,492.00,chittorgarh,541.20,chittorgarh,485.65,chittorgarh,541.20,chittorgarh,"Repayment/prepayment, in full or in part, of certain outstanding borrowings availed by the Company. | Setting up of an air separation unit at the Uluberia-II plant with a capacity of 220 TPD. | General corporate purposes.",chittorgarh,853,chittorgarh,64.2,15.2,2.1,22.2,10763.17,1992.50,655.68,13411.35,3.25,91.69,77.17,380,True,37,14800,62.5,83,312,6.4,205.0,269.0,312.0,34.0,62.0,110.0,28.0,45.0,83.0,42.98,69.18,6.36,364.0,410.0,493.0,102.0,178.0,247.0,551.0,673.0,846.0,39.0,44.0,4.0,26.6,16.84,0.5,312.0,83.0,Mar 2025,3,sharescart,screener,ipowatch,sharescart,ELLEN.NS,544421.BO,isin_authoritative,ISIN→symbol from official NSE list,match,,Ellenbarrie Industrial Gases Ltd.,Ellenbarrie Industrial Gases Limited,match
INE227J01012,Kalpataru Ltd.,MB,KALPATARU,544423,2025-06-24,2025-06-26,2025-07-01,414.00,1590.00,Bookbuilding,"BSE, NSE",ICICI Securities,2025,,,1590,chittorgarh,0.00,chittorgarh,0.0,chittorgarh,708.35,chittorgarh,414.10,chittorgarh,453.00,chittorgarh,414.10,chittorgarh,433.80,chittorgarh,"Repayment/pre-payment, in full or in part, of certain borrowings availed by: Company; and Subsidiaries | General corporate purposes.",chittorgarh,1590,chittorgarh,3.1,1.3,1.3,2.3,1573.83,330.06,218.04,2135.17,2.42,100,81.33,387,True,36,14904,276,25,2222,1.5,3633.0,1930.0,2222.0,-80.0,-129.0,57.0,-229.0,-108.0,25.0,-14.56,-6.8,1.29,1216.0,1020.0,2481.0,9680.0,10688.0,10172.0,12534.0,13871.0,16375.0,2139.0,376.0,488.0,1.13,1.01,4.1,2222.0,25.0,Mar 2025,3,sharescart,screener,ipowatch,sharescart,KALPATARU.NS,544423.BO,isin_authoritative,ISIN→symbol from official NSE list,match,,Kalpataru Ltd.,Kalpataru Limited,match
INE0H9P01028,Arisinfra Solutions Ltd.,MB,ARISINFRA,544419,2025-06-18,2025-06-20,2025-06-25,222.00,499.60,Bookbuilding,"BSE, NSE",JM Financial,2025,,,500,chittorgarh,0.00,chittorgarh,0.0,chittorgarh,224.82,chittorgarh,209.10,chittorgarh,209.10,chittorgarh,171.50,chittorgarh,174.10,chittorgarh,"Repayment / prepayment, in full or part, of certain outstanding borrowings availed by the Company | Funding the working capital requirements of the Company | Investment in the Subsidiary, Buildmex-Infra Private Limited, for funding its working capital requirements | General corporate purposes and unidentified inorganic acquisitions",chittorgarh,500,chittorgarh,1.4,3.1,5.6,2.6,225.36,249.14,295.24,769.74,13.51,55.34,37.93,210,True,67,14874,555,6,768,0.4,746.0,697.0,768.0,-1.0,13.0,50.0,-15.0,-17.0,6.0,-122.3,-160.17,0.35,105.0,141.0,231.0,224.0,276.0,343.0,395.0,493.0,697.0,-14.0,3.0,-21.0,0.78,2.6,1.48,768.0,6.0,Mar 2025,3,sharescart,screener,ipowatch,sharescart,ARIS.NS,544419.BO,isin_authoritative,human-verified rename / confirmed ISIN↔symbol,renamed_confirmed,,Arisinfra Solutions Ltd.,Arisinfra Solutions Limited,renamed_confirmed
INE0BYP01024,Oswal Pumps Ltd.,MB,OSWALPUMPS,544418,2025-06-13,2025-06-17,2025-06-20,614.00,1387.34,Bookbuilding,"BSE, NSE",IIFL Capital,2025,,,890,chittorgarh,497,chittorgarh,35.8,chittorgarh,416.20,chittorgarh,632.00,chittorgarh,649.15,chittorgarh,621.90,chittorgarh,624.90,chittorgarh,"Funding certain capital expenditure of the Company. | Investment in the wholly-owned Subsidiary, Oswal Solar, in the form of debt or equity, for funding the setting up of new manufacturing units at Karnal, Haryana. | Pre-payment/ re-payment, in part or full, of certain outstanding borrowings availed by the Company. | Investment in the wholly-owned Subsidiary, Oswal Solar, in the form of debt or equity, for repayment/prepayment, in part or full, of certain outstanding borrowings availed by Oswal Solar. | General corporate purposes.",chittorgarh,1387,chittorgarh,88.1,36.7,3.6,34.4,24568.48,7888.12,1807.22,34263.82,5.37,99.88,,584,True,24,14736,21.8,279,1430,28.2,385.0,759.0,1430.0,58.0,153.0,420.0,34.0,98.0,281.0,58.44,166.9,28.21,79.0,179.0,462.0,62.0,78.0,332.0,252.0,511.0,1070.0,50.0,17.0,-151.0,19.65,60.82,0.72,1430.0,281.0,Mar 2025,3,sharescart,screener,ipowatch,,OSWALPUMPS.NS,544418.BO,isin_authoritative,ISIN→symbol from official NSE list,match,,Oswal Pumps Ltd.,Oswal Pumps Limited,match
INE090501011,Scoda Tubes Ltd.,MB,SCODATUBES,544411,2025-05-28,2025-05-30,2025-06-04,140.00,220.00,Bookbuilding,"BSE, NSE",Monarch Networth Capital,2025,,,220,chittorgarh,0.00,chittorgarh,0.0,chittorgarh,66.00,chittorgarh,140.00,chittorgarh,146.95,chittorgarh,136.00,chittorgarh,146.95,chittorgarh,Capital expenditure towards expanding production capacity of seamless and welded tubes and pipes. | Funding the part incremental working capital requirements of the Company | General corporate purposes,chittorgarh,220,chittorgarh,69.51,113.03,19.4,53.78,,,,,7.14,,,,,,,,,,,305.0,400.0,485.0,35.0,59.0,78.0,10.0,18.0,32.0,,,7.18,45.0,63.0,150.0,140.0,203.0,211.0,238.0,330.0,446.0,20.0,2.0,18.0,6.6,21.33,1.41,485.0,32.0,Mar 2025,3,nse,screener,ipowatch,,SCODATUBES.NS,544411.BO,isin_authoritative,ISIN→symbol from official NSE list,match,,Scoda Tubes Ltd.,Scoda Tubes Limited,match
INE0BX301013,Prostarm Info Systems Ltd.,MB,PROSTARM,544410,2025-05-27,2025-05-29,2025-06-03,105.00,168.00,Bookbuilding,"BSE, NSE",Choice Capital,2025,,,168,chittorgarh,0.00,chittorgarh,0.0,chittorgarh,50.40,chittorgarh,125.00,chittorgarh,130.00,chittorgarh,120.00,chittorgarh,126.25,chittorgarh,Funding working capital requirements of the Company. | Prepayment or repayment of all or a portion of certain outstanding borrowings availed by the Company | Achieving inorganic growth through unidentified acquisitions and other strategic initiatives and general corporate purposes. | Total,chittorgarh,168,chittorgarh,4.5,0.4,0.1,1.5,276.64,20.38,15.72,313.51,25.71,99.99,77.18,95,True,142,14910,15.2,29,351,6.9,230.0,258.0,351.0,28.0,35.0,46.0,19.0,23.0,29.0,4.66,5.44,6.92,61.0,84.0,104.0,25.0,43.0,67.0,155.0,203.0,238.0,-14.0,-8.0,-5.0,8.26,27.88,0.64,351.0,29.0,Mar 2025,3,sharescart,screener,ipowatch,sharescart,PROSTARM.NS,544410.BO,isin_authoritative,ISIN→symbol from official NSE list,match,,Prostarm Info Systems Ltd.,Prostarm Info Systems Limited,match
INE0INX01018,Aegis Vopak Terminals Ltd.,MB,AEGISVOPAK,544407,2025-05-26,2025-05-28,2025-06-02,235.00,2800.00,Bookbuilding,"BSE, NSE",ICICI Securities,2025,,,2800,chittorgarh,0.00,chittorgarh,0.0,chittorgarh,1260.00,chittorgarh,220.00,chittorgarh,241.95,chittorgarh,220.00,chittorgarh,241.95,chittorgarh,Repayment or prepayment of all or a portion of certain outstanding borrowings availed by the Company | Funding capital expenditure towards contracted acquisition of the cryogenic LPG terminal at Mangalore; and | General corporate purposes,chittorgarh,2800,chittorgarh,3.5,0.6,0.8,2.2,9108.75,309.75,283.50,7700.00,7.23,97.41,85.93,223,True,63,14805,180.8,127,621,1.3,353.0,562.0,621.0,229.0,398.0,458.0,-0.0,87.0,127.0,-0.8,865.4,1.29,953.0,997.0,1920.0,2374.0,3273.0,4009.0,3479.0,4523.0,6123.0,172.0,337.0,478.0,20.45,6.61,2.09,621.0,127.0,Mar 2025,3,sharescart,screener,ipowatch,sharescart,AEGISVOPAK.NS,544407.BO,isin_authoritative,ISIN→symbol from official NSE list,match,,Aegis Vopak Terminals Ltd.,Aegis Vopak Terminals Limited,match
INE0AQ201015,The Leela Palaces Hotels & Resorts Ltd.,MB,THELEELA,544408,2025-05-26,2025-05-28,2025-06-02,435.00,3500.00,Bookbuilding,"BSE, NSE",JM Financial,2025,,,2500,chittorgarh,1000,chittorgarh,28.6,chittorgarh,1575.00,chittorgarh,406.50,chittorgarh,438.80,chittorgarh,404.45,chittorgarh,435.55,chittorgarh,"Repayment/ prepayment/ redemption, in full or in part, of certain outstanding borrowings, interest accrued and prepayment penalties, as applicable, availed by i. The Company | ii. Certain of the wholly owned Subsidiaries and step-down subsidiaries, namely, Schloss Chanakya, Schloss Chennai, Schloss Udaipur and TPRPL, through investment in such Subsidiaries | General corporate purposes",chittorgarh,3500,chittorgarh,5.3,0.4,0.6,3.1,13833.75,236.25,224.00,10920.00,0.46,80.92,60.69,413,True,34,14790,217.5,48,1301,2,860.0,1171.0,1301.0,381.0,548.0,595.0,-62.0,-2.0,48.0,,,1.73,-2512.0,-2826.0,3556.0,3883.0,4453.0,4142.0,5876.0,7062.0,8266.0,318.0,539.0,553.0,3.69,1.35,1.16,1301.0,48.0,Mar 2025,3,sharescart,screener,investorgain,sharescart,THELEELA.NS,544408.BO,isin_authoritative,human-verified rename / confirmed ISIN↔symbol,renamed_confirmed,,Schloss Bangalore Ltd.,Leela Palaces Hotels & Resorts Limited,renamed_confirmed
INE894V01022,Belrise Industries Ltd.,MB,BELRISE,544405,2025-05-21,2025-05-23,2025-05-28,90.00,2150.00,Bookbuilding,"BSE, NSE",Axis Capital,2025,,,2150,chittorgarh,0.00,chittorgarh,0.0,chittorgarh,645.00,chittorgarh,98.50,chittorgarh,103.20,chittorgarh,91.36,chittorgarh,97.37,chittorgarh,"Repayment/pre-payment, in full or in part, of certain outstanding borrowings availed by the Company; and | General corporate purposes",chittorgarh,2150,chittorgarh,112.6,40.6,4.5,43.1,121077.25,13087.05,3401.30,92751.00,17.78,57.68,,85,True,166,14940,16.4,355,8291,5.5,6582.0,7484.0,8291.0,875.0,928.0,1021.0,314.0,314.0,355.0,,4.82,5.46,2044.0,2341.0,2697.0,2353.0,2504.0,2964.0,5679.0,6042.0,7225.0,789.0,582.0,704.0,4.28,13.16,1.1,8291.0,355.0,Mar 2025,3,sharescart,screener,ipowatch,,BELRISE.NS,544405.BO,isin_authoritative,ISIN→symbol from official NSE list,match,,Belrise Industries Ltd.,Belrise Industries Limited,match
INE16SF01016,Borana Weaves Ltd.,MB,BORANA,544404,2025-05-20,2025-05-22,2025-05-27,216.00,144.89,Bookbuilding,"BSE, NSE",Beeline Capital,2025,,,145,chittorgarh,0.00,chittorgarh,0.0,chittorgarh,65.20,chittorgarh,243.00,chittorgarh,255.10,chittorgarh,243.00,chittorgarh,255.10,chittorgarh,"Proposing to finance the cost of establishing a new manufacturing Unit to expand its production capabilities to produce grey fabric at Surat, Gujarat, India | Funding incremental working capital requirements | General Corporate Purposes",chittorgarh,145,chittorgarh,2,100.2,112.2,48.8,214.08,2176.87,1626.13,7070.77,29.17,87.19,,205,True,69,14904,10.7,40,290,20.1,135.0,199.0,290.0,26.0,41.0,63.0,16.0,24.0,40.0,4095.48,5927.14,20.16,24.04,48.04,88.0,41.0,71.0,61.0,75.0,137.0,156.0,7.0,22.0,23.0,13.79,45.45,0.69,290.0,40.0,Mar 2025,3,sharescart,screener,ipowatch,,BORANA.NS,544404.BO,isin_authoritative,ISIN→symbol from official NSE list,match,,Borana Weaves Ltd.,Borana Weaves Limited,match
INE0LEZ01016,Ather Energy Ltd.,MB,ATHERENERG,544397,2025-04-28,2025-04-30,2025-05-06,321.00,2980.76,Bookbuilding,"BSE, NSE",Axis Capital,2025,,,2626,chittorgarh,355,chittorgarh,11.9,chittorgarh,1340.03,chittorgarh,326.05,chittorgarh,332.90,chittorgarh,300.00,chittorgarh,302.50,chittorgarh,"Capital expenditure to be incurred by the Company for establishment of an E2W factory in Maharashtra, India. | Repayment/pre-payment, in full or part, of certain borrowings availed by the Company. | Investment in research and development. | Expenditure towards marketing initiatives. | General corporate purposes.",chittorgarh,2981,chittorgarh,1.8,0.7,1.9,1.5,3934.60,308.51,563.36,4471.14,12.46,52.67,,304,True,46,14766,-10,-812,2255,-32,1781.0,1754.0,2255.0,-708.0,-685.0,-581.0,-864.0,-1060.0,-812.0,-75436.3,-92469.46,-27.95,614.02,545.0,493.0,485.0,478.0,619.0,1977.0,1914.0,2101.0,-871.0,-268.0,-721.0,-36.01,-164.71,1.26,2255.0,-812.0,Mar 2025,3,sharescart,screener,ipowatch,,ATHERENERG.NS,544397.BO,isin_authoritative,ISIN→symbol from official NSE list,match,,Ather Energy Ltd.,Ather Energy Limited,match
INE0SII01026,Quality Power Electrical Equipments Ltd.,MB,QPOWER,544367,2025-02-14,2025-02-18,2025-02-24,425.00,858.70,Bookbuilding,"BSE, NSE",Pantomath Capital,2025,,,225,chittorgarh,634,chittorgarh,73.8,chittorgarh,386.41,chittorgarh,432.05,chittorgarh,432.05,chittorgarh,382.05,chittorgarh,387.05,chittorgarh,Payment of the purchase consideration for the acquisition of Mehru Electrical and Mechanical Engineers Private Limited | Funding capital expenditure requirements of our Company for purchase plant and machinery | Funding inorganic growth through unidentified acquisitions and other strategic initiatives and general corporate purposes,chittorgarh,859,chittorgarh,1,1.5,1.8,1.3,663.34,186.77,156.28,1107.72,1.18,80.12,63.75,401,True,26,11050,46.7,100,337,9.1,183.0,253.0,302.0,23.0,32.0,39.0,42.0,40.0,55.0,110133.33,137400.0,5.19,92.15,112.15,153.0,12.0,11.0,38.0,253.0,312.0,359.0,9.0,44.0,52.0,18.21,35.95,0.25,302.0,55.0,Mar 2024,3,sharescart,screener,investorgain,sharescart,QPOWER.NS,544367.BO,isin_authoritative,ISIN→symbol from official NSE list,match,,Quality Power Electrical Equipments Ltd.,Quality Power Electrical Equipments Limited,match
INE093A01041,Hexaware Technologies Ltd.,MB,HEXT,544362,2025-02-12,2025-02-14,2025-02-19,708.00,8750.00,Bookbuilding,"BSE, NSE",Kotak Mahindra Capital,2025,,,,,8750,chittorgarh,100.0,chittorgarh,2598.00,chittorgarh,731.00,chittorgarh,787.80,chittorgarh,724.40,chittorgarh,763.85,chittorgarh,,,8750,chittorgarh,9.6,0.2,0.1,2.8,41781.25,275.63,336.88,24412.50,2.82,100,45,674,True,21,14868,31.5,1368,13430,22.5,10380,11974,13430,1594,1910,2305,998,1174,1368,16.4,19.3,22.5,4635,5357,6316,0,0,0,6929,8726,10500,1516,1548,1739,9.80,21.92,0.00,11974,1174,Dec 2024,2,sharescart,sharescart,ipowatch,sharescart,HEXT.NS,544362.BO,isin_authoritative,ISIN→symbol from official NSE list,match,,Hexaware Technologies Ltd.,Hexaware Technologies Limited,match
INE274Y01021,Ajax Engineering Ltd.,MB,AJAXENGG,544356,2025-02-10,2025-02-12,2025-02-17,629.00,1268.93,Bookbuilding,"BSE, NSE",ICICI Securities,2025,,,,,1269,chittorgarh,100.0,chittorgarh,379.32,chittorgarh,593.00,chittorgarh,608.45,chittorgarh,565.00,chittorgarh,595.60,chittorgarh,,,1269,chittorgarh,13,6.5,1.9,6.1,8276.16,1230.00,861.89,7692.26,7.15,28.99,23.6,599,True,23,14467,27.7,260,2074,22.7,763.0,1151.0,1741.0,91.0,171.0,276.0,66.0,136.0,225.0,,,19.68,578.0,713.0,918.0,7.0,12.0,8.0,735.0,967.0,1236.0,85.0,185.0,207.0,12.92,24.51,0.01,1741.0,225.0,Mar 2024,3,sharescart,screener,ipowatch,sharescart,AJAXENGG.NS,544356.BO,isin_authoritative,ISIN→symbol from official NSE list,match,,Ajax Engineering Ltd.,Ajax Engineering Limited,match
INE943P01029,Dr.Agarwal's Health Care Ltd.,MB,AGARWALEYE,544350,2025-01-29,2025-01-31,2025-02-04,402.00,3027.26,Bookbuilding,"BSE, NSE",Kotak Mahindra Capital,2025,,,300,chittorgarh,2727,chittorgarh,90.1,chittorgarh,875.51,chittorgarh,396.90,chittorgarh,412.75,chittorgarh,370.10,chittorgarh,401.55,chittorgarh,"Repayment/prepayment, in part or full, of certain of the borrowings | General corporate purposes and unidentified inorganic acquisition",chittorgarh,3027,chittorgarh,4.4,0.4,0.4,1.5,6675.11,177.09,445.01,4510.62,13.68,99.81,,382,True,35,14070,143.6,110,1711,2.8,696.0,1018.0,1332.0,186.0,275.0,367.0,43.0,103.0,95.0,,,,213.0,630.0,1339.0,633.0,857.0,966.0,1025.0,1823.0,2751.0,164.0,233.0,346.0,7.13,7.09,0.72,1332.0,95.0,Mar 2024,3,sharescart,screener,ipowatch,,AGARWALEYE.NS,544350.BO,isin_authoritative,ISIN→symbol from official NSE list,match,,Dr.Agarwal's Health Care Ltd.,Dr. Agarwal's Health Care Limited,match
INE0R4L01018,Denta Water & Infra Solutions Ltd.,MB,DENTA,544345,2025-01-22,2025-01-24,2025-01-29,294.00,220.50,Bookbuilding,"BSE, NSE",SMC Capitals,2025,,,221,chittorgarh,0.00,chittorgarh,0.0,chittorgarh,66.15,chittorgarh,330.00,chittorgarh,346.45,chittorgarh,325.05,chittorgarh,346.45,chittorgarh,To meet the working capital requirements | General corporate purposes,chittorgarh,221,chittorgarh,236.9,507.1,90.4,221.5,26122.63,16771.34,6975.08,48849.57,24.83,99.59,81.44,279,True,50,14700,11.4,53,203,25.8,120.0,174.0,239.0,52.0,67.0,79.0,38.0,50.0,60.0,79.88,104.4,31.49,55.0,105.0,164.0,0.0,1.0,1.0,61.0,123.0,220.0,-8.0,51.0,27.0,25.1,36.59,0.01,239.0,60.0,Mar 2024,3,sharescart,screener,investorgain,sharescart,DENTA.NS,544345.BO,isin_authoritative,ISIN→symbol from official NSE list,match,,Denta Water & Infra Solutions Ltd.,Denta Water and Infra Solutions Limited,match
INE0RYC01010,Stallion India Fluorochemicals Ltd.,MB,STALLION,544342,2025-01-16,2025-01-20,2025-01-23,90.00,199.45,Bookbuilding,"BSE, NSE",Sarthi Capital Advisors,2025,,,161,chittorgarh,39,chittorgarh,19.6,chittorgarh,59.84,chittorgarh,120.00,chittorgarh,125.99,chittorgarh,120.00,chittorgarh,125.99,chittorgarh,"Funding incremental working capital requirements of our Company | Funding capital expenditure requirements for our Semi-conductor & Specialty Gas debulking & blending facility (""Khalapur, Maharashtra"") | Funding capital expenditure requirements for our Refrigerant debulking & blending facility (""Mambattu, Andhra Pradesh"") | General Corporate Purposes",chittorgarh,199,chittorgarh,172.9,422.3,96.8,188.3,17245.67,12635.82,6758.15,37560.91,38.89,94.63,67.9,85,True,165,14850,18,32,377,5,186.0,226.0,233.0,33.0,18.0,24.0,21.0,10.0,15.0,11.79,1.21,1.72,61.0,71.0,125.0,2.0,18.0,65.0,98.0,126.0,200.0,8.0,-3.0,-73.0,6.44,12.0,0.52,233.0,15.0,Mar 2024,3,sharescart,screener,investorgain,sharescart,STALLION.NS,544342.BO,isin_authoritative,ISIN→symbol from official NSE list,match,,Stallion India Fluorochemicals Ltd.,Stallion India Fluorochemicals Limited,match
INE0WO601020,Laxmi Dental Ltd.,MB,LAXMIDENTL,544339,2025-01-13,2025-01-15,2025-01-20,428.00,698.06,Bookbuilding,"BSE, NSE",Nuvama Wealth Management,2025,,,138,chittorgarh,560,chittorgarh,80.2,chittorgarh,314.13,chittorgarh,528.00,chittorgarh,583.70,chittorgarh,524.80,chittorgarh,550.65,chittorgarh,"Repayment/prepayment, in full or in part, of certain outstanding borrowings availed by the Company. | Investment in certain Subsidiaries for the repayment/prepayment, in full or in part, of certain outstanding borrowings. | Funding the capital expenditure requirements for purchase of new machinery for the Company | Investment in the Subsidiary, Bizdent Devices Private Limited, for the capital expenditure requirements for the purchase of new machinery | General corporate purposes",chittorgarh,698,chittorgarh,0,0,0,0,0.00,0.00,0.00,0.00,38.55,100,47.44,407,True,33,14124,70.2,25,239,6.1,137.0,162.0,194.0,7.0,9.0,24.0,-19.0,-4.0,25.0,-596.62,-128.94,804.81,9.31,6.31,31.31,50.0,50.0,61.0,103.0,97.0,139.0,-2.0,14.0,8.0,12.89,79.85,1.95,194.0,25.0,Mar 2024,3,sharescart,screener,ipowatch,sharescart,LAXMIDENTL.NS,544339.BO,isin_authoritative,ISIN→symbol from official NSE list,match,,Laxmi Dental Ltd.,Laxmi Dental Limited,match
INE0LRY01011,Quadrant Future Tek Ltd.,MB,QUADFUTURE,544336,2025-01-07,2025-01-09,2025-01-14,290.00,290.00,Bookbuilding,"BSE, NSE",Sundae Capital,2025,,,290,chittorgarh,0.00,chittorgarh,0.0,chittorgarh,130.50,chittorgarh,374.00,chittorgarh,448.75,chittorgarh,367.00,chittorgarh,448.75,chittorgarh,Funding long-term working capital requirements of the Company; | Capital expenditure for development for Electronic Interlocking System; | Prepayment or repayment of all or a portion of outstanding working capital term loan availed by our Company; and | General corporate purposes.,chittorgarh,290,chittorgarh,139.8,268,256.5,196,30399.97,11659.31,7437.34,56828.40,62.07,93.33,70,275,True,50,14500,-47.5,-20,151,-6.1,104.0,153.0,151.0,9.0,26.0,37.0,2.0,14.0,12.0,1.94,13.9,11.62,16.0,29.0,47.0,81.0,74.0,82.0,113.0,119.0,146.0,-5.0,30.0,22.0,7.95,25.53,1.74,151.0,12.0,Mar 2024,3,sharescart,screener,ipowatch,sharescart,QUADFUTURE.NS,544336.BO,isin_authoritative,ISIN→symbol from official NSE list,match,,Quadrant Future Tek Ltd.,Quadrant Future Tek Limited,match
INE0Z8Z23013,Capital Infra Trust InvIT,MB,CAPINVIT,544338,2025-01-07,2025-01-09,2025-01-17,99.00,1578.00,Bookbuilding,"BSE, NSE",SBICAP,2025,,,,,,,,,,,,,,,,,,,,,,,,,,2.8,,,,,,,,,,,,,,,,1908.0,2027.0,1466.0,190.0,333.0,463.0,126.0,497.0,126.0,,,,497.0,984.0,0.0,1632.0,2657.0,0.0,2503.0,4283.0,0.0,-667.0,-510.0,0.0,8.59,,,1466.0,126.0,Mar 2024,3,nse,screener,,,CAPINVIT.NS,544338.BO,chittorgarh_symbol,Chittorgarh nse_symbol (ISIN not in NSE exchange list),unchecked,,Capital Infra Trust InvIT,,no_ref
INE0M4D01010,Standard Glass Lining Technology Ltd.,MB,SGLTL,544333,2025-01-06,2025-01-08,2025-01-13,140.00,410.05,Bookbuilding,"NSE, BSE",IIFL Capital,2025,,,210,chittorgarh,200,chittorgarh,48.8,chittorgarh,123.00,chittorgarh,172.00,chittorgarh,182.00,chittorgarh,161.00,chittorgarh,163.28,chittorgarh,"Funding of capital expenditure requirements of the Company towards purchase of machinery and equipment; | Repayment or prepayment, in full or in part, of all or a portion of certain outstanding borrowings availed by our Company and investment in our wholly owned Material Subsidiary, S2 Engineering Industry Private Limited, for repayment or prepayment, in full or in part, of all or a portion of certain outstanding borrowings availed by S2 Engineering Industry Private Limited, from banks and financial institutions | Investment in our wholly owned Material Subsidiary, S2 Engineering Industry Private Limited, for funding its capital expenditure requirements towards purchase of machinery and equipment | Funding inorganic growth through strategic investments and/or acquisitions; and | General corporate purposes.",chittorgarh,410,chittorgarh,327.8,275.2,65.7,185.5,67199.18,16927.53,9430.56,76056.29,35.71,100,60.24,133,True,107,14980,40,69,614,3.5,240.0,498.0,544.0,40.0,86.0,95.0,25.0,53.0,60.0,16.44,33.84,32.14,69.0,156.0,407.0,70.0,82.0,129.0,298.0,348.0,665.0,-7.0,2.0,-65.0,11.03,14.74,0.32,544.0,60.0,Mar 2024,3,sharescart,screener,investorgain,sharescart,SETL.NS,544333.BO,isin_authoritative,human-verified rename / confirmed ISIN↔symbol,renamed_confirmed,,Standard Glass Lining Technology Ltd.,Standard Engineering Technology Limited,renamed_confirmed
INE2OVN25015,Bagmane Prime Office REIT REIT,MB,BAGMANE,544758,2026-05-05,2026-05-07,2026-05-15,100.00,3405.00,Bookbuilding,"BSE, NSE",JM Financial,2026,,,,,,,,,,,,,,,,,,,,,,,,,,23.71,,,,,,,,,,,,,,,,,,,,,,,,,,,,,,,,,,,,,,,,,,,,,,,nse,,,,BAGMANE.NS,544758.BO,chittorgarh_symbol,Chittorgarh nse_symbol (ISIN not in NSE exchange list),unchecked,,Bagmane Prime Office REIT REIT,,no_ref
INE12F801023,OnEMI Technology Solutions Ltd.,MB,KISSHT,544754,2026-04-30,2026-05-05,2026-05-08,171.00,925.92,Bookbuilding,"BSE, NSE",JM Financial,2026,,,850,chittorgarh,76,chittorgarh,8.2,chittorgarh,277.78,chittorgarh,191.00,chittorgarh,227.35,chittorgarh,190.35,chittorgarh,208.40,chittorgarh,"Augmenting the capital base of Subsidiary, Si Creva, to meet its future capital requirements arising out of the growth of Subsidiary, Si Crevas, business | General Corporate Purposes | Total",chittorgarh,926,chittorgarh,24.87,6.57,2.03,9.5,,,,,10.53,,,,,,,,,,,429.0,321.0,698.0,129.0,84.0,172.0,82.0,51.0,144.0,172.52,94.91,12.13,667.0,759.0,964.0,38.0,32.0,18.0,746.0,859.0,1130.0,53.0,82.0,176.0,20.63,14.94,0.02,698.0,144.0,Mar 2026,3,nse,screener,investorgain,,KISSHT.NS,544754.BO,isin_authoritative,ISIN→symbol from official NSE list,match,,OnEMI Technology Solutions Ltd.,OnEMI Technology Solutions Limited,match
INE2Q7823014,Citius Transnet Investment Trust InvIT,MB,CITIUSINVT,544753,2026-04-17,2026-04-21,2026-04-29,100.00,1105.00,Bookbuilding,"BSE, NSE",Axis Capital,2026,,,1105,chittorgarh,0.00,chittorgarh,0.0,chittorgarh,,,104.50,chittorgarh,107.13,chittorgarh,104.50,chittorgarh,106.19,chittorgarh,"Partial or full acquisition of securities of a) SRPL b) certain identified Project SPVs namely TEL, JSEL, Dhola and Dibang | General purposes | Total",chittorgarh,1105,chittorgarh,,,,20.43,,,,,3.5,,,,,,,,,,,1873.17,1987.05,0.0,1094.43,1256.41,-3.15,-774.12,-417.75,-3.15,,,,-1217.42,-3774.46,,6256.33,6788.12,,10307.89,8371.04,,939.25,1044.95,-1.0,,,,0.0,-3.15,Mar 2026,3,nse,screener,investorgain,,CITIUSINVT.NS,544753.BO,chittorgarh_symbol,Chittorgarh nse_symbol (ISIN not in NSE exchange list),unchecked,,Citius Transnet Investment Trust InvIT,,no_ref
INE19RO25039,Property Share Investment Trust-Propshare Celestia SM REIT,MB,,544752,2026-04-10,2026-04-16,2026-04-24,1050000.00,244.65,Bookbuilding,BSE,Ambit,2026,,,245,chittorgarh,0.00,chittorgarh,0.0,chittorgarh,,,999900.01,chittorgarh,1039999.00,chittorgarh,999900.01,chittorgarh,1035000.00,chittorgarh,"Acquisition of the Project Celestia and payment of sinking fund to society by Celestia SPVs (the “Proposed Acquisition”), and reimbursement or direct payment, as applicable, of statutory charges under applicable laws (including stamp duty, registration, surcharge and cess etc. for the registration of sale deeds) to the Investment Manager for the Proposed Acquisition by way of lending to the Celestia SPVs and subscribing to the equity and debt instruments of our Celestia SPV | General purposes | Total",chittorgarh,245,chittorgarh,,,,,,,,,,,,,,,,,,,,,,,,,,,,,,,,,,,,,,,,,,,,,,,,,,,,,,,,544752.BO,bse_only,BSE code only,unchecked,,Property Share Investment Trust-Propshare Celestia SM REIT,,no_ref
INE25E901019,Om Power Transmission Ltd.,MB,OMPOWER,544750,2026-04-09,2026-04-13,2026-04-17,175.00,150.06,Bookbuilding,"BSE, NSE",Beeline Capital,2026,,,133,chittorgarh,18,chittorgarh,12.0,chittorgarh,45.01,chittorgarh,181.10,chittorgarh,190.15,chittorgarh,181.10,chittorgarh,190.15,chittorgarh,"Funding of capital expenditure requirements of the Company towards purchase of machinery and equipment | Pre-payment/ re-payment, in part or full, of certain outstanding borrowings availed by the Company | Funding long-term working capital requirement of the Company | General Corporate Purposes | Total",chittorgarh,150,chittorgarh,3.65,7.06,1.54,3.33,,,,,0.86,,,,,,,,,,,183.0,279.0,449.0,14.0,36.0,57.0,7.0,22.0,40.0,123.5,368.0,15.01,50.6,72.6,137.0,26.0,19.0,48.0,118.0,150.0,342.0,4.0,12.0,-26.0,8.91,29.2,0.35,449.0,40.0,Mar 2026,3,nse,screener,ipowatch,,OMPOWER.NS,544750.BO,isin_authoritative,ISIN→symbol from official NSE list,match,,Om Power Transmission Ltd.,Om Power Transmission Limited,match
INE921L01032,Powerica Ltd.,MB,POWERICA,544744,2026-03-24,2026-03-27,2026-04-02,395.00,1100.00,Bookbuilding,"BSE, NSE",ICICI Securities,2026,,,700,chittorgarh,400,chittorgarh,36.4,chittorgarh,329.40,chittorgarh,375.00,chittorgarh,396.85,chittorgarh,365.10,chittorgarh,390.00,chittorgarh,"Prepayment/repayment of certain outstanding borrowings availed by our Company, in part or full | General corporate purposes | Total",chittorgarh,1100,chittorgarh,4.5,0.44,0.15,1.45,,,,,2.03,,,,,,,,,,,2195.0,2496.0,2594.0,364.0,300.0,290.0,213.0,142.0,202.0,78.33,52.08,15.93,906.0,1046.0,1883.0,182.0,308.0,567.0,2063.0,2317.0,3750.0,294.0,223.0,380.0,7.79,10.73,0.3,2594.0,202.0,Mar 2026,3,nse,screener,ipowatch,,POWERICA.NS,544744.BO,isin_authoritative,ISIN→symbol from official NSE list,match,,Powerica Ltd.,Powerica Limited,match
INE05TO01019,Amir Chand Jagdish Kumar (Exports) Ltd.,MB,AMIRCHAND,544743,2026-03-24,2026-03-27,2026-04-02,212.00,440.00,Bookbuilding,"BSE, NSE",Emkay Global,2026,,,440,chittorgarh,0.00,chittorgarh,0.0,chittorgarh,60.00,chittorgarh,195.00,chittorgarh,197.95,chittorgarh,175.50,chittorgarh,175.50,chittorgarh,Funding working capital requirements of the Company | General Corporate Purposes | Total,chittorgarh,440,chittorgarh,1.11,12.71,1.36,3.23,,,,,1.65,,,,,,,,,,,1341.0,1709.0,2030.0,99.0,139.0,192.0,22.0,40.0,76.0,3151.43,4.92,7.39,297.0,344.0,863.0,778.0,784.0,758.0,1251.0,1425.0,1997.0,1.0,94.0,-166.0,3.74,8.81,0.88,2030.0,76.0,Mar 2026,3,nse,screener,investorgain,,AMIRCHAND.NS,544743.BO,isin_authoritative,ISIN→symbol from official NSE list,match,,Amir Chand Jagdish Kumar (Exports) Ltd.,Amir Chand Jagdish Kumar (Exports) Limited,match
INE0H9F01037,Sai Parenteral's Ltd.,MB,SAIPARENT,544742,2026-03-24,2026-03-27,2026-04-02,392.00,408.79,Bookbuilding,"BSE, NSE",Arihant Capital,2026,,,285,chittorgarh,124,chittorgarh,30.3,chittorgarh,122.64,chittorgarh,405.00,chittorgarh,416.20,chittorgarh,400.00,chittorgarh,406.40,chittorgarh,"Capacity expansion and upgradation of manufacturing facilities | Establishment of a new R&D Centre; | Repayment / prepayment of certain outstanding borrowings | Working capital requirements | Investment in wholly owned subsidiary, Sai Parenterals Pte Limited (Singapore), in relation to the proposed acquisition of Noumed Pharmaceuticals Pty Limited (Australia); and | General corporate purposes | Total",chittorgarh,409,chittorgarh,1.71,2.36,0.12,1.05,,,,,,,,,,,,,,,,,,,,,,,,,,,,,,,,,,,,,,,,,,,,,,,nse,,,,SAIPARENT.NS,544742.BO,isin_authoritative,ISIN→symbol from official NSE list,match,,Sai Parenteral's Ltd.,Sai Parenterals Limited,match
INE05HV01027,Central Mine Planning & Design Institute Ltd.,MB,CMPDI,544739,2026-03-20,2026-03-24,2026-03-30,172.00,1841.45,Bookbuilding,"BSE, NSE",IDBI Capital,2026,,,,,1841,chittorgarh,100.0,chittorgarh,469.74,chittorgarh,162.80,chittorgarh,168.40,chittorgarh,152.30,chittorgarh,154.05,chittorgarh,,,1841,chittorgarh,3.48,0.35,0.33,1.05,,,,,2.91,,,,,,,,,,,1386.0,1733.0,2103.0,383.0,727.0,841.0,297.0,503.0,667.0,2077.45,3524.02,4670.24,1238.0,1592.0,2042.0,2.0,1.0,1.0,1920.0,2173.0,2684.0,399.0,246.0,671.0,31.72,32.66,0.0,2103.0,667.0,Mar 2025,3,nse,screener,investorgain,,CMPDI.NS,544739.BO,isin_authoritative,ISIN→symbol from official NSE list,match,,Central Mine Planning & Design Institute Ltd.,Central Mine Planning & Design Institute Limited,match
INE713R01022,GSP Crop Science Ltd.,MB,GSPCROP,544733,2026-03-16,2026-03-18,2026-03-24,320.00,400.00,Bookbuilding,"BSE, NSE",Equirus Capital,2026,,,240,chittorgarh,160,chittorgarh,40.0,chittorgarh,120.00,chittorgarh,332.30,chittorgarh,363.60,chittorgarh,327.35,chittorgarh,356.10,chittorgarh,Repayment or pre-repayment of all or a portion of certain outstanding borrowings availed by the Company | General Corporate Purpose | Total,chittorgarh,400,chittorgarh,2.66,3.05,0.4,1.61,,,,,0.62,,,,,,,,,,,1309.0,1226.0,1409.0,60.0,101.0,133.0,8.0,46.0,76.0,29.95,176.91,19.56,356.0,349.0,422.0,324.0,235.0,246.0,1110.0,947.0,1151.0,101.0,172.0,50.0,5.39,18.01,0.58,1409.0,76.0,Mar 2025,3,nse,screener,ipowatch,,GSPCROP.NS,544733.BO,isin_authoritative,ISIN→symbol from official NSE list,match,,GSP Crop Science Ltd.,GSP Crop Science Limited,match
INE2PB023011,Raajmarg Infra Investment Trust InvIT,MB,RIIT,544734,2026-03-11,2026-03-13,2026-03-24,100.00,6000.00,Bookbuilding,"BSE, NSE",SBICAP,2026,,,6000,chittorgarh,0.00,chittorgarh,0.0,chittorgarh,1728.00,chittorgarh,108.00,chittorgarh,108.00,chittorgarh,105.50,chittorgarh,106.83,chittorgarh,"Infusion of debt and equity into the Project SPV, which shall be utilized by the Project SPV for the payment of concession value of the InvIT Assets to NHAI | General purposes | Total",chittorgarh,6000,chittorgarh,,,,1.22,,,,,3.5,,,,,,,,,,,,,,,,,,,,,,,,,,,,,,,,,,,,,,,,,,nse,,investorgain,,RIIT.NS,544734.BO,chittorgarh_symbol,Chittorgarh nse_symbol (ISIN not in NSE exchange list),unchecked,,Raajmarg Infra Investment Trust InvIT,,no_ref
INE0ADB01012,Innovision Ltd.,MB,INNOVISION,544732,2026-03-10,2026-03-17,2026-03-23,519.00,319.25,Bookbuilding,"BSE, NSE",Emkay Global,2026,,,255,chittorgarh,64,chittorgarh,20.1,chittorgarh,,,466.00,chittorgarh,468.60,chittorgarh,372.80,chittorgarh,372.80,chittorgarh,"Repayment or pre-payment, in part or full of all or certain borrowings availed by the Company | Funding working capital requirements of the Company | General Corporate Purposes | Total",chittorgarh,319,chittorgarh,13.75,8.26,0.58,3.32,,,,,11.56,,,,,,,,,,,,510.0,893.0,,18.0,50.0,,11.0,31.0,,5.99,16.24,,53.0,84.0,,49.0,79.0,,157.0,222.0,,6.0,-22.0,3.47,36.9,0.94,893.0,31.0,Mar 2025,2,nse,screener,ipowatch,,INNOVISION.NS,544732.BO,isin_authoritative,ISIN→symbol from official NSE list,match,,Innovision Ltd.,Innovision Limited,match
INE313L01016,Rajputana Stainless Ltd.,MB,RSL,544731,2026-03-09,2026-03-11,2026-03-19,122.00,254.98,Bookbuilding,"BSE, NSE",Nirbhay Capital,2026,,,179,chittorgarh,76,chittorgarh,29.8,chittorgarh,,,123.95,chittorgarh,123.95,chittorgarh,111.25,chittorgarh,112.90,chittorgarh,"Funding capital expenditure requirements for expansion of the existing manufacturing facility at Panchmahal district, Gujarat through forward integration and diversification of product portfolio i.e., Stainless Steel Seamless Pipes | Full or part repayment and/or prepayment of certain outstanding secured borrowings availed by the Company | General corporate purposes | Total",chittorgarh,255,chittorgarh,2.51,2.59,0.27,1.12,,,,,1.23,,,,,,,,,,,952.0,910.0,932.0,44.0,59.0,74.0,24.0,32.0,40.0,6.98,9.18,5.78,81.0,112.0,152.0,80.0,80.0,102.0,297.0,324.0,420.0,25.0,31.0,7.0,4.29,26.32,0.67,932.0,40.0,Mar 2025,3,nse,screener,ipowatch,,RSL.NS,544731.BO,isin_authoritative,ISIN→symbol from official NSE list,match,,Rajputana Stainless Ltd.,Rajputana Stainless Limited,match
INE00XB01019,SEDEMAC Mechatronics Ltd.,MB,SEDEMAC,544723,2026-03-04,2026-03-06,2026-03-11,1352.00,1087.35,Bookbuilding,"BSE, NSE",ICICI Securities,2026,,,,,1087,chittorgarh,100.0,chittorgarh,325.89,chittorgarh,1510.00,chittorgarh,1613.50,chittorgarh,1425.00,chittorgarh,1452.10,chittorgarh,,,1087,chittorgarh,8.46,0.77,0.2,2.68,,,,,4.29,,,,,,,,,,,423.0,531.0,658.0,47.0,78.0,121.0,9.0,6.0,47.0,7720.72,5250.0,16625.44,115.01,124.01,303.03,134.0,170.0,64.0,331.0,402.0,491.0,78.0,61.0,91.0,7.14,15.51,0.21,658.0,47.0,Mar 2025,3,nse,screener,ipowatch,,SEDEMAC.NS,544723.BO,isin_authoritative,ISIN→symbol from official NSE list,match,,SEDEMAC Mechatronics Ltd.,SEDEMAC Mechatronics Limited,match
INE0UH301010,Omnitech Engineering Ltd.,MB,OMNI,544720,2026-02-25,2026-02-27,2026-03-05,227.00,583.00,Bookbuilding,"BSE, NSE",Equirus Capital,2026,,,418,chittorgarh,165,chittorgarh,28.3,chittorgarh,174.60,chittorgarh,205.00,chittorgarh,224.00,chittorgarh,202.80,chittorgarh,205.15,chittorgarh,"Repayment and/ or pre-payment, in full or in part, of certain outstanding borrowings availed by the Company | Setting up New Projects at Proposed Facility 1 | Setting up New Projects at Proposed Facility 2 | Funding towards Capital Expenditure at Existing Facility 2 | General corporate purposes | Total",chittorgarh,583,chittorgarh,2.86,0.73,0.33,1.14,,,,,6.17,,,,,,,,,,,177.0,188.0,345.0,63.0,66.0,115.0,32.0,22.0,44.0,64.42,4.47,4.14,60.0,82.0,208.0,94.0,254.0,355.0,179.0,387.0,631.0,42.0,19.0,-71.0,12.75,21.15,1.71,345.0,44.0,Mar 2025,3,nse,screener,ipowatch,,OMNI.NS,544720.BO,isin_authoritative,ISIN→symbol from official NSE list,match,,Omnitech Engineering Ltd.,Omnitech Engineering Limited,match
INE1RDG01013,PNGS Reva Diamond Jewellery Ltd.,MB,PNGSREVA,544718,2026-02-24,2026-02-26,2026-03-04,386.00,379.52,Bookbuilding,"BSE, NSE",Smart Horizon Capital,2026,,,380,chittorgarh,0.00,chittorgarh,0.0,chittorgarh,170.58,chittorgarh,372.00,chittorgarh,433.55,chittorgarh,359.60,chittorgarh,413.95,chittorgarh,"Funding expenditure towards setting-up of 15 New Stores | Marketing and promotional expenses related to the launch of the 15 New Stores, aimed at enhancing local brand awareness and visibility of the flagship brand, “Reva”, in their respective areas | General corporate purposes | Total",chittorgarh,380,chittorgarh,1.04,1.54,1.29,1.23,,,,,5.18,,,,,,,,,,,199.0,196.0,258.0,69.0,56.0,80.0,52.0,42.0,59.0,,,122.39,-52.0,,100.0,0.0,,91.0,124.0,,227.0,40.0,18.0,39.0,22.87,59.0,0.91,258.0,59.0,Mar 2025,3,nse,screener,investorgain,,PNGSREVA.NS,544718.BO,isin_authoritative,ISIN→symbol from official NSE list,match,,PNGS Reva Diamond Jewellery Ltd.,PNGS Reva Diamond Jewellery Limited,match
INE647U01026,Clean Max Enviro Energy Solutions Ltd.,MB,CLEANMAX,544717,2026-02-23,2026-02-25,2026-03-02,1053.00,3079.88,Bookbuilding,"BSE, NSE",Axis Capital,2026,,,1196,chittorgarh,1884,chittorgarh,61.2,chittorgarh,921.00,chittorgarh,952.20,chittorgarh,958.40,chittorgarh,761.80,chittorgarh,867.90,chittorgarh,"Repayment and/or pre-payment, in part or full, of all or certain outstanding borrowings of the Company and/or certain of the Subsidiaries | General corporate purposes | Total",chittorgarh,3080,chittorgarh,2.83,0.54,0.06,0.94,,,,,3.32,,,,,,,,,,,2776.0,2106.0,2270.0,354.0,452.0,429.0,132.0,282.0,298.0,363.9,641.96,587.78,1554.0,2478.0,,984.0,1179.0,,4049.0,4929.0,,947.0,58.0,1083.0,13.13,,,2270.0,298.0,Mar 2025,3,nse,screener,investorgain,,CLEANMAX.NS,544717.BO,isin_authoritative,ISIN→symbol from official NSE list,match,,Clean Max Enviro Energy Solutions Ltd.,Clean Max Enviro Energy Solutions Limited,match
INE19GK01015,Shree Ram Twistex Ltd.,MB,SRTL,544716,2026-02-23,2026-02-25,2026-03-02,104.00,110.24,Bookbuilding,"BSE, NSE",Interactive Financial,2026,,,110,chittorgarh,0.00,chittorgarh,0.0,chittorgarh,,,70.00,chittorgarh,73.45,chittorgarh,67.00,chittorgarh,73.45,chittorgarh,"Funding for setting up of 6.1 MW Solar Power Plant for captive use | Funding for setting up of 4.2 MW Wind Power Plant for captive use | Repayment and/or pre-payment, in full or part, of certain borrowings availed by our Company | Funding the working capital requirements of our Company | Total",chittorgarh,110,chittorgarh,3.94,220.26,76.24,43.62,,,,,4.81,,,,,,,,,,,213.0,232.0,255.0,17.0,20.0,21.0,2.0,7.0,8.0,1.74,2.23,2.72,61.0,66.0,74.0,56.0,67.0,62.0,136.0,154.0,194.0,10.0,-5.0,22.0,3.14,10.81,0.84,255.0,8.0,Mar 2025,3,nse,screener,ipowatch,,SRTL.NS,544716.BO,isin_authoritative,ISIN→symbol from official NSE list,match,,Shree Ram Twistex Ltd.,Shree Ram Twistex Limited,match
INE0P8B01020,Gaudium IVF & Women Health Ltd.,MB,GAUDIUMIVF,544709,2026-02-20,2026-02-24,2026-02-27,79.00,165.00,Bookbuilding,"BSE, NSE",Sarthi Capital Advisors,2026,,,90,chittorgarh,75,chittorgarh,45.5,chittorgarh,49.50,chittorgarh,83.00,chittorgarh,87.15,chittorgarh,79.05,chittorgarh,80.48,chittorgarh,"Funding capital expenditure towards establishment of New IVF Centers of the Company. | Repayment/pre-payment, in full or in part, of certain outstanding loans availed by the Company. | General Corporate Purpose | Total",chittorgarh,165,chittorgarh,1.62,14.05,7.6,7.27,,,,,,,,,,,,,,,,44.0,46.0,59.0,20.0,19.0,28.0,13.0,10.0,19.0,133.91,100.28,3.03,22.99,26.99,46.0,10.0,17.0,21.0,35.0,51.0,75.0,24.0,3.0,8.0,32.2,41.3,0.46,59.0,19.0,Mar 2025,3,nse,screener,,,GAUDIUMIVF.NS,544709.BO,isin_authoritative,ISIN→symbol from official NSE list,match,,Gaudium IVF & Women Health Ltd.,Gaudium IVF and Women Health Limited,match
INE501X01029,Aye Finance Ltd.,MB,AYE,544699,2026-02-09,2026-02-11,2026-02-16,129.00,1010.00,Bookbuilding,"BSE, NSE",Axis Capital,2026,,,710,chittorgarh,300,chittorgarh,29.7,chittorgarh,454.50,chittorgarh,129.00,chittorgarh,132.75,chittorgarh,120.60,chittorgarh,128.90,chittorgarh,,,1010,chittorgarh,1.5,0.05,0.77,0.97,,,,,5.43,,,,,,,,,,,623.0,1040.0,1460.0,,,,54.0,161.0,171.0,111.35,333.57,8.93,742.0,1200.0,1659.0,,,,3140.0,4873.0,6338.0,-720.0,-1323.0,-812.0,11.71,10.31,,1460.0,171.0,Mar 2025,3,nse,screener,ipowatch,,AYE.NS,544699.BO,isin_authoritative,ISIN→symbol from official NSE list,match,,Aye Finance Ltd.,Aye Finance Limited,match
INE212S01015,Fractal Analytics Ltd.,MB,FRACTAL,544700,2026-02-09,2026-02-11,2026-02-16,900.00,2833.90,Bookbuilding,"BSE, NSE",Kotak Mahindra Capital,2026,,,1026,chittorgarh,1808,chittorgarh,63.8,chittorgarh,1248.25,chittorgarh,900.00,chittorgarh,900.00,chittorgarh,832.10,chittorgarh,847.40,chittorgarh,"Investment  in  one  of  our  Subsidiaries,  Fractal  USA,  for  pre-payment  and/  or  scheduled repayment, in full or in part, of its borrowings | Purchase of laptops | Setting-up new office premises in India | Investment in (a) research and development; and (b) sales and marketing under Fractal Alpha | Funding inorganic growth through unidentified acquisitions and other strategic initiatives, and general corporate purposes | Total",chittorgarh,2834,chittorgarh,4.18,1.06,1.03,2.66,,,,,18.33,,,,,,,,,,,994.0,1159.0,1437.0,12.0,91.0,196.0,-31.0,122.0,132.0,-9.51,37.02,39.43,1456.0,1689.0,1947.0,0.0,90.0,139.0,1679.0,1962.0,2312.0,-123.0,152.0,38.0,9.19,6.78,0.07,1437.0,132.0,Mar 2025,3,nse,screener,ipowatch,,FRACTAL.NS,544700.BO,isin_authoritative,ISIN→symbol from official NSE list,match,,Fractal Analytics Ltd.,Fractal Analytics Limited,match
INE12UN01015,Shadowfax Technologies Ltd.,MB,SHADOWFAX,544685,2026-01-20,2026-01-22,2026-01-28,124.00,1907.27,Bookbuilding,"BSE, NSE",ICICI Securities,2026,,,1000,chittorgarh,907,chittorgarh,47.6,chittorgarh,856.02,chittorgarh,113.00,chittorgarh,119.55,chittorgarh,109.00,chittorgarh,109.90,chittorgarh,"Funding of capital expenditure requirements of the Company in relation to the network infrastructure | Funding of lease payments for new first mile centers, last mile centers and sort centers | Funding of branding, marketing and communication costs | Unidentified inorganic acquisitions and general corporate purposes",chittorgarh,1907,chittorgarh,3.81,0.84,2.31,2.72,,,,,2.82,,,,,,,,,,,1415.0,1885.0,2467.0,-107.0,19.0,62.0,-143.0,-12.0,6.0,-6185.6,-493.97,0.41,171.23,172.24,400.0,66.0,289.0,383.0,443.0,786.0,1209.0,-73.0,132.0,50.0,0.24,1.5,0.96,2467.0,6.0,Mar 2025,3,nse,screener,investorgain,,SHADOWFAX.NS,544685.BO,isin_authoritative,ISIN→symbol from official NSE list,match,,Shadowfax Technologies Ltd.,Shadowfax Technologies Limited,match
INE121R01077,Amagi Media Labs Ltd.,MB,AMAGI,544679,2026-01-13,2026-01-16,2026-01-21,361.00,1788.62,Bookbuilding,"BSE, NSE",Kotak Mahindra Capital,2026,,,816,chittorgarh,973,chittorgarh,54.4,chittorgarh,804.88,chittorgarh,317.00,chittorgarh,357.50,chittorgarh,317.00,chittorgarh,348.00,chittorgarh,Investment in technology and cloud infrastructure | Funding inorganic growth through unidentified acquisitions and general corporate purposes,chittorgarh,1789,chittorgarh,33.77,37.36,9.31,30.22,,,,,11.08,,,,,,,,,,,315.0,446.0,667.0,-383.0,-261.0,-169.0,-347.0,-214.0,-122.0,-3660.45,-2253.45,-35.73,601.47,-398.53,-431.0,0.0,875.0,875.0,1315.0,1129.0,1125.0,-224.0,-181.0,-46.0,-18.29,28.31,-2.03,667.0,-122.0,Mar 2025,3,nse,screener,ipowatch,,AMAGI.NS,544679.BO,isin_authoritative,ISIN→symbol from official NSE list,match,,Amagi Media Labs Ltd.,Amagi Media Labs Limited,match
INE05XR01022,Bharat Coking Coal Ltd.,MB,BHARATCOAL,544678,2026-01-09,2026-01-13,2026-01-19,23.00,1068.78,Bookbuilding,"BSE, NSE",IDBI Capital,2026,,,,,1069,chittorgarh,100.0,chittorgarh,273.13,chittorgarh,45.21,chittorgarh,45.21,chittorgarh,40.13,chittorgarh,40.66,chittorgarh,Achieve the benefits of listing the Equity Shares on the Stock Exchange,chittorgarh,1069,chittorgarh,310.81,258.16,49.33,146.87,,,,,43.48,,,,,,,,,,,12624.0,14246.0,13803.0,499.0,2088.0,1758.0,665.0,1564.0,1240.0,142.75,335.94,266.31,3804.0,5322.0,6463.0,213.0,230.0,233.0,13671.0,15085.0,17640.0,1699.0,1299.0,796.0,8.98,19.19,0.04,13803.0,1240.0,Mar 2025,3,nse,screener,ipowatch,,BHARATCOAL.NS,544678.BO,isin_authoritative,ISIN→symbol from official NSE list,match,,Bharat Coking Coal Ltd.,Bharat Coking Coal Limited,match
