isin,company_name,type,nse_symbol,bse_script_code,open_date,close_date,listing_date,issue_price,issue_amount_cr,pricing_method,listing_at,lead_manager,year,market_maker,market_maker_src,fresh_issue_cr,fresh_issue_cr_src,ofs_cr,ofs_cr_src,ofs_pct,ofs_pct_src,anchor_allocation_cr,anchor_allocation_cr_src,listing_open,listing_open_src,listing_high,listing_high_src,listing_low,listing_low_src,listing_close,listing_close_src,objects_of_issue,objects_of_issue_src,issue_size_cr,issue_size_cr_src,sub_qib_x,sub_nii_x,sub_retail_x,sub_total_x,sub_qib_cr,sub_nii_cr,sub_retail_cr,sub_total_cr,gmp_pct,promoter_pre_issue_pct,promoter_post_issue_pct,price_band_low,book_built,lot_size_shares,min_investment_rs,pe_ratio,pat_ttm_cr,sales_ttm_cr,eps_ttm,net_sales_yr1,net_sales_yr2,net_sales_yr3,operating_profit_yr1,operating_profit_yr2,operating_profit_yr3,pat_yr1,pat_yr2,pat_yr3,eps_yr1,eps_yr2,eps_yr3,shareholder_funds_yr1,shareholder_funds_yr2,shareholder_funds_yr3,borrowings_yr1,borrowings_yr2,borrowings_yr3,total_assets_yr1,total_assets_yr2,total_assets_yr3,operating_cf_yr1,operating_cf_yr2,operating_cf_yr3,pre_ipo_pat_margin_pct,pre_ipo_roe_pct,pre_ipo_debt_equity,pre_ipo_net_sales,pre_ipo_pat,pre_ipo_fin_year,pre_ipo_years_available,sub_total_x_src,pat_yr3_src,gmp_pct_src,promoter_post_issue_pct_src,ticker_ns,ticker_bo,confidence,confidence_reason,isin_xchg_check,ticker_needs_review,name_at_ipo,official_isin_name,name_isin_check
INE0D5F01013,Net Pix Shorts Digital Media Ltd.,SME,,543247.0,2020-11-18,2020-11-23,2020-12-02,30.0,2.7,Fixed Price,BSE SME,Aryaman Financial,2020,Aryaman Capital Markets Ltd.,chittorgarh,3.0,chittorgarh,0.0,chittorgarh,0.0,chittorgarh,,,30.15,chittorgarh,30.15,chittorgarh,30.0,chittorgarh,30.05,chittorgarh,Acquisition of workshop & Godown and Writer’s Lounge on a long term lease basi | Further Augment our Digital Media Content Library | General Corporate Purpose,chittorgarh,3.0,chittorgarh,,,,,,,,,,,,,,,,,,,,,,0.18,,,0.07,,,0.02,,,0.12,,,,,,,,,,,,-3.0,11.11,,,0.18,0.02,Mar 2020,1.0,,screener,,,,543247.BO,isin_authoritative,ISIN→symbol from official BSE list,match,,Net Pix Shorts Digital Media Ltd.,Net Pix Shorts Digital Media Ltd,match
INE0BLY01023,Shine Fashions (India) Ltd.,SME,,543244.0,2020-10-22,2020-10-26,2020-11-02,40.0,1.6,Fixed Price,BSE SME,Shreni Shares,2020,Shreni Shares Ltd.,chittorgarh,2.0,chittorgarh,0.0,chittorgarh,0.0,chittorgarh,,,40.5,chittorgarh,40.5,chittorgarh,38.5,chittorgarh,39.55,chittorgarh,To meet Working Capital requirements | General Corporate Purpose | To meet the Issue Expenses,chittorgarh,2.0,chittorgarh,,,,,,,,,,,,,,,,,,,,,,,,,,,,,,,,,,,,,,,,,,,,,,,,,,,,,,,,543244.BO,isin_authoritative,ISIN→symbol from official BSE list,match,,Shine Fashions (India) Ltd.,Shine Fashions (India) Ltd,match
INE0EEJ01023,Bodhi Tree Multimedia Ltd.,SME,BTML,543767.0,2020-10-09,2020-10-13,2020-10-21,95.0,3.71,Fixed Price,NSE SME,Shreni Shares,2020,Shreni Shares Ltd.,chittorgarh,4.0,chittorgarh,0.0,chittorgarh,0.0,chittorgarh,,,95.0,chittorgarh,97.5,chittorgarh,94.0,chittorgarh,95.8,chittorgarh,To meet working capital requirement | General Corporate Expenses,chittorgarh,4.0,chittorgarh,,,,,,,,,,,,,,,,,,,,,,27.0,,,3.0,,,4.0,,,0.9,,,,,,,,,,,,-4.0,14.81,,,27.0,4.0,Mar 2020,1.0,,screener,,,BTML.NS,543767.BO,isin_authoritative,ISIN→symbol from official NSE list,match,,Bodhi Tree Multimedia Ltd.,Bodhi Tree Multimedia Limited,match
INE244W01010,Veer Global Infraconstruction Ltd.,SME,,543241.0,2020-09-30,2020-10-09,2020-10-19,28.0,4.92,Fixed Price,BSE SME,Capital Square,2020,,,5.0,chittorgarh,0.0,chittorgarh,0.0,chittorgarh,,,31.0,chittorgarh,31.0,chittorgarh,29.45,chittorgarh,29.5,chittorgarh,To Meet the Short term Working Capital Expenses. | General corporate purpose.,chittorgarh,5.0,chittorgarh,,,,,,,,,,,,,,,,,,,,,10.08,8.51,,0.21,0.28,,0.12,0.19,,0.25,0.21,,5.81,10.24,,1.27,0.17,,29.33,32.63,,-0.99,-3.98,2.23,1.86,0.02,8.51,0.19,Mar 2020,2.0,,screener,,,,543241.BO,isin_authoritative,ISIN→symbol from official BSE list,match,,Veer Global Infraconstruction Ltd.,Veer Global Infraconstruction Ltd,match
INE0ALR01029,Atal Realtech Ltd.,SME,ATALREAL,543911.0,2020-09-30,2020-10-07,2020-10-15,72.0,10.83,Fixed Price,NSE SME,Aryaman Financial,2020,Aryaman Capital Markets Ltd.,chittorgarh,2.0,chittorgarh,9.0,chittorgarh,81.8,chittorgarh,,,70.2,chittorgarh,70.2,chittorgarh,66.7,chittorgarh,66.7,chittorgarh,Funding Working Capital Requirement | General Corporate Purpose,chittorgarh,11.0,chittorgarh,,,,,,,,,,,,,,,,,,,,,,,,,,,,,,,,,,,,,,,,,,,,,,,,,,,,,,,ATALREAL.NS,543911.BO,isin_authoritative,ISIN→symbol from official NSE list,match,,Atal Realtech Ltd.,Atal Realtech Limited,match
INE0E2801015,GM Polyplast Ltd.,SME,,543239.0,2020-09-30,2020-10-06,2020-10-14,159.0,8.09,Fixed Price,BSE SME,Gretex Corporate,2020,Gretex Share Broking Pvt.Ltd.,chittorgarh,5.0,chittorgarh,3.0,chittorgarh,37.5,chittorgarh,,,160.0,chittorgarh,168.0,chittorgarh,153.2,chittorgarh,167.5,chittorgarh,To Meet working capital requirement | General Corporate Purposes,chittorgarh,8.0,chittorgarh,,,,,,,,,,,,,,,,,,,,,,,,,,,,,,,,,,,,,,,,,,,,,,,,,,,,,,,,543239.BO,isin_authoritative,ISIN→symbol from official BSE list,match,,GM Polyplast Ltd.,G M Polyplast Ltd,match
INE0D0U01013,AAA Technologies Ltd.,SME,AAATECH,543671.0,2020-09-30,2020-10-05,2020-10-13,42.0,10.23,Fixed Price,NSE SME,Chartered Finance,2020,NNM Securities Pvt.Ltd.,chittorgarh,10.0,chittorgarh,0.0,chittorgarh,0.0,chittorgarh,,,44.5,chittorgarh,44.6,chittorgarh,42.3,chittorgarh,43.6,chittorgarh,Expansion and development of business operations across various cities in India | Working Capital Requirements (includingBank Guarantee) | General Corporate purposes,chittorgarh,10.0,chittorgarh,,,,,,,,,,,,,,,,,,,,10.23,10.34,14.16,1.29,2.94,5.05,1.0,2.06,3.69,12.5,25.75,46.12,,,,,,,,,,0.95,0.94,1.17,26.06,,,14.16,3.69,Mar 2020,3.0,,screener,,,AAATECH.NS,543671.BO,isin_authoritative,ISIN→symbol from official NSE list,match,,AAA Technologies Ltd.,AAA Technologies Limited,match
INE0A0S01028,Sigma Solve Ltd.,SME,SIGMA,543917.0,2020-09-29,2020-10-09,2020-10-19,45.0,4.95,Fixed Price,NSE SME,Beeline Broking,2020,Nikunj Stock Brokers Ltd.,chittorgarh,5.0,chittorgarh,0.0,chittorgarh,0.0,chittorgarh,,,46.0,chittorgarh,46.0,chittorgarh,45.1,chittorgarh,45.1,chittorgarh,Acquisitions And Other Strategic Initiatives | Investment in Subsidiary | General Corporate Purpose | Public Issue Expenses,chittorgarh,5.0,chittorgarh,,,,,,,,,,,,,,,,,,,,,,10.0,,,2.0,,,2.0,,,0.2,,,6.0,,,3.0,,,14.0,,,-0.0,20.0,33.33,0.5,10.0,2.0,Mar 2020,1.0,,screener,,,SIGMA.NS,543917.BO,isin_authoritative,ISIN→symbol from official NSE list,match,,Sigma Solve Ltd.,Sigma Solve Limited,match
INE09KD01013,Atam Valves Ltd.,SME,ATAM,543236.0,2020-09-18,2020-09-25,2020-10-06,40.0,4.5,Fixed Price,BSE SME,Fedex Securities,2020,Rikhav Securities Ltd.,chittorgarh,4.0,chittorgarh,1.0,chittorgarh,20.0,chittorgarh,,,40.0,chittorgarh,40.0,chittorgarh,38.0,chittorgarh,39.05,chittorgarh,Repayment/ Prepayment of certain secured borrowings availed by our Company | General corporate purposes,chittorgarh,5.0,chittorgarh,,,,,,,,,,,,,,,,,,,,17.3,18.34,16.29,2.48,2.52,1.86,0.51,0.65,0.04,0.85,1.08,0.07,3.71,4.36,4.86,12.75,10.72,8.5,18.56,17.26,16.02,0.96,3.63,3.74,0.25,0.82,1.75,16.29,0.04,Mar 2020,3.0,,screener,,,ATAM.NS,543236.BO,isin_authoritative,ISIN→symbol from official NSE list,match,,Atam Valves Ltd.,Atam Valves Limited,match
INE0BTM01013,SecMark Consultancy Ltd.,SME,SECMARK,543234.0,2020-09-18,2020-09-23,2020-10-01,135.0,15.04,Fixed Price,BSE SME,Indorient Financial,2020,Vijeta Broking India Pvt.Ltd.,chittorgarh,14.0,chittorgarh,1.0,chittorgarh,6.7,chittorgarh,,,134.0,chittorgarh,134.0,chittorgarh,127.3,chittorgarh,127.3,chittorgarh,"To finance development and/or procurement of technology, applications, software, infrastructure etc. including strategic acquisitions of Firms/Companies in the technology space to complement and enhance our Company’s value proposition | To expand and retain our Leadership team that will lead the Company into the next phase of growth | To acquire / rent assets | Repayment of bank facilities | General corporate purposes",chittorgarh,15.0,chittorgarh,,,,,,,,,,,,,,,,,,,,3.24,3.83,5.63,1.23,1.39,1.61,0.87,0.97,1.06,,,1.41,2.08,3.05,4.21,0.35,0.42,1.12,2.93,4.92,6.11,0.56,2.2,-0.26,18.83,25.18,0.27,5.63,1.06,Mar 2020,3.0,,screener,,,SECMARK.NS,543234.BO,isin_authoritative,ISIN→symbol from official NSE list,match,,SecMark Consultancy Ltd.,SecMark Consultancy Limited,match
INE0ALI01010,Advait Infratech Ltd.,SME,ADVAIT,543230.0,2020-09-15,2020-09-18,2020-09-28,51.0,6.89,Fixed Price,BSE SME,ISK Advisors,2020,NNM Securities Pvt.Ltd.,chittorgarh,7.0,chittorgarh,0.0,chittorgarh,0.0,chittorgarh,,,51.95,chittorgarh,54.5,chittorgarh,51.25,chittorgarh,51.55,chittorgarh,Working Capital Requirement | General Corporate Purpose,chittorgarh,7.0,chittorgarh,,,,,,,,,,,,,,,,,,,,,28.0,45.0,,4.0,4.0,,2.0,1.0,,2.8,0.72,,19.0,20.0,,6.0,10.0,,44.0,52.0,,3.0,1.0,2.22,5.0,0.5,45.0,1.0,Mar 2020,2.0,,screener,,,ADVAIT.NS,543230.BO,isin_authoritative,ISIN→symbol from official NSE list,match,,Advait Infratech Ltd.,Advait Energy Transitions Limited,match
INE0DG401010,Trekkingtoes.com Ltd.,SME,,543222.0,2020-08-18,2020-08-20,2020-08-28,105.0,4.55,Fixed Price,BSE SME,Novus Capital,2020,Nidhi Broking Services Pvt.Ltd.,chittorgarh,4.0,chittorgarh,1.0,chittorgarh,20.0,chittorgarh,,,105.0,chittorgarh,105.0,chittorgarh,99.75,chittorgarh,99.75,chittorgarh,Strategic initiatives and investments | Repayment and pre-payment of a portion of certain indebtedness availed by our company | General corporate purposes,chittorgarh,5.0,chittorgarh,,,,,,,,,,,,,,,,,,,,,,,,,,,,,,,,,,,,,,,,,,,,,,,,,,,,,,,,543222.BO,bse_only,BSE code only,unchecked,,Trekkingtoes.com Ltd.,,no_ref
INE05ST01028,Suratwwala Business Group Ltd.,SME,SBGLP,543218.0,2020-08-03,2020-08-05,2020-08-13,15.0,6.9,Fixed Price,BSE SME,Hem Securities,2020,Hem Securities Ltd.,chittorgarh,7.0,chittorgarh,0.0,chittorgarh,0.0,chittorgarh,,,15.45,chittorgarh,16.22,chittorgarh,15.45,chittorgarh,16.22,chittorgarh,To meet Working Capital requirements | General Corporate Purpose,chittorgarh,7.0,chittorgarh,,,,,,,,,,,,,,,,,,,,,,,,,,,,,,,,,,,,,,,,,,,,,,,,,,,,,,,SBGLP.NS,543218.BO,isin_authoritative,ISIN→symbol from official NSE list,match,,Suratwwala Business Group Ltd.,Suratwwala Business Group Limited,match
INE0B9A01018,Bonlon Industries Ltd.,SME,BONLON,543211.0,2020-06-30,2020-07-03,2020-07-13,28.0,10.52,Fixed Price,BSE SME,Sarthi Capital Advisors,2020,Choice Equity Broking Pvt.Ltd.,chittorgarh,10.0,chittorgarh,1.0,chittorgarh,9.1,chittorgarh,,,21.0,chittorgarh,21.5,chittorgarh,21.0,chittorgarh,21.5,chittorgarh,Working Capital Requirements | Issue Expenses,chittorgarh,11.0,chittorgarh,,,,,,,,,,,,,,,,,,,,242.0,215.0,243.0,-2.0,-8.0,-5.0,0.0,3.0,12.0,0.93,2.59,11.51,,,,,,,,,,6.0,-4.0,59.0,4.94,,,243.0,12.0,Mar 2020,3.0,,screener,,,BONLON.NS,543211.BO,isin_authoritative,ISIN→symbol from official NSE list,match,,Bonlon Industries Ltd.,Bonlon Industries Limited,match
INE0D6I01023,Ksolves India Ltd.,SME,KSOLVES,543599.0,2020-06-23,2020-06-26,2020-07-06,100.0,4.02,Fixed Price,NSE SME,Shreni Shares,2020,Shreni Shares Ltd.,chittorgarh,4.0,chittorgarh,0.0,chittorgarh,0.0,chittorgarh,,,101.95,chittorgarh,106.9,chittorgarh,101.95,chittorgarh,106.9,chittorgarh,To Meet Working Capital Requirement | General Corporate Expenses | Public Issue Expenses,chittorgarh,4.0,chittorgarh,,,,,,,,,,,,,,,,,,,,,,10.0,,,1.0,,,1.0,,,,,,1.02,,,0.0,,,2.0,,,1.0,10.0,98.04,0.0,10.0,1.0,Mar 2020,1.0,,screener,,,KSOLVES.NS,543599.BO,isin_authoritative,ISIN→symbol from official NSE list,match,,Ksolves India Ltd.,Ksolves India Limited,match
INE0CRS01012,Billwin Industries Ltd.,SME,,543209.0,2020-06-18,2020-06-22,2020-06-30,37.0,2.46,Fixed Price,BSE SME,Gretex Corporate,2020,Gretex Share Broking Pvt.Ltd.,chittorgarh,2.0,chittorgarh,0.0,chittorgarh,0.0,chittorgarh,,,36.9,chittorgarh,38.2,chittorgarh,36.9,chittorgarh,37.1,chittorgarh,Funding the working capital requirements of our Company,chittorgarh,2.0,chittorgarh,,,,,,,,,,,,,,,,,,,,,,,,,,,,,,,,,,,,,,,,,,,,,,,,,,,,,,,,543209.BO,isin_authoritative,ISIN→symbol from official BSE list,match,,Billwin Industries Ltd.,Billwin Industries Ltd,match
INE0CPQ01010,Nirmitee Robotics India Ltd.,SME,,543194.0,2020-03-31,2020-04-09,2020-04-21,185.0,3.24,Fixed Price,BSE SME,Aryaman Financial,2020,Aryaman Capital Markets Ltd.,chittorgarh,3.0,chittorgarh,0.0,chittorgarh,0.0,chittorgarh,,,189.0,chittorgarh,189.0,chittorgarh,187.0,chittorgarh,189.0,chittorgarh,"Redemption of Preference Shares | Security Deposit towards acquisition of Registered Office, R & D facility & assembling unit | General Corporate Purpose",chittorgarh,3.0,chittorgarh,,,,,,,,,,,,,,,,,,,,,,,,,,,,,,,,,,,,,,,,,,,,,,,,,,,,,,,,543194.BO,isin_authoritative,ISIN→symbol from official BSE list,match,,Nirmitee Robotics India Ltd.,Nirmitee Robotics India Ltd,match
INE0B1K01014,DJ Mediaprint & Logistics Ltd.,SME,DJML,543193.0,2020-03-26,2020-03-31,2020-04-13,20.0,2.4,Fixed Price,BSE SME,Finshore Management,2020,Nikunj Stock Brokers Ltd.,chittorgarh,2.0,chittorgarh,0.0,chittorgarh,0.0,chittorgarh,,,20.6,chittorgarh,21.6,chittorgarh,20.0,chittorgarh,20.8,chittorgarh,Funding the working capital requirements of the Company | Issue related expenses | General corporate purposes,chittorgarh,2.0,chittorgarh,,,,,,,,,,,,,,,,,,,,,,,,,,,,,,,,,,,,,,,,,,,,,,,,,,,,,,,DJML.NS,543193.BO,isin_authoritative,ISIN→symbol from official NSE list,match,,DJ Mediaprint & Logistics Ltd.,DJ Mediaprint & Logistics Limited,match
INE258Y01016,Laxmi Goldorna House Ltd.,SME,LGHL,,2020-03-20,2020-04-03,2020-04-16,15.0,8.28,Fixed Price,NSE SME,Beeline Broking,2020,Hem Finlease Pvt.Ltd.,chittorgarh,8.0,chittorgarh,0.0,chittorgarh,0.0,chittorgarh,,,15.0,chittorgarh,15.1,chittorgarh,14.65,chittorgarh,15.0,chittorgarh,To Meet Working Capital Requirement | General Corporate Expenses | Public Issue Expenses,chittorgarh,8.0,chittorgarh,,,,,,,,,,,,,,,,,,,,,,,,,,,,,,,,,,,,,,,,,,,,,,,,,,,,,,,LGHL.NS,,isin_authoritative,ISIN→symbol from official NSE list,match,,Laxmi Goldorna House Ltd.,Laxmi Goldorna House Limited,match
INE0CQB01010,Cospower Engineering Ltd.,SME,,543172.0,2020-03-17,2020-03-19,2020-03-30,51.0,2.04,Fixed Price,BSE SME,Shreni Shares,2020,Shreni Shares Ltd.,chittorgarh,2.0,chittorgarh,0.0,chittorgarh,0.0,chittorgarh,,,51.0,chittorgarh,53.1,chittorgarh,51.0,chittorgarh,53.1,chittorgarh,To meet Working Capital requirements | General Corporate Purpose,chittorgarh,2.0,chittorgarh,,,,,,,,,,,,,,,,,,,,,,,,,,,,,,,,,,,,,,,,,,,,,,,,,,,,,,,,543172.BO,isin_authoritative,ISIN→symbol from official BSE list,match,,Cospower Engineering Ltd.,Cospower Engineering Ltd,match
INE0BDU01028,RO Jewels Ltd.,SME,,543171.0,2020-03-12,2020-03-17,2020-03-25,36.0,4.91,Fixed Price,BSE SME,First Overseas,2020,Beeline Broking Ltd.,chittorgarh,5.0,chittorgarh,0.0,chittorgarh,0.0,chittorgarh,,,36.0,chittorgarh,36.0,chittorgarh,36.0,chittorgarh,36.0,chittorgarh,Additional Working Capital | General Corporate Expenses | To meet the expenses of the Issue,chittorgarh,5.0,chittorgarh,,,,,,,,,,,,,,,,,,,,,,4.24,,,0.02,,,0.01,,,0.01,,,,,,,,,,,,-0.87,0.24,,,4.24,0.01,Mar 2019,1.0,,screener,,,,543171.BO,isin_authoritative,ISIN→symbol from official BSE list,match,,RO Jewels Ltd.,RO Jewels Ltd,match
INE0C4I01011,SM Auto Stamping Ltd.,SME,,543065.0,2020-03-03,2020-03-05,2020-03-16,18.0,6.91,Fixed Price,BSE SME,Hem Securities,2020,Hem Securities Ltd.,chittorgarh,7.0,chittorgarh,0.0,chittorgarh,0.0,chittorgarh,,,18.0,chittorgarh,18.0,chittorgarh,18.0,chittorgarh,18.0,chittorgarh,To meet Working Capital requirements | General Corporate Purpose,chittorgarh,7.0,chittorgarh,,,,,,,,,,,,,,,,,,,,,,,,,,,,,,,,,,,,,,,,,,,,,,,,,,,,,,,,543065.BO,isin_authoritative,ISIN→symbol from official BSE list,match,,SM Auto Stamping Ltd.,SM Auto Stamping Ltd,match
INE0AU701018,ICL Organic Dairy Products Ltd.,SME,,542935.0,2020-01-31,2020-02-07,2020-02-17,20.0,4.08,Fixed Price,BSE SME,Finshore Management,2020,Beeline Broking Ltd.,chittorgarh,4.0,chittorgarh,0.0,chittorgarh,0.0,chittorgarh,,,20.8,chittorgarh,21.8,chittorgarh,19.8,chittorgarh,21.8,chittorgarh,Funding the working capital requirements of the Company | Issue related expenses | General corporate purposes,chittorgarh,4.0,chittorgarh,,,,,,,,,,,,,,,,,,,,,,,,,,,,,,,,,,,,,,,,,,,,,,,,,,,,,,,,542935.BO,bse_only,BSE code only,unchecked,,ICL Organic Dairy Products Ltd.,,no_ref
INE07QQ01016,Chandra Bhagat Pharma Ltd.,SME,,542934.0,2020-01-31,2020-02-06,2020-02-14,51.0,10.2,Fixed Price,BSE SME,Beeline Broking,2020,Beeline Broking Ltd.,chittorgarh,10.0,chittorgarh,0.0,chittorgarh,0.0,chittorgarh,,,51.7,chittorgarh,52.1,chittorgarh,51.0,chittorgarh,51.75,chittorgarh,To Meet Incremental Working Capital Requirements | Setting up Distribution and Warehousing Centre’s | General Corporate Purpose | To meet Public Issue Expenses,chittorgarh,10.0,chittorgarh,,,,,,,,,,,,,,,,,,,,,,,,,,,,,,,,,,,,,,,,,,,,,,,,,,,,,,,,542934.BO,isin_authoritative,ISIN→symbol from official BSE list,match,,Chandra Bhagat Pharma Ltd.,Chandra Bhagat Pharma Ltd,match
INE813V01022,Madhav Copper Ltd. FPO,SME,MCL,,2020-01-27,2020-01-30,2020-02-06,102.0,25.5,Bookbuilding,NSE SME,Pantomath Capital,2020,Pantomath Stock Brokers Pvt. Ltd.,,,,,,,,,,,,,,,,,,,,,,,,,,,,,,,,,,,,,,,,,71.0,169.0,213.0,2.0,4.0,9.0,1.0,2.0,4.0,0.34,0.96,1.48,7.0,9.0,13.0,11.0,7.0,12.0,23.0,24.0,46.0,-6.0,7.0,9.0,1.88,30.77,0.92,213.0,4.0,Mar 2019,3.0,,screener,,,MCL.NS,,isin_authoritative,ISIN→symbol from official NSE list,match,,Madhav Copper Ltd. FPO,Madhav Copper Limited,match
INE04OV01018,Janus Corp.Ltd.,SME,,542924.0,2020-01-27,2020-01-30,2020-02-06,50.0,8.0,Fixed Price,BSE SME,First Overseas,2020,,,8.0,chittorgarh,0.0,chittorgarh,0.0,chittorgarh,,,50.7,chittorgarh,50.7,chittorgarh,48.2,chittorgarh,48.5,chittorgarh,Augmenting additional working capital requirements | General Corporate Purposes,chittorgarh,8.0,chittorgarh,,,,,,,,,,,,,,,,,,,,,,,,,,,,,,,,,,,,,,,,,,,,,,,,,,,,,,,,542924.BO,bse_only,BSE code only,unchecked,,Janus Corp.Ltd.,,no_ref
INE0BIW01023,Tranway Technologies Ltd.,SME,,542923.0,2020-01-27,2020-01-29,2020-02-05,10.0,4.24,Fixed Price,BSE SME,Finshore Management,2020,Nikunj Stock Brokers Ltd.,chittorgarh,4.0,chittorgarh,0.0,chittorgarh,0.0,chittorgarh,,,11.1,chittorgarh,11.65,chittorgarh,11.1,chittorgarh,11.65,chittorgarh,To meet the working capital requirements of the company for business operations and expansion in India and Abroad. | General Corporate Purposes.,chittorgarh,4.0,chittorgarh,,,,,,,,,,,,,,,,,,,,,,,,,,,,,,,,,,,,,,,,,,,,,,,,,,,,,,,,542923.BO,isin_authoritative,ISIN→symbol from official BSE list,match,,Tranway Technologies Ltd.,Tranway21 Technologies Ltd,match
INE05X901010,HindPrakash Industries Ltd.,SME,HPIL,543645.0,2020-01-15,2020-01-17,2020-01-27,40.0,11.52,Fixed Price,NSE SME,Hem Securities,2020,Hem Finlease Pvt.Ltd.,chittorgarh,11.0,chittorgarh,1.0,chittorgarh,8.3,chittorgarh,,,40.7,chittorgarh,42.7,chittorgarh,40.7,chittorgarh,41.3,chittorgarh,To Meet Working Capital Requirements | General Corporate Purpose | To Meet the Issue Expenses,chittorgarh,12.0,chittorgarh,,,,,,,,,,,,,,,,,,,,,,,,,,,,,,,,,,,,,,,,,,,,,,,,,,,,,,,HPIL.NS,543645.BO,isin_authoritative,ISIN→symbol from official NSE list,match,,HindPrakash Industries Ltd.,Hindprakash Industries Limited,match
INE0DRT01018,Fabino Life Sciences Ltd.,SME,,543444.0,2021-12-31,2022-01-05,2022-01-13,36.0,3.24,Fixed Price,BSE SME,Aryaman Financial,2021,Aryaman Capital Markets Ltd.,chittorgarh,3.0,chittorgarh,0.0,chittorgarh,0.0,chittorgarh,,,38.45,chittorgarh,40.35,chittorgarh,36.55,chittorgarh,40.35,chittorgarh,Part Repayment of Loans | Funding Working capital requirements | General Corporate Purpose,chittorgarh,3.0,chittorgarh,,,,,,,,,,,,,,,,,,,,,,,,,,,,,,,,,,,,,,,,,,,,,,,,,,,,,,,,543444.BO,isin_authoritative,ISIN→symbol from official BSE list,match,,Fabino Life Sciences Ltd.,Fabino Enterprises Ltd,match
INE0IJY01014,Timescan Logistics (India) Ltd.,SME,TIMESCAN,,2021-12-31,2022-01-04,2022-01-12,51.0,4.81,Fixed Price,NSE SME,Finshore Management,2021,Nikunj Stock Brokers Ltd.,chittorgarh,5.0,chittorgarh,0.0,chittorgarh,0.0,chittorgarh,,,82.0,chittorgarh,86.1,chittorgarh,82.0,chittorgarh,86.1,chittorgarh,To meet the working capital requirements | General Corporate Purposes,chittorgarh,5.0,chittorgarh,,,,,,,,,,,,,,,,,,,,,,,,,,,,,,,,,,,,,,,,,,,,,,,,,,,,,,,TIMESCAN.NS,,isin_authoritative,ISIN→symbol from official NSE list,match,,Timescan Logistics (India) Ltd.,Timescan Logistics (India) Limited,match
INE0E4I01027,Ascensive Educare Ltd.,SME,,543443.0,2021-12-30,2022-01-04,2022-01-12,26.0,2.26,Fixed Price,BSE SME,GYR Capital,2021,Beeline Broking Ltd.,chittorgarh,2.0,chittorgarh,0.0,chittorgarh,0.0,chittorgarh,,,27.6,chittorgarh,28.95,chittorgarh,27.5,chittorgarh,28.95,chittorgarh,Funding the working capital requirements of the company | General Corporate Purposes,chittorgarh,2.0,chittorgarh,,,,,,,,,,,,,,,,,,,,9.08,9.54,10.04,1.08,1.56,1.43,0.28,0.43,0.44,0.22,0.33,0.19,1.98,2.41,2.91,5.36,6.13,5.67,8.22,10.65,12.37,-1.74,-0.01,-0.61,4.38,15.12,1.95,10.04,0.44,Mar 2021,3.0,,screener,,,,543443.BO,isin_authoritative,ISIN→symbol from official BSE list,match,,Ascensive Educare Ltd.,Ascensive Educare Ltd,match
INE08PH01015,AB Cotspin India Ltd.,SME,ABCOTS,544522.0,2021-12-30,2022-01-03,2022-01-11,35.0,10.09,Bookbuilding,NSE SME,Pantomath Capital,2021,Pentagon Stock Brokers Pvt.Ltd.,chittorgarh,10.0,chittorgarh,0.0,chittorgarh,0.0,chittorgarh,,,38.5,chittorgarh,40.4,chittorgarh,38.0,chittorgarh,40.4,chittorgarh,Funding the working capital requirements of the Company Requirement | General corporate purposes,chittorgarh,10.0,chittorgarh,,,,,,,,,,,,,,,,,,,,,,,,,,,,,,,,,,,,,,,,,,,,,,,,,,,,,,,ABCOTS.NS,544522.BO,isin_authoritative,ISIN→symbol from official NSE list,match,,AB Cotspin India Ltd.,A B Cotspin India Limited,match
INE0ILD01014,Brandbucket Media & Technology Ltd.,SME,,543439.0,2021-12-20,2021-12-23,2021-12-31,55.0,8.25,Fixed Price,BSE SME,Inventure Merchant Banker,2021,NNM Securities Pvt.Ltd.,chittorgarh,8.0,chittorgarh,0.0,chittorgarh,0.0,chittorgarh,,,55.25,chittorgarh,55.25,chittorgarh,52.5,chittorgarh,52.5,chittorgarh,Augmenting additional working capital requirements | Funding capital expenditure requirements | General Corporate Purposes,chittorgarh,8.0,chittorgarh,,,,,,,,,,,,,,,,,,,,,,,,,,,,,,,,,,,,,,,,,,,,,,,,,,,,,,,,543439.BO,bse_only,BSE code only,unchecked,,Brandbucket Media & Technology Ltd.,,no_ref
INE0IA701014,Vivo Collaboration Solutions Ltd.,SME,VIVO,,2021-12-20,2021-12-23,2021-12-31,82.0,4.4,Fixed Price,NSE SME,Sarthi Capital Advisors,2021,O J Financial Services Ltd.,chittorgarh,4.0,chittorgarh,0.0,chittorgarh,0.0,chittorgarh,,,355.1,chittorgarh,372.85,chittorgarh,337.35,chittorgarh,337.35,chittorgarh,To meet the working capital requirements of the Company | General Corporate Purpose,chittorgarh,4.0,chittorgarh,,,,,,,,,,,,,,,,,,,,,,,,,,,,,,,,,,,,,,,,,,,,,,,,,,,,,,,VIVO.NS,,isin_authoritative,ISIN→symbol from official NSE list,match,,Vivo Collaboration Solutions Ltd.,Vivo Collaboration Solutions Limited,match
INE0IM001015,Wherrelz IT Solutions Ltd.,SME,,543436.0,2021-12-16,2021-12-21,2021-12-29,171.0,2.01,Fixed Price,BSE SME,Fedex Securities,2021,Gretex Share Broking Pvt.Ltd.,chittorgarh,2.0,chittorgarh,0.0,chittorgarh,0.0,chittorgarh,,,173.05,chittorgarh,178.5,chittorgarh,173.05,chittorgarh,177.2,chittorgarh,Funding working capital requirements | General Corporate Purpose,chittorgarh,2.0,chittorgarh,,,,,,,,,,,,,,,,,,,,0.19,0.22,0.2,0.01,0.05,0.03,0.01,0.03,0.02,10.0,30.0,20.0,,,,,,,,,,0.02,0.0,0.03,10.0,,,0.2,0.02,Mar 2021,3.0,,screener,,,,543436.BO,isin_authoritative,ISIN→symbol from official BSE list,match,,Wherrelz IT Solutions Ltd.,Wherrelz IT Solutions Ltd,match
INE0JJS01014,Clara Industries Ltd.,SME,,543435.0,2021-12-16,2021-12-21,2021-12-29,43.0,3.02,Fixed Price,BSE SME,Gretex Corporate,2021,Gretex Share Broking Pvt.Ltd.,chittorgarh,3.0,chittorgarh,0.0,chittorgarh,0.0,chittorgarh,,,43.2,chittorgarh,45.3,chittorgarh,43.2,chittorgarh,44.0,chittorgarh,To Meet Working Capital Requirements | General Corporate Purposes,chittorgarh,3.0,chittorgarh,,,,,,,,,,,,,,,,,,,,,,,,,,,,,,,,,,,,,,,,,,,,,,,,,,,,,,,,543435.BO,isin_authoritative,ISIN→symbol from official BSE list,match,,Clara Industries Ltd.,Clara Industries Ltd,match
INE505V01016,Euro Panel Products Ltd.,SME,EUROBOND,544461.0,2021-12-14,2021-12-16,2021-12-24,70.0,45.5,Fixed Price,NSE SME,Fedex Securities,2021,Rikhav Securities Ltd.,chittorgarh,43.0,chittorgarh,3.0,chittorgarh,6.5,chittorgarh,,,70.0,chittorgarh,73.5,chittorgarh,70.0,chittorgarh,71.4,chittorgarh,Meeting incremental working capital requirements | Repayment of unsecured loan availed by the company | General corporate purposes,chittorgarh,46.0,chittorgarh,,,,,,,,,,,,,,,,,,,,,,,,,,,,,,,,,,,,,,,,,,,,,,,,,,,,,,,EUROBOND.NS,544461.BO,isin_authoritative,ISIN→symbol from official NSE list,match,,Euro Panel Products Ltd.,Euro Panel Products Limited,match
INE0I7D01019,Foce India Ltd.,SME,FOCE,,2021-12-13,2021-12-17,2021-12-28,225.0,29.03,Fixed Price,NSE SME,Mark Corporate,2021,Svcm Securities Pvt.Ltd.,chittorgarh,19.0,chittorgarh,9.0,chittorgarh,31.0,chittorgarh,,,225.0,chittorgarh,231.0,chittorgarh,225.0,chittorgarh,225.7,chittorgarh,To meet Working Capital Requirement | General Corporate Purpose,chittorgarh,29.0,chittorgarh,,,,,,,,,,,,,,,,,,,,,,,,,,,,,,,,,,,,,,,,,,,,,,,,,,,,,,,FOCE.NS,,isin_authoritative,ISIN→symbol from official NSE list,match,,Foce India Ltd.,Foce India Limited,match
INE0JM501013,Nupur Recyclers Ltd.,SME,NRL,,2021-12-13,2021-12-15,2021-12-23,60.0,34.2,Fixed Price,NSE SME,Corporate Capitalventures,2021,SS Corporate Securities Ltd.,chittorgarh,32.0,chittorgarh,2.0,chittorgarh,5.9,chittorgarh,,,74.0,chittorgarh,77.7,chittorgarh,70.35,chittorgarh,77.7,chittorgarh,To meet out the Working Capital requirements of the Company | To meet out the General Corporate Purposes,chittorgarh,34.0,chittorgarh,,,,,,,,,,,,,,,,,,,,,,,,,,,,,,,,,,,,,,,,,,,,,,,,,,,,,,,NRL.NS,,isin_authoritative,ISIN→symbol from official NSE list,match,,Nupur Recyclers Ltd.,Nupur Recyclers Limited,match
INE07L501010,DMR Hydroengineering & Infrastructures Ltd.,SME,,543410.0,2021-11-24,2021-11-29,2021-12-07,21.0,2.09,Fixed Price,BSE SME,Shreni Shares,2021,Shreni Shares Ltd.,chittorgarh,2.0,chittorgarh,0.4158,chittorgarh,20.8,chittorgarh,,,25.0,chittorgarh,26.25,chittorgarh,24.05,chittorgarh,26.25,chittorgarh,Funding working capital requirement | General corporate purposes,chittorgarh,2.0,chittorgarh,,,,,,,,,,,,,,,,,,,,,,,,,,,,,,,,,,,,,,,,,,,,,,,,,,,,,,,,543410.BO,isin_authoritative,ISIN→symbol from official BSE list,match,,DMR Hydroengineering & Infrastructures Ltd.,DMR Engineering Ltd,match
INE0JFE01012,Omnipotent Industries Ltd.,SME,,543400.0,2021-11-16,2021-11-22,2021-11-29,63.0,18.9,Fixed Price,BSE SME,Inventure Merchant Banker,2021,Sernet Financial Services Pvt.Ltd.,chittorgarh,18.0,chittorgarh,1.0,chittorgarh,5.3,chittorgarh,,,99.0,chittorgarh,99.0,chittorgarh,94.05,chittorgarh,94.05,chittorgarh,Repayment of Loans | Augmenting additional working capital requirements | General Corporate Purposes,chittorgarh,19.0,chittorgarh,,,,,,,,,,,,,,,,,,,,,,,,,,,,,,,,,,,,,,,,,,,,,,,,,,,,,,,,543400.BO,isin_authoritative,ISIN→symbol from official BSE list,match,,Omnipotent Industries Ltd.,Omnipotent Industries Ltd,match
INE07GA01011,Suyog Gurbaxani Funicular Ropeways Ltd.,SME,,543391.0,2021-11-01,2021-11-08,2021-11-16,45.0,29.5,Fixed Price,BSE SME,Aryaman Financial,2021,Aryaman Capital Markets Ltd.,chittorgarh,5.0,chittorgarh,23.0,chittorgarh,79.3,chittorgarh,,,45.45,chittorgarh,45.45,chittorgarh,45.1,chittorgarh,45.1,chittorgarh,Repayment of loans | General Corporate Purposes,chittorgarh,29.0,chittorgarh,,,,,,,,,,,,,,,,,,,,,,,,,,,,,,,,,,,,,,,,,,,,,,,,,,,,,,,,543391.BO,isin_authoritative,ISIN→symbol from official BSE list,match,,Suyog Gurbaxani Funicular Ropeways Ltd.,Suyog Gurbaxani Funicular Ropeways Ltd,match
INE0J6L01013,Nidan Laboratories & Healthcare Ltd.,SME,NIDAN,,2021-10-28,2021-11-02,2021-11-12,125.0,50.0,Fixed Price,NSE SME,First Overseas,2021,NNM Securities Pvt.Ltd.,chittorgarh,48.0,chittorgarh,2.0,chittorgarh,4.0,chittorgarh,,,123.9,chittorgarh,123.9,chittorgarh,117.75,chittorgarh,117.75,chittorgarh,Repayment of Loans | Additional Working Capital | General Corporate Expenses | To meet the expenses of the Issue,chittorgarh,50.0,chittorgarh,,,,,,,,,,,,,,,,,,,,,,,,,,,,,,,,,,,,,,,,,,,,,,,,,,,,,,,NIDAN.NS,,isin_authoritative,ISIN→symbol from official NSE list,match,,Nidan Laboratories & Healthcare Ltd.,Nidan Laboratories and Healthcare Limited,match
INE0J0B01017,Kotyark Industries Ltd.,SME,KOTYARK,544726.0,2021-10-21,2021-10-25,2021-11-02,51.0,11.26,Fixed Price,NSE SME,Beeline Broking,2021,Sunflower Broking Pvt.Ltd.,chittorgarh,11.0,chittorgarh,0.0,chittorgarh,0.0,chittorgarh,,,51.0,chittorgarh,51.9,chittorgarh,48.45,chittorgarh,48.45,chittorgarh,To Meet Working Capital Requirement | General Corporate Expenses | Public Issue Expenses,chittorgarh,11.0,chittorgarh,,,,,,,,,,,,,,,,,,,,,,,,,,,,,,,,,,,,,,,,,,,,,,,,,,,,,,,KOTYARK.NS,544726.BO,isin_authoritative,ISIN→symbol from official NSE list,match,,Kotyark Industries Ltd.,Kotyark Industries Limited,match
INE0GN101014,D.K.Enterprises Global Ltd.,SME,DKEGL,,2021-10-07,2021-10-12,2021-10-22,40.0,7.99,Fixed Price,NSE SME,Beeline Broking,2021,Nikunj Stock Brokers Ltd.,chittorgarh,8.0,chittorgarh,0.0,chittorgarh,0.0,chittorgarh,,,42.0,chittorgarh,44.1,chittorgarh,41.0,chittorgarh,43.3,chittorgarh,"Acquisition of Land for new Manufacturing Plant at Baddi, Himachal Pradesh | Construction of Building and Civil Work for new Manufacturing Plant at Baddi, Himachal Pradesh | Purchase of Plant and Machinery at new Manufacturing Plant at Baddi, Himachal Pradesh | Incremental Working Capital Requirements | For General Corporate Purposes | Total",chittorgarh,8.0,chittorgarh,,,,,,,,,,,,,,,,,,,,,,,,,,,,,,,,,,,,,,,,,,,,,,,,,,,,,,,DKEGL.NS,,isin_authoritative,ISIN→symbol from official NSE list,match,,D.K.Enterprises Global Ltd.,D.K. Enterprises Global Limited,match
INE0IGO01011,Destiny Logistics & Infra Ltd.,SME,DESTINY,,2021-09-30,2021-10-05,2021-10-13,20.0,5.39,Fixed Price,NSE SME,Finshore Management,2021,Nikunj Stock Brokers Ltd.,chittorgarh,5.0,chittorgarh,0.0,chittorgarh,0.0,chittorgarh,,,20.7,chittorgarh,20.7,chittorgarh,19.7,chittorgarh,19.7,chittorgarh,To meet Working Capital requirement | General Corporate Expenses | Public Issue Expenses,chittorgarh,5.0,chittorgarh,,,,,,,,,,,,,,,,,,,,,,,,,,,,,,,,,,,,,,,,,,,,,,,,,,,,,,,DESTINY.NS,,isin_authoritative,ISIN→symbol from official NSE list,match,,Destiny Logistics & Infra Ltd.,Destiny Logistics & Infra Limited,match
INE0DZ701010,Dynamic Services & Security Ltd.,SME,DYNAMIC,,2021-09-30,2021-10-05,2021-10-13,51.0,24.13,Fixed Price,NSE SME,Finshore Management,2021,Nikunj Stock Brokers Ltd.,chittorgarh,23.0,chittorgarh,1.0,chittorgarh,4.2,chittorgarh,,,53.0,chittorgarh,55.65,chittorgarh,50.35,chittorgarh,53.55,chittorgarh,To meet Working Capital Requirement | General Corporate Expenses | Public Issue Expenses,chittorgarh,24.0,chittorgarh,,,,,,,,,,,,,,,,,,,,,,,,,,,,,,,,,,,,,,,,,,,,,,,,,,,,,,,DYNAMIC.NS,,isin_authoritative,ISIN→symbol from official NSE list,match,,Dynamic Services & Security Ltd.,Dynamic Services & Security Limited,match
INE0GD201014,Samor Reality Ltd.,SME,,543376.0,2021-09-30,2021-10-05,2021-10-13,62.0,8.06,Fixed Price,BSE SME,Beeline Broking,2021,Sunflower Broking Pvt.Ltd.,chittorgarh,8.0,chittorgarh,0.0,chittorgarh,0.0,chittorgarh,,,64.8,chittorgarh,65.0,chittorgarh,62.35,chittorgarh,62.45,chittorgarh,Investment into our subsidiary namely M/s Samor & Motherland LLP (“SML”) | General Corporate Expenses | Public Issue Expenses,chittorgarh,8.0,chittorgarh,,,,,,,,,,,,,,,,,,,,,,9.64,,,0.14,,,0.1,,,0.07,,,3.1,,,7.34,,,10.87,,,-8.74,1.04,3.23,2.37,9.64,0.1,Mar 2021,1.0,,screener,,,,543376.BO,isin_authoritative,ISIN→symbol from official BSE list,match,,Samor Reality Ltd.,Samor Reality Ltd,match
INE0CWK01019,Adishakti Loha & Ispat Ltd.,SME,,543377.0,2021-09-30,2021-10-05,2021-10-13,11.0,2.0,Fixed Price,BSE SME,Turnaround Corporate,2021,NNM Securities Pvt.Ltd.,chittorgarh,2.0,chittorgarh,0.0,chittorgarh,0.0,chittorgarh,,,12.0,chittorgarh,12.0,chittorgarh,11.4,chittorgarh,11.4,chittorgarh,To meet the incremental working capital requirements | General Corporate Purpose,chittorgarh,2.0,chittorgarh,,,,,,,,,,,,,,,,,,,,,,,,,,,,,,,,,,,,,,,,,,,,,,,,,,,,,,,,543377.BO,isin_authoritative,ISIN→symbol from official BSE list,match,,Adishakti Loha & Ispat Ltd.,Adishakti Loha and Ispat Ltd,match
INE0H8H01019,CWD Ltd.,SME,,543378.0,2021-09-30,2021-10-05,2021-10-13,180.0,18.01,Fixed Price,BSE SME,Aryaman Financial,2021,Aryaman Capital Markets Ltd.,chittorgarh,14.0,chittorgarh,3.0,chittorgarh,16.7,chittorgarh,,,180.9,chittorgarh,189.0,chittorgarh,180.15,chittorgarh,180.6,chittorgarh,Security Deposit towards acquisition of Registered Office on a long term lease basis | Funding Working Capital requirements | General Corporate Purpose,chittorgarh,18.0,chittorgarh,,,,,,,,,,,,,,,,,,,,,3.02,3.39,,1.02,1.39,,0.51,1.37,,3.19,0.99,,,,,,,,,,,-0.74,0.39,40.41,,,3.39,1.37,Mar 2021,2.0,,screener,,,,543378.BO,isin_authoritative,ISIN→symbol from official BSE list,match,,CWD Ltd.,CWD Ltd,match
INE0I2F01015,Promax Power Ltd.,SME,,543375.0,2021-09-30,2021-10-04,2021-10-12,10.0,1.6,Fixed Price,BSE SME,Finshore Management,2021,Nikunj Stock Brokers Ltd.,chittorgarh,2.0,chittorgarh,0.0,chittorgarh,0.0,chittorgarh,,,11.0,chittorgarh,11.55,chittorgarh,11.0,chittorgarh,11.55,chittorgarh,To meet Working Capital Requirement | General Corporate Expenses | Public Issue Expenses,chittorgarh,2.0,chittorgarh,,,,,,,,,,,,,,,,,,,,,,,,,,,,,,,,,,,,,,,,,,,,,,,,,,,,,,,,543375.BO,isin_authoritative,ISIN→symbol from official BSE list,match,,Promax Power Ltd.,Promax Power Ltd,match
INE0I3Y01014,Bombay Metrics Supply Chain Ltd.,SME,BMETRICS,,2021-09-30,2021-10-04,2021-10-12,93.0,4.29,Fixed Price,NSE SME,Unistone Capital,2021,Rikhav Securities Ltd.,chittorgarh,4.0,chittorgarh,0.0,chittorgarh,0.0,chittorgarh,,,98.3,chittorgarh,103.2,chittorgarh,98.3,chittorgarh,103.2,chittorgarh,Working Capital Requirements | General corporate purposes | Issue Expenses,chittorgarh,4.0,chittorgarh,,,,,,,,,,,,,,,,,,,,,,,,,,,,,,,,,,,,,,,,,,,,,,,,,,,,,,,BMETRICS.NS,,isin_authoritative,ISIN→symbol from official NSE list,match,,Bombay Metrics Supply Chain Ltd.,Bombay Metrics Supply Chain Limited,match
INE0HLJ01013,Shri Venkatesh Refineries Ltd.,SME,,543373.0,2021-09-29,2021-10-01,2021-10-11,40.0,11.71,Fixed Price,BSE SME,Hem Securities,2021,Hem Finlease Pvt.Ltd.,chittorgarh,11.0,chittorgarh,1.0,chittorgarh,8.3,chittorgarh,,,42.0,chittorgarh,43.5,chittorgarh,42.0,chittorgarh,42.1,chittorgarh,To meet Working Capital requirements | General Corporate Purpose,chittorgarh,12.0,chittorgarh,,,,,,,,,,,,,,,,,,,,,,,,,,,,,,,,,,,,,,,,,,,,,,,,,,,,,,,,543373.BO,isin_authoritative,ISIN→symbol from official BSE list,match,,Shri Venkatesh Refineries Ltd.,Shri Venkatesh Refineries Ltd,match
INE02KC01010,Jainam Ferro Alloys (I) Ltd.,SME,JAINAM,,2021-09-28,2021-09-30,2021-10-08,70.0,19.61,Fixed Price,NSE SME,Hem Securities,2021,Hem Finlease Pvt.Ltd.,chittorgarh,8.0,chittorgarh,11.0,chittorgarh,55.0,chittorgarh,,,73.0,chittorgarh,76.65,chittorgarh,73.0,chittorgarh,73.1,chittorgarh,To meet Working Capital requirements | General Corporate Purpose,chittorgarh,20.0,chittorgarh,,,,,,,,,,,,,,,,,,,,,,,,,,,,,,,,,,,,,,,,,,,,,,,,,,,,,,,JAINAM.NS,,isin_authoritative,ISIN→symbol from official NSE list,match,,Jainam Ferro Alloys (I) Ltd.,Jainam Ferro Alloys (I) Limited,match
INE0H1201020,Getalong Enterprise Ltd.,SME,,543372.0,2021-09-27,2021-09-30,2021-10-08,69.0,5.18,Fixed Price,BSE SME,Shreni Shares,2021,Shreni Shares Ltd.,chittorgarh,5.0,chittorgarh,0.0,chittorgarh,0.0,chittorgarh,,,73.05,chittorgarh,76.7,chittorgarh,72.1,chittorgarh,76.7,chittorgarh,Funding working capital requirements | General corporate purposes,chittorgarh,5.0,chittorgarh,,,,,,,,,,,,,,,,,,,,,,,,,,,,,,,,,,,,,,,,,,,,,,,,,,,,,,,,543372.BO,isin_authoritative,ISIN→symbol from official BSE list,match,,Getalong Enterprise Ltd.,Getalong Enterprise Ltd,match
INE0GOJ01027,Quadpro ITeS Ltd.,SME,QUADPRO,,2021-09-20,2021-09-22,2021-09-30,20.0,14.1,Fixed Price,NSE SME,Beeline Broking,2021,Beeline Broking Ltd.,chittorgarh,12.0,chittorgarh,2.0,chittorgarh,14.3,chittorgarh,,,19.8,chittorgarh,20.0,chittorgarh,18.85,chittorgarh,19.85,chittorgarh,To Meet Capital Expenditure Requirements | Acquisitions and Other Strategic Initiatives | For General Corporate Purposes,chittorgarh,14.0,chittorgarh,,,,,,,,,,,,,,,,,,,,,,,,,,,,,,,,,,,,,,,,,,,,,,,,,,,,,,,QUADPRO.NS,,isin_authoritative,ISIN→symbol from official NSE list,match,,Quadpro ITeS Ltd.,Quadpro Ites Limited,match
INE0DLM01024,SBL Infratech Ltd.,SME,,543366.0,2021-09-16,2021-09-20,2021-09-28,111.0,2.49,Fixed Price,BSE SME,Novus Capital,2021,Nikunj Stock Brokers Ltd.,chittorgarh,2.0,chittorgarh,0.0,chittorgarh,0.0,chittorgarh,,,130.0,chittorgarh,130.0,chittorgarh,125.0,chittorgarh,125.0,chittorgarh,To meet out the Working Capital requirements of the Company | To meet out the General Corporate Purposes,chittorgarh,2.0,chittorgarh,,,,,,,,,,,,,,,,,,,,,,,,,,,,,,,,,,,,,,,,,,,,,,,,,,,,,,,,543366.BO,isin_authoritative,ISIN→symbol from official BSE list,match,,SBL Infratech Ltd.,SBL Infratech Ltd,match
INE0FW001016,Markolines Traffic Controls Ltd.,SME,MARKOLINES,543364.0,2021-09-15,2021-09-20,2021-09-27,78.0,40.0,Fixed Price,BSE SME,Gretex Corporate,2021,Gretex Share Broking Pvt.Ltd.,chittorgarh,38.0,chittorgarh,2.0,chittorgarh,5.0,chittorgarh,,,62.2,chittorgarh,65.3,chittorgarh,59.1,chittorgarh,65.3,chittorgarh,Prepayment / Repayment of certain debt facilities availed by our company | Funding of Working Capital Requirements of our company | General Corporate Purposes,chittorgarh,40.0,chittorgarh,,,,,,,,,6.41,,,,,,,,,,,,,,,,,,,,,,,,,,,,,,,,,,,,,,,,,,,,investorgain,,MARKOLINES.NS,543364.BO,isin_authoritative,ISIN→symbol from official NSE list,match,,Markolines Traffic Controls Ltd.,Markolines Pavement Technologies Limited,match
INE0GAO01018,Prevest Denpro Ltd.,SME,,543363.0,2021-09-15,2021-09-17,2021-09-27,84.0,26.61,Bookbuilding,BSE SME,Hem Securities,2021,Hem Finlease Pvt.Ltd.,chittorgarh,25.0,chittorgarh,2.0,chittorgarh,7.4,chittorgarh,7.58,chittorgarh,180.55,chittorgarh,189.55,chittorgarh,180.55,chittorgarh,189.55,chittorgarh,"Purchase of machineries, equipments and utilities for manufacturing of proposed additional line of products, R&D unit and existing manufacturing operations | General Corporate Purpose | To meet Issue Expenses",chittorgarh,27.0,chittorgarh,,,,,,,,,,,,,,,,,,,,,,,,,,,,,,,,,,,,,,,,,,,,,,,,,,,,,,,,543363.BO,isin_authoritative,ISIN→symbol from official BSE list,match,,Prevest Denpro Ltd.,Prevest Denpro Ltd,match
INE0HQI01014,BEW Engineering Ltd.,SME,BEWLTD,,2021-09-02,2021-09-07,2021-09-16,58.0,3.97,Fixed Price,NSE SME,First Overseas,2021,NNM Securities Pvt.Ltd.,chittorgarh,4.0,chittorgarh,0.0,chittorgarh,0.0,chittorgarh,,,127.6,chittorgarh,133.95,chittorgarh,127.6,chittorgarh,133.95,chittorgarh,"Meeting additional Working Capital Requirements, | General Corporate Purpose",chittorgarh,4.0,chittorgarh,,,,,,,,,,,,,,,,,,,,,,,,,,,,,,,,,,,,,,,,,,,,,,,,,,,,,,,BEWLTD.NS,,isin_authoritative,ISIN→symbol from official NSE list,match,,BEW Engineering Ltd.,BEW Engineering Limited,match
INE0DTJ01015,Platinumone Business Services Ltd.,SME,,543352.0,2021-09-02,2021-09-07,2021-09-16,92.0,3.89,Fixed Price,BSE SME,Gretex Corporate,2021,Gretex Share Broking Pvt.Ltd.,chittorgarh,4.0,chittorgarh,0.0,chittorgarh,0.0,chittorgarh,,,99.95,chittorgarh,104.9,chittorgarh,99.95,chittorgarh,104.9,chittorgarh,To Meet working capital requirement | General Corporate Purposes,chittorgarh,4.0,chittorgarh,,,,,,,,,,,,,,,,,,,,,,,,,,,,,,,,,,,,,,,,,,,,,,,,,,,,,,,,543352.BO,isin_authoritative,ISIN→symbol from official BSE list,match,,Platinumone Business Services Ltd.,PlatinumOne Business Services Ltd,match
INE0GOA01018,Naapbooks Ltd.,SME,,543351.0,2021-09-01,2021-09-06,2021-09-15,74.0,3.99,Bookbuilding,BSE SME,GYR Capital,2021,Beeline Broking Ltd.,chittorgarh,4.0,chittorgarh,0.0,chittorgarh,0.0,chittorgarh,,,77.0,chittorgarh,77.7,chittorgarh,74.0,chittorgarh,74.0,chittorgarh,Funding the working capital requirements of the company | Funding purchases of equipment; | Marketing initiatives; | General Corporate Purposes,chittorgarh,4.0,chittorgarh,,,,,,,,,,,,,,,,,,,,,,,,,,,,,,,,,,,,,,,,,,,,,,,,,,,,,,,,543351.BO,isin_authoritative,ISIN→symbol from official BSE list,match,,Naapbooks Ltd.,Naapbooks Ltd,match
INE0HPK01012,DU Digital Technologies Ltd.,SME,DUDIGITAL,,2021-08-12,2021-08-17,2021-08-26,65.0,4.49,Fixed Price,NSE SME,Hem Securities,2021,Hem Finlease Pvt.Ltd.,chittorgarh,4.0,chittorgarh,0.0,chittorgarh,0.0,chittorgarh,,,60.0,chittorgarh,63.0,chittorgarh,57.0,chittorgarh,63.0,chittorgarh,"To meet Working Capital requirements | To make investment in the Subsidiary Company, Dudigital Global LLC | General Corporate Purpose",chittorgarh,4.0,chittorgarh,,,,,,,,,,,,,,,,,,,,,,,,,,,,,,,,,,,,,,,,,,,,,,,,,,,,,,,DUDIGITAL.NS,,chittorgarh_symbol,Chittorgarh nse_symbol (ISIN not in NSE exchange list),unchecked,,DU Digital Technologies Ltd.,,no_ref
INE0EAX01014,Aashka Hospitals Ltd.,SME,,543346.0,2021-08-10,2021-08-24,2021-09-01,121.0,101.64,Fixed Price,BSE SME,Fedex Securities,2021,Rikhav Securities Ltd.,chittorgarh,60.0,chittorgarh,36.0,chittorgarh,35.3,chittorgarh,,,121.1,chittorgarh,121.1,chittorgarh,115.05,chittorgarh,115.05,chittorgarh,"Repayment / prepayment, in full or part, of certain borrowings availed by thr Company; | Funding of our inorganic growth initiatives | General corporate purposes",chittorgarh,102.0,chittorgarh,,,,,,,,,,,,,,,,,,,,,,,,,,,,,,,,,,,,,,,,,,,,,,,,,,,,,,,,543346.BO,isin_authoritative,ISIN→symbol from official BSE list,match,,Aashka Hospitals Ltd.,Aashka Hospitals Ltd,match
INE00D001018,Rex Pipes & Cables Industries Ltd.,SME,REXPIPES,,2021-07-28,2021-08-02,2021-08-10,26.0,6.24,Fixed Price,NSE SME,Navigant Corporate,2021,New Berry Capitals Pvt. Ltd.,,6.0,chittorgarh,0.0,chittorgarh,0.0,chittorgarh,,,26.7,chittorgarh,28.0,chittorgarh,26.5,chittorgarh,26.8,chittorgarh,To part finance the requirement of Incremental Working Capital | To meet General corporate purposes,chittorgarh,6.0,chittorgarh,,,,,,,,,,,,,,,,,,,,,,,,,,,,,,,,,,,,,,,,,,,,,,,,,,,,,,,REXPIPES.NS,,isin_authoritative,ISIN→symbol from official NSE list,match,,Rex Pipes & Cables Industries Ltd.,Rex Pipes And Cables Industries Limited,match
INE0FFK01017,Network People Services Technologies Ltd.,SME,NPST,544396.0,2021-07-28,2021-08-02,2021-08-10,80.0,13.7,Bookbuilding,NSE SME,BOI Merchant Bankers,2021,Maverick Share Brokers Pvt.Ltd.,chittorgarh,13.0,chittorgarh,1.0,chittorgarh,7.1,chittorgarh,,,83.95,chittorgarh,83.95,chittorgarh,79.8,chittorgarh,79.9,chittorgarh,Development of TimePay® | Acquiring IT hardware and equipment’s | Marketing and promotion of TimePay® | General corporate purposes,chittorgarh,14.0,chittorgarh,,,,,,,,,,,,,,,,,,,,18.0,15.0,15.0,3.0,2.0,3.0,1.0,1.0,1.0,4.5,3.47,0.8,5.0,6.0,6.0,0.0,0.0,0.0,9.0,10.0,17.0,1.0,3.0,2.0,6.67,16.67,0.0,15.0,1.0,Mar 2021,3.0,,screener,,,NPST.NS,544396.BO,isin_authoritative,ISIN→symbol from official NSE list,match,,Network People Services Technologies Ltd.,Network People Services Technologies Limited,match
INE199P01028,Gretex Corporate Services Ltd.,SME,GCSL,543324.0,2021-07-27,2021-07-30,2021-08-09,170.0,5.13,Fixed Price,BSE SME,Aryaman Financial,2021,Intellect Stock Broking Ltd.,chittorgarh,4.0,chittorgarh,1.0,chittorgarh,20.0,chittorgarh,,,172.0,chittorgarh,180.6,chittorgarh,171.15,chittorgarh,180.6,chittorgarh,Payment of Security Deposit for renting of office space and | Working Capital Requirements | General Corporate Purposes,chittorgarh,5.0,chittorgarh,,,,,,,,,,,,,,,,,,,,3.0,1.0,3.0,1.0,-1.0,1.0,0.0,-2.0,1.0,0.2,-1.27,0.36,5.65,3.65,5.9,3.0,4.0,2.0,9.0,8.0,10.0,0.0,-0.0,1.0,33.33,16.95,0.34,3.0,1.0,Mar 2021,3.0,,screener,,,GCSL.NS,543324.BO,isin_authoritative,ISIN→symbol from official NSE list,match,,Gretex Corporate Services Ltd.,Gretex Corporate Services Limited,match
INE0C5901022,AA Plus Tradelink Ltd.,SME,,543319.0,2021-07-08,2021-07-13,2021-07-22,18.0,6.48,Fixed Price,BSE SME,Inventure Merchant Banker,2021,Sernet Financial Services Pvt.Ltd.,chittorgarh,6.0,chittorgarh,0.0,chittorgarh,0.0,chittorgarh,,,17.5,chittorgarh,17.5,chittorgarh,17.5,chittorgarh,17.5,chittorgarh,Augmenting additional working capital requirements | General Corporate Purposes,chittorgarh,6.0,chittorgarh,,,,,,,,,,,,,,,,,,,,,,,,,,,,,,,,,,,,,,,,,,,,,,,,,,,,,,,,543319.BO,isin_authoritative,ISIN→symbol from official BSE list,match,,AA Plus Tradelink Ltd.,AA Plus Tradelink Ltd,match
INE0DXR01010,Focus Business Solution Ltd.,SME,,543312.0,2021-06-30,2021-07-05,2021-07-13,19.0,1.22,Fixed Price,BSE SME,Navigant Corporate,2021,Nikunj Stock Brokers Ltd.,chittorgarh,1.0,chittorgarh,0.0,chittorgarh,0.0,chittorgarh,,,29.35,chittorgarh,29.35,chittorgarh,27.9,chittorgarh,27.9,chittorgarh,To part finance working capital requirements of the Company | General corporate purposes,chittorgarh,1.0,chittorgarh,,,,,,,,,,,,,,,,,,,,,,,,,,,,,,,,,,,,,,,,,,,,,,,,,,,,,,,,543312.BO,isin_authoritative,ISIN→symbol from official BSE list,match,,Focus Business Solution Ltd.,Focus Business Solution Ltd,match
INE0G2G01015,Walpar Nutritions Ltd.,SME,WALPAR,,2021-06-30,2021-07-05,2021-07-13,55.0,6.6,Fixed Price,NSE SME,Beeline Broking,2021,Nikunj Stock Brokers Ltd.,chittorgarh,6.0,chittorgarh,1.0,chittorgarh,14.3,chittorgarh,,,59.95,chittorgarh,62.85,chittorgarh,57.0,chittorgarh,57.0,chittorgarh,Investment in Subsidiary | To Meet Incremental Working Capital Requirements | General Corporate Purpose | Public Issue expenses,chittorgarh,7.0,chittorgarh,,,,,,,,,,,,,,,,,,,,,,,,,,,,,,,,,,,,,,,,,,,,,,,,,,,,,,,WALPAR.NS,,isin_authoritative,ISIN→symbol from official NSE list,match,,Walpar Nutritions Ltd.,Walpar Nutritions Limited,match
INE0B6101012,Times Green Energy (India) Ltd.,SME,,543310.0,2021-06-16,2021-06-22,2021-06-30,61.0,4.05,Fixed Price,BSE SME,Aryaman Financial,2021,Aryaman Capital Markets Ltd.,chittorgarh,4.0,chittorgarh,0.0,chittorgarh,0.0,chittorgarh,,,61.4,chittorgarh,64.45,chittorgarh,61.0,chittorgarh,61.6,chittorgarh,Funding Working Capital Requirement | Funding Purchase and Set-up of Registered Office | Funding Purchase of Vehicle and ERP Package | Funding Setting up of Sanitary Napkin SBUs | To fund expenditure for General Corporate Purposes,chittorgarh,4.0,chittorgarh,,,,,,,,,,,,,,,,,,,,,,,,,,,,,,,,,,,,,,,,,,,,,,,,,,,,,,,,543310.BO,isin_authoritative,ISIN→symbol from official BSE list,match,,Times Green Energy (India) Ltd.,Times Green Energy (India) Ltd,match
INE0H8J01015,Adeshwar Meditex Ltd.,SME,,543309.0,2021-06-15,2021-06-18,2021-06-28,25.0,9.75,Fixed Price,BSE SME,Aryaman Financial,2021,Aryaman Capital Markets Ltd.,chittorgarh,9.0,chittorgarh,1.0,chittorgarh,10.0,chittorgarh,,,25.25,chittorgarh,25.5,chittorgarh,25.1,chittorgarh,25.15,chittorgarh,Part Repayment of Loans | Funding Working capital requirements | General Corporate Purpose,chittorgarh,10.0,chittorgarh,,,,,,,,,,,,,,,,,,,,,,,,,,,,,,,,,,,,,,,,,,,,,,,,,,,,,,,,543309.BO,isin_authoritative,ISIN→symbol from official BSE list,match,,Adeshwar Meditex Ltd.,Adeshwar Meditex Ltd,match
INE0DB001013,Navoday Enterprises Ltd.,SME,,543305.0,2021-06-14,2021-06-17,2021-06-25,20.0,4.61,Fixed Price,BSE SME,Inventure Merchant Banker,2021,NNM Securities Pvt.Ltd.,chittorgarh,4.0,chittorgarh,1.0,chittorgarh,20.0,chittorgarh,,,19.5,chittorgarh,19.5,chittorgarh,18.55,chittorgarh,18.55,chittorgarh,"Meeting Additional Working Capital Requirements, and | General Corporate Purpose",chittorgarh,5.0,chittorgarh,,,,,,,,,70.0,,,,,,,,,,,,,,,,,,,,,,,,,,,,,,,,,,,,,,,,,,,,investorgain,,,543305.BO,bse_only,BSE code only,unchecked,,Navoday Enterprises Ltd.,,no_ref
INE0CAJ01017,Abhishek Integrations Ltd.,SME,AILIMITED,,2021-06-08,2021-06-11,2021-06-21,50.0,4.95,Fixed Price,NSE SME,Beeline Broking,2021,Nikunj Stock Brokers Ltd.,chittorgarh,5.0,chittorgarh,0.0,chittorgarh,0.0,chittorgarh,,,40.0,chittorgarh,40.0,chittorgarh,38.0,chittorgarh,38.0,chittorgarh,To Meet Incremental Working Capital Requirements | General Corporate Purpose,chittorgarh,5.0,chittorgarh,,,,,,,,,,,,,,,,,,,,,,,,,,,,,,,,,,,,,,,,,,,,,,,,,,,,,,,AILIMITED.NS,,isin_authoritative,ISIN→symbol from official NSE list,match,,Abhishek Integrations Ltd.,Abhishek Integrations Limited,match
INE04CO01018,Kuberan Global Edu Solutions Ltd.,SME,KGES,543289.0,2021-04-20,2021-04-27,2021-05-05,20.0,1.12,Fixed Price,BSE SME,Fedex Securities,2021,Rikhav Securities Ltd.,chittorgarh,1.0,chittorgarh,0.0,chittorgarh,0.0,chittorgarh,,,21.0,chittorgarh,22.05,chittorgarh,20.2,chittorgarh,22.05,chittorgarh,Capital  expenditure  for Digitalizing  Banking  Course through online mode by using Information Technology | General Corporate Purposes,chittorgarh,1.0,chittorgarh,,,,,,,,,,,,,,,,,,,,,0.91,0.93,,0.21,0.17,,0.03,0.0,,0.2,0.0,,1.54,1.63,,0.03,0.01,,1.58,1.64,,0.0,0.07,0.0,0.0,0.01,0.93,0.0,Mar 2021,2.0,,screener,,,KGES.NS,543289.BO,chittorgarh_symbol,Chittorgarh nse_symbol (ISIN not in NSE exchange list),unchecked,,Kuberan Global Edu Solutions Ltd.,Kuberan Global Edu Solutions Ltd,match
INE0D9X01018,Jetmall Spices & Masala Ltd.,SME,,543286.0,2021-03-31,2021-04-07,2021-04-19,20.0,4.98,Fixed Price,BSE SME,Mark Corporate,2021,Harjivandas Nemidas Securities Pvt.Ltd.,chittorgarh,5.0,chittorgarh,0.0,chittorgarh,0.0,chittorgarh,,,20.5,chittorgarh,21.0,chittorgarh,19.5,chittorgarh,19.5,chittorgarh,Setting up of Ten (10) new Retail Outlets | To meet the Working Capital Requirements | General Corporate Purposes | Issue Expenses,chittorgarh,5.0,chittorgarh,,,,,,,,,,,,,,,,,,,,,,,,,,,,,,,,,,,,,,,,,,,,,,,,,,,,,,,,543286.BO,isin_authoritative,ISIN→symbol from official BSE list,match,,Jetmall Spices & Masala Ltd.,Jetmall Spices and Masala Ltd,match
INE0CQ101015,Rajeshwari Cans Ltd.,SME,,543285.0,2021-03-31,2021-04-06,2021-04-15,20.0,4.03,Fixed Price,BSE SME,Fedex Securities,2021,Beeline Broking Ltd.,chittorgarh,4.0,chittorgarh,0.0,chittorgarh,0.0,chittorgarh,,,20.75,chittorgarh,21.0,chittorgarh,20.0,chittorgarh,20.0,chittorgarh,Meeting incremental working capital requirements | General corporate purposes,chittorgarh,4.0,chittorgarh,,,,,,,,,,,,,,,,,,,,,,,,,,,,,,,,,,,,,,,,,,,,,,,,,,,,,,,,543285.BO,isin_authoritative,ISIN→symbol from official BSE list,match,,Rajeshwari Cans Ltd.,Rajeshwari Cans Ltd,match
INE0GXK01018,V-Marc India Ltd.,SME,VMARCIND,,2021-03-25,2021-03-31,2021-04-09,39.0,23.4,Bookbuilding,NSE SME,Pantomath Capital,2021,Pentagon Stock Brokers Pvt.Ltd.,chittorgarh,22.0,chittorgarh,1.0,chittorgarh,4.3,chittorgarh,,,46.5,chittorgarh,48.6,chittorgarh,44.2,chittorgarh,47.1,chittorgarh,Funding capital expenditure for the Project | Funding the working capital requirements of our Company | General corporate purposes,chittorgarh,23.0,chittorgarh,,,,,,,,,,,,,,,,,,,,,,,,,,,,,,,,,,,,,,,,,,,,,,,,,,,,,,,VMARCIND.NS,,isin_authoritative,ISIN→symbol from official NSE list,match,,V-Marc India Ltd.,V Marc India Limited,match
INE0CPR01018,EKI Energy Services Ltd.,SME,,543284.0,2021-03-24,2021-03-26,2021-04-07,102.0,18.6,Bookbuilding,BSE SME,Hem Securities,2021,Hem Finlease Pvt.Ltd.,chittorgarh,18.0,chittorgarh,1.0,chittorgarh,5.3,chittorgarh,5.28,chittorgarh,140.0,chittorgarh,147.0,chittorgarh,140.0,chittorgarh,147.0,chittorgarh,To meet Working Capital requirements | General Corporate Purpose,chittorgarh,19.0,chittorgarh,,,,,,,,,,,,,,,,,,,,,,,,,,,,,,,,,,,,,,,,,,,,,,,,,,,,,,,,543284.BO,isin_authoritative,ISIN→symbol from official BSE list,match,,EKI Energy Services Ltd.,EKI Energy Services Ltd,match
INE0A1E01018,Siddhika Coatings Ltd.,SME,SIDDHIKA,,2021-03-24,2021-03-26,2021-04-07,57.0,4.7,Fixed Price,NSE SME,Unistone Capital,2021,Rikhav Securities Ltd.,chittorgarh,4.0,chittorgarh,1.0,chittorgarh,20.0,chittorgarh,,,55.0,chittorgarh,58.0,chittorgarh,54.15,chittorgarh,56.95,chittorgarh,Working Capital Requirements | General Corporate Purposes | Issue Expenses,chittorgarh,5.0,chittorgarh,,,,,,,,,,,,,,,,,,,,,,,,,,,,,,,,,,,,,,,,,,,,,,,,,,,,,,,SIDDHIKA.NS,,isin_authoritative,ISIN→symbol from official NSE list,match,,Siddhika Coatings Ltd.,Siddhika Coatings Limited,match
INE0GX601011,NIKS Technology Ltd.,SME,,543282.0,2021-03-19,2021-03-23,2021-03-31,201.0,2.01,Fixed Price,BSE SME,Gretex Corporate,2021,Gretex Share Broking Pvt.Ltd.,chittorgarh,0.5588,chittorgarh,1.0,chittorgarh,50.0,chittorgarh,,,202.1,chittorgarh,203.0,chittorgarh,202.0,chittorgarh,203.0,chittorgarh,Funding the working capital requirements of our Company | General Corporate Purposes,chittorgarh,2.0,chittorgarh,,,,,,,,,,,,,,,,,,,,,,0.2,,,0.13,,,0.08,,,40.0,,,0.11,,,0.04,,,0.41,,,0.16,40.0,72.73,0.36,0.2,0.08,Mar 2020,1.0,,screener,,,,543282.BO,isin_authoritative,ISIN→symbol from official BSE list,match,,NIKS Technology Ltd.,Niks Technology Ltd,match
INE0CJD01029,Knowledge Marine & Engineering Works Ltd.,SME,KMEW,543273.0,2021-03-09,2021-03-12,2021-03-22,37.0,10.12,Fixed Price,BSE SME,Hem Securities,2021,Hem Finlease Pvt.Ltd.,chittorgarh,10.0,chittorgarh,0.0,chittorgarh,0.0,chittorgarh,,,38.0,chittorgarh,38.5,chittorgarh,37.1,chittorgarh,38.25,chittorgarh,To meet Working Capital requirements | General Corporate Purpose,chittorgarh,10.0,chittorgarh,,,,,,,,,,,,,,,,,,,,11.0,11.0,24.0,3.0,4.0,8.0,1.0,3.0,5.0,,3.8,9.08,2.01,6.0,10.0,7.0,11.0,16.0,14.0,30.0,36.0,3.0,11.0,2.0,20.83,50.0,1.6,24.0,5.0,Mar 2020,3.0,,screener,,,KMEW.NS,543273.BO,isin_authoritative,ISIN→symbol from official NSE list,match,,Knowledge Marine & Engineering Works Ltd.,Knowledge Marine & Engineering Works Limited,match
INE0EMB01015,Rangoli Tradecomm Ltd.,SME,,543274.0,2021-03-09,2021-03-12,2021-03-22,207.0,45.15,Fixed Price,BSE SME,Fedex Securities,2021,Rikhav Securities Ltd.,chittorgarh,43.0,chittorgarh,2.0,chittorgarh,4.4,chittorgarh,,,211.0,chittorgarh,221.55,chittorgarh,207.5,chittorgarh,220.4,chittorgarh,Meeting Working Capital Requirements | General corporate purposes,chittorgarh,45.0,chittorgarh,,,,,,,,,,,,,,,,,,,,,,,,,,,,,,,,,,,,,,,,,,,,,,,,,,,,,,,,543274.BO,bse_only,BSE code only,unchecked,,Rangoli Tradecomm Ltd.,,no_ref
INE05FR01029,Ashapuri Gold Ornament Ltd. FPO,SME,,542579.0,2021-03-03,2021-03-08,2021-03-17,81.0,30.02,Fixed Price,BSE SME,Fedex Securities,2021,NNM Securities Pvt. Ltd.,,,,,,,,,,,,,,,,,,,,,,,,,,,,,,,,,,,,,,,,,47.0,88.0,121.0,1.0,1.0,0.0,0.0,0.0,0.0,0.7,0.01,0.02,6.1,45.0,45.0,5.0,0.0,0.0,15.0,47.0,48.0,2.0,0.0,-1.0,0.0,0.0,0.0,121.0,0.0,Mar 2020,3.0,,screener,,,,542579.BO,isin_authoritative,ISIN→symbol from official BSE list,match,,Ashapuri Gold Ornament Ltd. FPO,Ashapuri Gold Ornament Ltd,match
INE0G0V01018,ADJIA Technologies Ltd.,SME,,543269.0,2021-03-02,2021-03-04,2021-03-15,74.0,2.0,Fixed Price,BSE SME,Shreni Shares,2021,Shreni Shares Ltd.,chittorgarh,2.0,chittorgarh,0.0,chittorgarh,0.0,chittorgarh,,,74.5,chittorgarh,74.65,chittorgarh,74.0,chittorgarh,74.25,chittorgarh,Funding purchases of equipment | Marketing initiatives | General Corporate Purposes,chittorgarh,2.0,chittorgarh,,,,,,,,,,,,,,,,,,,,0.0,0.0,0.1,0.0,0.0,0.02,0.0,0.0,0.03,0.0,0.0,4.17,-0.04,-0.04,0.04,0.06,0.06,0.0,0.02,0.01,0.04,,,0.03,30.0,75.0,0.0,0.1,0.03,Mar 2020,3.0,,screener,,,,543269.BO,bse_only,BSE code only,unchecked,,ADJIA Technologies Ltd.,,no_ref
INE07S101038,Pavna Industries Ltd.,SME,PAVNAIND,543915.0,2021-02-24,2021-03-01,2021-03-09,165.0,29.7,Fixed Price,NSE SME,Aryaman Financial,2021,Aryaman Capital Markets Ltd.,chittorgarh,13.0,chittorgarh,15.0,chittorgarh,50.0,chittorgarh,,,165.6,chittorgarh,166.5,chittorgarh,165.05,chittorgarh,165.5,chittorgarh,Part Repayment of Loans | General Corporate Purpose,chittorgarh,30.0,chittorgarh,,,,,,,,,,,,,,,,,,,,,,180.0,,,19.0,,,4.0,,,0.83,,,27.0,,,49.0,,,120.0,,,-5.0,2.22,14.81,1.81,180.0,4.0,Mar 2020,1.0,,screener,,,PAVNAIND.NS,543915.BO,isin_authoritative,ISIN→symbol from official NSE list,match,,Pavna Industries Ltd.,Pavna Industries Limited,match
INE06ZX01015,Party Cruisers Ltd.,SME,PARTYCRUS,,2021-02-22,2021-02-25,2021-03-05,51.0,7.75,Fixed Price,NSE SME,First Overseas,2021,NNM Securities Pvt.Ltd.,chittorgarh,7.0,chittorgarh,1.0,chittorgarh,12.5,chittorgarh,,,54.0,chittorgarh,54.0,chittorgarh,51.3,chittorgarh,51.3,chittorgarh,Expansion of Business through strategic investment | Additional Working Capital | General Corporate Expenses | To meet the expenses of the Issue,chittorgarh,8.0,chittorgarh,,,,,,,,,,,,,,,,,,,,,,,,,,,,,,,,,,,,,,,,,,,,,,,,,,,,,,,PARTYCRUS.NS,,isin_authoritative,ISIN→symbol from official NSE list,match,,Party Cruisers Ltd.,Party Cruisers Limited,match
INE0D7801012,MRP Agro Ltd.,SME,,543262.0,2021-02-08,2021-02-10,2021-02-18,40.0,3.24,Fixed Price,BSE SME,Beeline Broking,2021,Nikunj Stock Brokers Ltd.,chittorgarh,3.0,chittorgarh,0.0,chittorgarh,0.0,chittorgarh,,,39.75,chittorgarh,39.75,chittorgarh,37.8,chittorgarh,37.8,chittorgarh,To Meet Working Capital Requirement | General Corporate Purpose,chittorgarh,3.0,chittorgarh,,,,,,,,,,,,,,,,,,,,,,,,,,,,,,,,,,,,,,,,,,,,,,,,,,,,,,,,543262.BO,isin_authoritative,ISIN→symbol from official BSE list,match,,MRP Agro Ltd.,MRP Agro Ltd,match
INE0MID01012,SVS Ventures Ltd.,SME,,543745.0,2022-12-30,2023-01-04,2023-01-12,20.0,11.24,Fixed Price,BSE SME,First Overseas,2022,Svcm Securities Pvt.Ltd.,chittorgarh,11.0,chittorgarh,0.0,chittorgarh,0.0,chittorgarh,,,20.5,chittorgarh,21.5,chittorgarh,20.5,chittorgarh,21.5,chittorgarh,To meet the Working Capital requirements | General Corporate Expenses | To meet the expenses of the Issue,chittorgarh,11.0,chittorgarh,,0.53,2.01,1.27,,,,,20.0,,,,,,,,,,,,,,,,,,,,,,,,,,,,,,,,,,,,,,,,,,ipowatch,,investorgain,,,543745.BO,isin_authoritative,ISIN→symbol from official BSE list,match,,SVS Ventures Ltd.,SVS Ventures Ltd,match
INE0MFT01014,Rex Sealing & Packing Industries Ltd.,SME,,543744.0,2022-12-30,2023-01-04,2023-01-12,135.0,8.09,Fixed Price,BSE SME,Aryaman Financial,2022,Aryaman Capital Markets Ltd.,chittorgarh,4.0,chittorgarh,4.0,chittorgarh,50.0,chittorgarh,,,137.0,chittorgarh,143.85,chittorgarh,136.0,chittorgarh,143.85,chittorgarh,Funding Working Capital Requirement | General Corporate Purpose,chittorgarh,8.0,chittorgarh,,,,,,,,,5.93,,,,,,,,,,,,,,,,,,,,,,,,,,,,,,,,,,,,,,,,,,,,investorgain,,,543744.BO,isin_authoritative,ISIN→symbol from official BSE list,match,,Rex Sealing & Packing Industries Ltd.,Rex Sealing and Packing Industries Ltd,match
INE0LR101013,Anlon Technology Solutions Ltd.,SME,ANLON,,2022-12-29,2023-01-02,2023-01-10,100.0,15.0,Bookbuilding,NSE SME,GYR Capital,2022,Rikhav Securities Ltd.,chittorgarh,14.0,chittorgarh,1.0,chittorgarh,6.7,chittorgarh,4.26,chittorgarh,251.1,chittorgarh,263.65,chittorgarh,250.0,chittorgarh,263.65,chittorgarh,Funding the working capital requirements of the company | General Corporate Purposes,chittorgarh,15.0,chittorgarh,,,,,,,,,60.0,,,,,,,,,,,,,,,,,,,,,,,,,,,,,,,,,,,,,,,,,,,,investorgain,,ANLON.NS,,isin_authoritative,ISIN→symbol from official NSE list,match,,Anlon Technology Solutions Ltd.,Anlon Technology Solutions Limited,match
INE0NA301016,RBM Infracon Ltd.,SME,RBMINFRA,,2022-12-23,2022-12-27,2023-01-04,36.0,8.37,Fixed Price,NSE SME,Beeline Capital,2022,Sunflower Broking Pvt.Ltd.,chittorgarh,8.0,chittorgarh,0.0,chittorgarh,0.0,chittorgarh,,,52.5,chittorgarh,55.1,chittorgarh,49.9,chittorgarh,55.1,chittorgarh,To Meet Working Capital Requirements | General Corporate Purpose,chittorgarh,8.0,chittorgarh,,46.32,34.32,40.32,,,,,19.44,,,,,,,,,,,,,,,,,,,,,,,,,,,,,,,,,,,,,,,,,,ipowatch,,ipowatch,,RBMINFRA.NS,,isin_authoritative,ISIN→symbol from official NSE list,match,,RBM Infracon Ltd.,Rbm Infracon Limited,match
INE0N7F01017,Homesfy Realty Ltd.,SME,HOMESFY,,2022-12-21,2022-12-23,2023-01-02,197.0,15.86,Fixed Price,NSE SME,Sarthi Capital Advisors,2022,Rikhav Securities Ltd.,chittorgarh,15.0,chittorgarh,1.0,chittorgarh,6.2,chittorgarh,,,275.05,chittorgarh,288.8,chittorgarh,263.0,chittorgarh,287.95,chittorgarh,Working Capital requirements of the Company | General Corporate Purpose,chittorgarh,16.0,chittorgarh,,26.82,16.55,21.69,,,,,12.69,,,,,,,,,,,,,,,,,,,,,,,,,,,,,,,,,,,,,,,,,,ipowatch,,ipowatch,,HOMESFY.NS,,isin_authoritative,ISIN→symbol from official NSE list,match,,Homesfy Realty Ltd.,Homesfy Realty Limited,match
INE0N6D01014,Moxsh Overseas Educon Ltd.,SME,MOXSH,,2022-12-21,2022-12-23,2022-12-30,153.0,10.42,Fixed Price,NSE SME,Fedex Securities,2022,Pure Broking Pvt.Ltd.,chittorgarh,10.0,chittorgarh,0.0,chittorgarh,0.0,chittorgarh,,,131.0,chittorgarh,135.0,chittorgarh,124.45,chittorgarh,127.85,chittorgarh,Meeting our working capital requirements | Expenditure to enhance visibility and awareness of the brands | General corporate purposes,chittorgarh,10.0,chittorgarh,,93.1,107.78,100.44,,,,,13.07,,,,,,,,,,,,,,,,,,,,,,,,,,,,,,,,,,,,,,,,,,ipowatch,,ipowatch,,MOXSH.NS,,isin_authoritative,ISIN→symbol from official NSE list,match,,Moxsh Overseas Educon Ltd.,Moxsh Overseas Educon Limited,match
INE0NCC01015,Arihant Academy Ltd.,SME,ARIHANTACA,,2022-12-16,2022-12-21,2022-12-29,90.0,14.72,Fixed Price,NSE SME,Shreni Shares,2022,Shreni Shares Ltd.,chittorgarh,14.0,chittorgarh,1.0,chittorgarh,6.7,chittorgarh,,,120.1,chittorgarh,126.1,chittorgarh,120.1,chittorgarh,126.1,chittorgarh,Funding working capital requirements; and | General corporate purposes,chittorgarh,15.0,chittorgarh,,242.89,228.85,235.87,,,,,44.44,,,,,,,,,,,,,,,,,,,,,,,,,,,,,,,,,,,,,,,,,,ipowatch,,ipowatch,,ARIHANTACA.NS,,isin_authoritative,ISIN→symbol from official NSE list,match,,Arihant Academy Ltd.,Arihant Academy Limited,match
INE067901012,Uma Converter Ltd.,SME,UMA,,2022-12-15,2022-12-21,2022-12-29,33.0,18.41,Fixed Price,NSE SME,GYR Capital,2022,SMC Global Securities Ltd.,chittorgarh,17.0,chittorgarh,1.0,chittorgarh,5.6,chittorgarh,,,34.25,chittorgarh,34.5,chittorgarh,33.0,chittorgarh,33.15,chittorgarh,Funding the working capital requirements of the company | General corporate purposes,chittorgarh,18.0,chittorgarh,,15.5,17.82,16.66,,,,,9.09,,,,,,,,,,,,,,,,,,,,,,,,,,,,,,,,,,,,,,,,,,ipowatch,,ipowatch,,UMA.NS,,isin_authoritative,ISIN→symbol from official NSE list,match,,Uma Converter Ltd.,Uma Converter Limited,match
INE0JHH01011,Dollex Agrotech Ltd.,SME,DOLLEX,,2022-12-15,2022-12-20,2022-12-28,35.0,24.39,Fixed Price,NSE SME,Expert Global,2022,Nikunj Stock Brokers Ltd.,chittorgarh,16.0,chittorgarh,7.0,chittorgarh,29.2,chittorgarh,,,30.0,chittorgarh,31.5,chittorgarh,30.0,chittorgarh,31.5,chittorgarh,To meet out the Working Capital requirements of the Company | To meet out the General Corporate Purposes,chittorgarh,24.0,chittorgarh,,1.46,2.28,1.87,,,,,8.57,,,,,,,,,,,,,,,,,,,,,,,,,,,,,,,,,,,,,,,,,,ipowatch,,investorgain,,DOLLEX.NS,,isin_authoritative,ISIN→symbol from official NSE list,match,,Dollex Agrotech Ltd.,Dollex Agrotech Limited,match
INE0MQD01015,Droneacharya Aerial Innovations Ltd.,SME,,543713.0,2022-12-13,2022-12-15,2022-12-23,54.0,33.97,Bookbuilding,BSE SME,Corporate Capitalventures,2022,R.K.Stock Holding Pvt.Ltd.,chittorgarh,32.0,chittorgarh,2.0,chittorgarh,5.9,chittorgarh,9.67,chittorgarh,102.0,chittorgarh,107.1,chittorgarh,96.9,chittorgarh,107.1,chittorgarh,Purchase of Drone and other accessories. | General Corporate Expenses.,chittorgarh,34.0,chittorgarh,46.21,287.8,330.82,243.7,,,,,83.33,,,,,,,,,,,,,,,,,,,,,,,,,,,,,,,,,,,,,,,,,,ipowatch,,ipowatch,,,543713.BO,isin_authoritative,ISIN→symbol from official BSE list,match,,Droneacharya Aerial Innovations Ltd.,Droneacharya Aerial Innovations Ltd,match
INE0M2X01012,All E Technologies Ltd.,SME,ALLETEC,,2022-12-09,2022-12-13,2022-12-21,90.0,48.2,Bookbuilding,NSE SME,Unistone Capital,2022,Nikunj Stock Brokers Ltd.,chittorgarh,41.0,chittorgarh,4.0,chittorgarh,8.3,chittorgarh,13.72,chittorgarh,125.0,chittorgarh,131.25,chittorgarh,120.1,chittorgarh,131.25,chittorgarh,Expansion of Business | Acquisitions of Businesses in similar or complementary areas | General Corporate Purposes,chittorgarh,48.0,chittorgarh,,,,,,,,,50.0,,,,,,,,,,,,,,,,,,,,,,,,,,,,,,,,,,,,,,,,,,,,investorgain,,ALLETEC.NS,,isin_authoritative,ISIN→symbol from official NSE list,match,,All E Technologies Ltd.,All E Technologies Limited,match
INE0NT601018,PNGS Gargi Fashion Jewellery Ltd.,SME,,543709.0,2022-12-08,2022-12-13,2022-12-20,30.0,7.8,Fixed Price,BSE SME,Shreni Shares,2022,Shreni Shares Ltd.,chittorgarh,7.0,chittorgarh,1.0,chittorgarh,12.5,chittorgarh,,,57.0,chittorgarh,59.85,chittorgarh,57.0,chittorgarh,59.85,chittorgarh,Funding working capital requirement | General Corporate Purpose,chittorgarh,8.0,chittorgarh,,213.2,248.44,230.82,,,,,66.67,,,,,,,,,,,,,,,,,,,,,,,,,,,,,,,,,,,,,,,,,,ipowatch,,ipowatch,,,543709.BO,isin_authoritative,ISIN→symbol from official BSE list,match,,PNGS Gargi Fashion Jewellery Ltd.,PNGS Gargi Fashion Jewellery Ltd,match
INE0L2Y01011,Arham Technologies Ltd.,SME,ARHAM,,2022-12-05,2022-12-07,2022-12-15,42.0,9.58,Fixed Price,NSE SME,Finshore Management,2022,Nikunj Stock Brokers Ltd.,chittorgarh,9.0,chittorgarh,1.0,chittorgarh,10.0,chittorgarh,,,60.0,chittorgarh,63.0,chittorgarh,58.25,chittorgarh,63.0,chittorgarh,To meet the working capital requirements | General Corporate Purposes,chittorgarh,10.0,chittorgarh,,417.59,467.99,442.79,,,,,95.24,,,,,,,,,,,,,,,,,,,,,,,,,,,,,,,,,,,,,,,,,,ipowatch,,ipowatch,,ARHAM.NS,,isin_authoritative,ISIN→symbol from official NSE list,match,,Arham Technologies Ltd.,Arham Technologies Limited,match
INE029Q01017,Baheti Recycling Industries Ltd.,SME,BAHETI,,2022-11-28,2022-11-30,2022-12-08,45.0,12.42,Fixed Price,NSE SME,Hem Securities,2022,Hem Finlease Pvt.Ltd.,chittorgarh,12.0,chittorgarh,0.0,chittorgarh,0.0,chittorgarh,,,120.0,chittorgarh,126.0,chittorgarh,114.0,chittorgarh,114.0,chittorgarh,Modernization and expansion of existing manufacturing unit | To meet Working Capital requirements | General Corporate Purpose,chittorgarh,12.0,chittorgarh,,259.21,435.65,347.53,,,,,100.0,,,,,,,,,,,,,,,,,,,,,,,,,,,,,,,,,,,,,,,,,,ipowatch,,ipowatch,,BAHETI.NS,,isin_authoritative,ISIN→symbol from official NSE list,match,,Baheti Recycling Industries Ltd.,Baheti Recycling Industries Limited,match
INE0MJQ01020,Pritika Engineering Components Ltd.,SME,PRITIKA,,2022-11-25,2022-11-30,2022-12-08,29.0,9.42,Fixed Price,NSE SME,GYR Capital,2022,SMC Global Securities Ltd.,chittorgarh,9.0,chittorgarh,0.0,chittorgarh,0.0,chittorgarh,,,42.2,chittorgarh,44.3,chittorgarh,40.1,chittorgarh,44.3,chittorgarh,"Investment in relation to the new unit set up by our wholly owned subsidiary, Meeta Castings Limited (MCL) | General Corporate Purposes | Total",chittorgarh,9.0,chittorgarh,,,,,,,,,34.48,,,,,,,,,,,,,,,,,,,,,,,,,,,,,,,,,,,,,,,,,,,,investorgain,,PRITIKA.NS,,isin_authoritative,ISIN→symbol from official NSE list,match,,Pritika Engineering Components Ltd.,Pritika Engineering Components Limited,match
INE0N6V01016,AMBO Agritec Ltd.,SME,,543678.0,2022-11-21,2022-11-24,2022-12-02,30.0,10.2,Fixed Price,BSE SME,Finshore Management,2022,Nikunj Stock Brokers Ltd.,chittorgarh,10.0,chittorgarh,0.0,chittorgarh,0.0,chittorgarh,,,40.1,chittorgarh,42.1,chittorgarh,39.3,chittorgarh,42.1,chittorgarh,To meet the working capital requirements | General Corporate Purposes,chittorgarh,10.0,chittorgarh,,323.51,350.0,336.75,,,,,50.0,,,,,,,,,,,,,,,,,,,,,,,,,,,,,,,,,,,,,,,,,,ipowatch,,ipowatch,,,543678.BO,isin_authoritative,ISIN→symbol from official BSE list,match,,AMBO Agritec Ltd.,Ambo Agritec Ltd,match
INE0MXP01015,Technopack Polymers Ltd.,SME,,543656.0,2022-11-02,2022-11-07,2022-11-16,55.0,7.87,Fixed Price,BSE SME,ISK Advisors,2022,Sunflower Broking Pvt.Ltd.,chittorgarh,7.0,chittorgarh,1.0,chittorgarh,12.5,chittorgarh,,,74.0,chittorgarh,77.7,chittorgarh,70.3,chittorgarh,77.7,chittorgarh,Part Funding to purchase and set up additional SACMI CCM24S-F plant for manufacturing of HDPE Beverages Closures (Compression moulding machine fully equipped with all ancillaries) | Working Capital Requirement | General Corporate Purpose,chittorgarh,8.0,chittorgarh,,19.82,19.79,19.8,,,,,,,,,,,,,,,,,,,,,,,,,,,,,,,,,,,,,,,,,,,,,,,ipowatch,,,,,543656.BO,isin_authoritative,ISIN→symbol from official BSE list,match,,Technopack Polymers Ltd.,Technopack Polymers Ltd,match
INE0MTP01013,Amiable Logistics (India) Ltd.,SME,AMIABLE,,2022-11-02,2022-11-07,2022-11-16,81.0,4.37,Fixed Price,NSE SME,Shreni Shares,2022,Shreni Shares Ltd.,chittorgarh,4.0,chittorgarh,0.0,chittorgarh,0.0,chittorgarh,,,129.95,chittorgarh,136.4,chittorgarh,125.0,chittorgarh,136.4,chittorgarh,Funding working capital requirements | General Corporate Purpose,chittorgarh,4.0,chittorgarh,,186.03,281.98,234.0,,,,,61.73,,,,,,,,,,,,,,,,,,,,,,,,,,,,,,,,,,,,,,,,,,ipowatch,,ipowatch,,AMIABLE.NS,,isin_authoritative,ISIN→symbol from official NSE list,match,,Amiable Logistics (India) Ltd.,Amiable Logistics (India) Limited,match
INE0L4K01016,Vital Chemtech Ltd.,SME,VITAL,,2022-10-31,2022-11-03,2022-11-14,101.0,64.64,Bookbuilding,NSE SME,Beeline Capital,2022,Sunflower Broking Pvt.Ltd.,chittorgarh,61.0,chittorgarh,4.0,chittorgarh,6.2,chittorgarh,18.36,chittorgarh,164.0,chittorgarh,170.0,chittorgarh,155.8,chittorgarh,163.1,chittorgarh,Working Capital Requirements | General Corporate Purpose | Public Issue Expenses,chittorgarh,65.0,chittorgarh,15.48,204.05,116.98,79.33,,,,,79.21,,,,,,,,,,,,,58.0,,,12.0,,,8.0,,,11.75,,,,,,,,,,,,-13.0,13.79,,,58.0,8.0,Mar 2022,1.0,ipowatch,screener,ipowatch,,VITAL.NS,,isin_authoritative,ISIN→symbol from official NSE list,match,,Vital Chemtech Ltd.,Vital Chemtech Limited,match
INE975Z01012,DAPS Advertising Ltd.,SME,,543651.0,2022-10-31,2022-11-03,2022-11-14,30.0,5.1,Fixed Price,BSE SME,Shreni Shares,2022,Shreni Shares Ltd.,chittorgarh,5.0,chittorgarh,0.0,chittorgarh,0.0,chittorgarh,,,57.0,chittorgarh,59.85,chittorgarh,54.15,chittorgarh,55.1,chittorgarh,Funding working capital requirements | General Corporate Purpose,chittorgarh,5.0,chittorgarh,,83.24,48.63,65.93,,,,,26.67,,,,,,,,,,,,,,,,,,,,,,,,,,,,,,,,,,,,,,,,,,ipowatch,,ipowatch,,,543651.BO,isin_authoritative,ISIN→symbol from official BSE list,match,,DAPS Advertising Ltd.,DAPS Advertising Ltd,match
INE02EE01019,Integrated Personnel Services Ltd.,SME,IPSL,,2022-10-31,2022-11-02,2022-11-11,59.0,12.74,Fixed Price,NSE SME,Unistone Capital,2022,Nikunj Stock Brokers Ltd.,chittorgarh,12.0,chittorgarh,1.0,chittorgarh,7.7,chittorgarh,,,66.5,chittorgarh,69.8,chittorgarh,65.0,chittorgarh,69.8,chittorgarh,To    meet    the    working    capital requirements | General             Corporate             Purposes | Issue Expenses,chittorgarh,13.0,chittorgarh,,14.67,24.49,19.58,,,,,16.95,,,,,,,,,,,,,,,,,,,,,,,,,,,,,,,,,,,,,,,,,,ipowatch,,ipowatch,,IPSL.NS,,isin_authoritative,ISIN→symbol from official NSE list,match,,Integrated Personnel Services Ltd.,Integrated Personnel Services Limited,match
INE0MRA01019,Rite Zone Chemcon India Ltd.,SME,RITEZONE,,2022-10-31,2022-11-02,2022-11-11,75.0,8.96,Fixed Price,NSE SME,Expert Global,2022,Rikhav Securities Ltd.,chittorgarh,9.0,chittorgarh,0.0,chittorgarh,0.0,chittorgarh,,,82.85,chittorgarh,86.95,chittorgarh,78.75,chittorgarh,86.95,chittorgarh,Working Capital Requirements | General Corporate Purposes | Issue Expenses,chittorgarh,9.0,chittorgarh,,2.36,7.1,4.73,,,,,6.67,,,,,,,,,,,,,,,,,,,,,,,,,,,,,,,,,,,,,,,,,,ipowatch,,ipowatch,,RITEZONE.NS,,isin_authoritative,ISIN→symbol from official NSE list,match,,Rite Zone Chemcon India Ltd.,Rite Zone Chemcon India Limited,match
INE0MLZ01019,Phantom Digital Effects Ltd.,SME,PHANTOMFX,,2022-10-12,2022-10-14,2022-10-21,95.0,29.1,Bookbuilding,NSE SME,Corporate Capitalventures,2022,SS Corporate Securities Ltd.,chittorgarh,24.0,chittorgarh,4.0,chittorgarh,13.8,chittorgarh,8.22,chittorgarh,300.0,chittorgarh,315.0,chittorgarh,290.05,chittorgarh,312.7,chittorgarh,Capital Expenditure for Setting up of Studios | General Corporate Expenses,chittorgarh,29.0,chittorgarh,14.75,554.75,207.08,164.22,,,,,68.42,,,,,,,,,,,,,,,,,,,,,,,,,,,,,,,,,,,,,,,,,,ipowatch,,ipowatch,,PHANTOMFX.NS,,isin_authoritative,ISIN→symbol from official NSE list,match,,Phantom Digital Effects Ltd.,Phantom Digital Effects Limited,match
INE0NC801013,Vedant Asset Ltd.,SME,,543623.0,2022-09-30,2022-10-04,2022-10-12,40.0,3.0,Fixed Price,BSE SME,Hem Securities,2022,Hem Securities Ltd.,chittorgarh,3.0,chittorgarh,0.0,chittorgarh,0.0,chittorgarh,,,65.0,chittorgarh,68.25,chittorgarh,65.0,chittorgarh,68.25,chittorgarh,Financing the expenditure for Business Expansion | To meet working capital requirements | General Corporate Purpose,chittorgarh,3.0,chittorgarh,,42.98,55.16,49.07,,,,,37.5,,,,,,,,,,,,,,,,,,,,,,,,,,,,,,,,,,,,,,,,,,ipowatch,,ipowatch,,,543623.BO,isin_authoritative,ISIN→symbol from official BSE list,match,,Vedant Asset Ltd.,Vedant Asset Ltd,match
INE0N1L01018,Pace E-Commerce Ventures Ltd.,SME,,543637.0,2022-09-29,2022-10-13,2022-10-20,103.0,66.53,Fixed Price,BSE SME,Interactive Financial,2022,Beeline Broking Ltd.,chittorgarh,38.0,chittorgarh,25.0,chittorgarh,37.3,chittorgarh,,,104.5,chittorgarh,109.7,chittorgarh,104.5,chittorgarh,109.7,chittorgarh,Acquisition of plant and machineries | Working capital requirement | General Corporate Purpose,chittorgarh,67.0,chittorgarh,,1.72,0.55,1.14,,,,,,,,,,,,,,,,,,,,,,,,,,,,,,,,,,,,,,,,,,,,,,,ipowatch,,,,,543637.BO,isin_authoritative,ISIN→symbol from official BSE list,match,,Pace E-Commerce Ventures Ltd.,Pace E-Commerce Ventures Ltd,match
INE385O01018,Frog Cellsat Ltd.,SME,FROG,,2022-09-29,2022-10-04,2022-10-13,102.0,41.57,Bookbuilding,NSE SME,Sarthi Capital Advisors,2022,SS Corporate Securities Ltd.,chittorgarh,39.0,chittorgarh,3.0,chittorgarh,7.1,chittorgarh,11.82,chittorgarh,177.0,chittorgarh,185.85,chittorgarh,168.15,chittorgarh,185.8,chittorgarh,To part finance the expansion project | General Corporate Purposes | Issue Expenses,chittorgarh,42.0,chittorgarh,5.36,70.94,22.1,21.06,,,,,49.02,,,,,,,,,,,,,,,,,,,,,,,,,,,,,,,,,,,,,,,,,,ipowatch,,ipowatch,,FROG.NS,,isin_authoritative,ISIN→symbol from official NSE list,match,,Frog Cellsat Ltd.,Frog Innovations Limited,match
INE0DGC01025,Swastik Pipe Ltd.,SME,SWASTIK,,2022-09-29,2022-10-03,2022-10-12,100.0,62.52,Bookbuilding,NSE SME,Corporate Capitalventures,2022,SS Corporate Securities Ltd.,chittorgarh,59.0,chittorgarh,4.0,chittorgarh,6.3,chittorgarh,,,66.0,chittorgarh,69.3,chittorgarh,66.0,chittorgarh,69.3,chittorgarh,Working Capital Requirement | General Corporate Purposes | Issue Expenses,chittorgarh,63.0,chittorgarh,,1.37,1.33,1.35,,,,,10.0,,,,,,,,,,,,,,,,,,,,,,,,,,,,,,,,,,,,,,,,,,ipowatch,,ipowatch,,SWASTIK.NS,,isin_authoritative,ISIN→symbol from official NSE list,match,,Swastik Pipe Ltd.,Swastik Pipe Limited,match
INE0DTQ01028,Lloyds Luxuries Ltd.,SME,LLOYDS,,2022-09-28,2022-09-30,2022-10-11,40.0,24.0,Fixed Price,NSE SME,Hem Securities,2022,Hem Finlease Pvt.Ltd.,chittorgarh,23.0,chittorgarh,1.0,chittorgarh,4.2,chittorgarh,,,45.15,chittorgarh,46.8,chittorgarh,42.9,chittorgarh,42.9,chittorgarh,Financing the expenditure for opening new stores | Repayment of short term borrowings | To meet Working Capital requirements | General Corporate Purpose,chittorgarh,24.0,chittorgarh,,11.64,1.81,6.73,,,,,12.5,,,,,,,,,,,,,,,,,,,,,,,,,,,,,,,,,,,,,,,,,,ipowatch,,investorgain,,LLOYDS.NS,,isin_authoritative,ISIN→symbol from official NSE list,match,,Lloyds Luxuries Ltd.,Lloyds Luxuries Limited,match
INE0MNV01014,Silicon Rental Solutions Ltd.,SME,,543615.0,2022-09-28,2022-09-30,2022-10-10,78.0,21.15,Fixed Price,BSE SME,Hem Securities,2022,Hem Securities Ltd.,chittorgarh,20.0,chittorgarh,1.0,chittorgarh,4.8,chittorgarh,,,80.0,chittorgarh,84.0,chittorgarh,80.0,chittorgarh,84.0,chittorgarh,To meet Capital Expenditure requirements relating to IT equipments | Prepayment or repayment of all or a portion of certain outstanding borrowings availed by our Company | General Corporate Purpose,chittorgarh,21.0,chittorgarh,,2.85,2.92,2.89,,,,,12.82,,,,,,,,,,,,,,,,,,,,,,,,,,,,,,,,,,,,,,,,,,ipowatch,,ipowatch,,,543615.BO,isin_authoritative,ISIN→symbol from official BSE list,match,,Silicon Rental Solutions Ltd.,Silicon Rental Solutions Ltd,match
INE0KZM01011,Cargosol Logistics Ltd.,SME,,543621.0,2022-09-28,2022-09-30,2022-10-10,28.0,7.56,Fixed Price,BSE SME,Hem Securities,2022,Hem Finlease Pvt.Ltd.,chittorgarh,7.0,chittorgarh,1.0,chittorgarh,12.5,chittorgarh,,,42.4,chittorgarh,44.5,chittorgarh,40.6,chittorgarh,44.5,chittorgarh,Purchase of vehicle for commercial purpose | Purchase of Containers for expansion of the NVOCC division | To meet working capital requirements | General Corporate Purpose,chittorgarh,8.0,chittorgarh,,84.61,26.26,55.43,,,,,53.57,,,,,,,,,,,,,,,,,,,,,,,,,,,,,,,,,,,,,,,,,,ipowatch,,ipowatch,,,543621.BO,isin_authoritative,ISIN→symbol from official BSE list,match,,Cargosol Logistics Ltd.,Cargosol Logistics Ltd,match
INE0FMW01018,QMS Medical Allied Services Ltd.,SME,QMSMEDI,,2022-09-27,2022-09-30,2022-10-11,121.0,56.87,Fixed Price,NSE SME,First Overseas,2022,Rikhav Securities Ltd.,chittorgarh,31.0,chittorgarh,23.0,chittorgarh,40.4,chittorgarh,,,128.0,chittorgarh,134.4,chittorgarh,128.0,chittorgarh,134.4,chittorgarh,Funding additional working capital requirements | General Corporate Purposes,chittorgarh,57.0,chittorgarh,,,,,,,,,1.65,,,,,,,,,,,,,,,,,,,,,,,,,,,,,,,,,,,,,,,,,,,,investorgain,,QMSMEDI.NS,,isin_authoritative,ISIN→symbol from official NSE list,match,,QMS Medical Allied Services Ltd.,QMS Medical Allied Services Limited,match
INE075Z01011,Cyber Media Research & Services Ltd.,SME,CMRSL,,2022-09-27,2022-09-29,2022-10-10,180.0,14.04,Bookbuilding,NSE SME,Swastika Investmart,2022,Sunflower Broking Pvt.Ltd.,chittorgarh,7.0,chittorgarh,7.0,chittorgarh,50.0,chittorgarh,3.97,chittorgarh,245.25,chittorgarh,257.5,chittorgarh,245.25,chittorgarh,257.5,chittorgarh,Funding the working capital requirements | Funding investments in new projects and general corporate purposes,chittorgarh,14.0,chittorgarh,,,,,,,,,22.22,,,,,,,,,,,,,,,,,,,,,,,,,,,,,,,,,,,,,,,,,,,,investorgain,,CMRSL.NS,,isin_authoritative,ISIN→symbol from official NSE list,match,,Cyber Media Research & Services Ltd.,Cyber Media Research & Services Limited,match
INE0N0J01014,Concord Control Systems Ltd.,SME,,543619.0,2022-09-27,2022-09-29,2022-10-10,55.0,8.32,Bookbuilding,BSE SME,Hem Securities,2022,Hem Securities Ltd.,chittorgarh,8.0,chittorgarh,0.0,chittorgarh,0.0,chittorgarh,2.35,chittorgarh,109.95,chittorgarh,115.4,chittorgarh,109.95,chittorgarh,115.4,chittorgarh,To meet working capital requirements | General Corporate Purpose,chittorgarh,8.0,chittorgarh,15.18,307.4,424.26,202.41,,,,,127.27,,,,,,,,,,,,,,,,,,,,,,,,,,,,,,,,,,,,,,,,,,ipowatch,,ipowatch,,,543619.BO,isin_authoritative,ISIN→symbol from official BSE list,match,,Concord Control Systems Ltd.,Concord Control Systems Ltd,match
INE0M4L01013,Cargotrans Maritime Ltd.,SME,,543618.0,2022-09-27,2022-09-29,2022-10-10,45.0,4.86,Fixed Price,BSE SME,Hem Securities,2022,Hem Securities Ltd.,chittorgarh,5.0,chittorgarh,0.0,chittorgarh,0.0,chittorgarh,,,70.0,chittorgarh,73.5,chittorgarh,66.5,chittorgarh,73.5,chittorgarh,To meet Working Capital requirements | General Corporate Purpose,chittorgarh,5.0,chittorgarh,,129.63,166.86,148.25,,,,,55.56,,,,,,,,,,,,,,,,,,,,,,,,,,,,,,,,,,,,,,,,,,ipowatch,,ipowatch,,,543618.BO,isin_authoritative,ISIN→symbol from official BSE list,match,,Cargotrans Maritime Ltd.,Cargotrans Maritime Ltd,match
INE0MKO01015,Reetech International Cargo & Courier Ltd.,SME,,543617.0,2022-09-27,2022-09-29,2022-10-10,105.0,11.71,Fixed Price,BSE SME,Gretex Corporate,2022,Gretex Share Broking Pvt.Ltd.,chittorgarh,6.0,chittorgarh,5.0,chittorgarh,41.7,chittorgarh,,,82.0,chittorgarh,84.0,chittorgarh,77.9,chittorgarh,83.6,chittorgarh,Working Capital Requirements | General Corporate Purposes,chittorgarh,12.0,chittorgarh,,,,,,,,,0.95,,,,,,,,,,,,,,,,,,,,,,,,,,,,,,,,,,,,,,,,,,,,investorgain,,,543617.BO,isin_authoritative,ISIN→symbol from official BSE list,match,,Reetech International Cargo & Courier Ltd.,Reetech International Ltd,match
INE0KY201021,Maagh Advertising & Marketing Services Ltd.,SME,,543624.0,2022-09-26,2022-10-04,2022-10-13,60.0,9.12,Fixed Price,BSE SME,Inventure Merchant Banker,2022,NNM Securities Pvt.Ltd.,chittorgarh,9.0,chittorgarh,0.0,chittorgarh,0.0,chittorgarh,,,62.3,chittorgarh,65.4,chittorgarh,62.3,chittorgarh,65.4,chittorgarh,Funding the cost of Purchase of Software | Purchase of Media Inventory | General Corporate Purposes,chittorgarh,9.0,chittorgarh,,,,,,,,,,,,,,,,,,,,,,,,,,,,,,,,,,,,,,,,,,,,,,,,,,,,,,,,543624.BO,bse_only,BSE code only,unchecked,,Maagh Advertising & Marketing Services Ltd.,,no_ref
INE0LGX01024,Insolation Energy Ltd.,SME,INA,543620.0,2022-09-26,2022-09-29,2022-10-10,38.0,22.16,Bookbuilding,BSE SME,Holani Consultants,2022,Holani Consultants Pvt.Ltd.,chittorgarh,21.0,chittorgarh,1.0,chittorgarh,4.5,chittorgarh,,,76.1,chittorgarh,79.9,chittorgarh,72.55,chittorgarh,79.9,chittorgarh,Funding the working Capital Requirement of our Company | General corporate purposes,chittorgarh,22.0,chittorgarh,161.9,605.2,289.4,320.7,3331.63,3735.68,4167.67,13196.08,92.11,100.0,54.12,131.0,True,1000.0,138000.0,13.1,12.0,151.0,10.5,,,215.0,,,14.0,,,7.0,,,0.46,,,22.0,,,31.0,,,70.0,,,9.0,3.26,31.82,1.41,215.0,7.0,Mar 2022,1.0,sharescart,screener,ipowatch,sharescart,INA.NS,543620.BO,isin_authoritative,ISIN→symbol from official NSE list,match,,Insolation Energy Ltd.,Insolation Energy Limited,match
INE0MSK01016,Steelman Telecom Ltd.,SME,,543622.0,2022-09-26,2022-09-29,2022-10-10,96.0,26.02,Fixed Price,BSE SME,Gretex Corporate,2022,Gretex Share Broking Pvt.Ltd.,chittorgarh,17.0,chittorgarh,8.0,chittorgarh,30.8,chittorgarh,,,161.0,chittorgarh,169.05,chittorgarh,161.0,chittorgarh,169.05,chittorgarh,Investment in Subsidiary | Working Capital Requirements | General Corporate Purposes,chittorgarh,26.0,chittorgarh,7.78,70.09,22.82,22.4,,,,,36.46,,,,,,,,,,,,,,,,,,,,,,,,,,,,,,,,,,,,,,,,,,ipowatch,,ipowatch,,,543622.BO,isin_authoritative,ISIN→symbol from official BSE list,match,,Steelman Telecom Ltd.,Steelman Telecom Ltd,match
INE0MKA01014,Trident Lifeline Ltd.,SME,,543616.0,2022-09-26,2022-09-29,2022-10-10,101.0,35.34,Fixed Price,BSE SME,Beeline Capital,2022,Sunflower Broking Pvt.Ltd.,chittorgarh,34.0,chittorgarh,1.0,chittorgarh,2.9,chittorgarh,,,105.0,chittorgarh,110.25,chittorgarh,105.0,chittorgarh,108.15,chittorgarh,To Meet Working Capital Requirements | Product registration in the International Markets | General Corporate Purpose | Public Issue Expenses,chittorgarh,35.0,chittorgarh,,1.69,0.98,1.84,,,,,3.96,,,,,,,,,,,,,,,,,,,,,,,,,,,,,,,,,,,,,,,,,,ipowatch,,ipowatch,,,543616.BO,isin_authoritative,ISIN→symbol from official BSE list,match,,Trident Lifeline Ltd.,Trident Lifeline Ltd,match
INE0KQQ01011,Mafia Trends Ltd.,SME,,543613.0,2022-09-22,2022-09-27,2022-10-06,28.0,3.6,Fixed Price,BSE SME,GYR Capital,2022,Giriraj Stock Broking Pvt.Ltd.,chittorgarh,3.0,chittorgarh,1.0,chittorgarh,25.0,chittorgarh,,,32.65,chittorgarh,32.65,chittorgarh,31.05,chittorgarh,31.1,chittorgarh,Funding the working capital requirements of the company,chittorgarh,4.0,chittorgarh,,3.91,5.97,4.94,,,,,10.71,,,,,,,,,,,,,,,,,,,,,,,,,,,,,,,,,,,,,,,,,,ipowatch,,investorgain,,,543613.BO,isin_authoritative,ISIN→symbol from official BSE list,match,,Mafia Trends Ltd.,Mafia Trends Ltd,match
INE0M8901010,Containe Technologies Ltd.,SME,,543606.0,2022-09-20,2022-09-22,2022-09-30,15.0,2.62,Fixed Price,BSE SME,Finshore Management,2022,Nikunj Stock Brokers Ltd.,chittorgarh,2.0,chittorgarh,1.0,chittorgarh,33.3,chittorgarh,,,22.0,chittorgarh,23.1,chittorgarh,20.9,chittorgarh,23.1,chittorgarh,To meet the working capital requirements | General corporate purposes | Issue related expenses,chittorgarh,3.0,chittorgarh,,154.99,86.33,121.24,,,,,26.67,,,,,,,,,,,,,,,,,,,,,,,,,,,,,,,,,,,,,,,,,,ipowatch,,ipowatch,,,543606.BO,isin_authoritative,ISIN→symbol from official BSE list,match,,Containe Technologies Ltd.,Containe Technologies Ltd,match
INE0JOO01021,Varanium Cloud Ltd.,SME,CLOUD,,2022-09-16,2022-09-20,2022-09-27,122.0,36.6,Fixed Price,NSE SME,First Overseas,2022,Rikhav Securities Ltd.,chittorgarh,31.0,chittorgarh,6.0,chittorgarh,16.2,chittorgarh,,,131.0,chittorgarh,136.45,chittorgarh,124.45,chittorgarh,128.55,chittorgarh,Setting up 3 Nos. Containerized Edge Data Centres | Rollout of 3 Edmission flagship Digital Learning Centres | General Corporate Purpose,chittorgarh,37.0,chittorgarh,,5.83,5.09,5.46,,,,,4.1,,,,,,,,,,,,,,,,,,,,,,,,,,,,,,,,,,,,,,,,,,ipowatch,,ipowatch,,CLOUD.NS,,chittorgarh_symbol,Chittorgarh nse_symbol (ISIN not in NSE exchange list),unchecked,,Varanium Cloud Ltd.,,no_ref
INE0CDK01019,Maks Energy Solutions India Ltd.,SME,MAKS,,2022-09-16,2022-09-20,2022-09-28,20.0,4.0,Fixed Price,NSE SME,Sun Capital,2022,NNM Securities Pvt.Ltd.,chittorgarh,4.0,chittorgarh,0.0,chittorgarh,0.0,chittorgarh,,,20.0,chittorgarh,21.0,chittorgarh,20.0,chittorgarh,21.0,chittorgarh,"Repayment/ pre-payment, in full or part, of certain  borrowings availed by our Company | General Corporate Purpose",chittorgarh,4.0,chittorgarh,,,,,,,,,25.0,,,,,,,,,,,,,,,,,,,,,,,,,,,,,,,,,,,,,,,,,,,,investorgain,,MAKS.NS,,isin_authoritative,ISIN→symbol from official NSE list,match,,Maks Energy Solutions India Ltd.,Maks Energy Solutions India Limited,match
INE0MOT01016,Kandarp Digi Smart BPO Ltd.,SME,KANDARP,,2022-09-16,2022-09-20,2022-09-28,30.0,8.1,Fixed Price,NSE SME,Beeline Capital,2022,Sunflower Broking Pvt.Ltd.,chittorgarh,8.0,chittorgarh,0.0,chittorgarh,0.0,chittorgarh,,,30.0,chittorgarh,30.0,chittorgarh,28.5,chittorgarh,28.5,chittorgarh,To Meet Working Capital Requirement | General Corporate Expenses,chittorgarh,8.0,chittorgarh,,0.88,2.79,1.84,,,,,6.67,,,,,,,,,,,,,,,,,,,,,,,,,,,,,,,,,,,,,,,,,,ipowatch,,ipowatch,,KANDARP.NS,,isin_authoritative,ISIN→symbol from official NSE list,match,,Kandarp Digi Smart BPO Ltd.,Kandarp Digi Smart BPO Limited,match
INE0MGM01017,Annapurna Swadisht Ltd.,SME,ANNAPURNA,,2022-09-15,2022-09-19,2022-09-27,70.0,30.25,Bookbuilding,NSE SME,Corporate Capitalventures,2022,SS Corporate Securities Ltd.,chittorgarh,29.0,chittorgarh,1.0,chittorgarh,3.3,chittorgarh,8.61,chittorgarh,120.0,chittorgarh,126.0,chittorgarh,114.0,chittorgarh,126.0,chittorgarh,Funding the capital expenditure requirements | General Corporate Expenses,chittorgarh,30.0,chittorgarh,18.34,301.13,225.53,133.43,,,,,64.29,,,,,,,,,,,,,,,,,,,,,,,,,,,,,,,,,,,,,,,,,,ipowatch,,ipowatch,,ANNAPURNA.NS,,isin_authoritative,ISIN→symbol from official NSE list,match,,Annapurna Swadisht Ltd.,Annapurna Swadisht Limited,match
INE0M7001010,Tapi Fruit Processing Ltd.,SME,TAPIFRUIT,,2022-09-12,2022-09-14,2022-09-22,48.0,5.21,Fixed Price,NSE SME,Fedex Securities,2022,Pure Broking Pvt.Ltd.,chittorgarh,5.0,chittorgarh,0.0,chittorgarh,0.0,chittorgarh,,,52.1,chittorgarh,54.7,chittorgarh,49.6,chittorgarh,54.7,chittorgarh,Meeting incremental working capital requirements | Repayment / prepayment of certain borrowings availed by our Company | General corporate purposes,chittorgarh,5.0,chittorgarh,,1.93,3.32,2.01,,,,,4.17,,,,,,,,,,,,,,,,,,,,,,,,,,,,,,,,,,,,,,,,,,ipowatch,,ipowatch,,TAPIFRUIT.NS,,isin_authoritative,ISIN→symbol from official NSE list,match,,Tapi Fruit Processing Ltd.,Tapi Fruit Processing Limited,match
INE0LCW01025,Ishan International Ltd.,SME,ISHAN,,2022-09-09,2022-09-14,2022-09-22,80.0,18.24,Fixed Price,NSE SME,First Overseas,2022,NNM Securities Pvt.Ltd.,chittorgarh,17.0,chittorgarh,1.0,chittorgarh,5.6,chittorgarh,,,82.0,chittorgarh,86.1,chittorgarh,77.9,chittorgarh,82.8,chittorgarh,Funding the Proposed Joint Venture and/or Acquisition | To meet the Working Capital requirements | General Corporate Expenses | To meet the expenses of the Issue,chittorgarh,18.0,chittorgarh,,1.6,1.65,1.62,,,,,,,,,,,,,,,,,,,,,,,,,,,,,,,,,,,,,,,,,,,,,,,ipowatch,,,,ISHAN.NS,,isin_authoritative,ISIN→symbol from official NSE list,match,,Ishan International Ltd.,Ishan International Limited,match
INE0DZ101013,Sabar Flex India Ltd.,SME,SABAR,,2022-09-08,2022-09-13,2022-09-21,11.0,4.48,Fixed Price,NSE SME,GYR Capital,2022,Econo Broking Pvt.Ltd.,chittorgarh,4.0,chittorgarh,0.0,chittorgarh,0.0,chittorgarh,,,21.0,chittorgarh,22.05,chittorgarh,20.1,chittorgarh,22.05,chittorgarh,Funding the working capital requirements of the company | General Corporate Purposes,chittorgarh,4.0,chittorgarh,,116.46,54.47,85.47,,,,,36.36,,,,,,,,,,,,,,,,,,,,,,,,,,,,,,,,,,,,,,,,,,ipowatch,,ipowatch,,SABAR.NS,,isin_authoritative,ISIN→symbol from official NSE list,match,,Sabar Flex India Ltd.,Sabar Flex India Limited,match
INE0G1D01014,Mega Flex Plastics Ltd.,SME,MEGAFLEX,,2022-09-06,2022-09-09,2022-09-19,40.0,11.4,Fixed Price,NSE SME,Finshore Management,2022,Rainbow Securities Pvt.Ltd.,chittorgarh,11.0,chittorgarh,0.0,chittorgarh,0.0,chittorgarh,,,54.0,chittorgarh,56.7,chittorgarh,51.3,chittorgarh,56.7,chittorgarh,Working capital requirements | Issue related expenses | General corporate expenses,chittorgarh,11.0,chittorgarh,,52.86,39.75,46.31,,,,,30.0,,,,,,,,,,,,,,,,,,,,,,,,,,,,,,,,,,,,,,,,,,ipowatch,,ipowatch,,MEGAFLEX.NS,,isin_authoritative,ISIN→symbol from official NSE list,match,,Mega Flex Plastics Ltd.,Mega Flex Plastics Limited,match
INE0LU301014,Shantidoot Infra Services Ltd.,SME,,543598.0,2022-09-06,2022-09-09,2022-09-19,81.0,4.02,Fixed Price,BSE SME,Gretex Corporate,2022,Gretex Share Broking Pvt.Ltd.,chittorgarh,2.0,chittorgarh,2.0,chittorgarh,50.0,chittorgarh,,,105.0,chittorgarh,110.25,chittorgarh,105.0,chittorgarh,110.25,chittorgarh,Working Capital Requirements | General Corporate Purposes,chittorgarh,4.0,chittorgarh,,2.36,3.33,2.85,,,,,,,,,,,,,,,,,,,,,,,,,,,,,,,,,,,,,,,,,,,,,,,ipowatch,,,,,543598.BO,isin_authoritative,ISIN→symbol from official BSE list,match,,Shantidoot Infra Services Ltd.,Shantidoot Infra Services Ltd,match
INE0MEG01014,Viviana Power Tech Ltd.,SME,VIVIANA,,2022-09-05,2022-09-08,2022-09-16,55.0,8.8,Fixed Price,NSE SME,Beeline Capital,2022,Sunflower Broking Pvt.Ltd.,chittorgarh,8.0,chittorgarh,1.0,chittorgarh,11.1,chittorgarh,,,90.0,chittorgarh,94.5,chittorgarh,87.0,chittorgarh,94.5,chittorgarh,To Meet Working Capital Requirement | General Corporate Expenses,chittorgarh,9.0,chittorgarh,,97.47,72.92,85.2,,,,,45.45,,,,,,,,,,,,,,,,,,,,,,,,,,,,,,,,,,,,,,,,,,ipowatch,,ipowatch,,VIVIANA.NS,,isin_authoritative,ISIN→symbol from official NSE list,match,,Viviana Power Tech Ltd.,Viviana Power Tech Limited,match
INE0I0T01010,Virtuoso Optoelectronics Ltd.,SME,,543597.0,2022-09-02,2022-09-07,2022-09-15,56.0,30.24,Fixed Price,BSE SME,Fedex Securities,2022,Gretex Share Broking Pvt.Ltd.,chittorgarh,29.0,chittorgarh,1.0,chittorgarh,3.3,chittorgarh,,,117.0,chittorgarh,122.85,chittorgarh,111.15,chittorgarh,115.4,chittorgarh,Funding incremental working capital requirements of our Company | General corporate purposes,chittorgarh,30.0,chittorgarh,,112.87,80.79,96.83,,,,,80.36,,,,,,,,,,,,,,,,,,,,,,,,,,,,,,,,,,,,,,,,,,ipowatch,,ipowatch,,,543597.BO,isin_authoritative,ISIN→symbol from official BSE list,match,,Virtuoso Optoelectronics Ltd.,Virtuoso Optoelectronics Ltd,match
INE0D2I01014,EP Biocomposites Ltd.,SME,,543595.0,2022-08-29,2022-09-05,2022-09-13,126.0,6.35,Fixed Price,BSE SME,Aryaman Financial,2022,Aryaman Capital Markets Ltd.,chittorgarh,6.0,chittorgarh,0.0,chittorgarh,0.0,chittorgarh,,,160.25,chittorgarh,168.25,chittorgarh,160.25,chittorgarh,168.25,chittorgarh,Long term lease deposit for manufacturing facilities | Part Repayment of loan | Funding Working Capital Requirement | General Corporate Purpose,chittorgarh,6.0,chittorgarh,,21.58,15.44,18.51,,,,,19.84,,,,,,,,,,,,,,,,,,,,,,,,,,,,,,,,,,,,,,,,,,ipowatch,,ipowatch,,,543595.BO,isin_authoritative,ISIN→symbol from official BSE list,match,,EP Biocomposites Ltd.,EP Biocomposites Ltd,match
INE0J6801010,Jay Jalaram Technologies Ltd.,SME,KORE,,2022-08-26,2022-08-30,2022-09-08,36.0,10.8,Fixed Price,NSE SME,Beeline Capital,2022,Sunflower Broking Pvt.Ltd.,chittorgarh,10.0,chittorgarh,1.0,chittorgarh,9.1,chittorgarh,,,50.0,chittorgarh,52.5,chittorgarh,50.0,chittorgarh,52.5,chittorgarh,To Meet Working Capital Requirements | General Corporate Purpose | Public Issue Expenses,chittorgarh,11.0,chittorgarh,,,,,,,,,,,,,,,,,,,,,,,,,,,,,,,,,,,,,,,,,,,,,,,,,,,,,,,KORE.NS,,isin_authoritative,ISIN→symbol from official NSE list,match,,Jay Jalaram Technologies Ltd.,Jay Jalaram Technologies Limited,match
INE0LA901015,JFL Life Sciences Ltd.,SME,JFLLIFE,,2022-08-25,2022-08-30,2022-09-08,61.0,18.17,Fixed Price,NSE SME,GYR Capital,2022,Econo Broking Pvt.Ltd.,chittorgarh,17.0,chittorgarh,1.0,chittorgarh,5.6,chittorgarh,,,70.0,chittorgarh,70.0,chittorgarh,66.5,chittorgarh,66.5,chittorgarh,Repayment of secured and unsecured loans | Funding the working capital requirements of the company | General Corporate Purposes,chittorgarh,18.0,chittorgarh,,6.11,11.66,8.93,,,,,8.2,,,,,,,,,,,,,,,,,,,,,,,,,,,,,,,,,,,,,,,,,,ipowatch,,ipowatch,,JFLLIFE.NS,,isin_authoritative,ISIN→symbol from official NSE list,match,,JFL Life Sciences Ltd.,Jfl Life Sciences Limited,match
INE0KT901015,Ameya Precision Engineers Ltd.,SME,AMEYA,,2022-08-25,2022-08-30,2022-09-08,34.0,7.14,Fixed Price,NSE SME,Shreni Shares,2022,Shreni Shares Ltd.,chittorgarh,5.0,chittorgarh,2.0,chittorgarh,28.6,chittorgarh,,,68.4,chittorgarh,71.8,chittorgarh,65.0,chittorgarh,65.4,chittorgarh,To Meet the Capital Expenditure Requirements | Funding working capital requirements | General corporate purposes,chittorgarh,7.0,chittorgarh,,,,,,,,,,,,,,,,,,,,,,,,,,,,,,,,,,,,,,,,,,,,,,,,,,,,,,,AMEYA.NS,,isin_authoritative,ISIN→symbol from official NSE list,match,,Ameya Precision Engineers Ltd.,Ameya Precision Engineers Limited,match
INE0MC401013,Dipna Pharmachem Ltd.,SME,,543594.0,2022-08-25,2022-08-30,2022-09-08,38.0,15.21,Fixed Price,BSE SME,Interactive Financial,2022,Sernet Financial Services Pvt.Ltd.,chittorgarh,14.0,chittorgarh,1.0,chittorgarh,6.7,chittorgarh,,,32.0,chittorgarh,33.6,chittorgarh,30.4,chittorgarh,33.4,chittorgarh,Working capital requirement | General Corporate Purpose,chittorgarh,15.0,chittorgarh,,0.78,4.75,2.77,,,,,7.89,,,,,,,,,,,,,,,,,,,,,,,,,,,,,,,,,,,,,,,,,,ipowatch,,investorgain,,,543594.BO,isin_authoritative,ISIN→symbol from official BSE list,match,,Dipna Pharmachem Ltd.,Dipna Pharmachem Ltd,match
INE0KKN01029,Rhetan TMT Ltd.,SME,RHETAN,543590.0,2022-08-22,2022-08-25,2022-09-05,70.0,56.0,Fixed Price,BSE SME,Aryaman Financial,2022,Aryaman Capital Markets Ltd.,chittorgarh,53.0,chittorgarh,3.0,chittorgarh,5.4,chittorgarh,,,70.0,chittorgarh,72.0,chittorgarh,66.5,chittorgarh,66.5,chittorgarh,"Funding capital expenditure for expansion and modernization at 325, Karannagar, Kadi-Kalol Road, Taluka Kadi, Dist. Mehsana, Gujarat – 382715 | Funding Working capital requirements | General Corporate Purposes",chittorgarh,56.0,chittorgarh,,2.18,0.76,1.47,,,,,4.29,,,,,,,,,,,20.0,52.0,67.0,1.0,2.0,5.0,-1.0,0.0,2.0,-0.39,0.03,0.05,1.0,8.0,23.0,24.0,25.0,26.0,30.0,40.0,59.0,-12.0,-7.0,-14.0,2.99,8.7,1.13,67.0,2.0,Mar 2022,3.0,ipowatch,screener,ipowatch,,RHETAN.NS,543590.BO,isin_authoritative,ISIN→symbol from official NSE list,match,,Rhetan TMT Ltd.,Rhetan TMT Limited,match
INE0JNB01012,Naturo Indiabull Ltd.,SME,,543579.0,2022-08-22,2022-08-24,2022-09-02,30.0,10.92,Fixed Price,BSE SME,Finshore Management,2022,Nikunj Stock Brokers Ltd.,chittorgarh,10.0,chittorgarh,1.0,chittorgarh,9.1,chittorgarh,,,25.0,chittorgarh,26.25,chittorgarh,25.0,chittorgarh,26.25,chittorgarh,To meet Working Capital Requirement | General Corporate Expenses,chittorgarh,11.0,chittorgarh,,8.44,32.08,20.26,,,,,16.67,,,,,,,,,,,,,,,,,,,,,,,,,,,,,,,,,,,,,,,,,,ipowatch,,ipowatch,,,543579.BO,bse_only,BSE code only,unchecked,,Naturo Indiabull Ltd.,,no_ref
INE0M3901015,Olatech Solutions Ltd.,SME,,543578.0,2022-08-12,2022-08-19,2022-08-29,27.0,1.89,Fixed Price,BSE SME,Shreni Shares,2022,Shreni Shares Ltd.,chittorgarh,2.0,chittorgarh,0.0,chittorgarh,0.0,chittorgarh,,,51.3,chittorgarh,53.85,chittorgarh,51.3,chittorgarh,53.85,chittorgarh,Funding working capital requirements | General Corporate Purpose,chittorgarh,2.0,chittorgarh,,517.71,679.94,598.82,,,,,29.63,,,,,,,,,,,,,,,,,,,,,,,,,,,,,,,,,,,,,,,,,,ipowatch,,ipowatch,,,543578.BO,isin_authoritative,ISIN→symbol from official BSE list,match,,Olatech Solutions Ltd.,Olatech Solutions Ltd,match
INE0KTW01013,Veekayem Fashion & Apparels Ltd.,SME,VEEKAYEM,,2022-08-05,2022-08-11,2022-08-22,28.0,4.44,Fixed Price,NSE SME,GYR Capital,2022,Econo Broking Pvt.Ltd.,chittorgarh,4.0,chittorgarh,0.0,chittorgarh,0.0,chittorgarh,,,49.9,chittorgarh,52.35,chittorgarh,47.45,chittorgarh,50.0,chittorgarh,Funding the working capital requirements of the company | General Corporate Purposes,chittorgarh,4.0,chittorgarh,,,247.09,301.47,,,,,28.57,,,,,,,,,,,,,,,,,,,,,,,,,,,,,,,,,,,,,,,,,,ipowatch,,ipowatch,,VEEKAYEM.NS,,isin_authoritative,ISIN→symbol from official NSE list,match,,Veekayem Fashion & Apparels Ltd.,Veekayem Fashion and Apparels Limited,match
INE0CBM01019,Upsurge Seeds of Agriculture Ltd.,SME,USASEEDS,,2022-07-29,2022-08-02,2022-08-11,120.0,22.81,Fixed Price,NSE SME,Finshore Management,2022,Nikunj Stock Brokers Ltd.,chittorgarh,22.0,chittorgarh,1.0,chittorgarh,4.3,chittorgarh,,,140.0,chittorgarh,147.0,chittorgarh,135.0,chittorgarh,147.0,chittorgarh,Working capital requirements | General corporate purposes | Issue related expenses,chittorgarh,23.0,chittorgarh,,101.7,59.29,80.5,,,,,,,,,,,,,,,,,,,,,,,,,,,,,,,,,,,,,,,,,,,,,,,ipowatch,,,,USASEEDS.NS,,isin_authoritative,ISIN→symbol from official NSE list,match,,Upsurge Seeds of Agriculture Ltd.,Upsurge Seeds Of Agriculture Limited,match
INE0LF301013,Agni Green Power Ltd.,SME,AGNI,,2022-07-20,2022-07-22,2022-08-01,10.0,5.25,Fixed Price,NSE SME,Finshore Management,2022,Nikunj Stock Brokers Ltd.,chittorgarh,5.0,chittorgarh,0.0,chittorgarh,0.0,chittorgarh,,,25.0,chittorgarh,26.25,chittorgarh,23.75,chittorgarh,26.25,chittorgarh,Working capital requirements | General Corporate Purpose | Issue related expenses,chittorgarh,5.0,chittorgarh,,107.4,39.92,73.66,,,,,,,,,,,,,,,,,,,,,,,,,,,,,,,,,,,,,,,,,,,,,,,ipowatch,,,,AGNI.NS,,isin_authoritative,ISIN→symbol from official NSE list,match,,Agni Green Power Ltd.,Agni Green Power Limited,match
INE0L3501015,Healthy Life Agritec Ltd.,SME,,543546.0,2022-07-13,2022-07-18,2022-07-26,10.0,10.0,Fixed Price,BSE SME,Finshore Management,2022,Nikunj Stock Brokers Ltd.,chittorgarh,10.0,chittorgarh,0.0,chittorgarh,0.0,chittorgarh,,,8.9,chittorgarh,9.34,chittorgarh,8.5,chittorgarh,9.34,chittorgarh,To meet the working capital requirements | General corporate purposes | Issue related expenses,chittorgarh,10.0,chittorgarh,,5.22,11.19,8.21,,,,,,,,,,,,,,,,,,,,,,,,,,,,,,,,,,,,,,,,,,,,,,,ipowatch,,,,,543546.BO,isin_authoritative,ISIN→symbol from official BSE list,match,,Healthy Life Agritec Ltd.,Healthy Life Agritec Ltd,match
INE0KZA01016,SKP Bearing Industries Ltd.,SME,SKP,,2022-06-30,2022-07-05,2022-07-13,70.0,30.8,Fixed Price,NSE SME,Shreni Shares,2022,Shreni Shares Ltd.,chittorgarh,10.0,chittorgarh,20.0,chittorgarh,64.5,chittorgarh,,,73.0,chittorgarh,74.5,chittorgarh,70.5,chittorgarh,72.45,chittorgarh,Funding working capital requirements | General Corporate Purposes,chittorgarh,31.0,chittorgarh,,,,,,,,,7.14,,,,,,,,,,,,,,,,,,,,,,,,,,,,,,,,,,,,,,,,,,,,investorgain,,SKP.NS,,isin_authoritative,ISIN→symbol from official NSE list,match,,SKP Bearing Industries Ltd.,SKP Bearing Industries Limited,match
INE0KR801019,Jayant Infratech Ltd.,SME,,543544.0,2022-06-30,2022-07-05,2022-07-13,67.0,6.19,Fixed Price,BSE SME,Gretex Corporate,2022,Gretex Share Broking Pvt.Ltd.,chittorgarh,6.0,chittorgarh,0.0,chittorgarh,0.0,chittorgarh,,,76.0,chittorgarh,79.8,chittorgarh,76.0,chittorgarh,79.8,chittorgarh,Payment of Security Deposit for renting of Office Space | Working Capital Requirements | General Corporate Purposes,chittorgarh,6.0,chittorgarh,,4.23,3.76,4.0,,,,,,,,,,,,,,,,,,,,,,,,,,,,,,,,,,,,,,,,,,,,,,,ipowatch,,,,,543544.BO,isin_authoritative,ISIN→symbol from official BSE list,match,,Jayant Infratech Ltd.,Jayant Infratech Ltd,match
INE0IZQ01016,B-Right Realestate Ltd.,SME,,543543.0,2022-06-30,2022-07-05,2022-07-13,153.0,44.36,Fixed Price,BSE SME,Gretex Corporate,2022,,,42.0,chittorgarh,2.0,chittorgarh,4.5,chittorgarh,,,155.0,chittorgarh,162.75,chittorgarh,147.25,chittorgarh,154.0,chittorgarh,Working Capital Requirements | General Corporate Purposes,chittorgarh,44.0,chittorgarh,,1.82,0.6,1.01,,,,,,,,,,,,,,,,,,,,,,,,,,,,,,,,,,,,,,,,,,,,,,,ipowatch,,,,,543543.BO,isin_authoritative,ISIN→symbol from official BSE list,match,,B-Right Realestate Ltd.,B-Right Realestate Ltd,match
INE0JYY01011,Mangalam Worldwide Ltd.,SME,MWL,,2022-06-30,2022-07-04,2022-07-11,101.0,65.58,Fixed Price,NSE SME,Beeline Broking,2022,Sunflower Broking Pvt.Ltd.,chittorgarh,62.0,chittorgarh,4.0,chittorgarh,6.1,chittorgarh,,,102.0,chittorgarh,104.95,chittorgarh,96.9,chittorgarh,102.55,chittorgarh,To Meet Working Capital Requirement | General Corporate Purpose,chittorgarh,66.0,chittorgarh,,2.2,0.46,1.33,,,,,,,,,,,,,,,,,302.0,522.0,,6.0,12.0,,3.0,12.0,,833.33,6.88,,13.2,45.0,,17.0,47.0,,47.0,123.0,,6.0,2.0,2.3,26.67,1.04,522.0,12.0,Mar 2022,2.0,ipowatch,screener,,,MWL.NS,,isin_authoritative,ISIN→symbol from official NSE list,match,,Mangalam Worldwide Ltd.,Mangalam Worldwide Limited,match
INE0L1C01019,Kesar India Ltd.,SME,,543542.0,2022-06-30,2022-07-04,2022-07-12,170.0,15.82,Fixed Price,BSE SME,Hem Securities,2022,Hem Finlease Pvt.Ltd.,chittorgarh,15.0,chittorgarh,1.0,chittorgarh,6.2,chittorgarh,,,172.5,chittorgarh,178.0,chittorgarh,172.0,chittorgarh,174.0,chittorgarh,To finance development Expenses of the Projects & upcoming Projects | Acquisition of land or land development right | General corporate purposes,chittorgarh,16.0,chittorgarh,,2.62,0.91,1.77,,,,,,,,,,,,,,,,,,,,,,,,,,,,,,,,,,,,,,,,,,,,,,,ipowatch,,,,,543542.BO,isin_authoritative,ISIN→symbol from official BSE list,match,,Kesar India Ltd.,Kesar India Ltd,match
INE0ID001024,Veerkrupa Jewellers Ltd.,SME,,543545.0,2022-06-29,2022-07-08,2022-07-18,27.0,8.1,Fixed Price,BSE SME,First Overseas,2022,Beeline Broking Ltd.,chittorgarh,8.0,chittorgarh,0.0,chittorgarh,0.0,chittorgarh,,,27.0,chittorgarh,27.0,chittorgarh,25.65,chittorgarh,25.65,chittorgarh,To meet the Working Capital requirements | General Corporate Purpose | To meet the expenses of the Issue,chittorgarh,8.0,chittorgarh,,1.04,2.67,1.85,,,,,3.7,,,,,,,,,,,,,,,,,,,,,,,,,,,,,,,,,,,,,,,,,,ipowatch,,investorgain,,,543545.BO,isin_authoritative,ISIN→symbol from official BSE list,match,,Veerkrupa Jewellers Ltd.,Veerkrupa Jewellers Ltd,match
INE0J1E01027,KCK Industries Ltd.,SME,KCK,,2022-06-27,2022-06-30,2022-07-08,30.0,4.5,Fixed Price,NSE SME,Navigant Corporate,2022,Nikunj Stock Brokers Ltd.,chittorgarh,4.0,chittorgarh,1.0,chittorgarh,20.0,chittorgarh,,,25.0,chittorgarh,26.25,chittorgarh,23.75,chittorgarh,26.25,chittorgarh,To part finance the requirement of Working Capital | To meet General corporate purposes | To meet the expenses of the Issue,chittorgarh,5.0,chittorgarh,,3.02,8.79,5.91,,,,,,,,,,,,,,,,,,,,,,,,,,,,,,,,,,,,,,,,,,,,,,,ipowatch,,,,KCK.NS,,isin_authoritative,ISIN→symbol from official NSE list,match,,KCK Industries Ltd.,Kck Industries Limited,match
INE0KHQ01010,Sailani Tours N Travels Ltd.,SME,,543541.0,2022-06-27,2022-06-30,2022-07-08,15.0,1.9,Fixed Price,BSE SME,Gretex Corporate,2022,Gretex Share Broking Pvt.Ltd.,chittorgarh,2.0,chittorgarh,0.0,chittorgarh,0.0,chittorgarh,,,15.5,chittorgarh,16.27,chittorgarh,15.5,chittorgarh,16.27,chittorgarh,Funding of Working Capital Requirements of the company | General Corporate Purpose,chittorgarh,2.0,chittorgarh,,1.87,4.61,3.24,,,,,,,,,,,,,,,,,,,,,,,,,,,,,,,,,,,,,,,,,,,,,,,ipowatch,,,,,543541.BO,isin_authoritative,ISIN→symbol from official BSE list,match,,Sailani Tours N Travels Ltd.,Sailani Tours N Travels Ltd,match
INE0GTX01019,Pearl Green Clubs & Resorts Ltd.,SME,,543540.0,2022-06-27,2022-06-29,2022-07-07,186.0,11.72,Fixed Price,BSE SME,Novus Capital,2022,Nikunj Stock Brokers Ltd.,chittorgarh,11.0,chittorgarh,1.0,chittorgarh,8.3,chittorgarh,,,189.05,chittorgarh,198.5,chittorgarh,189.05,chittorgarh,198.5,chittorgarh,To Meet the Capital Expenditure Requirements | General corporate purposes,chittorgarh,12.0,chittorgarh,,1.78,1.35,1.56,,,,,,,,,,,,,,,,,,,,,,,,,,,,,,,,,,,,,,,,,,,,,,,ipowatch,,,,,543540.BO,isin_authoritative,ISIN→symbol from official BSE list,match,,Pearl Green Clubs & Resorts Ltd.,Pearl Green Clubs and Resorts Ltd,match
INE0L0L01012,Modi's Navnirman Ltd.,SME,MODIS,543539.0,2022-06-23,2022-06-28,2022-07-06,180.0,22.68,Fixed Price,BSE SME,Aryaman Financial,2022,Aryaman Capital Markets Ltd.,chittorgarh,21.0,chittorgarh,2.0,chittorgarh,8.7,chittorgarh,,,189.0,chittorgarh,194.0,chittorgarh,184.0,chittorgarh,188.95,chittorgarh,Investment in subsidiary company – SMNPL for Repayment of its outstanding unsecured loans | General Corporate Purpose,chittorgarh,23.0,chittorgarh,,2.76,1.22,1.99,,,,,,,,,,,,,,,,,13.0,9.0,,1.0,1.0,,0.0,1.0,,,0.71,,3.0,4.0,,1.0,20.0,,7.0,31.0,,-0.0,-16.0,11.11,25.0,5.0,9.0,1.0,Mar 2022,2.0,ipowatch,screener,,,MODIS.NS,543539.BO,isin_authoritative,ISIN→symbol from official NSE list,match,,Modi's Navnirman Ltd.,Modis Navnirman Limited,match
INE0K6L01010,Goel Food Products Ltd.,SME,,543538.0,2022-06-15,2022-06-20,2022-06-28,72.0,7.21,Fixed Price,BSE SME,Gretex Corporate,2022,Gretex Share Broking Pvt.Ltd.,chittorgarh,3.0,chittorgarh,4.0,chittorgarh,57.1,chittorgarh,,,75.0,chittorgarh,78.75,chittorgarh,75.0,chittorgarh,78.75,chittorgarh,Funding of Working Capital Requirements of the company | General Corporate Purpose,chittorgarh,7.0,chittorgarh,,1.21,2.07,1.64,,,,,,,,,,,,,,,,,,,,,,,,,,,,,,,,,,,,,,,,,,,,,,,ipowatch,,,,,543538.BO,isin_authoritative,ISIN→symbol from official BSE list,match,,Goel Food Products Ltd.,Goel Food Products Ltd,match
INE0IXR01019,Scarnose International Ltd.,SME,,543537.0,2022-06-14,2022-06-17,2022-06-27,55.0,6.6,Fixed Price,BSE SME,Finshore Management,2022,Econo Broking Pvt.Ltd.,chittorgarh,6.0,chittorgarh,1.0,chittorgarh,14.3,chittorgarh,,,55.5,chittorgarh,56.65,chittorgarh,55.5,chittorgarh,56.05,chittorgarh,To meet the working capital requirements | To make the repayment of Unsecured Loan | General corporate purposes | Issue related expenses,chittorgarh,7.0,chittorgarh,,2.09,2.34,2.22,,,,,,,,,,,,,,,,,,,,,,,,,,,,,,,,,,,,,,,,,,,,,,,ipowatch,,,,,543537.BO,isin_authoritative,ISIN→symbol from official BSE list,match,,Scarnose International Ltd.,Scarnose International Ltd,match
INE0KXN01014,Silver Pearl Hospitality & Luxury Spaces Ltd.,SME,,543536.0,2022-06-06,2022-06-09,2022-06-17,18.0,9.0,Fixed Price,BSE SME,Inventure Merchant Banker,2022,Svcm Securities Pvt.Ltd.,chittorgarh,9.0,chittorgarh,0.0,chittorgarh,0.0,chittorgarh,,,16.0,chittorgarh,16.0,chittorgarh,15.2,chittorgarh,15.2,chittorgarh,Purchase of Hotel Property in Goa | General Corporate Purpose,chittorgarh,9.0,chittorgarh,,,,,,,,,,,,,,,,,,,,,,,,,,,,,,,,,,,,,,,,,,,,,,,,,,,,,,,,543536.BO,isin_authoritative,ISIN→symbol from official BSE list,match,,Silver Pearl Hospitality & Luxury Spaces Ltd.,Silver Pearl Hospitality & Luxury Spaces Ltd,match
INE0LQQ01019,Fidel Softech Ltd.,SME,FIDEL,,2022-05-30,2022-06-02,2022-06-10,37.0,13.5,Fixed Price,NSE SME,Shreni Shares,2022,Shreni Shares Ltd.,chittorgarh,13.0,chittorgarh,0.0,chittorgarh,0.0,chittorgarh,,,59.1,chittorgarh,62.05,chittorgarh,59.1,chittorgarh,62.05,chittorgarh,Funding working capital requirements | General corporate purposes,chittorgarh,13.0,chittorgarh,,138.34,67.44,102.89,,,,,32.43,,,,,,,,,,,,,,,,,,,,,,,,,,,,,,,,,,,,,,,,,,ipowatch,,ipowatch,,FIDEL.NS,,isin_authoritative,ISIN→symbol from official NSE list,match,,Fidel Softech Ltd.,Fidel Softech Limited,match
INE00WS01056,Globesecure Technologies Ltd.,SME,GSTL,,2022-05-23,2022-05-25,2022-06-02,29.0,10.13,Fixed Price,NSE SME,Novus Capital,2022,Nirman Share Brokers Pvt.Ltd.,chittorgarh,10.0,chittorgarh,0.0,chittorgarh,0.0,chittorgarh,,,36.5,chittorgarh,38.3,chittorgarh,34.7,chittorgarh,37.1,chittorgarh,Working Capital Requirements | General Corporate Purposes | Issue Expenses,chittorgarh,10.0,chittorgarh,,23.7,4.64,14.17,,,,,10.34,,,,,,,,,,,,,,,,,,,,,,,,,,,,,,,,,,,,,,,,,,ipowatch,,ipowatch,,GSTL.NS,,isin_authoritative,ISIN→symbol from official NSE list,match,,Globesecure Technologies Ltd.,Globesecure Technologies Limited,match
INE02OY01016,Rachana Infrastructure Ltd.,SME,RILINFRA,,2022-05-20,2022-06-02,2022-06-10,135.0,76.28,Fixed Price,NSE SME,Interactive Financial,2022,NNM Securities Pvt.Ltd.,chittorgarh,34.0,chittorgarh,38.0,chittorgarh,50.0,chittorgarh,,,138.0,chittorgarh,140.0,chittorgarh,138.0,chittorgarh,138.55,chittorgarh,Repayment of secured Loans | Working capital requirement | General corporate purposes,chittorgarh,76.0,chittorgarh,,1.82,0.6,1.21,,,,,,,,,,,,,,,,,,,,,,,,,,,,,,,,,,,,,,,,,,,,,,,ipowatch,,,,RILINFRA.NS,,isin_authoritative,ISIN→symbol from official NSE list,match,,Rachana Infrastructure Ltd.,Rachana Infrastructure Limited,match
INE0JZA01018,Sonu Infratech Ltd.,SME,SONUINFRA,,2022-04-29,2022-05-05,2022-05-13,36.0,8.64,Fixed Price,NSE SME,Swastika Investmart,2022,Sunflower Broking Pvt.Ltd.,chittorgarh,8.0,chittorgarh,1.0,chittorgarh,11.1,chittorgarh,,,36.0,chittorgarh,37.8,chittorgarh,36.0,chittorgarh,37.6,chittorgarh,Working Capital Requirement | General Corporate Purpose | Total,chittorgarh,9.0,chittorgarh,,,,,,,,,,,,,,,,,,,,,,,,,,,,,,,,,,,,,,,,,,,,,,,,,,,,,,,SONUINFRA.NS,,isin_authoritative,ISIN→symbol from official NSE list,match,,Sonu Infratech Ltd.,Sonu Infratech Limited,match
INE0G1L01017,Le Merite Exports Ltd.,SME,LEMERITE,,2022-04-25,2022-04-28,2022-05-09,75.0,48.0,Fixed Price,NSE SME,Fedex Securities,2022,Rikhav Securities Ltd.,chittorgarh,45.0,chittorgarh,3.0,chittorgarh,6.2,chittorgarh,,,75.0,chittorgarh,78.75,chittorgarh,71.25,chittorgarh,78.75,chittorgarh,Meeting incremental working capital requirements | General corporate purposes,chittorgarh,48.0,chittorgarh,,,,,,,,,12.0,,,,,,,,,,,,268.0,525.0,,10.0,31.0,,7.0,21.0,,8.19,2.47,,25.0,45.0,,54.0,100.0,,92.0,177.0,,-22.0,-44.0,4.0,46.67,2.22,525.0,21.0,Mar 2022,2.0,,screener,investorgain,,LEMERITE.NS,,chittorgarh_symbol,Chittorgarh nse_symbol (ISIN not in NSE exchange list),unchecked,,Le Merite Exports Ltd.,,no_ref
INE0L3H01014,Fone4 Communications (India) Ltd.,SME,,543521.0,2022-04-25,2022-04-27,2022-05-06,10.0,6.8,Fixed Price,BSE SME,Finshore Management,2022,Nikunj Stock Brokers Ltd.,chittorgarh,6.0,chittorgarh,1.0,chittorgarh,14.3,chittorgarh,,,10.0,chittorgarh,10.0,chittorgarh,9.5,chittorgarh,9.5,chittorgarh,To Meet working capital requirement | Public issue expenses | General corporate purpose,chittorgarh,7.0,chittorgarh,,,,,,,,,20.0,,,,,,,,,,,,,,,,,,,,,,,,,,,,,,,,,,,,,,,,,,,,investorgain,,,543521.BO,isin_authoritative,ISIN→symbol from official BSE list,match,,Fone4 Communications (India) Ltd.,Fone4 Communications (India) Ltd,match
INE0E5R01017,Nanavati Ventures Ltd.,SME,,543522.0,2022-04-25,2022-04-27,2022-05-06,50.0,2.19,Fixed Price,BSE SME,First Overseas,2022,Nikunj Stock Brokers Ltd.,chittorgarh,2.0,chittorgarh,0.0,chittorgarh,0.0,chittorgarh,,,50.0,chittorgarh,51.8,chittorgarh,48.3,chittorgarh,50.3,chittorgarh,To meet Working Capital requirements | General Corporate Purpose,chittorgarh,2.0,chittorgarh,,,,,,,,,,,,,,,,,,,,,,,,,,,,,,,,,,,,,,,,,,,,,,,,,,,,,,,,543522.BO,isin_authoritative,ISIN→symbol from official BSE list,match,,Nanavati Ventures Ltd.,Nanavati Ventures Ltd,match
INE0J2K01014,Global Longlife Hospital & Research Ltd.,SME,,543520.0,2022-04-21,2022-04-25,2022-05-04,140.0,49.0,Fixed Price,BSE SME,Interactive Financial,2022,Rikhav Securities Ltd.,chittorgarh,47.0,chittorgarh,2.0,chittorgarh,4.1,chittorgarh,,,141.1,chittorgarh,141.1,chittorgarh,134.05,chittorgarh,135.35,chittorgarh,Acquire Land on Leasehold Basis | Repayment of Loan | General corporate purposes,chittorgarh,49.0,chittorgarh,,,,,,,,,0.71,,,,,,,,,,,,,,,,,,,,,,,,,,,,,,,,,,,,,,,,,,,,investorgain,,,543520.BO,isin_authoritative,ISIN→symbol from official BSE list,match,,Global Longlife Hospital & Research Ltd.,Global Longlife Hospital and Research Ltd,match
INE0JMN01019,Shashwat Furnishing Solutions Ltd.,SME,,543519.0,2022-04-20,2022-04-25,2022-05-04,45.0,2.51,Fixed Price,BSE SME,Beeline Broking,2022,Sunflower Broking Pvt.Ltd.,chittorgarh,2.0,chittorgarh,1.0,chittorgarh,33.3,chittorgarh,,,45.0,chittorgarh,47.0,chittorgarh,45.0,chittorgarh,45.3,chittorgarh,Working Capital Requirement | General Corporate Expenses,chittorgarh,3.0,chittorgarh,,,,,,,,,,,,,,,,,,,,,,,,,,,,,,,,,,,,,,,,,,,,,,,,,,,,,,,,543519.BO,isin_authoritative,ISIN→symbol from official BSE list,match,,Shashwat Furnishing Solutions Ltd.,Shashwat Furnishing Solutions Ltd,match
INE0KSN01014,Eighty Jewellers Ltd.,SME,,543518.0,2022-03-31,2022-04-05,2022-04-13,41.0,11.07,Fixed Price,BSE SME,Hem Securities,2022,Hem Finlease Pvt.Ltd.,chittorgarh,11.0,chittorgarh,0.0,chittorgarh,0.0,chittorgarh,,,42.0,chittorgarh,44.1,chittorgarh,42.0,chittorgarh,44.1,chittorgarh,To meet Working Capital requirements | General Corporate Purpose,chittorgarh,11.0,chittorgarh,,,,,,,,,,,,,,,,,,,,,,,,,,,,,,,,,,,,,,,,,,,,,,,,,,,,,,,,543518.BO,isin_authoritative,ISIN→symbol from official BSE list,match,,Eighty Jewellers Ltd.,Eighty Jewellers Ltd,match
INE0J5801029,Jeena Sikho Lifecare Ltd.,SME,JSLL,544476.0,2022-03-30,2022-04-07,2022-04-19,150.0,55.5,Fixed Price,NSE SME,Novus Capital,2022,Prabhat Financial Services Ltd.,chittorgarh,53.0,chittorgarh,3.0,chittorgarh,5.4,chittorgarh,,,165.1,chittorgarh,173.35,chittorgarh,162.25,chittorgarh,173.35,chittorgarh,Marketing & Sales Promotion of brand “Shuddhi | Repayment of short-term borrowing | Working capital requirement | General Corporate Purposes | Issue Expenses,chittorgarh,56.0,chittorgarh,,,,,,,,,30.0,,,,,,,,,,,,,147.0,,,18.0,,,11.0,,,1.23,,,,,,,,,,,,16.0,7.48,,,147.0,11.0,Mar 2022,1.0,,screener,investorgain,,JSLL.NS,544476.BO,isin_authoritative,ISIN→symbol from official NSE list,match,,Jeena Sikho Lifecare Ltd.,Jeena Sikho Lifecare Limited,match
INE0KPY01017,Sunrise Efficient Marketing Ltd.,SME,,543515.0,2022-03-30,2022-04-05,2022-04-12,121.0,16.7,Fixed Price,BSE SME,Fedex Securities,2022,Rikhav Securities Ltd.,chittorgarh,16.0,chittorgarh,1.0,chittorgarh,5.9,chittorgarh,,,121.25,chittorgarh,124.85,chittorgarh,121.25,chittorgarh,124.8,chittorgarh,Meeting incremental working capital requirements | General corporate purposes,chittorgarh,17.0,chittorgarh,,,,,,,,,,,,,,,,,,,,,,,,,,,,,,,,,,,,,,,,,,,,,,,,,,,,,,,,543515.BO,isin_authoritative,ISIN→symbol from official BSE list,match,,Sunrise Efficient Marketing Ltd.,Sunrise Efficient Marketing Ltd,match
INE0K5F01014,Dhyaani Tile & Marblez Ltd.,SME,,543516.0,2022-03-30,2022-04-04,2022-04-12,51.0,2.45,Fixed Price,BSE SME,GYR Capital,2022,Giriraj Stock Broking Pvt.Ltd.,chittorgarh,2.0,chittorgarh,0.0,chittorgarh,0.0,chittorgarh,,,52.25,chittorgarh,54.85,chittorgarh,51.45,chittorgarh,54.8,chittorgarh,Funding the working capital requirements of the company | General Corporate Purposes,chittorgarh,2.0,chittorgarh,,,,,,,,,,,,,,,,,,,,,,,,,,,,,,,,,,,,,,,,,,,,,,,,,,,,,,,,543516.BO,isin_authoritative,ISIN→symbol from official BSE list,match,,Dhyaani Tile & Marblez Ltd.,Dhyaani Tradeventtures Ltd,match
INE0J5601015,Krishna Defence & Allied Industries Ltd.,SME,KRISHNADEF,,2022-03-25,2022-03-29,2022-04-06,39.0,11.89,Bookbuilding,NSE SME,Hem Securities,2022,Hem Finlease Pvt.Ltd.,chittorgarh,11.0,chittorgarh,1.0,chittorgarh,8.3,chittorgarh,3.37,chittorgarh,75.0,chittorgarh,78.75,chittorgarh,72.0,chittorgarh,78.75,chittorgarh,To meet Working Capital requirements | General Corporate Purpose,chittorgarh,12.0,chittorgarh,,,,,,,,,,,,,,,,,,,,,,,,,,,,,,,,,,,,,,,,,,,,,,,,,,,,,,,KRISHNADEF.NS,,isin_authoritative,ISIN→symbol from official NSE list,match,,Krishna Defence & Allied Industries Ltd.,Krishna Defence And Allied Industries Limited,match
INE0KN801013,P.E.Analytics Ltd.,SME,PROPEQUITY,,2022-03-22,2022-03-25,2022-04-04,114.0,31.6,Bookbuilding,NSE SME,Sarthi Capital Advisors,2022,Choice Equity Broking Pvt.Ltd.,chittorgarh,15.0,chittorgarh,15.0,chittorgarh,46.9,chittorgarh,8.99,chittorgarh,170.0,chittorgarh,178.5,chittorgarh,161.5,chittorgarh,168.5,chittorgarh,Expenditure for Technological upgradation | Retail Initiative (B2C Expansion plan) | General Corporate purposes | Issue Expenses,chittorgarh,32.0,chittorgarh,,,,,,,,,,,,,,,,,,,,,,,,,,,,,,,,,,,,,,,,,,,,,,,,,,,,,,,PROPEQUITY.NS,,isin_authoritative,ISIN→symbol from official NSE list,match,,P.E.Analytics Ltd.,P. E. Analytics Limited,match
INE0GGO01015,Krishival Foods Ltd.,SME,KRISHIVAL,544416.0,2022-03-21,2022-03-23,2022-03-31,37.0,19.41,Fixed Price,NSE SME,Systematix Corporate,2022,Systematix Shares & Stocks (India) Ltd.,chittorgarh,18.0,chittorgarh,1.0,chittorgarh,5.3,chittorgarh,,,42.0,chittorgarh,44.1,chittorgarh,40.7,chittorgarh,44.1,chittorgarh,Funding the working capital requirements of the Company | General corporate purposes,chittorgarh,19.0,chittorgarh,,,,,,,,,,,,,,,,,,,,50.0,44.0,28.0,3.0,4.0,3.0,1.0,1.0,1.0,0.39,0.57,0.4,18.0,20.0,20.0,9.0,11.0,13.0,33.0,32.0,36.0,-0.0,3.0,4.0,3.57,5.0,0.65,28.0,1.0,Mar 2021,3.0,,screener,,,KRISHIVAL.NS,544416.BO,isin_authoritative,human-verified rename / confirmed ISIN↔symbol,renamed_confirmed,,Empyrean Cashews Ltd.,Krishival Foods Limited,renamed_confirmed
INE0JVD01011,Evoq Remedies Ltd.,SME,,543500.0,2022-03-17,2022-03-22,2022-03-30,27.0,9.72,Fixed Price,BSE SME,Swastika Investmart,2022,Sunflower Broking Pvt.Ltd.,chittorgarh,9.0,chittorgarh,1.0,chittorgarh,10.0,chittorgarh,,,25.0,chittorgarh,25.0,chittorgarh,23.75,chittorgarh,23.75,chittorgarh,To Meet Incremental Working Capital Requirements | General Corporate Purpose,chittorgarh,10.0,chittorgarh,,,,,,,,,,,,,,,,,,,,,,,,,,,,,,,,,,,,,,,,,,,,,,,,,,,,,,,,543500.BO,isin_authoritative,ISIN→symbol from official BSE list,match,,Evoq Remedies Ltd.,Evoq Remedies Ltd,match
INE0K1401020,Achyut Healthcare Ltd.,SME,,543499.0,2022-03-17,2022-03-22,2022-03-30,20.0,3.6,Fixed Price,BSE SME,GYR Capital,2022,Giriraj Stock Broking Pvt.Ltd.,chittorgarh,3.0,chittorgarh,1.0,chittorgarh,25.0,chittorgarh,,,20.15,chittorgarh,21.15,chittorgarh,20.0,chittorgarh,21.15,chittorgarh,Funding purchase of machineries and equipment | General Corporate Purpose,chittorgarh,4.0,chittorgarh,,,,,,,,,,,,,,,,,,,,0.67,0.33,0.27,0.01,0.01,0.01,-0.01,0.01,0.01,-0.02,0.02,0.02,0.2,0.21,0.25,0.0,0.0,0.0,0.24,0.27,0.5,-0.03,-0.02,0.01,3.7,4.0,0.0,0.27,0.01,Mar 2021,3.0,,screener,,,,543499.BO,isin_authoritative,ISIN→symbol from official BSE list,match,,Achyut Healthcare Ltd.,Achyut Healthcare Ltd,match
INE0KNW01016,KN Agri Resources Ltd.,SME,KNAGRI,,2022-03-15,2022-03-17,2022-03-28,75.0,49.38,Bookbuilding,NSE SME,Hem Securities,2022,Hem Finlease Pvt.Ltd.,chittorgarh,47.0,chittorgarh,2.0,chittorgarh,4.1,chittorgarh,14.05,chittorgarh,153.65,chittorgarh,154.0,chittorgarh,146.0,chittorgarh,146.0,chittorgarh,To Meet Working Capital Requirement | General Corporate Purpose,chittorgarh,49.0,chittorgarh,,,,,,,,,,,,,,,,,,,,1285.0,850.0,1284.0,35.0,25.0,42.0,21.0,13.0,26.0,17258.06,10653.23,14.03,,,,,,,,,,55.0,37.0,14.0,2.02,,,1284.0,26.0,Mar 2021,3.0,,screener,,,KNAGRI.NS,,isin_authoritative,ISIN→symbol from official NSE list,match,,KN Agri Resources Ltd.,KN Agri Resources Limited,match
INE0GMR01016,Swaraj Suiting Ltd.,SME,SWARAJ,,2022-03-15,2022-03-17,2022-03-28,56.0,10.68,Fixed Price,NSE SME,Finshore Management,2022,Nikunj Stock Brokers Ltd.,chittorgarh,10.0,chittorgarh,1.0,chittorgarh,9.1,chittorgarh,,,56.0,chittorgarh,56.0,chittorgarh,53.2,chittorgarh,53.2,chittorgarh,Working capital requirements for new project | Issue related expenses | General corporate purposes,chittorgarh,11.0,chittorgarh,,,,,,,,,,,,,,,,,,,,,,,,,,,,,,,,,,,,,,,,,,,,,,,,,,,,,,,SWARAJ.NS,,isin_authoritative,ISIN→symbol from official NSE list,match,,Swaraj Suiting Ltd.,Swaraj Suiting Limited,match
INE0KQ001017,Bhatia Colour Chem Ltd.,SME,,543497.0,2022-03-14,2022-03-16,2022-03-24,80.0,40.0,Fixed Price,BSE SME,Interactive Financial,2022,NNM Securities Pvt.Ltd.,chittorgarh,38.0,chittorgarh,2.0,chittorgarh,5.0,chittorgarh,,,40.0,chittorgarh,42.0,chittorgarh,40.0,chittorgarh,42.0,chittorgarh,Acquire partnership firm M/s Polychem Exports | Working Capital | General Corporate Purposes,chittorgarh,40.0,chittorgarh,,,,,,,,,,,,,,,,,,,,,,,,,,,,,,,,,,,,,,,,,,,,,,,,,,,,,,,,543497.BO,isin_authoritative,ISIN→symbol from official BSE list,match,,Bhatia Colour Chem Ltd.,Bhatia Colour Chem Ltd,match
INE0HS001028,Cool Caps Industries Ltd.,SME,COOLCAPS,,2022-03-10,2022-03-15,2022-03-24,38.0,11.63,Bookbuilding,NSE SME,Holani Consultants,2022,Holani Consultants Pvt.Ltd.,chittorgarh,11.0,chittorgarh,1.0,chittorgarh,8.3,chittorgarh,,,35.9,chittorgarh,37.65,chittorgarh,34.15,chittorgarh,37.65,chittorgarh,Funding the working Capital Requirement of the Company | General corporate purposes,chittorgarh,12.0,chittorgarh,,,,,,,,,,,,,,,,,,,,,,,,,,,,,,,,,,,,,,,,,,,,,,,,,,,,,,,COOLCAPS.NS,,isin_authoritative,ISIN→symbol from official NSE list,match,,Cool Caps Industries Ltd.,Cool Caps Industries Limited,match
INE0JW501011,SP Refractories Ltd.,SME,SPRL,,2022-03-09,2022-03-11,2022-03-22,90.0,4.92,Fixed Price,NSE SME,Aryaman Financial,2022,Aryaman Capital Markets Ltd.,chittorgarh,2.0,chittorgarh,2.0,chittorgarh,40.0,chittorgarh,,,90.2,chittorgarh,91.0,chittorgarh,88.0,chittorgarh,90.1,chittorgarh,Funding Working Capital Requirement | General Corporate Purpose,chittorgarh,5.0,chittorgarh,,,,,,,,,,,,,,,,,,,,,,,,,,,,,,,,,,,,,,,,,,,,,,,,,,,,,,,SPRL.NS,,isin_authoritative,ISIN→symbol from official NSE list,match,,SP Refractories Ltd.,Sp Refractories Limited,match
INE03KJ01013,Shigan Quantum Technologies Ltd.,SME,SHIGAN,,2022-02-28,2022-03-03,2022-03-11,50.0,22.7,Fixed Price,NSE SME,Finshore Management,2022,Nikunj Stock Brokers Ltd.,chittorgarh,22.0,chittorgarh,1.0,chittorgarh,4.3,chittorgarh,,,61.0,chittorgarh,64.05,chittorgarh,58.2,chittorgarh,64.05,chittorgarh,To meet Working Capital requirements | To finance the purchase of Machinery | General Corporate Purpose,chittorgarh,23.0,chittorgarh,,,,,,,,,,,,,,,,,,,,,,,,,,,,,,,,,,,,,,,,,,,,,,,,,,,,,,,SHIGAN.NS,,isin_authoritative,ISIN→symbol from official NSE list,match,,Shigan Quantum Technologies Ltd.,Shigan Quantum Technologies Limited,match
INE0KCM01010,Ekennis Software Service Ltd.,SME,,543475.0,2022-02-21,2022-02-24,2022-03-07,72.0,2.88,Fixed Price,BSE SME,Shreni Shares,2022,Shreni Shares Ltd.,chittorgarh,3.0,chittorgarh,0.0,chittorgarh,0.0,chittorgarh,,,80.0,chittorgarh,84.0,chittorgarh,80.0,chittorgarh,84.0,chittorgarh,Purchase of Plant and Machinery | Funding working capital requirements | General Corporate Purposes,chittorgarh,3.0,chittorgarh,,,,,,,,,,,,,,,,,,,,,,,,,,,,,,,,,,,,,,,,,,,,,,,,,,,,,,,,543475.BO,isin_authoritative,ISIN→symbol from official BSE list,match,,Ekennis Software Service Ltd.,Ekennis Software Service Ltd,match
INE0JR301013,Vaidya Sane Ayurved Laboratories Ltd.,SME,MADHAVBAUG,,2022-02-10,2022-02-15,2022-02-23,73.0,20.23,Fixed Price,NSE SME,First Overseas,2022,Bhh Securities Pvt.Ltd.,chittorgarh,19.0,chittorgarh,1.0,chittorgarh,5.0,chittorgarh,,,102.0,chittorgarh,107.1,chittorgarh,98.0,chittorgarh,105.4,chittorgarh,Expenses on Marketing and Branding | General Corporate Purposes | Issue Related Expenses,chittorgarh,20.0,chittorgarh,,,,,,,,,,,,,,,,,,,,,,,,,,,,,,,,,,,,,,,,,,,,,,,,,,,,,,,MADHAVBAUG.NS,,isin_authoritative,ISIN→symbol from official NSE list,match,,Vaidya Sane Ayurved Laboratories Ltd.,Vaidya Sane Ayurved Laboratories Limited,match
INE0J1P01015,Richa Info Systems Ltd.,SME,RICHA,,2022-02-09,2022-02-11,2022-02-21,125.0,10.0,Fixed Price,NSE SME,Swastika Investmart,2022,Sunflower Broking Pvt.Ltd.,chittorgarh,10.0,chittorgarh,0.0,chittorgarh,0.0,chittorgarh,,,125.0,chittorgarh,127.0,chittorgarh,118.75,chittorgarh,118.75,chittorgarh,To Meet Incremental Working Capital Requirements | General Corporate Purpose,chittorgarh,10.0,chittorgarh,,,,,,,,,,,,,,,,,,,,,,,,,,,,,,,,,,,,,,,,,,,,,,,,,,,,,,,RICHA.NS,,isin_authoritative,ISIN→symbol from official NSE list,match,,Richa Info Systems Ltd.,Richa Info Systems Limited,match
INE0JSJ01014,Maruti Interior Products Ltd.,SME,,543464.0,2022-02-03,2022-02-08,2022-02-16,55.0,11.0,Fixed Price,BSE SME,ISK Advisors,2022,Sunflower Broking Pvt.Ltd.,chittorgarh,10.0,chittorgarh,1.0,chittorgarh,9.1,chittorgarh,,,68.5,chittorgarh,71.9,chittorgarh,68.5,chittorgarh,71.9,chittorgarh,To set up fully automatic Nickel/ Chrome Plating Plant and Powder Coating Plant including shed | Working Capital Requirement | General Corporate Purpose,chittorgarh,11.0,chittorgarh,,,,,,,,,,,,,,,,,,,,,,,,,,,,,,,,,,,,,,,,,,,,,,,,,,,,,,,,543464.BO,isin_authoritative,ISIN→symbol from official BSE list,match,,Maruti Interior Products Ltd.,Maruti Interior Products Ltd,match
INE0JNA01014,Safa Systems & Technologies Ltd.,SME,,543461.0,2022-01-28,2022-02-01,2022-02-09,10.0,4.0,Fixed Price,BSE SME,Finshore Management,2022,Nikunj Stock Brokers Ltd.,chittorgarh,4.0,chittorgarh,0.0,chittorgarh,0.0,chittorgarh,,,16.55,chittorgarh,17.37,chittorgarh,15.73,chittorgarh,15.73,chittorgarh,To Meet working capital requirement | Public issue expenses | General corporate purpose,chittorgarh,4.0,chittorgarh,,,,,,,,,,,,,,,,,,,,,,,,,,,,,,,,,,,,,,,,,,,,,,,,,,,,,,,,543461.BO,isin_authoritative,ISIN→symbol from official BSE list,match,,Safa Systems & Technologies Ltd.,Safa Systems & Technologies Ltd,match
INE0KAF01018,Quality RO Industries Ltd.,SME,,543460.0,2022-01-27,2022-02-01,2022-02-09,51.0,2.7,Fixed Price,BSE SME,Shreni Shares,2022,Shreni Shares Ltd.,chittorgarh,3.0,chittorgarh,0.0,chittorgarh,0.0,chittorgarh,,,52.25,chittorgarh,54.4,chittorgarh,52.05,chittorgarh,53.7,chittorgarh,To Meet the Capital Expenditure Requirements | To Meet the Incremental Working Capital Requirements | General Corporate Expenses | Public Issue Expenses,chittorgarh,3.0,chittorgarh,,,,,,,,,,,,,,,,,,,,,,,,,,,,,,,,,,,,,,,,,,,,,,,,,,,,,,,,543460.BO,isin_authoritative,ISIN→symbol from official BSE list,match,,Quality RO Industries Ltd.,Quality RO Industries Ltd,match
INE0HKW01018,Precision Metaliks Ltd.,SME,PRECISION,,2022-01-19,2022-01-24,2022-02-01,51.0,21.93,Fixed Price,NSE SME,First Overseas,2022,NNM Securities Pvt.Ltd.,chittorgarh,21.0,chittorgarh,1.0,chittorgarh,4.5,chittorgarh,,,75.0,chittorgarh,75.0,chittorgarh,71.25,chittorgarh,71.25,chittorgarh,Meeting additional Working Capital Requirements | General Corporate Purpose,chittorgarh,22.0,chittorgarh,,,,,,,,,,,,,,,,,,,,,,,,,,,,,,,,,,,,,,,,,,,,,,,,,,,,,,,PRECISION.NS,,isin_authoritative,ISIN→symbol from official NSE list,match,,Precision Metaliks Ltd.,Precision Metaliks Limited,match
INE0KA601012,Alkosign Ltd.,SME,,543453.0,2022-01-18,2022-01-21,2022-02-01,45.0,12.15,Fixed Price,BSE SME,Shreni Shares,2022,Shreni Shares Ltd.,chittorgarh,12.0,chittorgarh,0.0,chittorgarh,0.0,chittorgarh,,,45.25,chittorgarh,46.75,chittorgarh,45.25,chittorgarh,45.25,chittorgarh,Prepayment/repayment of certain secured borrowings availed by the Company | Funding working capital requirements | General corporate purposes,chittorgarh,12.0,chittorgarh,,,,,,,,,,,,,,,,,,,,,,,,,,,,,,,,,,,,,,,,,,,,,,,,,,,,,,,,543453.BO,isin_authoritative,ISIN→symbol from official BSE list,match,,Alkosign Ltd.,Alkosign Ltd,match
INE0Q2V01012,Kaushalya Logistics Ltd.,SME,KLL,,2023-12-29,2024-01-03,2024-01-08,75.0,36.6,Bookbuilding,NSE SME,Khandwala Securities,2023,Nikunj Stock Brokers Ltd.,chittorgarh,24.0,chittorgarh,11.0,chittorgarh,29.7,chittorgarh,10.01,chittorgarh,100.0,chittorgarh,105.0,chittorgarh,100.0,chittorgarh,105.0,chittorgarh,Repayment of Unsecured Loans | Funding of working capital requirements of the Company | General Corporate Purposes,chittorgarh,37.0,chittorgarh,92.6,847.9,375.4,390.9,1694.95,4654.86,4809.39,14306.21,40.0,100.0,48.07,71.0,True,1600.0,120000.0,11.7,12.0,1227.0,6.4,625.0,1466.0,1227.0,14.0,20.0,25.0,7.0,9.0,12.0,4.7,4.9,6.4,19.0,49.0,60.0,32.0,43.0,43.0,141.0,171.0,254.0,4.0,-27.0,-17.0,1.12,36.84,1.68,625.0,7.0,Mar 2023,1.0,sharescart,sharescart,ipowatch,sharescart,KLL.NS,,isin_authoritative,ISIN→symbol from official NSE list,match,,Kaushalya Logistics Ltd.,Kaushalya Logistics Limited,match
INE0RCG01017,Kay Cee Energy & Infra Ltd.,SME,KCEIL,,2023-12-28,2024-01-02,2024-01-05,54.0,15.93,Bookbuilding,NSE SME,GYR Capital,2023,Giriraj Stock Broking Pvt.Ltd.,chittorgarh,15.0,chittorgarh,1.0,chittorgarh,6.2,chittorgarh,4.32,chittorgarh,252.0,chittorgarh,264.6,chittorgarh,239.4,chittorgarh,239.4,chittorgarh,Funding working capital requirements of the Company | General corporate purpose,chittorgarh,16.0,chittorgarh,127.7,1669.0,1311.1,1052.5,1017.21,3988.0,7310.04,16765.53,166.67,100.0,54.35,51.0,True,2000.0,108000.0,3.5,17.0,153.0,15.6,,,153.0,,,28.0,,,17.0,,,15.6,,,62.0,,,17.0,,,173.0,,,-75.0,,,,,,,0.0,sharescart,sharescart,investorgain,sharescart,KCEIL.NS,,isin_authoritative,ISIN→symbol from official NSE list,match,,Kay Cee Energy & Infra Ltd.,Kay Cee Energy & Infra Limited,match
INE0RNZ01014,Shri Balaji Valve Components Ltd.,SME,,544074.0,2023-12-27,2023-12-29,2024-01-03,100.0,21.6,Bookbuilding,BSE SME,Hem Securities,2023,Hem Finlease Pvt.Ltd.,chittorgarh,20.0,chittorgarh,2.0,chittorgarh,9.1,chittorgarh,6.13,chittorgarh,190.0,chittorgarh,199.5,chittorgarh,190.0,chittorgarh,199.5,chittorgarh,Funding Capital Expenditure towards installation of additional plant and machinery. | To meet working capital requirements | General Corporate Purpose | Total,chittorgarh,22.0,chittorgarh,70.0,799.7,170.0,276.4,756.43,2591.03,1284.82,5971.1,51.0,100.0,59.22,95.0,True,1200.0,120000.0,12.5,7.0,81.0,8.0,62.0,83.0,81.0,12.0,15.0,14.0,6.0,8.0,7.0,10.8,10.2,8.0,8.0,38.0,44.0,17.0,20.0,19.0,50.0,84.0,78.0,6.0,-5.0,21.0,9.68,75.0,2.12,62.0,6.0,Mar 2023,1.0,sharescart,sharescart,investorgain,sharescart,,544074.BO,isin_authoritative,ISIN→symbol from official BSE list,match,,Shri Balaji Valve Components Ltd.,Shri Balaji Valve Components Ltd,match
INE0A6N01026,Manoj Ceramic Ltd.,SME,,544073.0,2023-12-27,2023-12-29,2024-01-03,62.0,14.47,Fixed Price,BSE SME,Swaraj Shares,2023,Shreni Shares Ltd.,chittorgarh,14.0,chittorgarh,0.0,chittorgarh,0.0,chittorgarh,,,82.0,chittorgarh,84.0,chittorgarh,77.9,chittorgarh,77.9,chittorgarh,Working Capital Requirements | General Corporate Purpose,chittorgarh,14.0,chittorgarh,0.0,7.3,10.7,9.0,0.0,52.67,77.64,130.24,9.68,100.0,52.94,62.0,False,2000.0,124000.0,5.2,11.0,164.0,11.9,74.0,96.0,164.0,10.0,15.0,23.0,4.0,5.0,11.0,6.1,6.4,9.6,13.0,31.0,107.0,24.0,27.0,29.0,79.0,105.0,190.0,-10.0,-13.0,-40.0,5.41,30.77,1.85,74.0,4.0,Mar 2023,1.0,sharescart,sharescart,investorgain,sharescart,,544073.BO,isin_authoritative,ISIN→symbol from official BSE list,match,,Manoj Ceramic Ltd.,Manoj Ceramic Ltd,match
INE0R3501012,HRH Next Services Ltd.,SME,HRHNEXT,,2023-12-27,2023-12-29,2024-01-03,36.0,9.57,Fixed Price,NSE SME,Finshore Management,2023,Nikunj Stock Brokers Ltd.,chittorgarh,9.0,chittorgarh,1.0,chittorgarh,10.0,chittorgarh,,,41.0,chittorgarh,43.05,chittorgarh,40.0,chittorgarh,43.05,chittorgarh,Expansion of our Services by launching 2 (two) Call Centres | Capital Expenditure towards purchase of Computer Systems | Working capital requirements | General corporate expenses | Issue related expenses,chittorgarh,10.0,chittorgarh,0.0,66.9,63.6,66.3,0.0,320.12,304.34,634.32,22.22,72.97,35.38,36.0,False,3000.0,108000.0,12.9,3.0,58.0,2.8,51.0,45.0,58.0,7.0,7.0,9.0,3.0,2.0,3.0,4.5,2.0,2.4,10.0,21.0,37.0,1.0,4.0,3.0,29.0,38.0,55.0,3.0,-4.0,-1.0,5.88,30.0,0.1,51.0,3.0,Mar 2023,1.0,sharescart,sharescart,ipowatch,sharescart,HRHNEXT.NS,,isin_authoritative,ISIN→symbol from official NSE list,match,,HRH Next Services Ltd.,HRH Next Services Limited,match
INE0PCY01014,Akanksha Power & Infrastructure Ltd.,SME,AKANKSHA,,2023-12-27,2023-12-29,2024-01-03,55.0,27.49,Bookbuilding,NSE SME,Narnolia Financial,2023,Nikunj Stock Brokers Ltd. SS Corporate Securities Ltd.,chittorgarh,26.0,chittorgarh,1.0,chittorgarh,3.7,chittorgarh,7.8,chittorgarh,62.0,chittorgarh,65.1,chittorgarh,62.0,chittorgarh,65.1,chittorgarh,Capital Expenditure | Working Capital Requirement | General Corporate Purposes | Issue Expenses,chittorgarh,27.0,chittorgarh,38.5,238.6,110.4,117.4,529.3,983.83,1062.56,3226.93,18.18,97.81,54.97,52.0,True,2000.0,110000.0,23.9,4.0,79.0,2.3,46.0,57.0,79.0,6.0,7.0,10.0,3.0,3.0,4.0,2.2,1.5,2.2,16.0,45.0,66.0,1.0,1.0,1.0,48.0,78.0,116.0,4.0,-23.0,-0.0,6.52,18.75,0.06,46.0,3.0,Mar 2023,1.0,sharescart,sharescart,investorgain,sharescart,AKANKSHA.NS,,isin_authoritative,ISIN→symbol from official NSE list,match,,Akanksha Power & Infrastructure Ltd.,Akanksha Power and Infrastructure Limited,match
INE0QFT01015,AIK Pipes & Polymers Ltd.,SME,,544072.0,2023-12-26,2023-12-28,2024-01-02,89.0,15.02,Fixed Price,BSE SME,Shreni Shares,2023,Shreni Shares Ltd.,chittorgarh,14.0,chittorgarh,1.0,chittorgarh,6.7,chittorgarh,,,100.0,chittorgarh,105.0,chittorgarh,100.0,chittorgarh,105.0,chittorgarh,To Meet the Capital Expenditure | To Meet Working Capital Requirement | General Corporate Expense,chittorgarh,15.0,chittorgarh,0.0,52.2,30.9,43.6,0.0,391.88,232.33,654.56,5.62,100.0,74.99,89.0,False,1600.0,142400.0,44.5,1.0,25.0,2.0,30.0,37.0,25.0,3.0,5.0,3.0,2.0,3.0,1.0,3.9,5.4,2.0,6.0,22.0,23.0,1.0,1.0,1.0,15.0,32.0,32.0,-1.0,-5.0,0.0,6.67,33.33,0.17,30.0,2.0,Mar 2023,1.0,sharescart,sharescart,investorgain,sharescart,,544072.BO,isin_authoritative,ISIN→symbol from official BSE list,match,,AIK Pipes & Polymers Ltd.,AIK Pipes and Polymers Ltd,match
INE0PZA01015,Sameera Agro & Infra Ltd.,SME,SAIFL,,2023-12-21,2023-12-27,2024-01-01,180.0,62.64,Fixed Price,NSE SME,First Overseas,2023,Svcm Securities Pvt.Ltd.,chittorgarh,59.0,chittorgarh,4.0,chittorgarh,6.3,chittorgarh,,,180.0,chittorgarh,185.0,chittorgarh,171.0,chittorgarh,171.0,chittorgarh,Construction of Ongoing Project | Construction of new Multiplex | To meet the existing Working Capital requirement for the agro business | General Corporate Expenses,chittorgarh,63.0,chittorgarh,0.0,1.7,4.1,2.9,0.0,53.24,129.66,182.91,,40.44,28.23,180.0,False,800.0,144000.0,17.3,12.0,236.0,10.4,,182.0,236.0,,15.0,21.0,,11.0,12.0,,1.8,2.1,,92.0,121.0,,2.0,1.0,,111.0,164.0,,0.0,26.0,,,,,,,0.0,sharescart,sharescart,,sharescart,SAIFL.NS,,isin_authoritative,ISIN→symbol from official NSE list,match,,Sameera Agro & Infra Ltd.,Sameera Agro And Infra Limited,match
INE0QD201012,Trident Techlabs Ltd.,SME,TECHLABS,,2023-12-21,2023-12-26,2023-12-29,35.0,16.03,Bookbuilding,NSE SME,GYR Capital,2023,Giriraj Stock Broking Pvt.Ltd.,chittorgarh,15.0,chittorgarh,1.0,chittorgarh,6.2,chittorgarh,4.21,chittorgarh,98.15,chittorgarh,103.05,chittorgarh,93.25,chittorgarh,103.05,chittorgarh,Funding the working capital requirements of the Company | General corporate purposes,chittorgarh,16.0,chittorgarh,117.9,854.4,1059.4,763.3,945.05,2054.33,5943.93,12235.7,71.43,70.99,51.19,33.0,True,4000.0,140000.0,5.2,12.0,77.0,6.7,,73.0,77.0,,16.0,20.0,,9.0,12.0,,5.4,6.7,,47.0,58.0,,13.0,8.0,,98.0,91.0,,-17.0,15.0,,,,,,,0.0,sharescart,sharescart,ipowatch,sharescart,TECHLABS.NS,,isin_authoritative,ISIN→symbol from official NSE list,match,,Trident Techlabs Ltd.,Trident Techlabs Limited,match
INE0QHG01026,Supreme Power Equipment Ltd.,SME,SUPREMEPWR,,2023-12-21,2023-12-26,2023-12-29,65.0,46.67,Bookbuilding,NSE SME,Narnolia Financial,2023,Share India Securities Ltd.,chittorgarh,41.0,chittorgarh,6.0,chittorgarh,12.8,chittorgarh,12.16,chittorgarh,98.0,chittorgarh,102.9,chittorgarh,95.0,chittorgarh,102.9,chittorgarh,Capital Expenditure | Working Capital Requirement | General Corporate Purposes | Issue Expenses,chittorgarh,47.0,chittorgarh,89.0,489.1,264.5,262.6,2076.35,3423.94,4320.15,12255.54,46.15,91.95,40.0,61.0,True,2000.0,130000.0,8.8,19.0,149.0,7.4,100.0,113.0,149.0,18.0,23.0,29.0,11.0,14.0,19.0,6.1,5.6,7.4,18.0,74.0,92.0,5.0,4.0,9.0,69.0,121.0,158.0,5.0,-11.0,39.0,11.0,61.11,0.28,100.0,11.0,Mar 2023,1.0,sharescart,sharescart,investorgain,sharescart,SUPREMEPWR.NS,,isin_authoritative,ISIN→symbol from official NSE list,match,,Supreme Power Equipment Ltd.,Supreme Power Equipment Limited,match
INE0PS301014,Indifra Ltd.,SME,INDIFRA,,2023-12-21,2023-12-26,2023-12-29,65.0,14.04,Fixed Price,NSE SME,Beeline Capital,2023,Spread X Securities Pvt.Ltd.,chittorgarh,13.0,chittorgarh,1.0,chittorgarh,7.1,chittorgarh,,,72.0,chittorgarh,73.0,chittorgarh,68.4,chittorgarh,68.4,chittorgarh,To Meet Working Capital Requirements | For General Corporate Purpose and Funding investments for acquisitions | Public Issue Expenses,chittorgarh,14.0,chittorgarh,0.0,2.3,12.1,7.2,0.0,16.43,84.73,101.23,,77.51,47.26,65.0,False,2000.0,130000.0,,0.0,12.0,0.0,10.0,10.0,12.0,1.0,-1.0,0.0,1.0,-1.0,0.0,5.8,-1.6,0.0,2.0,18.0,18.0,0.0,0.0,0.0,3.0,18.0,19.0,-2.0,-6.0,1.0,10.0,50.0,0.0,10.0,1.0,Mar 2023,1.0,sharescart,sharescart,,sharescart,INDIFRA.NS,,isin_authoritative,ISIN→symbol from official NSE list,match,,Indifra Ltd.,Indifra Limited,match
INE0QZQ01019,Shanti Spintex Ltd.,SME,,544059.0,2023-12-19,2023-12-21,2023-12-27,70.0,31.25,Bookbuilding,BSE SME,Hem Securities,2023,Hem Finlease Pvt.Ltd.,chittorgarh,17.0,chittorgarh,12.0,chittorgarh,38.7,chittorgarh,8.9,chittorgarh,76.0,chittorgarh,79.8,chittorgarh,76.0,chittorgarh,79.8,chittorgarh,To meet Working Capital requirements | General Corporate Purpose,chittorgarh,31.0,chittorgarh,14.34,57.28,22.01,27.38,,,,,7.14,,,,,,,,,,,,,,,,,,,,,,,,,,,,,,,,,,,,,,,,,,ipowatch,,ipowatch,,,544059.BO,isin_authoritative,ISIN→symbol from official BSE list,match,,Shanti Spintex Ltd.,Shanti Spintex Ltd,match
INE0Q1W01012,Electro Force (India) Ltd.,SME,EFORCE,,2023-12-19,2023-12-21,2023-12-27,93.0,80.68,Fixed Price,NSE SME,First Overseas,2023,Arham Shares Pvt.Ltd.,chittorgarh,52.0,chittorgarh,25.0,chittorgarh,30.9,chittorgarh,,,100.0,chittorgarh,105.0,chittorgarh,95.1,chittorgarh,105.0,chittorgarh,Funding additional working capital requirements of the Company | Pursuing Inorganic Growth | General corporate purposes,chittorgarh,81.0,chittorgarh,0.0,2.1,6.4,4.3,0.0,85.52,259.78,345.29,5.38,64.06,35.44,93.0,False,1200.0,111600.0,155.0,1.0,52.0,0.6,30.0,36.0,52.0,12.0,9.0,2.0,8.0,6.0,1.0,1.3,2.5,0.5,18.0,70.0,71.0,0.0,0.0,0.0,72.0,85.0,76.0,-0.0,-45.0,17.0,26.67,44.44,0.0,30.0,8.0,Mar 2023,1.0,sharescart,sharescart,ipowatch,sharescart,EFORCE.NS,,isin_authoritative,ISIN→symbol from official NSE list,match,,Electro Force (India) Ltd.,Electro Force (India) Limited,match
INE0PSJ01011,Sahara Maritime Ltd.,SME,,544056.0,2023-12-18,2023-12-20,2023-12-26,81.0,6.88,Fixed Price,BSE SME,Swaraj Shares,2023,Shreni Shares Ltd.,chittorgarh,7.0,chittorgarh,0.0,chittorgarh,0.0,chittorgarh,,,81.0,chittorgarh,85.05,chittorgarh,77.4,chittorgarh,81.16,chittorgarh,Funding of capital expenditure requirements of our Company towards purchase of: (i) commercial vehicles; and (ii) Office Equipment’s | Working capital requirements | General Corporate Purposes,chittorgarh,7.0,chittorgarh,0.0,9.0,36.4,22.7,0.0,30.9,125.08,156.01,,54.27,25.3,81.0,False,1600.0,129600.0,101.3,0.0,25.0,0.8,26.0,13.0,25.0,2.0,4.0,2.0,1.0,1.0,0.0,5.2,2.5,0.8,5.0,12.0,12.0,1.0,1.0,1.0,10.0,14.0,14.0,1.0,-1.0,-3.0,3.85,20.0,0.2,26.0,1.0,Mar 2023,1.0,sharescart,sharescart,,sharescart,,544056.BO,isin_authoritative,ISIN→symbol from official BSE list,match,,Sahara Maritime Ltd.,Sahara Maritime Ltd,match
INE0Q2Z01013,Benchmark Computer Solutions Ltd.,SME,,544052.0,2023-12-14,2023-12-18,2023-12-21,66.0,12.24,Fixed Price,BSE SME,Beeline Capital,2023,Spread X Securities Pvt.Ltd.,chittorgarh,12.0,chittorgarh,0.0,chittorgarh,0.0,chittorgarh,,,80.0,chittorgarh,81.0,chittorgarh,76.0,chittorgarh,77.12,chittorgarh,Capital Expenditure | Working Capital Requirement | General Corporate Purpose,chittorgarh,12.0,chittorgarh,0.0,357.9,590.3,484.5,0.0,2189.64,3611.33,5928.41,22.73,38.03,37.31,66.0,False,2000.0,132000.0,26.4,2.0,43.0,2.5,32.0,35.0,43.0,4.0,5.0,5.0,2.0,2.0,2.0,3.9,3.2,2.5,13.0,25.0,27.0,3.0,3.0,2.0,24.0,42.0,42.0,4.0,8.0,-4.0,6.25,15.38,0.23,32.0,2.0,Mar 2023,1.0,sharescart,sharescart,investorgain,sharescart,,544052.BO,isin_authoritative,ISIN→symbol from official BSE list,match,,Benchmark Computer Solutions Ltd.,Benchmark Computer Solutions Ltd,match
INE0QSK01017,Siyaram Recycling Industries Ltd.,SME,,544047.0,2023-12-14,2023-12-18,2023-12-21,46.0,22.96,Bookbuilding,BSE SME,Hem Securities,2023,Hem Finlease Pvt.Ltd.,chittorgarh,22.0,chittorgarh,1.0,chittorgarh,4.3,chittorgarh,6.54,chittorgarh,55.0,chittorgarh,57.75,chittorgarh,55.0,chittorgarh,57.75,chittorgarh,Repayment of a portion of certain borrowing availed by the Company | General Corporate Purposes,chittorgarh,23.0,chittorgarh,96.4,597.7,459.1,385.2,1107.17,4803.95,1581.4,8845.2,78.26,100.0,,43.0,True,3000.0,138000.0,6.9,15.0,512.0,6.7,493.0,413.0,512.0,17.0,18.0,29.0,7.0,8.0,15.0,5.2,4.0,6.7,46.0,77.0,127.0,4.0,2.0,7.0,151.0,170.0,283.0,-35.0,-4.0,-43.0,1.42,15.22,0.09,493.0,7.0,Mar 2023,1.0,sharescart,sharescart,investorgain,,,544047.BO,isin_authoritative,ISIN→symbol from official BSE list,match,,Siyaram Recycling Industries Ltd.,Siyaram Recycling Industries Ltd,match
INE02S501018,Shree OSFM E-Mobility Ltd.,SME,SHREEOSFM,,2023-12-14,2023-12-18,2023-12-21,65.0,24.6,Fixed Price,NSE SME,First Overseas,2023,Bhh Securities Pvt.Ltd.,chittorgarh,23.0,chittorgarh,2.0,chittorgarh,8.0,chittorgarh,,,65.0,chittorgarh,68.25,chittorgarh,63.0,chittorgarh,68.25,chittorgarh,Funding additional Working capital requirements | Purchase of Passenger Vehicles | General Corporate Purposes,chittorgarh,25.0,chittorgarh,0.0,6.8,9.3,8.5,0.0,83.87,114.37,209.56,15.38,100.0,75.44,65.0,False,2000.0,130000.0,9.4,10.0,138.0,6.9,82.0,118.0,138.0,8.0,14.0,20.0,3.0,8.0,10.0,2.8,5.7,6.7,20.0,53.0,77.0,3.0,11.0,11.0,41.0,82.0,110.0,-1.0,4.0,16.0,3.66,15.0,0.15,82.0,3.0,Mar 2023,1.0,sharescart,sharescart,ipowatch,sharescart,SHREEOSFM.NS,,isin_authoritative,ISIN→symbol from official NSE list,match,,Shree OSFM E-Mobility Ltd.,Shree OSFM E-Mobility Limited,match
INE0F3301020,S J Logistics (India) Ltd.,SME,SJLOGISTIC,,2023-12-12,2023-12-14,2023-12-19,125.0,48.0,Bookbuilding,NSE SME,Hem Securities,2023,Hem Finlease Pvt.Ltd.,chittorgarh,46.0,chittorgarh,2.0,chittorgarh,4.2,chittorgarh,13.65,chittorgarh,175.0,chittorgarh,183.75,chittorgarh,166.25,chittorgarh,183.75,chittorgarh,"Repayment and/or pre-payment, in full or part, of certain borrowings availed by the Company | To meet working capital requirements; | General Corporate Purpose",chittorgarh,48.0,chittorgarh,116.2,489.5,356.3,316.3,2787.84,8222.76,2565.58,15180.48,86.4,100.0,51.73,121.0,True,1000.0,125000.0,3.5,52.0,502.0,35.8,149.0,271.0,502.0,14.0,32.0,76.0,8.0,23.0,52.0,9.3,15.6,34.4,31.0,112.0,217.0,27.0,7.0,45.0,81.0,151.0,298.0,-6.0,-39.0,-52.0,5.37,25.81,0.87,149.0,8.0,Mar 2023,1.0,sharescart,sharescart,investorgain,sharescart,SJLOGISTIC.NS,,isin_authoritative,ISIN→symbol from official NSE list,match,,S J Logistics (India) Ltd.,S J Logistics (India) Limited,match
INE0R1601012,Presstonic Engineering Ltd.,SME,PRESSTONIC,,2023-12-11,2023-12-13,2023-12-18,72.0,23.3,Fixed Price,NSE SME,Finshore Management,2023,Nikunj Stock Brokers Ltd.,chittorgarh,22.0,chittorgarh,1.0,chittorgarh,4.3,chittorgarh,,,140.0,chittorgarh,147.0,chittorgarh,133.0,chittorgarh,147.0,chittorgarh,Funding Capital Expenditure towards purchase of additional plant and machinery | Prepayment in full of certain borrowings availed by the Company | Working Capital Requirements | General Corporate Expenses | Total,chittorgarh,23.0,chittorgarh,0.0,133.6,188.9,168.3,0.0,1556.31,2201.62,3921.06,20.83,99.97,57.99,72.0,False,1600.0,115200.0,65.5,1.0,21.0,1.1,21.0,26.0,21.0,7.0,7.0,5.0,2.0,3.0,1.0,5.4,3.3,1.1,5.0,25.0,26.0,4.0,2.0,4.0,28.0,41.0,47.0,6.0,-1.0,-3.0,9.52,40.0,0.8,21.0,2.0,Mar 2023,1.0,sharescart,sharescart,ipowatch,sharescart,PRESSTONIC.NS,,isin_authoritative,ISIN→symbol from official NSE list,match,,Presstonic Engineering Ltd.,Presstonic Engineering Limited,match
INE0Q5D01013,Accent Microcell Ltd.,SME,ACCENTMIC,,2023-12-08,2023-12-12,2023-12-15,140.0,78.4,Bookbuilding,NSE SME,Corporate Capitalventures,2023,Prabhat Financial Services Ltd.,chittorgarh,74.0,chittorgarh,4.0,chittorgarh,5.1,chittorgarh,22.34,chittorgarh,300.0,chittorgarh,315.0,chittorgarh,285.0,chittorgarh,315.0,chittorgarh,"To Set up plant at Navagam Kheda for manufacturing Croscarmellose Sodium (“CCS”), Sodium Starch Glycolate and Carboxymethylcellulose (CMC); and | General Corporate Expenses",chittorgarh,78.0,chittorgarh,118.5,576.7,410.0,362.4,4644.42,15824.65,4821.01,28412.94,71.43,73.13,53.67,133.0,True,1000.0,140000.0,8.9,33.0,265.0,15.7,197.0,245.0,265.0,21.0,43.0,48.0,12.0,30.0,33.0,9.5,14.3,15.7,50.0,164.0,195.0,5.0,1.0,1.0,113.0,213.0,250.0,8.0,11.0,25.0,6.09,24.0,0.1,197.0,12.0,Mar 2023,1.0,sharescart,sharescart,ipowatch,sharescart,ACCENTMIC.NS,,isin_authoritative,ISIN→symbol from official NSE list,match,,Accent Microcell Ltd.,Accent Microcell Limited,match
INE04VX01019,Sheetal Universal Ltd.,SME,SHEETAL,,2023-12-04,2023-12-06,2023-12-11,70.0,23.8,Fixed Price,NSE SME,Beeline Capital,2023,Spread X Securities Pvt.Ltd.,chittorgarh,23.0,chittorgarh,1.0,chittorgarh,4.2,chittorgarh,,,75.0,chittorgarh,78.75,chittorgarh,75.0,chittorgarh,75.4,chittorgarh,Funding capital expenditure | Working Capital Requirement | General Corporate Purpose,chittorgarh,24.0,chittorgarh,0.0,212.6,129.7,179.2,0.0,2529.34,1543.79,4264.96,10.0,95.0,,70.0,False,2000.0,140000.0,8.6,9.0,106.0,8.1,129.0,132.0,106.0,4.0,5.0,16.0,2.0,2.0,9.0,2.8,1.8,8.1,7.0,35.0,44.0,5.0,4.0,5.0,28.0,51.0,72.0,-3.0,-27.0,10.0,1.55,28.57,0.71,129.0,2.0,Mar 2023,1.0,sharescart,sharescart,ipowatch,,SHEETAL.NS,,isin_authoritative,ISIN→symbol from official NSE list,match,,Sheetal Universal Ltd.,Sheetal Universal Limited,match
INE0POU01017,Graphisads Ltd.,SME,GRAPHISAD,,2023-11-30,2023-12-05,2023-12-13,111.0,53.41,Fixed Price,NSE SME,First Overseas,2023,Rikhav Securities Ltd.,chittorgarh,51.0,chittorgarh,2.0,chittorgarh,3.8,chittorgarh,,,111.5,chittorgarh,112.0,chittorgarh,105.95,chittorgarh,105.95,chittorgarh,Repayment of certain borrowings; | To meet the Working Capital requirements; | General Corporate Expenses,chittorgarh,53.0,chittorgarh,0.0,2.0,5.5,3.9,0.0,53.68,147.42,206.17,,99.99,73.66,111.0,False,1200.0,133200.0,24.1,8.0,154.0,4.6,98.0,113.0,154.0,12.0,12.0,12.0,6.0,4.0,8.0,4.1,2.0,4.6,43.0,100.0,102.0,16.0,6.0,6.0,110.0,158.0,182.0,6.0,-27.0,7.0,6.12,13.95,0.37,98.0,6.0,Mar 2023,1.0,sharescart,sharescart,,sharescart,GRAPHISAD.NS,,isin_authoritative,ISIN→symbol from official NSE list,match,,Graphisads Ltd.,Graphisads Limited,match
INE0P1P01017,Marinetrans India Ltd.,SME,MARINETRAN,,2023-11-30,2023-12-05,2023-12-08,26.0,10.92,Fixed Price,NSE SME,Swaraj Shares,2023,NNM Securities Pvt.Ltd.,chittorgarh,10.0,chittorgarh,1.0,chittorgarh,9.1,chittorgarh,,,30.0,chittorgarh,31.5,chittorgarh,28.5,chittorgarh,31.0,chittorgarh,Funding of working capital requirements of the Company | General Corporate Expenses,chittorgarh,11.0,chittorgarh,0.0,18.1,47.2,33.0,0.0,98.55,257.93,360.36,11.54,100.0,,26.0,False,4000.0,104000.0,65.0,0.0,158.0,0.4,150.0,106.0,158.0,3.0,2.0,2.0,2.0,1.0,0.0,1.8,0.4,0.4,16.0,25.0,26.0,0.0,0.0,0.0,26.0,45.0,41.0,-1.0,-8.0,-1.0,1.33,12.5,0.0,150.0,2.0,Mar 2023,1.0,sharescart,sharescart,ipowatch,,MARINETRAN.NS,,isin_authoritative,ISIN→symbol from official NSE list,match,,Marinetrans India Ltd.,Marinetrans India Limited,match
INE518X01015,Net Avenue Technologies Ltd.,SME,CBAZAAR,,2023-11-30,2023-12-04,2023-12-08,18.0,10.25,Bookbuilding,NSE SME,Shreni Shares,2023,Shreni Shares Ltd.,chittorgarh,10.0,chittorgarh,0.0,chittorgarh,0.0,chittorgarh,2.91,chittorgarh,42.0,chittorgarh,42.0,chittorgarh,39.9,chittorgarh,39.9,chittorgarh,Customer Acquisition - Marketing & Awareness | Funding Working Capital Requirement | General Corporate Purpose,chittorgarh,10.0,chittorgarh,62.0,616.3,721.9,511.2,317.79,947.74,2590.49,5241.33,16.67,45.31,33.28,16.0,True,8000.0,144000.0,-9.5,-4.0,27.0,-1.9,33.0,27.0,27.0,3.0,-2.0,-4.0,2.0,-2.0,-4.0,2.1,-0.7,-1.9,2.0,10.0,6.0,0.0,0.0,0.0,14.0,19.0,13.0,-3.0,-1.0,-0.0,6.06,100.0,0.0,33.0,2.0,Mar 2023,1.0,sharescart,sharescart,ipowatch,sharescart,CBAZAAR.NS,,isin_authoritative,ISIN→symbol from official NSE list,match,,Net Avenue Technologies Ltd.,Net Avenue Technologies Limited,match
INE0RDM01013,Deepak Chemtex Ltd.,SME,,544036.0,2023-11-29,2023-12-01,2023-12-06,80.0,23.04,Bookbuilding,BSE SME,Hem Securities,2023,Hem Finlease Pvt.Ltd.,chittorgarh,22.0,chittorgarh,1.0,chittorgarh,4.3,chittorgarh,6.54,chittorgarh,152.0,chittorgarh,159.6,chittorgarh,152.0,chittorgarh,159.6,chittorgarh,Funding capital expenditure towards installation of plant & machinery in the existing premises | Investment in the subsidiary DCPL Speciality Chemicals Private Limited for financing its capital expenditure towards installation of plant and machinery | Funding to meet working capital requirements | General Corporate Purpose.,chittorgarh,23.0,chittorgarh,96.8,642.3,475.4,403.0,1115.14,5179.1,1642.84,9285.81,15.0,100.0,69.48,76.0,True,1600.0,128000.0,7.0,13.0,79.0,11.5,47.0,49.0,79.0,9.0,9.0,19.0,6.0,6.0,13.0,7.9,5.5,11.5,16.0,42.0,55.0,0.0,0.0,1.0,24.0,51.0,70.0,3.0,-16.0,-3.0,12.77,37.5,0.0,47.0,6.0,Mar 2023,1.0,sharescart,sharescart,ipowatch,sharescart,,544036.BO,isin_authoritative,ISIN→symbol from official BSE list,match,,Deepak Chemtex Ltd.,Deepak Chemtex Ltd,match
INE0P9J01013,AMIC Forging Ltd.,SME,,544037.0,2023-11-29,2023-12-01,2023-12-06,126.0,34.8,Bookbuilding,BSE SME,Gretex Corporate,2023,Gretex Share Broking Pvt.Ltd.,chittorgarh,33.0,chittorgarh,2.0,chittorgarh,5.7,chittorgarh,9.9,chittorgarh,239.4,chittorgarh,251.35,chittorgarh,239.4,chittorgarh,251.35,chittorgarh,Setting up of Manufacturing facility | Working Capital Requirements | General Corporate Purposes | Total,chittorgarh,35.0,chittorgarh,91.4,589.3,273.0,289.1,1590.94,3076.1,3325.38,10059.29,9.52,100.0,60.25,121.0,True,1000.0,126000.0,3.7,36.0,121.0,33.9,116.0,126.0,121.0,15.0,20.0,49.0,10.0,14.0,36.0,12.5,13.2,33.9,20.0,65.0,124.0,4.0,3.0,0.0,62.0,92.0,153.0,18.0,-8.0,6.0,8.62,50.0,0.2,116.0,10.0,Mar 2023,1.0,sharescart,sharescart,ipowatch,sharescart,,544037.BO,isin_authoritative,ISIN→symbol from official BSE list,match,,AMIC Forging Ltd.,Amic Forging Ltd,match
INE0RDR01012,Swashthik Plascon Ltd.,SME,,544035.0,2023-11-24,2023-11-29,2023-12-05,86.0,40.76,Bookbuilding,BSE SME,Shreni Shares,2023,Nikunj Stock Brokers Ltd.,chittorgarh,39.0,chittorgarh,2.0,chittorgarh,4.9,chittorgarh,11.6,chittorgarh,120.1,chittorgarh,126.1,chittorgarh,115.25,chittorgarh,126.1,chittorgarh,Funding capital expenditure for developing new manufacturing facilities and installation of Plant and Machinery | Funding of capital expenditure requirements of our Company towards Set up of Solar Power Plant; | Purchase of Plant and Machinery at our existing Manufacturing facility; | Funding Working Capital Requirements of our Company; | General corporate purposes,chittorgarh,41.0,chittorgarh,3.4,35.8,13.6,15.4,69.69,218.62,193.72,628.88,8.14,60.0,43.81,80.0,True,1600.0,137600.0,23.9,7.0,144.0,3.6,46.0,126.0,144.0,6.0,19.0,21.0,3.0,8.0,7.0,2.4,4.3,3.6,20.0,64.0,85.0,30.0,53.0,85.0,111.0,149.0,200.0,4.0,-10.0,-19.0,6.52,15.0,1.5,46.0,3.0,Mar 2023,1.0,sharescart,sharescart,ipowatch,sharescart,,544035.BO,isin_authoritative,ISIN→symbol from official BSE list,match,,Swashthik Plascon Ltd.,Swashthik Plascon Ltd,match
INE0PTR01012,Rockingdeals Circular Economy Ltd.,SME,ROCKINGDCE,,2023-11-22,2023-11-24,2023-11-30,140.0,21.0,Bookbuilding,NSE SME,Corporate Capitalventures,2023,SS Corporate Securities Ltd.,chittorgarh,20.0,chittorgarh,1.0,chittorgarh,4.8,chittorgarh,5.88,chittorgarh,300.0,chittorgarh,315.0,chittorgarh,300.0,chittorgarh,315.0,chittorgarh,"To meet the working capital requirements of the company | Brand Positioning, Marketing and Advertisement | General Corporate Purposes",chittorgarh,21.0,chittorgarh,47.4,458.6,201.4,213.6,497.49,3370.71,634.47,4486.44,64.29,88.45,65.0,136.0,True,1000.0,140000.0,14.9,5.0,55.0,9.4,,50.0,55.0,,8.0,11.0,,5.0,5.0,,9.2,9.4,,35.0,40.0,,0.0,0.0,,40.0,54.0,,-15.0,3.0,,,,,,,0.0,sharescart,sharescart,investorgain,sharescart,ROCKINGDCE.NS,,isin_authoritative,ISIN→symbol from official NSE list,match,,Rockingdeals Circular Economy Ltd.,Rockingdeals Circular Economy Limited,match
INE0PP401015,Arrowhead Seperation Engineering Ltd.,SME,,544025.0,2023-11-16,2023-11-20,2023-11-28,233.0,13.0,Fixed Price,BSE SME,Aryaman Financial,2023,Aryaman Capital Markets Ltd.,chittorgarh,12.0,chittorgarh,1.0,chittorgarh,7.7,chittorgarh,,,250.0,chittorgarh,255.0,chittorgarh,237.5,chittorgarh,237.5,chittorgarh,Repayment of Loan from NBFC’s; | Funding Working capital requirements | General Corporate Purpose,chittorgarh,13.0,chittorgarh,,,,,,,,,10.73,,,,,,,,,,,,,,,,,,,,,,,,,,,,,,,,,,,,,,,,,,,,investorgain,,,544025.BO,isin_authoritative,ISIN→symbol from official BSE list,match,,Arrowhead Seperation Engineering Ltd.,Arrowhead Seperation Engineering Ltd,match
INE0N6U01018,Kalyani Cast Tech Ltd.,SME,,544023.0,2023-11-08,2023-11-10,2023-11-17,139.0,30.11,Bookbuilding,BSE SME,Gretex Corporate,2023,Gretex Share Broking Pvt.Ltd.,chittorgarh,25.0,chittorgarh,5.0,chittorgarh,16.7,chittorgarh,7.51,chittorgarh,264.1,chittorgarh,277.3,chittorgarh,264.1,chittorgarh,277.3,chittorgarh,Working Capital Requirements | General Corporate Purposes,chittorgarh,30.0,chittorgarh,66.4,439.2,191.0,208.6,998.81,4628.11,862.35,6280.1,25.18,100.0,69.83,137.0,True,1000.0,139000.0,7.0,14.0,139.0,19.9,63.0,94.0,139.0,12.0,14.0,20.0,8.0,10.0,14.0,16.1,13.4,19.9,14.0,50.0,65.0,2.0,0.0,0.0,24.0,65.0,75.0,4.0,-9.0,8.0,12.7,57.14,0.14,63.0,8.0,Mar 2023,1.0,sharescart,sharescart,ipowatch,sharescart,,544023.BO,isin_authoritative,ISIN→symbol from official BSE list,match,,Kalyani Cast Tech Ltd.,Kalyani Cast-Tech Ltd,match
INE0PLZ01012,Sunrest Lifescience Ltd.,SME,SUNREST,,2023-11-07,2023-11-09,2023-11-20,84.0,10.85,Fixed Price,NSE SME,Mark Corporate,2023,Svcm Securities Pvt.Ltd.,chittorgarh,10.0,chittorgarh,1.0,chittorgarh,9.1,chittorgarh,,,84.0,chittorgarh,84.0,chittorgarh,79.8,chittorgarh,79.8,chittorgarh,Meeting Working Capital Requirements | General Corporate Purpose,chittorgarh,11.0,chittorgarh,0.0,29.2,65.7,48.5,0.0,158.19,356.51,526.47,9.52,100.0,78.96,84.0,False,1600.0,134400.0,17.9,2.0,33.0,4.7,,,33.0,,,3.0,,,2.0,,,4.7,,,16.0,,,6.0,,,58.0,,,3.0,,,,,,,0.0,sharescart,sharescart,ipowatch,sharescart,SUNREST.NS,,isin_authoritative,ISIN→symbol from official NSE list,match,,Sunrest Lifescience Ltd.,Sunrest Lifescience Limited,match
INE0PDJ01013,ROX Hi-Tech Ltd.,SME,ROXHITECH,,2023-11-07,2023-11-09,2023-11-16,83.0,54.49,Bookbuilding,NSE SME,Swaraj Shares,2023,Share India Securities Ltd.,chittorgarh,43.0,chittorgarh,5.0,chittorgarh,9.3,chittorgarh,13.08,chittorgarh,135.0,chittorgarh,141.75,chittorgarh,135.0,chittorgarh,141.75,chittorgarh,Funding for Capital Expenditure | Funding our working capital requirements | General Corporate Expenses,chittorgarh,54.0,chittorgarh,0.0,0.0,0.0,214.4,0.0,0.0,0.0,11684.37,90.36,83.29,,80.0,True,1600.0,132800.0,9.5,20.0,187.0,8.7,,,187.0,,,32.0,,,20.0,,,8.7,,,110.0,,,5.0,,,206.0,,,-34.0,,,,,,,0.0,sharescart,sharescart,investorgain,,ROXHITECH.NS,,isin_authoritative,ISIN→symbol from official NSE list,match,,ROX Hi-Tech Ltd.,Rox Hi Tech Limited,match
INE0PZK01014,Micropro Software Solutions Ltd.,SME,MICROPRO,,2023-11-03,2023-11-07,2023-11-10,81.0,30.7,Fixed Price,NSE SME,Swaraj Shares,2023,Nikunj Stock Brokers Ltd.,chittorgarh,29.0,chittorgarh,2.0,chittorgarh,6.5,chittorgarh,,,80.0,chittorgarh,80.8,chittorgarh,76.0,chittorgarh,76.0,chittorgarh,Working capital requirements | Funding capital expenditure requirements | General corporate expenses,chittorgarh,31.0,chittorgarh,,22.6,49.07,36.87,,,,,37.04,,,,,,,,,,,,,,,,,,,,,,,,,,,,,,,,,,,,,,,,,,ipowatch,,ipowatch,,MICROPRO.NS,,isin_authoritative,ISIN→symbol from official NSE list,match,,Micropro Software Solutions Ltd.,Micropro Software Solutions Limited,match
INE0QW501012,Baba Food Processing (India) Ltd.,SME,BABAFP,,2023-11-03,2023-11-07,2023-11-15,76.0,32.88,Bookbuilding,NSE SME,Horizon Management,2023,Nikunj Stock Brokers Ltd.,chittorgarh,31.0,chittorgarh,2.0,chittorgarh,6.1,chittorgarh,,,76.0,chittorgarh,76.0,chittorgarh,72.2,chittorgarh,72.2,chittorgarh,"Investment in PFPL for setting up a manufacturing unit in Patna, Bihar, comprising an ultra-modern highly automated roller flour mill and chakki whole wheat atta mill | Funding purchase of machinery for manufacturing Chickpea Flour (Besan) and Roasted Gram Flour (Sattu) in our existing manufacturing unit in Ranchi | Funding working capital requirements of our Company | Prepayment or repayment of all or a portion of certain outstanding unsecured borrowings availed by our Company | General corporate purposes",chittorgarh,33.0,chittorgarh,147.0,84.7,60.8,69.4,97.03,1929.3,582.05,2291.52,13.16,99.99,,72.0,True,1600.0,121600.0,29.2,4.0,206.0,2.6,190.0,184.0,206.0,11.0,12.0,9.0,5.0,6.0,4.0,4.2,3.8,2.6,25.0,59.0,63.0,12.0,9.0,40.0,68.0,90.0,126.0,6.0,16.0,0.0,2.63,20.0,0.48,190.0,5.0,Mar 2023,1.0,sharescart,sharescart,investorgain,,BABAFP.NS,,isin_authoritative,ISIN→symbol from official NSE list,match,,Baba Food Processing (India) Ltd.,Baba Food Processing (India) Limited,match
INE0PUC01020,SAR Televenture Ltd.,SME,SARTELE,,2023-11-01,2023-11-03,2023-11-08,55.0,24.75,Bookbuilding,NSE SME,Pantomath Capital,2023,R.K.Stock Holding Pvt.Ltd.,chittorgarh,23.0,chittorgarh,2.0,chittorgarh,8.0,chittorgarh,7.0,chittorgarh,105.0,chittorgarh,110.25,chittorgarh,105.0,chittorgarh,110.25,chittorgarh,"Installation of 5G/4G towers (hereinafter referred to as the “Project”) | Full or part repayment and /or prepayment of certain outstanding secured borrowings (including foreclosure charges, if any) availed by our Company | Funding the working capital requirements of our Company | General Corporate Purposes (GCP)",chittorgarh,25.0,chittorgarh,77.0,715.8,222.1,288.1,952.88,6200.36,824.55,7130.23,72.73,100.0,69.78,52.0,True,2000.0,110000.0,4.0,47.0,350.0,13.9,32.0,124.0,350.0,6.0,18.0,62.0,4.0,16.0,47.0,2.4,10.4,10.0,12.0,72.0,854.0,4.0,178.0,1.0,24.0,266.0,947.0,-5.0,-209.0,-184.0,12.5,33.33,0.33,32.0,4.0,Mar 2023,1.0,sharescart,sharescart,ipowatch,sharescart,SARTELE.NS,,isin_authoritative,ISIN→symbol from official NSE list,match,,SAR Televenture Ltd.,Sar Televenture Limited,match
INE0QI101019,Mish Designs Ltd.,SME,,544015.0,2023-10-31,2023-11-02,2023-11-07,122.0,9.76,Fixed Price,BSE SME,Aryaman Financial,2023,Nikunj Stock Brokers Ltd.,chittorgarh,9.0,chittorgarh,1.0,chittorgarh,10.0,chittorgarh,,,160.0,chittorgarh,165.0,chittorgarh,124.0,chittorgarh,152.0,chittorgarh,Funding Working capital requirements | To fund branding and marketing initiatives | General Corporate Purpose,chittorgarh,10.0,chittorgarh,0.0,98.4,166.7,135.4,0.0,480.39,813.69,1321.8,40.98,95.75,68.35,122.0,False,1000.0,122000.0,40.7,1.0,18.0,3.0,11.0,13.0,18.0,1.0,2.0,2.0,1.0,1.0,1.0,2.6,2.9,2.8,2.0,11.0,18.0,1.0,0.0,0.0,7.0,14.0,24.0,-1.0,-6.0,-5.0,9.09,50.0,0.5,11.0,1.0,Mar 2023,1.0,sharescart,sharescart,ipowatch,sharescart,,544015.BO,isin_authoritative,ISIN→symbol from official BSE list,match,,Mish Designs Ltd.,Mish Designs Ltd,match
INE0NVI01020,Transteel Seating Technologies Ltd.,SME,TRANSTEEL,,2023-10-30,2023-11-01,2023-11-06,70.0,49.98,Bookbuilding,NSE SME,Gretex Corporate,2023,Gretex Share Broking Pvt.Ltd.,chittorgarh,42.0,chittorgarh,2.0,chittorgarh,4.0,chittorgarh,13.02,chittorgarh,88.9,chittorgarh,93.3,chittorgarh,86.1,chittorgarh,93.3,chittorgarh,Prepayment/ Repayment of Existing Debt Facility | 2 Purchase of Equipments to Facilitate Manufacturing | Working Capital Requirements | General Corporate Purposes,chittorgarh,50.0,chittorgarh,12.2,122.9,39.8,49.2,303.63,2149.54,298.53,2459.52,17.14,83.75,53.83,67.0,True,2000.0,140000.0,11.1,13.0,89.0,6.3,59.0,74.0,89.0,16.0,20.0,22.0,9.0,11.0,13.0,6.8,5.5,6.3,24.0,78.0,100.0,16.0,10.0,14.0,83.0,142.0,162.0,-4.0,-42.0,8.0,15.25,37.5,0.67,59.0,9.0,Mar 2023,1.0,sharescart,sharescart,investorgain,sharescart,TRANSTEEL.NS,,isin_authoritative,ISIN→symbol from official NSE list,match,,Transteel Seating Technologies Ltd.,Transteel Seating Technologies Limited,match
INE0Q6901013,Vrundavan Plantation Ltd.,SME,,544011.0,2023-10-30,2023-11-01,2023-11-06,108.0,15.29,Fixed Price,BSE SME,Interactive Financial,2023,Nikunj Stock Brokers Ltd.,chittorgarh,15.0,chittorgarh,0.0,chittorgarh,0.0,chittorgarh,,,107.0,chittorgarh,107.0,chittorgarh,101.65,chittorgarh,101.65,chittorgarh,Repayment of working capital and unsecured loans | Working Capital Requirement | General Corporate Purposes,chittorgarh,15.0,chittorgarh,0.0,11.6,25.5,18.6,0.0,88.7,195.06,283.99,37.04,85.29,62.65,108.0,False,1200.0,129600.0,32.7,2.0,26.0,3.3,0.0,19.0,26.0,0.0,3.0,3.0,0.0,2.0,2.0,0.0,3.2,3.3,0.0,21.0,24.0,0.0,0.0,0.0,0.0,26.0,33.0,-0.0,-12.0,-3.0,,,,0.0,0.0,Mar 2023,1.0,sharescart,sharescart,ipowatch,sharescart,,544011.BO,isin_authoritative,ISIN→symbol from official BSE list,match,,Vrundavan Plantation Ltd.,Vrundavan Plantation Ltd,match
INE0PLQ01011,Maitreya Medicare Ltd.,SME,MAITREYA,,2023-10-27,2023-11-01,2023-11-07,82.0,14.89,Bookbuilding,NSE SME,GYR Capital,2023,Giriraj Stock Broking Pvt.Ltd.,chittorgarh,14.0,chittorgarh,1.0,chittorgarh,6.7,chittorgarh,4.05,chittorgarh,162.55,chittorgarh,164.0,chittorgarh,154.45,chittorgarh,154.45,chittorgarh,"Making investment through Equity in the subsidiary named ‘Maitreya Hospital Private Limited’ for setting up Hospital at Valsad, Gujarat. | Redemption of part of issued Non-Convertible Redeemable Preference Shares | Funding the working capital requirements of the company | General Corporate Purposes",chittorgarh,15.0,chittorgarh,85.4,744.0,509.4,446.8,635.93,3877.82,1137.84,6653.24,36.59,100.0,86.88,78.0,True,1600.0,131200.0,27.3,2.0,47.0,3.0,39.0,48.0,47.0,8.0,6.0,5.0,4.0,3.0,2.0,8.0,3.9,2.8,15.0,30.0,32.0,6.0,4.0,4.0,29.0,44.0,48.0,3.0,-3.0,5.0,10.26,26.67,0.4,39.0,4.0,Mar 2023,1.0,sharescart,sharescart,ipowatch,sharescart,MAITREYA.NS,,isin_authoritative,ISIN→symbol from official NSE list,match,,Maitreya Medicare Ltd.,Maitreya Medicare Limited,match
INE0Q9Q01017,Shanthala FMCG Products Ltd.,SME,SHANTHALA,,2023-10-27,2023-10-31,2023-11-03,91.0,16.07,Fixed Price,NSE SME,First Overseas,2023,Bhh Securities Pvt.Ltd.,chittorgarh,15.0,chittorgarh,1.0,chittorgarh,6.2,chittorgarh,,,108.0,chittorgarh,113.4,chittorgarh,103.0,chittorgarh,103.55,chittorgarh,Funding additional Working capital requirements | General Corporate Purposes,chittorgarh,16.0,chittorgarh,0.0,4.8,3.1,3.9,0.0,38.26,24.51,62.85,,77.44,57.02,91.0,False,1200.0,109200.0,65.0,1.0,53.0,1.4,,41.0,53.0,,1.0,1.0,,0.0,1.0,,0.4,1.4,,22.0,23.0,,0.0,0.0,,23.0,25.0,,-15.0,-0.0,,,,,,,0.0,sharescart,sharescart,,sharescart,SHANTHALA.NS,,isin_authoritative,ISIN→symbol from official NSE list,match,,Shanthala FMCG Products Ltd.,Shanthala FMCG Products Limited,match
INE0OH401016,KK Shah Hospitals Ltd.,SME,,544013.0,2023-10-27,2023-10-31,2023-11-06,45.0,8.78,Fixed Price,BSE SME,Shreni Shares,2023,Rikhav Securities Ltd.,chittorgarh,8.0,chittorgarh,1.0,chittorgarh,11.1,chittorgarh,,,56.1,chittorgarh,58.9,chittorgarh,53.3,chittorgarh,58.9,chittorgarh,Purchase of medical equipment | General corporate purposes | Public Issue Expenses,chittorgarh,9.0,chittorgarh,0.0,17.8,9.4,13.6,0.0,77.88,41.29,119.16,11.11,100.0,71.36,45.0,False,3000.0,135000.0,-90.0,0.0,9.0,-0.5,2.0,7.0,9.0,0.0,1.0,1.0,0.0,1.0,-0.0,0.4,0.9,-0.5,5.0,14.0,13.0,0.0,0.0,0.0,6.0,15.0,16.0,1.0,-1.0,2.0,0.0,0.0,0.0,2.0,0.0,Mar 2023,1.0,sharescart,sharescart,ipowatch,sharescart,,544013.BO,isin_authoritative,ISIN→symbol from official BSE list,match,,KK Shah Hospitals Ltd.,KK Shah Hospitals Ltd,match
INE0N4G01012,Paragon Fine & Speciality Chemical Ltd.,SME,PARAGON,,2023-10-26,2023-10-30,2023-11-03,100.0,51.66,Bookbuilding,NSE SME,Hem Securities,2023,Hem Finlease Pvt.Ltd.,chittorgarh,49.0,chittorgarh,3.0,chittorgarh,5.8,chittorgarh,14.7,chittorgarh,225.0,chittorgarh,236.0,chittorgarh,213.75,chittorgarh,213.75,chittorgarh,"Funding capital expenditure towards civil construction work in the existing premises of factory | Repayment in full or in part, of certain of the outstanding borrowings | Funding Capital Expenditure towards installation of additional plant and machinery for Expansion | Funding to meet working capital requirements | General Corporate Purpose",chittorgarh,52.0,chittorgarh,81.4,419.5,185.3,205.7,2102.05,7584.26,1435.73,10628.53,105.0,100.0,47.7,95.0,True,1200.0,120000.0,33.3,6.0,116.0,3.0,104.0,121.0,116.0,16.0,21.0,10.0,10.0,14.0,6.0,6.8,7.3,3.0,22.0,83.0,89.0,14.0,8.0,3.0,71.0,106.0,104.0,-2.0,0.0,-6.0,9.62,45.45,0.64,104.0,10.0,Mar 2023,1.0,sharescart,sharescart,investorgain,sharescart,PARAGON.NS,,isin_authoritative,ISIN→symbol from official NSE list,match,,Paragon Fine & Speciality Chemical Ltd.,Paragon Fine and Speciality Chemical Limited,match
INE00ER01015,On Door Concepts Ltd.,SME,ONDOOR,,2023-10-23,2023-10-27,2023-11-01,208.0,31.18,Fixed Price,NSE SME,First Overseas,2023,Bhh Securities Pvt.Ltd.,chittorgarh,29.0,chittorgarh,2.0,chittorgarh,6.5,chittorgarh,,,214.0,chittorgarh,218.0,chittorgarh,203.3,chittorgarh,203.4,chittorgarh,Augmenting additional working capital requirements | General Corporate Purposes,chittorgarh,31.0,chittorgarh,0.0,3.2,7.9,5.6,0.0,49.26,122.67,174.27,7.21,51.92,38.14,208.0,False,600.0,124800.0,15.1,8.0,273.0,13.8,180.0,234.0,273.0,4.0,9.0,12.0,13.0,6.0,8.0,33.1,10.7,13.8,51.0,92.0,100.0,0.0,0.0,0.0,89.0,112.0,128.0,21.0,-25.0,5.0,7.22,25.49,0.0,180.0,13.0,Mar 2023,1.0,sharescart,sharescart,investorgain,sharescart,ONDOOR.NS,,isin_authoritative,ISIN→symbol from official NSE list,match,,On Door Concepts Ltd.,On Door Concepts Limited,match
INE0BZQ01011,Rajgor Castor Derivatives Ltd.,SME,RCDL,,2023-10-17,2023-10-20,2023-10-31,50.0,47.81,Bookbuilding,NSE SME,Beeline Capital,2023,Spread X Securities Pvt.Ltd.,chittorgarh,42.0,chittorgarh,3.0,chittorgarh,6.2,chittorgarh,13.56,chittorgarh,59.0,chittorgarh,61.95,chittorgarh,56.05,chittorgarh,61.1,chittorgarh,To Meet Working Capital Requirements | General Corporate Purpose,chittorgarh,48.0,chittorgarh,35.5,260.0,80.7,107.4,849.02,4350.42,578.68,5135.69,20.0,100.0,,47.0,True,3000.0,150000.0,13.2,9.0,625.0,3.8,429.0,565.0,625.0,12.0,20.0,23.0,6.0,10.0,9.0,3.7,4.1,3.8,24.0,74.0,83.0,4.0,2.0,1.0,78.0,188.0,155.0,-40.0,-34.0,11.0,1.4,25.0,0.17,429.0,6.0,Mar 2023,1.0,sharescart,sharescart,ipowatch,,RCDL.NS,,isin_authoritative,ISIN→symbol from official NSE list,match,,Rajgor Castor Derivatives Ltd.,Rajgor Castor Derivatives Limited,match
INE0Q9601016,WomanCart Ltd.,SME,WOMANCART,,2023-10-16,2023-10-18,2023-10-27,86.0,9.56,Fixed Price,NSE SME,Narnolia Financial,2023,Nikunj Stock Brokers Ltd.,chittorgarh,9.0,chittorgarh,1.0,chittorgarh,10.0,chittorgarh,,,117.0,chittorgarh,122.85,chittorgarh,117.0,chittorgarh,122.85,chittorgarh,To meet out the expenses on Branding and Marketing | To meet the expenses on App Development | To meet out the Working Capital requirements. | To meet out the General Corporate Purposes;,chittorgarh,10.0,chittorgarh,0.0,56.3,71.9,67.5,0.0,269.2,343.99,645.32,34.88,78.01,57.4,86.0,False,1600.0,137600.0,5.9,7.0,59.0,14.5,10.0,29.0,59.0,1.0,4.0,11.0,1.0,3.0,7.0,1.9,6.8,11.9,3.0,17.0,67.0,1.0,0.0,1.0,6.0,26.0,90.0,0.0,-10.0,-27.0,10.0,33.33,0.33,10.0,1.0,Mar 2023,1.0,sharescart,sharescart,investorgain,sharescart,WOMANCART.NS,,isin_authoritative,ISIN→symbol from official NSE list,match,,WomanCart Ltd.,Womancart Limited,match
INE0P4T01013,Arvind & Co.Shipping Agencies Ltd.,SME,ARVINDPORT,,2023-10-12,2023-10-16,2023-10-25,45.0,14.74,Fixed Price,NSE SME,Beeline Capital,2023,Spread X Securities Pvt.Ltd.,chittorgarh,14.0,chittorgarh,1.0,chittorgarh,6.7,chittorgarh,,,80.0,chittorgarh,84.0,chittorgarh,76.0,chittorgarh,80.05,chittorgarh,Funding Capital Expenditure of the company | General Corporate Purpose,chittorgarh,15.0,chittorgarh,0.0,436.1,322.0,385.0,0.0,3214.12,2373.24,5676.11,40.0,100.0,73.0,45.0,False,3000.0,135000.0,6.4,10.0,24.0,7.0,,,24.0,,,20.0,,,10.0,,,4.0,,,81.0,,,7.0,,,103.0,,,8.0,,,,,,,0.0,sharescart,sharescart,investorgain,sharescart,ARVINDPORT.NS,,isin_authoritative,ISIN→symbol from official NSE list,match,,Arvind & Co.Shipping Agencies Ltd.,ARVIND PORT AND INFRA LIMITED,match
INE597Z01014,Committed Cargo Care Ltd.,SME,COMMITTED,,2023-10-06,2023-10-10,2023-10-18,77.0,24.95,Fixed Price,NSE SME,Fedex Securities,2023,Nikunj Stock Brokers Ltd.,chittorgarh,24.0,chittorgarh,1.0,chittorgarh,4.0,chittorgarh,,,82.0,chittorgarh,86.1,chittorgarh,82.0,chittorgarh,86.1,chittorgarh,Meeting working capital requirements | General corporate purposes,chittorgarh,25.0,chittorgarh,0.0,94.2,78.7,87.8,0.0,1176.5,983.29,2192.64,19.48,100.0,25.35,77.0,False,1600.0,123200.0,10.7,8.0,190.0,7.2,80.0,143.0,190.0,3.0,6.0,12.0,2.0,4.0,8.0,2.5,3.8,7.2,14.0,58.0,76.0,0.0,0.0,1.0,26.0,69.0,89.0,-0.0,-3.0,-6.0,2.5,14.29,0.0,80.0,2.0,Mar 2018,1.0,sharescart,sharescart,ipowatch,sharescart,COMMITTED.NS,,isin_authoritative,ISIN→symbol from official NSE list,match,,Committed Cargo Care Ltd.,Committed Cargo Care Limited,match
INE0PQ001012,Vishnusurya Projects & Infra Ltd.,SME,VISHNUINFR,,2023-09-29,2023-10-05,2023-10-10,68.0,49.98,Fixed Price,NSE SME,Khandwala Securities,2023,Nikunj Stock Brokers Ltd.,chittorgarh,47.0,chittorgarh,3.0,chittorgarh,6.0,chittorgarh,,,73.0,chittorgarh,76.65,chittorgarh,73.0,chittorgarh,76.65,chittorgarh,"Funding of working capital requirements of the Company | Repayment / Prepayment, in part or full, of certain outstanding borrowings availed by the Company; and | General Corporate Purposes",chittorgarh,50.0,chittorgarh,0.0,36.3,43.6,44.1,0.0,907.64,1090.31,2204.62,10.29,100.0,63.69,68.0,False,2000.0,136000.0,5.7,29.0,271.0,12.0,76.0,132.0,271.0,36.0,33.0,50.0,22.0,17.0,29.0,10.1,9.6,12.0,42.0,60.0,158.0,26.0,24.0,36.0,118.0,121.0,301.0,-11.0,11.0,8.0,12.88,28.33,0.4,132.0,17.0,Mar 2023,2.0,sharescart,sharescart,investorgain,sharescart,VISHNUINFR.NS,,isin_authoritative,ISIN→symbol from official NSE list,match,,Vishnusurya Projects & Infra Ltd.,Vishnusurya Projects and Infra Limited,match
INE460Q01014,Sharp Chucks & Machines Ltd.,SME,SCML,,2023-09-29,2023-10-05,2023-10-12,58.0,16.84,Fixed Price,NSE SME,Fedex Securities,2023,Nikunj Stock Brokers Ltd.,chittorgarh,5.0,chittorgarh,11.0,chittorgarh,64.7,chittorgarh,,,66.0,chittorgarh,69.0,chittorgarh,63.0,chittorgarh,65.05,chittorgarh,Funding the working capital requirements; and | General corporate purposes,chittorgarh,17.0,chittorgarh,0.0,38.8,63.7,54.2,0.0,326.42,536.37,912.9,43.1,80.28,73.0,58.0,False,2000.0,116000.0,8.3,8.0,246.0,7.0,176.0,202.0,246.0,21.0,25.0,30.0,5.0,6.0,8.0,5.2,5.7,6.6,52.0,61.0,84.0,31.0,20.0,19.0,180.0,197.0,252.0,15.0,21.0,-12.0,2.84,9.62,0.6,176.0,5.0,Mar 2023,1.0,sharescart,sharescart,ipowatch,sharescart,SCML.NS,,isin_authoritative,ISIN→symbol from official NSE list,match,,Sharp Chucks & Machines Ltd.,Sharp Chucks and Machines Limited,match
INE0PXD01014,Plada Infotech Services Ltd.,SME,PLADAINFO,,2023-09-29,2023-10-05,2023-10-13,48.0,12.36,Fixed Price,NSE SME,Indorient Financial,2023,Nikunj Stock Brokers Ltd.,chittorgarh,12.0,chittorgarh,0.0,chittorgarh,0.0,chittorgarh,,,59.0,chittorgarh,60.0,chittorgarh,56.05,chittorgarh,56.05,chittorgarh,"To meet the working capital requirements | To purchase Laptops and Accessories for IT Development; | Repayment and / or prepayment in part or in full, of certain outstanding loans of the Company; | General Corporate Purposes",chittorgarh,12.0,chittorgarh,0.0,39.8,73.8,57.9,0.0,245.93,455.78,714.75,14.58,89.5,62.64,48.0,False,3000.0,144000.0,21.8,2.0,67.0,2.2,62.0,63.0,67.0,5.0,6.0,5.0,2.0,3.0,2.0,3.9,3.1,2.2,8.0,22.0,23.0,12.0,11.0,9.0,28.0,39.0,44.0,4.0,-4.0,3.0,3.23,25.0,1.5,62.0,2.0,Mar 2023,1.0,sharescart,sharescart,investorgain,sharescart,PLADAINFO.NS,,isin_authoritative,ISIN→symbol from official NSE list,match,,Plada Infotech Services Ltd.,Plada Infotech Services Limited,match
INE0MGA01012,Karnika Industries Ltd.,SME,KARNIKA,,2023-09-29,2023-10-05,2023-10-12,76.0,25.07,Fixed Price,NSE SME,Beeline Capital,2023,Spread X Securities Pvt.Ltd.,chittorgarh,24.0,chittorgarh,1.0,chittorgarh,4.0,chittorgarh,,,81.0,chittorgarh,85.05,chittorgarh,81.0,chittorgarh,82.6,chittorgarh,To Meet Working Capital Requirement | General Corporate Purpose,chittorgarh,25.0,chittorgarh,0.0,3.2,2.9,3.1,0.0,40.37,36.48,76.98,3.95,100.0,51.62,76.0,False,1600.0,121600.0,5.2,18.0,173.0,14.5,125.0,127.0,173.0,17.0,19.0,30.0,8.0,10.0,18.0,1.8,1.6,2.9,18.0,53.0,71.0,0.0,2.0,1.0,98.0,120.0,154.0,-53.0,-6.0,4.0,6.4,44.44,0.0,125.0,8.0,Mar 2023,1.0,sharescart,sharescart,investorgain,sharescart,KARNIKA.NS,,isin_authoritative,ISIN→symbol from official NSE list,match,,Karnika Industries Ltd.,Karnika Industries Limited,match
INE0PA601017,Vivaa Tradecom Ltd.,SME,,544002.0,2023-09-27,2023-10-04,2023-10-12,51.0,7.99,Fixed Price,BSE SME,Interactive Financial,2023,Asnani Stock Broker Pvt.Ltd.,chittorgarh,8.0,chittorgarh,0.0,chittorgarh,0.0,chittorgarh,,,40.8,chittorgarh,42.82,chittorgarh,38.76,chittorgarh,42.54,chittorgarh,Working capital requirement | General Corporate Purpose,chittorgarh,8.0,chittorgarh,0.0,0.7,2.9,1.8,0.0,2.8,11.42,14.46,,50.0,30.11,51.0,False,2000.0,102000.0,26.8,1.0,288.0,1.9,134.0,198.0,288.0,1.0,1.0,1.0,0.0,1.0,1.0,1.3,1.8,1.9,12.0,21.0,22.0,4.0,4.0,4.0,49.0,63.0,91.0,2.0,-8.0,-0.0,0.0,0.0,0.33,134.0,0.0,Mar 2023,1.0,sharescart,sharescart,,sharescart,,544002.BO,isin_authoritative,ISIN→symbol from official BSE list,match,,Vivaa Tradecom Ltd.,Vivaa Tradecom Ltd,match
INE0KFF01017,E Factor Experiences Ltd.,SME,EFACTOR,,2023-09-27,2023-10-03,2023-10-09,75.0,25.92,Bookbuilding,NSE SME,Hem Securities,2023,Hem Finlease Pvt.Ltd.,chittorgarh,25.0,chittorgarh,1.0,chittorgarh,3.8,chittorgarh,7.38,chittorgarh,115.0,chittorgarh,120.75,chittorgarh,115.0,chittorgarh,120.75,chittorgarh,"Investment in Subsidiary | To meet Working Capital requirements | Repayment and/or pre-payment, in full or part, of certain borrowings availed by the Company | General Corporate Purpose",chittorgarh,26.0,chittorgarh,46.1,168.3,47.8,73.1,597.33,654.19,433.46,1895.79,26.67,100.0,21.72,71.0,True,1600.0,120000.0,4.9,20.0,172.0,15.4,119.0,149.0,172.0,12.0,23.0,29.0,7.0,15.0,20.0,7.3,11.6,15.4,12.0,50.0,71.0,3.0,1.0,1.0,56.0,96.0,150.0,1.0,0.0,-17.0,5.88,58.33,0.25,119.0,7.0,Mar 2023,1.0,sharescart,sharescart,ipowatch,sharescart,EFACTOR.NS,,isin_authoritative,ISIN→symbol from official NSE list,match,,E Factor Experiences Ltd.,E Factor Experiences Limited,match
INE0KZ301010,Kontor Space Ltd.,SME,KONTOR,,2023-09-27,2023-10-03,2023-10-10,93.0,15.62,Fixed Price,NSE SME,Srujan Alpha Capital,2023,Rikhav Securities Ltd.,chittorgarh,15.0,chittorgarh,1.0,chittorgarh,6.2,chittorgarh,,,122.0,chittorgarh,122.0,chittorgarh,115.9,chittorgarh,115.9,chittorgarh,To make the payment of Rental Deposits of new co-working centers | To carry out the Capital Expenditure for fit outs of new co-working centers | General Corporate Purpose,chittorgarh,16.0,chittorgarh,0.0,41.9,95.5,71.0,0.0,327.09,745.97,1108.84,32.26,98.2,,93.0,False,1200.0,111600.0,13.9,4.0,20.0,6.7,9.0,11.0,20.0,4.0,4.0,6.0,2.0,2.0,4.0,4.2,3.2,6.7,5.0,22.0,26.0,5.0,5.0,4.0,13.0,31.0,38.0,3.0,0.0,1.0,22.22,40.0,1.0,9.0,2.0,Mar 2023,1.0,sharescart,sharescart,ipowatch,,KONTOR.NS,,isin_authoritative,ISIN→symbol from official NSE list,match,,Kontor Space Ltd.,Kontor Space Limited,match
INE0OLS01010,Vinyas Innovative Technologies Ltd.,SME,VINYAS,,2023-09-27,2023-10-03,2023-10-06,165.0,54.66,Bookbuilding,NSE SME,Sarthi Capital Advisors,2023,Gretex Share Broking Pvt.Ltd.,chittorgarh,52.0,chittorgarh,3.0,chittorgarh,5.5,chittorgarh,15.56,chittorgarh,330.0,chittorgarh,346.5,chittorgarh,313.5,chittorgarh,346.5,chittorgarh,Working Capital requirements of our Company | General Corporate Purposes,chittorgarh,55.0,chittorgarh,0.0,0.0,0.0,43.2,0.0,0.0,0.0,2363.55,18.18,39.87,29.37,162.0,True,800.0,132000.0,10.7,19.0,397.0,15.4,235.0,317.0,397.0,25.0,37.0,44.0,7.0,15.0,19.0,9.8,12.2,15.4,46.0,128.0,147.0,19.0,12.0,8.0,215.0,308.0,330.0,12.0,-29.0,9.0,2.98,15.22,0.41,235.0,7.0,Mar 2023,1.0,sharescart,sharescart,ipowatch,sharescart,VINYAS.NS,,isin_authoritative,ISIN→symbol from official NSE list,match,,Vinyas Innovative Technologies Ltd.,Vinyas Innovative Technologies Limited,match
INE0OPS01011,Oneclick Logistics India Ltd.,SME,OLIL,,2023-09-27,2023-10-03,2023-10-11,99.0,9.91,Fixed Price,NSE SME,Fedex Securities,2023,SS Corporate Securities Ltd.,chittorgarh,9.0,chittorgarh,1.0,chittorgarh,10.0,chittorgarh,,,140.0,chittorgarh,140.0,chittorgarh,133.0,chittorgarh,133.0,chittorgarh,Meeting incremental working capital requirements; | General corporate purposes,chittorgarh,10.0,chittorgarh,0.0,139.5,224.2,185.2,0.0,690.83,1110.63,1835.05,35.35,100.0,75.0,99.0,False,1200.0,118800.0,16.8,2.0,45.0,5.9,,,45.0,,,3.0,,,2.0,,,5.9,,,14.0,,,0.0,,,19.0,,,1.0,,,,,,,0.0,sharescart,sharescart,ipowatch,sharescart,OLIL.NS,,isin_authoritative,ISIN→symbol from official NSE list,match,,Oneclick Logistics India Ltd.,Oneclick Logistics India Limited,match
INE0QG301017,Canarys Automations Ltd.,SME,CANARYS,,2023-09-27,2023-10-03,2023-10-11,31.0,47.03,Bookbuilding,NSE SME,Indorient Financial,2023,Alacrity Securities Ltd.,chittorgarh,45.0,chittorgarh,2.0,chittorgarh,4.3,chittorgarh,10.02,chittorgarh,43.45,chittorgarh,44.9,chittorgarh,41.3,chittorgarh,41.3,chittorgarh,Funding of expenditure relating to solutions development for digital transformation and water resources management solutions | Creation of new delivery centre including infrastructure thereof and upgrading existing facilities; | Funding working capital requirements of the Company | General corporate purposes,chittorgarh,47.0,chittorgarh,0.0,0.0,0.0,9.9,0.0,0.0,0.0,467.51,16.13,77.49,,29.0,True,4000.0,124000.0,20.7,8.0,89.0,1.5,75.0,75.0,89.0,14.0,12.0,13.0,9.0,8.0,8.0,2.0,1.4,1.4,25.0,74.0,87.0,0.0,0.0,0.0,61.0,104.0,120.0,-7.0,-12.0,4.0,12.0,36.0,0.0,75.0,9.0,Mar 2023,1.0,sharescart,sharescart,ipowatch,,CANARYS.NS,,isin_authoritative,ISIN→symbol from official NSE list,match,,Canarys Automations Ltd.,Canarys Automations Limited,match
INE0Q1S01010,Sunita Tools Ltd.,SME,,544001.0,2023-09-26,2023-10-03,2023-10-11,145.0,22.04,Fixed Price,BSE SME,Aryaman Financial,2023,SS Corporate Securities Ltd.,chittorgarh,18.0,chittorgarh,3.0,chittorgarh,13.6,chittorgarh,,,155.0,chittorgarh,158.0,chittorgarh,147.25,chittorgarh,147.25,chittorgarh,Funding working capital requirements of the Company | General Corporate Purposes | Total,chittorgarh,22.0,chittorgarh,0.0,5.3,21.1,13.2,0.0,58.08,232.52,291.81,37.93,100.0,29.4,145.0,False,1000.0,145000.0,16.9,5.0,30.0,8.6,,26.0,30.0,,8.0,9.0,,5.0,5.0,,8.6,8.4,,26.0,47.0,,4.0,0.0,,38.0,59.0,,-3.0,-8.0,,,,,,,0.0,sharescart,sharescart,ipowatch,sharescart,,544001.BO,isin_authoritative,ISIN→symbol from official BSE list,match,,Sunita Tools Ltd.,Sunita Tools Ltd,match
INE0QFE01017,Goyal Salt Ltd.,SME,GOYALSALT,,2023-09-26,2023-10-03,2023-10-11,38.0,18.63,Bookbuilding,NSE SME,Holani Consultants,2023,Holani Consultants Pvt.Ltd.,chittorgarh,18.0,chittorgarh,1.0,chittorgarh,5.3,chittorgarh,5.0,chittorgarh,130.0,chittorgarh,136.5,chittorgarh,123.5,chittorgarh,136.1,chittorgarh,Capital Expenditure for Quality Enhancement; | Brand Creation and Marketing Expenses | Funding the working capital requirements of our Company | General corporate purposes,chittorgarh,19.0,chittorgarh,0.0,0.0,0.0,294.6,0.0,0.0,0.0,5487.88,39.47,100.0,,36.0,True,3000.0,114000.0,5.1,13.0,130.0,7.4,118.0,118.0,130.0,7.0,14.0,19.0,4.0,9.0,13.0,2.7,5.3,7.4,16.0,42.0,56.0,0.0,0.0,15.0,30.0,53.0,85.0,-2.0,5.0,12.0,3.39,25.0,0.0,118.0,4.0,Mar 2023,1.0,sharescart,sharescart,ipowatch,,GOYALSALT.NS,,isin_authoritative,ISIN→symbol from official NSE list,match,,Goyal Salt Ltd.,Goyal Salt Limited,match
INE0M7501019,City Crops Agro Ltd.,SME,,544000.0,2023-09-26,2023-09-29,2023-10-10,25.0,15.0,Fixed Price,BSE SME,Turnaround Corporate,2023,MNM Stock Broking Pvt.Ltd.,chittorgarh,14.0,chittorgarh,1.0,chittorgarh,6.7,chittorgarh,,,25.5,chittorgarh,26.0,chittorgarh,24.9,chittorgarh,25.42,chittorgarh,To meet the working capital requirements of the company | General Corporate Purposes,chittorgarh,15.0,chittorgarh,0.0,2.2,4.8,3.5,0.0,16.12,35.85,52.05,8.0,86.51,54.7,25.0,False,6000.0,150000.0,16.7,2.0,56.0,1.5,25.0,45.0,56.0,1.0,3.0,3.0,1.0,2.0,2.0,1.1,1.4,1.5,12.0,29.0,32.0,0.0,0.0,0.0,14.0,32.0,40.0,-1.0,-12.0,-0.0,4.0,8.33,0.0,25.0,1.0,Mar 2023,1.0,sharescart,sharescart,ipowatch,sharescart,,544000.BO,isin_authoritative,ISIN→symbol from official BSE list,match,,City Crops Agro Ltd.,City Crops Agro Ltd,match
INE0QJ901011,Digikore Studios Ltd.,SME,DIGIKORE,,2023-09-25,2023-09-27,2023-10-04,171.0,30.48,Bookbuilding,NSE SME,Sarthi Capital Advisors,2023,Gretex Share Broking Pvt.Ltd.,chittorgarh,19.0,chittorgarh,9.0,chittorgarh,30.0,chittorgarh,8.22,chittorgarh,270.0,chittorgarh,283.5,chittorgarh,270.0,chittorgarh,283.5,chittorgarh,Funding Working Capital requirements | General Corporate Purposes,chittorgarh,30.0,chittorgarh,65.6,362.7,370.2,281.6,1000.17,1657.98,3948.85,8582.29,61.4,93.38,66.55,168.0,True,800.0,136800.0,-15.0,-7.0,36.0,-11.4,36.0,47.0,36.0,7.0,15.0,-4.0,4.0,10.0,-7.0,4.1,7.5,-5.7,5.0,42.0,35.0,1.0,8.0,5.0,19.0,58.0,82.0,1.0,-17.0,-22.0,11.11,80.0,0.2,36.0,4.0,Mar 2023,1.0,sharescart,sharescart,ipowatch,sharescart,DIGIKORE.NS,,isin_authoritative,ISIN→symbol from official NSE list,match,,Digikore Studios Ltd.,Digikore Studios Limited,match
INE0PSK01027,Saakshi Medtech & Panels Ltd.,SME,SAAKSHI,,2023-09-25,2023-09-27,2023-10-03,97.0,45.16,Bookbuilding,NSE SME,Hem Securities,2023,Hem Finlease Pvt.Ltd.,chittorgarh,43.0,chittorgarh,2.0,chittorgarh,4.4,chittorgarh,12.85,chittorgarh,146.0,chittorgarh,153.3,chittorgarh,146.0,chittorgarh,153.3,chittorgarh,"Repayment in full or in part, of certain of our outstanding borrowings | Funding to meet working capital requirements | General Corporate Purpose",chittorgarh,45.0,chittorgarh,37.4,200.8,75.9,91.7,843.42,1360.18,1199.44,4139.21,37.11,100.0,24.61,92.0,True,1200.0,116400.0,35.9,5.0,92.0,2.7,122.0,122.0,92.0,21.0,21.0,11.0,12.0,11.0,5.0,9.5,6.4,2.7,42.0,93.0,98.0,7.0,15.0,14.0,93.0,131.0,131.0,11.0,7.0,3.0,9.84,28.57,0.17,122.0,12.0,Mar 2023,1.0,sharescart,sharescart,investorgain,sharescart,SAAKSHI.NS,,isin_authoritative,ISIN→symbol from official NSE list,match,,Saakshi Medtech & Panels Ltd.,Saakshi Medtech and Panels Limited,match
INE0NDX01019,Inspire Films Ltd.,SME,INSPIRE,,2023-09-25,2023-09-27,2023-10-05,59.0,21.23,Bookbuilding,NSE SME,Narnolia Financial,2023,Share India Securities Ltd.,chittorgarh,20.0,chittorgarh,1.0,chittorgarh,4.8,chittorgarh,6.03,chittorgarh,67.0,chittorgarh,70.35,chittorgarh,64.2,chittorgarh,67.85,chittorgarh,To meet the Working Capital requirements of the Company. | To meet out the General Corporate Purposes; and,chittorgarh,21.0,chittorgarh,0.0,0.0,0.0,129.1,0.0,0.0,0.0,2740.14,42.37,93.98,69.17,56.0,True,2000.0,118000.0,-15.5,-5.0,8.0,-3.8,49.0,30.0,8.0,7.0,6.0,-3.0,4.0,3.0,-5.0,4.1,1.9,-3.7,13.0,34.0,29.0,7.0,7.0,6.0,41.0,46.0,49.0,-2.0,-15.0,0.0,8.16,30.77,0.54,49.0,4.0,Mar 2023,1.0,sharescart,sharescart,ipowatch,sharescart,INSPIRE.NS,,isin_authoritative,ISIN→symbol from official NSE list,match,,Inspire Films Ltd.,Inspire Films Limited,match
INE0PW501021,Newjaisa Technologies Ltd.,SME,NEWJAISA,,2023-09-25,2023-09-27,2023-10-05,47.0,39.93,Bookbuilding,NSE SME,Indorient Financial,2023,Nikunj Stock Brokers Ltd.,chittorgarh,38.0,chittorgarh,2.0,chittorgarh,5.0,chittorgarh,11.36,chittorgarh,71.0,chittorgarh,74.55,chittorgarh,67.45,chittorgarh,70.8,chittorgarh,"Expansion of refurbishment facility and purchase of plant, machinery and equipment | Investment in technology development | Branding & Marketing | Funding Working Capital requirement | Repayment of Bank facilities | General Corporate purposes",chittorgarh,40.0,chittorgarh,0.0,0.0,0.0,6.9,0.0,0.0,0.0,273.53,10.64,94.23,,44.0,True,3000.0,141000.0,-67.1,-1.0,66.0,-0.7,45.0,62.0,66.0,9.0,9.0,1.0,7.0,6.0,-1.0,3.0,2.0,-0.3,9.0,55.0,78.0,0.0,2.0,2.0,22.0,66.0,94.0,-4.0,-21.0,-7.0,15.56,77.78,0.0,45.0,7.0,Mar 2023,1.0,sharescart,sharescart,ipowatch,,NEWJAISA.NS,,isin_authoritative,ISIN→symbol from official NSE list,match,,Newjaisa Technologies Ltd.,Newjaisa Technologies Limited,match
INE08NJ01024,Arabian Petroleum Ltd.,SME,ARABIAN,,2023-09-25,2023-09-27,2023-10-09,70.0,20.24,Fixed Price,NSE SME,Hem Securities,2023,Hem Finlease Pvt.Ltd.,chittorgarh,19.0,chittorgarh,1.0,chittorgarh,5.0,chittorgarh,,,77.4,chittorgarh,78.8,chittorgarh,74.25,chittorgarh,76.25,chittorgarh,To meet Working Capital requirements | General Corporate Purpose,chittorgarh,20.0,chittorgarh,0.0,15.7,23.2,19.9,0.0,159.12,234.73,403.06,12.86,80.0,61.47,70.0,False,2000.0,140000.0,7.8,9.0,285.0,9.0,,262.0,285.0,,15.0,17.0,,7.0,9.0,,6.2,8.3,,49.0,58.0,,1.0,1.0,,99.0,106.0,,-9.0,12.0,,,,,,,0.0,sharescart,sharescart,investorgain,sharescart,ARABIAN.NS,,isin_authoritative,ISIN→symbol from official NSE list,match,,Arabian Petroleum Ltd.,Arabian Petroleum Limited,match
INE0MIO01019,Organic Recycling Systems Ltd.,SME,,543997.0,2023-09-21,2023-09-26,2023-10-06,200.0,50.0,Fixed Price,BSE SME,Arihant Capital,2023,Arihant Capital Markets Ltd.,chittorgarh,47.0,chittorgarh,3.0,chittorgarh,6.0,chittorgarh,,,215.0,chittorgarh,225.75,chittorgarh,214.0,chittorgarh,225.75,chittorgarh,Reduction of the aggregate outstanding borrowings of the Company | Towards general corporate purposes,chittorgarh,50.0,chittorgarh,0.0,2.0,1.2,1.6,0.0,49.5,29.75,79.51,5.0,30.14,20.35,200.0,False,600.0,120000.0,9.8,16.0,44.0,20.4,25.0,27.0,44.0,12.0,11.0,21.0,4.0,8.0,16.0,7.0,10.1,18.2,26.0,82.0,135.0,67.0,31.0,35.0,112.0,126.0,185.0,-24.0,3.0,-7.0,16.0,15.38,2.58,25.0,4.0,Mar 2023,1.0,sharescart,sharescart,ipowatch,sharescart,,543997.BO,isin_authoritative,ISIN→symbol from official BSE list,match,,Organic Recycling Systems Ltd.,Organic Recycling Systems Ltd,match
INE0PIC01017,Hi-Green Carbon Ltd.,SME,HIGREEN,,2023-09-21,2023-09-25,2023-09-28,75.0,52.8,Bookbuilding,NSE SME,Beeline Capital,2023,Spread X Securities Pvt.Ltd.,chittorgarh,42.0,chittorgarh,8.0,chittorgarh,15.1,chittorgarh,14.88,chittorgarh,77.0,chittorgarh,80.85,chittorgarh,75.45,chittorgarh,80.85,chittorgarh,Setting up of new Manufacturing Unit at Maharashtra | To Meet Working Capital Requirements | General Corporate Purpose,chittorgarh,53.0,chittorgarh,70.0,236.8,196.4,168.9,1846.68,1875.14,3628.55,8918.98,26.67,100.0,71.83,71.0,True,1600.0,120000.0,16.7,11.0,97.0,4.5,78.0,70.0,97.0,20.0,18.0,21.0,12.0,10.0,11.0,6.5,4.1,4.5,24.0,76.0,87.0,4.0,14.0,31.0,45.0,105.0,141.0,10.0,-2.0,12.0,15.38,50.0,0.17,78.0,12.0,Mar 2023,1.0,sharescart,sharescart,ipowatch,sharescart,HIGREEN.NS,,isin_authoritative,ISIN→symbol from official NSE list,match,,Hi-Green Carbon Ltd.,Hi-Green Carbon Limited,match
INE00C401011,Mangalam Alloys Ltd.,SME,MAL,,2023-09-21,2023-09-25,2023-10-04,80.0,54.91,Fixed Price,NSE SME,Expert Global,2023,Rikhav Securities Ltd.,chittorgarh,46.0,chittorgarh,6.0,chittorgarh,10.9,chittorgarh,,,80.0,chittorgarh,80.0,chittorgarh,76.0,chittorgarh,76.0,chittorgarh,Working capital requirement; | Capital Expenditure for business expansion and research and Development; | General Corporate Purposes; and,chittorgarh,55.0,chittorgarh,0.0,2.4,8.7,5.6,0.0,66.17,239.69,305.86,31.25,100.0,42.17,80.0,False,1600.0,128000.0,14.8,13.0,431.0,5.4,303.0,305.0,431.0,38.0,35.0,55.0,10.0,11.0,13.0,5.5,4.6,5.4,79.0,135.0,143.0,58.0,52.0,47.0,332.0,390.0,460.0,13.0,9.0,1.0,3.3,12.66,0.73,303.0,10.0,Mar 2023,1.0,sharescart,sharescart,ipowatch,sharescart,MAL.NS,,isin_authoritative,ISIN→symbol from official NSE list,match,,Mangalam Alloys Ltd.,Mangalam Alloys Limited,match
INE0QP001012,Marco Cables & Conductors Ltd.,SME,MARCO,,2023-09-21,2023-09-25,2023-09-28,36.0,18.73,Fixed Price,NSE SME,Shreni Shares,2023,Shreni Shares Ltd.,chittorgarh,8.0,chittorgarh,9.0,chittorgarh,47.4,chittorgarh,,,38.7,chittorgarh,40.6,chittorgarh,37.05,chittorgarh,40.6,chittorgarh,Funding of capital expenditure requirements of the Company towards purchase of: (i) Solar Power System and (ii) 1 + 12 Rigid Stranding Machine | Funding Incremental Working Capital Requirements | General Corporate Purposes | Total,chittorgarh,19.0,chittorgarh,0.0,24.4,35.2,30.9,0.0,228.1,329.97,578.67,16.67,100.0,72.18,36.0,False,3000.0,108000.0,12.9,5.0,111.0,2.8,57.0,72.0,111.0,9.0,11.0,14.0,3.0,3.0,5.0,1.9,1.6,2.8,18.0,27.0,32.0,15.0,17.0,8.0,71.0,80.0,83.0,0.0,-4.0,12.0,5.26,16.67,0.83,57.0,3.0,Mar 2023,1.0,sharescart,sharescart,investorgain,sharescart,MARCO.NS,,isin_authoritative,ISIN→symbol from official NSE list,match,,Marco Cables & Conductors Ltd.,Marco Cables & Conductors Limited,match
INE0P6701019,Madhusudan Masala Ltd.,SME,MADHUSUDAN,,2023-09-18,2023-09-21,2023-09-26,70.0,23.8,Bookbuilding,NSE SME,Hem Securities,2023,Hem Finlease Pvt.Ltd.,chittorgarh,23.0,chittorgarh,1.0,chittorgarh,4.2,chittorgarh,6.76,chittorgarh,120.0,chittorgarh,124.0,chittorgarh,114.0,chittorgarh,114.0,chittorgarh,Funding to meet working capital requirements | General Corporate Purpose,chittorgarh,24.0,chittorgarh,86.9,574.1,592.7,444.3,1034.23,2049.47,4937.44,10573.63,28.57,100.0,81.7,66.0,True,2000.0,140000.0,6.4,15.0,231.0,10.9,,,231.0,,,26.0,,,15.0,,,10.4,,,94.0,,,9.0,,,179.0,,,-39.0,,,,,,,0.0,sharescart,sharescart,ipowatch,sharescart,MADHUSUDAN.NS,,isin_authoritative,ISIN→symbol from official NSE list,match,,Madhusudan Masala Ltd.,Madhusudan Masala Limited,match
INE0P4P01011,Techknowgreen Solutions Ltd.,SME,,543991.0,2023-09-18,2023-09-21,2023-09-27,86.0,16.72,Fixed Price,BSE SME,Indorient Financial,2023,Alacrity Securities Ltd.,chittorgarh,16.0,chittorgarh,1.0,chittorgarh,5.9,chittorgarh,,,87.0,chittorgarh,91.35,chittorgarh,86.1,chittorgarh,91.35,chittorgarh,Investment in research and development (“R&D”) initiatives which includes hiring of experienced R&D resources and purchase of equipment to support R&D initiatives | Investment in office Premises | Refurbishment of new office premises and purchase of office equipment’s | Expansion of our execution and support service teams including hiring of resources with expertise in environmental consulting | Repayment of Bank facilities | General Corporate purposes,chittorgarh,17.0,chittorgarh,0.0,9.1,15.8,13.0,0.0,75.9,132.24,217.0,5.81,64.52,54.07,86.0,False,1600.0,137600.0,8.4,8.0,33.0,10.2,,23.0,33.0,,9.0,10.0,,6.0,8.0,,8.3,10.2,,28.0,35.0,,0.0,2.0,,30.0,39.0,,-5.0,7.0,,,,,,,0.0,sharescart,sharescart,ipowatch,sharescart,,543991.BO,isin_authoritative,ISIN→symbol from official BSE list,match,,Techknowgreen Solutions Ltd.,Techknowgreen Solutions Ltd,match
INE0OJM01017,Master Components Ltd.,SME,MASTER,,2023-09-18,2023-09-21,2023-09-29,140.0,15.43,Fixed Price,NSE SME,Aryaman Financial,2023,Aryaman Capital Markets Ltd.,chittorgarh,9.0,chittorgarh,6.0,chittorgarh,40.0,chittorgarh,,,140.4,chittorgarh,142.0,chittorgarh,140.15,chittorgarh,140.2,chittorgarh,Funding Working capital requirements; | General Corporate Purpose,chittorgarh,15.0,chittorgarh,0.0,5.9,10.1,8.2,0.0,45.44,77.99,126.51,14.29,100.0,64.92,140.0,False,1000.0,140000.0,8.6,6.0,42.0,16.2,21.0,25.0,42.0,3.0,5.0,7.0,2.0,3.0,6.0,5.2,6.7,16.2,12.0,23.0,29.0,0.0,0.0,0.0,17.0,26.0,43.0,3.0,2.0,2.0,9.52,16.67,0.0,21.0,2.0,Mar 2023,1.0,sharescart,sharescart,ipowatch,sharescart,MASTER.NS,,isin_authoritative,ISIN→symbol from official NSE list,match,,Master Components Ltd.,Master Components Limited,match
INE0OMO01025,Cellecor Gadgets Ltd.,SME,CELLECOR,,2023-09-15,2023-09-20,2023-09-28,92.0,50.77,Bookbuilding,NSE SME,Narnolia Financial,2023,SS Corporate Securities Ltd. Kantilal Chhaganlal Securities Pvt.Ltd.,chittorgarh,48.0,chittorgarh,3.0,chittorgarh,5.9,chittorgarh,14.46,chittorgarh,92.0,chittorgarh,96.6,chittorgarh,88.15,chittorgarh,96.6,chittorgarh,Working Capital Requirement | General Corporate Purposes,chittorgarh,51.0,chittorgarh,57.6,176.5,124.1,116.3,1461.75,1344.52,2204.97,5906.42,10.87,69.95,51.54,87.0,True,1200.0,110400.0,61.3,31.0,1026.0,1.5,264.0,500.0,1026.0,13.0,30.0,54.0,8.0,16.0,31.0,0.6,0.8,1.4,14.0,90.0,156.0,6.0,0.0,0.0,70.0,186.0,335.0,-21.0,-102.0,-34.0,3.03,57.14,0.43,264.0,8.0,Mar 2023,1.0,sharescart,sharescart,ipowatch,sharescart,CELLECOR.NS,,isin_authoritative,ISIN→symbol from official NSE list,match,,Cellecor Gadgets Ltd.,Cellecor Gadgets Limited,match
INE0LXA01019,Holmarc Opto-Mechatronics Ltd.,SME,HOLMARC,,2023-09-15,2023-09-20,2023-09-25,40.0,11.4,Fixed Price,NSE SME,Finshore Management,2023,Nikunj Stock Brokers Ltd.,chittorgarh,11.0,chittorgarh,0.0,chittorgarh,0.0,chittorgarh,,,65.25,chittorgarh,68.5,chittorgarh,65.0,chittorgarh,68.5,chittorgarh,Funding Capital Expenditure towards Purchase of Additional Plant & Machinery | To meet the Working Capital Requirements | General Corporate Purposes,chittorgarh,11.0,chittorgarh,0.0,93.3,75.8,85.8,0.0,531.64,431.95,978.23,32.5,87.3,62.54,40.0,False,3000.0,120000.0,10.8,4.0,37.0,3.7,29.0,33.0,37.0,5.0,6.0,6.0,4.0,3.0,4.0,4.9,3.4,3.7,12.0,24.0,27.0,1.0,0.0,0.0,16.0,27.0,31.0,2.0,2.0,3.0,13.79,33.33,0.08,29.0,4.0,Mar 2023,1.0,sharescart,sharescart,ipowatch,sharescart,HOLMARC.NS,,isin_authoritative,ISIN→symbol from official NSE list,match,,Holmarc Opto-Mechatronics Ltd.,Holmarc Opto-Mechatronics Limited,match
INE0Q7P01013,Kody Technolab Ltd.,SME,KODYTECH,,2023-09-15,2023-09-20,2023-09-27,160.0,27.52,Fixed Price,NSE SME,Beeline Capital,2023,Spread X Securities Pvt.Ltd.,chittorgarh,26.0,chittorgarh,2.0,chittorgarh,7.1,chittorgarh,,,170.0,chittorgarh,178.5,chittorgarh,169.0,chittorgarh,178.5,chittorgarh,"Funding Capital Expenditure toward setting up development center at gift city, Gandhinagar | Funding incremental Working Capital Requirement of the Company | Repayment/ prepayment of certain borrowings availed by the Company | General Corporate Purpose",chittorgarh,28.0,chittorgarh,0.0,41.2,53.6,51.6,0.0,566.5,736.99,1418.66,18.75,100.0,73.01,160.0,False,800.0,128000.0,11.6,18.0,72.0,13.8,,,72.0,,,26.0,,,18.0,,,13.8,,,79.0,,,0.0,,,112.0,,,-8.0,,,,,,,0.0,sharescart,sharescart,ipowatch,sharescart,KODYTECH.NS,,isin_authoritative,ISIN→symbol from official NSE list,match,,Kody Technolab Ltd.,Kody Technolab Limited,match
INE0OWX01025,Kundan Edifice Ltd.,SME,KEL,,2023-09-12,2023-09-15,2023-09-26,91.0,25.23,Fixed Price,NSE SME,Fedex Securities,2023,Gretex Share Broking Pvt.Ltd.,chittorgarh,24.0,chittorgarh,1.0,chittorgarh,4.0,chittorgarh,,,75.0,chittorgarh,78.75,chittorgarh,71.25,chittorgarh,78.75,chittorgarh,Meeting incremental working capital requirements; and | General corporate purposes,chittorgarh,25.0,chittorgarh,0.0,35.7,44.1,42.3,0.0,450.02,556.59,1066.27,38.46,99.0,72.28,91.0,False,1200.0,109200.0,11.8,8.0,98.0,7.7,60.0,84.0,98.0,9.0,9.0,17.0,5.0,3.0,8.0,2.7,2.9,7.7,8.0,32.0,40.0,5.0,6.0,8.0,30.0,58.0,81.0,-2.0,-10.0,5.0,8.33,62.5,0.62,60.0,5.0,Mar 2023,1.0,sharescart,sharescart,ipowatch,sharescart,KEL.NS,,isin_authoritative,ISIN→symbol from official NSE list,match,,Kundan Edifice Ltd.,Kundan Edifice Limited,match
INE0PT101017,Chavda Infra Ltd.,SME,CHAVDA,,2023-09-12,2023-09-14,2023-09-25,65.0,43.26,Bookbuilding,NSE SME,Beeline Capital,2023,Spread X Securities Pvt.Ltd.,chittorgarh,41.0,chittorgarh,2.0,chittorgarh,4.7,chittorgarh,12.32,chittorgarh,91.0,chittorgarh,92.0,chittorgarh,86.45,chittorgarh,86.45,chittorgarh,To Meet Working Capital Requirements | General corporate purposes,chittorgarh,43.0,chittorgarh,0.0,0.0,0.0,180.1,0.0,0.0,0.0,7790.12,30.77,100.0,73.0,60.0,True,2000.0,130000.0,7.6,21.0,261.0,8.6,162.0,242.0,261.0,27.0,43.0,59.0,12.0,19.0,21.0,6.7,7.6,8.6,30.0,92.0,112.0,27.0,13.0,39.0,154.0,250.0,360.0,9.0,-25.0,-33.0,7.41,40.0,0.9,162.0,12.0,Mar 2023,1.0,sharescart,sharescart,ipowatch,sharescart,CHAVDA.NS,,isin_authoritative,ISIN→symbol from official NSE list,match,,Chavda Infra Ltd.,Chavda Infra Limited,match
INE0PRF01011,Unihealth Consultancy Ltd.,SME,UNIHEALTH,,2023-09-08,2023-09-12,2023-09-21,132.0,56.55,Bookbuilding,NSE SME,Unistone Capital,2023,Rikhav Securities Ltd.,chittorgarh,54.0,chittorgarh,3.0,chittorgarh,5.3,chittorgarh,16.08,chittorgarh,135.0,chittorgarh,141.75,chittorgarh,130.25,chittorgarh,133.0,chittorgarh,"Investment in our joint venture, Victoria Hospital Limited (VHL), Kampala, Uganda for funding its capital expenditure requirements for proposed expansion and working capital requirements of VHL | Investment in our joint venture, UMC Global Health Limited (UMCGHL), Nigeria for funding its capital expenditure requirements for proposed expansion; | Investment in our subsidiary, Biohealth Limited (BL), Tanzania for funding its capital expenditure requirements for proposed expansion; and | General corporate purposes",chittorgarh,57.0,chittorgarh,6.0,37.7,24.6,18.2,168.8,319.36,487.08,1030.32,11.36,95.32,,126.0,True,1000.0,132000.0,13.5,15.0,56.0,9.8,44.0,49.0,56.0,16.0,19.0,21.0,8.0,10.0,15.0,6.9,6.7,9.8,28.0,85.0,103.0,36.0,12.0,5.0,78.0,110.0,132.0,1.0,5.0,-3.0,18.18,28.57,1.29,44.0,8.0,Mar 2023,1.0,sharescart,sharescart,ipowatch,,UNIHEALTH.NS,,isin_authoritative,ISIN→symbol from official NSE list,match,,Unihealth Consultancy Ltd.,Unihealth Hospitals Limited,match
INE0N5H01017,Jiwanram Sheoduttrai Industries Ltd.,SME,JIWANRAM,,2023-09-08,2023-09-12,2023-09-18,23.0,17.07,Fixed Price,NSE SME,Affinity Global,2023,Giriraj Stock Broking Pvt.Ltd.,chittorgarh,16.0,chittorgarh,1.0,chittorgarh,5.9,chittorgarh,,,30.0,chittorgarh,30.0,chittorgarh,28.5,chittorgarh,28.5,chittorgarh,To meet the working capital requirements | Prepayment and repayment of all or a portion of certain unsecured loan availed by our company | General Corporate Purpose and | To meet the offer expenses,chittorgarh,17.0,chittorgarh,0.0,69.8,151.5,113.0,0.0,595.34,1292.84,1928.29,56.52,100.0,70.01,23.0,False,6000.0,138000.0,25.6,2.0,54.0,0.9,42.0,43.0,54.0,8.0,5.0,5.0,4.0,2.0,2.0,2.3,0.7,0.9,48.0,63.0,65.0,35.0,32.0,32.0,121.0,126.0,136.0,1.0,-4.0,3.0,9.52,8.33,0.73,42.0,4.0,Mar 2023,1.0,sharescart,sharescart,investorgain,sharescart,JIWANRAM.NS,,isin_authoritative,ISIN→symbol from official NSE list,match,,Jiwanram Sheoduttrai Industries Ltd.,Jiwanram Sheoduttrai Industries Limited,match
INE0OYE01013,Quest Flow Controls Ltd.,SME,,543982.0,2023-09-08,2023-09-12,2023-09-21,102.0,31.09,Fixed Price,BSE SME,Shreni Shares,2023,Shreni Shares Ltd.,chittorgarh,29.0,chittorgarh,2.0,chittorgarh,6.5,chittorgarh,,,193.8,chittorgarh,203.45,chittorgarh,193.8,chittorgarh,203.45,chittorgarh,Purchase of Plant and Machinery for setting up of Manufacturing unit; | Funding working capital requirements; and | General corporate purposes,chittorgarh,31.0,chittorgarh,0.0,132.7,203.0,173.7,0.0,2063.42,3155.91,5398.71,88.24,100.0,31.27,102.0,False,1200.0,122400.0,16.5,7.0,67.0,6.2,,,67.0,,,13.0,,,7.0,,,6.2,,,66.0,,,19.0,,,106.0,,,4.0,,,,,,,0.0,sharescart,sharescart,ipowatch,sharescart,,543982.BO,isin_authoritative,human-verified rename / confirmed ISIN↔symbol,renamed_confirmed,,Meson Valves India Ltd.,Quest Flow Controls Ltd,renamed_confirmed
INE04T901017,Kahan Packaging Ltd.,SME,,543979.0,2023-09-06,2023-09-08,2023-09-15,80.0,5.76,Fixed Price,BSE SME,Hem Securities,2023,Hem Finlease Pvt.Ltd.,chittorgarh,5.0,chittorgarh,1.0,chittorgarh,16.7,chittorgarh,,,152.0,chittorgarh,159.6,chittorgarh,152.0,chittorgarh,159.6,chittorgarh,To meet working capital requirements; | General Corporate Purpose,chittorgarh,6.0,chittorgarh,0.0,405.6,1042.4,730.5,0.0,1168.1,3002.03,4207.39,18.75,99.95,73.49,80.0,False,1600.0,128000.0,19.5,1.0,28.0,4.1,21.0,25.0,28.0,2.0,2.0,3.0,1.0,1.0,1.0,10.0,3.7,4.1,2.0,9.0,10.0,4.0,3.0,2.0,15.0,20.0,21.0,1.0,-1.0,1.0,4.76,50.0,2.0,21.0,1.0,Mar 2023,1.0,sharescart,sharescart,ipowatch,sharescart,,543979.BO,isin_authoritative,ISIN→symbol from official BSE list,match,,Kahan Packaging Ltd.,Kahan Packaging Ltd,match
INE0OCC01013,Basilic Fly Studio Ltd.,SME,BASILIC,,2023-09-01,2023-09-05,2023-09-11,97.0,66.35,Bookbuilding,NSE SME,GYR Capital,2023,Share India Securities Ltd.,chittorgarh,51.0,chittorgarh,6.0,chittorgarh,9.1,chittorgarh,16.91,chittorgarh,271.0,chittorgarh,284.55,chittorgarh,270.0,chittorgarh,284.55,chittorgarh,Expenditure for setup of Studio/Facility at Hyderabad and Salem | Expenditure for adding infrastructure to further strengthen the existing facilities/offices of the company located at Chennai and Pune | Making investment through equity in the subsidiaries for expansion of workspace by acquiring new office space located at London and strengthen the existing facilities/offices located at Vancouver | General Corporate Purposes,chittorgarh,66.0,chittorgarh,0.0,0.0,0.0,358.6,0.0,0.0,0.0,23792.39,154.64,85.42,,92.0,True,1200.0,116400.0,6.0,46.0,304.0,16.1,79.0,103.0,304.0,39.0,52.0,67.0,28.0,37.0,46.0,16.3,15.7,16.1,32.0,123.0,202.0,3.0,1.0,36.0,53.0,142.0,307.0,11.0,-28.0,10.0,35.44,87.5,0.09,79.0,28.0,Mar 2023,1.0,sharescart,sharescart,ipowatch,,BASILIC.NS,,isin_authoritative,ISIN→symbol from official NSE list,match,,Basilic Fly Studio Ltd.,Basilic Fly Studio Limited,match
INE0O7A01017,Pramara Promotions Ltd.,SME,PRAMARA,,2023-09-01,2023-09-05,2023-09-13,63.0,15.27,Fixed Price,NSE SME,Fedex Securities,2023,Pure Broking Pvt.Ltd.,chittorgarh,14.0,chittorgarh,1.0,chittorgarh,6.7,chittorgarh,,,111.0,chittorgarh,116.55,chittorgarh,105.55,chittorgarh,116.55,chittorgarh,Funding our working capital requirements; and | General corporate purposes,chittorgarh,15.0,chittorgarh,0.0,34.0,17.1,25.7,0.0,259.53,130.87,392.62,3.17,95.41,69.81,63.0,False,2000.0,126000.0,11.7,6.0,86.0,5.4,50.0,63.0,86.0,8.0,11.0,14.0,2.0,4.0,6.0,3.4,4.4,5.4,16.0,33.0,65.0,14.0,13.0,16.0,61.0,72.0,105.0,6.0,-10.0,-20.0,4.0,12.5,0.88,50.0,2.0,Mar 2023,1.0,sharescart,sharescart,ipowatch,sharescart,PRAMARA.NS,,isin_authoritative,ISIN→symbol from official NSE list,match,,Pramara Promotions Ltd.,Pramara Promotions Limited,match
INE0PCL01011,Saroja Pharma Industries India Ltd.,SME,SAROJA,,2023-08-31,2023-09-05,2023-09-13,84.0,9.11,Fixed Price,NSE SME,Swastika Investmart,2023,Swastika Investmart Ltd.,chittorgarh,9.0,chittorgarh,0.0,chittorgarh,0.0,chittorgarh,,,65.0,chittorgarh,68.25,chittorgarh,65.0,chittorgarh,68.25,chittorgarh,To Set-up a Manufacturing Unit | To Repay the Unsecured Loans,chittorgarh,9.0,chittorgarh,0.0,2.9,14.8,8.9,0.0,13.21,67.57,80.92,,100.0,73.02,84.0,False,1600.0,134400.0,32.3,1.0,54.0,2.6,50.0,41.0,54.0,3.0,3.0,3.0,1.0,1.0,1.0,3.6,2.2,2.6,5.0,15.0,16.0,3.0,3.0,1.0,21.0,27.0,40.0,2.0,1.0,1.0,2.0,20.0,0.6,50.0,1.0,Mar 2023,1.0,sharescart,sharescart,,sharescart,SAROJA.NS,,isin_authoritative,ISIN→symbol from official NSE list,match,,Saroja Pharma Industries India Ltd.,Saroja Pharma Industries India Limited,match
INE0QBU01012,C P S Shapers Ltd.,SME,CPS,,2023-08-29,2023-08-31,2023-09-07,185.0,11.1,Fixed Price,NSE SME,Shreni Shares,2023,Shreni Shares Ltd.,chittorgarh,11.0,chittorgarh,0.0,chittorgarh,0.0,chittorgarh,,,450.0,chittorgarh,472.5,chittorgarh,427.5,chittorgarh,472.5,chittorgarh,"Purchase of Plant and Machinery at our existing manufacturing facility | Purchase of Commercial Vehicle | Funding of capital expenditure requirements of our Company towards purchase of Solar Power System | Upgradation of existing IT Software at our existing manufacturing facility and registered office | Repayment or prepayment, in full or in part, of borrowings availed by the Company from banks and financial institutions | Funding Working Capital Requirements of the Company | General corporate purposes#",chittorgarh,11.0,chittorgarh,0.0,198.2,301.0,254.0,0.0,1099.84,1670.72,2819.07,72.97,99.8,,185.0,False,600.0,111000.0,231.3,0.0,31.0,0.8,37.0,36.0,31.0,5.0,3.0,2.0,2.0,1.0,0.0,16.4,3.5,0.8,2.0,12.0,17.0,6.0,2.0,2.0,17.0,25.0,29.0,1.0,-3.0,-3.0,5.41,100.0,3.0,37.0,2.0,Mar 2023,1.0,sharescart,sharescart,investorgain,,CPS.NS,,isin_authoritative,ISIN→symbol from official NSE list,match,,C P S Shapers Ltd.,C P S Shapers Limited,match
INE0OIP01012,Mono Pharmacare Ltd.,SME,MONOPHARMA,,2023-08-28,2023-08-30,2023-09-07,28.0,14.84,Bookbuilding,NSE SME,Unistone Capital,2023,Rikhav Securities Ltd.,chittorgarh,14.0,chittorgarh,1.0,chittorgarh,6.7,chittorgarh,,,29.0,chittorgarh,30.45,chittorgarh,29.0,chittorgarh,30.45,chittorgarh,To meet the working capital requirements | General corporate purposes; and,chittorgarh,15.0,chittorgarh,10.9,8.0,19.4,13.4,16.16,53.42,129.55,199.15,17.86,100.0,42.17,26.0,True,4000.0,112000.0,15.6,3.0,168.0,1.8,27.0,122.0,168.0,2.0,6.0,9.0,1.0,2.0,3.0,0.6,1.4,1.7,13.0,28.0,31.0,18.0,17.0,26.0,63.0,81.0,110.0,-28.0,-9.0,-4.0,3.7,7.69,1.38,27.0,1.0,Mar 2023,1.0,sharescart,sharescart,ipowatch,sharescart,MONOPHARMA.NS,,isin_authoritative,ISIN→symbol from official NSE list,match,,Mono Pharmacare Ltd.,Mono Pharmacare Limited,match
INE013901017,Sahaj Fashions Ltd.,SME,SAHAJ,,2023-08-25,2023-08-29,2023-09-06,30.0,13.96,Fixed Price,NSE SME,Khambatta Securities,2023,NNM Securities Pvt.Ltd.,chittorgarh,13.0,chittorgarh,0.528,chittorgarh,3.8,chittorgarh,,,31.0,chittorgarh,32.0,chittorgarh,29.45,chittorgarh,30.35,chittorgarh,Working Capital Requirement | Prepayment/repayment of certain secured borrowings availed by our Company | General Corporate Purpose,chittorgarh,14.0,chittorgarh,,3.78,11.72,7.75,,,,,10.0,,,,,,,,,,,,,,,,,,,,,,,,,,,,,,,,,,,,,,,,,,ipowatch,,ipowatch,,SAHAJ.NS,,chittorgarh_symbol,Chittorgarh nse_symbol (ISIN not in NSE exchange list),unchecked,,Sahaj Fashions Ltd.,,no_ref
INE0O3O01017,Sungarner Energies Ltd.,SME,SEL,,2023-08-21,2023-08-23,2023-08-31,83.0,5.31,Fixed Price,NSE SME,Novus Capital,2023,Nikunj Stock Brokers Ltd.,chittorgarh,5.0,chittorgarh,0.0,chittorgarh,0.0,chittorgarh,,,250.0,chittorgarh,262.5,chittorgarh,237.5,chittorgarh,262.35,chittorgarh,Working Capital Requirement | General Corporate Purposes,chittorgarh,5.0,chittorgarh,0.0,110.6,192.9,152.4,0.0,293.73,512.42,809.55,18.07,84.94,61.49,83.0,False,1600.0,132800.0,11.7,2.0,33.0,7.1,,18.0,33.0,,2.0,4.0,,1.0,2.0,,4.6,7.1,,10.0,11.0,,0.0,5.0,,19.0,40.0,,-10.0,-5.0,,,,,,,0.0,sharescart,sharescart,ipowatch,sharescart,SEL.NS,,isin_authoritative,ISIN→symbol from official NSE list,match,,Sungarner Energies Ltd.,Sungarner Energies Limited,match
INE00NH01017,Crop Life Science Ltd.,SME,CLSL,,2023-08-18,2023-08-22,2023-08-30,52.0,26.73,Fixed Price,NSE SME,Interactive Financial,2023,Nikunj Stock Brokers Ltd.,chittorgarh,25.0,chittorgarh,2.0,chittorgarh,7.4,chittorgarh,,,55.95,chittorgarh,55.95,chittorgarh,53.15,chittorgarh,53.15,chittorgarh,Repayment of unsecured Loan | Long-Term Working Capital Requirement | General Corporate Purposes,chittorgarh,27.0,chittorgarh,0.0,1.6,7.2,4.4,0.0,20.85,95.55,116.53,9.62,29.97,20.98,52.0,False,2000.0,104000.0,15.8,6.0,201.0,3.3,131.0,199.0,201.0,13.0,15.0,17.0,4.0,6.0,6.0,3.4,3.5,3.4,41.0,72.0,77.0,6.0,6.0,3.0,103.0,182.0,184.0,2.0,-8.0,-2.0,3.05,9.76,0.15,131.0,4.0,Mar 2023,1.0,sharescart,sharescart,ipowatch,sharescart,CLSL.NS,,isin_authoritative,ISIN→symbol from official NSE list,match,,Crop Life Science Ltd.,Crop Life Science Limited,match
INE0Q8P01029,Bondada Engineering Ltd.,SME,,543971.0,2023-08-18,2023-08-22,2023-08-30,75.0,42.72,Fixed Price,BSE SME,Vivro Financial,2023,Rikhav Securities Ltd.,chittorgarh,41.0,chittorgarh,2.0,chittorgarh,4.7,chittorgarh,,,142.5,chittorgarh,149.62,chittorgarh,142.5,chittorgarh,149.62,chittorgarh,To meet long-term working capital requirements; and | General Corporate Purposes.,chittorgarh,43.0,chittorgarh,0.0,115.5,100.1,112.3,0.0,2466.23,1495.95,4796.6,20.0,86.0,,75.0,False,1600.0,120000.0,7.3,115.0,1571.0,10.3,371.0,801.0,1571.0,30.0,71.0,183.0,17.0,46.0,115.0,2.1,4.1,10.2,78.0,162.0,447.0,4.0,15.0,15.0,251.0,505.0,1193.0,-32.0,54.0,-158.0,4.58,21.79,0.05,371.0,17.0,Mar 2023,1.0,sharescart,sharescart,ipowatch,,,543971.BO,isin_authoritative,ISIN→symbol from official BSE list,match,,Bondada Engineering Ltd.,Bondada Engineering Ltd,match
INE0OJZ01019,Shoora Designs Ltd.,SME,,543970.0,2023-08-17,2023-08-21,2023-08-29,48.0,2.03,Fixed Price,BSE SME,Swaraj Shares,2023,Rikhav Securities Ltd.,chittorgarh,2.0,chittorgarh,0.0,chittorgarh,0.0,chittorgarh,,,91.2,chittorgarh,95.76,chittorgarh,91.2,chittorgarh,95.76,chittorgarh,Working capital requirements | General Corporate Purposes,chittorgarh,2.0,chittorgarh,0.0,2.4,24.4,13.4,0.0,2.39,24.82,27.21,25.0,100.0,75.0,48.0,False,3000.0,144000.0,120.0,0.0,5.0,0.4,2.0,4.0,5.0,0.0,0.0,0.0,0.0,-0.0,0.0,1.1,-0.2,0.1,2.0,3.0,20.0,0.0,0.0,0.0,2.0,3.0,21.0,-1.0,-2.0,-14.0,0.0,0.0,0.0,2.0,0.0,Mar 2023,1.0,sharescart,sharescart,investorgain,sharescart,,543970.BO,isin_authoritative,ISIN→symbol from official BSE list,match,,Shoora Designs Ltd.,Shoora Designs Ltd,match
INE013V01011,Shelter Pharma Ltd.,SME,,543963.0,2023-08-10,2023-08-14,2023-08-23,42.0,16.03,Fixed Price,BSE SME,Gretex Corporate,2023,Gretex Share Broking Pvt.Ltd.,chittorgarh,15.0,chittorgarh,1.0,chittorgarh,6.2,chittorgarh,,,39.97,chittorgarh,41.96,chittorgarh,37.98,chittorgarh,41.96,chittorgarh,Working Capital Requirements | General Corporate Purposes,chittorgarh,16.0,chittorgarh,0.0,6.6,22.3,15.3,0.0,52.81,178.54,244.41,14.29,100.0,58.86,42.0,False,3000.0,126000.0,6.7,7.0,51.0,6.3,36.0,40.0,51.0,8.0,9.0,10.0,5.0,6.0,7.0,6.7,5.4,6.3,15.0,36.0,43.0,0.0,1.0,1.0,21.0,41.0,48.0,-1.0,-2.0,5.0,13.89,33.33,0.0,36.0,5.0,Mar 2023,1.0,sharescart,sharescart,ipowatch,sharescart,,543963.BO,isin_authoritative,ISIN→symbol from official BSE list,match,,Shelter Pharma Ltd.,Shelter Pharma Ltd,match
INE0ON201012,Srivari Spices & Foods Ltd.,SME,SSFL,,2023-08-07,2023-08-09,2023-08-18,42.0,9.0,Bookbuilding,NSE SME,GYR Capital,2023,Nikunj Stock Brokers Ltd.,chittorgarh,9.0,chittorgarh,0.0,chittorgarh,0.0,chittorgarh,2.55,chittorgarh,101.5,chittorgarh,106.55,chittorgarh,101.5,chittorgarh,106.55,chittorgarh,Funding the working capital requirements of the Company; and | General corporate purposes,chittorgarh,9.0,chittorgarh,79.1,786.1,518.0,450.0,355.81,1060.82,1630.89,4048.65,64.29,100.0,51.54,40.0,True,3000.0,126000.0,3.4,9.0,114.0,12.2,,78.0,114.0,,13.0,18.0,,7.0,9.0,,9.8,11.1,,24.0,59.0,,5.0,8.0,,55.0,83.0,,-11.0,-2.0,,,,,,,0.0,sharescart,sharescart,investorgain,sharescart,SSFL.NS,,isin_authoritative,ISIN→symbol from official NSE list,match,,Srivari Spices & Foods Ltd.,Srivari Spices And Foods Limited,match
INE09FA01019,Yudiz Solutions Ltd.,SME,YUDIZ,,2023-08-04,2023-08-08,2023-08-17,165.0,44.84,Bookbuilding,NSE SME,Narnolia Financial,2023,Kantilal Chhaganlal Securities Pvt.Ltd.,chittorgarh,43.0,chittorgarh,2.0,chittorgarh,4.4,chittorgarh,12.54,chittorgarh,185.0,chittorgarh,191.0,chittorgarh,181.0,chittorgarh,181.4,chittorgarh,Unidentified Acquisition (In India & Abroad) | Development of New Product & Technology | Networking & cabling | Branding & Marketing Expenses | Capital Expenditure | Working Capital Requirement | General Corporate Purposes,chittorgarh,45.0,chittorgarh,2.8,4.8,6.4,5.0,63.0,32.08,100.6,225.55,15.15,100.0,73.66,162.0,True,800.0,132000.0,-97.1,-2.0,21.0,-1.7,13.0,19.0,21.0,2.0,2.0,-2.0,1.0,1.0,-2.0,1.8,1.6,-1.1,5.0,7.0,48.0,0.0,0.0,0.0,7.0,9.0,50.0,1.0,3.0,-5.0,5.26,14.29,0.0,19.0,1.0,Mar 2022,2.0,sharescart,sharescart,ipowatch,sharescart,YUDIZ.NS,,isin_authoritative,ISIN→symbol from official NSE list,match,,Yudiz Solutions Ltd.,Yudiz Solutions Limited,match
INE0OVI01010,Sangani Hospitals Ltd.,SME,SANGANI,,2023-08-04,2023-08-08,2023-08-17,40.0,15.17,Bookbuilding,NSE SME,Unistone Capital,2023,Rikhav Securities Ltd.,chittorgarh,14.0,chittorgarh,1.0,chittorgarh,6.7,chittorgarh,,,44.0,chittorgarh,44.5,chittorgarh,41.8,chittorgarh,41.85,chittorgarh,"To carry out the capital expenditure for expansion in Sangani Hospital at Keshod, Gujarat | To carry out the capital expenditure for expansion in Sangani Super Speciality Hospital at Veraval, Gujarat | General corporate purposes",chittorgarh,15.0,chittorgarh,11.4,1.4,6.2,4.5,17.32,9.42,42.11,68.86,10.0,100.0,,37.0,True,3000.0,120000.0,21.1,3.0,21.0,1.9,16.0,16.0,21.0,3.0,4.0,4.0,2.0,3.0,3.0,1.5,2.0,1.9,18.0,33.0,36.0,0.0,0.0,0.0,20.0,35.0,39.0,3.0,3.0,2.0,12.5,11.11,0.0,16.0,2.0,Mar 2023,1.0,sharescart,sharescart,ipowatch,,SANGANI.NS,,isin_authoritative,ISIN→symbol from official NSE list,match,,Sangani Hospitals Ltd.,Sangani Hospitals Limited,match
INE0OSJ01014,Vinsys IT Services India Ltd.,SME,VINSYS,,2023-08-01,2023-08-04,2023-08-11,128.0,49.84,Bookbuilding,NSE SME,Beeline Capital,2023,Sunflower Broking Pvt.Ltd.,chittorgarh,47.0,chittorgarh,3.0,chittorgarh,6.0,chittorgarh,14.18,chittorgarh,207.25,chittorgarh,217.6,chittorgarh,200.1,chittorgarh,217.6,chittorgarh,To meet working capital requirements | Repayment of loan to Subsidiary | Loan to Subsidiary | General Corporate Purposes | Total,chittorgarh,50.0,chittorgarh,37.0,105.8,111.6,89.0,920.85,790.64,1946.18,4436.04,19.53,100.0,47.93,121.0,True,1000.0,128000.0,6.2,30.0,212.0,20.5,95.0,170.0,212.0,21.0,30.0,42.0,15.0,23.0,30.0,15.0,15.6,20.5,24.0,101.0,131.0,18.0,16.0,14.0,72.0,136.0,179.0,20.0,-11.0,13.0,15.79,62.5,0.75,95.0,15.0,Mar 2023,1.0,sharescart,sharescart,ipowatch,sharescart,VINSYS.NS,,isin_authoritative,ISIN→symbol from official NSE list,match,,Vinsys IT Services India Ltd.,Vinsys IT Services India Limited,match
INE0OUT01019,Oriana Power Ltd.,SME,ORIANA,,2023-08-01,2023-08-03,2023-08-11,118.0,59.66,Bookbuilding,NSE SME,Corporate Capitalventures,2023,Share India Securities Ltd.,chittorgarh,57.0,chittorgarh,3.0,chittorgarh,5.0,chittorgarh,16.99,chittorgarh,302.0,chittorgarh,317.1,chittorgarh,286.9,chittorgarh,317.1,chittorgarh,Funding of Working Capital Requirements | Investment in Subsidiary | Capital expenditure on infrastructure & technology for expansion | General Corporate Expenses | Total,chittorgarh,60.0,chittorgarh,72.2,251.7,204.0,176.6,2152.39,2252.58,4260.07,10534.07,76.27,100.0,80.0,115.0,True,1200.0,141600.0,1.5,159.0,987.0,79.5,135.0,383.0,987.0,21.0,84.0,245.0,11.0,54.0,159.0,7.9,28.3,78.0,32.0,146.0,510.0,57.0,133.0,220.0,144.0,410.0,1362.0,16.0,2.0,290.0,8.15,34.38,1.78,135.0,11.0,Mar 2023,1.0,sharescart,sharescart,ipowatch,sharescart,ORIANA.NS,,isin_authoritative,ISIN→symbol from official NSE list,match,,Oriana Power Ltd.,Oriana Power Limited,match
INE0PPS01018,Zeal Global Services Ltd.,SME,ZEAL,,2023-07-28,2023-08-01,2023-08-09,103.0,36.46,Fixed Price,NSE SME,Expert Global,2023,Rikhav Securities Ltd.,chittorgarh,35.0,chittorgarh,1.0,chittorgarh,2.8,chittorgarh,,,147.0,chittorgarh,154.35,chittorgarh,142.5,chittorgarh,154.35,chittorgarh,Working capital requirement; | Investments in subsidiaries for business expansion; | Part repayment of debt | General corporate purposes;,chittorgarh,36.0,chittorgarh,0.0,0.0,0.0,4.1,0.0,0.0,0.0,148.04,4.85,100.0,63.34,103.0,False,1200.0,123600.0,9.4,14.0,368.0,11.0,112.0,193.0,368.0,15.0,21.0,26.0,10.0,12.0,14.0,10.1,9.0,11.0,22.0,67.0,81.0,0.0,0.0,1.0,60.0,115.0,143.0,-9.0,23.0,14.0,8.93,45.45,0.0,112.0,10.0,Mar 2023,1.0,sharescart,sharescart,ipowatch,sharescart,ZEAL.NS,,isin_authoritative,ISIN→symbol from official NSE list,match,,Zeal Global Services Ltd.,Zeal Global Services Limited,match
INE0OMF01015,Shri Techtex Ltd.,SME,SHRITECH,,2023-07-26,2023-07-28,2023-08-04,61.0,45.14,Bookbuilding,NSE SME,Beeline Capital,2023,Sunflower Broking Pvt.Ltd.,chittorgarh,43.0,chittorgarh,2.0,chittorgarh,4.4,chittorgarh,12.81,chittorgarh,81.15,chittorgarh,85.2,chittorgarh,77.2,chittorgarh,85.2,chittorgarh,Construction of Factory Shed | Purchase of Machineries | Commissioning of Solar Plant | To Meet Working Capital Requirements | General Corporate Purpose,chittorgarh,45.0,chittorgarh,58.0,250.6,156.2,148.4,1309.74,1696.88,2468.44,6696.97,24.59,100.0,,54.0,True,2000.0,122000.0,10.3,15.0,83.0,5.9,57.0,76.0,83.0,14.0,21.0,25.0,9.0,12.0,15.0,5.2,4.9,5.9,30.0,84.0,99.0,25.0,7.0,3.0,74.0,100.0,115.0,-8.0,8.0,21.0,15.79,30.0,0.83,57.0,9.0,Mar 2023,1.0,sharescart,sharescart,ipowatch,,SHRITECH.NS,,isin_authoritative,ISIN→symbol from official NSE list,match,,Shri Techtex Ltd.,Shri Techtex Limited,match
INE0LYO01018,Innovatus Entertainment Networks Ltd.,SME,,543951.0,2023-07-25,2023-07-27,2023-08-04,50.0,7.74,Fixed Price,BSE SME,Inventure Merchant Banker,2023,Pure Broking Pvt.Ltd.,chittorgarh,7.0,chittorgarh,1.0,chittorgarh,12.5,chittorgarh,,,50.0,chittorgarh,50.0,chittorgarh,47.5,chittorgarh,48.96,chittorgarh,Augmenting additional working capital requirements | Purchase of Exhibition Related Material | General Corporate Purposes,chittorgarh,8.0,chittorgarh,,,,,,,,,10.0,,,,,,,,,,,,,,,,,,,,,,,,,,,,,,,,,,,,,,,,,,,,investorgain,,,543951.BO,bse_only,BSE code only,unchecked,,Innovatus Entertainment Networks Ltd.,,no_ref
INE0OWC01011,Khazanchi Jewellers Ltd.,SME,,543953.0,2023-07-24,2023-07-28,2023-08-07,140.0,96.74,Fixed Price,BSE SME,Mark Corporate,2023,Svcm Securities Pvt.Ltd.,chittorgarh,92.0,chittorgarh,5.0,chittorgarh,5.2,chittorgarh,,,142.3,chittorgarh,149.4,chittorgarh,142.3,chittorgarh,149.4,chittorgarh,"To finance the establishment of the new showroom at Chennai, Tamil Nadu: Estimated Capital Expenditure for the new showroom and Estimated Inventory cost for the new showroom | Augmenting the working capital requirements of the existing operations | General Corporate Purposes",chittorgarh,97.0,chittorgarh,0.0,1.7,0.8,1.3,0.0,84.16,37.73,121.89,8.57,100.0,,140.0,False,1000.0,140000.0,7.7,45.0,1772.0,18.2,481.0,821.0,1772.0,17.0,42.0,65.0,8.0,27.0,45.0,7.6,11.0,18.2,36.0,188.0,231.0,52.0,19.0,26.0,145.0,254.0,319.0,6.0,-83.0,0.0,1.66,22.22,1.44,481.0,8.0,Mar 2023,1.0,sharescart,sharescart,ipowatch,,,543953.BO,isin_authoritative,ISIN→symbol from official BSE list,match,,Khazanchi Jewellers Ltd.,Khazanchi Jewellers Ltd,match
INE08S201019,Yasons Chemex Care Ltd.,SME,YCCL,,2023-07-24,2023-07-26,2023-08-03,40.0,20.57,Fixed Price,NSE SME,Fedex Securities,2023,Nikunj Stock Brokers Ltd.,chittorgarh,19.0,chittorgarh,2.0,chittorgarh,9.5,chittorgarh,,,32.0,chittorgarh,33.6,chittorgarh,30.4,chittorgarh,33.6,chittorgarh,Meeting incremental working capital requirements | General corporate purposes,chittorgarh,21.0,chittorgarh,0.0,47.7,68.8,59.6,0.0,490.65,707.13,1225.85,10.0,70.16,,40.0,False,3000.0,120000.0,50.0,2.0,77.0,0.8,37.0,69.0,77.0,5.0,4.0,4.0,3.0,1.0,2.0,2.4,0.6,0.8,21.0,39.0,41.0,1.0,0.0,0.0,28.0,55.0,59.0,-0.0,-16.0,-2.0,8.11,14.29,0.05,37.0,3.0,Mar 2023,1.0,sharescart,sharescart,investorgain,,YCCL.NS,,isin_authoritative,ISIN→symbol from official NSE list,match,,Yasons Chemex Care Ltd.,Yasons Chemex Care Limited,match
INE0DN001027,Asarfi Hospital Ltd.,SME,,543943.0,2023-07-17,2023-07-19,2023-07-26,52.0,26.94,Bookbuilding,BSE SME,Hem Securities,2023,Hem Finlease Pvt.Ltd.,chittorgarh,26.0,chittorgarh,1.0,chittorgarh,3.7,chittorgarh,7.68,chittorgarh,98.8,chittorgarh,103.74,chittorgarh,98.8,chittorgarh,103.74,chittorgarh,"Part Funding of Capital Expenditure of Cancer Hospital at Ranguni, Jharkhand. | Acquiring Land on Leasehold basis for Health Management and Research Institute at Ranchi, Jharkhand | General corporate purposes",chittorgarh,27.0,chittorgarh,50.6,451.6,167.8,195.1,681.48,1824.73,1582.05,5256.29,42.31,83.03,,51.0,True,2000.0,104000.0,9.6,11.0,121.0,5.4,,84.0,121.0,,18.0,31.0,,4.0,11.0,,2.1,5.4,,70.0,81.0,,17.0,34.0,,154.0,164.0,,26.0,-4.0,,,,,,,0.0,sharescart,sharescart,ipowatch,,,543943.BO,isin_authoritative,ISIN→symbol from official BSE list,match,,Asarfi Hospital Ltd.,Asarfi Hospital Ltd,match
INE0P1Q01015,Service Care Ltd.,SME,SERVICE,,2023-07-14,2023-07-18,2023-07-26,67.0,20.68,Bookbuilding,NSE SME,Swastika Investmart,2023,Rikhav Securities Ltd.,chittorgarh,20.0,chittorgarh,1.0,chittorgarh,4.8,chittorgarh,,,70.9,chittorgarh,70.9,chittorgarh,67.35,chittorgarh,67.55,chittorgarh,To Meet Incremental Working Capital Requirements | General Corporate Purpose,chittorgarh,21.0,chittorgarh,5.1,2.6,10.5,6.4,52.72,8.19,76.27,133.15,5.97,100.0,73.16,63.0,True,2000.0,134000.0,41.9,2.0,189.0,1.6,159.0,193.0,189.0,5.0,5.0,3.0,5.0,4.0,2.0,5.4,3.8,1.5,13.0,34.0,47.0,0.0,0.0,0.0,30.0,55.0,68.0,3.0,6.0,2.0,3.14,38.46,0.0,159.0,5.0,Mar 2023,1.0,sharescart,sharescart,investorgain,sharescart,SERVICE.NS,,isin_authoritative,ISIN→symbol from official NSE list,match,,Service Care Ltd.,Service Care Limited,match
INE0NEV01011,Ahasolar Technologies Ltd.,SME,,543941.0,2023-07-10,2023-07-13,2023-07-21,157.0,12.85,Fixed Price,BSE SME,Beeline Capital,2023,Sunflower Broking Pvt.Ltd.,chittorgarh,12.0,chittorgarh,1.0,chittorgarh,7.7,chittorgarh,,,203.0,chittorgarh,213.15,chittorgarh,203.0,chittorgarh,213.15,chittorgarh,Development of Solar PV Plant | Setting up of Electric Vehicle Charging Infrastructure | Purchase of Electric Vehicle | To Meet Working Capital Requirements | General Corporate Purpose,chittorgarh,13.0,chittorgarh,0.0,23.4,46.2,34.8,0.0,150.14,296.68,447.01,9.55,50.31,,157.0,False,800.0,125600.0,-46.2,-1.0,58.0,-3.4,,42.0,58.0,,0.0,-1.0,,0.0,-1.0,,0.1,-3.1,,16.0,15.0,,0.0,0.0,,17.0,19.0,,-1.0,-2.0,,,,,,,0.0,sharescart,sharescart,ipowatch,,,543941.BO,isin_authoritative,ISIN→symbol from official BSE list,match,,Ahasolar Technologies Ltd.,Ahasolar Technologies Ltd,match
INE0P3N01018,Kaka Industries Ltd.,SME,,543939.0,2023-07-10,2023-07-12,2023-07-19,58.0,21.23,Bookbuilding,BSE SME,Hem Securities,2023,Hem Finlease Pvt.Ltd.,chittorgarh,20.0,chittorgarh,1.0,chittorgarh,4.8,chittorgarh,6.02,chittorgarh,110.2,chittorgarh,115.71,chittorgarh,110.2,chittorgarh,115.71,chittorgarh,"To meet Working Capital requirements | Repayment and/or pre-payment, in full or part, of certain borrowings availed by the Company | General Corporate Purpose",chittorgarh,21.0,chittorgarh,0.0,0.0,0.0,292.7,0.0,0.0,0.0,6212.59,34.48,95.32,69.78,55.0,True,2000.0,116000.0,6.2,13.0,198.0,9.4,154.0,170.0,198.0,14.0,21.0,26.0,7.0,13.0,13.0,7.2,9.5,9.4,20.0,51.0,64.0,23.0,24.0,28.0,66.0,108.0,157.0,8.0,12.0,4.0,4.55,35.0,1.15,154.0,7.0,Mar 2023,1.0,sharescart,sharescart,ipowatch,sharescart,,543939.BO,isin_authoritative,ISIN→symbol from official BSE list,match,,Kaka Industries Ltd.,Kaka Industries Ltd,match
INE0P7201019,Drone Destination Ltd.,SME,DRONE,,2023-07-07,2023-07-13,2023-07-21,65.0,44.2,Bookbuilding,NSE SME,Narnolia Financial,2023,Nikunj Stock Brokers Ltd. Share India Securities Ltd.,chittorgarh,41.0,chittorgarh,3.0,chittorgarh,6.8,chittorgarh,12.27,chittorgarh,107.45,chittorgarh,107.95,chittorgarh,102.1,chittorgarh,102.1,chittorgarh,To meet out the expenses for purchase of new drones. | To meet out the expenses for purchase of vehicle | To meet out the Capital Expenditure Requirement. | To meet out the Working Capital requirements | To meet out the General Corporate Purposes;,chittorgarh,44.0,chittorgarh,50.5,243.9,250.1,191.7,1115.17,1616.73,3868.89,8470.93,55.38,85.14,62.31,62.0,True,2000.0,130000.0,-23.2,-7.0,25.0,-2.8,12.0,32.0,25.0,5.0,14.0,0.0,3.0,7.0,-7.0,1.5,2.9,-2.8,18.0,62.0,59.0,1.0,2.0,4.0,24.0,76.0,77.0,1.0,-15.0,-10.0,25.0,16.67,0.06,12.0,3.0,Mar 2023,1.0,sharescart,sharescart,ipowatch,sharescart,DRONE.NS,,isin_authoritative,ISIN→symbol from official NSE list,match,,Drone Destination Ltd.,Drone Destination Limited,match
INE0POP01017,AccelerateBS India Ltd.,SME,,543938.0,2023-07-06,2023-07-11,2023-07-19,90.0,5.69,Fixed Price,BSE SME,Shreni Shares,2023,Shreni Shares Ltd.,chittorgarh,1.0,chittorgarh,4.0,chittorgarh,66.7,chittorgarh,,,109.5,chittorgarh,114.97,chittorgarh,109.5,chittorgarh,114.97,chittorgarh,Long-Term Working Capital Requirements; and | General corporate purposes,chittorgarh,6.0,chittorgarh,0.0,39.3,59.1,49.2,0.0,111.63,168.11,279.79,22.22,100.0,46.81,90.0,False,1600.0,144000.0,34.6,1.0,7.0,2.6,,7.0,7.0,,2.0,1.0,,0.0,1.0,,0.1,2.1,,4.0,4.0,,1.0,2.0,,5.0,7.0,,-1.0,1.0,,,,,,,0.0,sharescart,sharescart,ipowatch,sharescart,,543938.BO,isin_authoritative,ISIN→symbol from official BSE list,match,,AccelerateBS India Ltd.,Acceleratebs India Ltd,match
INE0NZF01019,Alphalogic Industries Ltd.,SME,,543937.0,2023-07-03,2023-07-06,2023-07-14,96.0,12.88,Fixed Price,BSE SME,Finshore Management,2023,Nikunj Stock Brokers Ltd.,chittorgarh,12.0,chittorgarh,1.0,chittorgarh,7.7,chittorgarh,,,96.0,chittorgarh,98.3,chittorgarh,96.0,chittorgarh,96.29,chittorgarh,To meet Working Capital Requirements | General Corporate Purposes,chittorgarh,13.0,chittorgarh,0.0,4.2,5.2,5.3,0.0,27.3,33.42,68.78,,100.0,73.67,96.0,False,1200.0,115200.0,33.1,3.0,62.0,2.9,18.0,48.0,62.0,3.0,4.0,4.0,2.0,2.0,3.0,2.9,2.3,2.9,4.0,19.0,22.0,0.0,0.0,0.0,10.0,26.0,28.0,-1.0,-3.0,3.0,11.11,50.0,0.0,18.0,2.0,Mar 2023,1.0,sharescart,sharescart,,sharescart,,543937.BO,isin_authoritative,ISIN→symbol from official BSE list,match,,Alphalogic Industries Ltd.,Alphalogic Industries Ltd,match
INE0LWY01029,Tridhya Tech Ltd.,SME,TRIDHYA,,2023-06-30,2023-07-05,2023-07-13,42.0,26.41,Bookbuilding,NSE SME,Interactive Financial,2023,Econo Broking Pvt.Ltd.,chittorgarh,25.0,chittorgarh,1.0,chittorgarh,3.8,chittorgarh,7.52,chittorgarh,42.0,chittorgarh,44.1,chittorgarh,39.9,chittorgarh,44.1,chittorgarh,"Repayment of unsecured and secured loans. | General Corporate Purpose,",chittorgarh,26.0,chittorgarh,0.0,0.0,0.0,72.4,0.0,0.0,0.0,1911.53,9.52,80.8,58.98,35.0,True,3000.0,126000.0,-28.0,-4.0,36.0,-1.5,22.0,35.0,36.0,8.0,6.0,6.0,3.0,-0.0,-4.0,1.9,-0.2,-1.5,21.0,47.0,43.0,32.0,29.0,20.0,65.0,91.0,150.0,-16.0,-6.0,21.0,13.64,14.29,1.52,22.0,3.0,Mar 2023,1.0,sharescart,sharescart,ipowatch,sharescart,TRIDHYA.NS,,isin_authoritative,ISIN→symbol from official NSE list,match,,Tridhya Tech Ltd.,Tridhya Tech Limited,match
INE0BTR01012,Synoptics Technologies Ltd.,SME,SYNOPTICS,,2023-06-30,2023-07-05,2023-07-13,237.0,54.04,Fixed Price,NSE SME,First Overseas,2023,NNM Securities Pvt.Ltd.,chittorgarh,32.0,chittorgarh,19.0,chittorgarh,35.2,chittorgarh,,,238.0,chittorgarh,238.0,chittorgarh,226.1,chittorgarh,226.1,chittorgarh,Repayment of certain Borrowings; | Funding additional Working capital requirements | Investment in Strategic Acquisition / Joint Venture; and | General Corporate Purposes,chittorgarh,54.0,chittorgarh,0.0,2.6,2.5,2.7,0.0,69.71,68.63,143.74,8.44,100.0,73.11,237.0,False,600.0,142200.0,49.4,4.0,43.0,4.8,51.0,43.0,43.0,16.0,14.0,12.0,7.0,6.0,4.0,9.5,7.1,4.8,25.0,66.0,70.0,10.0,6.0,9.0,55.0,91.0,113.0,-1.0,-23.0,-1.0,13.73,28.0,0.4,51.0,7.0,Mar 2023,1.0,sharescart,sharescart,ipowatch,sharescart,SYNOPTICS.NS,,isin_authoritative,ISIN→symbol from official NSE list,match,,Synoptics Technologies Ltd.,Synoptics Technologies Limited,match
INE0PS501019,Global Pet Industries Ltd.,SME,GLOBALPET,,2023-06-28,2023-07-03,2023-07-10,49.0,13.23,Fixed Price,NSE SME,Shreni Shares,2023,Shreni Shares Ltd.,chittorgarh,13.0,chittorgarh,0.0,chittorgarh,0.0,chittorgarh,,,52.0,chittorgarh,54.6,chittorgarh,51.5,chittorgarh,52.8,chittorgarh,Funding Capital Expenditure towards construction of factory building; and | General corporate purposes,chittorgarh,13.0,chittorgarh,0.0,4.4,4.1,4.3,0.0,29.37,27.39,56.89,4.08,100.0,55.3,49.0,False,3000.0,147000.0,12.0,4.0,45.0,4.1,35.0,39.0,45.0,2.0,3.0,6.0,2.0,2.0,4.0,2.8,2.1,3.6,9.0,24.0,51.0,0.0,0.0,0.0,21.0,34.0,61.0,-3.0,-6.0,1.0,5.71,22.22,0.0,35.0,2.0,Mar 2023,1.0,sharescart,sharescart,investorgain,sharescart,GLOBALPET.NS,,isin_authoritative,ISIN→symbol from official NSE list,match,,Global Pet Industries Ltd.,Global Pet Industries Limited,match
INE0ORS01017,Pentagon Rubber Ltd.,SME,PENTAGON,,2023-06-26,2023-06-30,2023-07-07,70.0,16.17,Bookbuilding,NSE SME,Beeline Capital,2023,Sunflower Broking Pvt.Ltd.,chittorgarh,15.0,chittorgarh,1.0,chittorgarh,6.2,chittorgarh,4.59,chittorgarh,130.0,chittorgarh,130.0,chittorgarh,123.5,chittorgarh,123.5,chittorgarh,To Meet Working Capital Requirement | General Corporate Purpose,chittorgarh,16.0,chittorgarh,0.0,0.0,0.0,106.2,0.0,0.0,0.0,1717.25,7.14,100.0,62.28,65.0,True,2000.0,140000.0,20.0,3.0,49.0,3.5,43.0,58.0,49.0,6.0,7.0,4.0,3.0,4.0,3.0,5.7,5.8,3.5,9.0,29.0,32.0,8.0,14.0,14.0,32.0,56.0,59.0,2.0,-12.0,6.0,6.98,33.33,0.89,43.0,3.0,Mar 2023,1.0,sharescart,sharescart,ipowatch,sharescart,PENTAGON.NS,,isin_authoritative,ISIN→symbol from official NSE list,match,,Pentagon Rubber Ltd.,Pentagon Rubber Limited,match
INE0ITO01014,Essen Speciality Films Ltd.,SME,ESFL,,2023-06-23,2023-06-27,2023-07-06,107.0,66.33,Bookbuilding,NSE SME,GYR Capital,2023,SMC Global Securities Ltd.,chittorgarh,47.0,chittorgarh,16.0,chittorgarh,24.2,chittorgarh,18.89,chittorgarh,140.0,chittorgarh,147.0,chittorgarh,140.0,chittorgarh,147.0,chittorgarh,Prepayment or repayment of all or a portion of certain outstanding borrowings availed by the Company | Funding the working capital requirements of the Company; and | General corporate purposes,chittorgarh,66.0,chittorgarh,45.3,112.2,68.1,71.0,1501.08,1116.46,1580.31,4711.52,51.4,100.0,,101.0,True,1200.0,128400.0,22.8,12.0,173.0,4.7,119.0,143.0,173.0,22.0,26.0,24.0,14.0,14.0,12.0,7.4,5.7,4.7,85.0,143.0,153.0,3.0,0.0,0.0,110.0,153.0,192.0,25.0,-3.0,-12.0,11.76,16.47,0.04,119.0,14.0,Mar 2023,1.0,sharescart,sharescart,investorgain,,ESFL.NS,,isin_authoritative,ISIN→symbol from official NSE list,match,,Essen Speciality Films Ltd.,Essen Speciality Films Limited,match
INE0O7P01015,Greenchef Appliances Ltd.,SME,GREENCHEF,,2023-06-23,2023-06-27,2023-07-06,87.0,53.62,Bookbuilding,NSE SME,Hem Securities,2023,Hem Finlease Pvt.Ltd.,chittorgarh,51.0,chittorgarh,3.0,chittorgarh,5.6,chittorgarh,15.24,chittorgarh,104.0,chittorgarh,109.2,chittorgarh,104.0,chittorgarh,109.2,chittorgarh,Funding Capital Expenditure towards installation of additional plant and machinery | Funding Capital Expenditure towards construction of factory building | Funding of Working capital requirements | General Corporate Purpose,chittorgarh,54.0,chittorgarh,0.0,0.0,0.0,44.9,0.0,0.0,0.0,2406.99,17.24,100.0,73.52,82.0,True,1600.0,139200.0,33.5,6.0,373.0,2.6,328.0,331.0,373.0,23.0,13.0,16.0,10.0,5.0,6.0,6.1,2.1,2.6,61.0,115.0,120.0,27.0,25.0,22.0,194.0,290.0,306.0,21.0,-24.0,34.0,3.05,16.39,0.44,328.0,10.0,Mar 2023,1.0,sharescart,sharescart,ipowatch,sharescart,GREENCHEF.NS,,isin_authoritative,ISIN→symbol from official NSE list,match,,Greenchef Appliances Ltd.,Greenchef Appliances Limited,match
INE0O1S01012,Magson Retail & Distribution Ltd.,SME,MAGSON,,2023-06-23,2023-06-27,2023-07-06,65.0,13.74,Fixed Price,NSE SME,ISK Advisors,2023,Sunflower Broking Pvt.Ltd.,chittorgarh,13.0,chittorgarh,1.0,chittorgarh,7.1,chittorgarh,,,91.15,chittorgarh,95.7,chittorgarh,86.6,chittorgarh,95.7,chittorgarh,To set up new organisation and stores under franchise model & tie up with major suppliers. | Working Capital Requirement | General Corporate Purpose,chittorgarh,14.0,chittorgarh,0.0,0.0,0.0,6.7,0.0,0.0,0.0,92.61,1.54,100.0,59.98,65.0,False,2000.0,130000.0,108.3,0.0,67.0,0.6,64.0,68.0,67.0,5.0,5.0,2.0,3.0,3.0,0.0,4.4,3.6,0.6,9.0,24.0,25.0,2.0,0.0,0.0,20.0,31.0,41.0,1.0,-0.0,-10.0,4.69,33.33,0.22,64.0,3.0,Mar 2023,1.0,sharescart,sharescart,investorgain,sharescart,MAGSON.NS,,isin_authoritative,ISIN→symbol from official NSE list,match,,Magson Retail & Distribution Ltd.,Magson Retail And Distribution Limited,match
INE0Q0M01015,Veefin Solutions Ltd.,SME,,543931.0,2023-06-22,2023-06-26,2023-07-05,82.0,46.73,Fixed Price,BSE SME,Shreni Shares,2023,Shreni Shares Ltd.,chittorgarh,21.0,chittorgarh,23.0,chittorgarh,48.9,chittorgarh,,,86.05,chittorgarh,90.35,chittorgarh,86.05,chittorgarh,90.22,chittorgarh,"Global – sales and marketing expenditure | Developing new products or enhancement and maintenance, upgrading or updating existing products; and | General corporate purposes",chittorgarh,47.0,chittorgarh,0.0,3.3,1.7,2.5,0.0,76.18,38.56,114.96,3.66,84.34,,82.0,False,1600.0,131200.0,13.9,16.0,79.0,5.9,14.0,25.0,79.0,6.0,11.0,26.0,4.0,7.0,16.0,2.3,3.3,5.9,44.0,124.0,450.0,1.0,4.0,7.0,52.0,145.0,522.0,-0.0,8.0,1.0,28.57,9.09,0.02,14.0,4.0,Mar 2023,1.0,sharescart,sharescart,investorgain,,,543931.BO,isin_authoritative,ISIN→symbol from official BSE list,match,,Veefin Solutions Ltd.,Veefin Solutions Ltd,match
INE0OB201016,Aatmaj Healthcare Ltd.,SME,AATMAJ,,2023-06-19,2023-06-21,2023-06-30,60.0,38.4,Fixed Price,NSE SME,Nirbhay Capital,2023,Rikhav Securities Ltd.,chittorgarh,36.0,chittorgarh,2.0,chittorgarh,5.3,chittorgarh,,,56.0,chittorgarh,56.0,chittorgarh,53.2,chittorgarh,53.2,chittorgarh,Repayment/Prepayment in full or part of existing secured debt of the Company | Funding the Working Capital Requirements of the Company | Purchase of medical equipments for hospitals of our Company and/or newly acquired or set up hospitals | Our inorganic growth initiatives through acquisitions and other strategic initiatives | General Corporate Expenses,chittorgarh,38.0,chittorgarh,0.0,0.0,0.0,33.6,0.0,0.0,0.0,1290.24,16.67,88.89,,60.0,False,2000.0,120000.0,200.0,1.0,20.0,0.3,27.0,16.0,20.0,10.0,3.0,3.0,6.0,1.0,1.0,3.6,0.4,0.3,14.0,49.0,50.0,2.0,1.0,2.0,31.0,58.0,63.0,5.0,-8.0,3.0,22.22,42.86,0.14,27.0,6.0,Mar 2023,1.0,sharescart,sharescart,ipowatch,,AATMAJ.NS,,isin_authoritative,ISIN→symbol from official NSE list,match,,Aatmaj Healthcare Ltd.,Aatmaj Healthcare Limited,match
INE0L4V01013,Vilin Bio Med Ltd.,SME,VILINBIO,,2023-06-16,2023-06-21,2023-06-30,30.0,12.0,Fixed Price,NSE SME,Inventure Merchant Banker,2023,Rikhav Securities Ltd.,chittorgarh,11.0,chittorgarh,1.0,chittorgarh,8.3,chittorgarh,,,30.0,chittorgarh,30.0,chittorgarh,28.5,chittorgarh,28.5,chittorgarh,Augmenting additional working capital requirements | General Corporate Purposes,chittorgarh,12.0,chittorgarh,0.0,1.3,4.3,2.8,0.0,7.68,25.86,33.6,,100.0,76.9,30.0,False,4000.0,120000.0,150.0,0.0,15.0,0.2,12.0,16.0,15.0,3.0,1.0,1.0,1.0,0.0,0.0,1.3,0.1,0.2,11.0,23.0,23.0,0.0,0.0,0.0,18.0,32.0,28.0,-2.0,-7.0,0.0,8.33,9.09,0.0,12.0,1.0,Mar 2023,1.0,sharescart,sharescart,,sharescart,VILINBIO.NS,,isin_authoritative,ISIN→symbol from official NSE list,match,,Vilin Bio Med Ltd.,Vilin Bio Med Limited,match
INE0O0001013,Cell Point (India) Ltd.,SME,CELLPOINT,,2023-06-15,2023-06-20,2023-06-28,100.0,50.34,Fixed Price,NSE SME,First Overseas,2023,NNM Securities Pvt.Ltd.,chittorgarh,48.0,chittorgarh,2.0,chittorgarh,4.0,chittorgarh,,,100.0,chittorgarh,100.0,chittorgarh,95.0,chittorgarh,95.0,chittorgarh,Repayment of certain borrowings; | Repairs and Renovation of existing retail stores & setting of new retail stores; | To meet the Working Capital requirements; | General Corporate Expenses; and,chittorgarh,50.0,chittorgarh,0.0,0.0,0.0,6.0,0.0,0.0,0.0,303.55,10.0,100.0,79.12,100.0,False,1200.0,120000.0,83.3,2.0,325.0,1.2,296.0,321.0,325.0,19.0,10.0,9.0,7.0,2.0,2.0,4.9,0.9,1.2,20.0,72.0,74.0,18.0,1.0,1.0,94.0,134.0,138.0,7.0,-7.0,-1.0,2.36,35.0,0.9,296.0,7.0,Mar 2023,1.0,sharescart,sharescart,ipowatch,sharescart,CELLPOINT.NS,,isin_authoritative,ISIN→symbol from official NSE list,match,,Cell Point (India) Ltd.,Cell Point (India) Limited,match
INE0ORA01015,Cosmic CRF Ltd.,SME,,543928.0,2023-06-14,2023-06-21,2023-06-30,314.0,57.21,Bookbuilding,BSE SME,Horizon Management,2023,Giriraj Stock Broking Pvt.Ltd.,chittorgarh,54.0,chittorgarh,3.0,chittorgarh,5.3,chittorgarh,,,251.2,chittorgarh,251.2,chittorgarh,238.65,chittorgarh,238.65,chittorgarh,Funding the expansion of our existing manufacturing unit; | Funding of working capital requirements of the Company; | Prepayment or repayment of all or a portion of certain unsecured loans availed by our Company; and | General Corporate Purposes. | Total,chittorgarh,57.0,chittorgarh,0.0,0.0,0.0,1.2,0.0,0.0,0.0,69.75,4.78,98.42,72.52,314.0,True,400.0,132000.0,8.8,31.0,402.0,37.3,,,402.0,,,44.0,,,31.0,,,31.7,,,409.0,,,6.0,,,554.0,,,-73.0,,,,,,,0.0,sharescart,sharescart,ipowatch,sharescart,,543928.BO,isin_authoritative,ISIN→symbol from official BSE list,match,,Cosmic CRF Ltd.,Cosmic CRF Ltd,match
INE0OJ401014,Bizotic Commercial Ltd.,SME,,543926.0,2023-06-12,2023-06-15,2023-06-23,175.0,42.21,Fixed Price,BSE SME,Interactive Financial,2023,Beeline Broking Ltd.,chittorgarh,40.0,chittorgarh,2.0,chittorgarh,4.8,chittorgarh,,,180.0,chittorgarh,182.0,chittorgarh,171.0,chittorgarh,171.0,chittorgarh,Setting up Retail network by establishing company owned and company operated stores | Repayment of Loan | Long-term Working capital requirement | General Corporate Purposes,chittorgarh,42.0,chittorgarh,0.0,2.0,1.7,1.9,0.0,42.21,36.72,78.93,0.57,100.0,75.0,175.0,False,800.0,140000.0,42.7,4.0,112.0,4.1,65.0,71.0,112.0,4.0,5.0,8.0,3.0,3.0,4.0,4.8,3.8,5.3,8.0,55.0,58.0,2.0,1.0,0.0,49.0,77.0,108.0,-3.0,-25.0,5.0,4.62,37.5,0.25,65.0,3.0,Mar 2023,1.0,sharescart,sharescart,investorgain,sharescart,,543926.BO,isin_authoritative,ISIN→symbol from official BSE list,match,,Bizotic Commercial Ltd.,Bizotic Commercial Ltd,match
INE0O0201019,Urban Enviro Waste Management Ltd.,SME,URBAN,,2023-06-12,2023-06-14,2023-06-22,100.0,11.42,Fixed Price,NSE SME,Pantomath Capital,2023,Asnani Stock Broker Pvt.Ltd. Nikunj Stock Brokers Ltd.,chittorgarh,9.0,chittorgarh,2.0,chittorgarh,18.2,chittorgarh,,,141.0,chittorgarh,148.05,chittorgarh,141.0,chittorgarh,148.05,chittorgarh,"Repayment of certain secured borrowings (including accrued interest and foreclosure charges, if any) in full availed by our Company | Funding the working capital requirements of the Company; and | General corporate purposes.",chittorgarh,11.0,chittorgarh,0.0,281.4,220.6,255.5,0.0,1607.41,1260.3,2918.72,25.0,65.0,51.19,100.0,False,1200.0,120000.0,8.4,10.0,141.0,11.9,39.0,102.0,141.0,8.0,19.0,26.0,2.0,7.0,10.0,3.2,8.1,11.8,6.0,22.0,32.0,17.0,20.0,22.0,38.0,63.0,94.0,5.0,4.0,10.0,5.13,33.33,2.83,39.0,2.0,Mar 2023,1.0,sharescart,sharescart,ipowatch,sharescart,URBAN.NS,,isin_authoritative,ISIN→symbol from official NSE list,match,,Urban Enviro Waste Management Ltd.,Urban Enviro Waste Management Limited,match
INE0OL001018,Spectrum Talent Management Ltd.,SME,SPECTSTM,,2023-06-09,2023-06-14,2023-06-22,173.0,105.14,Bookbuilding,NSE SME,Sarthi Capital Advisors,2023,Rikhav Securities Ltd.,chittorgarh,84.0,chittorgarh,15.0,chittorgarh,14.3,chittorgarh,,,155.0,chittorgarh,155.0,chittorgarh,147.25,chittorgarh,147.25,chittorgarh,Funding Working Capital Requirement; | Acquisitions of Businesses in similar or complementary areas | General Corporate Purposes,chittorgarh,105.0,chittorgarh,11.2,11.7,13.1,12.3,589.32,184.21,481.34,1289.05,11.56,100.0,72.25,169.0,True,800.0,138400.0,55.8,7.0,1270.0,3.1,768.0,1016.0,1270.0,24.0,12.0,11.0,28.0,12.0,7.0,15.5,5.0,3.1,56.0,147.0,160.0,0.0,0.0,0.0,89.0,191.0,242.0,9.0,-5.0,-67.0,3.65,50.0,0.0,768.0,28.0,Mar 2023,1.0,sharescart,sharescart,ipowatch,sharescart,SPECTSTM.NS,,isin_authoritative,ISIN→symbol from official NSE list,match,,Spectrum Talent Management Ltd.,Spectrum Talent Management Limited,match
INE0N5O01013,Sonalis Consumer Products Ltd.,SME,,543924.0,2023-06-07,2023-06-09,2023-06-19,30.0,2.83,Fixed Price,BSE SME,Expert Global,2023,Beeline Broking Ltd.,chittorgarh,3.0,chittorgarh,0.0,chittorgarh,0.0,chittorgarh,,,38.0,chittorgarh,39.9,chittorgarh,38.0,chittorgarh,39.9,chittorgarh,To part finance the working capital requirements | General corporate purposes;,chittorgarh,3.0,chittorgarh,0.0,38.4,48.1,43.4,0.0,54.63,67.78,122.8,13.33,73.12,38.59,30.0,False,4000.0,120000.0,2.3,3.0,107.0,13.3,7.0,4.0,107.0,0.0,0.0,4.0,0.0,0.0,3.0,0.0,0.1,13.3,3.0,6.0,8.0,2.0,2.0,1.0,6.0,10.0,52.0,-1.0,-3.0,-1.0,0.0,0.0,0.67,7.0,0.0,Mar 2023,1.0,sharescart,sharescart,ipowatch,sharescart,,543924.BO,isin_authoritative,ISIN→symbol from official BSE list,match,,Sonalis Consumer Products Ltd.,Sonalis Consumer Products Ltd,match
INE0O4R01018,Kore Digital Ltd.,SME,KDL,,2023-06-02,2023-06-07,2023-06-14,180.0,18.0,Fixed Price,NSE SME,First Overseas,2023,NNM Securities Pvt.Ltd.,chittorgarh,17.0,chittorgarh,1.0,chittorgarh,5.6,chittorgarh,,,201.0,chittorgarh,210.0,chittorgarh,190.95,chittorgarh,190.95,chittorgarh,To meet the Working Capital requirements | Investment in Strategic Acquisition / Joint Venture | General Corporate Expenses,chittorgarh,18.0,chittorgarh,0.0,44.9,33.3,39.5,0.0,424.73,283.77,710.28,11.11,38.89,22.89,180.0,False,800.0,144000.0,6.8,32.0,328.0,26.4,,104.0,328.0,,17.0,48.0,,11.0,32.0,,9.6,26.4,,75.0,106.0,,0.0,2.0,,153.0,246.0,,-8.0,13.0,,,,,,,0.0,sharescart,sharescart,ipowatch,sharescart,KDL.NS,,isin_authoritative,ISIN→symbol from official NSE list,match,,Kore Digital Ltd.,Kore Digital Limited,match
INE0NXA01015,Comrade Appliances Ltd.,SME,,543921.0,2023-05-31,2023-06-05,2023-06-13,54.0,12.3,Bookbuilding,BSE SME,Gretex Corporate,2023,Gretex Share Broking Pvt.Ltd.,chittorgarh,12.0,chittorgarh,0.0,chittorgarh,0.0,chittorgarh,3.5,chittorgarh,87.0,chittorgarh,91.35,chittorgarh,87.0,chittorgarh,91.35,chittorgarh,Working Capital Requirements | General Corporate Purposes,chittorgarh,12.0,chittorgarh,21.9,162.7,72.1,77.3,134.45,300.16,310.33,950.27,12.96,100.0,73.35,52.0,True,2000.0,108000.0,77.1,1.0,57.0,0.7,27.0,29.0,57.0,5.0,4.0,5.0,2.0,1.0,1.0,3.1,0.7,0.7,7.0,17.0,23.0,2.0,2.0,12.0,28.0,40.0,73.0,-0.0,-6.0,5.0,7.41,28.57,0.29,27.0,2.0,Mar 2023,1.0,sharescart,sharescart,ipowatch,sharescart,,543921.BO,isin_authoritative,ISIN→symbol from official BSE list,match,,Comrade Appliances Ltd.,Comrade Appliances Ltd,match
INE0LEX01011,Sahana System Ltd.,SME,SAHANA,,2023-05-31,2023-06-02,2023-06-12,135.0,32.74,Bookbuilding,NSE SME,Unistone Capital,2023,Rikhav Securities Ltd.,chittorgarh,31.0,chittorgarh,2.0,chittorgarh,6.1,chittorgarh,,,163.0,chittorgarh,171.15,chittorgarh,163.0,chittorgarh,171.15,chittorgarh,To meet the working capital requirements | Installation of EV charging Station | General Corporate Purposes,chittorgarh,33.0,chittorgarh,9.7,6.4,13.0,9.5,31.76,94.43,191.07,311.99,7.41,90.25,,132.0,True,1000.0,135000.0,2.9,39.0,167.0,46.7,24.0,69.0,167.0,10.0,23.0,58.0,6.0,18.0,39.0,11.1,22.8,40.1,11.0,56.0,176.0,0.0,0.0,1.0,24.0,96.0,252.0,1.0,34.0,-48.0,25.0,54.55,0.0,24.0,6.0,Mar 2023,1.0,sharescart,sharescart,ipowatch,,SAHANA.NS,,isin_authoritative,ISIN→symbol from official NSE list,match,,Sahana System Ltd.,Sahana System Limited,match
INE0NJ001013,CFF Fluid Control Ltd.,SME,,543920.0,2023-05-30,2023-06-02,2023-06-12,165.0,85.8,Fixed Price,BSE SME,Aryaman Financial,2023,Aryaman Capital Markets Ltd.,chittorgarh,81.0,chittorgarh,5.0,chittorgarh,5.8,chittorgarh,,,175.0,chittorgarh,183.75,chittorgarh,175.0,chittorgarh,183.75,chittorgarh,Funding Working capital requirements | Repayment of Loans | Purchase of machinery and equipment | Acquire Technology of “ Towed Wire Antenna (TWA) | General Corporate Purpose,chittorgarh,86.0,chittorgarh,0.0,0.0,0.0,0.0,,,,,7.88,73.31,68.06,,False,400.0,0.0,,24.0,146.0,12.3,71.0,107.0,146.0,19.0,31.0,41.0,10.0,17.0,24.0,7.1,8.8,12.2,25.0,126.0,148.0,30.0,6.0,5.0,89.0,161.0,199.0,-9.0,-27.0,-3.0,16.44,16.22,0.03,146.0,24.0,Mar 2025,3.0,sharescart,sharescart,ipowatch,sharescart,,543920.BO,isin_authoritative,ISIN→symbol from official BSE list,match,,CFF Fluid Control Ltd.,CFF Fluid Control Ltd,match
INE0NNZ01013,Infollion Research Services Ltd.,SME,INFOLLION,,2023-05-29,2023-05-31,2023-06-08,82.0,21.45,Bookbuilding,NSE SME,Holani Consultants,2023,Holani Consultants Pvt.Ltd.,chittorgarh,17.0,chittorgarh,3.0,chittorgarh,14.3,chittorgarh,5.94,chittorgarh,209.0,chittorgarh,218.0,chittorgarh,198.55,chittorgarh,198.55,chittorgarh,Expansion of current service line in the US and Western European regions. | Pex-Panel- Adding new categories of freelancers. | Technology Development | General Corporate Purposes,chittorgarh,21.0,chittorgarh,70.7,422.3,262.7,259.1,738.03,1476.73,1975.45,5556.93,123.17,67.09,,80.0,True,1600.0,131200.0,6.4,12.0,77.0,12.8,,52.0,77.0,,12.0,17.0,,9.0,12.0,,8.8,12.8,,41.0,54.0,,0.0,0.0,,47.0,61.0,,9.0,6.0,,,,,,,0.0,sharescart,sharescart,investorgain,,INFOLLION.NS,,isin_authoritative,ISIN→symbol from official NSE list,match,,Infollion Research Services Ltd.,Infollion Research Services Limited,match
INE0GYI01028,Hemant Surgical Industries Ltd.,SME,,543916.0,2023-05-24,2023-05-26,2023-06-05,90.0,24.84,Bookbuilding,BSE SME,Hem Securities,2023,Hem Finlease Pvt.Ltd.,chittorgarh,24.0,chittorgarh,1.0,chittorgarh,4.0,chittorgarh,7.04,chittorgarh,171.0,chittorgarh,179.55,chittorgarh,171.0,chittorgarh,179.55,chittorgarh,Funding Capital Expenditure towards installation of additional plant and machinery | Funding to meet working capital requirements | General Corporate Purpose,chittorgarh,25.0,chittorgarh,41.1,203.3,158.7,139.7,509.84,757.35,1380.0,3470.15,88.89,100.0,68.08,85.0,True,1600.0,144000.0,11.7,8.0,107.0,7.7,,,107.0,,,14.0,,,8.0,,,7.7,,,63.0,,,23.0,,,148.0,,,9.0,,,,,,,0.0,sharescart,sharescart,investorgain,sharescart,,543916.BO,isin_authoritative,ISIN→symbol from official BSE list,match,,Hemant Surgical Industries Ltd.,Hemant Surgical Industries Ltd,match
INE0ONE01016,Proventus Agrocom Ltd.,SME,PROV,,2023-05-24,2023-05-26,2023-06-05,771.0,69.54,Fixed Price,NSE SME,Sundae Capital,2023,Ajcon Global Services Ltd.,chittorgarh,48.0,chittorgarh,18.0,chittorgarh,25.7,chittorgarh,,,821.0,chittorgarh,862.05,chittorgarh,821.0,chittorgarh,862.05,chittorgarh,"Funding working capital requirements of the Company | Funding working capital requirements of our material subsidiary namely, Prov Foods Private Limited | General Corporate Purposes",chittorgarh,70.0,chittorgarh,0.0,4.3,0.7,2.6,0.0,149.52,25.73,181.51,2.33,92.29,70.84,771.0,False,160.0,123360.0,36.0,7.0,582.0,21.4,419.0,497.0,582.0,8.0,12.0,13.0,4.0,7.0,7.0,13.0,21.1,21.3,63.0,123.0,130.0,4.0,0.0,6.0,95.0,137.0,165.0,-1.0,-6.0,-2.0,0.95,6.35,0.06,419.0,4.0,Mar 2023,1.0,sharescart,sharescart,ipowatch,sharescart,PROV.NS,,isin_authoritative,ISIN→symbol from official NSE list,match,,Proventus Agrocom Ltd.,Proventus Agrocom Limited,match
INE0N5801013,Vasa Denticity Ltd.,SME,DENTALKART,,2023-05-23,2023-05-25,2023-06-02,128.0,54.07,Bookbuilding,NSE SME,Hem Securities,2023,Hem Finlease Pvt.Ltd.,chittorgarh,38.0,chittorgarh,13.0,chittorgarh,24.1,chittorgarh,15.36,chittorgarh,211.0,chittorgarh,221.55,chittorgarh,211.0,chittorgarh,221.55,chittorgarh,To Meet Working Capital Requirements; | Expenditure to enhance visibility and awareness of the brands | General Corporate Purposes,chittorgarh,54.0,chittorgarh,37.3,115.1,58.1,68.0,1007.27,933.71,1098.89,3676.03,31.25,95.0,,121.0,True,1000.0,128000.0,12.2,17.0,249.0,10.5,,172.0,249.0,,21.0,26.0,,15.0,17.0,,9.4,10.2,,68.0,133.0,,0.0,0.0,,85.0,151.0,,-11.0,-4.0,,,,,,,0.0,sharescart,sharescart,ipowatch,,DENTALKART.NS,,isin_authoritative,ISIN→symbol from official NSE list,match,,Vasa Denticity Ltd.,Vasa Denticity Limited,match
INE0OFK01019,Crayons Advertising Ltd.,SME,CRAYONS,,2023-05-22,2023-05-25,2023-06-02,65.0,41.8,Bookbuilding,NSE SME,Corporate Capitalventures,2023,SS Corporate Securities Ltd.,chittorgarh,40.0,chittorgarh,2.0,chittorgarh,4.8,chittorgarh,11.9,chittorgarh,90.0,chittorgarh,94.5,chittorgarh,90.0,chittorgarh,94.5,chittorgarh,Funding of working capital requirements of the Company | Capital expenditure on infrastructure and cutting-edge technology for expansion | General Corporate Expenses,chittorgarh,42.0,chittorgarh,45.2,171.7,169.9,137.3,944.57,1076.49,2485.92,5737.62,53.85,100.0,64.62,62.0,True,2000.0,130000.0,14.4,7.0,234.0,4.5,169.0,234.0,234.0,5.0,26.0,14.0,0.0,17.0,7.0,0.1,7.2,4.5,32.0,107.0,117.0,15.0,3.0,3.0,103.0,194.0,212.0,1.0,-22.0,8.0,0.0,0.0,0.47,169.0,0.0,Mar 2018,1.0,sharescart,sharescart,ipowatch,sharescart,CRAYONS.NS,,isin_authoritative,ISIN→symbol from official NSE list,match,,Crayons Advertising Ltd.,Crayons Advertising Limited,match
INE0O5T01011,Remus Pharmaceuticals Ltd.,SME,REMUS,,2023-05-17,2023-05-19,2023-05-29,1229.0,47.69,Bookbuilding,NSE SME,Beeline Capital,2023,Sunflower Broking Pvt.Ltd.,chittorgarh,45.0,chittorgarh,3.0,chittorgarh,6.2,chittorgarh,13.58,chittorgarh,1711.25,chittorgarh,1796.8,chittorgarh,1711.25,chittorgarh,1796.8,chittorgarh,To Meet Working Capital Requirements | Funding investments for acquisitions and general corporate purposes | Public Issue Expenses,chittorgarh,48.0,chittorgarh,10.8,229.3,49.6,57.1,256.31,1640.06,827.48,2723.78,10.17,92.82,68.37,1150.0,True,100.0,122900.0,18.8,38.0,620.0,65.2,,213.0,620.0,,32.0,51.0,,24.0,38.0,,17.5,24.7,,158.0,256.0,,3.0,3.0,,333.0,433.0,,1.0,7.0,,,,,,,0.0,sharescart,sharescart,ipowatch,sharescart,REMUS.NS,,isin_authoritative,ISIN→symbol from official NSE list,match,,Remus Pharmaceuticals Ltd.,Remus Pharmaceuticals Limited,match
INE0NR701018,Krishca Strapping Solutions Ltd.,SME,KRISHCA,,2023-05-16,2023-05-19,2023-05-26,54.0,17.93,Bookbuilding,NSE SME,Share India Capital,2023,Share India Securities Ltd.,chittorgarh,16.0,chittorgarh,2.0,chittorgarh,11.1,chittorgarh,4.88,chittorgarh,118.8,chittorgarh,118.8,chittorgarh,112.9,chittorgarh,112.9,chittorgarh,Capital Expenditure for setting up of New Strapping Line | Repayment of certain secured borrowings in full availed by our Company | General Corporate Expenses | Issue Expenses,chittorgarh,18.0,chittorgarh,36.1,786.9,572.8,336.6,323.6,2116.1,3594.39,6034.03,125.93,86.34,62.6,51.0,True,2000.0,108000.0,6.2,12.0,149.0,8.7,,,149.0,,,24.0,,,12.0,,,8.2,,,103.0,,,4.0,,,160.0,,,-20.0,,,,,,,0.0,sharescart,sharescart,investorgain,sharescart,KRISHCA.NS,,isin_authoritative,ISIN→symbol from official NSE list,match,,Krishca Strapping Solutions Ltd.,Krishca Strapping Solutions Limited,match
INE0NUL01018,Auro Impex & Chemicals Ltd.,SME,AUROIMPEX,,2023-05-11,2023-05-15,2023-05-23,78.0,27.07,Bookbuilding,NSE SME,Affinity Global,2023,Rikhav Securities Ltd.,chittorgarh,21.0,chittorgarh,4.0,chittorgarh,14.8,chittorgarh,,,78.0,chittorgarh,78.5,chittorgarh,74.2,chittorgarh,75.7,chittorgarh,To meet the working capital requirements | General Corporate Purpose and,chittorgarh,27.0,chittorgarh,0.0,0.0,0.0,0.0,0.0,0.0,0.0,0.0,2.56,99.99,,74.0,True,1600.0,124800.0,20.5,5.0,263.0,3.8,232.0,318.0,263.0,13.0,13.0,10.0,6.0,6.0,5.0,6.5,5.1,3.8,18.0,42.0,47.0,10.0,9.0,8.0,82.0,91.0,120.0,3.0,1.0,-22.0,2.59,33.33,0.56,232.0,6.0,Mar 2023,1.0,sharescart,sharescart,investorgain,,AUROIMPEX.NS,,isin_authoritative,ISIN→symbol from official NSE list,match,,Auro Impex & Chemicals Ltd.,Auro Impex  & Chemicals Limited,match
INE0JWV01011,De Neers Tools Ltd.,SME,DENEERS,,2023-04-28,2023-05-03,2023-05-11,101.0,22.99,Bookbuilding,NSE SME,Khambatta Securities,2023,Share India Securities Ltd.,chittorgarh,22.0,chittorgarh,1.0,chittorgarh,4.3,chittorgarh,,,190.0,chittorgarh,190.0,chittorgarh,180.5,chittorgarh,180.5,chittorgarh,Working Capital Requirement including margin money | General Corporate Purpose | Issue Expenses,chittorgarh,23.0,chittorgarh,3.7,60.2,11.9,15.0,21.42,510.76,103.89,345.86,9.9,91.14,67.03,95.0,True,1200.0,121200.0,5.5,16.0,145.0,18.3,,,145.0,,,27.0,,,16.0,,,18.3,,,71.0,,,25.0,,,161.0,,,17.0,,,,,,,0.0,sharescart,sharescart,ipowatch,sharescart,DENEERS.NS,,isin_authoritative,ISIN→symbol from official NSE list,match,,De Neers Tools Ltd.,De Neers Tools Limited,match
INE0LDI01022,Innokaiz India Ltd.,SME,,543905.0,2023-04-28,2023-05-03,2023-05-11,78.0,21.17,Bookbuilding,BSE SME,Gretex Corporate,2023,Gretex Share Broking Pvt.Ltd.,chittorgarh,20.0,chittorgarh,1.0,chittorgarh,4.8,chittorgarh,6.03,chittorgarh,148.2,chittorgarh,155.61,chittorgarh,148.2,chittorgarh,155.61,chittorgarh,Working Capital Requirements | General Corporate Purposes,chittorgarh,21.0,chittorgarh,0.0,0.0,0.0,88.4,0.0,0.0,0.0,1871.72,32.05,98.0,71.99,76.0,True,1600.0,124800.0,-19.5,-4.0,9.0,-4.0,223.0,78.0,9.0,12.0,5.0,-3.0,9.0,2.0,-4.0,11.8,2.1,-4.0,27.0,48.0,44.0,0.0,16.0,14.0,56.0,84.0,86.0,-1.0,-15.0,-1.0,4.04,33.33,0.0,223.0,9.0,Mar 2023,1.0,sharescart,sharescart,ipowatch,sharescart,,543905.BO,isin_authoritative,ISIN→symbol from official BSE list,match,,Innokaiz India Ltd.,Innokaiz India Ltd,match
INE0NTC01019,Retina Paints Ltd.,SME,,543902.0,2023-04-19,2023-04-24,2023-05-03,30.0,11.1,Fixed Price,BSE SME,Gretex Corporate,2023,Gretex Share Broking Pvt.Ltd.,chittorgarh,11.0,chittorgarh,0.0,chittorgarh,0.0,chittorgarh,,,29.05,chittorgarh,30.5,chittorgarh,28.0,chittorgarh,30.5,chittorgarh,Working Capital Requirements | General Corporate Purposes,chittorgarh,11.0,chittorgarh,0.0,6.1,10.4,8.3,0.0,33.85,57.78,92.02,13.33,80.7,59.28,30.0,False,4000.0,120000.0,33.3,1.0,21.0,0.9,11.0,12.0,21.0,1.0,2.0,3.0,0.0,1.0,1.0,0.3,0.5,0.9,12.0,22.0,34.0,2.0,2.0,2.0,20.0,34.0,54.0,-1.0,-9.0,-11.0,0.0,0.0,0.17,11.0,0.0,Mar 2023,1.0,sharescart,sharescart,ipowatch,sharescart,,543902.BO,isin_authoritative,ISIN→symbol from official BSE list,match,,Retina Paints Ltd.,Retina Paints Ltd,match
INE0K4D01020,Quicktouch Technologies Ltd.,SME,QUICKTOUCH,,2023-04-18,2023-04-21,2023-05-02,61.0,9.33,Fixed Price,NSE SME,Share India Capital,2023,Share India Securities Ltd.,chittorgarh,9.0,chittorgarh,0.0,chittorgarh,0.0,chittorgarh,,,92.0,chittorgarh,96.6,chittorgarh,92.0,chittorgarh,96.6,chittorgarh,To meet the Working Capital Requirements of our Company | Acquisition of business in similar or complementary areas | General Corporate Purposes | Issue Expense,chittorgarh,9.0,chittorgarh,0.0,160.4,49.6,107.3,0.0,748.51,231.23,1001.06,19.67,89.41,65.72,61.0,False,2000.0,122000.0,9.0,5.0,92.0,6.8,88.0,122.0,92.0,11.0,12.0,14.0,6.0,7.0,5.0,15.0,11.6,4.8,13.0,83.0,177.0,1.0,3.0,3.0,51.0,117.0,200.0,-1.0,-12.0,-3.0,6.82,46.15,0.08,88.0,6.0,Mar 2023,1.0,sharescart,sharescart,ipowatch,sharescart,QUICKTOUCH.NS,,isin_authoritative,ISIN→symbol from official NSE list,match,,Quicktouch Technologies Ltd.,Quicktouch Technologies Limited,match
INE0O6N01012,A G Universal Ltd.,SME,AGUL,,2023-04-11,2023-04-13,2023-04-24,60.0,8.72,Fixed Price,NSE SME,Share India Capital,2023,Share India Securities Ltd.,chittorgarh,8.0,chittorgarh,1.0,chittorgarh,11.1,chittorgarh,,,60.0,chittorgarh,61.5,chittorgarh,57.25,chittorgarh,60.1,chittorgarh,To meet the Working Capital Requirements of the Company | General Corporate Purposes,chittorgarh,9.0,chittorgarh,0.0,3.7,2.5,3.4,0.0,16.18,11.08,29.31,6.67,100.0,29.8,60.0,False,2000.0,120000.0,24.0,1.0,61.0,2.5,59.0,78.0,61.0,3.0,5.0,5.0,1.0,2.0,1.0,2.9,3.5,2.5,7.0,17.0,19.0,13.0,13.0,13.0,44.0,48.0,50.0,-2.0,-2.0,-4.0,1.69,14.29,1.86,59.0,1.0,Mar 2023,1.0,sharescart,sharescart,investorgain,sharescart,AGUL.NS,,isin_authoritative,ISIN→symbol from official NSE list,match,,A G Universal Ltd.,A G Universal Limited,match
INE0NZW01014,Pattech Fitwell Tube Components Ltd.,SME,PATTECH,,2023-04-05,2023-04-12,2023-04-21,50.0,12.0,Fixed Price,NSE SME,Fedex Securities,2023,Pure Broking Pvt.Ltd.,chittorgarh,11.0,chittorgarh,1.0,chittorgarh,8.3,chittorgarh,,,55.0,chittorgarh,57.75,chittorgarh,52.55,chittorgarh,57.75,chittorgarh,Funding our working capital requirements; and | General corporate purposes,chittorgarh,12.0,chittorgarh,0.0,2.1,1.9,2.0,0.0,12.3,11.4,23.64,6.0,100.0,,50.0,False,3000.0,150000.0,31.3,1.0,48.0,1.6,12.0,38.0,48.0,1.0,3.0,4.0,0.0,1.0,1.0,0.9,1.9,1.6,6.0,19.0,21.0,7.0,7.0,6.0,24.0,35.0,41.0,0.0,-10.0,-4.0,0.0,0.0,1.17,12.0,0.0,Mar 2023,1.0,sharescart,sharescart,investorgain,,PATTECH.NS,,isin_authoritative,ISIN→symbol from official NSE list,match,,Pattech Fitwell Tube Components Ltd.,Pattech Fitwell Tube Components Limited,match
INE0N7S01028,MOS Utility Ltd.,SME,MOS,,2023-03-31,2023-04-06,2023-04-18,76.0,49.97,Bookbuilding,NSE SME,Unistone Capital,2023,Rikhav Securities Ltd.,chittorgarh,41.0,chittorgarh,6.0,chittorgarh,12.0,chittorgarh,12.15,chittorgarh,90.0,chittorgarh,94.5,chittorgarh,90.0,chittorgarh,94.5,chittorgarh,To meet the working capital requirements | General corporate purposes,chittorgarh,50.0,chittorgarh,11.7,57.9,12.0,21.1,291.55,433.95,209.51,1056.27,9.21,82.91,,72.0,True,1600.0,121600.0,13.8,14.0,616.0,5.5,106.0,187.0,616.0,11.0,18.0,24.0,6.0,12.0,14.0,0.3,0.5,0.5,26.0,75.0,86.0,5.0,1.0,2.0,52.0,105.0,151.0,4.0,-14.0,37.0,5.66,23.08,0.19,106.0,6.0,Mar 2023,1.0,sharescart,sharescart,ipowatch,,MOS.NS,,isin_authoritative,ISIN→symbol from official NSE list,match,,MOS Utility Ltd.,Mos Utility Limited,match
INE0P7001013,Sancode Technologies Ltd.,SME,,543897.0,2023-03-31,2023-04-06,2023-04-18,47.0,5.15,Fixed Price,BSE SME,Shreni Shares,2023,Shreni Shares Ltd.,chittorgarh,5.0,chittorgarh,0.0,chittorgarh,0.0,chittorgarh,,,64.0,chittorgarh,67.2,chittorgarh,60.8,chittorgarh,60.8,chittorgarh,Funding working capital requirements; | General corporate purposes,chittorgarh,5.0,chittorgarh,0.0,4.0,3.4,3.7,0.0,10.24,8.72,18.94,10.64,100.0,22.57,47.0,False,3000.0,141000.0,22.4,1.0,14.0,2.1,2.0,5.0,14.0,0.0,-2.0,1.0,0.0,-2.0,1.0,1.8,-4.9,1.2,3.0,6.0,6.0,0.0,0.0,1.0,3.0,7.0,7.0,1.0,-3.0,-3.0,0.0,0.0,0.0,2.0,0.0,Mar 2023,1.0,sharescart,sharescart,ipowatch,sharescart,,543897.BO,isin_authoritative,ISIN→symbol from official BSE list,match,,Sancode Technologies Ltd.,Sancode Technologies Ltd,match
INE0MRE01011,Infinium Pharmachem Ltd.,SME,INFINIUM,,2023-03-31,2023-04-05,2023-04-17,135.0,25.25,Fixed Price,NSE SME,Swastika Investmart,2023,Swastika Investmart Ltd.,chittorgarh,24.0,chittorgarh,1.0,chittorgarh,4.0,chittorgarh,,,141.5,chittorgarh,148.55,chittorgarh,141.5,chittorgarh,147.8,chittorgarh,"Marketing and Branding Expenses (including Registration in Reach - Europe, other marketing expenses) | Repayment of some of Existing Loans; | Expansion of Existing Unit | To Meet Incremental Working Capital Requirements; | General Corporate Purpose",chittorgarh,25.0,chittorgarh,0.0,0.0,0.0,1.8,0.0,0.0,0.0,46.58,2.22,100.0,73.05,135.0,False,1000.0,135000.0,24.1,8.0,156.0,5.6,114.0,136.0,156.0,17.0,20.0,19.0,10.0,12.0,8.0,9.3,8.1,5.2,23.0,59.0,109.0,10.0,8.0,10.0,71.0,85.0,198.0,9.0,5.0,-29.0,8.77,43.48,0.43,114.0,10.0,Mar 2023,1.0,sharescart,sharescart,ipowatch,sharescart,INFINIUM.NS,,isin_authoritative,ISIN→symbol from official NSE list,match,,Infinium Pharmachem Ltd.,Infinium Pharmachem Limited,match
INE0O8901016,Exhicon Events Media Solutions Ltd.,SME,,543895.0,2023-03-31,2023-04-05,2023-04-17,64.0,21.12,Bookbuilding,BSE SME,Share India Capital,2023,Share India Securities Ltd.,chittorgarh,19.0,chittorgarh,2.0,chittorgarh,9.5,chittorgarh,,,64.0,chittorgarh,67.2,chittorgarh,64.0,chittorgarh,67.2,chittorgarh,Working capital gap | Acquisition of exhibition material | General Corporate Purposes,chittorgarh,21.0,chittorgarh,1.0,3.3,2.3,2.0,10.56,10.39,17.08,41.18,1.56,100.0,,61.0,True,2000.0,128000.0,3.2,30.0,144.0,20.1,59.0,88.0,144.0,14.0,20.0,38.0,9.0,14.0,30.0,10.7,10.1,20.1,18.0,83.0,112.0,1.0,1.0,0.0,28.0,103.0,143.0,-3.0,-29.0,17.0,15.25,50.0,0.06,59.0,9.0,Mar 2023,1.0,sharescart,sharescart,ipowatch,,,543895.BO,isin_authoritative,ISIN→symbol from official BSE list,match,,Exhicon Events Media Solutions Ltd.,Exhicon Events Media Solutions Ltd,match
INE0O2D01012,Sotac Pharmaceuticals Ltd.,SME,SOTAC,,2023-03-29,2023-04-03,2023-04-13,111.0,33.3,Bookbuilding,NSE SME,Beeline Capital,2023,Sunflower Broking Pvt.Ltd.,chittorgarh,32.0,chittorgarh,1.0,chittorgarh,3.0,chittorgarh,9.47,chittorgarh,115.0,chittorgarh,120.75,chittorgarh,115.0,chittorgarh,120.75,chittorgarh,To Meet Working Capital Requirements | Investment in Subsidiary | Upgradation / Construction of Existing /New Building in the Existing Premises | General Corporate Purpose,chittorgarh,33.0,chittorgarh,1.0,4.0,0.9,1.6,16.65,20.18,10.61,53.28,9.01,100.0,72.85,105.0,True,1200.0,133200.0,15.2,9.0,97.0,7.3,77.0,104.0,97.0,8.0,9.0,18.0,2.0,4.0,9.0,3.6,3.9,7.3,19.0,45.0,53.0,8.0,12.0,14.0,74.0,104.0,123.0,8.0,-16.0,-4.0,2.6,10.53,0.42,77.0,2.0,Mar 2023,1.0,sharescart,sharescart,ipowatch,sharescart,SOTAC.NS,,isin_authoritative,ISIN→symbol from official NSE list,match,,Sotac Pharmaceuticals Ltd.,Sotac Pharmaceuticals Limited,match
INE0O1T01010,Maiden Forgings Ltd.,SME,,543874.0,2023-03-23,2023-03-27,2023-04-06,63.0,23.84,Bookbuilding,BSE SME,Share India Capital,2023,Share India Securities Ltd.,chittorgarh,23.0,chittorgarh,1.0,chittorgarh,4.2,chittorgarh,,,63.0,chittorgarh,63.0,chittorgarh,59.85,chittorgarh,59.86,chittorgarh,Consolidation and expansion of the manufacturing facilities | Working Capital and | General Corporate Purpose,chittorgarh,24.0,chittorgarh,1.0,1.4,1.1,1.2,11.35,4.84,8.9,27.24,6.35,100.0,,60.0,False,2000.0,120000.0,14.0,6.0,213.0,4.3,221.0,236.0,213.0,22.0,24.0,20.0,10.0,10.0,6.0,9.2,6.8,4.3,41.0,71.0,76.0,17.0,15.0,20.0,127.0,149.0,164.0,11.0,-12.0,5.0,,,,,,,0.0,sharescart,sharescart,ipowatch,,,543874.BO,isin_authoritative,ISIN→symbol from official BSE list,match,,Maiden Forgings Ltd.,Maiden Forgings Ltd,match
INE0NIJ01017,Dev Labtech Venture Ltd.,SME,,543848.0,2023-03-17,2023-03-21,2023-03-29,51.0,11.22,Fixed Price,BSE SME,Beeline Capital,2023,Sunflower Broking Pvt.Ltd.,chittorgarh,11.0,chittorgarh,0.0,chittorgarh,0.0,chittorgarh,,,51.0,chittorgarh,51.2,chittorgarh,48.45,chittorgarh,50.21,chittorgarh,To Meet the Capital Expenditure Requirements | To Meet Working Capital Requirement | General Corporate Purpose,chittorgarh,11.0,chittorgarh,,2.65,8.24,5.47,,,,,15.69,,,,,,,,,,,,,,,,,,,,,,,,,,,,,,,,,,,,,,,,,,ipowatch,,ipowatch,,,543848.BO,bse_only,BSE code only,unchecked,,Dev Labtech Venture Ltd.,,no_ref
INE0LKQ01012,Command Polymers Ltd.,SME,,543843.0,2023-03-17,2023-03-21,2023-03-29,28.0,7.09,Fixed Price,BSE SME,Aryaman Financial,2023,Aryaman Capital Markets Ltd.,chittorgarh,7.0,chittorgarh,0.0,chittorgarh,0.0,chittorgarh,,,26.75,chittorgarh,27.42,chittorgarh,25.45,chittorgarh,26.5,chittorgarh,Funding Working capital requirements; | Repayment of Loans | General Corporate Purpose,chittorgarh,7.0,chittorgarh,0.0,1.8,1.0,1.4,0.0,6.42,3.47,9.85,17.86,100.0,,28.0,False,4000.0,112000.0,46.7,1.0,11.0,0.6,23.0,11.0,11.0,2.0,-1.0,2.0,0.0,-2.0,1.0,0.4,-2.2,0.6,17.0,15.0,16.0,4.0,4.0,3.0,27.0,27.0,27.0,6.0,-5.0,-0.0,,,,,,,0.0,sharescart,sharescart,ipowatch,,,543843.BO,isin_authoritative,ISIN→symbol from official BSE list,match,,Command Polymers Ltd.,Command Polymers Ltd,match
INE0OK701014,Nirman Agri Genetics Ltd.,SME,NIRMAN,,2023-03-15,2023-03-20,2023-03-28,99.0,20.3,Fixed Price,NSE SME,First Overseas,2023,NNM Securities Pvt.Ltd.,chittorgarh,19.0,chittorgarh,1.0,chittorgarh,5.0,chittorgarh,,,102.0,chittorgarh,107.1,chittorgarh,96.9,chittorgarh,101.3,chittorgarh,Funding additional Working capital requirements | Investment in Strategic Acquisition / Joint Venture | Purchase of Computer and other hardware | General Corporate Purposes,chittorgarh,20.0,chittorgarh,0.0,1.2,2.2,1.7,0.0,12.38,22.33,34.72,2.02,100.0,52.57,99.0,False,1200.0,118800.0,3.1,25.0,237.0,31.6,29.0,63.0,237.0,4.0,11.0,27.0,4.0,10.0,25.0,6.7,17.5,31.6,27.0,37.0,110.0,1.0,0.0,0.0,30.0,44.0,113.0,0.0,4.0,-32.0,,,,,,,0.0,sharescart,sharescart,ipowatch,sharescart,NIRMAN.NS,,isin_authoritative,ISIN→symbol from official NSE list,match,,Nirman Agri Genetics Ltd.,Nirman Agri Genetics Limited,match
INE0OMI01019,Bright Outdoor Media Ltd.,SME,,543831.0,2023-03-14,2023-03-17,2023-03-24,146.0,55.48,Fixed Price,BSE SME,Shreni Shares,2023,Shreni Shares Ltd.,chittorgarh,53.0,chittorgarh,2.0,chittorgarh,3.6,chittorgarh,,,150.0,chittorgarh,157.5,chittorgarh,150.0,chittorgarh,157.5,chittorgarh,Prepayment/repayment of certain secured borrowings availed by our Company | Purchase of LED Hoardings | Funding working capital requirements; and | General corporate purpose,chittorgarh,55.0,chittorgarh,0.0,1.4,1.2,1.3,0.0,38.56,31.9,70.46,3.42,99.99,72.72,146.0,False,1000.0,146000.0,11.1,19.0,127.0,13.1,92.0,107.0,127.0,13.0,23.0,27.0,7.0,16.0,19.0,3.4,7.7,9.1,99.0,146.0,164.0,1.0,0.0,0.0,155.0,187.0,188.0,-12.0,-18.0,5.0,,,,,,,0.0,sharescart,sharescart,ipowatch,sharescart,,543831.BO,isin_authoritative,ISIN→symbol from official BSE list,match,,Bright Outdoor Media Ltd.,Bright Outdoor Media Ltd,match
INE0O1M01015,Quality Foils (India) Ltd.,SME,QFIL,,2023-03-14,2023-03-16,2023-03-24,60.0,4.52,Fixed Price,NSE SME,Khambatta Securities,2023,Khambatta Securities Ltd.,chittorgarh,4.0,chittorgarh,1.0,chittorgarh,20.0,chittorgarh,,,100.0,chittorgarh,102.0,chittorgarh,95.0,chittorgarh,97.7,chittorgarh,Funding capital expenditure requirements towards purchase of machinery | To meet the working capital requirements of the Company | General Corporate Purpose; and,chittorgarh,5.0,chittorgarh,0.0,464.5,259.7,364.4,0.0,1050.7,587.33,1648.46,41.67,72.8,53.57,60.0,False,2000.0,120000.0,12.0,1.0,151.0,5.0,186.0,155.0,151.0,7.0,6.0,6.0,3.0,1.0,1.0,11.2,4.7,5.0,27.0,29.0,30.0,13.0,13.0,21.0,76.0,69.0,98.0,9.0,15.0,-2.0,,,,,,,0.0,sharescart,sharescart,ipowatch,sharescart,QFIL.NS,,isin_authoritative,ISIN→symbol from official NSE list,match,,Quality Foils (India) Ltd.,Quality Foils (India) Limited,match
INE0NLJ01011,Labelkraft Technologies Ltd.,SME,,543830.0,2023-03-13,2023-03-15,2023-03-23,55.0,4.75,Fixed Price,BSE SME,Hem Securities,2023,Hem Securities Ltd.,chittorgarh,5.0,chittorgarh,0.0,chittorgarh,0.0,chittorgarh,,,56.0,chittorgarh,57.9,chittorgarh,53.2,chittorgarh,55.79,chittorgarh,Funding Capital Expenditure towards installation of additional plant and machinery | Funding of Working capital requirements | General Corporate Purpose,chittorgarh,5.0,chittorgarh,0.0,46.8,59.8,53.4,0.0,111.29,142.18,253.85,18.18,99.71,73.16,55.0,False,2000.0,110000.0,14.5,1.0,21.0,3.8,13.0,18.0,21.0,1.0,2.0,2.0,0.0,1.0,1.0,0.6,3.5,3.8,10.0,11.0,12.0,2.0,1.0,2.0,13.0,14.0,15.0,2.0,2.0,2.0,,,,,,,0.0,sharescart,sharescart,ipowatch,sharescart,,543830.BO,isin_authoritative,ISIN→symbol from official BSE list,match,,Labelkraft Technologies Ltd.,Labelkraft Technologies Ltd,match
INE0I3H01019,VELS Film International Ltd.,SME,VELS,,2023-03-10,2023-03-14,2023-03-22,99.0,33.74,Fixed Price,NSE SME,Khambatta Securities,2023,SS Corporate Securities Ltd.,chittorgarh,32.0,chittorgarh,2.0,chittorgarh,5.9,chittorgarh,,,101.0,chittorgarh,106.05,chittorgarh,101.0,chittorgarh,103.4,chittorgarh,Film production | General Corporate Purpose,chittorgarh,34.0,chittorgarh,0.0,1.2,1.0,1.1,0.0,20.58,16.36,37.11,4.04,100.0,73.52,99.0,False,1200.0,118800.0,3.0,38.0,69.0,33.3,60.0,40.0,69.0,9.0,-15.0,23.0,1.0,-43.0,38.0,1.1,-28.2,33.3,54.0,18.0,61.0,54.0,52.0,47.0,188.0,236.0,201.0,-38.0,21.0,32.0,,,,,,,0.0,sharescart,sharescart,investorgain,sharescart,VELS.NS,,isin_authoritative,ISIN→symbol from official NSE list,match,,VELS Film International Ltd.,Vels Film International Limited,match
INE00TV01023,Sudarshan Pharma Industries Ltd.,SME,,543828.0,2023-03-09,2023-03-14,2023-03-22,73.0,50.1,Bookbuilding,BSE SME,Gretex Corporate,2023,Gretex Share Broking Pvt.Ltd.,chittorgarh,48.0,chittorgarh,2.0,chittorgarh,4.0,chittorgarh,5.7,chittorgarh,73.0,chittorgarh,73.25,chittorgarh,69.35,chittorgarh,69.35,chittorgarh,To set up a dedicated manufacturing facility for Pharmaceutical Business | Distribution and Warehousing Centre‘s & Purchase of Corporate Office | Additional Working Capital | General Corporate Expenses,chittorgarh,50.0,chittorgarh,1.0,0.8,1.2,1.1,25.3,6.09,21.04,53.1,6.85,80.28,,71.0,True,1600.0,116800.0,104.3,16.0,505.0,0.7,461.0,464.0,505.0,16.0,25.0,42.0,7.0,11.0,16.0,0.3,0.5,0.7,101.0,112.0,131.0,13.0,10.0,10.0,232.0,283.0,402.0,-29.0,8.0,35.0,,,,,,,0.0,sharescart,sharescart,investorgain,,,543828.BO,isin_authoritative,ISIN→symbol from official BSE list,match,,Sudarshan Pharma Industries Ltd.,Sudarshan Pharma Industries Ltd,match
INE0OKG01017,Prospect Commodities Ltd.,SME,,543814.0,2023-03-08,2023-03-13,2023-03-20,61.0,7.48,Fixed Price,BSE SME,Interactive Financial,2023,Beeline Broking Ltd.,chittorgarh,7.0,chittorgarh,0.0,chittorgarh,0.0,chittorgarh,,,61.0,chittorgarh,64.05,chittorgarh,61.0,chittorgarh,61.45,chittorgarh,"Repayment of Unsecured Loans | Long-term working capital requirement | General Corporate Purpose,",chittorgarh,7.0,chittorgarh,0.0,6.9,3.8,5.3,0.0,25.61,14.06,39.71,8.2,100.0,69.5,61.0,False,2000.0,122000.0,14.5,2.0,31.0,4.2,13.0,24.0,31.0,2.0,3.0,4.0,1.0,2.0,2.0,1.3,4.2,4.0,11.0,13.0,24.0,1.0,1.0,0.0,14.0,18.0,31.0,-5.0,-0.0,-3.0,,,,,,,0.0,sharescart,sharescart,ipowatch,sharescart,,543814.BO,isin_authoritative,ISIN→symbol from official BSE list,match,,Prospect Commodities Ltd.,Prospect Consumer Products Ltd,match
INE0O4M01019,MCON Rasayan India Ltd.,SME,MCON,,2023-03-06,2023-03-10,2023-03-20,40.0,6.84,Fixed Price,NSE SME,GYR Capital,2023,Econo Broking Pvt.Ltd.,chittorgarh,6.0,chittorgarh,1.0,chittorgarh,14.3,chittorgarh,,,48.0,chittorgarh,50.4,chittorgarh,48.0,chittorgarh,50.4,chittorgarh,Funding the working capital requirements of the company | General Corporate Purposes,chittorgarh,7.0,chittorgarh,0.0,307.1,453.4,384.6,0.0,1050.25,1550.66,2630.94,37.5,91.45,66.64,40.0,False,3000.0,120000.0,11.8,2.0,51.0,3.4,31.0,42.0,51.0,3.0,6.0,7.0,1.0,2.0,2.0,1.8,3.6,3.1,13.0,16.0,33.0,4.0,5.0,6.0,30.0,46.0,71.0,-5.0,4.0,-14.0,,,,,,,0.0,sharescart,sharescart,ipowatch,sharescart,MCON.NS,,isin_authoritative,ISIN→symbol from official NSE list,match,,MCON Rasayan India Ltd.,Mcon Rasayan India Limited,match
INE0O7R01011,Systango Technologies Ltd.,SME,SYSTANGO,,2023-03-02,2023-03-06,2023-03-15,90.0,34.82,Bookbuilding,NSE SME,Hem Securities,2023,Hem Finlease Pvt.Ltd.,chittorgarh,33.0,chittorgarh,2.0,chittorgarh,5.7,chittorgarh,9.89,chittorgarh,98.0,chittorgarh,102.9,chittorgarh,95.0,chittorgarh,102.9,chittorgarh,Strategic Investment and Acquisitions | Investment in Subsidiaries | To Meet Working Capital Requirements | General Corporate Purposes,chittorgarh,35.0,chittorgarh,14.1,230.4,66.6,65.0,245.48,1203.14,811.51,2262.9,33.33,97.73,71.96,85.0,True,1600.0,144000.0,5.6,24.0,67.0,16.2,52.0,57.0,67.0,17.0,22.0,30.0,14.0,17.0,24.0,9.5,11.5,16.2,62.0,78.0,102.0,1.0,0.0,0.0,69.0,86.0,112.0,5.0,9.0,12.0,,,,,,,0.0,sharescart,sharescart,ipowatch,sharescart,SYSTANGO.NS,,isin_authoritative,ISIN→symbol from official NSE list,match,,Systango Technologies Ltd.,Systango Technologies Limited,match
INE0NLB01018,Vertexplus Technologies Ltd.,SME,VERTEXPLUS,,2023-03-02,2023-03-06,2023-03-15,96.0,14.2,Bookbuilding,NSE SME,Beeline Capital,2023,Prabhat Financial Services Ltd.,chittorgarh,13.0,chittorgarh,1.0,chittorgarh,7.1,chittorgarh,3.99,chittorgarh,101.0,chittorgarh,106.05,chittorgarh,101.0,chittorgarh,106.05,chittorgarh,To Meet Working Capital Requirement | General Corporate Purpose,chittorgarh,14.0,chittorgarh,1.4,35.2,15.5,11.0,10.16,74.89,77.21,156.39,9.38,100.0,50.33,91.0,True,1200.0,115200.0,60.0,1.0,18.0,1.6,21.0,19.0,18.0,3.0,2.0,2.0,2.0,1.0,1.0,3.5,1.1,1.6,22.0,23.0,24.0,0.0,1.0,2.0,32.0,28.0,32.0,-5.0,1.0,-1.0,,,,,,,0.0,sharescart,sharescart,ipowatch,sharescart,VERTEXPLUS.NS,,isin_authoritative,ISIN→symbol from official NSE list,match,,Vertexplus Technologies Ltd.,Vertexplus Technologies Limited,match
INE0O6A01019,ITCONS E-Solutions Ltd.,SME,,543806.0,2023-02-28,2023-03-02,2023-03-13,51.0,8.67,Fixed Price,BSE SME,Finshore Management,2023,Nikunj Stock Brokers Ltd.,chittorgarh,8.0,chittorgarh,1.0,chittorgarh,11.1,chittorgarh,,,46.99,chittorgarh,49.33,chittorgarh,46.0,chittorgarh,49.33,chittorgarh,Working capital requirements | Issue related expenses | General corporate expenses,chittorgarh,9.0,chittorgarh,0.0,16.1,17.5,16.8,0.0,69.88,75.65,145.57,13.73,89.67,59.36,51.0,False,2000.0,102000.0,8.0,3.0,56.0,6.4,28.0,28.0,56.0,3.0,3.0,5.0,2.0,2.0,3.0,3.4,3.8,5.8,12.0,14.0,37.0,0.0,0.0,1.0,14.0,19.0,50.0,-1.0,-2.0,-23.0,,,,,,,0.0,sharescart,sharescart,ipowatch,sharescart,,543806.BO,isin_authoritative,ISIN→symbol from official BSE list,match,,ITCONS E-Solutions Ltd.,ITCONS E-Solutions Ltd,match
INE0NYN01016,ResGen Ltd.,SME,,543805.0,2023-02-28,2023-03-02,2023-03-13,47.0,28.2,Bookbuilding,BSE SME,Gretex Corporate,2023,Gretex Share Broking Pvt.Ltd.,chittorgarh,27.0,chittorgarh,1.0,chittorgarh,3.6,chittorgarh,7.95,chittorgarh,49.0,chittorgarh,49.0,chittorgarh,46.55,chittorgarh,46.57,chittorgarh,Working Capital Requirements | Purchase of the land where our Manufacturing facility is currently situated | General Corporate Purposes,chittorgarh,28.0,chittorgarh,1.1,3.9,3.9,2.5,15.37,16.37,38.3,70.5,4.26,100.0,65.16,45.0,True,3000.0,141000.0,12.4,8.0,65.0,3.8,24.0,46.0,65.0,10.0,15.0,15.0,4.0,7.0,8.0,2.0,3.1,3.8,43.0,50.0,58.0,8.0,5.0,3.0,67.0,66.0,70.0,-14.0,5.0,7.0,,,,,,,0.0,sharescart,sharescart,ipowatch,sharescart,,543805.BO,isin_authoritative,ISIN→symbol from official BSE list,match,,ResGen Ltd.,Resgen Ltd,match
INE0G1V01016,Amanaya Ventures Ltd.,SME,,543804.0,2023-02-24,2023-02-28,2023-03-09,23.0,2.76,Fixed Price,BSE SME,First Overseas,2023,Nikunj Stock Brokers Ltd.,chittorgarh,3.0,chittorgarh,0.0,chittorgarh,0.0,chittorgarh,,,20.1,chittorgarh,21.0,chittorgarh,19.1,chittorgarh,19.1,chittorgarh,To meet the Working Capital requirements; | General Corporate Expense,chittorgarh,3.0,chittorgarh,0.0,0.8,2.7,1.8,0.0,1.06,3.77,4.83,8.7,100.0,56.65,23.0,False,6000.0,138000.0,28.8,0.0,40.0,0.8,11.0,31.0,40.0,0.0,0.0,0.0,0.0,0.0,0.0,0.2,0.3,0.8,5.0,5.0,5.0,0.0,0.0,0.0,5.0,5.0,5.0,-1.0,-2.0,0.0,,,,,,,0.0,sharescart,sharescart,investorgain,sharescart,,543804.BO,isin_authoritative,ISIN→symbol from official BSE list,match,,Amanaya Ventures Ltd.,Amanaya Ventures Ltd,match
INE0JZS01010,SVJ Enterprises Ltd.,SME,,543799.0,2023-02-23,2023-02-28,2023-03-09,36.0,6.12,Fixed Price,BSE SME,First Overseas,2023,Nikunj Stock Brokers Ltd.,chittorgarh,6.0,chittorgarh,0.0,chittorgarh,0.0,chittorgarh,,,38.0,chittorgarh,38.0,chittorgarh,36.1,chittorgarh,36.1,chittorgarh,To meet the working capital requirements of the company | General Corporate Purpose | To meet the expenses of the Issue,chittorgarh,6.0,chittorgarh,0.0,2.1,0.9,1.5,0.0,6.43,2.73,9.12,11.11,85.54,59.42,36.0,False,3000.0,108000.0,36.0,1.0,5.0,1.0,6.0,6.0,5.0,1.0,1.0,1.0,1.0,1.0,1.0,1.3,1.3,1.0,15.0,15.0,16.0,0.0,0.0,0.0,18.0,19.0,22.0,-6.0,-1.0,-1.0,,,,,,,0.0,sharescart,sharescart,investorgain,sharescart,,543799.BO,isin_authoritative,ISIN→symbol from official BSE list,match,,SVJ Enterprises Ltd.,S. V. J. ENTERPRISES Ltd,match
INE0NPI01014,Srivasavi Adhesive Tapes Ltd.,SME,SRIVASAVI,,2023-02-23,2023-02-28,2023-03-09,41.0,15.5,Fixed Price,NSE SME,Shreni Shares,2023,Shreni Shares Ltd.,chittorgarh,15.0,chittorgarh,0.0,chittorgarh,0.0,chittorgarh,,,40.0,chittorgarh,42.0,chittorgarh,38.1,chittorgarh,42.0,chittorgarh,Funding working capital requirements | General Corporate Purpose,chittorgarh,15.0,chittorgarh,0.0,7.1,8.4,7.8,0.0,55.17,64.94,120.11,7.32,99.84,73.21,41.0,False,3000.0,123000.0,8.5,7.0,90.0,4.8,59.0,78.0,90.0,6.0,8.0,11.0,4.0,5.0,7.0,2.6,3.6,4.8,29.0,34.0,41.0,1.0,0.0,0.0,41.0,49.0,58.0,-0.0,-1.0,2.0,,,,,,,0.0,sharescart,sharescart,ipowatch,sharescart,SRIVASAVI.NS,,isin_authoritative,ISIN→symbol from official NSE list,match,,Srivasavi Adhesive Tapes Ltd.,Srivasavi Adhesive Tapes Limited,match
INE0NPA01011,Patron Exim Ltd.,SME,,543798.0,2023-02-21,2023-02-24,2023-03-06,27.0,16.69,Fixed Price,BSE SME,Interactive Financial,2023,Sunflower Broking Pvt.Ltd.,chittorgarh,16.0,chittorgarh,1.0,chittorgarh,5.9,chittorgarh,,,28.4,chittorgarh,28.4,chittorgarh,26.98,chittorgarh,26.98,chittorgarh,Long term Working capital requirement | General corporate purposes,chittorgarh,17.0,chittorgarh,0.0,1.0,1.2,1.1,0.0,8.09,9.76,17.85,11.11,97.06,71.18,27.0,False,4000.0,108000.0,,0.0,24.0,0.0,13.0,7.0,24.0,2.0,1.0,0.0,1.0,1.0,0.0,0.6,0.3,0.0,38.0,39.0,39.0,0.0,0.0,0.0,38.0,45.0,44.0,-23.0,-0.0,-0.0,,,,,,,0.0,sharescart,sharescart,investorgain,sharescart,,543798.BO,isin_authoritative,ISIN→symbol from official BSE list,match,,Patron Exim Ltd.,Patron Exim Ltd,match
INE0OLH01013,Macfos Ltd.,SME,,543787.0,2023-02-17,2023-02-21,2023-03-01,102.0,23.75,Bookbuilding,BSE SME,Hem Securities,2023,Hem Securities Ltd.,chittorgarh,,,23.0,chittorgarh,95.8,chittorgarh,6.73,chittorgarh,184.0,chittorgarh,184.0,chittorgarh,174.8,chittorgarh,174.8,chittorgarh,"To achieve the benefits of listing the Equity Shares on the Stock Exchanges and the sale of up to 23,28,000 Equity Shares by the Selling Shareholders in the Offer",chittorgarh,24.0,chittorgarh,21.6,660.0,268.5,193.9,256.45,2350.78,2231.08,4603.56,78.43,100.0,73.65,96.0,True,1200.0,122400.0,5.3,18.0,255.0,19.1,,125.0,255.0,,17.0,27.0,,11.0,18.0,,11.1,17.3,,27.0,70.0,,2.0,1.0,,50.0,108.0,,5.0,-25.0,,,,,,,0.0,sharescart,sharescart,ipowatch,sharescart,,543787.BO,isin_authoritative,ISIN→symbol from official BSE list,match,,Macfos Ltd.,Macfos Ltd,match
INE0O4601016,Sealmatic India Ltd.,SME,,543782.0,2023-02-17,2023-02-21,2023-03-01,225.0,56.24,Bookbuilding,BSE SME,ISK Advisors,2023,Sunflower Broking Pvt.Ltd.,chittorgarh,39.0,chittorgarh,15.0,chittorgarh,26.8,chittorgarh,12.81,chittorgarh,225.0,chittorgarh,236.25,chittorgarh,216.0,chittorgarh,236.25,chittorgarh,Purchase of Plant & Machinery | Product Development | Marketing and Post-Sales Support | General Corporate Purpose | Provisions and Contingency | Working Capital Requirement,chittorgarh,56.0,chittorgarh,8.7,30.2,12.1,16.6,195.94,305.93,284.87,934.16,6.67,100.0,55.56,220.0,True,600.0,135000.0,12.8,16.0,101.0,17.6,59.0,71.0,101.0,17.0,16.0,25.0,11.0,10.0,16.0,10.1,9.1,14.7,79.0,88.0,103.0,3.0,2.0,3.0,103.0,114.0,132.0,3.0,-8.0,-3.0,,,,,,,0.0,sharescart,sharescart,ipowatch,sharescart,,543782.BO,isin_authoritative,ISIN→symbol from official BSE list,match,,Sealmatic India Ltd.,Sealmatic India Ltd,match
INE0MO401019,Viaz Tyres Ltd.,SME,VIAZ,,2023-02-16,2023-02-21,2023-03-01,62.0,20.0,Fixed Price,NSE SME,Beeline Capital,2023,Sunflower Broking Pvt.Ltd.,chittorgarh,19.0,chittorgarh,1.0,chittorgarh,5.0,chittorgarh,,,68.0,chittorgarh,71.4,chittorgarh,68.0,chittorgarh,68.05,chittorgarh,Repayment or Prepayment or part repayment of Loan | To Meet Working Capital Requirements | General Corporate Purpose | Public Issue Expenses,chittorgarh,20.0,chittorgarh,0.0,5.3,6.3,5.8,0.0,53.3,62.5,115.81,3.23,99.2,73.07,62.0,False,2000.0,124000.0,23.0,3.0,57.0,2.7,,50.0,57.0,,5.0,8.0,,2.0,3.0,,1.9,2.7,,33.0,37.0,,2.0,1.0,,51.0,59.0,,4.0,-3.0,,,,,,,0.0,sharescart,sharescart,ipowatch,sharescart,VIAZ.NS,,isin_authoritative,ISIN→symbol from official NSE list,match,,Viaz Tyres Ltd.,Viaz Tyres Limited,match
INE0MLA01012,Agarwal Float Glass India Ltd.,SME,AGARWALFT,,2023-02-10,2023-02-15,2023-02-23,42.0,9.2,Fixed Price,NSE SME,GYR Capital,2023,SMC Global Securities Ltd.,chittorgarh,9.0,chittorgarh,0.0,chittorgarh,0.0,chittorgarh,,,44.0,chittorgarh,44.5,chittorgarh,42.0,chittorgarh,44.05,chittorgarh,Funding the working capital requirements of the company | General Corporate Purposes,chittorgarh,9.0,chittorgarh,0.0,3.1,7.2,5.2,0.0,14.39,33.11,47.46,11.9,99.99,69.77,42.0,False,3000.0,126000.0,10.0,3.0,72.0,4.2,48.0,79.0,72.0,5.0,2.0,6.0,2.0,0.0,3.0,3.4,0.3,4.2,15.0,15.0,19.0,2.0,1.0,1.0,27.0,30.0,39.0,-5.0,-1.0,2.0,,,,,,,0.0,sharescart,sharescart,investorgain,sharescart,AGARWALFT.NS,,isin_authoritative,ISIN→symbol from official NSE list,match,,Agarwal Float Glass India Ltd.,Agarwal Float Glass India Limited,match
INE0KN201016,Indong Tea Co.Ltd.,SME,,543769.0,2023-02-09,2023-02-13,2023-02-21,26.0,13.67,Fixed Price,BSE SME,Finshore Management,2023,Nikunj Stock Brokers Ltd.,chittorgarh,12.0,chittorgarh,2.0,chittorgarh,14.3,chittorgarh,,,20.8,chittorgarh,21.8,chittorgarh,19.8,chittorgarh,21.8,chittorgarh,"Funding Capital Expenditure towards Extension, Uprooting, Infilling of Tea Plantation and Irrigation at Indong Tea Estate, Jalpaiguri, West Bengal | Funding Capital Expenditure towards installation of additional plant and machinery for Tea Processing Unit at Indong Tea Estate, Jalpaiguri, West Bengal | Working capital requirements | General corporate purposes | Issue related expenses",chittorgarh,14.0,chittorgarh,0.0,2.2,7.8,5.0,0.0,14.12,50.48,64.66,11.54,100.0,70.55,26.0,False,4000.0,104000.0,,0.0,30.0,0.0,21.0,21.0,30.0,5.0,1.0,3.0,1.0,-1.0,0.0,0.8,-0.9,0.2,52.0,49.0,61.0,7.0,4.0,3.0,65.0,66.0,78.0,-3.0,3.0,-9.0,,,,,,,0.0,sharescart,sharescart,ipowatch,sharescart,,543769.BO,isin_authoritative,ISIN→symbol from official BSE list,match,,Indong Tea Co.Ltd.,Indong Tea Company Ltd,match
INE0H4B01011,Lead Reclaim & Rubber Products Ltd.,SME,LRRPL,,2023-02-09,2023-02-13,2023-02-21,25.0,4.88,Fixed Price,NSE SME,Fedex Securities,2023,Svcm Securities Pvt.Ltd.,chittorgarh,5.0,chittorgarh,0.0,chittorgarh,0.0,chittorgarh,,,27.5,chittorgarh,28.5,chittorgarh,27.15,chittorgarh,27.65,chittorgarh,Funding our working capital requirements | Purchase of plant and machinery for augmenting our Manufacturing Facility | General corporate purposes,chittorgarh,5.0,chittorgarh,0.0,87.6,64.4,76.0,0.0,213.43,157.0,370.4,12.0,100.0,41.5,25.0,False,6000.0,150000.0,13.2,1.0,31.0,1.9,,15.0,31.0,,2.0,4.0,,0.0,1.0,,0.5,1.7,,11.0,20.0,,1.0,2.0,,19.0,29.0,,0.0,-0.0,,,,,,,0.0,sharescart,sharescart,investorgain,sharescart,LRRPL.NS,,isin_authoritative,ISIN→symbol from official NSE list,match,,Lead Reclaim & Rubber Products Ltd.,Lead Reclaim And Rubber Products Limited,match
INE0MM001019,Shera Energy Ltd.,SME,SHERA,,2023-02-07,2023-02-09,2023-02-17,57.0,35.2,Bookbuilding,NSE SME,Holani Consultants,2023,Holani Consultants Pvt.Ltd.,chittorgarh,4.0,chittorgarh,29.0,chittorgarh,82.9,chittorgarh,8.55,chittorgarh,64.1,chittorgarh,67.3,chittorgarh,64.0,chittorgarh,67.3,chittorgarh,Funding the working Capital Requirement of our Company | General corporate purposes,chittorgarh,35.0,chittorgarh,8.7,190.1,51.3,47.4,148.81,1060.14,645.44,1667.22,17.54,66.57,63.51,55.0,True,2000.0,114000.0,7.3,22.0,1277.0,7.8,696.0,875.0,1277.0,40.0,53.0,60.0,9.0,14.0,22.0,4.0,6.2,9.2,89.0,107.0,153.0,41.0,42.0,44.0,375.0,444.0,614.0,13.0,38.0,-3.0,,,,,,,0.0,sharescart,sharescart,ipowatch,sharescart,SHERA.NS,,isin_authoritative,ISIN→symbol from official NSE list,match,,Shera Energy Ltd.,Shera Energy Limited,match
INE0O4V01010,Earthstahl & Alloys Ltd.,SME,,543765.0,2023-01-27,2023-01-31,2023-02-08,40.0,12.96,Bookbuilding,BSE SME,Hem Securities,2023,Hem Securities Ltd.,chittorgarh,12.0,chittorgarh,1.0,chittorgarh,7.7,chittorgarh,,,55.0,chittorgarh,57.75,chittorgarh,52.5,chittorgarh,57.75,chittorgarh,"Funding capital expenditure towards change in electricity supply voltage from 33 KV to 132 KV at our manufacturing facility at Village Duldula, Baloda Bazar (C.G.) | To meet Working Capital requirements | General Corporate Purpose",chittorgarh,13.0,chittorgarh,39.83,445.09,191.55,235.1,,,,,50.0,,,,,,,,,,,,,,,,,,,,,,,,,,,,,,,,,,,,,,,,,,ipowatch,,ipowatch,,,543765.BO,isin_authoritative,ISIN→symbol from official BSE list,match,,Earthstahl & Alloys Ltd.,Earthstahl & Alloys Ltd,match
INE0LVM01018,Gayatri Rubbers & Chemicals Ltd.,SME,GRCL,,2023-01-25,2023-01-30,2023-02-07,30.0,4.58,Fixed Price,NSE SME,Khambatta Securities,2023,Khambatta Securities Ltd.,chittorgarh,4.0,chittorgarh,1.0,chittorgarh,20.0,chittorgarh,,,35.0,chittorgarh,36.75,chittorgarh,35.0,chittorgarh,36.75,chittorgarh,Working Capital Requirement including margin money | General Corporate Purpose | Issue Expenses,chittorgarh,5.0,chittorgarh,,,,,,,,,10.0,,,,,,,,,,,,,,,,,,,,,,,,,,,,,,,,,,,,,,,,,,,,investorgain,,GRCL.NS,,isin_authoritative,ISIN→symbol from official NSE list,match,,Gayatri Rubbers & Chemicals Ltd.,Gayatri Rubbers And Chemicals Limited,match
INE0MPU01011,Transvoy Logistics India Ltd.,SME,,543754.0,2023-01-20,2023-01-24,2023-02-02,71.0,5.11,Fixed Price,BSE SME,Beeline Capital,2023,Sunflower Broking Pvt.Ltd.,chittorgarh,5.0,chittorgarh,0.0,chittorgarh,0.0,chittorgarh,,,71.0,chittorgarh,74.55,chittorgarh,67.5,chittorgarh,74.55,chittorgarh,To Meet Working Capital Requirements | Investment in Subsidiary for Purchase of Containers | General Corporate Purpose | Public Issue Expenses,chittorgarh,5.0,chittorgarh,,200.0,168.67,184.34,,,,,21.13,,,,,,,,,,,,,,,,,,,,,,,,,,,,,,,,,,,,,,,,,,ipowatch,,ipowatch,,,543754.BO,isin_authoritative,ISIN→symbol from official BSE list,match,,Transvoy Logistics India Ltd.,Transvoy Logistics India Ltd,match
INE0M9Q01011,DHARNI Capital Services Ltd.,SME,,543753.0,2023-01-18,2023-01-20,2023-01-31,20.0,10.74,Fixed Price,BSE SME,Srujan Alpha Capital,2023,Sunflower Broking Pvt.Ltd.,chittorgarh,10.0,chittorgarh,1.0,chittorgarh,9.1,chittorgarh,,,21.0,chittorgarh,21.5,chittorgarh,20.2,chittorgarh,20.25,chittorgarh,Investment in Wholly owned Subsidiary Company | General Corporate Purpose,chittorgarh,11.0,chittorgarh,,,,,,,,,,,,,,,,,,,,,,,,,,,,,,,,,,,,,,,,,,,,,,,,,,,,,,,,543753.BO,isin_authoritative,ISIN→symbol from official BSE list,match,,DHARNI Capital Services Ltd.,Dharni Capital Services Ltd,match
INE082101010,Aristo Bio-Tech & Lifescience Ltd.,SME,ARISTO,,2023-01-16,2023-01-19,2023-01-30,72.0,13.05,Fixed Price,NSE SME,Beeline Capital,2023,Sunflower Broking Pvt.Ltd.,chittorgarh,12.0,chittorgarh,1.0,chittorgarh,7.7,chittorgarh,,,80.0,chittorgarh,84.0,chittorgarh,76.05,chittorgarh,84.0,chittorgarh,To Meet Working Capital Requirement | General Corporate Expenses | Public Issue Expenses,chittorgarh,13.0,chittorgarh,,,,,,,,,50.0,,,,,,,,,,,,,,,,,,,,,,,,,,,,,,,,,,,,,,,,,,,,investorgain,,ARISTO.NS,,isin_authoritative,ISIN→symbol from official NSE list,match,,Aristo Bio-Tech & Lifescience Ltd.,Aristo Bio-Tech And Lifescience Limited,match
INE0LZO01015,Ducol Organics & Colours Ltd.,SME,DUCOL,,2023-01-09,2023-01-11,2023-01-19,78.0,31.51,Fixed Price,NSE SME,First Overseas,2023,Bhh Securities Pvt.Ltd.,chittorgarh,28.0,chittorgarh,4.0,chittorgarh,12.5,chittorgarh,,,111.95,chittorgarh,117.5,chittorgarh,106.35,chittorgarh,117.5,chittorgarh,Funding working capital requirements of our Company | General Corporate Purposes,chittorgarh,32.0,chittorgarh,,,,,,,,,28.21,,,,,,,,,,,,,,,,,,,,,,,,,,,,,,,,,,,,,,,,,,,,investorgain,,DUCOL.NS,,isin_authoritative,ISIN→symbol from official NSE list,match,,Ducol Organics & Colours Ltd.,Ducol Organics And Colours Limited,match
INE0BSU01018,Eastern Logica Infoway Ltd.,SME,,543746.0,2023-01-05,2023-01-09,2023-01-17,225.0,16.94,Fixed Price,BSE SME,Oneview Corporate,2023,Nikunj Stock Brokers Ltd.,chittorgarh,14.0,chittorgarh,2.0,chittorgarh,11.8,chittorgarh,,,270.0,chittorgarh,283.5,chittorgarh,256.5,chittorgarh,283.5,chittorgarh,To meet the Working Capital requirements of the Company | General corporate purposes,chittorgarh,17.0,chittorgarh,,1.92,1.56,1.74,,,,,0.89,,,,,,,,,,,,,,,,,,,,,,,,,,,,,,,,,,,,,,,,,,ipowatch,,investorgain,,,543746.BO,isin_authoritative,ISIN→symbol from official BSE list,match,,Eastern Logica Infoway Ltd.,Logica Infoway Ltd,match
INE06PV01010,Chaman Metallics Ltd.,SME,CMNL,,2023-01-04,2023-01-06,2023-01-16,38.0,24.21,Fixed Price,NSE SME,Hem Securities,2023,Hem Finlease Pvt.Ltd.,chittorgarh,23.0,chittorgarh,1.0,chittorgarh,4.2,chittorgarh,,,68.0,chittorgarh,68.0,chittorgarh,64.6,chittorgarh,64.6,chittorgarh,To meet Working Capital requirements | General Corporate Purpose,chittorgarh,24.0,chittorgarh,,255.92,159.85,207.88,,,,,78.95,,,,,,,,,,,,,,,,,,,,,,,,,,,,,,,,,,,,,,,,,,ipowatch,,ipowatch,,CMNL.NS,,isin_authoritative,ISIN→symbol from official NSE list,match,,Chaman Metallics Ltd.,Chaman Metallics Limited,match
INE0ZHT01012,Technichem Organics Ltd.,SME,,544327.0,2024-12-31,2025-01-02,2025-01-07,55.0,25.25,Bookbuilding,BSE SME,Shreni Shares,2024,Shreni Shares Ltd.,chittorgarh,24.0,chittorgarh,1.0,chittorgarh,4.0,chittorgarh,7.14,chittorgarh,57.25,chittorgarh,60.11,chittorgarh,57.25,chittorgarh,60.11,chittorgarh,"Funding of capital expenditure requirements of the Company towards setting up of a new plant named as “Plant –4”; | Repayment or prepayment, in full or in part, of certain borrowings availed by the Company from banks, financial institutions and non-banking financial companies; | General corporate purposes;",chittorgarh,25.0,chittorgarh,101.5,1078.9,329.4,425.1,1281.06,4085.52,2910.76,10731.4,20.0,100.0,37.07,52.0,True,2000.0,110000.0,18.3,4.0,57.0,3.0,50.0,46.0,57.0,5.0,10.0,8.0,2.0,4.0,4.0,1.4,3.4,2.3,15.0,19.0,46.0,11.0,12.0,6.0,44.0,51.0,69.0,3.0,2.0,-7.0,8.7,21.05,0.63,46.0,4.0,Mar 2024,2.0,sharescart,sharescart,ipowatch,sharescart,,544327.BO,isin_authoritative,ISIN→symbol from official BSE list,match,,Technichem Organics Ltd.,Technichem Organics Ltd,match
INE0A8401016,Citichem India Ltd.,SME,,544324.0,2024-12-27,2024-12-31,2025-01-03,70.0,12.6,Fixed Price,BSE SME,Horizon Management,2024,Aftertrade Broking Pvt.Ltd.,chittorgarh,12.0,chittorgarh,1.0,chittorgarh,7.7,chittorgarh,,,70.0,chittorgarh,70.0,chittorgarh,66.5,chittorgarh,68.28,chittorgarh,For Capital expenditure for acquisition of Property; | For purchasing of Transportation Vehicles and accessories; | For General Corporate Purposes;,chittorgarh,13.0,chittorgarh,0.0,277.9,543.2,414.4,0.0,1750.64,3422.03,5220.81,42.86,99.99,69.99,70.0,False,2000.0,140000.0,30.4,1.0,54.0,2.3,21.0,20.0,54.0,1.0,2.0,2.0,0.0,1.0,1.0,0.7,2.8,1.8,6.0,8.0,20.0,1.0,1.0,1.0,80.0,69.0,70.0,0.0,0.0,-12.0,5.0,12.5,0.12,20.0,1.0,Mar 2024,2.0,sharescart,sharescart,ipowatch,sharescart,,544324.BO,isin_authoritative,ISIN→symbol from official BSE list,match,,Citichem India Ltd.,Citichem India Ltd,match
INE0SI601032,Anya Polytech & Fertilizers Ltd.,SME,ANYA,,2024-12-26,2024-12-30,2025-01-02,14.0,44.8,Bookbuilding,NSE SME,Beeline Capital,2024,Spread X Securities Pvt.Ltd.,chittorgarh,43.0,chittorgarh,2.0,chittorgarh,4.4,chittorgarh,12.75,chittorgarh,17.1,chittorgarh,17.95,chittorgarh,17.0,chittorgarh,17.95,chittorgarh,"To meet Capital Expenditure & Working Capital requirement in Anya Polytech & Fertilizers Limited | Setting-up new project (“Proposed Project”) in Yara Green Energy Private Limited, subsidiary Company, along with working capital requirement. | To meet Working Capital & Capital Expenditure in Arawali Phosphate Limited, subsidiary Company | General corporate purposes",chittorgarh,45.0,chittorgarh,150.8,1100.4,321.5,439.8,3377.92,7394.62,5041.59,19703.04,42.86,89.19,65.4,13.0,True,10000.0,140000.0,12.7,10.0,123.0,1.1,92.0,116.0,123.0,5.0,12.0,19.0,1.0,6.0,10.0,0.2,1.5,3.0,22.0,27.0,40.0,14.0,34.0,19.0,60.0,96.0,110.0,-6.0,3.0,2.0,8.13,25.0,0.47,123.0,10.0,Mar 2024,3.0,sharescart,sharescart,investorgain,sharescart,ANYA.NS,,isin_authoritative,ISIN→symbol from official NSE list,match,,Anya Polytech & Fertilizers Ltd.,Anya Polytech & Fertilizers Limited,match
INE0TP801012,Newmalayalam Steel Ltd.,SME,NMSTEEL,,2024-12-19,2024-12-23,2024-12-27,90.0,41.76,Bookbuilding,NSE SME,Khandwala Securities,2024,Aftertrade Broking Pvt.Ltd.,chittorgarh,40.0,chittorgarh,2.0,chittorgarh,4.8,chittorgarh,,,90.0,chittorgarh,90.0,chittorgarh,85.5,chittorgarh,85.5,chittorgarh,"IT / Technological Upgradation of existing manufacturing facility | Expansion of the existing solar facility for power generation | Funding of expenditure towards civil construction of new factory shed cum storage facility within the existing factory premises situated at Kerala | Advertising, Marketing and Brand Building | Funding incremental working capital requirements of our Company | General Corporate purposes#",chittorgarh,42.0,chittorgarh,1.3,24.6,87.7,50.7,5.26,462.85,1648.06,2116.81,33.33,99.8,73.02,85.0,True,1.0,90.0,28.1,4.0,304.0,3.2,355.0,300.0,304.0,13.0,11.0,11.0,6.0,4.0,4.0,4.7,3.4,2.6,36.0,40.0,78.0,12.0,8.0,3.0,87.0,116.0,109.0,31.0,-22.0,26.0,1.33,10.0,0.2,300.0,4.0,Mar 2024,2.0,sharescart,sharescart,investorgain,sharescart,NMSTEEL.NS,,isin_authoritative,ISIN→symbol from official NSE list,match,,Newmalayalam Steel Ltd.,Newmalayalam Steel Limited,match
INE0TD101011,Identical Brains Studios Ltd.,SME,IDENTICAL,,2024-12-18,2024-12-20,2024-12-26,54.0,19.95,Bookbuilding,NSE SME,Socradamus Capital,2024,Rikhav Securities Ltd.,chittorgarh,19.0,chittorgarh,1.0,chittorgarh,5.0,chittorgarh,5.66,chittorgarh,95.0,chittorgarh,99.75,chittorgarh,90.25,chittorgarh,99.75,chittorgarh,"Funding capital expenditure towards renovation of existing Andheri office and studio; | Funding capital expenditure towards establishment of Colour Grading Digital Intermediate (“DI”) and Sound Studio Set up at new branch office in Andheri; | Funding capital expenditure towards establishment of new branch office in Lucknow; | Funding capital expenditure for purchase of computers, storage systems and software to further strengthen the existing facilities/offices of the company; | Funding our incremental working capital requirements; and | General corporate purposes",chittorgarh,20.0,chittorgarh,187.4,1020.2,544.3,544.3,1868.69,3052.58,3799.98,10857.08,25.93,86.53,,51.0,True,2000.0,108000.0,19.3,4.0,25.0,2.8,8.0,20.0,25.0,2.0,8.0,7.0,2.0,5.0,4.0,1.8,5.2,2.8,3.0,12.0,34.0,0.0,0.0,0.0,5.0,17.0,39.0,2.0,1.0,-8.0,25.0,41.67,0.0,20.0,5.0,Mar 2024,2.0,sharescart,sharescart,ipowatch,,IDENTICAL.NS,,isin_authoritative,ISIN→symbol from official NSE list,match,,Identical Brains Studios Ltd.,Identical Brains Studios Limited,match
INE0LB101011,NACDAC Infrastructure Ltd.,SME,,544313.0,2024-12-17,2024-12-19,2024-12-24,35.0,10.01,Bookbuilding,BSE SME,GYR Capital,2024,Giriraj Stock Broking Pvt.Ltd.,chittorgarh,9.0,chittorgarh,1.0,chittorgarh,10.0,chittorgarh,2.73,chittorgarh,66.5,chittorgarh,69.82,chittorgarh,66.5,chittorgarh,69.82,chittorgarh,Working Capital | General Corporate Purposes,chittorgarh,10.0,chittorgarh,236.4,4084.5,2503.7,2209.8,1183.13,6132.82,8771.57,22119.7,60.0,95.9,,33.0,True,4000.0,140000.0,7.1,4.0,49.0,4.9,12.0,36.0,49.0,1.0,5.0,7.0,1.0,3.0,4.0,0.9,3.9,3.9,6.0,12.0,24.0,0.0,0.0,1.0,12.0,25.0,44.0,2.0,-8.0,-6.0,8.33,25.0,0.0,36.0,3.0,Mar 2024,2.0,sharescart,sharescart,ipowatch,,,544313.BO,isin_authoritative,ISIN→symbol from official BSE list,match,,NACDAC Infrastructure Ltd.,NACDAC Infrastructure Ltd,match
INE0QBD01018,Hamps Bio Ltd.,SME,,544312.0,2024-12-13,2024-12-17,2024-12-20,51.0,6.22,Fixed Price,BSE SME,Marwadi Chandarana Intermediaries,2024,Pure Broking Pvt.Ltd.,chittorgarh,6.0,chittorgarh,0.0,chittorgarh,0.0,chittorgarh,,,96.9,chittorgarh,101.74,chittorgarh,96.9,chittorgarh,101.74,chittorgarh,Purchase of plant & machinery for FMCG division; | Enhancing the visibility and awareness of our brand; | General corporate purposes,chittorgarh,6.0,chittorgarh,0.0,758.3,1342.0,1057.0,0.0,2358.98,4175.09,6576.65,41.18,100.0,74.04,51.0,False,2000.0,102000.0,72.9,0.0,7.0,0.7,6.0,6.0,7.0,1.0,1.0,1.0,0.0,1.0,0.0,0.7,0.8,0.3,1.0,3.0,9.0,0.0,0.0,2.0,4.0,5.0,13.0,1.0,-0.0,-2.0,16.67,33.33,0.0,6.0,1.0,Mar 2024,2.0,sharescart,sharescart,ipowatch,sharescart,,544312.BO,isin_authoritative,ISIN→symbol from official BSE list,match,,Hamps Bio Ltd.,Hamps Bio Ltd,match
INE00GK01023,Yash Highvoltage Ltd.,SME,,544310.0,2024-12-12,2024-12-16,2024-12-19,146.0,110.01,Bookbuilding,BSE SME,Indorient Financial,2024,Alacrity Securities Ltd.,chittorgarh,88.0,chittorgarh,16.0,chittorgarh,14.5,chittorgarh,31.33,chittorgarh,277.4,chittorgarh,291.25,chittorgarh,277.4,chittorgarh,291.25,chittorgarh,Setting up a new factory to manufacture RIP/RIS transformer condenser graded bushings | General Corporate Purposes,chittorgarh,110.0,chittorgarh,123.7,330.0,151.5,181.8,6804.18,5446.04,5834.1,20002.2,34.25,79.48,,138.0,True,1000.0,146000.0,16.4,21.0,150.0,8.9,90.0,108.0,150.0,19.0,22.0,34.0,11.0,12.0,21.0,5.2,5.6,7.5,32.0,42.0,148.0,4.0,5.0,6.0,59.0,70.0,202.0,9.0,14.0,9.0,11.11,28.57,0.12,108.0,12.0,Mar 2024,2.0,sharescart,sharescart,ipowatch,,,544310.BO,isin_authoritative,ISIN→symbol from official BSE list,match,,Yash Highvoltage Ltd.,Yash Highvoltage Ltd,match
INE0P5R01014,Purple United Sales Ltd.,SME,PURPLEUTED,,2024-12-11,2024-12-13,2024-12-18,126.0,32.81,Bookbuilding,NSE SME,Expert Global,2024,Prabhat Financial Services Ltd.,chittorgarh,31.0,chittorgarh,2.0,chittorgarh,6.1,chittorgarh,9.34,chittorgarh,199.0,chittorgarh,208.95,chittorgarh,189.05,chittorgarh,208.95,chittorgarh,Expenditure for opening new stores | Working capital requirements; | General corporate purposes;,chittorgarh,33.0,chittorgarh,86.3,269.7,155.3,160.1,1415.77,1327.34,1783.29,5252.29,15.87,87.54,,121.0,True,1000.0,126000.0,9.3,10.0,103.0,13.6,26.0,43.0,103.0,4.0,10.0,21.0,1.0,4.0,10.0,2.5,6.4,10.9,10.0,17.0,61.0,7.0,8.0,11.0,32.0,49.0,130.0,4.0,-11.0,-31.0,9.3,23.53,0.47,43.0,4.0,Mar 2024,2.0,sharescart,sharescart,ipowatch,,PURPLEUTED.NS,,isin_authoritative,ISIN→symbol from official NSE list,match,,Purple United Sales Ltd.,Purple United Sales Limited,match
INE0U6N01014,Supreme Facility Management Ltd.,SME,SFML,,2024-12-11,2024-12-13,2024-12-18,76.0,50.0,Bookbuilding,NSE SME,Khandwala Securities,2024,Aftertrade Broking Pvt.Ltd.,chittorgarh,47.0,chittorgarh,3.0,chittorgarh,6.0,chittorgarh,,,75.0,chittorgarh,75.0,chittorgarh,71.25,chittorgarh,71.25,chittorgarh,Funding the working capital requirements | Pursuing inorganic initiatives | General corporate purposes,chittorgarh,50.0,chittorgarh,8.2,15.7,42.5,27.0,41.2,353.26,956.29,1350.55,31.58,97.29,71.51,72.0,True,1600.0,121600.0,19.5,8.0,401.0,3.9,330.0,355.0,401.0,25.0,30.0,36.0,6.0,6.0,8.0,3.0,2.7,3.2,28.0,35.0,89.0,42.0,44.0,66.0,148.0,176.0,250.0,5.0,18.0,16.0,1.69,17.14,1.26,355.0,6.0,Mar 2024,2.0,sharescart,sharescart,investorgain,sharescart,SFML.NS,,isin_authoritative,ISIN→symbol from official NSE list,match,,Supreme Facility Management Ltd.,Supreme Facility Management Limited,match
INE0WCH01015,Jungle Camps India Ltd.,SME,,544304.0,2024-12-10,2024-12-12,2024-12-17,72.0,29.42,Bookbuilding,BSE SME,Khambatta Securities,2024,Nikunj Stock Brokers Ltd.,chittorgarh,28.0,chittorgarh,1.0,chittorgarh,3.4,chittorgarh,8.38,chittorgarh,136.8,chittorgarh,143.5,chittorgarh,129.96,chittorgarh,129.96,chittorgarh,"To meet capital expenditure for the project development at Sanjay Dubri National Park, Madhya Pradesh. | To meet capital expenditure for renovation of existing resort Pench Jungle Camp, at Pench National Park, Madhya Pradesh | Investment in our Subsidiary, Madhuvan Hospitality Private Limited (“MHPL”) in relation to capital expenditure for the project development at Mathura Hotel Project, Mathura, Uttar Pardesh. | General Corporate Purposes",chittorgarh,29.0,chittorgarh,196.5,760.5,551.2,494.6,2890.73,3355.91,5675.55,14550.15,62.5,,,68.0,True,1600.0,115200.0,23.2,4.0,22.0,3.1,11.0,17.0,22.0,2.0,7.0,8.0,0.0,4.0,4.0,0.7,3.3,2.6,9.0,18.0,51.0,1.0,1.0,2.0,18.0,29.0,63.0,1.0,2.0,5.0,23.53,22.22,0.06,17.0,4.0,Mar 2024,2.0,sharescart,sharescart,ipowatch,,,544304.BO,isin_authoritative,ISIN→symbol from official BSE list,match,,Jungle Camps India Ltd.,Jungle Camps India Ltd,match
INE0XAY01012,Toss The Coin Ltd.,SME,,544303.0,2024-12-10,2024-12-12,2024-12-17,182.0,9.17,Bookbuilding,BSE SME,Beeline Capital,2024,Spread X Securities Pvt.Ltd.,chittorgarh,9.0,chittorgarh,0.0,chittorgarh,0.0,chittorgarh,2.6,chittorgarh,345.8,chittorgarh,363.05,chittorgarh,345.8,chittorgarh,363.05,chittorgarh,Funding capital expenditure for Development of Microservices Application | Funding capital Expenditure for opening new Offices | Funding Working Capital Requirement of our Company | General Corporate Expenses,chittorgarh,9.0,chittorgarh,147.7,964.2,1550.8,1025.8,677.37,1326.63,4978.68,9409.09,27.47,86.36,69.42,172.0,True,600.0,109200.0,22.2,1.0,9.0,8.2,5.0,5.0,9.0,2.0,2.0,2.0,2.0,1.0,1.0,12.9,7.6,6.6,4.0,4.0,13.0,0.0,0.0,0.0,4.0,5.0,14.0,1.0,1.0,0.0,20.0,25.0,0.0,5.0,1.0,Mar 2024,2.0,sharescart,sharescart,ipowatch,sharescart,,544303.BO,isin_authoritative,ISIN→symbol from official BSE list,match,,Toss The Coin Ltd.,Toss The Coin Ltd,match
INE0V9V01010,Dhanlaxmi Crop Science Ltd.,SME,DHANLAXMI,,2024-12-09,2024-12-11,2024-12-16,55.0,23.8,Bookbuilding,NSE SME,Finshore Management,2024,MNM Stock Broking Pvt.Ltd.,chittorgarh,23.0,chittorgarh,1.0,chittorgarh,4.2,chittorgarh,6.37,chittorgarh,104.5,chittorgarh,109.7,chittorgarh,104.5,chittorgarh,109.7,chittorgarh,Working Capital Requirements | Issue Related Expenses | General Corporate Expense,chittorgarh,24.0,chittorgarh,197.7,1241.3,441.2,555.8,2352.43,4432.08,3675.65,13230.98,36.36,76.7,56.37,52.0,True,2000.0,110000.0,8.3,9.0,129.0,6.6,47.0,64.0,129.0,5.0,7.0,13.0,3.0,5.0,9.0,2.5,3.9,5.3,11.0,16.0,46.0,2.0,1.0,1.0,20.0,35.0,83.0,6.0,0.0,-12.0,7.81,31.25,0.06,64.0,5.0,Mar 2024,2.0,sharescart,sharescart,ipowatch,sharescart,DHANLAXMI.NS,,isin_authoritative,ISIN→symbol from official NSE list,match,,Dhanlaxmi Crop Science Ltd.,Dhanlaxmi Crop Science Limited,match
INE0RHD01013,Emerald Tyre Manufacturers Ltd.,SME,ETML,,2024-12-05,2024-12-09,2024-12-12,95.0,49.26,Bookbuilding,NSE SME,GYR Capital,2024,Giriraj Stock Broking Pvt.Ltd.,chittorgarh,45.0,chittorgarh,2.0,chittorgarh,4.1,chittorgarh,13.91,chittorgarh,180.5,chittorgarh,189.5,chittorgarh,180.5,chittorgarh,189.5,chittorgarh,To meet out the Capital Expenditure; | To meet General Corporate Purposes; and,chittorgarh,49.0,chittorgarh,196.0,912.2,558.1,530.6,4826.19,15726.7,4123.82,26136.55,89.47,67.62,,90.0,True,1200.0,114000.0,17.6,10.0,199.0,5.4,164.0,171.0,199.0,25.0,30.0,30.0,9.0,12.0,10.0,6.8,8.1,5.4,37.0,54.0,109.0,28.0,23.0,16.0,150.0,174.0,237.0,15.0,12.0,8.0,7.02,22.22,0.43,171.0,12.0,Mar 2024,2.0,sharescart,sharescart,investorgain,,ETML.NS,,isin_authoritative,ISIN→symbol from official NSE list,match,,Emerald Tyre Manufacturers Ltd.,Emerald Tyre Manufacturers Limited,match
INE0DQN01013,Nisus Finance Services Co.Ltd.,SME,,544296.0,2024-12-04,2024-12-06,2024-12-11,180.0,114.24,Bookbuilding,BSE SME,Beeline Capital,2024,Spread X Securities Pvt.Ltd.,chittorgarh,95.0,chittorgarh,13.0,chittorgarh,11.4,chittorgarh,32.21,chittorgarh,225.0,chittorgarh,236.25,chittorgarh,225.0,chittorgarh,236.25,chittorgarh,"Augmenting fund setup, additional licenses, facility management services and fund management infrastructure in IFSC-Gift City (Gandhinagar), DIFC-Dubai (UAE) and FSC-Mauritius. | Fund raising cost, distribution and placement fee to third party distributors or agents in India and/or international markets for creation of pool of funds | Investment in Subsidiary Company viz. Nisus Fincorp Private Limited (RBI Registered NBFC), for augmenting the capital base | General Corporate Purposes",chittorgarh,114.0,chittorgarh,93.8,451.2,139.8,192.3,5359.92,7731.61,5588.73,21966.29,52.78,100.0,71.23,170.0,True,800.0,144000.0,11.0,33.0,66.0,16.3,11.0,43.0,66.0,5.0,36.0,44.0,3.0,24.0,33.0,1.6,13.1,13.5,9.0,33.0,161.0,6.0,0.0,1.0,31.0,49.0,179.0,-2.0,15.0,-6.0,55.81,72.73,0.0,43.0,24.0,Mar 2024,2.0,sharescart,sharescart,investorgain,sharescart,,544296.BO,isin_authoritative,ISIN→symbol from official BSE list,match,,Nisus Finance Services Co.Ltd.,Nisus Finance Services Co Ltd,match
INE0TVT01024,Ganesh Infraworld Ltd.,SME,GANESHIN,,2024-11-29,2024-12-03,2024-12-06,83.0,98.58,Bookbuilding,NSE SME,Vivro Financial,2024,Rikhav Securities Ltd.,chittorgarh,89.0,chittorgarh,10.0,chittorgarh,10.1,chittorgarh,26.59,chittorgarh,157.7,chittorgarh,165.55,chittorgarh,157.7,chittorgarh,165.55,chittorgarh,To meet long-term working capital requirements; and | General Corporate Purposes.,chittorgarh,99.0,chittorgarh,163.5,865.8,274.5,369.6,8059.69,12802.55,9470.14,36430.28,12.05,100.0,30.9,78.0,True,1600.0,132800.0,7.2,40.0,538.0,11.6,,51.0,538.0,,6.0,57.0,,4.0,40.0,,1.4,9.4,,35.0,180.0,,0.0,3.0,,94.0,265.0,,-28.0,-80.0,7.84,11.43,0.0,51.0,4.0,Mar 2024,1.0,sharescart,sharescart,ipowatch,sharescart,GANESHIN.NS,,isin_authoritative,ISIN→symbol from official NSE list,match,,Ganesh Infraworld Ltd.,Ganesh Infraworld Limited,match
INE0P8X01016,Agarwal Toughened Glass India Ltd.,SME,AGARWALTUF,,2024-11-28,2024-12-02,2024-12-05,108.0,62.64,Bookbuilding,NSE SME,Cumulative Capital,2024,Nikunj Stock Brokers Ltd.,chittorgarh,59.0,chittorgarh,4.0,chittorgarh,6.3,chittorgarh,17.82,chittorgarh,135.0,chittorgarh,141.75,chittorgarh,130.0,chittorgarh,141.75,chittorgarh,Purchase of machinery at our existing manufacturing unit; | Repayment of certain Borrowings; | To meet incremental working capital requirements; and | General Corporate Expenses.,chittorgarh,63.0,chittorgarh,4.5,15.2,10.7,9.9,140.62,142.53,234.79,619.47,9.26,99.42,64.52,105.0,True,1200.0,129600.0,12.6,15.0,55.0,8.6,40.0,38.0,55.0,5.0,16.0,23.0,1.0,9.0,15.0,0.8,7.2,8.6,8.0,16.0,94.0,16.0,13.0,12.0,40.0,52.0,131.0,4.0,11.0,15.0,23.68,56.25,0.81,38.0,9.0,Mar 2024,2.0,sharescart,sharescart,ipowatch,sharescart,AGARWALTUF.NS,,isin_authoritative,ISIN→symbol from official NSE list,match,,Agarwal Toughened Glass India Ltd.,Agarwal Toughened Glass India Limited,match
INE0T4V01015,Apex Ecotech Ltd.,SME,APEXECO,,2024-11-27,2024-11-29,2024-12-04,73.0,25.54,Bookbuilding,NSE SME,Share India Capital,2024,Share India Securities Ltd.,chittorgarh,24.0,chittorgarh,2.0,chittorgarh,7.7,chittorgarh,7.22,chittorgarh,138.7,chittorgarh,145.6,chittorgarh,138.7,chittorgarh,145.6,chittorgarh,To meet Working Capital Requirements | General corporate purpose,chittorgarh,26.0,chittorgarh,136.7,1179.6,329.7,457.1,1745.82,4519.86,2947.22,11675.47,47.95,94.32,69.29,71.0,True,1600.0,116800.0,9.2,9.0,71.0,7.9,35.0,53.0,71.0,5.0,9.0,12.0,4.0,7.0,9.0,3.9,6.8,6.5,7.0,15.0,46.0,0.0,0.0,0.0,18.0,25.0,59.0,3.0,7.0,-14.0,13.21,46.67,0.0,53.0,7.0,Mar 2024,2.0,sharescart,sharescart,ipowatch,sharescart,APEXECO.NS,,isin_authoritative,ISIN→symbol from official NSE list,match,,Apex Ecotech Ltd.,Apex Ecotech Limited,match
INE0UYG01015,Abha Power & Steel Ltd.,SME,ABHAPOWER,,2024-11-27,2024-11-29,2024-12-04,75.0,38.54,Fixed Price,NSE SME,Horizon Management,2024,Giriraj Stock Broking Pvt.Ltd.,chittorgarh,29.0,chittorgarh,8.0,chittorgarh,20.5,chittorgarh,,,81.9,chittorgarh,81.9,chittorgarh,77.8,chittorgarh,77.8,chittorgarh,"Funding the capital expenditure towards modernization and upgradation of the manufacturing facilities in Bilaspur, Chhattisgarh to expand our product portfolio | Funding working capital requirements of the Company | General Corporate Purposes.",chittorgarh,39.0,chittorgarh,0.0,10.1,24.9,18.0,0.0,194.07,480.45,693.79,20.0,100.0,100.0,75.0,False,1600.0,120000.0,19.2,6.0,70.0,3.9,55.0,52.0,70.0,4.0,8.0,11.0,1.0,4.0,6.0,1.0,2.6,3.4,14.0,18.0,51.0,15.0,12.0,9.0,45.0,47.0,79.0,8.0,3.0,3.0,7.69,22.22,0.67,52.0,4.0,Mar 2024,2.0,sharescart,sharescart,investorgain,sharescart,ABHAPOWER.NS,,isin_authoritative,ISIN→symbol from official NSE list,match,,Abha Power & Steel Ltd.,Abha Power and Steel Limited,match
INE0VHU01019,Rajputana Biodiesel Ltd.,SME,RAJPUTANA,,2024-11-26,2024-11-28,2024-12-03,130.0,24.7,Bookbuilding,NSE SME,GYR Capital,2024,Giriraj Stock Broking Pvt.Ltd.,chittorgarh,23.0,chittorgarh,2.0,chittorgarh,8.0,chittorgarh,6.7,chittorgarh,247.0,chittorgarh,259.35,chittorgarh,247.0,chittorgarh,259.35,chittorgarh,"Loan to our Subsidiary, Nirvaanraj Energy Private Limited at H No - 576, Sheel Kunj Ph - II, Roorkee Road, Dist. - Meerut, Meerut, Uttar Pradesh, India, 250001 (“NEPL”) for capital expenditure requirements towards expansion of it’s existing manufacturing facility (the “Project”); | Funding working capital requirements of the company; and | General Corporate purposes",chittorgarh,25.0,chittorgarh,177.38,1345.96,746.57,718.81,,,,,23.08,,,,,,,,,,,,,,,,,,,,,,,,,,,,,,,,,,,,,,,,,,ipowatch,,ipowatch,,RAJPUTANA.NS,,isin_authoritative,ISIN→symbol from official NSE list,match,,Rajputana Biodiesel Ltd.,Rajputana Biodiesel Limited,match
INE0VN801010,Rajesh Power Services Ltd.,SME,,544291.0,2024-11-25,2024-11-27,2024-12-02,335.0,160.47,Bookbuilding,BSE SME,ISK Advisors,2024,Sunflower Broking Pvt.Ltd.,chittorgarh,85.0,chittorgarh,67.0,chittorgarh,41.9,chittorgarh,44.77,chittorgarh,636.5,chittorgarh,668.3,chittorgarh,636.5,chittorgarh,668.3,chittorgarh,"Purchase of cable identification, testing and fault location equipments | Setting up of DC Solar Power Plant having capacity of 1300 KW | Inhouse development of Technical Expertise in Production of Green Hydrogen and associated equipment such as Electrolysers | Additional Working Capital Requirement | General Corporate Purpose",chittorgarh,160.0,chittorgarh,46.4,138.5,32.0,59.0,3721.99,3332.7,1794.96,9467.43,46.87,60.03,52.59,320.0,True,400.0,134000.0,5.8,93.0,1107.0,57.7,,,1107.0,,,141.0,,,93.0,,,51.8,,,263.0,,,49.0,,,537.0,,,-16.0,,,,,,,0.0,sharescart,sharescart,investorgain,sharescart,,544291.BO,isin_authoritative,ISIN→symbol from official BSE list,match,,Rajesh Power Services Ltd.,Rajesh Power Services Ltd,match
INE0U7V01015,C2C Advanced Systems Ltd.,SME,C2C,,2024-11-22,2024-11-26,2024-12-03,226.0,99.07,Bookbuilding,NSE SME,Mark Corporate,2024,Spread X Securities Pvt.Ltd.,chittorgarh,94.0,chittorgarh,5.0,chittorgarh,5.1,chittorgarh,28.23,chittorgarh,429.4,chittorgarh,450.85,chittorgarh,429.4,chittorgarh,450.85,chittorgarh,Funding of capital expenditure towards purchase of fixed assets (both hardware and software) for our existing operations (the upgradation of the existing Experience Centre and set up of Training Centre at Bengaluru) and the proposed set up of Experience Centre at Dubai | Towards fit-outs at the new premises at Bengaluru | Payment of Security Deposit for the new premises at Bengaluru | To fund the working capital requirements of the Company; and | To fund expenditure towards general corporate purposes. | Total,chittorgarh,99.0,chittorgarh,31.6,233.1,132.7,125.4,1565.79,3464.41,4602.32,12418.34,75.22,56.52,,214.0,True,600.0,135600.0,10.7,29.0,115.0,21.1,8.0,41.0,115.0,4.0,19.0,44.0,3.0,12.0,29.0,8.7,10.0,17.3,3.0,76.0,198.0,0.0,0.0,0.0,18.0,86.0,262.0,-5.0,-35.0,-115.0,29.27,15.79,0.0,41.0,12.0,Mar 2024,2.0,sharescart,sharescart,ipowatch,,C2C.NS,,isin_authoritative,ISIN→symbol from official NSE list,match,,C2C Advanced Systems Ltd.,C2C Advanced Systems Limited,match
INE0R0201012,Lamosaic India Ltd.,SME,LAMOSAIC,,2024-11-21,2024-11-26,2024-11-29,200.0,61.2,Fixed Price,NSE SME,Inventure Merchant Banker,2024,Svcm Securities Pvt.Ltd.,chittorgarh,58.0,chittorgarh,3.0,chittorgarh,4.9,chittorgarh,,,164.0,chittorgarh,172.2,chittorgarh,164.0,chittorgarh,172.2,chittorgarh,Repayment of certain borrowings | To Meet Incremental Working Capital Requirements | Pursuing Inorganic Growth | General Corporate Purposes | Total,chittorgarh,61.0,chittorgarh,0.0,0.9,2.7,1.8,0.0,26.93,81.4,108.32,,100.0,86.03,200.0,False,600.0,120000.0,66.7,2.0,143.0,3.0,,51.0,143.0,,13.0,7.0,,8.0,2.0,,10.5,2.4,,15.0,78.0,,6.0,1.0,,51.0,115.0,,-4.0,-31.0,15.69,53.33,0.4,51.0,8.0,Mar 2024,1.0,sharescart,sharescart,,sharescart,LAMOSAIC.NS,,isin_authoritative,ISIN→symbol from official NSE list,match,,Lamosaic India Ltd.,Lamosaic India Limited,match
INE0WVU01018,Onyx Biotec Ltd.,SME,ONYX,,2024-11-13,2024-11-18,2024-11-22,61.0,29.34,Bookbuilding,NSE SME,Horizon Management,2024,Giriraj Stock Broking Pvt.Ltd.,chittorgarh,28.0,chittorgarh,1.0,chittorgarh,3.4,chittorgarh,8.33,chittorgarh,54.05,chittorgarh,56.75,chittorgarh,51.45,chittorgarh,56.75,chittorgarh,Upgradation of existing manufacturing Unit I to manufacture large volume parentals for intravenous use; | Setting up a high-speed cartooning packaging line at existing manufacturing Unit II for Dry Powder Injections; | Prepayment or repayment of all or a portion of certain loans availed by the Company; and | General Corporate Purposes,chittorgarh,29.0,chittorgarh,32.5,602.9,118.3,198.0,476.64,2653.28,1214.45,5809.52,8.2,100.0,38.96,58.0,True,2000.0,122000.0,18.5,5.0,62.0,3.3,39.0,54.0,62.0,5.0,9.0,12.0,2.0,4.0,5.0,1.6,2.7,2.7,18.0,25.0,56.0,18.0,24.0,7.0,59.0,74.0,91.0,6.0,2.0,1.0,7.41,16.0,0.96,54.0,4.0,Mar 2024,2.0,sharescart,sharescart,ipowatch,sharescart,ONYX.NS,,isin_authoritative,ISIN→symbol from official NSE list,match,,Onyx Biotec Ltd.,Onyx Biotec Limited,match
INE0RU901015,Mangal Compusolution Ltd.,SME,,544287.0,2024-11-12,2024-11-14,2024-11-21,45.0,16.23,Fixed Price,BSE SME,Jawa Capital,2024,Rikhav Securities Ltd.,chittorgarh,15.0,chittorgarh,1.0,chittorgarh,6.2,chittorgarh,,,45.0,chittorgarh,45.0,chittorgarh,42.75,chittorgarh,42.75,chittorgarh,Capital Expenditure | General corporate purposes,chittorgarh,16.0,chittorgarh,0.0,22.3,46.9,34.6,0.0,180.77,380.6,561.29,4.44,100.0,73.5,45.0,False,3000.0,135000.0,11.0,5.0,25.0,4.1,17.0,21.0,25.0,15.0,12.0,12.0,7.0,4.0,5.0,7.0,3.9,3.4,16.0,20.0,40.0,20.0,14.0,8.0,47.0,45.0,58.0,4.0,7.0,8.0,19.05,20.0,0.7,21.0,4.0,Mar 2024,2.0,sharescart,sharescart,ipowatch,sharescart,,544287.BO,isin_authoritative,ISIN→symbol from official BSE list,match,,Mangal Compusolution Ltd.,Mangal Compusolution Ltd,match
INE0N1401016,Neelam Linens & Garments (India) Ltd.,SME,NEELAM,,2024-11-08,2024-11-12,2024-11-18,24.0,13.0,Bookbuilding,NSE SME,Expert Global,2024,Globalworth Securities Ltd.,chittorgarh,12.0,chittorgarh,1.0,chittorgarh,7.7,chittorgarh,3.69,chittorgarh,40.05,chittorgarh,40.05,chittorgarh,38.05,chittorgarh,38.05,chittorgarh,Funding capital expenditure requirement of the Company towards purchase of Embroidery Machines for expansion; | Prepayment or repayment of all or a portion of certain outstanding borrowings availed by the Company; | General corporate purposes,chittorgarh,13.0,chittorgarh,15.4,273.5,57.8,92.0,100.12,533.4,263.15,1195.9,58.33,67.19,52.45,20.0,True,6000.0,144000.0,15.0,3.0,110.0,1.6,104.0,102.0,110.0,8.0,10.0,12.0,2.0,2.0,3.0,1.6,1.7,1.3,21.0,23.0,39.0,36.0,39.0,46.0,100.0,121.0,137.0,-11.0,0.0,8.0,1.96,8.7,1.7,102.0,2.0,Mar 2024,2.0,sharescart,sharescart,investorgain,sharescart,NEELAM.NS,,isin_authoritative,ISIN→symbol from official NSE list,match,,Neelam Linens & Garments (India) Ltd.,Neelam Linens and Garments (India) Limited,match
INE0LS001014,Usha Financial Services Ltd.,SME,USHAFIN,,2024-10-24,2024-10-28,2024-10-31,168.0,98.45,Bookbuilding,NSE SME,Narnolia Financial,2024,SS Corporate Securities Ltd.,chittorgarh,93.0,chittorgarh,5.0,chittorgarh,5.1,chittorgarh,27.9,chittorgarh,164.0,chittorgarh,168.0,chittorgarh,155.8,chittorgarh,155.85,chittorgarh,To Augment the capital base of the Company | To meet out the General Corporate Purposes;,chittorgarh,98.0,chittorgarh,10.0,28.6,20.8,19.4,494.21,421.6,715.32,1906.94,10.71,98.91,72.24,160.0,True,800.0,134400.0,22.4,14.0,60.0,7.5,,,,36.0,47.0,43.0,10.0,13.0,14.0,3.6,4.0,3.2,82.0,106.0,211.0,110.0,74.0,90.0,371.0,335.0,439.0,-177.0,71.0,-93.0,,12.26,0.7,,13.0,Mar 2024,2.0,sharescart,sharescart,ipowatch,sharescart,USHAFIN.NS,,isin_authoritative,ISIN→symbol from official NSE list,match,,Usha Financial Services Ltd.,Usha Financial Services Limited,match
INE0YU901016,Danish Power Ltd.,SME,DANISH,,2024-10-22,2024-10-24,2024-10-29,380.0,197.9,Bookbuilding,NSE SME,Hem Securities,2024,Hem Finlease Pvt.Ltd.,chittorgarh,188.0,chittorgarh,10.0,chittorgarh,5.1,chittorgarh,55.63,chittorgarh,570.0,chittorgarh,598.5,chittorgarh,541.5,chittorgarh,598.5,chittorgarh,"Funding capital expenditure towards expansion of the manufacturing facility of the Company by building of factory shed and installation of additional plant and machinery therein | To meet working capital requirements | Repayment of certain borrowing availed by our Company, in part or full | General Corporate Purpose",chittorgarh,198.0,chittorgarh,104.8,275.9,79.9,126.7,10369.18,8190.85,5533.0,25064.54,39.47,90.25,54.78,360.0,True,300.0,114000.0,11.0,58.0,427.0,34.6,,332.0,427.0,,57.0,89.0,,38.0,58.0,,26.0,29.2,,82.0,320.0,,7.0,2.0,,163.0,415.0,,26.0,-19.0,11.45,46.34,0.09,332.0,38.0,Mar 2024,1.0,sharescart,sharescart,ipowatch,sharescart,DANISH.NS,,isin_authoritative,ISIN→symbol from official NSE list,match,,Danish Power Ltd.,Danish Power Limited,match
INE0SMR01011,United Heat Transfer Ltd.,SME,UHTL,,2024-10-22,2024-10-24,2024-10-29,59.0,30.0,Bookbuilding,NSE SME,Swastika Investmart,2024,Swastika Investmart Ltd.,chittorgarh,28.0,chittorgarh,2.0,chittorgarh,6.7,chittorgarh,8.46,chittorgarh,60.95,chittorgarh,63.95,chittorgarh,57.95,chittorgarh,63.95,chittorgarh,Repayment of Debt | To Meet Incremental Working Capital Requirements | General Corporate Purpose,chittorgarh,30.0,chittorgarh,26.6,124.7,98.9,83.7,398.34,561.16,1038.61,2510.63,11.86,100.0,74.83,56.0,True,2000.0,118000.0,17.9,5.0,67.0,3.3,70.0,60.0,67.0,8.0,14.0,12.0,2.0,6.0,5.0,1.7,4.9,2.8,14.0,20.0,59.0,21.0,16.0,6.0,65.0,71.0,88.0,8.0,3.0,-7.0,10.0,30.0,0.8,60.0,6.0,Mar 2024,2.0,sharescart,sharescart,ipowatch,sharescart,UHTL.NS,,isin_authoritative,ISIN→symbol from official NSE list,match,,United Heat Transfer Ltd.,United Heat Transfer Limited,match
INE0YHV01011,OBSC Perfection Ltd.,SME,OBSCP,,2024-10-22,2024-10-24,2024-10-29,100.0,66.02,Bookbuilding,NSE SME,Unistone Capital,2024,R.K.Stock Holding Pvt.Ltd.,chittorgarh,63.0,chittorgarh,3.0,chittorgarh,4.5,chittorgarh,18.79,chittorgarh,110.0,chittorgarh,115.5,chittorgarh,110.0,chittorgarh,115.5,chittorgarh,"Funding capital expenditure requirements towards purchase of machinery for our existing manufacturing facility (“Unit III”) at Chennai, Tamil Nadu. | Funding capital expenditure requirements towards purchase of machinery for our existing manufacturing facility (“Unit IV”) at Pune, Maharashtra | Funding working capital requirements of the Company | General Corporate Purposes",chittorgarh,66.0,chittorgarh,10.2,25.9,16.2,16.6,336.72,256.21,374.36,1093.36,10.0,100.0,65.34,95.0,True,1200.0,120000.0,14.5,17.0,143.0,6.9,96.0,115.0,143.0,10.0,22.0,28.0,5.0,12.0,17.0,2.6,6.8,6.9,18.0,30.0,104.0,19.0,26.0,20.0,70.0,87.0,159.0,1.0,5.0,9.0,10.43,40.0,0.87,115.0,12.0,Mar 2024,2.0,sharescart,sharescart,ipowatch,sharescart,OBSCP.NS,,isin_authoritative,ISIN→symbol from official NSE list,match,,OBSC Perfection Ltd.,OBSC Perfection Limited,match
INE0M1F01011,Premium Plast Ltd.,SME,PREMIUM,,2024-10-21,2024-10-23,2024-10-28,49.0,26.2,Bookbuilding,NSE SME,Khandwala Securities,2024,Asnani Stock Broker Pvt.Ltd.,chittorgarh,25.0,chittorgarh,1.0,chittorgarh,3.8,chittorgarh,,,51.45,chittorgarh,51.75,chittorgarh,48.9,chittorgarh,48.9,chittorgarh,"Expansion of Existing Manufacturing facility at Pithampur, Madhya Pradesh and Purchase of Machineries | Funding of capital expenditure requirement of our Company towards Set up of Rooftop on Grid Solar Power Plant at our existing Manufacturing facility | Prepayment or repayment of all or a portion of certain outstanding borrowings availed by our Company | General Corporate Purpose | Offer Related Expenses",chittorgarh,26.0,chittorgarh,6.7,19.6,65.4,38.9,17.66,230.57,770.58,1018.22,18.37,100.0,55.55,46.0,True,3000.0,147000.0,14.4,6.0,57.0,3.4,44.0,47.0,57.0,5.0,10.0,12.0,2.0,5.0,6.0,1.7,5.0,3.4,12.0,17.0,53.0,3.0,5.0,2.0,29.0,38.0,76.0,4.0,2.0,-1.0,10.64,29.41,0.29,47.0,5.0,Mar 2024,2.0,sharescart,sharescart,investorgain,sharescart,PREMIUM.NS,,isin_authoritative,ISIN→symbol from official NSE list,match,,Premium Plast Ltd.,Premium Plast Limited,match
INE0SFW01015,Freshara Agro Exports Ltd.,SME,FRESHARA,,2024-10-17,2024-10-21,2024-10-24,116.0,75.39,Bookbuilding,NSE SME,GYR Capital,2024,Giriraj Stock Broking Pvt.Ltd.,chittorgarh,68.0,chittorgarh,7.0,chittorgarh,9.3,chittorgarh,20.43,chittorgarh,135.0,chittorgarh,141.0,chittorgarh,128.25,chittorgarh,134.7,chittorgarh,To meet out the Capital Expenditure | Funding the working capital requirements of the company; | To meet out the General Corporate Purposes; and,chittorgarh,75.0,chittorgarh,129.2,510.6,180.8,236.8,4870.99,5774.29,4770.72,17852.52,34.48,37.45,34.37,110.0,True,1200.0,139200.0,7.9,29.0,251.0,14.6,,71.0,251.0,,14.0,46.0,,10.0,29.0,,5.9,12.3,,27.0,128.0,,11.0,8.0,,167.0,249.0,,-98.0,-0.0,14.08,37.04,0.41,71.0,10.0,Mar 2024,1.0,sharescart,sharescart,ipowatch,sharescart,FRESHARA.NS,,isin_authoritative,ISIN→symbol from official NSE list,match,,Freshara Agro Exports Ltd.,Freshara Agro Exports Limited,match
INE0VZS01015,Lakshya Powertech Ltd.,SME,LAKSHYA,,2024-10-16,2024-10-18,2024-10-23,180.0,49.8,Bookbuilding,NSE SME,GYR Capital,2024,Giriraj Stock Broking Pvt.Ltd.,chittorgarh,47.0,chittorgarh,3.0,chittorgarh,6.0,chittorgarh,13.39,chittorgarh,342.0,chittorgarh,359.1,chittorgarh,342.0,chittorgarh,359.1,chittorgarh,Prepayment or repayment of all or a portion of certain outstanding borrowings availed by the Company | Funding working capital requirements of the Company; and | General Corporate Purposes,chittorgarh,50.0,chittorgarh,212.2,1117.8,590.3,573.4,5294.99,8368.1,10311.04,28616.63,27.78,55.63,32.7,171.0,True,800.0,144000.0,9.7,16.0,160.0,18.5,53.0,151.0,160.0,5.0,23.0,24.0,3.0,15.0,16.0,11.3,20.0,15.7,7.0,32.0,95.0,7.0,3.0,0.0,33.0,82.0,151.0,-6.0,-22.0,-39.0,9.93,46.88,0.09,151.0,15.0,Mar 2024,2.0,sharescart,sharescart,ipowatch,sharescart,LAKSHYA.NS,,isin_authoritative,ISIN→symbol from official NSE list,match,,Lakshya Powertech Ltd.,Lakshya Powertech Limited,match
INE0VJG01014,Pranik Logistics Ltd.,SME,PRANIK,,2024-10-10,2024-10-14,2024-10-17,77.0,22.47,Bookbuilding,NSE SME,Narnolia Financial,2024,Prabhat Financial Services Ltd.,chittorgarh,21.0,chittorgarh,1.0,chittorgarh,4.5,chittorgarh,6.32,chittorgarh,79.0,chittorgarh,82.95,chittorgarh,79.0,chittorgarh,82.95,chittorgarh,To meet out the expenses for Investment in technology | To meet out the Capital Expenditure Requirement of Company; | To meet out the Working Capital requirements of the Company; | To meet out the General Corporate Purposes; and,chittorgarh,22.0,chittorgarh,35.7,744.1,97.2,218.0,400.78,2508.01,764.57,4899.28,19.48,90.4,80.4,73.0,True,1600.0,123200.0,13.1,6.0,105.0,5.9,61.0,67.0,105.0,3.0,9.0,13.0,1.0,4.0,6.0,1.2,5.0,5.9,7.0,11.0,38.0,2.0,2.0,3.0,24.0,36.0,62.0,3.0,6.0,-12.0,5.97,36.36,0.18,67.0,4.0,Mar 2024,2.0,sharescart,sharescart,ipowatch,sharescart,PRANIK.NS,,isin_authoritative,ISIN→symbol from official NSE list,match,,Pranik Logistics Ltd.,Pranik Logistics Limited,match
INE0YRO01015,Shiv Texchem Ltd.,SME,,544272.0,2024-10-08,2024-10-10,2024-10-15,166.0,101.35,Bookbuilding,BSE SME,Vivro Financial,2024,Rikhav Securities Ltd.,chittorgarh,96.0,chittorgarh,5.0,chittorgarh,5.0,chittorgarh,28.87,chittorgarh,239.0,chittorgarh,250.95,chittorgarh,227.05,chittorgarh,250.95,chittorgarh,To meet long-term working capital requirements; and | General Corporate Purposes,chittorgarh,101.0,chittorgarh,86.7,455.6,68.3,156.6,4393.65,6926.16,2421.78,15866.81,24.1,100.0,84.75,158.0,True,800.0,132800.0,5.4,48.0,2202.0,30.7,1118.0,1535.0,2202.0,37.0,60.0,89.0,16.0,30.0,48.0,12.5,17.6,20.8,123.0,193.0,333.0,60.0,67.0,95.0,602.0,799.0,1254.0,-162.0,58.0,-116.0,1.95,15.54,0.35,1535.0,30.0,Mar 2024,2.0,sharescart,sharescart,ipowatch,sharescart,,544272.BO,isin_authoritative,ISIN→symbol from official BSE list,match,,Shiv Texchem Ltd.,Shiv Texchem Ltd,match
INE0S9501014,Khyati Global Ventures Ltd.,SME,,544270.0,2024-10-04,2024-10-08,2024-10-11,99.0,18.3,Fixed Price,BSE SME,Aryaman Financial,2024,Aryaman Capital Markets Ltd.,chittorgarh,9.0,chittorgarh,8.0,chittorgarh,44.4,chittorgarh,,,105.0,chittorgarh,105.0,chittorgarh,99.75,chittorgarh,99.75,chittorgarh,Funding Working capital requirements | General Corporate Purpose,chittorgarh,18.0,chittorgarh,0.0,5.3,25.0,15.2,0.0,48.85,228.69,277.54,,100.0,89.97,99.0,False,1200.0,118800.0,13.2,5.0,118.0,7.5,94.0,102.0,118.0,4.0,6.0,8.0,2.0,3.0,5.0,4.0,6.0,6.8,9.0,12.0,31.0,2.0,1.0,1.0,35.0,54.0,60.0,-0.0,-1.0,-10.0,2.94,25.0,0.08,102.0,3.0,Mar 2024,2.0,sharescart,sharescart,,sharescart,,544270.BO,isin_authoritative,ISIN→symbol from official BSE list,match,,Khyati Global Ventures Ltd.,Khyati Global Ventures Ltd,match
INE471R01019,NeoPolitan Pizza & Foods Ltd.,SME,,544269.0,2024-09-30,2024-10-04,2024-10-09,20.0,12.0,Fixed Price,BSE SME,Turnaround Corporate,2024,MNM Stock Broking Pvt.Ltd.,chittorgarh,11.0,chittorgarh,1.0,chittorgarh,8.3,chittorgarh,,,19.25,chittorgarh,20.21,chittorgarh,18.29,chittorgarh,20.21,chittorgarh,Expansion of the Retail Network by launching 16 new Quick Service Restaurants (QSR) | Security Deposit and Advance Rent | Brokerage Charges | Working Capital Requirements | General Corporate Expenses,chittorgarh,12.0,chittorgarh,0.0,20.7,42.6,32.7,0.0,124.32,255.72,392.64,,72.68,47.03,20.0,False,6000.0,120000.0,66.7,0.0,51.0,0.3,20.0,44.0,51.0,2.0,3.0,1.0,1.0,2.0,0.0,1.1,2.0,0.2,14.0,16.0,28.0,1.0,1.0,1.0,18.0,20.0,38.0,-3.0,4.0,-6.0,4.55,12.5,0.06,44.0,2.0,Mar 2024,2.0,sharescart,sharescart,,sharescart,,544269.BO,isin_authoritative,ISIN→symbol from official BSE list,match,,NeoPolitan Pizza & Foods Ltd.,Neopolitan Pizza And Foods Ltd,match
INE0TG801013,Paramount Dye Tec Ltd.,SME,PARAMOUNT,,2024-09-30,2024-10-03,2024-10-08,117.0,28.43,Bookbuilding,NSE SME,Gretex Corporate,2024,Gretex Share Broking Pvt.Ltd.,chittorgarh,27.0,chittorgarh,1.0,chittorgarh,3.6,chittorgarh,8.09,chittorgarh,109.9,chittorgarh,109.9,chittorgarh,104.4,chittorgarh,107.05,chittorgarh,Setting up of Manufacturing Unit | Repayment/Prepayment of Certain Debt Facilities availed by the Company | Expenses towards Registration of Land purchased from Promoter | General Corporate Purpose,chittorgarh,28.0,chittorgarh,10.2,135.3,36.3,50.1,145.28,577.05,360.82,1424.11,17.09,99.97,64.97,111.0,True,1200.0,140400.0,10.2,8.0,77.0,11.5,,24.0,77.0,,5.0,11.0,,4.0,8.0,,7.9,11.5,,29.0,63.0,,1.0,2.0,,54.0,85.0,,-25.0,-6.0,16.67,13.79,0.03,24.0,4.0,Mar 2024,1.0,sharescart,sharescart,ipowatch,sharescart,PARAMOUNT.NS,,isin_authoritative,ISIN→symbol from official NSE list,match,,Paramount Dye Tec Ltd.,Paramount Dye Tec Limited,match
INE0U6201010,Subam Papers Ltd.,SME,,544267.0,2024-09-30,2024-10-03,2024-10-08,152.0,93.7,Bookbuilding,BSE SME,Gretex Corporate,2024,Gretex Share Broking Pvt.Ltd.,chittorgarh,89.0,chittorgarh,5.0,chittorgarh,5.3,chittorgarh,26.7,chittorgarh,142.0,chittorgarh,149.1,chittorgarh,134.9,chittorgarh,149.1,chittorgarh,Investment in subsidiary for financing its capital expenditure requirements | General Corporate Purposes | Total,chittorgarh,94.0,chittorgarh,57.2,243.2,49.0,92.9,2679.02,3417.79,1606.06,8708.0,23.03,75.35,59.92,144.0,True,800.0,121600.0,9.9,27.0,539.0,15.3,508.0,494.0,539.0,34.0,70.0,73.0,-1.0,28.0,27.0,-0.2,17.6,11.5,166.0,200.0,320.0,98.0,88.0,76.0,414.0,461.0,578.0,69.0,38.0,32.0,5.67,14.0,0.44,494.0,28.0,Mar 2024,2.0,sharescart,sharescart,ipowatch,sharescart,,544267.BO,isin_authoritative,ISIN→symbol from official BSE list,match,,Subam Papers Ltd.,Subam Papers Ltd,match
INE00MT01022,Saj Hotels Ltd.,SME,SAJHOTELS,,2024-09-27,2024-10-01,2024-10-07,65.0,27.63,Fixed Price,NSE SME,Corpwis,2024,NNM Securities Pvt.Ltd.,chittorgarh,26.0,chittorgarh,2.0,chittorgarh,7.1,chittorgarh,,,55.0,chittorgarh,57.75,chittorgarh,52.25,chittorgarh,52.45,chittorgarh,Capital Expenditure requirements towards expansion of existing resort properties | Funding of working capital requirements of the Company | General Corporate Expenses,chittorgarh,28.0,chittorgarh,0.0,2.1,8.7,5.5,0.0,29.28,119.48,150.83,,84.12,61.94,65.0,False,2000.0,130000.0,24.1,4.0,17.0,2.7,13.0,14.0,17.0,3.0,5.0,8.0,4.0,5.0,4.0,2.9,4.2,2.4,86.0,89.0,117.0,0.0,0.0,0.0,99.0,98.0,124.0,8.0,6.0,5.0,35.71,5.62,0.0,14.0,5.0,Mar 2024,2.0,sharescart,sharescart,,sharescart,SAJHOTELS.NS,,isin_authoritative,ISIN→symbol from official NSE list,match,,Saj Hotels Ltd.,Saj Hotels Limited,match
INE0TO501019,HVAX Technologies Ltd.,SME,HVAX,,2024-09-27,2024-10-01,2024-10-07,458.0,33.53,Bookbuilding,NSE SME,Fedex Securities,2024,Aftertrade Broking Pvt.Ltd.,chittorgarh,32.0,chittorgarh,2.0,chittorgarh,5.9,chittorgarh,9.48,chittorgarh,486.0,chittorgarh,508.0,chittorgarh,461.7,chittorgarh,490.35,chittorgarh,Funding our working capital requirements; and | General Corporate Purpose,chittorgarh,34.0,chittorgarh,14.0,77.9,26.7,34.2,235.01,391.85,313.18,1145.23,3.28,99.81,51.25,435.0,True,300.0,137400.0,10.0,11.0,131.0,45.9,96.0,106.0,131.0,9.0,14.0,19.0,5.0,9.0,11.0,28.1,41.6,39.8,17.0,31.0,72.0,2.0,3.0,2.0,78.0,64.0,121.0,-4.0,-12.0,-22.0,8.49,29.03,0.1,106.0,9.0,Mar 2024,2.0,sharescart,sharescart,ipowatch,sharescart,HVAX.NS,,isin_authoritative,ISIN→symbol from official NSE list,match,,HVAX Technologies Ltd.,HVAX Technologies Limited,match
INE0QYI01019,Divyadhan Recycling Industries Ltd.,SME,DIVYADHAN,,2024-09-26,2024-09-30,2024-10-04,64.0,24.17,Bookbuilding,NSE SME,Narnolia Financial,2024,Kantilal Chhaganlal Securities Pvt.Ltd.,chittorgarh,23.0,chittorgarh,1.0,chittorgarh,4.2,chittorgarh,6.85,chittorgarh,84.0,chittorgarh,88.2,chittorgarh,81.0,chittorgarh,88.2,chittorgarh,To meet out the Capital Expenditure | To meet out the General Corporate Purposes; and,chittorgarh,24.0,chittorgarh,29.4,76.0,32.4,40.9,355.13,275.61,274.3,989.13,,100.0,68.01,60.0,True,2000.0,128000.0,49.2,2.0,59.0,1.3,57.0,56.0,59.0,5.0,6.0,4.0,2.0,3.0,2.0,2.2,2.9,1.1,9.0,13.0,35.0,2.0,0.0,0.0,19.0,24.0,42.0,4.0,3.0,-12.0,5.36,23.08,0.0,56.0,3.0,Mar 2024,2.0,sharescart,sharescart,,sharescart,DIVYADHAN.NS,,isin_authoritative,ISIN→symbol from official NSE list,match,,Divyadhan Recycling Industries Ltd.,Divyadhan Recycling Industries Limited,match
INE0RBQ01018,Sahasra Electronic Solutions Ltd.,SME,SAHASRA,,2024-09-26,2024-09-30,2024-10-04,283.0,186.16,Bookbuilding,NSE SME,Hem Securities,2024,Hem Finlease Pvt.Ltd.,chittorgarh,163.0,chittorgarh,14.0,chittorgarh,7.5,chittorgarh,53.03,chittorgarh,537.7,chittorgarh,564.55,chittorgarh,537.7,chittorgarh,564.55,chittorgarh,"Funding Capital Expenditure towards installation of additional plant and machinery at new manufacturing facility situated at Bhiwadi, Rajasthan; | Investment in our Subsidiary, Sahasra Semiconductors Private Limited for financing its capital expenditure requirements in relation towards installation of additional plant and machinery | To Meet Working Capital Requirements; | General Corporate Purposes",chittorgarh,186.0,chittorgarh,100.8,260.5,74.9,122.1,9382.33,7272.98,4876.86,22722.37,60.78,95.0,69.9,269.0,True,400.0,113200.0,217.7,-2.0,96.0,1.3,,,96.0,,,13.0,,,-2.0,,,1.1,,,221.0,,,37.0,,,343.0,,,-6.0,,,,,,,0.0,sharescart,sharescart,investorgain,sharescart,SAHASRA.NS,,isin_authoritative,ISIN→symbol from official NSE list,match,,Sahasra Electronic Solutions Ltd.,Sahasra Electronic Solutions Limited,match
INE0YKW01013,Forge Auto International Ltd.,SME,FORGEAUTO,,2024-09-26,2024-09-30,2024-10-04,108.0,31.1,Bookbuilding,NSE SME,Hem Securities,2024,Hem Finlease Pvt.Ltd.,chittorgarh,30.0,chittorgarh,1.0,chittorgarh,3.2,chittorgarh,8.84,chittorgarh,113.0,chittorgarh,115.0,chittorgarh,107.35,chittorgarh,109.35,chittorgarh,"To meet Working Capital requirements | Repayment of certain borrowing availed by our Company, in part or full | General Corporate Purpose",chittorgarh,31.0,chittorgarh,20.1,58.6,62.0,49.3,313.06,273.17,674.41,1532.81,13.89,100.0,69.69,102.0,True,1200.0,129600.0,10.8,10.0,210.0,10.0,,180.0,210.0,,16.0,21.0,,7.0,10.0,,8.3,8.7,,21.0,58.0,,14.0,11.0,,101.0,135.0,,8.0,-7.0,3.89,33.33,0.67,180.0,7.0,Mar 2024,1.0,sharescart,sharescart,investorgain,sharescart,FORGEAUTO.NS,,isin_authoritative,ISIN→symbol from official NSE list,match,,Forge Auto International Ltd.,Forge Auto International Limited,match
INE0QUL01011,Nexxus Petro Industries Ltd.,SME,,544265.0,2024-09-26,2024-09-30,2024-10-04,105.0,19.43,Fixed Price,BSE SME,Srujan Alpha Capital,2024,Gretex Share Broking Pvt.Ltd.,chittorgarh,18.0,chittorgarh,1.0,chittorgarh,5.3,chittorgarh,,,126.0,chittorgarh,132.3,chittorgarh,126.0,chittorgarh,132.3,chittorgarh,Funding the working capital requirements of the Company | General corporate purposes,chittorgarh,19.0,chittorgarh,0.0,8.4,8.5,8.4,0.0,81.7,82.38,163.98,,100.0,69.23,105.0,False,1200.0,126000.0,10.4,6.0,305.0,10.1,143.0,238.0,305.0,4.0,7.0,12.0,2.0,4.0,6.0,7.7,6.9,8.8,3.0,9.0,32.0,1.0,5.0,2.0,16.0,39.0,60.0,-4.0,-7.0,-8.0,1.68,44.44,0.56,238.0,4.0,Mar 2024,2.0,sharescart,sharescart,,sharescart,,544265.BO,isin_authoritative,ISIN→symbol from official BSE list,match,,Nexxus Petro Industries Ltd.,Nexxus Petro Industries Ltd,match
INE0JQS01019,Techera Engineering (India) Ltd.,SME,TECHERA,,2024-09-25,2024-09-27,2024-10-03,82.0,35.9,Bookbuilding,NSE SME,SKI Capital,2024,SKI Capital Services Ltd. ACME Capital Market Ltd.,chittorgarh,34.0,chittorgarh,2.0,chittorgarh,5.6,chittorgarh,10.22,chittorgarh,125.0,chittorgarh,131.25,chittorgarh,125.0,chittorgarh,131.25,chittorgarh,Funding capital expenditure for the purchase of new machinery; | Funding working capital requirements of the Company; | Prepayment or repayment of a portion of certain outstanding borrowings availed by the Company; | General corporate purposes; and,chittorgarh,36.0,chittorgarh,31.2,128.9,66.5,69.8,560.34,693.95,835.74,2505.56,12.2,100.0,89.99,75.0,True,1600.0,131200.0,34.2,3.0,50.0,2.4,,39.0,50.0,,7.0,9.0,,3.0,3.0,,2.3,2.0,,16.0,50.0,,6.0,12.0,,37.0,81.0,,3.0,5.0,7.69,18.75,0.38,39.0,3.0,Mar 2024,1.0,sharescart,sharescart,ipowatch,sharescart,TECHERA.NS,,isin_authoritative,ISIN→symbol from official NSE list,match,,Techera Engineering (India) Ltd.,TechEra Engineering (India) Limited,match
INE0B2801011,Unilex Colours & Chemicals Ltd.,SME,UNILEX,,2024-09-25,2024-09-27,2024-10-03,87.0,31.32,Bookbuilding,NSE SME,Hem Securities,2024,Hem Finlease Pvt.Ltd.,chittorgarh,30.0,chittorgarh,1.0,chittorgarh,3.2,chittorgarh,8.88,chittorgarh,89.0,chittorgarh,89.0,chittorgarh,84.55,chittorgarh,88.15,chittorgarh,To Meet Working Capital Requirements | Repayment of a portion of certain borrowing availed by our Company | General Corporate Purpose,chittorgarh,31.0,chittorgarh,15.6,60.7,35.1,35.0,243.98,285.36,384.88,1097.14,4.6,100.0,54.6,82.0,True,1600.0,139200.0,16.1,6.0,151.0,5.4,139.0,144.0,151.0,8.0,10.0,11.0,5.0,6.0,6.0,5.0,6.2,4.7,32.0,37.0,71.0,0.0,0.0,1.0,71.0,91.0,102.0,2.0,-4.0,-1.0,4.17,16.22,0.0,144.0,6.0,Mar 2024,2.0,sharescart,sharescart,investorgain,sharescart,UNILEX.NS,,isin_authoritative,ISIN→symbol from official NSE list,match,,Unilex Colours & Chemicals Ltd.,Unilex Colours and Chemicals Limited,match
INE0SHE01019,Thinking Hats Entertainment Solutions Ltd.,SME,THESL,,2024-09-25,2024-09-27,2024-10-03,44.0,15.09,Bookbuilding,NSE SME,Horizon Financial,2024,Giriraj Stock Broking Pvt.Ltd.,chittorgarh,14.0,chittorgarh,1.0,chittorgarh,6.7,chittorgarh,,,60.0,chittorgarh,61.0,chittorgarh,57.0,chittorgarh,57.0,chittorgarh,Prepayment or repayment of all or a portion of certain loans availed by the Company; | Funding of working capital requirements of the Company | General corporate purposes,chittorgarh,15.0,chittorgarh,67.7,356.8,347.6,322.2,102.1,1453.52,3304.38,4861.07,68.18,100.0,50.44,42.0,True,3000.0,132000.0,12.9,4.0,48.0,3.4,22.0,27.0,48.0,3.0,5.0,6.0,2.0,3.0,4.0,2.6,3.5,2.9,6.0,11.0,28.0,1.0,1.0,3.0,15.0,25.0,50.0,2.0,2.0,-2.0,11.11,27.27,0.09,27.0,3.0,Mar 2024,2.0,sharescart,sharescart,investorgain,sharescart,THESL.NS,,isin_authoritative,ISIN→symbol from official NSE list,match,,Thinking Hats Entertainment Solutions Ltd.,Thinking Hats Entertainment Solutions Limited,match
INE0OO201011,WOL 3D India Ltd.,SME,WOL3D,,2024-09-23,2024-09-25,2024-09-30,150.0,25.56,Bookbuilding,NSE SME,Hem Securities,2024,Hem Finlease Pvt.Ltd.,chittorgarh,20.0,chittorgarh,4.0,chittorgarh,15.4,chittorgarh,7.26,chittorgarh,180.05,chittorgarh,189.05,chittorgarh,171.05,chittorgarh,189.05,chittorgarh,"Repayment in full or in part, of certain of the outstanding borrowings; | To meet Working Capital requirements | General Corporate Purpose",chittorgarh,26.0,chittorgarh,101.2,748.8,368.5,373.9,1293.85,2870.94,3296.33,9555.86,36.67,89.53,65.48,142.0,True,1000.0,150000.0,15.3,6.0,48.0,9.8,23.0,40.0,48.0,4.0,7.0,8.0,2.0,5.0,6.0,4.8,10.1,8.7,6.0,11.0,36.0,3.0,3.0,0.0,14.0,25.0,45.0,-1.0,2.0,-1.0,12.5,45.45,0.27,40.0,5.0,Mar 2024,2.0,sharescart,sharescart,ipowatch,sharescart,WOL3D.NS,,isin_authoritative,ISIN→symbol from official NSE list,match,,WOL 3D India Ltd.,Wol 3D India Limited,match
INE0MVO01012,Rappid Valves (India) Ltd.,SME,RAPPID,,2024-09-23,2024-09-25,2024-09-30,222.0,30.41,Bookbuilding,NSE SME,Shreni Shares,2024,Rikhav Securities Ltd.,chittorgarh,29.0,chittorgarh,1.0,chittorgarh,3.3,chittorgarh,8.64,chittorgarh,312.0,chittorgarh,327.6,chittorgarh,302.0,chittorgarh,309.35,chittorgarh,Funding the Capital expenditure for purchase of new Plant and Machineries and Software by the Company; | Expenditure for renovation of registered office and existing manufacturing unit; | Repayment/prepayment of all or certain of our borrowings availed of by the Company; | Pursuing inorganic growth initiatives through acquisitions; and | General corporate purposes.,chittorgarh,30.0,chittorgarh,56.0,491.5,109.1,176.1,851.01,2241.9,1161.08,5353.91,22.52,69.46,51.13,210.0,True,600.0,133200.0,19.1,6.0,52.0,11.6,16.0,37.0,52.0,2.0,7.0,10.0,0.0,4.0,6.0,1.3,11.7,11.6,3.0,12.0,45.0,2.0,2.0,0.0,17.0,30.0,60.0,-0.0,-2.0,-13.0,10.81,33.33,0.17,37.0,4.0,Mar 2024,2.0,sharescart,sharescart,ipowatch,sharescart,RAPPID.NS,,isin_authoritative,ISIN→symbol from official NSE list,match,,Rappid Valves (India) Ltd.,Rappid Valves (India) Limited,match
INE0SQH01013,Bikewo Green Tech Ltd.,SME,BIKEWO,,2024-09-20,2024-09-24,2024-09-27,62.0,24.09,Bookbuilding,NSE SME,Khandwala Securities,2024,Aftertrade Broking Pvt.Ltd.,chittorgarh,23.0,chittorgarh,1.0,chittorgarh,4.2,chittorgarh,,,45.0,chittorgarh,47.25,chittorgarh,45.0,chittorgarh,47.25,chittorgarh,Funding purchase of electric two wheeler vehicles for selling and supplying the same to the new and existing dealers; | Funding capital expenditure proposed to be incurred towards setting up of eleven dealership stores in various states in India; | Prepayment or repayment of all or a portion of certain outstanding borrowings availed by the Company; and | General Corporate Purposes,chittorgarh,24.0,chittorgarh,43.0,22.5,61.0,41.8,518.37,81.24,514.73,1007.58,16.13,89.0,,59.0,True,2000.0,124000.0,103.3,1.0,24.0,0.6,21.0,25.0,24.0,1.0,3.0,2.0,0.0,2.0,1.0,0.2,1.8,0.5,7.0,17.0,39.0,2.0,1.0,0.0,20.0,32.0,41.0,3.0,-4.0,-14.0,8.0,11.76,0.06,25.0,2.0,Mar 2024,2.0,sharescart,sharescart,ipowatch,,BIKEWO.NS,,isin_authoritative,ISIN→symbol from official NSE list,match,,Bikewo Green Tech Ltd.,Bikewo Green Tech Limited,match
INE0X6F01017,SD Retail Ltd.,SME,SDREAMS,,2024-09-20,2024-09-24,2024-09-27,131.0,64.98,Bookbuilding,NSE SME,Beeline Capital,2024,Spread X Securities Pvt.Ltd.,chittorgarh,62.0,chittorgarh,3.0,chittorgarh,4.6,chittorgarh,18.5,chittorgarh,145.0,chittorgarh,152.25,chittorgarh,144.0,chittorgarh,150.9,chittorgarh,Capital expenditure to be incurred by the Company for setting up new exclusive brand outlets (“EBOs”) | Funding Working Capital Requirement | General Corporate Purpose,chittorgarh,65.0,chittorgarh,69.8,207.6,65.3,97.1,2268.96,2023.55,1483.89,6307.87,15.27,88.82,,124.0,True,1000.0,131000.0,24.7,9.0,173.0,5.3,135.0,163.0,173.0,9.0,15.0,16.0,4.0,8.0,9.0,3.1,5.6,4.6,34.0,41.0,110.0,0.0,0.0,0.0,88.0,123.0,176.0,1.0,-14.0,2.0,4.91,19.51,0.0,163.0,8.0,Mar 2024,2.0,sharescart,sharescart,investorgain,,SDREAMS.NS,,isin_authoritative,ISIN→symbol from official NSE list,match,,SD Retail Ltd.,S D Retail Limited,match
INE0FPO01018,Phoenix Overseas Ltd.,SME,PHOGLOBAL,,2024-09-20,2024-09-24,2024-09-27,64.0,36.03,Bookbuilding,NSE SME,Khandwala Securities,2024,Nikunj Stock Brokers Ltd.,chittorgarh,28.0,chittorgarh,7.0,chittorgarh,19.4,chittorgarh,,,64.0,chittorgarh,64.0,chittorgarh,60.8,chittorgarh,60.8,chittorgarh,Funding our working capital requirements | Investment in Subsidiary | General corporate purposes,chittorgarh,36.0,chittorgarh,65.7,109.7,148.4,119.2,355.31,1699.82,2246.26,4295.74,15.62,99.16,,61.0,True,2000.0,128000.0,9.1,5.0,488.0,7.0,451.0,548.0,488.0,12.0,13.0,12.0,4.0,5.0,5.0,2.5,3.7,2.4,46.0,50.0,79.0,4.0,2.0,2.0,147.0,132.0,139.0,40.0,-6.0,-21.0,0.91,10.0,0.04,548.0,5.0,Mar 2024,2.0,sharescart,sharescart,ipowatch,,PHOGLOBAL.NS,,isin_authoritative,ISIN→symbol from official NSE list,match,,Phoenix Overseas Ltd.,Phoenix Overseas Limited,match
INE0TFB01017,Avi Ansh Textile Ltd.,SME,AVIANSH,,2024-09-20,2024-09-24,2024-09-27,62.0,25.99,Fixed Price,NSE SME,3Dimension Capital,2024,Nikunj Stock Brokers Ltd.,chittorgarh,25.0,chittorgarh,1.0,chittorgarh,3.8,chittorgarh,,,68.0,chittorgarh,71.4,chittorgarh,64.6,chittorgarh,71.15,chittorgarh,To meet Working Capital requirements | Term Loan Repayment | General Corporate Purpose,chittorgarh,26.0,chittorgarh,0.0,5.3,11.4,8.3,0.0,68.25,147.94,216.32,24.19,95.67,66.98,62.0,False,2000.0,124000.0,41.3,2.0,134.0,1.5,121.0,141.0,134.0,5.0,10.0,8.0,0.0,3.0,2.0,0.3,3.4,1.3,13.0,16.0,42.0,14.0,15.0,9.0,47.0,65.0,73.0,3.0,-12.0,1.0,2.13,18.75,0.94,141.0,3.0,Mar 2024,2.0,sharescart,sharescart,ipowatch,sharescart,AVIANSH.NS,,isin_authoritative,ISIN→symbol from official NSE list,match,,Avi Ansh Textile Ltd.,Avi Ansh Textile Limited,match
INE0T0L01014,Kalana Ispat Ltd.,SME,KALANA,,2024-09-19,2024-09-23,2024-09-26,66.0,32.59,Fixed Price,NSE SME,Jawa Capital,2024,Aftertrade Broking Pvt.Ltd.,chittorgarh,31.0,chittorgarh,2.0,chittorgarh,6.1,chittorgarh,,,45.15,chittorgarh,47.4,chittorgarh,43.0,chittorgarh,47.4,chittorgarh,"Capital Expenditure for Installation of 4 MW DC & 3.5 MW AC Ground Mounted Solar Power Plant - TPSAT Structure | Capital expenditure for setting up of rolling mill at Survey No. 4/1 Taluka Sanand, Mouje Kala village, Ahmedabad by construction of the industrial shed, purchase of equipment/machineries, other assets etc.; and | General corporate purposes",chittorgarh,33.0,chittorgarh,0.0,40.7,74.5,59.9,0.0,663.06,1214.66,1952.84,15.15,82.72,51.38,66.0,False,2000.0,132000.0,94.3,1.0,52.0,0.7,74.0,55.0,52.0,4.0,2.0,2.0,2.0,1.0,1.0,2.9,0.9,0.7,11.0,43.0,44.0,0.0,0.0,0.0,19.0,48.0,50.0,-0.0,5.0,-0.0,2.7,18.18,0.0,74.0,2.0,Mar 2024,1.0,sharescart,sharescart,ipowatch,sharescart,KALANA.NS,,isin_authoritative,ISIN→symbol from official NSE list,match,,Kalana Ispat Ltd.,Kalana Ispat Limited,match
INE0Q6001012,Paramount Speciality Forgings Ltd.,SME,PSFL,,2024-09-17,2024-09-20,2024-09-25,59.0,32.34,Bookbuilding,NSE SME,Swaraj Shares,2024,Shreni Shares Ltd.,chittorgarh,27.0,chittorgarh,4.0,chittorgarh,12.5,chittorgarh,9.2,chittorgarh,83.0,chittorgarh,87.15,chittorgarh,83.0,chittorgarh,87.15,chittorgarh,Capital expenditure through purchase of machinery and equipment required for expansion at the Khalapur Plant; | General Corporate purposes,chittorgarh,32.0,chittorgarh,0.0,220.2,41.4,73.9,0.0,3561.7,668.71,2389.56,28.81,100.0,72.15,57.0,True,2000.0,118000.0,22.7,4.0,110.0,2.6,,103.0,110.0,,14.0,9.0,,5.0,4.0,,3.6,2.3,,23.0,52.0,,0.0,0.0,,87.0,124.0,,-4.0,-3.0,4.85,21.74,0.0,103.0,5.0,Mar 2024,1.0,sharescart,sharescart,investorgain,sharescart,PSFL.NS,,isin_authoritative,ISIN→symbol from official NSE list,match,,Paramount Speciality Forgings Ltd.,Paramount Speciality Forgings Limited,match
INE0RMF01018,Osel Devices Ltd.,SME,OSELDEVICE,,2024-09-16,2024-09-19,2024-09-24,160.0,70.66,Bookbuilding,NSE SME,Horizon Management,2024,Giriraj Stock Broking Pvt.Ltd.,chittorgarh,67.0,chittorgarh,4.0,chittorgarh,5.6,chittorgarh,20.12,chittorgarh,198.05,chittorgarh,207.95,chittorgarh,190.1,chittorgarh,207.95,chittorgarh,Prepayment or repayment of certain loans availed by the Company; | Funding of working capital requirements of the Company; | General Corporate Purposes,chittorgarh,71.0,chittorgarh,78.0,321.4,206.1,194.2,2755.94,3406.33,5096.03,13724.22,62.5,98.5,71.53,155.0,True,800.0,128000.0,11.2,20.0,186.0,14.3,82.0,132.0,186.0,9.0,23.0,34.0,5.0,13.0,20.0,4.0,11.0,12.4,12.0,25.0,108.0,1.0,8.0,2.0,49.0,99.0,198.0,-11.0,13.0,-38.0,9.85,52.0,0.32,132.0,13.0,Mar 2024,2.0,sharescart,sharescart,ipowatch,sharescart,OSELDEVICE.NS,,isin_authoritative,ISIN→symbol from official NSE list,match,,Osel Devices Ltd.,Osel Devices Limited,match
INE0VG601013,Pelatro Ltd.,SME,PELATRO,,2024-09-16,2024-09-19,2024-09-24,200.0,55.98,Bookbuilding,NSE SME,Cumulative Capital,2024,Shree Bahubali Stock Broking Ltd.,chittorgarh,53.0,chittorgarh,3.0,chittorgarh,5.4,chittorgarh,15.64,chittorgarh,275.0,chittorgarh,288.75,chittorgarh,275.0,chittorgarh,288.75,chittorgarh,"Funding capital expenditure requirement of the company towards; Purchase & Installation of IT equipment, computer hardware, server and other ancillary equipment | Investment in our subsidiary | Funding working capital needs of our company; | General corporate purposes",chittorgarh,56.0,chittorgarh,15.2,55.3,12.6,21.9,426.01,464.44,246.48,1228.2,,73.31,53.59,190.0,True,600.0,120000.0,15.2,12.0,86.0,13.2,,55.0,86.0,,3.0,20.0,,-2.0,12.0,,-2.8,11.4,,12.0,79.0,,14.0,12.0,,57.0,135.0,,25.0,20.0,-3.64,-16.67,1.17,55.0,-2.0,Mar 2024,1.0,sharescart,sharescart,,sharescart,PELATRO.NS,,isin_authoritative,ISIN→symbol from official NSE list,match,,Pelatro Ltd.,Pelatro Limited,match
INE0SUH01015,Envirotech Systems Ltd.,SME,ENVIRO,,2024-09-13,2024-09-19,2024-09-24,56.0,30.24,Bookbuilding,NSE SME,Share India Capital,2024,Share India Securities Ltd.,chittorgarh,26.0,chittorgarh,4.0,chittorgarh,13.3,chittorgarh,7.87,chittorgarh,106.4,chittorgarh,111.7,chittorgarh,106.4,chittorgarh,111.7,chittorgarh,Purchase Land and Building for setting up factory | Funding of working capital requirements of the Company | General Corporate Expenses,chittorgarh,30.0,chittorgarh,68.1,187.1,64.2,91.7,1029.97,848.87,679.07,2772.1,71.43,96.48,68.75,53.0,True,2000.0,112000.0,7.5,14.0,48.0,7.5,28.0,46.0,48.0,4.0,17.0,20.0,3.0,11.0,14.0,2.0,8.5,7.5,7.0,20.0,64.0,7.0,7.0,0.0,23.0,39.0,81.0,-0.0,-2.0,-1.0,23.91,55.0,0.35,46.0,11.0,Mar 2024,2.0,sharescart,sharescart,ipowatch,sharescart,ENVIRO.NS,,isin_authoritative,ISIN→symbol from official NSE list,match,,Envirotech Systems Ltd.,Envirotech Systems Limited,match
INE0S7C01019,Deccan Transcon Leasing Ltd.,SME,DECCANTRAN,,2024-09-13,2024-09-19,2024-09-24,108.0,65.06,Bookbuilding,NSE SME,Unistone Capital,2024,Giriraj Stock Broking Pvt.Ltd.,chittorgarh,56.0,chittorgarh,5.0,chittorgarh,7.7,chittorgarh,15.12,chittorgarh,116.0,chittorgarh,117.9,chittorgarh,110.2,chittorgarh,110.25,chittorgarh,Funding capital expenditure requirements towards procurement of Tank Containers. | Funding working capital requirements of the Company; and | General corporate purposes; and,chittorgarh,65.0,chittorgarh,,,,,,,,,50.93,,,,,,,,,,,,,,,,,,,,,,,,,,,,,,,,,,,,,,,,,,,,investorgain,,DECCANTRAN.NS,,isin_authoritative,ISIN→symbol from official NSE list,match,,Deccan Transcon Leasing Ltd.,Deccan Transcon Leasing Limited,match
INE0PZB01013,Popular Foundations Ltd.,SME,,544259.0,2024-09-13,2024-09-19,2024-09-24,37.0,19.87,Fixed Price,BSE SME,Srujan Alpha Capital,2024,Spread X Securities Pvt.Ltd.,chittorgarh,19.0,chittorgarh,1.0,chittorgarh,5.0,chittorgarh,,,37.0,chittorgarh,37.5,chittorgarh,35.15,chittorgarh,37.07,chittorgarh,Prepayment or repayment of all or a portion of certain outstanding borrowings availed by the Company; | Funding the working capital requirements of the Company; and | General corporate purposes,chittorgarh,20.0,chittorgarh,0.0,3.5,14.9,9.2,0.0,35.17,147.92,182.99,,100.0,62.35,37.0,False,3000.0,111000.0,19.5,4.0,59.0,1.9,47.0,52.0,59.0,3.0,7.0,7.0,1.0,3.0,4.0,1.0,2.3,1.9,15.0,23.0,43.0,9.0,7.0,1.0,48.0,63.0,73.0,3.0,-6.0,-11.0,5.77,13.04,0.3,52.0,3.0,Mar 2024,2.0,sharescart,sharescart,,sharescart,,544259.BO,isin_authoritative,ISIN→symbol from official BSE list,match,,Popular Foundations Ltd.,Popular Foundations Ltd,match
INE0Q3401017,Sodhani Academy of Fintech Enablers Ltd.,SME,,544257.0,2024-09-12,2024-09-17,2024-09-23,40.0,6.12,Fixed Price,BSE SME,Srujan Alpha Capital,2024,Prabhat Financial Services Ltd.,chittorgarh,4.0,chittorgarh,2.0,chittorgarh,33.3,chittorgarh,,,53.0,chittorgarh,55.65,chittorgarh,53.0,chittorgarh,55.65,chittorgarh,Building content studio and offline training infrastructure | Information Technology (Hardware including Software) Procurement | Content Development for course material | Enhancement of brand visibility and awareness | Learning Management System (LMS) Application development | General Corporate Purpose,chittorgarh,6.0,chittorgarh,0.0,511.3,358.5,438.7,0.0,1564.7,1096.92,2684.97,30.0,100.0,75.0,40.0,False,3000.0,120000.0,5.5,4.0,4.0,7.3,1.0,2.0,4.0,2.0,2.0,5.0,1.0,2.0,4.0,2.9,3.9,6.8,5.0,7.0,14.0,0.0,0.0,0.0,5.0,7.0,14.0,1.0,2.0,4.0,100.0,28.57,0.0,2.0,2.0,Mar 2024,2.0,sharescart,sharescart,investorgain,sharescart,,544257.BO,isin_authoritative,ISIN→symbol from official BSE list,match,,Sodhani Academy of Fintech Enablers Ltd.,Sodhani Academy of Fintech Enablers Ltd,match
INE0Y4801011,Excellent Wires & Packaging Ltd.,SME,EXCELLENT,,2024-09-11,2024-09-13,2024-09-19,90.0,12.6,Fixed Price,NSE SME,Inventure Merchant Banker,2024,Inventure Growth & Securities Ltd.,chittorgarh,12.0,chittorgarh,1.0,chittorgarh,7.7,chittorgarh,,,85.0,chittorgarh,89.25,chittorgarh,80.75,chittorgarh,82.05,chittorgarh,Acquisition of Land and construction of Building | Acquisition of Plant & Machineries | Funding additional working capital requirements | General Corporate Purposes,chittorgarh,13.0,chittorgarh,0.0,8.8,32.0,20.4,0.0,55.12,201.6,256.66,,91.9,63.12,90.0,False,1600.0,144000.0,31.0,1.0,22.0,2.9,14.0,15.0,22.0,0.0,1.0,2.0,0.0,1.0,1.0,6.5,2.9,2.5,0.0,4.0,19.0,0.0,0.0,0.0,3.0,7.0,20.0,0.0,0.0,-6.0,6.67,25.0,0.0,15.0,1.0,Mar 2024,2.0,sharescart,sharescart,,sharescart,EXCELLENT.NS,,isin_authoritative,ISIN→symbol from official NSE list,match,,Excellent Wires & Packaging Ltd.,Excellent Wires and Packaging Limited,match
INE0S1D01010,Innomet Advanced Materials Ltd.,SME,INNOMET,,2024-09-11,2024-09-13,2024-09-18,100.0,34.24,Fixed Price,NSE SME,Expert Global,2024,Prabhat Financial Services Ltd.,chittorgarh,33.0,chittorgarh,1.0,chittorgarh,2.9,chittorgarh,,,190.0,chittorgarh,199.5,chittorgarh,190.0,chittorgarh,199.5,chittorgarh,"Funding working capital requirements of the Company; | Funding of capital expenditure requirements of the Company towards purchase of machinery and equipment | Repayment or prepayment, in full or in part, of all or a portion of certain outstanding borrowings availed by our Company, from banks and financial institutions; | General corporate purposes; and",chittorgarh,34.0,chittorgarh,0.0,367.8,227.0,323.9,0.0,6295.49,3885.27,11089.73,70.0,100.0,37.19,100.0,False,1200.0,120000.0,62.5,2.0,33.0,1.6,23.0,25.0,33.0,6.0,5.0,5.0,3.0,3.0,2.0,5.6,2.6,1.4,7.0,15.0,41.0,0.0,8.0,7.0,23.0,34.0,61.0,4.0,3.0,-18.0,12.0,20.0,0.53,25.0,3.0,Mar 2024,2.0,sharescart,sharescart,ipowatch,sharescart,INNOMET.NS,,isin_authoritative,ISIN→symbol from official NSE list,match,,Innomet Advanced Materials Ltd.,Innomet Advanced Materials Limited,match
INE0QR801013,SPP Polymer Ltd.,SME,SPPPOLY,,2024-09-10,2024-09-12,2024-09-17,59.0,24.49,Fixed Price,NSE SME,Interactive Financial,2024,B.N.Rathi Securities Ltd.,chittorgarh,23.0,chittorgarh,1.0,chittorgarh,4.2,chittorgarh,,,63.0,chittorgarh,63.0,chittorgarh,59.85,chittorgarh,59.85,chittorgarh,Repayment of Loan | Working capital requirement | General Corporate Purpose,chittorgarh,24.0,chittorgarh,0.0,22.4,59.9,43.3,0.0,273.62,732.96,1059.96,42.37,94.99,69.37,59.0,False,2000.0,118000.0,84.3,1.0,108.0,0.7,66.0,92.0,108.0,3.0,8.0,7.0,1.0,1.0,1.0,0.5,0.9,0.7,24.0,25.0,51.0,11.0,8.0,0.0,54.0,71.0,80.0,4.0,6.0,-10.0,1.09,4.0,0.32,92.0,1.0,Mar 2024,2.0,sharescart,sharescart,ipowatch,sharescart,SPPPOLY.NS,,isin_authoritative,ISIN→symbol from official NSE list,match,,SPP Polymer Ltd.,SPP Polymer Limited,match
INE01YQ01013,Aditya Ultra Steel Ltd.,SME,AUSL,,2024-09-09,2024-09-11,2024-09-16,62.0,45.88,Bookbuilding,NSE SME,Swastika Investmart,2024,Sunflower Broking Pvt.Ltd.,chittorgarh,44.0,chittorgarh,2.0,chittorgarh,4.3,chittorgarh,,,69.9,chittorgarh,72.0,chittorgarh,66.4,chittorgarh,66.4,chittorgarh,Capital Expenditure | To Meet Working Capital Requirements | General Corporate Purpose,chittorgarh,46.0,chittorgarh,1.21,12.04,22.44,10.27,,,,,,,,,,,,,,,,,,,,,,,,,,,,,,,,,,,,,,,,,,,,,,,ipowatch,,,,AUSL.NS,,isin_authoritative,ISIN→symbol from official NSE list,match,,Aditya Ultra Steel Ltd.,Aditya Ultra Steel Limited,match
INE0UL701015,Shubhshree Biofuels Energy Ltd.,SME,SHUBHSHREE,,2024-09-09,2024-09-11,2024-09-16,119.0,16.56,Bookbuilding,NSE SME,Hem Securities,2024,Hem Finlease Pvt.Ltd.,chittorgarh,16.0,chittorgarh,1.0,chittorgarh,5.9,chittorgarh,4.68,chittorgarh,189.0,chittorgarh,198.45,chittorgarh,179.55,chittorgarh,198.45,chittorgarh,Funding Capital Expenditure towards installation of additional plant and machinery | To meet working capital requirements | General Corporate Purpose,chittorgarh,17.0,chittorgarh,31.3,245.7,135.7,132.9,259.4,610.6,786.46,2201.3,50.42,79.97,51.02,113.0,True,1200.0,142800.0,6.8,8.0,163.0,17.5,,,163.0,,,11.0,,,8.0,,,15.4,,,30.0,,,0.0,,,50.0,,,-9.0,,,,,,,0.0,sharescart,sharescart,ipowatch,sharescart,SHUBHSHREE.NS,,isin_authoritative,ISIN→symbol from official NSE list,match,,Shubhshree Biofuels Energy Ltd.,Shubhshree Biofuels Energy Limited,match
INE0LY301010,Share Samadhan Ltd.,SME,,544251.0,2024-09-09,2024-09-11,2024-09-16,74.0,24.06,Bookbuilding,BSE SME,Narnolia Financial,2024,Nikunj Stock Brokers Ltd.,chittorgarh,23.0,chittorgarh,1.0,chittorgarh,4.2,chittorgarh,6.83,chittorgarh,73.05,chittorgarh,76.0,chittorgarh,69.4,chittorgarh,74.87,chittorgarh,To meet out the expenses for Investment in Technology | To meet out the expenses for Unidentified Acquisition for Company (In India or Abroad) | To meet out the Working Capital requirements of the Company | To meet out the General Corporate Purposes; and,chittorgarh,24.0,chittorgarh,2.7,22.4,18.0,14.6,32.0,80.98,151.91,351.02,,77.57,51.32,70.0,True,1600.0,118400.0,24.7,4.0,14.0,3.0,3.0,10.0,14.0,1.0,6.0,6.0,0.0,4.0,4.0,0.6,4.3,2.6,4.0,11.0,35.0,0.0,0.0,0.0,5.0,14.0,40.0,2.0,0.0,-2.0,40.0,36.36,0.0,10.0,4.0,Mar 2024,2.0,sharescart,sharescart,,sharescart,,544251.BO,isin_authoritative,ISIN→symbol from official BSE list,match,,Share Samadhan Ltd.,Share Samadhan Ltd,match
INE0QTE01018,Gajanand International Ltd.,SME,GAJANAND,,2024-09-09,2024-09-11,2024-09-16,36.0,20.65,Fixed Price,NSE SME,Novus Capital,2024,Nikunj Stock Brokers Ltd.,chittorgarh,20.0,chittorgarh,1.0,chittorgarh,4.8,chittorgarh,,,42.0,chittorgarh,43.0,chittorgarh,39.9,chittorgarh,39.9,chittorgarh,To meet out the Working Capital requirements of the Company; | To meet out the General Corporate Purposes; and,chittorgarh,21.0,chittorgarh,0.0,5.8,24.2,15.3,0.0,59.78,249.65,315.32,13.89,90.5,,36.0,False,3000.0,108000.0,180.0,0.0,95.0,0.2,73.0,109.0,95.0,3.0,4.0,2.0,1.0,2.0,0.0,2.1,1.7,0.2,5.0,18.0,37.0,3.0,1.0,0.0,19.0,39.0,47.0,4.0,-9.0,-14.0,1.83,11.11,0.06,109.0,2.0,Mar 2024,2.0,sharescart,sharescart,ipowatch,,GAJANAND.NS,,isin_authoritative,ISIN→symbol from official NSE list,match,,Gajanand International Ltd.,Gajanand International Limited,match
INE0TR001017,Vision Infra Equipment Solutions Ltd.,SME,VIESL,,2024-09-06,2024-09-10,2024-09-13,163.0,106.21,Bookbuilding,NSE SME,Hem Securities,2024,Hem Finlease Pvt.Ltd.,chittorgarh,101.0,chittorgarh,5.0,chittorgarh,4.7,chittorgarh,30.21,chittorgarh,205.0,chittorgarh,215.25,chittorgarh,200.0,chittorgarh,215.25,chittorgarh,Funding Capital Expenditure towards purchase of additional equipment | Funding to meet working capital requirements | General Corporate Purpose.,chittorgarh,106.0,chittorgarh,60.9,180.4,24.1,68.1,3236.24,2873.9,897.38,7237.2,58.28,98.6,78.6,155.0,True,800.0,130400.0,10.2,34.0,443.0,16.0,,69.0,443.0,,21.0,130.0,,6.0,34.0,,3.3,13.8,,23.0,165.0,,184.0,184.0,,357.0,519.0,,8.0,40.0,8.7,26.09,8.0,69.0,6.0,Mar 2024,1.0,sharescart,sharescart,investorgain,sharescart,VIESL.NS,,isin_authoritative,ISIN→symbol from official NSE list,match,,Vision Infra Equipment Solutions Ltd.,Vision Infra Equipment Solutions Limited,match
INE0RVQ01016,My Mudra Fincorp Ltd.,SME,MYMUDRA,,2024-09-05,2024-09-09,2024-09-12,110.0,33.26,Bookbuilding,NSE SME,Hem Securities,2024,Hem Finlease Pvt.Ltd.,chittorgarh,32.0,chittorgarh,1.0,chittorgarh,3.0,chittorgarh,9.45,chittorgarh,130.0,chittorgarh,130.05,chittorgarh,123.5,chittorgarh,123.5,chittorgarh,Repayment of a portion of certain borrowing availed by the Company | Investment in technology development and digital infrastructure | To meet Working Capital requirements | General Corporate Purpose,chittorgarh,33.0,chittorgarh,48.8,159.4,108.8,102.5,812.14,795.19,1266.34,3408.89,36.36,100.0,32.0,104.0,True,1200.0,132000.0,11.0,9.0,80.0,10.0,53.0,71.0,80.0,6.0,11.0,14.0,3.0,6.0,9.0,4.2,7.8,7.9,8.0,16.0,53.0,1.0,3.0,2.0,15.0,30.0,61.0,1.0,1.0,2.0,8.45,37.5,0.19,71.0,6.0,Mar 2024,2.0,sharescart,sharescart,ipowatch,sharescart,MYMUDRA.NS,,isin_authoritative,ISIN→symbol from official NSE list,match,,My Mudra Fincorp Ltd.,My Mudra Fincorp Limited,match
INE0UYT01018,Mach Conferences & Events Ltd.,SME,,544248.0,2024-09-04,2024-09-06,2024-09-11,225.0,125.28,Bookbuilding,BSE SME,Beeline Capital,2024,Spread X Securities Pvt.Ltd.,chittorgarh,43.0,chittorgarh,75.0,chittorgarh,60.0,chittorgarh,35.51,chittorgarh,300.0,chittorgarh,314.0,chittorgarh,285.0,chittorgarh,295.55,chittorgarh,To Meet Working Capital Requirements | General Corporate Purpose,chittorgarh,125.0,chittorgarh,146.7,403.7,136.5,196.7,9186.78,7586.14,5984.81,24642.58,64.44,100.0,61.53,214.0,True,600.0,135000.0,31.7,14.0,236.0,7.1,,237.0,236.0,,37.0,22.0,,26.0,14.0,,13.9,6.7,,50.0,109.0,,6.0,5.0,,101.0,139.0,,18.0,-9.0,10.97,52.0,0.12,237.0,26.0,Mar 2024,1.0,sharescart,sharescart,investorgain,sharescart,,544248.BO,isin_authoritative,ISIN→symbol from official BSE list,match,,Mach Conferences & Events Ltd.,Mach Conferences And Events Ltd,match
INE08NZ01012,Namo eWaste Management Ltd.,SME,NAMOEWASTE,,2024-09-04,2024-09-06,2024-09-11,85.0,51.2,Bookbuilding,NSE SME,Hem Securities,2024,Hem Finlease Pvt.Ltd.,chittorgarh,49.0,chittorgarh,2.0,chittorgarh,3.9,chittorgarh,14.58,chittorgarh,161.5,chittorgarh,169.55,chittorgarh,161.5,chittorgarh,169.55,chittorgarh,"Funding the Capital Expenditure requirements of our subsidiary i.e. Techeco Waste Management LLP, towards setting up of a new factory unit at Nashik. | To Meet Working Capital Requirement | General Corporate Purpose",chittorgarh,51.0,chittorgarh,151.8,394.2,195.5,225.6,3885.1,3027.69,3504.35,11553.67,96.47,93.67,68.99,80.0,True,1600.0,136000.0,23.0,8.0,150.0,3.7,58.0,101.0,150.0,4.0,12.0,15.0,3.0,7.0,8.0,2.1,4.0,3.7,28.0,35.0,89.0,3.0,3.0,2.0,39.0,63.0,101.0,0.0,3.0,-20.0,6.93,20.0,0.09,101.0,7.0,Mar 2024,2.0,sharescart,sharescart,investorgain,sharescart,NAMOEWASTE.NS,,isin_authoritative,ISIN→symbol from official NSE list,match,,Namo eWaste Management Ltd.,Namo eWaste Management Limited,match
INE0N4701016,Naturewings Holidays Ltd.,SME,,544245.0,2024-09-03,2024-09-05,2024-09-10,74.0,7.03,Fixed Price,BSE SME,Fedex Securities,2024,Pure Broking Pvt.Ltd.,chittorgarh,7.0,chittorgarh,0.0,chittorgarh,0.0,chittorgarh,,,95.0,chittorgarh,99.5,chittorgarh,90.25,chittorgarh,90.25,chittorgarh,Meeting working capital requirements; | Marketing and Business Promotions; and | General corporate purposes,chittorgarh,7.0,chittorgarh,0.0,270.7,487.2,383.5,0.0,951.74,1713.12,2697.0,60.81,84.11,74.11,74.0,False,1600.0,118400.0,18.5,1.0,21.0,4.0,12.0,22.0,21.0,1.0,2.0,2.0,1.0,1.0,1.0,2.9,5.1,3.4,2.0,3.0,9.0,0.0,0.0,0.0,5.0,6.0,13.0,1.0,0.0,-1.0,4.55,33.33,0.0,22.0,1.0,Mar 2024,2.0,sharescart,sharescart,ipowatch,sharescart,,544245.BO,isin_authoritative,ISIN→symbol from official BSE list,match,,Naturewings Holidays Ltd.,Naturewings Holidays Ltd,match
INE0RXB01022,Jeyyam Global Foods Ltd.,SME,JEYYAM,,2024-09-02,2024-09-04,2024-09-09,61.0,81.94,Bookbuilding,NSE SME,Corpwis,2024,NNM Securities Pvt.Ltd.,chittorgarh,70.0,chittorgarh,8.0,chittorgarh,9.8,chittorgarh,23.03,chittorgarh,61.0,chittorgarh,64.05,chittorgarh,57.95,chittorgarh,64.05,chittorgarh,Working Capital Requirement | Capital Expenditure | General Corporate Purposes,chittorgarh,82.0,chittorgarh,54.6,321.8,70.4,119.4,2237.65,3955.26,2019.74,9783.88,40.98,92.0,,59.0,True,2000.0,122000.0,13.0,22.0,762.0,4.7,382.0,630.0,762.0,17.0,34.0,42.0,8.0,15.0,22.0,2.2,4.3,4.6,65.0,80.0,167.0,29.0,25.0,19.0,168.0,192.0,254.0,-31.0,-11.0,1.0,2.38,18.75,0.31,630.0,15.0,Mar 2024,2.0,sharescart,sharescart,ipowatch,,JEYYAM.NS,,isin_authoritative,ISIN→symbol from official NSE list,match,,Jeyyam Global Foods Ltd.,Jeyyam Global Foods Limited,match
INE0QNI01012,Boss Packaging Solutions Ltd.,SME,BOSS,,2024-08-30,2024-09-03,2024-09-06,66.0,8.41,Fixed Price,NSE SME,Fedex Securities,2024,B.N.Rathi Securities Ltd.,chittorgarh,8.0,chittorgarh,0.0,chittorgarh,0.0,chittorgarh,,,82.5,chittorgarh,86.6,chittorgarh,78.4,chittorgarh,86.6,chittorgarh,Purchase of machineries | Funding our Working Capital Requirements; and | General Corporate Purpose,chittorgarh,8.0,chittorgarh,0.0,103.8,165.3,136.2,0.0,436.4,694.91,1145.31,18.18,100.0,71.35,66.0,False,2000.0,132000.0,16.5,2.0,15.0,4.0,10.0,12.0,15.0,1.0,2.0,2.0,1.0,1.0,2.0,6.4,3.2,3.5,2.0,5.0,14.0,0.0,0.0,0.0,5.0,8.0,16.0,0.0,-2.0,-3.0,8.33,20.0,0.0,12.0,1.0,Mar 2024,2.0,sharescart,sharescart,ipowatch,sharescart,BOSS.NS,,isin_authoritative,ISIN→symbol from official NSE list,match,,Boss Packaging Solutions Ltd.,Boss Packaging Solutions Limited,match
INE0SG001011,Travels & Rentals Ltd.,SME,,544242.0,2024-08-29,2024-09-02,2024-09-05,40.0,12.24,Fixed Price,BSE SME,Finshore Management,2024,Black Fox Financial Pvt.Ltd.,chittorgarh,12.0,chittorgarh,0.0,chittorgarh,0.0,chittorgarh,,,55.0,chittorgarh,57.75,chittorgarh,52.25,chittorgarh,57.75,chittorgarh,To meet the Working Capital Requirements | General Corporate Purposes,chittorgarh,12.0,chittorgarh,0.0,754.6,429.9,608.5,0.0,4618.4,2630.99,7447.55,20.0,86.48,62.86,40.0,False,3000.0,120000.0,12.1,3.0,11.0,3.3,6.0,8.0,11.0,3.0,5.0,8.0,2.0,3.0,3.0,2.0,3.3,2.6,7.0,15.0,28.0,3.0,3.0,17.0,16.0,25.0,53.0,3.0,-3.0,-21.0,37.5,20.0,0.2,8.0,3.0,Mar 2024,2.0,sharescart,sharescart,ipowatch,sharescart,,544242.BO,isin_authoritative,ISIN→symbol from official BSE list,match,,Travels & Rentals Ltd.,Travels & Rentals Ltd,match
INE0WL801011,Aeron Composite Ltd.,SME,AERON,,2024-08-28,2024-08-30,2024-09-04,125.0,56.1,Bookbuilding,NSE SME,Hem Securities,2024,Hem Finlease Pvt.Ltd.,chittorgarh,53.0,chittorgarh,3.0,chittorgarh,5.4,chittorgarh,15.18,chittorgarh,150.0,chittorgarh,157.5,chittorgarh,150.0,chittorgarh,157.5,chittorgarh,Funding the Capital Expenditure requirements towards setting up of an additional manufacturing unit | General Corporate Purpose,chittorgarh,56.0,chittorgarh,27.8,75.5,33.8,41.1,780.35,635.58,663.07,2304.03,28.0,65.12,54.78,121.0,True,1000.0,125000.0,14.2,13.0,215.0,8.8,179.0,200.0,215.0,13.0,18.0,24.0,7.0,10.0,13.0,5.3,8.1,7.8,25.0,35.0,101.0,1.0,4.0,21.0,69.0,101.0,206.0,2.0,21.0,-9.0,5.0,28.57,0.11,200.0,10.0,Mar 2024,2.0,sharescart,sharescart,ipowatch,sharescart,AERON.NS,,isin_authoritative,ISIN→symbol from official NSE list,match,,Aeron Composite Ltd.,Aeron Composite Limited,match
INE0S2W01018,Paramatrix Technologies Ltd.,SME,PARAMATRIX,,2024-08-27,2024-08-30,2024-09-04,110.0,33.84,Fixed Price,NSE SME,Inventure Merchant Banker,2024,Svcm Securities Pvt.Ltd.,chittorgarh,29.0,chittorgarh,3.0,chittorgarh,8.8,chittorgarh,,,115.05,chittorgarh,120.8,chittorgarh,115.05,chittorgarh,120.8,chittorgarh,Capital Expenditure for building our Infrastructure | Investment in our suite of accelerators to enhance the service offerings | Geographical expansion in Middle East and East Asia; and | General Corporate Purposes,chittorgarh,34.0,chittorgarh,0.0,6.2,11.9,9.2,0.0,105.43,200.7,311.71,,75.46,54.77,110.0,False,1200.0,132000.0,19.6,6.0,29.0,5.6,28.0,28.0,29.0,10.0,6.0,8.0,7.0,4.0,6.0,8.1,4.7,5.0,30.0,30.0,66.0,0.0,0.0,0.0,34.0,33.0,70.0,1.0,4.0,3.0,14.29,13.33,0.0,28.0,4.0,Mar 2024,2.0,sharescart,sharescart,,sharescart,PARAMATRIX.NS,,isin_authoritative,ISIN→symbol from official NSE list,match,,Paramatrix Technologies Ltd.,Paramatrix Technologies Limited,match
INE0SMY01017,Jay Bee Laminations Ltd.,SME,JAYBEE,,2024-08-27,2024-08-29,2024-09-03,146.0,88.96,Bookbuilding,NSE SME,Swaraj Shares,2024,Shreni Shares Ltd.,chittorgarh,62.0,chittorgarh,22.0,chittorgarh,24.7,chittorgarh,24.97,chittorgarh,277.4,chittorgarh,291.25,chittorgarh,277.4,chittorgarh,291.25,chittorgarh,Funding the working capital requirements | General Corporate Purposes,chittorgarh,89.0,chittorgarh,72.4,230.1,87.9,114.0,3218.05,3070.38,2736.16,10136.74,30.82,100.0,100.0,138.0,True,1000.0,146000.0,11.9,25.0,367.0,12.3,247.0,303.0,367.0,24.0,32.0,44.0,14.0,19.0,25.0,7.6,10.8,11.2,43.0,63.0,148.0,6.0,4.0,8.0,108.0,136.0,228.0,5.0,15.0,-35.0,6.27,30.16,0.06,303.0,19.0,Mar 2024,2.0,sharescart,sharescart,ipowatch,sharescart,JAYBEE.NS,,isin_authoritative,ISIN→symbol from official NSE list,match,,Jay Bee Laminations Ltd.,Jay Bee Laminations Limited,match
INE0U2M01015,Vdeal System Ltd.,SME,VDEAL,,2024-08-27,2024-08-29,2024-09-03,112.0,18.08,Fixed Price,NSE SME,Affinity Global,2024,Black Fox Financial Pvt.Ltd.,chittorgarh,17.0,chittorgarh,1.0,chittorgarh,5.6,chittorgarh,,,170.0,chittorgarh,178.5,chittorgarh,161.5,chittorgarh,178.5,chittorgarh,To meet the working capital requirements | Prepayment and repayment of all or a portion of certain secured and unsecured loan availed by the company | General Corporate Purpose,chittorgarh,18.0,chittorgarh,0.0,61.5,76.7,71.4,0.0,555.5,693.25,1290.32,13.39,100.0,80.95,112.0,False,1200.0,134400.0,11.8,4.0,34.0,9.5,21.0,26.0,34.0,3.0,6.0,7.0,1.0,3.0,4.0,3.4,9.5,8.2,3.0,6.0,26.0,1.0,4.0,2.0,15.0,27.0,49.0,1.0,1.0,-14.0,11.54,50.0,0.67,26.0,3.0,Mar 2024,2.0,sharescart,sharescart,ipowatch,sharescart,VDEAL.NS,,isin_authoritative,ISIN→symbol from official NSE list,match,,Vdeal System Ltd.,Vdeal System Limited,match
INE0DHF01018,Indian Phosphate Ltd.,SME,IPHL,,2024-08-26,2024-08-29,2024-09-03,99.0,67.36,Bookbuilding,NSE SME,Beeline Capital,2024,Spread X Securities Pvt.Ltd.,chittorgarh,64.0,chittorgarh,3.0,chittorgarh,4.5,chittorgarh,19.09,chittorgarh,188.1,chittorgarh,197.5,chittorgarh,178.7,chittorgarh,178.7,chittorgarh,"For Setting up a new manufacturing facility at SIPCOT Industrial Park Phase-I, Kudikadu Village, Cuddalore District ('C' District) Plot(s) - Plot No.C-17/A, TamilNadu for manufacturing of Sulphuric Acid, LABSA 90%, and Magnesium Sulphate | To Meet Working Capital Requirements. | For General Corporate Purposes",chittorgarh,67.0,chittorgarh,181.6,441.0,243.0,267.9,6115.58,4455.94,5729.41,18044.96,50.51,100.0,89.5,94.0,True,1200.0,118800.0,25.4,7.0,884.0,3.9,,715.0,884.0,,25.0,21.0,,12.0,7.0,,7.2,3.5,,81.0,148.0,,18.0,16.0,,254.0,291.0,,-33.0,11.0,1.68,14.81,0.22,715.0,12.0,Mar 2024,1.0,sharescart,sharescart,ipowatch,sharescart,IPHL.NS,,isin_authoritative,ISIN→symbol from official NSE list,match,,Indian Phosphate Ltd.,Indian Phosphate Limited,match
INE0QA901010,Rapid Multimodal Logistics Ltd.,SME,,544237.0,2024-08-22,2024-08-27,2024-08-30,84.0,8.49,Fixed Price,BSE SME,Gretex Corporate,2024,Gretex Share Broking Pvt.Ltd.,chittorgarh,8.0,chittorgarh,0.0,chittorgarh,0.0,chittorgarh,,,103.0,chittorgarh,108.15,chittorgarh,99.0,chittorgarh,108.1,chittorgarh,Working Capital Requirements | General Corporate Purpose | Total,chittorgarh,8.0,chittorgarh,0.0,512.8,172.6,350.5,0.0,2177.88,732.83,2977.18,11.9,99.99,,84.0,False,1600.0,134400.0,14.7,2.0,103.0,5.7,73.0,72.0,103.0,3.0,3.0,3.0,2.0,2.0,2.0,7.2,6.8,5.9,3.0,5.0,14.0,1.0,1.0,0.0,7.0,9.0,19.0,2.0,5.0,-1.0,2.78,40.0,0.2,72.0,2.0,Mar 2024,2.0,sharescart,sharescart,ipowatch,,,544237.BO,isin_authoritative,ISIN→symbol from official BSE list,match,,Rapid Multimodal Logistics Ltd.,Rapid Multimodal logistics Ltd,match
INE0SK201011,Resourceful Automobile Ltd.,SME,,544236.0,2024-08-22,2024-08-26,2024-08-29,117.0,11.99,Fixed Price,BSE SME,Swastika Investmart,2024,Nikunj Stock Brokers Ltd.,chittorgarh,11.0,chittorgarh,1.0,chittorgarh,8.3,chittorgarh,,,117.0,chittorgarh,122.85,chittorgarh,111.15,chittorgarh,122.85,chittorgarh,To Carry on Expansion of the company by opening of new showrooms in Delhi/ NCR; | Repayment of Debt | To Meet Incremental Working Capital Requirements | General Corporate Purpose,chittorgarh,12.0,chittorgarh,0.0,315.6,496.2,418.8,0.0,1892.11,2974.88,5021.72,17.09,100.0,55.63,117.0,False,1200.0,140400.0,24.4,1.0,21.0,4.8,19.0,19.0,21.0,2.0,4.0,3.0,0.0,2.0,1.0,2.5,11.9,4.8,2.0,4.0,17.0,7.0,6.0,5.0,10.0,17.0,25.0,-0.0,-2.0,-3.0,10.53,50.0,1.5,19.0,2.0,Mar 2024,2.0,sharescart,sharescart,ipowatch,sharescart,,544236.BO,isin_authoritative,ISIN→symbol from official BSE list,match,,Resourceful Automobile Ltd.,Resourceful Automobile Ltd,match
INE0KZF01015,QVC Exports Ltd.,SME,QVCEL,,2024-08-21,2024-08-23,2024-08-28,86.0,24.07,Fixed Price,NSE SME,Khandwala Securities,2024,Aftertrade Broking Pvt.Ltd.,chittorgarh,16.0,chittorgarh,6.0,chittorgarh,25.0,chittorgarh,,,161.0,chittorgarh,162.0,chittorgarh,152.95,chittorgarh,152.95,chittorgarh,To repay the unsecured loans taken by the Company | To meet working capital requirement | General Corporate Purposes,chittorgarh,24.0,chittorgarh,0.0,596.6,418.6,535.0,0.0,7178.6,5037.55,12875.44,23.26,97.74,49.43,86.0,False,1600.0,137600.0,10.4,6.0,359.0,8.3,207.0,446.0,359.0,4.0,11.0,17.0,2.0,4.0,6.0,5.5,7.2,7.6,28.0,34.0,58.0,5.0,3.0,1.0,65.0,94.0,154.0,3.0,10.0,-4.0,0.9,11.76,0.09,446.0,4.0,Mar 2024,2.0,sharescart,sharescart,ipowatch,sharescart,QVCEL.NS,,isin_authoritative,ISIN→symbol from official NSE list,match,,QVC Exports Ltd.,QVC Exports Limited,match
INE0T9I01011,Ideal Technoplast Industries Ltd.,SME,IDEALTECHO,,2024-08-21,2024-08-23,2024-08-28,121.0,16.03,Fixed Price,NSE SME,Swastika Investmart,2024,Sunflower Broking Pvt.Ltd.,chittorgarh,15.0,chittorgarh,1.0,chittorgarh,6.2,chittorgarh,,,132.1,chittorgarh,138.7,chittorgarh,132.1,chittorgarh,138.7,chittorgarh,To Meet Capital Expenditure; | General Corporate Purpose,chittorgarh,16.0,chittorgarh,0.0,108.5,115.6,116.8,0.0,869.68,926.44,1871.79,16.53,100.0,73.5,121.0,False,1000.0,121000.0,18.6,3.0,28.0,6.5,,27.0,28.0,,4.0,5.0,,2.0,3.0,,6.4,5.8,,6.0,24.0,,3.0,5.0,,14.0,40.0,,3.0,0.0,7.41,33.33,0.5,27.0,2.0,Mar 2024,1.0,sharescart,sharescart,investorgain,sharescart,IDEALTECHO.NS,,isin_authoritative,ISIN→symbol from official NSE list,match,,Ideal Technoplast Industries Ltd.,Ideal Technoplast Industries Limited,match
INE0R4Z01018,Brace Port Logistics Ltd.,SME,BRACEPORT,,2024-08-19,2024-08-21,2024-08-26,80.0,24.41,Bookbuilding,NSE SME,Holani Consultants,2024,Holani Consultants Pvt.Ltd.,chittorgarh,23.0,chittorgarh,1.0,chittorgarh,4.2,chittorgarh,4.3,chittorgarh,152.0,chittorgarh,159.6,chittorgarh,152.0,chittorgarh,159.6,chittorgarh,Funding the working capital requirements of our Company | General corporate purposes,chittorgarh,24.0,chittorgarh,450.0,854.5,588.7,657.8,5492.65,3128.66,5029.82,16056.88,90.0,100.0,44.44,76.0,True,1600.0,128000.0,11.9,7.0,86.0,6.7,,55.0,86.0,,7.0,10.0,,5.0,7.0,,6.1,6.0,,14.0,39.0,,0.0,0.0,,28.0,44.0,,0.0,-4.0,9.09,35.71,0.0,55.0,5.0,Mar 2024,1.0,sharescart,sharescart,ipowatch,sharescart,BRACEPORT.NS,,isin_authoritative,ISIN→symbol from official NSE list,match,,Brace Port Logistics Ltd.,Brace Port Logistics Limited,match
INE0U2501017,Forcas Studio Ltd.,SME,FORCAS,,2024-08-19,2024-08-21,2024-08-26,80.0,37.44,Bookbuilding,NSE SME,Horizon Management,2024,Giriraj Stock Broking Pvt.Ltd.,chittorgarh,36.0,chittorgarh,1.0,chittorgarh,2.7,chittorgarh,10.65,chittorgarh,152.0,chittorgarh,159.6,chittorgarh,144.4,chittorgarh,144.4,chittorgarh,Funding of upgradation of warehouse | Prepayment or repayment of certain secured loans availed by the Company | Funding of working capital requirements of the Company; | General Corporate Purposes,chittorgarh,37.0,chittorgarh,205.4,701.9,415.8,417.0,3844.9,3941.59,5448.91,15612.11,62.5,100.0,38.04,77.0,True,1600.0,128000.0,14.5,9.0,142.0,5.5,,40.0,142.0,,4.0,15.0,,2.0,9.0,,1.7,4.9,,20.0,64.0,,2.0,1.0,,66.0,91.0,,-40.0,-10.0,5.0,10.0,0.1,40.0,2.0,Mar 2024,1.0,sharescart,sharescart,ipowatch,sharescart,FORCAS.NS,,isin_authoritative,ISIN→symbol from official NSE list,match,,Forcas Studio Ltd.,Forcas Studio Limited,match
INE0SFZ01018,Broach Lifecare Hospital Ltd.,SME,,544231.0,2024-08-13,2024-08-16,2024-08-21,25.0,4.02,Fixed Price,BSE SME,Fedex Securities,2024,Aftertrade Broking Pvt.Ltd.,chittorgarh,4.0,chittorgarh,0.0,chittorgarh,0.0,chittorgarh,,,47.5,chittorgarh,49.87,chittorgarh,45.6,chittorgarh,49.87,chittorgarh,Purchase of Machineries | Development of Medical Tourism Web Portal | General corporate purposes | IPO Expenses,chittorgarh,4.0,chittorgarh,0.0,88.5,226.3,159.1,0.0,177.88,454.9,639.62,,98.38,90.0,25.0,False,6000.0,150000.0,25.0,1.0,3.0,1.0,,3.0,3.0,,1.0,1.0,,1.0,1.0,,1.6,0.9,,5.0,9.0,,0.0,0.0,,6.0,11.0,,-3.0,-1.0,33.33,20.0,0.0,3.0,1.0,Mar 2024,1.0,sharescart,sharescart,,sharescart,,544231.BO,isin_authoritative,ISIN→symbol from official BSE list,match,,Broach Lifecare Hospital Ltd.,Broach Lifecare Hospital Ltd,match
INE0U0201016,Solve Plastic Products Ltd.,SME,BALCO,,2024-08-13,2024-08-16,2024-08-21,91.0,11.85,Fixed Price,NSE SME,Finshore Management,2024,Black Fox Financial Pvt.Ltd.,chittorgarh,11.0,chittorgarh,1.0,chittorgarh,8.3,chittorgarh,,,102.0,chittorgarh,107.1,chittorgarh,102.0,chittorgarh,107.1,chittorgarh,Funding Capital Expenditure towards purchase of additional plant and machinery | Working Capital Requirements | Issue Related Expenses | General Corporate Expenses,chittorgarh,12.0,chittorgarh,0.0,19.5,46.8,34.2,0.0,115.34,277.01,405.56,5.49,90.22,49.87,91.0,False,1200.0,109200.0,-7.3,-5.0,41.0,-12.4,61.0,46.0,41.0,3.0,4.0,-4.0,1.0,1.0,-5.0,4.0,4.6,-11.0,2.0,4.0,10.0,3.0,3.0,3.0,18.0,21.0,22.0,2.0,2.0,-3.0,2.17,25.0,0.75,46.0,1.0,Mar 2024,2.0,sharescart,sharescart,ipowatch,sharescart,BALCO.NS,,isin_authoritative,ISIN→symbol from official NSE list,match,,Solve Plastic Products Ltd.,Solve Plastic Products Limited,match
INE0S3H01017,Positron Energy Ltd.,SME,POSITRON,,2024-08-12,2024-08-14,2024-08-20,250.0,51.21,Bookbuilding,NSE SME,Beeline Capital,2024,Spread X Securities Pvt.Ltd.,chittorgarh,49.0,chittorgarh,2.0,chittorgarh,3.9,chittorgarh,14.58,chittorgarh,475.0,chittorgarh,498.75,chittorgarh,475.0,chittorgarh,498.75,chittorgarh,To Meet Working Capital Requirements | General Corporate Purposes,chittorgarh,51.0,chittorgarh,231.4,805.8,351.9,414.9,5925.25,6190.06,6307.28,21244.98,40.0,100.0,57.14,238.0,True,600.0,150000.0,9.6,18.0,337.0,26.1,,135.0,337.0,,13.0,23.0,,9.0,18.0,,15.8,23.4,,15.0,79.0,,1.0,1.0,,41.0,115.0,,7.0,7.0,6.67,60.0,0.07,135.0,9.0,Mar 2024,1.0,sharescart,sharescart,ipowatch,sharescart,POSITRON.NS,,isin_authoritative,ISIN→symbol from official NSE list,match,,Positron Energy Ltd.,Positron Energy Limited,match
INE0U2N01013,Sunlite Recycling Industries Ltd.,SME,SUNLITE,,2024-08-12,2024-08-14,2024-08-20,105.0,30.24,Bookbuilding,NSE SME,Hem Securities,2024,Hem Finlease Pvt.Ltd.,chittorgarh,29.0,chittorgarh,1.0,chittorgarh,3.3,chittorgarh,8.59,chittorgarh,199.5,chittorgarh,209.45,chittorgarh,199.5,chittorgarh,209.45,chittorgarh,"Funding of capital expenditure towards installation of new Plant & Machinery | Repayment and/or pre-payment, in full or part, of certain borrowings availed by our Company | General Corporate Purpose",chittorgarh,30.0,chittorgarh,109.1,584.1,252.0,282.5,1648.84,2649.48,2667.17,8541.29,75.24,89.24,78.14,100.0,True,1200.0,126000.0,7.2,14.0,1397.0,14.6,1150.0,1166.0,1397.0,15.0,19.0,24.0,6.0,9.0,14.0,14.0,11.2,13.1,4.0,19.0,60.0,22.0,3.0,5.0,72.0,61.0,94.0,2.0,11.0,8.0,0.77,47.37,0.16,1166.0,9.0,Mar 2024,2.0,sharescart,sharescart,investorgain,sharescart,SUNLITE.NS,,isin_authoritative,ISIN→symbol from official NSE list,match,,Sunlite Recycling Industries Ltd.,Sunlite Recycling Industries Limited,match
INE0TSF01011,Aesthetik Engineers Ltd.,SME,AESTHETIK,,2024-08-08,2024-08-12,2024-08-16,58.0,26.47,Bookbuilding,NSE SME,Narnolia Financial,2024,Nikunj Stock Brokers Ltd.,chittorgarh,25.0,chittorgarh,1.0,chittorgarh,3.8,chittorgarh,7.52,chittorgarh,110.2,chittorgarh,115.7,chittorgarh,110.2,chittorgarh,115.7,chittorgarh,Capital Expenditure | Working Capital Requirement | General Corporate Purposes,chittorgarh,26.0,chittorgarh,207.3,1934.0,461.6,705.3,2743.87,7679.14,4276.5,18669.08,89.66,97.63,61.77,55.0,True,2000.0,116000.0,15.7,6.0,66.0,3.7,40.0,61.0,66.0,2.0,8.0,10.0,1.0,5.0,6.0,0.9,4.0,3.3,10.0,15.0,44.0,1.0,4.0,1.0,24.0,31.0,62.0,3.0,-2.0,3.0,8.2,33.33,0.27,61.0,5.0,Mar 2024,2.0,sharescart,sharescart,ipowatch,sharescart,AESTHETIK.NS,,isin_authoritative,ISIN→symbol from official NSE list,match,,Aesthetik Engineers Ltd.,Aesthetik Engineers Limited,match
INE0OXY01013,Afcom Holdings Ltd.,SME,,544224.0,2024-08-02,2024-08-06,2024-08-09,108.0,73.83,Bookbuilding,BSE SME,GYR Capital,2024,Giriraj Stock Broking Pvt.Ltd.,chittorgarh,70.0,chittorgarh,4.0,chittorgarh,5.4,chittorgarh,20.48,chittorgarh,205.2,chittorgarh,215.45,chittorgarh,205.2,chittorgarh,215.45,chittorgarh,Funding Capital Expenditure towards taking of two new aircraft on lease basis | Prepayment or repayment of all or a portion of certain outstanding borrowings availed by our company | Funding of working capital requirement | General Corporate Purposes,chittorgarh,74.0,chittorgarh,186.2,697.9,202.8,303.0,6874.97,7729.0,5241.45,22373.65,92.59,58.94,,102.0,True,1200.0,129600.0,5.0,48.0,239.0,21.6,84.0,148.0,239.0,19.0,36.0,69.0,14.0,25.0,48.0,7.7,14.1,19.5,73.0,103.0,220.0,0.0,0.0,26.0,83.0,138.0,275.0,-19.0,31.0,27.0,16.89,24.27,0.0,148.0,25.0,Mar 2024,2.0,sharescart,sharescart,ipowatch,,,544224.BO,isin_authoritative,ISIN→symbol from official BSE list,match,,Afcom Holdings Ltd.,Afcom Holdings Ltd,match
INE0YAL01017,Picturepost Studios Ltd.,SME,PPSL,,2024-08-02,2024-08-06,2024-08-09,24.0,18.72,Bookbuilding,NSE SME,Shreni Shares,2024,Shreni Shares Ltd.,chittorgarh,18.0,chittorgarh,1.0,chittorgarh,5.3,chittorgarh,5.3,chittorgarh,30.0,chittorgarh,31.5,chittorgarh,28.5,chittorgarh,31.5,chittorgarh,Funding of capital expenditure requirements of our Company towards purchase of equipment and Software | Repayment/prepayment of all or certain of our borrowings availed by our Company | General Corporate Purpose,chittorgarh,19.0,chittorgarh,101.2,389.7,308.1,266.6,947.14,1094.19,2018.61,4990.75,41.67,57.9,43.0,22.0,True,6000.0,144000.0,14.1,5.0,37.0,1.7,,,37.0,,,10.0,,,5.0,,,1.7,,,28.0,,,0.0,,,40.0,,,-1.0,,,,,,,0.0,sharescart,sharescart,ipowatch,sharescart,PPSL.NS,,isin_authoritative,ISIN→symbol from official NSE list,match,,Picturepost Studios Ltd.,Picturepost Studios Limited,match
INE0YRN01025,Dhariwalcorp Ltd.,SME,DHARIWAL,,2024-08-01,2024-08-05,2024-08-08,106.0,25.15,Bookbuilding,NSE SME,Shreni Shares,2024,Shreni Shares Ltd.,chittorgarh,24.0,chittorgarh,1.0,chittorgarh,4.0,chittorgarh,7.0,chittorgarh,150.0,chittorgarh,152.0,chittorgarh,142.5,chittorgarh,142.5,chittorgarh,Funding Capital Expenditure towards construction of Warehouse | Funding working capital requirements of our company | General corporate purposes,chittorgarh,25.0,chittorgarh,76.9,279.2,183.9,175.0,967.3,1053.06,1618.53,4399.54,18.87,100.0,38.85,102.0,True,1200.0,127200.0,24.1,4.0,234.0,4.4,194.0,229.0,234.0,2.0,7.0,6.0,1.0,5.0,4.0,0.2,1.4,0.8,3.0,9.0,35.0,0.0,2.0,3.0,20.0,21.0,68.0,1.0,-0.0,-13.0,2.18,55.56,0.22,229.0,5.0,Mar 2024,2.0,sharescart,sharescart,ipowatch,sharescart,DHARIWAL.NS,,isin_authoritative,ISIN→symbol from official NSE list,match,,Dhariwalcorp Ltd.,Dhariwalcorp Limited,match
INE06IJ01010,Utssav CZ Gold Jewels Ltd.,SME,UTSSAV,,2024-07-31,2024-08-02,2024-08-07,110.0,69.5,Bookbuilding,NSE SME,Choice Capital,2024,Choice Equity Broking Pvt.Ltd.,chittorgarh,66.0,chittorgarh,3.0,chittorgarh,4.3,chittorgarh,19.8,chittorgarh,110.05,chittorgarh,115.55,chittorgarh,110.05,chittorgarh,115.55,chittorgarh,Funding Working Capital requirement of our Company | General Corporate Purpose,chittorgarh,69.0,chittorgarh,36.4,64.5,46.7,47.6,1265.91,672.08,1136.19,3306.71,50.0,95.98,,104.0,True,1200.0,132000.0,9.5,25.0,646.0,11.6,238.0,340.0,646.0,14.0,23.0,40.0,7.0,13.0,25.0,4.3,7.6,10.5,22.0,35.0,127.0,10.0,5.0,10.0,82.0,121.0,269.0,-12.0,7.0,-89.0,3.82,37.14,0.14,340.0,13.0,Mar 2024,2.0,sharescart,sharescart,ipowatch,,UTSSAV.NS,,isin_authoritative,ISIN→symbol from official NSE list,match,,Utssav CZ Gold Jewels Ltd.,Utssav CZ Gold Jewels Limited,match
INE0RFP01011,Sathlokhar Synergys E&C Global Ltd.,SME,SSEGL,,2024-07-30,2024-08-01,2024-08-06,140.0,92.93,Bookbuilding,NSE SME,GYR Capital,2024,Giriraj Stock Broking Pvt.Ltd.,chittorgarh,85.0,chittorgarh,8.0,chittorgarh,8.6,chittorgarh,25.34,chittorgarh,260.0,chittorgarh,260.0,chittorgarh,247.0,chittorgarh,247.0,chittorgarh,Working Capital | General Corporate Purposes,chittorgarh,93.0,chittorgarh,171.6,382.1,160.5,211.1,7971.24,5326.54,5219.48,19620.73,67.86,86.49,,133.0,True,1000.0,140000.0,6.8,43.0,399.0,20.7,87.0,247.0,399.0,8.0,36.0,60.0,5.0,26.0,43.0,3.1,14.9,17.7,14.0,41.0,172.0,0.0,0.0,0.0,48.0,105.0,265.0,3.0,12.0,-91.0,10.53,63.41,0.0,247.0,26.0,Mar 2024,2.0,sharescart,sharescart,investorgain,,SSEGL.NS,,isin_authoritative,ISIN→symbol from official NSE list,match,,Sathlokhar Synergys E&C Global Ltd.,Sathlokhar Synergys E&C Global Limited,match
INE0SZ301012,Bulkcorp International Ltd.,SME,BULKCORP,,2024-07-30,2024-08-01,2024-08-06,105.0,20.78,Bookbuilding,NSE SME,Swastika Investmart,2024,Sunflower Broking Pvt.Ltd.,chittorgarh,20.0,chittorgarh,1.0,chittorgarh,4.8,chittorgarh,5.91,chittorgarh,130.0,chittorgarh,136.5,chittorgarh,130.0,chittorgarh,136.5,chittorgarh,Capital Expenditure | To Meet Working Capital Requirements | General Corporate Purpose,chittorgarh,21.0,chittorgarh,,,,,,,,,78.1,,,,,,,,,,,,,,,,,,,,,,,,,,,,,,,,,,,,,,,,,,,,investorgain,,BULKCORP.NS,,isin_authoritative,ISIN→symbol from official NSE list,match,,Bulkcorp International Ltd.,Bulkcorp International Limited,match
INE0PCU01012,Rajputana Industries Ltd.,SME,RAJINDLTD,,2024-07-30,2024-08-01,2024-08-06,38.0,23.88,Bookbuilding,NSE SME,Holani Consultants,2024,Holani Consultants Pvt.Ltd.,chittorgarh,23.0,chittorgarh,1.0,chittorgarh,4.2,chittorgarh,6.12,chittorgarh,72.2,chittorgarh,75.8,chittorgarh,72.2,chittorgarh,75.8,chittorgarh,Funding the Working capital requirements of our Company | Purchase of Grid Solar Power Generating System; and | General corporate purposes,chittorgarh,24.0,chittorgarh,177.9,418.0,524.6,376.4,2124.87,1497.28,4385.24,8989.8,105.26,92.15,,36.0,True,3000.0,114000.0,9.0,8.0,552.0,4.2,255.0,327.0,552.0,13.0,18.0,19.0,3.0,5.0,8.0,2.0,3.3,3.7,27.0,33.0,64.0,20.0,19.0,27.0,118.0,150.0,189.0,-3.0,18.0,-23.0,1.53,15.15,0.58,327.0,5.0,Mar 2024,2.0,sharescart,sharescart,ipowatch,,RAJINDLTD.NS,,isin_authoritative,ISIN→symbol from official NSE list,match,,Rajputana Industries Ltd.,Rajputana Industries Limited,match
INE0LAA01017,Ashapura Logistics Ltd.,SME,ASHALOG,,2024-07-30,2024-08-01,2024-08-06,144.0,52.66,Bookbuilding,NSE SME,Beeline Capital,2024,Spread X Securities Pvt.Ltd.,chittorgarh,50.0,chittorgarh,3.0,chittorgarh,5.7,chittorgarh,14.98,chittorgarh,185.0,chittorgarh,194.25,chittorgarh,175.75,chittorgarh,175.75,chittorgarh,"Purchase of Vehicles and Equipment | Construction of warehouses at our facilities located at Mundra, Gujarat | Working Capital Requirement | General Corporate Purpose | Public Issue Expenses",chittorgarh,53.0,chittorgarh,128.2,289.3,174.2,185.8,3376.35,2285.45,3210.91,9781.74,20.83,92.45,67.51,136.0,True,1000.0,144000.0,14.3,12.0,231.0,10.1,222.0,199.0,231.0,23.0,27.0,28.0,9.0,12.0,12.0,9.9,12.5,9.1,48.0,65.0,130.0,4.0,8.0,13.0,105.0,126.0,213.0,16.0,6.0,-21.0,6.03,18.46,0.12,199.0,12.0,Mar 2024,2.0,sharescart,sharescart,ipowatch,sharescart,ASHALOG.NS,,isin_authoritative,ISIN→symbol from official NSE list,match,,Ashapura Logistics Ltd.,Ashapura Logistics Limited,match
INE0RMR01013,Kizi Apparels Ltd.,SME,,544221.0,2024-07-30,2024-08-01,2024-08-06,21.0,5.58,Fixed Price,BSE SME,Interactive Financial,2024,Beeline Broking Ltd.,chittorgarh,5.0,chittorgarh,1.0,chittorgarh,16.7,chittorgarh,,,23.15,chittorgarh,24.3,chittorgarh,22.0,chittorgarh,24.3,chittorgarh,Repayment of unsecured Loans | Long-term Working capital requirement | General corporate purposes,chittorgarh,6.0,chittorgarh,,89.58,139.62,115.6,,,,,23.81,,,,,,,,,,,,,,,,,,,,,,,,,,,,,,,,,,,,,,,,,,ipowatch,,ipowatch,,,544221.BO,isin_authoritative,ISIN→symbol from official BSE list,match,,Kizi Apparels Ltd.,Kizi Apparels Ltd,match
INE0BSN01013,S A Tech Software India Ltd.,SME,SATECH,,2024-07-26,2024-07-30,2024-08-02,59.0,23.01,Bookbuilding,NSE SME,GYR Capital,2024,Giriraj Stock Broking Pvt.Ltd.,chittorgarh,21.0,chittorgarh,2.0,chittorgarh,8.7,chittorgarh,6.38,chittorgarh,112.1,chittorgarh,117.7,chittorgarh,112.1,chittorgarh,117.7,chittorgarh,Prepayment or repayment of all or a portion of certain outstanding borrowings availed by the company; | Funding the working capital requirements of the company; and | General Corporate Purposes,chittorgarh,23.0,chittorgarh,201.3,1179.0,621.8,621.3,2315.84,4069.21,5007.42,14294.96,135.59,100.0,59.39,56.0,True,2000.0,118000.0,9.4,7.0,100.0,6.3,56.0,72.0,100.0,5.0,8.0,13.0,1.0,4.0,7.0,1.2,4.1,5.7,8.0,11.0,40.0,7.0,8.0,1.0,33.0,37.0,60.0,13.0,-5.0,-13.0,5.56,36.36,0.73,72.0,4.0,Mar 2024,2.0,sharescart,sharescart,investorgain,sharescart,SATECH.NS,,isin_authoritative,ISIN→symbol from official NSE list,match,,S A Tech Software India Ltd.,S A Tech Software India Limited,match
INE0SBP01018,Esprit Stones Ltd.,SME,ESPRIT,,2024-07-26,2024-07-30,2024-08-02,87.0,50.35,Bookbuilding,NSE SME,Choice Capital,2024,Choice Equity Broking Pvt.Ltd.,chittorgarh,48.0,chittorgarh,2.0,chittorgarh,4.0,chittorgarh,14.03,chittorgarh,93.15,chittorgarh,97.8,chittorgarh,93.15,chittorgarh,97.8,chittorgarh,"Funding Working Capital requirement of the Company | Investment in our Subsidiary, Haique Stones Private Limited (HSPL), for repayment and / or prepayment in part or full of its outstanding borrowings | Investment in our Subsidiary, Haique Stones Private Limited (HSPL) for funding its Working Capital Requirement | General Corporate Purpose",chittorgarh,50.0,chittorgarh,117.6,399.6,145.8,185.8,2965.35,3021.92,2571.96,9368.72,17.24,100.0,33.32,82.0,True,1600.0,139200.0,11.2,17.0,321.0,7.8,174.0,273.0,321.0,19.0,33.0,40.0,4.0,10.0,17.0,2.1,6.3,7.1,62.0,72.0,133.0,57.0,51.0,27.0,238.0,275.0,310.0,-29.0,14.0,7.0,3.66,13.89,0.71,273.0,10.0,Mar 2024,2.0,sharescart,sharescart,ipowatch,sharescart,ESPRIT.NS,,isin_authoritative,ISIN→symbol from official NSE list,match,,Esprit Stones Ltd.,Esprit Stones Limited,match
INE0QMR01015,Clinitech Laboratory Ltd.,SME,,544220.0,2024-07-25,2024-07-29,2024-08-01,96.0,5.78,Fixed Price,BSE SME,Inventure Merchant Banker,2024,Svcm Securities Pvt.Ltd.,chittorgarh,5.0,chittorgarh,1.0,chittorgarh,16.7,chittorgarh,,,115.0,chittorgarh,120.75,chittorgarh,110.0,chittorgarh,120.75,chittorgarh,Expansion of Diagnostic Centres | General Corporate Purposes,chittorgarh,6.0,chittorgarh,0.0,23.28,49.61,38.96,,,,,67.71,,,,,,,,,,,,,,,,,,,,,,,,,,,,,,,,,,,,,,,,,,ipowatch,,investorgain,,,544220.BO,isin_authoritative,ISIN→symbol from official BSE list,match,,Clinitech Laboratory Ltd.,Clinitech Laboratory Ltd,match
INE0LQG01010,Aprameya Engineering Ltd.,SME,APRAMEYA,,2024-07-25,2024-07-29,2024-08-01,58.0,29.23,Bookbuilding,NSE SME,Hem Securities,2024,Hem Finlease Pvt.Ltd.,chittorgarh,28.0,chittorgarh,1.0,chittorgarh,3.4,chittorgarh,8.32,chittorgarh,72.0,chittorgarh,75.6,chittorgarh,72.0,chittorgarh,75.6,chittorgarh,To meet incremental working capital requirements | General Corporate Purposes | Total,chittorgarh,29.0,chittorgarh,90.3,340.0,187.9,192.6,1319.68,1490.79,1922.24,5629.21,17.24,100.0,73.53,56.0,True,2000.0,116000.0,6.2,16.0,136.0,9.3,78.0,65.0,136.0,10.0,7.0,25.0,5.0,3.0,16.0,3.8,2.5,8.5,20.0,23.0,64.0,12.0,12.0,6.0,62.0,75.0,143.0,-13.0,-10.0,-11.0,4.62,13.04,0.52,65.0,3.0,Mar 2024,2.0,sharescart,sharescart,ipowatch,sharescart,APRAMEYA.NS,,isin_authoritative,ISIN→symbol from official NSE list,match,,Aprameya Engineering Ltd.,Aprameya Engineering Limited,match
INE0SYV01018,Trom Industries Ltd.,SME,TROM,,2024-07-25,2024-07-29,2024-08-01,115.0,31.37,Bookbuilding,NSE SME,Expert Global,2024,Sunflower Broking Pvt.Ltd.,chittorgarh,30.0,chittorgarh,1.0,chittorgarh,3.2,chittorgarh,8.93,chittorgarh,218.5,chittorgarh,229.4,chittorgarh,218.5,chittorgarh,229.4,chittorgarh,Funding of capital expenditure requirements of the Company towards set up of Solar Power Plant; | To meet the working capital requirements; and | General corporate purposes | Total,chittorgarh,31.0,chittorgarh,197.1,751.9,483.1,459.0,3090.79,3537.77,5304.2,14397.64,56.52,92.77,69.93,100.0,True,1200.0,138000.0,20.5,5.0,93.0,5.6,24.0,54.0,93.0,1.0,8.0,7.0,0.0,6.0,5.0,1.1,8.8,5.0,2.0,12.0,47.0,3.0,4.0,0.0,22.0,29.0,82.0,-2.0,-6.0,-18.0,11.11,50.0,0.33,54.0,6.0,Mar 2024,2.0,sharescart,sharescart,ipowatch,sharescart,TROM.NS,,isin_authoritative,ISIN→symbol from official NSE list,match,,Trom Industries Ltd.,Trom Industries Limited,match
INE0U1T01012,Chetana Education Ltd.,SME,CHETANA,,2024-07-24,2024-07-26,2024-07-31,85.0,45.9,Bookbuilding,NSE SME,Hem Securities,2024,Hem Finlease Pvt.Ltd.,chittorgarh,44.0,chittorgarh,2.0,chittorgarh,4.3,chittorgarh,13.06,chittorgarh,98.9,chittorgarh,103.8,chittorgarh,93.95,chittorgarh,103.8,chittorgarh,"Repayment of certain borrowing availed by our Company, in part or full | To meet Working Capital requirements | General Corporate Purpose",chittorgarh,46.0,chittorgarh,101.2,468.4,135.1,196.9,2323.0,3225.07,2170.54,9036.33,11.76,100.0,41.46,80.0,True,1600.0,136000.0,0.1,14.0,102.0,727.0,,40.0,102.0,,15.0,22.0,,10.0,14.0,,6.7,6.6,,25.0,79.0,,5.0,1.0,,97.0,117.0,,-6.0,-11.0,25.0,40.0,0.2,40.0,10.0,Mar 2024,1.0,sharescart,sharescart,ipowatch,sharescart,CHETANA.NS,,isin_authoritative,ISIN→symbol from official NSE list,match,,Chetana Education Ltd.,Chetana Education Limited,match
INE0R3101011,Manglam Infra & Engineering Ltd.,SME,MIEL,,2024-07-24,2024-07-26,2024-07-31,56.0,27.62,Bookbuilding,NSE SME,Unistone Capital,2024,Giriraj Stock Broking Pvt.Ltd.,chittorgarh,25.0,chittorgarh,3.0,chittorgarh,10.7,chittorgarh,7.4,chittorgarh,106.4,chittorgarh,111.7,chittorgarh,106.4,chittorgarh,111.7,chittorgarh,"To meet the working capital requirements, and | General corporate purposes",chittorgarh,28.0,chittorgarh,163.0,756.7,371.7,394.4,2251.52,3135.04,3593.31,10893.56,17.86,100.0,62.48,53.0,True,2000.0,112000.0,31.1,3.0,45.0,1.8,,35.0,45.0,,10.0,6.0,,7.0,3.0,,5.2,1.7,,17.0,44.0,,1.0,2.0,,33.0,64.0,,0.0,-21.0,20.0,41.18,0.06,35.0,7.0,Mar 2024,1.0,sharescart,sharescart,ipowatch,sharescart,MIEL.NS,,isin_authoritative,ISIN→symbol from official NSE list,match,,Manglam Infra & Engineering Ltd.,Manglam Infra & Engineering Limited,match
INE0QXL01015,V.L.Infraprojects Ltd.,SME,VLINFRA,,2024-07-23,2024-07-25,2024-07-30,42.0,18.52,Bookbuilding,NSE SME,Beeline Capital,2024,Spread X Securities Pvt.Ltd.,chittorgarh,18.0,chittorgarh,1.0,chittorgarh,5.3,chittorgarh,5.24,chittorgarh,79.8,chittorgarh,83.75,chittorgarh,79.8,chittorgarh,83.75,chittorgarh,To meet working capital requirements | General Corporate Purposes | Total,chittorgarh,19.0,chittorgarh,203.7,726.6,844.2,636.2,1886.74,2018.6,5472.82,11783.14,142.86,100.0,80.01,39.0,True,3000.0,126000.0,8.6,7.0,121.0,4.9,46.0,114.0,121.0,5.0,11.0,13.0,2.0,6.0,7.0,2.0,5.4,4.5,10.0,16.0,42.0,2.0,2.0,2.0,28.0,57.0,85.0,1.0,-0.0,-15.0,5.26,37.5,0.12,114.0,6.0,Mar 2024,2.0,sharescart,sharescart,investorgain,sharescart,VLINFRA.NS,,isin_authoritative,ISIN→symbol from official NSE list,match,,V.L.Infraprojects Ltd.,V.L.Infraprojects Limited,match
INE0MNP01016,VVIP Infratech Ltd.,SME,,544219.0,2024-07-23,2024-07-25,2024-07-30,93.0,61.21,Bookbuilding,BSE SME,Share India Capital,2024,Share India Securities Ltd.,chittorgarh,58.0,chittorgarh,3.0,chittorgarh,4.9,chittorgarh,17.41,chittorgarh,176.7,chittorgarh,185.53,chittorgarh,176.7,chittorgarh,185.53,chittorgarh,Capital Expenditure | Working Capital Requirement | General Corporate Purpose,chittorgarh,61.0,chittorgarh,168.5,456.8,181.7,236.9,5155.63,4194.47,3893.46,14502.49,37.63,100.0,83.05,91.0,True,1200.0,111600.0,5.9,50.0,371.0,15.8,209.0,284.0,371.0,21.0,34.0,81.0,12.0,20.0,50.0,7.7,10.9,14.5,86.0,110.0,199.0,23.0,16.0,62.0,240.0,262.0,543.0,52.0,16.0,-64.0,7.04,18.18,0.15,284.0,20.0,Mar 2024,2.0,sharescart,sharescart,ipowatch,sharescart,,544219.BO,isin_authoritative,ISIN→symbol from official BSE list,match,,VVIP Infratech Ltd.,VVIP Infratech Ltd,match
INE0SA001017,RNFI Services Ltd.,SME,RNFI,,2024-07-22,2024-07-24,2024-07-29,105.0,70.81,Bookbuilding,NSE SME,Choice Capital,2024,Choice Equity Broking Pvt.Ltd.,chittorgarh,67.0,chittorgarh,4.0,chittorgarh,5.6,chittorgarh,20.03,chittorgarh,199.5,chittorgarh,199.95,chittorgarh,189.55,chittorgarh,189.55,chittorgarh,Funding the working capital requirements of the Company | Funding Capital expenditure requirements for the Purchase of Micro ATMs/laptops/Server | Strengthening our technology infrastructure to develop new capabilities | Achieving inorganic growth through unidentified acquisitions and other strategic initiatives and General Corporate Purposes,chittorgarh,71.0,chittorgarh,140.7,513.3,142.6,221.5,4980.21,5452.28,3534.72,15684.15,42.86,89.53,,98.0,True,1200.0,126000.0,13.1,20.0,917.0,8.0,1067.0,936.0,917.0,12.0,21.0,46.0,5.0,10.0,20.0,3.0,5.8,7.3,21.0,32.0,112.0,12.0,16.0,13.0,125.0,190.0,279.0,-20.0,47.0,30.0,1.07,31.25,0.5,936.0,10.0,Mar 2024,2.0,sharescart,sharescart,ipowatch,,RNFI.NS,,isin_authoritative,ISIN→symbol from official NSE list,match,,RNFI Services Ltd.,RNFI Services Limited,match
INE0SVY01018,Kataria Industries Ltd.,SME,KATARIA,,2024-07-16,2024-07-19,2024-07-24,96.0,54.57,Bookbuilding,NSE SME,Interactive Financial,2024,MNM Stock Broking Pvt.Ltd.,chittorgarh,52.0,chittorgarh,3.0,chittorgarh,5.5,chittorgarh,15.53,chittorgarh,182.4,chittorgarh,191.5,chittorgarh,182.4,chittorgarh,191.5,chittorgarh,Capital Expenditure for purchase of machineries | Repayment of Debt | General Corporate Purpose,chittorgarh,55.0,chittorgarh,171.0,970.2,274.6,393.9,4667.34,7942.2,5245.49,21495.85,46.88,79.32,,91.0,True,1200.0,115200.0,18.8,11.0,351.0,5.1,332.0,339.0,351.0,22.0,29.0,22.0,8.0,10.0,11.0,4.9,6.6,5.1,36.0,45.0,109.0,32.0,5.0,0.0,151.0,120.0,143.0,2.0,62.0,7.0,2.95,22.22,0.11,339.0,10.0,Mar 2024,2.0,sharescart,sharescart,ipowatch,,KATARIA.NS,,isin_authoritative,ISIN→symbol from official NSE list,match,,Kataria Industries Ltd.,Kataria Industries Limited,match
INE0R0J01010,Macobs Technologies Ltd.,SME,MACOBSTECH,,2024-07-16,2024-07-19,2024-07-24,75.0,19.46,Bookbuilding,NSE SME,SKI Capital,2024,SKI Capital Services Ltd.,chittorgarh,18.0,chittorgarh,1.0,chittorgarh,5.3,chittorgarh,3.32,chittorgarh,96.0,chittorgarh,100.8,chittorgarh,96.0,chittorgarh,100.8,chittorgarh,Customer Acquisition - Marketing & Awareness | Prepayment or repayment of a portion of certain outstanding borrowings availed by the Company; | Working Capital Requirements | General corporate purposes; and,chittorgarh,19.0,chittorgarh,88.9,266.7,176.9,202.3,519.22,1816.87,1204.91,3937.96,14.67,81.82,66.8,71.0,True,1600.0,120000.0,25.9,3.0,24.0,2.9,15.0,18.0,24.0,3.0,3.0,4.0,2.0,2.0,3.0,681.7,3.0,2.7,2.0,10.0,28.0,0.0,1.0,0.0,6.0,14.0,31.0,-0.0,-2.0,-12.0,11.11,20.0,0.1,18.0,2.0,Mar 2024,2.0,sharescart,sharescart,ipowatch,sharescart,MACOBSTECH.NS,,isin_authoritative,ISIN→symbol from official NSE list,match,,Macobs Technologies Ltd.,Macobs Technologies Limited,match
INE0OXV01027,Tunwal E-Motors Ltd.,SME,TUNWAL,,2024-07-15,2024-07-18,2024-07-23,59.0,115.64,Fixed Price,NSE SME,Horizon Management,2024,Nikunj Stock Brokers Ltd. Giriraj Stock Broking Pvt.Ltd.,chittorgarh,76.0,chittorgarh,34.0,chittorgarh,29.3,chittorgarh,,,64.0,chittorgarh,64.0,chittorgarh,60.8,chittorgarh,60.8,chittorgarh,Funding of working capital requirements of the Company. | Research & Development | Pursuing Inorganic Growth | General Corporate Expenses,chittorgarh,116.0,chittorgarh,0.0,7.6,16.6,12.3,0.0,440.01,962.12,1423.53,42.37,97.04,62.34,59.0,False,2000.0,118000.0,25.7,12.0,179.0,2.3,,,179.0,,,19.0,,,12.0,,,2.1,,,103.0,,,3.0,,,194.0,,,-53.0,,,,,,,0.0,sharescart,sharescart,ipowatch,sharescart,TUNWAL.NS,,isin_authoritative,ISIN→symbol from official NSE list,match,,Tunwal E-Motors Ltd.,Tunwal E-Motors Limited,match
INE0T3401029,Aelea Commodities Ltd.,SME,,544213.0,2024-07-12,2024-07-16,2024-07-22,95.0,51.0,Bookbuilding,BSE SME,Ekadrisht Capital,2024,SS Corporate Securities Ltd.,chittorgarh,48.0,chittorgarh,3.0,chittorgarh,5.9,chittorgarh,14.52,chittorgarh,165.0,chittorgarh,173.25,chittorgarh,156.75,chittorgarh,173.25,chittorgarh,Setting up of new manufacturing unit and Installation of Plant & Machinery thereon | Purchase of Plant and Machinery at existing manufacturing unit | General Corporate Purposes,chittorgarh,51.0,chittorgarh,104.2,389.9,165.0,195.8,2657.8,2982.72,2944.57,9988.03,21.05,86.45,63.66,91.0,True,1200.0,114000.0,158.3,1.0,182.0,0.6,109.0,142.0,182.0,6.0,20.0,9.0,2.0,11.0,1.0,1.3,7.6,0.6,34.0,50.0,102.0,19.0,14.0,1.0,99.0,110.0,161.0,5.0,-7.0,9.0,7.75,22.0,0.28,142.0,11.0,Mar 2024,2.0,sharescart,sharescart,ipowatch,sharescart,,544213.BO,isin_authoritative,ISIN→symbol from official BSE list,match,,Aelea Commodities Ltd.,Aelea Commodities Ltd,match
INE0RPM01017,Sati Poly Plast Ltd.,SME,SATIPOLY,,2024-07-12,2024-07-16,2024-07-22,130.0,17.36,Bookbuilding,NSE SME,Beeline Capital,2024,Spread X Securities Pvt.Ltd.,chittorgarh,16.0,chittorgarh,1.0,chittorgarh,5.9,chittorgarh,4.93,chittorgarh,247.0,chittorgarh,259.35,chittorgarh,247.0,chittorgarh,259.35,chittorgarh,Working Capital Requirements | General Corporate Purposes,chittorgarh,17.0,chittorgarh,146.0,569.5,670.6,499.1,1266.91,1482.6,4073.51,8662.4,38.46,100.0,55.69,123.0,True,1000.0,130000.0,-5.6,-11.0,302.0,-23.2,191.0,179.0,302.0,9.0,9.0,16.0,3.0,3.0,-11.0,9.7,7.8,-21.3,4.0,12.0,16.0,16.0,17.0,5.0,41.0,56.0,57.0,3.0,9.0,-13.0,1.68,25.0,1.42,179.0,3.0,Mar 2024,2.0,sharescart,sharescart,ipowatch,sharescart,SATIPOLY.NS,,isin_authoritative,ISIN→symbol from official NSE list,match,,Sati Poly Plast Ltd.,Sati Poly Plast Limited,match
INE0V9N01017,Prizor Viztech Ltd.,SME,PRIZOR,,2024-07-12,2024-07-16,2024-07-22,87.0,25.15,Bookbuilding,NSE SME,Shreni Shares,2024,Rikhav Securities Ltd.,chittorgarh,24.0,chittorgarh,1.0,chittorgarh,4.0,chittorgarh,7.09,chittorgarh,165.3,chittorgarh,173.55,chittorgarh,165.3,chittorgarh,173.55,chittorgarh,"Funding of capital expenditure requirements of the Company towards setting up of Display Centre and Inventory Storage in Ahmedabad, Gujarat; | Funding Working Capital Requirements of the Company; and | General corporate purposes",chittorgarh,25.0,chittorgarh,94.5,280.0,264.2,219.5,1189.0,1056.44,2325.94,5519.92,57.47,93.59,68.28,82.0,True,1600.0,139200.0,8.4,10.0,71.0,10.4,,36.0,71.0,,8.0,15.0,,6.0,10.0,,10.6,9.5,,7.0,43.0,,5.0,5.0,,25.0,57.0,,-2.0,-14.0,16.67,85.71,0.71,36.0,6.0,Mar 2024,1.0,sharescart,sharescart,ipowatch,sharescart,PRIZOR.NS,,isin_authoritative,ISIN→symbol from official NSE list,match,,Prizor Viztech Ltd.,Prizor Viztech Limited,match
INE0UK501010,Three M Paper Boards Ltd.,SME,,544214.0,2024-07-12,2024-07-16,2024-07-22,69.0,39.83,Bookbuilding,BSE SME,Comfort Securities,2024,Comfort Securities Ltd.,chittorgarh,38.0,chittorgarh,2.0,chittorgarh,5.0,chittorgarh,11.33,chittorgarh,76.0,chittorgarh,79.8,chittorgarh,76.0,chittorgarh,79.8,chittorgarh,"Capital expenditure for installation of new machinery, modernisation of certain processes under existing manufacturing facility and installation of plastic fired low pressure boiler; | Funding working capital requirements of the Company; and | Prepayment or repayment of all or a portion of outstanding borrowing availed by the Company; | General corporate purposes",chittorgarh,40.0,chittorgarh,79.4,284.7,175.2,171.3,1580.53,1700.62,2442.04,6823.53,28.99,100.0,70.0,67.0,True,2000.0,138000.0,13.3,10.0,266.0,5.2,327.0,272.0,266.0,22.0,27.0,25.0,7.0,11.0,10.0,5.0,8.4,5.2,47.0,61.0,104.0,44.0,34.0,24.0,189.0,195.0,241.0,24.0,11.0,10.0,4.04,18.03,0.56,272.0,11.0,Mar 2024,2.0,sharescart,sharescart,ipowatch,sharescart,,544214.BO,isin_authoritative,ISIN→symbol from official BSE list,match,,Three M Paper Boards Ltd.,Three M Paper Boards Ltd,match
INE0P4701011,Sahaj Solar Ltd.,SME,SAHAJSOLAR,,2024-07-11,2024-07-15,2024-07-19,180.0,52.52,Bookbuilding,NSE SME,Kunvarji Finstock,2024,Aftertrade Broking Pvt.Ltd.,chittorgarh,50.0,chittorgarh,3.0,chittorgarh,5.7,chittorgarh,14.83,chittorgarh,342.0,chittorgarh,359.1,chittorgarh,342.0,chittorgarh,359.1,chittorgarh,Working Capital Requirements of the Company | General Corporate Purposes | Total,chittorgarh,53.0,chittorgarh,214.3,862.4,535.0,507.2,5631.02,6798.77,9842.41,26658.96,55.56,100.0,66.72,171.0,True,800.0,144000.0,6.6,28.0,330.0,27.2,185.0,201.0,330.0,12.0,25.0,43.0,6.0,13.0,28.0,4.1,8.2,12.5,16.0,33.0,109.0,4.0,3.0,3.0,91.0,149.0,303.0,10.0,-35.0,-47.0,6.47,39.39,0.09,201.0,13.0,Mar 2024,2.0,sharescart,sharescart,ipowatch,sharescart,SAHAJSOLAR.NS,,isin_authoritative,ISIN→symbol from official NSE list,match,,Sahaj Solar Ltd.,Sahaj Solar Limited,match
INE0U9101019,Effwa Infra & Research Ltd.,SME,EFFWA,,2024-07-05,2024-07-09,2024-07-12,82.0,51.27,Bookbuilding,NSE SME,Shreni Shares,2024,Rikhav Securities Ltd.,chittorgarh,41.0,chittorgarh,8.0,chittorgarh,15.7,chittorgarh,14.34,chittorgarh,155.8,chittorgarh,163.55,chittorgarh,155.8,chittorgarh,163.55,chittorgarh,Funding working capital requirements of the company; | Funding of capital expenditure requirements of the company towards purchase of new office Equipments; | General corporate purposes;,chittorgarh,51.0,chittorgarh,166.6,477.3,323.8,313.7,4270.01,3670.66,5810.94,16081.76,73.17,66.24,,78.0,True,1600.0,131200.0,9.4,20.0,185.0,8.7,115.0,145.0,185.0,9.0,21.0,31.0,5.0,14.0,20.0,2.9,7.8,8.7,24.0,37.0,95.0,3.0,1.0,3.0,65.0,80.0,150.0,-5.0,4.0,-31.0,9.66,37.84,0.03,145.0,14.0,Mar 2024,2.0,sharescart,sharescart,ipowatch,,EFFWA.NS,,isin_authoritative,ISIN→symbol from official NSE list,match,,Effwa Infra & Research Ltd.,Effwa Infra & Research Limited,match
INE0R8C01018,Ganesh Green Bharat Ltd.,SME,GGBL,,2024-07-05,2024-07-09,2024-07-12,190.0,125.23,Bookbuilding,NSE SME,Hem Securities,2024,Hem Finlease Pvt.Ltd.,chittorgarh,119.0,chittorgarh,6.0,chittorgarh,4.8,chittorgarh,35.29,chittorgarh,361.0,chittorgarh,379.05,chittorgarh,361.0,chittorgarh,379.05,chittorgarh,"Repayment in full or in part, of certain of the outstanding borrowings; | Funding Capital Expenditure towards installation of additional plant and machinery at the factory | Funding to meet working capital requirements | General Corporate Purpose",chittorgarh,125.0,chittorgarh,154.5,470.4,176.9,229.9,9673.94,8836.91,7752.68,28792.65,94.74,100.0,41.67,181.0,True,600.0,114000.0,14.5,30.0,318.0,13.1,90.0,170.0,318.0,14.0,37.0,52.0,8.0,22.0,30.0,4.5,10.9,12.2,35.0,57.0,205.0,10.0,17.0,14.0,88.0,150.0,339.0,-2.0,25.0,-29.0,12.94,38.6,0.3,170.0,22.0,Mar 2024,2.0,sharescart,sharescart,ipowatch,sharescart,GGBL.NS,,isin_authoritative,ISIN→symbol from official NSE list,match,,Ganesh Green Bharat Ltd.,Ganesh Green Bharat Limited,match
INE0M3I01029,Dhansa Labs Ltd.,SME,AMBEY,,2024-07-04,2024-07-08,2024-07-11,68.0,44.68,Bookbuilding,NSE SME,Novus Capital,2024,Nikunj Stock Brokers Ltd.,chittorgarh,40.0,chittorgarh,2.0,chittorgarh,4.4,chittorgarh,12.73,chittorgarh,85.0,chittorgarh,89.25,chittorgarh,85.0,chittorgarh,89.25,chittorgarh,To meet out the Working Capital requirements | To meet out the General Corporate Purposes | Issue Expenses,chittorgarh,45.0,chittorgarh,61.9,324.02,194.18,172.67,,,,,32.35,,,,,,,,,,,,,,,,,,,,,,,,,,,,,,,,,,,,,,,,,,ipowatch,,ipowatch,,AMBEY.NS,,isin_authoritative,human-verified rename / confirmed ISIN↔symbol,renamed_confirmed,,Ambey Laboratories Ltd.,Ambey Laboratories Limited,renamed_confirmed
INE0SUN01013,Nephro Care India Ltd.,SME,NEPHROCARE,,2024-06-28,2024-07-02,2024-07-05,90.0,41.26,Bookbuilding,NSE SME,Corporate Capitalventures,2024,SS Corporate Securities Ltd.,chittorgarh,39.0,chittorgarh,2.0,chittorgarh,4.9,chittorgarh,11.15,chittorgarh,171.0,chittorgarh,179.55,chittorgarh,171.0,chittorgarh,179.55,chittorgarh,"Setting up a Multi Speciality Hospital in the name of “Vivacity Multi Specialty Hospital” (unit of Nephro Care) at Kolkata (Madhyamgaram), West Bengal | General Corporate Expenses",chittorgarh,41.0,chittorgarh,245.1,1787.2,634.1,715.8,5056.75,11059.85,9156.44,29530.22,194.44,85.02,,85.0,True,1600.0,144000.0,37.5,4.0,46.0,2.4,17.0,27.0,46.0,3.0,7.0,7.0,2.0,5.0,4.0,2.4,3.8,2.2,3.0,15.0,53.0,2.0,0.0,0.0,8.0,21.0,68.0,4.0,1.0,8.0,18.52,33.33,0.0,27.0,5.0,Mar 2024,2.0,sharescart,sharescart,investorgain,,NEPHROCARE.NS,,isin_authoritative,ISIN→symbol from official NSE list,match,,Nephro Care India Ltd.,Nephro Care India Limited,match
INE0JRD01019,Diensten Tech Ltd.,SME,DTL,,2024-06-26,2024-06-28,2024-07-03,100.0,22.08,Bookbuilding,NSE SME,Corporate Professionals,2024,Share India Securities Ltd.,chittorgarh,21.0,chittorgarh,1.0,chittorgarh,4.5,chittorgarh,6.28,chittorgarh,240.0,chittorgarh,252.0,chittorgarh,240.0,chittorgarh,252.0,chittorgarh,"Payment of liability raised against outstanding payment of consideration for “Professional Services and Training Division” business acquired from J K Technosoft Limited, vide Business Transfer Agreement Dated April 30, 2022. | Working Capital Requirement | General Corporate Purposes | Issue Expenses",chittorgarh,22.0,chittorgarh,9.6,155.0,35.9,53.9,105.98,513.33,277.2,1191.0,30.0,95.5,69.97,95.0,True,1200.0,120000.0,-41.7,-2.0,65.0,-2.4,38.0,41.0,65.0,2.0,-2.0,2.0,0.0,-3.0,-2.0,0.3,-4.6,-2.6,4.0,2.0,19.0,0.0,19.0,23.0,16.0,37.0,56.0,-3.0,-8.0,-1.0,-7.32,-150.0,9.5,41.0,-3.0,Mar 2024,2.0,sharescart,sharescart,ipowatch,sharescart,DTL.NS,,isin_authoritative,ISIN→symbol from official NSE list,match,,Diensten Tech Ltd.,Diensten Tech Limited,match
INE0PMR01017,Akiko Global Services Ltd.,SME,AKIKO,,2024-06-25,2024-06-27,2024-07-02,77.0,23.11,Bookbuilding,NSE SME,Novus Capital,2024,Nikunj Stock Brokers Ltd.,chittorgarh,22.0,chittorgarh,1.0,chittorgarh,4.3,chittorgarh,6.58,chittorgarh,98.0,chittorgarh,98.0,chittorgarh,93.1,chittorgarh,93.35,chittorgarh,"Implementation of ERP Solution and TeleCRM | Mobile Application for financial product solution | To meet working capital requirements | Enhancing visibility and awareness of our brands, including but not limited to “Akiko Global” or “Moneyfair” | General Corporate Purpose | Issue Expenses",chittorgarh,23.0,chittorgarh,10.2,48.1,45.6,35.0,117.99,166.58,368.63,808.01,6.49,92.77,66.91,73.0,True,1600.0,123200.0,10.1,8.0,76.0,7.6,,,76.0,,,12.0,,,8.0,,,6.9,,,44.0,,,1.0,,,64.0,,,-27.0,,,,,,,0.0,sharescart,sharescart,investorgain,sharescart,AKIKO.NS,,isin_authoritative,ISIN→symbol from official NSE list,match,,Akiko Global Services Ltd.,Akiko Global Services Limited,match
INE0SCO01019,Divine Power Energy Ltd.,SME,DPEL,,2024-06-25,2024-06-27,2024-07-02,40.0,22.75,Bookbuilding,NSE SME,Khambatta Securities,2024,Nikunj Stock Brokers Ltd.,chittorgarh,22.0,chittorgarh,1.0,chittorgarh,4.3,chittorgarh,6.48,chittorgarh,155.0,chittorgarh,162.75,chittorgarh,147.25,chittorgarh,152.3,chittorgarh,Working Capital Requirement including margin money | General Corporate Purpose,chittorgarh,23.0,chittorgarh,135.8,473.7,507.9,393.7,1545.86,1617.35,4046.25,8959.93,152.5,100.0,,36.0,True,3000.0,120000.0,8.9,9.0,342.0,4.5,151.0,222.0,342.0,10.0,15.0,20.0,3.0,6.0,9.0,1.8,4.1,3.9,19.0,26.0,86.0,7.0,4.0,24.0,73.0,89.0,184.0,-4.0,-3.0,-19.0,2.7,23.08,0.15,222.0,6.0,Mar 2024,2.0,sharescart,sharescart,investorgain,,DPEL.NS,,isin_authoritative,ISIN→symbol from official NSE list,match,,Divine Power Energy Ltd.,Divine Power Energy Limited,match
INE998U01015,Petro Carbon & Chemicals Ltd.,SME,PCCL,,2024-06-25,2024-06-27,2024-07-02,171.0,113.16,Bookbuilding,NSE SME,GYR Capital,2024,Giriraj Stock Broking Pvt.Ltd.,chittorgarh,,,106.0,chittorgarh,93.8,chittorgarh,31.72,chittorgarh,300.0,chittorgarh,315.0,chittorgarh,285.0,chittorgarh,315.0,chittorgarh,Achieve the benefits of listing the Equity Shares on the Stock Exchanges,chittorgarh,113.0,chittorgarh,94.5,129.9,74.3,92.0,5346.29,2205.11,2944.34,10411.94,29.82,100.0,,162.0,True,800.0,136800.0,45.0,9.0,296.0,3.8,,,296.0,,,17.0,,,9.0,,,3.8,,,171.0,,,60.0,,,417.0,,,12.0,,,,,,,0.0,sharescart,sharescart,ipowatch,,PCCL.NS,,isin_authoritative,ISIN→symbol from official NSE list,match,,Petro Carbon & Chemicals Ltd.,Petro Carbon and Chemicals Limited,match
INE0T7B01010,Shivalic Power Control Ltd.,SME,SPCL,,2024-06-24,2024-06-26,2024-07-01,100.0,64.32,Bookbuilding,NSE SME,Corporate Capitalventures,2024,SS Corporate Securities Ltd.,chittorgarh,61.0,chittorgarh,3.0,chittorgarh,4.7,chittorgarh,18.29,chittorgarh,311.0,chittorgarh,326.55,chittorgarh,297.0,chittorgarh,326.55,chittorgarh,,,64.0,chittorgarh,170.3,436.4,230.1,257.2,5477.49,4210.1,5180.91,16545.68,170.0,96.63,70.86,95.0,True,1200.0,120000.0,18.2,12.0,132.0,5.5,82.0,102.0,132.0,13.0,20.0,20.0,7.0,11.0,12.0,4.2,6.3,5.2,25.0,41.0,113.0,9.0,5.0,4.0,58.0,90.0,129.0,4.0,-8.0,-9.0,10.78,26.83,0.12,102.0,11.0,Mar 2024,2.0,sharescart,sharescart,ipowatch,sharescart,SPCL.NS,,isin_authoritative,ISIN→symbol from official NSE list,match,,Shivalic Power Control Ltd.,Shivalic Power Control Limited,match
INE01IH01015,Sylvan Plyboard (India) Ltd.,SME,SYLVANPLY,,2024-06-24,2024-06-26,2024-07-01,55.0,28.05,Fixed Price,NSE SME,Finshore Management,2024,Black Fox Financial Pvt.Ltd.,chittorgarh,27.0,chittorgarh,1.0,chittorgarh,3.6,chittorgarh,,,66.0,chittorgarh,69.3,chittorgarh,62.7,chittorgarh,69.3,chittorgarh,Funding Capital Expenditure towards purchase of additional plant and machinery | Working Capital Requirements | Issue Related Expenses | General Corporate Expenses,chittorgarh,28.0,chittorgarh,,,,,,,,,49.09,,,,,,,,,,,,,,,,,,,,,,,,,,,,,,,,,,,,,,,,,,,,investorgain,,SYLVANPLY.NS,,isin_authoritative,ISIN→symbol from official NSE list,match,,Sylvan Plyboard (India) Ltd.,Sylvan Plyboard (India) Limited,match
INE0SH001010,Mason Infratech Ltd.,SME,MASON,,2024-06-24,2024-06-26,2024-07-01,64.0,30.46,Bookbuilding,NSE SME,Expert Global,2024,Globalworth Securities Ltd.,chittorgarh,29.0,chittorgarh,1.0,chittorgarh,3.3,chittorgarh,8.65,chittorgarh,88.0,chittorgarh,92.4,chittorgarh,83.6,chittorgarh,92.4,chittorgarh,To meet the working capital requirements | General Corporate Purpose,chittorgarh,30.0,chittorgarh,13.4,50.2,36.6,32.9,204.11,229.39,390.14,1001.96,23.44,98.2,71.6,62.0,True,2000.0,128000.0,6.6,17.0,112.0,9.7,,94.0,112.0,,19.0,28.0,,12.0,17.0,,9.1,9.7,,22.0,66.0,,5.0,16.0,,78.0,157.0,,16.0,8.0,12.77,54.55,0.23,94.0,12.0,Mar 2024,1.0,sharescart,sharescart,ipowatch,sharescart,MASON.NS,,isin_authoritative,ISIN→symbol from official NSE list,match,,Mason Infratech Ltd.,Mason Infratech Limited,match
INE0BHK01012,Visaman Global Sales Ltd.,SME,VISAMAN,,2024-06-24,2024-06-26,2024-07-01,43.0,16.05,Fixed Price,NSE SME,Shreni Shares,2024,Shreni Shares Ltd.,chittorgarh,15.0,chittorgarh,1.0,chittorgarh,6.2,chittorgarh,,,45.1,chittorgarh,47.35,chittorgarh,45.1,chittorgarh,47.35,chittorgarh,"Funding of capital expenditure requirements of the Company towards setting up of a manufacturing facility at Rajkot, Gujarat, India | Funding Working Capital Requirements of the Company | General corporate purposes",chittorgarh,16.0,chittorgarh,0.0,0.0,0.0,42.2,0.0,0.0,0.0,677.21,30.23,100.0,75.0,43.0,False,3000.0,129000.0,25.3,2.0,266.0,1.7,408.0,308.0,266.0,7.0,8.0,8.0,1.0,1.0,2.0,1.2,1.3,1.6,10.0,11.0,28.0,7.0,9.0,1.0,59.0,72.0,99.0,-1.0,6.0,15.0,0.32,9.09,0.82,308.0,1.0,Mar 2024,2.0,sharescart,sharescart,ipowatch,sharescart,VISAMAN.NS,,isin_authoritative,ISIN→symbol from official NSE list,match,,Visaman Global Sales Ltd.,Visaman Global Sales Limited,match
INE0PE401018,Medicamen Organics Ltd.,SME,MEDIORG,,2024-06-21,2024-06-25,2024-06-28,34.0,10.54,Bookbuilding,NSE SME,GYR Capital,2024,Giriraj Stock Broking Pvt.Ltd.,chittorgarh,10.0,chittorgarh,1.0,chittorgarh,9.1,chittorgarh,2.98,chittorgarh,137.85,chittorgarh,144.7,chittorgarh,130.95,chittorgarh,144.7,chittorgarh,Funding of expenses proposed to be incurred towards Product registration in the international markets | Plant updation and increase in production capacity | Funding working capital requirements of our Company | General corporate purpose,chittorgarh,11.0,chittorgarh,173.0,1343.8,1309.8,993.6,911.87,2124.6,4831.74,10472.12,14.71,100.0,42.49,32.0,True,4000.0,136000.0,9.2,4.0,38.0,3.7,,25.0,38.0,,6.0,7.0,,3.0,4.0,,3.1,3.5,,15.0,30.0,,0.0,0.0,,38.0,59.0,,-4.0,-5.0,12.0,20.0,0.0,25.0,3.0,Mar 2024,1.0,sharescart,sharescart,ipowatch,sharescart,MEDIORG.NS,,isin_authoritative,ISIN→symbol from official NSE list,match,,Medicamen Organics Ltd.,Medicamen Organics Limited,match
INE0S6R01027,Dindigul Farm Product Ltd.,SME,,544201.0,2024-06-20,2024-06-24,2024-06-27,54.0,34.83,Bookbuilding,BSE SME,Beeline Capital,2024,Spread X Securities Pvt.Ltd.,chittorgarh,33.0,chittorgarh,2.0,chittorgarh,5.7,chittorgarh,9.9,chittorgarh,102.6,chittorgarh,107.73,chittorgarh,102.6,chittorgarh,107.73,chittorgarh,Funding Capital Expenditure | Working Capital Requirements | General Corporate Purposes | Public Issue Expenses,chittorgarh,35.0,chittorgarh,145.6,280.1,201.4,202.4,2535.97,1463.17,2455.65,7047.85,125.93,80.66,59.36,51.0,True,2000.0,108000.0,-21.6,-6.0,62.0,-2.5,82.0,86.0,62.0,10.0,13.0,0.0,5.0,9.0,-6.0,3.6,4.9,-2.3,-16.0,10.0,35.0,20.0,15.0,16.0,29.0,53.0,64.0,6.0,-8.0,-12.0,10.47,90.0,1.5,86.0,9.0,Mar 2024,2.0,sharescart,sharescart,investorgain,sharescart,,544201.BO,isin_authoritative,ISIN→symbol from official BSE list,match,,Dindigul Farm Product Ltd.,Dindigul Farm Product Ltd,match
INE0S9101013,Winny Immigration & Education Services Ltd.,SME,WINNY,,2024-06-20,2024-06-24,2024-06-27,140.0,9.13,Fixed Price,NSE SME,Interactive Financial,2024,Aftertrade Broking Pvt.Ltd.,chittorgarh,9.0,chittorgarh,0.0,chittorgarh,0.0,chittorgarh,,,240.0,chittorgarh,252.0,chittorgarh,240.0,chittorgarh,252.0,chittorgarh,Opening of new offices in India | Software Development | Repayment of Debt | Branding and Advertisement | General corporate purposes,chittorgarh,9.0,chittorgarh,0.0,109.7,190.7,154.7,0.0,500.44,870.17,1411.83,55.0,100.0,62.21,140.0,False,1000.0,140000.0,-6.1,-5.0,8.0,-23.0,12.0,11.0,8.0,3.0,1.0,-6.0,1.0,0.0,-5.0,9.5,2.6,-21.3,2.0,2.0,6.0,0.0,0.0,0.0,6.0,5.0,6.0,0.0,1.0,-3.0,0.0,0.0,0.0,11.0,0.0,Mar 2024,2.0,sharescart,sharescart,investorgain,sharescart,WINNY.NS,,isin_authoritative,ISIN→symbol from official NSE list,match,,Winny Immigration & Education Services Ltd.,Winny Immigration & Education Services Limited,match
INE0RUJ01013,GEM Enviro Management Ltd.,SME,,544199.0,2024-06-19,2024-06-21,2024-06-26,75.0,44.93,Bookbuilding,BSE SME,Share India Capital,2024,Share India Securities Ltd.,chittorgarh,9.0,chittorgarh,34.0,chittorgarh,75.6,chittorgarh,12.7,chittorgarh,142.5,chittorgarh,149.62,chittorgarh,142.5,chittorgarh,149.62,chittorgarh,To Meet Working Capital Requirements | General corporate purposes,chittorgarh,45.0,chittorgarh,160.2,462.9,240.3,265.1,3599.18,3119.51,3777.88,11911.76,96.0,99.94,73.52,71.0,True,1600.0,120000.0,27.8,6.0,59.0,2.7,43.0,34.0,59.0,14.0,15.0,8.0,10.0,11.0,6.0,4.8,5.4,2.7,24.0,34.0,49.0,0.0,0.0,0.0,36.0,42.0,59.0,8.0,4.0,-9.0,32.35,32.35,0.0,34.0,11.0,Mar 2024,2.0,sharescart,sharescart,investorgain,sharescart,,544199.BO,isin_authoritative,ISIN→symbol from official BSE list,match,,GEM Enviro Management Ltd.,GEM Enviro Management Ltd,match
INE0OUW01013,Durlax Top Surface Ltd.,SME,DURLAX,,2024-06-19,2024-06-21,2024-06-26,68.0,40.8,Bookbuilding,NSE SME,Expert Global,2024,Globalworth Securities Ltd.,chittorgarh,27.0,chittorgarh,12.0,chittorgarh,29.3,chittorgarh,4.03,chittorgarh,109.0,chittorgarh,109.0,chittorgarh,103.55,chittorgarh,103.55,chittorgarh,Part finance to meet the working capital requirements | General corporate purposes,chittorgarh,41.0,chittorgarh,48.3,415.1,194.0,166.8,985.12,5927.06,1186.97,6805.03,22.06,95.44,60.35,65.0,True,2000.0,136000.0,14.2,7.0,123.0,4.8,67.0,91.0,123.0,8.0,10.0,16.0,2.0,4.0,7.0,1.7,3.2,4.5,17.0,22.0,58.0,17.0,21.0,7.0,77.0,106.0,115.0,4.0,-17.0,-7.0,4.4,18.18,0.95,91.0,4.0,Mar 2024,2.0,sharescart,sharescart,ipowatch,sharescart,DURLAX.NS,,isin_authoritative,ISIN→symbol from official NSE list,match,,Durlax Top Surface Ltd.,Durlax Top Surface Limited,match
INE0PQK01013,Falcon Technoprojects India Ltd.,SME,FALCONTECH,,2024-06-19,2024-06-21,2024-06-26,92.0,13.69,Fixed Price,NSE SME,Kunvarji Finstock,2024,Nikunj Stock Brokers Ltd.,chittorgarh,13.0,chittorgarh,1.0,chittorgarh,7.1,chittorgarh,,,84.0,chittorgarh,88.2,chittorgarh,82.0,chittorgarh,88.2,chittorgarh,Working Capital Requirements of our Company | General Corporate Purposes,chittorgarh,14.0,chittorgarh,0.0,45.0,82.7,65.3,0.0,308.15,566.2,894.2,8.7,100.0,70.66,92.0,False,1200.0,110400.0,41.8,1.0,26.0,2.2,17.0,11.0,26.0,2.0,2.0,2.0,1.0,1.0,1.0,2.7,2.2,2.2,3.0,9.0,23.0,8.0,3.0,0.0,22.0,21.0,39.0,-1.0,1.0,-9.0,9.09,11.11,0.33,11.0,1.0,Mar 2024,2.0,sharescart,sharescart,ipowatch,sharescart,FALCONTECH.NS,,isin_authoritative,ISIN→symbol from official NSE list,match,,Falcon Technoprojects India Ltd.,Falcon Technoprojects India Limited,match
INE0S7E01015,GP Eco Solutions India Ltd.,SME,GPECO,,2024-06-14,2024-06-19,2024-06-24,94.0,30.79,Bookbuilding,NSE SME,Corporate Capitalventures,2024,SS Corporate Securities Ltd.,chittorgarh,28.0,chittorgarh,3.0,chittorgarh,9.7,chittorgarh,8.3,chittorgarh,375.0,chittorgarh,393.75,chittorgarh,375.0,chittorgarh,393.75,chittorgarh,"To Meet Working Capital requirements of our Company “GP Eco Solutions” | Investment in our subsidiary, Invergy India Private Limited (“IIPL”) in relation to Purchase of Plant & Machineries and other Miscellaneous Assets; and also towards Construction / Civil Works for its facility | General Corporate Expenses",chittorgarh,31.0,chittorgarh,236.6,1824.9,793.2,856.2,3643.59,8429.37,8549.14,26366.47,192.55,100.0,36.7,90.0,True,1200.0,112800.0,10.6,10.0,246.0,8.9,103.0,138.0,246.0,6.0,12.0,18.0,3.0,7.0,10.0,4.0,8.7,8.9,7.0,23.0,65.0,1.0,4.0,3.0,48.0,64.0,162.0,3.0,-6.0,22.0,5.07,30.43,0.17,138.0,7.0,Mar 2024,2.0,sharescart,sharescart,investorgain,sharescart,GPECO.NS,,isin_authoritative,ISIN→symbol from official NSE list,match,,GP Eco Solutions India Ltd.,GP Eco Solutions India Limited,match
INE0S0I01011,United Cotfab Ltd.,SME,,544195.0,2024-06-13,2024-06-19,2024-06-24,70.0,36.29,Fixed Price,BSE SME,Beeline Capital,2024,Spread X Securities Pvt.Ltd.,chittorgarh,34.0,chittorgarh,2.0,chittorgarh,5.6,chittorgarh,,,75.0,chittorgarh,78.75,chittorgarh,75.0,chittorgarh,78.75,chittorgarh,To Meet Working Capital Requirements | General Corporate Purposes | Public Issue Expenses,chittorgarh,36.0,chittorgarh,0.0,114.7,77.2,107.2,0.0,2081.3,1401.08,3888.62,21.43,84.38,73.25,70.0,False,2000.0,140000.0,41.2,3.0,125.0,1.7,,40.0,125.0,,7.0,10.0,,2.0,3.0,,1.6,1.6,,14.0,51.0,,40.0,28.0,,82.0,108.0,,3.0,-18.0,5.0,14.29,2.86,40.0,2.0,Mar 2024,1.0,sharescart,sharescart,ipowatch,sharescart,,544195.BO,isin_authoritative,ISIN→symbol from official BSE list,match,,United Cotfab Ltd.,United Cotfab Ltd,match
INE0QUV01010,Sattrix Information Security Ltd.,SME,,544189.0,2024-06-05,2024-06-07,2024-06-12,121.0,21.78,Fixed Price,BSE SME,ISK Advisors,2024,Sunflower Broking Pvt.Ltd.,chittorgarh,21.0,chittorgarh,1.0,chittorgarh,4.5,chittorgarh,,,150.0,chittorgarh,157.5,chittorgarh,142.5,chittorgarh,157.5,chittorgarh,"Capital Expenditure: (a) To meet out expenses for Purchasing Furniture, fixture & air conditioning for new office at Ahmedabad | Capital Expenditure: (b) To purchase and Installation of IT equipment, computer hardware, server, SAN storage, CCTV cameras, video conferencing equipment, networking (LAN) and other equipment | Business Expansion Cost : (a) Development of New Product & Technology | Business Expansion Cost : (b) Other business expansion cost | Additional Working Capital Requirement | General Corporate Purpose",chittorgarh,22.0,chittorgarh,0.0,87.9,37.8,70.4,0.0,957.01,411.21,1534.18,16.53,56.67,33.96,121.0,False,1000.0,121000.0,19.2,4.0,45.0,6.3,35.0,40.0,45.0,6.0,3.0,7.0,4.0,2.0,4.0,7.5,3.6,6.0,12.0,14.0,37.0,0.0,0.0,0.0,27.0,24.0,54.0,4.0,11.0,-7.0,5.0,14.29,0.0,40.0,2.0,Mar 2024,2.0,sharescart,sharescart,ipowatch,sharescart,,544189.BO,isin_authoritative,ISIN→symbol from official BSE list,match,,Sattrix Information Security Ltd.,Sattrix Information Security Ltd,match
INE0QZ901011,Magenta Lifecare Ltd.,SME,,544188.0,2024-06-05,2024-06-07,2024-06-12,35.0,7.0,Fixed Price,BSE SME,Fedex Securities,2024,Sunflower Broking Pvt.Ltd.,chittorgarh,7.0,chittorgarh,0.0,chittorgarh,0.0,chittorgarh,,,45.0,chittorgarh,47.25,chittorgarh,45.0,chittorgarh,47.25,chittorgarh,Funding our working capital requirements | General corporate purposes,chittorgarh,7.0,chittorgarh,0.0,1145.8,778.4,983.2,0.0,4010.23,2724.43,6882.33,71.43,84.06,59.59,35.0,False,4000.0,140000.0,350.0,0.0,10.0,0.1,9.0,9.0,10.0,1.0,2.0,1.0,0.0,1.0,0.0,0.5,1.5,0.1,5.0,7.0,14.0,1.0,1.0,0.0,13.0,13.0,18.0,2.0,-1.0,-4.0,11.11,14.29,0.14,9.0,1.0,Mar 2024,2.0,sharescart,sharescart,ipowatch,sharescart,,544188.BO,isin_authoritative,ISIN→symbol from official BSE list,match,,Magenta Lifecare Ltd.,Magenta Lifecare Ltd,match
INE0R7D01018,3C IT Solutions & Telecoms (India) Ltd.,SME,,544190.0,2024-06-04,2024-06-07,2024-06-12,52.0,11.44,Fixed Price,BSE SME,Kreo Capital,2024,Shreni Shares Ltd.,chittorgarh,8.0,chittorgarh,3.0,chittorgarh,27.3,chittorgarh,,,43.01,chittorgarh,45.16,chittorgarh,43.01,chittorgarh,45.16,chittorgarh,Funding Working Capital Requirements of our Company | Repayment/ Prepayment of Certain Borrowings availed by our Company | General Corporate Purpose,chittorgarh,11.0,chittorgarh,,,,,,,,,,,,,,,,,,,,,,,,,,,,,,,,,,,,,,,,,,,,,,,,,,,,,,,,544190.BO,isin_authoritative,ISIN→symbol from official BSE list,match,,3C IT Solutions & Telecoms (India) Ltd.,3C IT Solutions and Telecoms (India) Ltd,match
INE0N2D01013,TBI Corn Ltd.,SME,TBI,,2024-05-31,2024-06-04,2024-06-07,94.0,44.94,Bookbuilding,NSE SME,Swastika Investmart,2024,SS Corporate Securities Ltd.,chittorgarh,43.0,chittorgarh,2.0,chittorgarh,4.4,chittorgarh,12.77,chittorgarh,198.0,chittorgarh,207.9,chittorgarh,198.0,chittorgarh,207.9,chittorgarh,Expansion of Existing Unit | To Meet Incremental Working Capital Requirements | General Corporate Purpose,chittorgarh,45.0,chittorgarh,81.4,516.5,523.3,231.2,1829.28,3481.73,8230.83,10390.58,101.06,100.0,59.81,90.0,True,1200.0,112800.0,12.5,14.0,212.0,7.5,,158.0,212.0,,19.0,26.0,,10.0,14.0,,7.6,7.5,,43.0,101.0,,9.0,5.0,,102.0,180.0,,-3.0,-30.0,6.33,23.26,0.21,158.0,10.0,Mar 2024,1.0,sharescart,sharescart,ipowatch,sharescart,TBI.NS,,isin_authoritative,ISIN→symbol from official NSE list,match,,TBI Corn Ltd.,TBI Corn Limited,match
INE0RUV01018,Aimtron Electronics Ltd.,SME,AIMTRON,,2024-05-30,2024-06-03,2024-06-06,161.0,87.02,Bookbuilding,NSE SME,Hem Securities,2024,Hem Finlease Pvt.Ltd.,chittorgarh,82.0,chittorgarh,5.0,chittorgarh,5.7,chittorgarh,24.73,chittorgarh,241.0,chittorgarh,253.05,chittorgarh,240.1,chittorgarh,253.05,chittorgarh,"Repayment in full or in part, of certain of the outstanding borrowings; | Funding Capital Expenditure towards installation of additional plant and machinery | Funding to meet working capital requirements | General Corporate Purpose",chittorgarh,87.0,chittorgarh,69.9,202.7,71.6,99.2,3042.56,2646.28,2181.26,8635.59,31.06,100.0,,153.0,True,800.0,128800.0,12.3,26.0,159.0,13.1,,93.0,159.0,,25.0,37.0,,14.0,26.0,,9.1,12.6,,52.0,155.0,,12.0,0.0,,93.0,230.0,,7.0,-19.0,15.05,26.92,0.23,93.0,14.0,Mar 2024,1.0,sharescart,sharescart,ipowatch,,AIMTRON.NS,,isin_authoritative,ISIN→symbol from official NSE list,match,,Aimtron Electronics Ltd.,Aimtron Electronics Limited,match
INE0RIQ01013,Associated Coaters Ltd.,SME,,544183.0,2024-05-30,2024-06-03,2024-06-06,121.0,5.11,Fixed Price,BSE SME,Gretex Corporate,2024,Gretex Share Broking Pvt.Ltd.,chittorgarh,4.0,chittorgarh,1.0,chittorgarh,20.0,chittorgarh,,,142.0,chittorgarh,149.1,chittorgarh,134.9,chittorgarh,134.9,chittorgarh,Funding Capital Expenditure towards installation of Plant & Machinery in our existing premises | Working Capital Requirements | General Corporate Purposes,chittorgarh,5.0,chittorgarh,0.0,239.6,495.0,371.1,0.0,611.8,1263.76,1895.12,17.36,100.0,55.24,121.0,False,1000.0,121000.0,15.3,1.0,6.0,7.9,4.0,5.0,6.0,1.0,2.0,2.0,1.0,1.0,1.0,5.9,10.6,7.9,1.0,2.0,7.0,1.0,0.0,0.0,3.0,5.0,9.0,1.0,1.0,-0.0,20.0,50.0,0.0,5.0,1.0,Mar 2024,2.0,sharescart,sharescart,ipowatch,sharescart,,544183.BO,isin_authoritative,ISIN→symbol from official BSE list,match,,Associated Coaters Ltd.,Associated Coaters Ltd,match
INE0ISZ01012,Z-Tech (India) Ltd.,SME,ZTECH,,2024-05-29,2024-05-31,2024-06-05,110.0,37.3,Bookbuilding,NSE SME,Narnolia Financial,2024,NVS Brokerage Pvt.Ltd.,chittorgarh,35.0,chittorgarh,2.0,chittorgarh,5.4,chittorgarh,10.61,chittorgarh,100.0,chittorgarh,105.0,chittorgarh,99.2,chittorgarh,105.0,chittorgarh,Working Capital Requirement | General Corporate Purposes | Issue Expenses,chittorgarh,37.0,chittorgarh,123.1,832.4,315.6,371.4,2296.01,4657.51,4120.38,13854.04,24.55,82.65,60.75,104.0,True,1200.0,132000.0,6.5,20.0,94.0,17.0,26.0,67.0,94.0,3.0,12.0,28.0,2.0,8.0,20.0,2.2,9.0,14.1,10.0,22.0,171.0,0.0,1.0,2.0,23.0,42.0,207.0,0.0,0.0,-91.0,11.94,36.36,0.05,67.0,8.0,Mar 2024,2.0,sharescart,sharescart,investorgain,sharescart,ZTECH.NS,,isin_authoritative,ISIN→symbol from official NSE list,match,,Z-Tech (India) Ltd.,Z-Tech (India) Limited,match
INE639X01027,Beacon Trusteeship Ltd.,SME,BEACON,,2024-05-28,2024-05-30,2024-06-04,60.0,32.52,Bookbuilding,NSE SME,Beeline Capital,2024,Spread X Securities Pvt.Ltd.,chittorgarh,22.0,chittorgarh,9.0,chittorgarh,27.3,chittorgarh,9.25,chittorgarh,90.0,chittorgarh,94.5,chittorgarh,85.6,chittorgarh,94.5,chittorgarh,"Building Up Technology Infrastructure for the existing business. | Investment in Wholly owned subsidiary i.e. Beacon Investor Holdings Private Limited, to commence the services of Depository Participant and Registrar & Share Transfer Agent | Purchase of new offices premises | General Corporate Purpose",chittorgarh,33.0,chittorgarh,163.9,779.4,502.5,465.2,2664.36,3801.82,5719.34,15128.3,66.67,67.88,46.14,57.0,True,2000.0,120000.0,20.0,5.0,26.0,3.0,15.0,20.0,26.0,6.0,8.0,8.0,4.0,5.0,5.0,2.8,3.7,3.0,14.0,19.0,45.0,0.0,0.0,0.0,23.0,27.0,52.0,-1.0,6.0,-4.0,25.0,26.32,0.0,20.0,5.0,Mar 2024,2.0,sharescart,sharescart,ipowatch,sharescart,BEACON.NS,,isin_authoritative,ISIN→symbol from official NSE list,match,,Beacon Trusteeship Ltd.,Beacon Trusteeship Limited,match
INE0AZY01017,Vilas Transcore Ltd.,SME,VILAS,,2024-05-27,2024-05-29,2024-06-03,147.0,95.26,Bookbuilding,NSE SME,Hem Securities,2024,Hem Finlease Pvt.Ltd.,chittorgarh,90.0,chittorgarh,5.0,chittorgarh,5.3,chittorgarh,27.12,chittorgarh,215.0,chittorgarh,225.75,chittorgarh,204.25,chittorgarh,225.75,chittorgarh,Funding for strategic investment and acquisitions | Funding Capital Expenditure towards construction of factory building | Funding capital expenditure towards acquisition and installation of additional plant and machinery | General Corporate Purposes,chittorgarh,95.0,chittorgarh,114.6,449.2,151.4,204.8,5460.07,6418.49,5048.28,19505.57,51.02,84.3,63.6,139.0,True,1000.0,147000.0,10.1,34.0,353.0,14.6,283.0,310.0,353.0,31.0,35.0,53.0,20.0,23.0,34.0,11.2,12.8,14.0,137.0,159.0,288.0,0.0,0.0,0.0,189.0,201.0,360.0,13.0,49.0,-35.0,7.42,14.47,0.0,310.0,23.0,Mar 2024,2.0,sharescart,sharescart,ipowatch,sharescart,VILAS.NS,,isin_authoritative,ISIN→symbol from official NSE list,match,,Vilas Transcore Ltd.,Vilas Transcore Limited,match
INE0SQY01018,GSM Foils Ltd.,SME,GSMFOILS,,2024-05-24,2024-05-28,2024-05-31,32.0,11.01,Fixed Price,NSE SME,Shreni Shares,2024,Shreni Shares Ltd.,chittorgarh,10.0,chittorgarh,1.0,chittorgarh,9.1,chittorgarh,,,32.0,chittorgarh,33.6,chittorgarh,30.5,chittorgarh,33.6,chittorgarh,Funding of capital expenditure towards purchase of Plant and Machineries | Funding Working Capital Requirements of the Company | General Corporate Purpose,chittorgarh,11.0,chittorgarh,0.0,259.5,247.1,257.3,0.0,1428.34,1360.04,2832.36,15.62,99.99,73.14,32.0,False,4000.0,128000.0,4.3,10.0,134.0,7.5,,41.0,134.0,,3.0,15.0,,1.0,10.0,,1.5,7.5,,11.0,31.0,,1.0,0.0,,20.0,61.0,,-13.0,-18.0,2.44,9.09,0.09,41.0,1.0,Mar 2024,1.0,sharescart,sharescart,ipowatch,sharescart,GSMFOILS.NS,,isin_authoritative,ISIN→symbol from official NSE list,match,,GSM Foils Ltd.,GSM Foils Limited,match
INE0R7301013,Rulka Electricals Ltd.,SME,RULKA,,2024-05-16,2024-05-21,2024-05-24,235.0,26.4,Bookbuilding,NSE SME,Beeline Capital,2024,Sunflower Broking Pvt.Ltd.,chittorgarh,18.0,chittorgarh,7.0,chittorgarh,26.9,chittorgarh,7.5,chittorgarh,525.0,chittorgarh,551.25,chittorgarh,498.75,chittorgarh,498.75,chittorgarh,To Meet Working Capital Requirement | General corporate purposes,chittorgarh,26.0,chittorgarh,0.0,0.0,0.0,0.0,162.49,306.56,327.32,797.4,174.47,79.6,62.57,160.0,True,1600.0,272000.0,16.5,10.0,175.0,10.3,66.0,87.0,175.0,4.0,9.0,19.0,2.0,5.0,10.0,3.7,5.3,10.1,10.0,14.0,41.0,3.0,6.0,0.0,51.0,66.0,107.0,3.0,8.0,0.0,5.71,24.39,0.0,175.0,10.0,Mar 2025,3.0,sharescart,sharescart,investorgain,sharescart,RULKA.NS,,isin_authoritative,ISIN→symbol from official NSE list,match,,Rulka Electricals Ltd.,Rulka Electricals Limited,match
INE0S6S01017,HOAC Foods India Ltd.,SME,HOACFOODS,,2024-05-16,2024-05-21,2024-05-24,48.0,5.54,Fixed Price,NSE SME,GYR Capital,2024,Giriraj Stock Broking Pvt.Ltd.,chittorgarh,5.0,chittorgarh,1.0,chittorgarh,16.7,chittorgarh,,,147.0,chittorgarh,147.0,chittorgarh,139.65,chittorgarh,139.65,chittorgarh,Funding the working capital requirements of the company | General Corporate Purpose,chittorgarh,6.0,chittorgarh,0.0,1432.6,2556.5,2013.6,0.0,3971.17,7086.51,11163.62,302.08,100.0,27.55,48.0,False,3000.0,144000.0,7.1,2.0,26.0,6.8,,0.0,26.0,,0.0,4.0,,0.0,2.0,,0.0,6.5,,0.0,11.0,,0.0,1.0,,0.0,20.0,,0.0,-1.0,,,,0.0,0.0,Mar 2024,1.0,sharescart,sharescart,investorgain,sharescart,HOACFOODS.NS,,isin_authoritative,ISIN→symbol from official NSE list,match,,HOAC Foods India Ltd.,Hoac Foods India Limited,match
INE0TNW01017,Quest Laboratories Ltd.,SME,QUESTLAB,,2024-05-15,2024-05-17,2024-05-23,97.0,43.16,Bookbuilding,NSE SME,Shreni Shares,2024,Rikhav Securities Ltd.,chittorgarh,41.0,chittorgarh,2.0,chittorgarh,4.7,chittorgarh,11.99,chittorgarh,155.1,chittorgarh,159.0,chittorgarh,147.35,chittorgarh,147.35,chittorgarh,Funding of capital expenditure towards purchase of plant and machineries for expansion at the existing manufacturing facility | Funding Working Capital Requirements of the Company | General corporate purposes,chittorgarh,43.0,chittorgarh,57.2,184.1,57.6,85.3,1234.41,1191.89,870.58,3679.92,20.62,91.57,65.99,93.0,True,1200.0,116400.0,11.7,14.0,104.0,8.3,62.0,83.0,104.0,8.0,16.0,20.0,5.0,10.0,14.0,4.7,8.5,8.3,15.0,29.0,82.0,2.0,1.0,1.0,47.0,61.0,122.0,4.0,3.0,-23.0,12.05,34.48,0.03,83.0,10.0,Mar 2024,2.0,sharescart,sharescart,ipowatch,sharescart,QUESTLAB.NS,,isin_authoritative,ISIN→symbol from official NSE list,match,,Quest Laboratories Ltd.,Quest Laboratories Limited,match
INE0RRU01016,Indian Emulsifiers Ltd.,SME,IEML,,2024-05-13,2024-05-16,2024-05-22,132.0,42.39,Bookbuilding,NSE SME,Ekadrisht Capital,2024,SS Corporate Securities Ltd.,chittorgarh,40.0,chittorgarh,2.0,chittorgarh,4.8,chittorgarh,12.01,chittorgarh,430.0,chittorgarh,451.5,chittorgarh,410.0,chittorgarh,451.5,chittorgarh,"Funding of capital expenditure requirements of the Company towards purchase of Plant & Machinery, Civil work and installation cost thereon | Funding Working Capital Requirements of the Company | General Corporate Purposes",chittorgarh,42.0,chittorgarh,176.0,779.6,484.7,460.1,3728.84,4956.72,7189.84,19500.16,181.82,98.13,78.43,125.0,True,1000.0,132000.0,11.6,13.0,101.0,11.4,,67.0,101.0,,15.0,21.0,,9.0,13.0,,9.8,10.9,,28.0,82.0,,13.0,7.0,,64.0,117.0,,0.0,-17.0,13.43,32.14,0.46,67.0,9.0,Mar 2024,1.0,sharescart,sharescart,investorgain,sharescart,IEML.NS,,isin_authoritative,ISIN→symbol from official NSE list,match,,Indian Emulsifiers Ltd.,Indian Emulsifiers Limited,match
INE0R3T01013,Mandeep Auto Industries Ltd.,SME,MANDEEP,,2024-05-13,2024-05-15,2024-05-21,67.0,25.25,Fixed Price,NSE SME,Jawa Capital,2024,Aftertrade Broking Pvt.Ltd.,chittorgarh,24.0,chittorgarh,1.0,chittorgarh,4.0,chittorgarh,,,62.25,chittorgarh,65.35,chittorgarh,59.15,chittorgarh,65.35,chittorgarh,"Expansion of the existing Manufacturing Facility located at Plot No 26, Nangla, Faridabad Haryana - 121001 by construction of the building on the land adjacent to our existing manufacturing unit, purchase of equipment/machineries, etc. | Repayment/prepayment of certain borrowings availed by our Company | Funding working capital requirements | General Corporate Purpose",chittorgarh,25.0,chittorgarh,0.0,61.5,90.6,77.2,0.0,776.81,1143.25,1949.72,14.93,100.0,86.36,67.0,False,2000.0,134000.0,47.9,1.0,32.0,1.4,,25.0,32.0,,4.0,2.0,,2.0,1.0,,3.2,1.4,,9.0,34.0,,5.0,2.0,,24.0,40.0,,-11.0,-7.0,8.0,22.22,0.56,25.0,2.0,Mar 2024,1.0,sharescart,sharescart,ipowatch,sharescart,MANDEEP.NS,,isin_authoritative,ISIN→symbol from official NSE list,match,,Mandeep Auto Industries Ltd.,Mandeep Auto Industries Limited,match
INE0SRI01019,Veritaas Advertising Ltd.,SME,VERITAAS,,2024-05-13,2024-05-15,2024-05-21,114.0,8.48,Bookbuilding,NSE SME,Horizon Management,2024,Horizon Financial Consultants Pvt.Ltd.,chittorgarh,8.0,chittorgarh,0.0,chittorgarh,0.0,chittorgarh,1.98,chittorgarh,275.0,chittorgarh,288.75,chittorgarh,261.25,chittorgarh,261.25,chittorgarh,"Funding the capital expenditure towards setting up of new Police Booths in West Bengal, Assam, Maharashtra and Delhi | Funding the capital expenditure in Pole Kiosks for setting up of traffic signal point display in Kolkata, Mumbai and Pune | General corporate purposes",chittorgarh,8.0,chittorgarh,102.4,629.6,989.4,621.6,434.3,800.95,2937.21,5272.33,8.77,88.74,88.74,109.0,True,1200.0,136800.0,21.9,1.0,15.0,5.2,8.0,10.0,15.0,1.0,3.0,4.0,0.0,2.0,1.0,2.3,8.2,5.2,1.0,4.0,12.0,0.0,1.0,1.0,5.0,10.0,23.0,0.0,-0.0,-1.0,20.0,50.0,0.25,10.0,2.0,Mar 2024,2.0,sharescart,sharescart,ipowatch,sharescart,VERITAAS.NS,,isin_authoritative,ISIN→symbol from official NSE list,match,,Veritaas Advertising Ltd.,Veritaas Advertising Limited,match
INE0QRV01016,ABS Marine Services Ltd.,SME,ABSMARINE,,2024-05-10,2024-05-15,2024-05-21,147.0,96.29,Bookbuilding,NSE SME,GYR Capital,2024,Giriraj Stock Broking Pvt.Ltd. Commodity Mandi Pvt.Ltd.,chittorgarh,90.0,chittorgarh,6.0,chittorgarh,6.2,chittorgarh,27.06,chittorgarh,294.0,chittorgarh,304.0,chittorgarh,279.3,chittorgarh,279.3,chittorgarh,Acquistion of offshore vessel | Funding the working capital requirements of the Company | General corporate purposes,chittorgarh,96.0,chittorgarh,109.3,270.9,110.2,144.4,5261.98,3913.12,3715.06,13907.41,8.84,86.5,63.42,140.0,True,1000.0,147000.0,12.9,27.0,180.0,11.4,112.0,135.0,180.0,30.0,45.0,55.0,10.0,25.0,27.0,5.3,13.1,11.1,94.0,117.0,230.0,29.0,27.0,139.0,171.0,175.0,424.0,5.0,11.0,45.0,18.52,21.37,0.23,135.0,25.0,Mar 2024,2.0,sharescart,sharescart,ipowatch,sharescart,ABSMARINE.NS,,isin_authoritative,ISIN→symbol from official NSE list,match,,ABS Marine Services Ltd.,ABS Marine Services Limited,match
INE0CFG01012,Premier Roadlines Ltd.,SME,PRLIND,,2024-05-10,2024-05-14,2024-05-17,67.0,40.36,Bookbuilding,NSE SME,Hem Securities,2024,Hem Finlease Pvt.Ltd.,chittorgarh,38.0,chittorgarh,2.0,chittorgarh,5.0,chittorgarh,11.48,chittorgarh,87.0,chittorgarh,91.35,chittorgarh,87.0,chittorgarh,91.35,chittorgarh,"Repayment and/or pre-payment, in full or part, of certain borrowings availed by the Compan | Purchase of vehicle for commercial purpose | Working Capital Requirement | General Corporate Purposes",chittorgarh,40.0,chittorgarh,90.0,180.3,106.5,117.6,1815.23,1091.26,1504.45,4745.22,14.93,100.0,75.94,63.0,True,2000.0,134000.0,9.4,16.0,289.0,7.1,,,289.0,,,24.0,,,16.0,,,6.9,,,89.0,,,10.0,,,145.0,,,-16.0,,,,,,,0.0,sharescart,sharescart,ipowatch,sharescart,PRLIND.NS,,isin_authoritative,ISIN→symbol from official NSE list,match,,Premier Roadlines Ltd.,Premier Roadlines Limited,match
INE0SCB01016,Aztec Fluids & Machinery Ltd.,SME,,544177.0,2024-05-10,2024-05-14,2024-05-17,67.0,24.12,Bookbuilding,BSE SME,Hem Securities,2024,Hem Finlease Pvt.Ltd.,chittorgarh,23.0,chittorgarh,1.0,chittorgarh,4.2,chittorgarh,6.85,chittorgarh,90.0,chittorgarh,90.0,chittorgarh,85.5,chittorgarh,85.5,chittorgarh,Funding of the proposed acquisition of equity shares of Jet Inks Private Limited | Repayment of a portion of certain borrowing availed by the Company | General Corporate Purposes,chittorgarh,24.0,chittorgarh,107.9,341.9,228.4,218.4,1301.64,1237.14,1928.41,5267.33,37.31,100.0,,63.0,True,2000.0,134000.0,11.6,8.0,88.0,5.8,,,88.0,,,13.0,,,8.0,,,5.6,,,50.0,,,1.0,,,88.0,,,6.0,,,,,,,0.0,sharescart,sharescart,ipowatch,,,544177.BO,isin_authoritative,ISIN→symbol from official BSE list,match,,Aztec Fluids & Machinery Ltd.,Aztec Fluids & Machinery Ltd,match
INE0R4W01015,Piotex Industries Ltd.,SME,,544178.0,2024-05-10,2024-05-14,2024-05-17,94.0,14.47,Fixed Price,BSE SME,Beeline Capital,2024,Spread X Securities Pvt.Ltd.,chittorgarh,14.0,chittorgarh,0.0,chittorgarh,0.0,chittorgarh,,,109.0,chittorgarh,114.45,chittorgarh,108.1,chittorgarh,114.3,chittorgarh,Funding the Working Capital Requirement | General Corporate Expenses,chittorgarh,14.0,chittorgarh,0.0,115.2,93.3,107.4,0.0,833.67,675.35,1554.9,26.6,100.0,69.83,94.0,False,1200.0,112800.0,13.6,3.0,134.0,6.9,86.0,118.0,134.0,5.0,4.0,5.0,3.0,3.0,3.0,11.7,8.4,6.6,4.0,9.0,26.0,4.0,3.0,0.0,18.0,36.0,32.0,-1.0,-2.0,-8.0,2.54,33.33,0.33,118.0,3.0,Mar 2024,2.0,sharescart,sharescart,ipowatch,sharescart,,544178.BO,isin_authoritative,ISIN→symbol from official BSE list,match,,Piotex Industries Ltd.,Piotex Industries Ltd,match
INE0S1L01013,Energy-Mission Machineries (India) Ltd.,SME,EMMIL,,2024-05-09,2024-05-13,2024-05-16,138.0,41.15,Bookbuilding,NSE SME,Hem Securities,2024,Hem Finlease Pvt.Ltd.,chittorgarh,39.0,chittorgarh,2.0,chittorgarh,4.9,chittorgarh,11.72,chittorgarh,366.0,chittorgarh,384.3,chittorgarh,350.3,chittorgarh,384.25,chittorgarh,"Funding of capital expenditure towards civil construction work at existing manufacturing unit located at Sanand, District Ahmedabad, Gujarat | Funding of capital expenditure towards installation of new plant & machineries | To meet working capital requirements | General Corporate Purpose",chittorgarh,41.0,chittorgarh,,,,,,,,,94.2,,,,,,,,,,,,,,,,,,,,,,,,,,,,,,,,,,,,,,,,,,,,investorgain,,EMMIL.NS,,isin_authoritative,ISIN→symbol from official NSE list,match,,Energy-Mission Machineries (India) Ltd.,Energy Mission Machineries (India) Limited,match
INE0SMU01015,TGIF Agribusiness Ltd.,SME,,544175.0,2024-05-08,2024-05-10,2024-05-15,93.0,6.39,Fixed Price,BSE SME,Hem Securities,2024,Hem Finlease Pvt.Ltd.,chittorgarh,6.0,chittorgarh,0.0,chittorgarh,0.0,chittorgarh,,,150.0,chittorgarh,156.8,chittorgarh,142.5,chittorgarh,142.5,chittorgarh,Purchase of agricultural equipments & irrigation system | To meet Working Capital requirements | General Corporate Purpose,chittorgarh,6.0,chittorgarh,0.0,35.4,32.9,37.1,0.0,113.03,105.26,237.43,32.26,100.0,52.76,93.0,False,1200.0,111600.0,13.9,2.0,3.0,6.7,,2.0,3.0,,1.0,2.0,,1.0,2.0,,3.5,6.7,,3.0,11.0,,0.0,0.0,,3.0,11.0,,1.0,1.0,50.0,33.33,0.0,2.0,1.0,Mar 2024,1.0,sharescart,sharescart,ipowatch,sharescart,,544175.BO,isin_authoritative,ISIN→symbol from official BSE list,match,,TGIF Agribusiness Ltd.,TGIF Agribusiness Ltd,match
INE0STN01015,Silkflex Polymers (India) Ltd.,SME,SILKFLEX,,2024-05-07,2024-05-10,2024-05-15,52.0,18.11,Fixed Price,NSE SME,Shreni Shares,2024,Shreni Shares Ltd.,chittorgarh,17.0,chittorgarh,1.0,chittorgarh,5.6,chittorgarh,,,60.0,chittorgarh,63.0,chittorgarh,57.0,chittorgarh,58.7,chittorgarh,Acquisition of land | Funding of capital expenditure requirements of the Company towards purchase of Plant and Machineries | Funding Working Capital Requirements of the Company | General corporate purposes,chittorgarh,18.0,chittorgarh,0.0,36.6,36.0,39.3,0.0,331.26,325.64,711.58,28.85,95.24,60.8,52.0,False,2000.0,104000.0,8.3,7.0,80.0,6.3,44.0,50.0,80.0,3.0,7.0,12.0,1.0,4.0,7.0,1.0,4.8,6.0,8.0,12.0,36.0,2.0,1.0,17.0,24.0,38.0,83.0,-1.0,9.0,-30.0,8.0,33.33,0.08,50.0,4.0,Mar 2024,2.0,sharescart,sharescart,investorgain,sharescart,SILKFLEX.NS,,isin_authoritative,ISIN→symbol from official NSE list,match,,Silkflex Polymers (India) Ltd.,Silkflex Polymers (India) Limited,match
INE0QOQ01013,Finelistings Technologies Ltd.,SME,,544173.0,2024-05-07,2024-05-09,2024-05-14,123.0,13.53,Fixed Price,BSE SME,Fedex Securities,2024,Rikhav Securities Ltd.,chittorgarh,13.0,chittorgarh,1.0,chittorgarh,7.1,chittorgarh,,,127.0,chittorgarh,133.35,chittorgarh,127.0,chittorgarh,133.35,chittorgarh,Purchase of Software | To meet working capital requirements | General corporate purposes,chittorgarh,14.0,chittorgarh,0.0,29.9,39.0,37.4,0.0,201.94,263.56,506.56,16.26,71.65,49.98,123.0,False,1000.0,123000.0,-11.8,-4.0,19.0,-10.4,14.0,14.0,19.0,3.0,3.0,-3.0,2.0,2.0,-4.0,1.4,6.8,-10.4,3.0,5.0,14.0,0.0,0.0,0.0,10.0,8.0,15.0,-1.0,1.0,-8.0,14.29,40.0,0.0,14.0,2.0,Mar 2024,2.0,sharescart,sharescart,ipowatch,sharescart,,544173.BO,isin_authoritative,ISIN→symbol from official BSE list,match,,Finelistings Technologies Ltd.,Finelistings Technologies Ltd,match
INE0S3D01016,Winsol Engineers Ltd.,SME,WINSOL,,2024-05-06,2024-05-09,2024-05-14,75.0,23.36,Bookbuilding,NSE SME,Beeline Capital,2024,Spread X Securities Pvt.Ltd.,chittorgarh,22.0,chittorgarh,1.0,chittorgarh,4.3,chittorgarh,6.62,chittorgarh,365.0,chittorgarh,383.25,chittorgarh,362.0,chittorgarh,383.25,chittorgarh,Working Capital Requirements | General Corporate Purposes | Total,chittorgarh,23.0,chittorgarh,207.2,1087.8,780.2,682.1,2420.86,3812.34,6379.6,15937.52,80.0,100.0,45.55,71.0,True,1600.0,120000.0,7.4,12.0,111.0,10.2,65.0,78.0,111.0,8.0,13.0,18.0,5.0,9.0,12.0,6.1,10.8,10.2,9.0,18.0,49.0,3.0,2.0,4.0,29.0,41.0,86.0,-0.0,3.0,-24.0,11.54,50.0,0.11,78.0,9.0,Mar 2024,2.0,sharescart,sharescart,ipowatch,sharescart,WINSOL.NS,,isin_authoritative,ISIN→symbol from official NSE list,match,,Winsol Engineers Ltd.,Winsol Engineers Limited,match
INE0TNX01015,Refractory Shapes Ltd.,SME,REFRACTORY,,2024-05-06,2024-05-09,2024-05-14,31.0,18.6,Bookbuilding,NSE SME,Shreni Shares,2024,Shreni Shares Ltd.,chittorgarh,18.0,chittorgarh,1.0,chittorgarh,5.3,chittorgarh,5.27,chittorgarh,75.0,chittorgarh,78.75,chittorgarh,75.0,chittorgarh,78.75,chittorgarh,"Funding of Capital expenditure towards civil construction required for Expansion of existing manufacturing unit at the existing location situated at Wankaner, Gujarat; | Funding of Capital expenditure towards purchase of Plant and Machineries for Expanding existing manufacturing unit at the existing location situated at Wankaner, Gujarat; | Repayment/prepayment of all or certain of our borrowings availed of by our Company | Purchase of Commercial Vehicle | General Corporate Purpose",chittorgarh,19.0,chittorgarh,90.6,464.4,259.6,255.1,842.49,1295.76,1689.74,4744.49,16.13,100.0,37.89,27.0,True,4000.0,124000.0,10.7,6.0,59.0,2.9,38.0,41.0,59.0,5.0,9.0,11.0,2.0,4.0,6.0,1.2,2.6,2.9,17.0,21.0,46.0,12.0,12.0,10.0,49.0,52.0,70.0,4.0,-3.0,1.0,9.76,19.05,0.57,41.0,4.0,Mar 2024,2.0,sharescart,sharescart,ipowatch,sharescart,REFRACTORY.NS,,isin_authoritative,ISIN→symbol from official NSE list,match,,Refractory Shapes Ltd.,Refractory Shapes Limited,match
INE0SMA01017,Slone Infosystems Ltd.,SME,SLONE,,2024-05-03,2024-05-07,2024-05-10,79.0,11.06,Fixed Price,NSE SME,Jawa Capital,2024,Aftertrade Broking Pvt.Ltd.,chittorgarh,11.0,chittorgarh,0.0,chittorgarh,0.0,chittorgarh,,,118.5,chittorgarh,119.45,chittorgarh,112.6,chittorgarh,112.6,chittorgarh,"Capital Expenditure towards purchase of Laptops, Desktops, SSD and RAM. | Repayment/prepayment of certain borrowings availed by the Company | General Corporate Purpose",chittorgarh,11.0,chittorgarh,0.0,756.9,540.8,667.8,0.0,4185.55,2990.62,7385.98,18.99,100.0,58.23,79.0,False,1600.0,126400.0,5.4,7.0,211.0,14.5,30.0,61.0,211.0,2.0,7.0,12.0,1.0,4.0,7.0,2.5,10.8,14.1,2.0,13.0,39.0,3.0,2.0,0.0,12.0,21.0,58.0,1.0,-4.0,-9.0,6.56,30.77,0.15,61.0,4.0,Mar 2024,2.0,sharescart,sharescart,ipowatch,sharescart,SLONE.NS,,isin_authoritative,ISIN→symbol from official NSE list,match,,Slone Infosystems Ltd.,Slone Infosystems Limited,match
INE0RGM01016,Storage Technologies & Automation Ltd.,SME,,544171.0,2024-04-30,2024-05-03,2024-05-08,78.0,29.95,Bookbuilding,BSE SME,Oneview Corporate,2024,Nikunj Stock Brokers Ltd.,chittorgarh,28.0,chittorgarh,2.0,chittorgarh,6.7,chittorgarh,8.5,chittorgarh,148.2,chittorgarh,155.59,chittorgarh,148.2,chittorgarh,153.05,chittorgarh,To meet Working Capital requirements | General Corporate Expenses,chittorgarh,30.0,chittorgarh,,,,,,,,,76.92,,,,,,,,,,,,,,,,,,,,,,,,,,,,,,,,,,,,,,,,,,,,investorgain,,,544171.BO,isin_authoritative,ISIN→symbol from official BSE list,match,,Storage Technologies & Automation Ltd.,Storage Technologies and Automation Ltd,match
INE0QSB01016,Amkay Products Ltd.,SME,,544169.0,2024-04-30,2024-05-03,2024-05-08,55.0,12.61,Bookbuilding,BSE SME,Hem Securities,2024,Hem Finlease Pvt.Ltd.,chittorgarh,12.0,chittorgarh,1.0,chittorgarh,7.7,chittorgarh,3.58,chittorgarh,104.5,chittorgarh,109.72,chittorgarh,104.5,chittorgarh,109.72,chittorgarh,Funding Capital Expenditure towards installation of additional Machinery | To meet working capital requirements | General Corporate Purpose,chittorgarh,13.0,chittorgarh,173.0,987.3,973.1,748.0,1090.67,1866.96,4293.59,9429.67,45.45,100.0,70.52,52.0,True,2000.0,110000.0,13.8,3.0,38.0,4.0,28.0,31.0,38.0,4.0,5.0,5.0,2.0,3.0,3.0,2.4,4.1,3.9,8.0,10.0,24.0,3.0,1.0,1.0,16.0,18.0,30.0,1.0,-1.0,-0.0,9.68,30.0,0.1,31.0,3.0,Mar 2024,2.0,sharescart,sharescart,ipowatch,sharescart,,544169.BO,isin_authoritative,ISIN→symbol from official BSE list,match,,Amkay Products Ltd.,Amkay Products Ltd,match
INE0QXT01018,Dolphin Kitchen Utensils and Appliances Ltd.,SME,,544170.0,2024-04-30,2024-05-03,2024-05-08,60.0,15.0,Fixed Price,BSE SME,Swastika Investmart,2024,Sunflower Broking Pvt.Ltd.,chittorgarh,14.0,chittorgarh,1.0,chittorgarh,6.7,chittorgarh,,,114.0,chittorgarh,119.7,chittorgarh,114.0,chittorgarh,119.7,chittorgarh,To Meet Incremental Working Capital Requirements | To Invest in Subsidiary Company. | To Purchase of Machineries | General Corporate Purpose,chittorgarh,15.0,chittorgarh,0.0,533.8,529.0,543.7,0.0,4003.72,3967.57,8155.8,33.33,100.0,73.5,60.0,False,2000.0,120000.0,10.3,4.0,65.0,5.8,6.0,41.0,65.0,0.0,3.0,5.0,0.0,2.0,4.0,38.3,5.3,5.6,0.0,7.0,35.0,1.0,3.0,7.0,26.0,20.0,49.0,-5.0,-1.0,-21.0,4.88,28.57,0.43,41.0,2.0,Mar 2024,2.0,sharescart,sharescart,ipowatch,sharescart,,544170.BO,isin_authoritative,human-verified rename / confirmed ISIN↔symbol,renamed_confirmed,,Sai Swami Metals & Alloys Ltd.,Dolphin Kitchen Utensils and Appliances Ltd,renamed_confirmed
INE0SDC01012,Emmforce Autotech Ltd.,SME,,544166.0,2024-04-23,2024-04-25,2024-04-30,98.0,53.9,Bookbuilding,BSE SME,Beeline Capital,2024,Spread X Securities Pvt.Ltd.,chittorgarh,51.0,chittorgarh,3.0,chittorgarh,5.6,chittorgarh,15.35,chittorgarh,186.2,chittorgarh,195.51,chittorgarh,186.2,chittorgarh,195.51,chittorgarh,Investment in Subsidiary Company i.e. Emmforce Mobility Solutions Private Limited (EMSPL) in form of equity or debt for meeting the requirement of working capital and margin money for term loan of Subsidiary Company. | To Meet Working Capital Requirement of our Company | General Corporate Expenses,chittorgarh,54.0,chittorgarh,160.6,862.0,267.6,364.4,4327.32,6968.6,5048.28,19638.11,15.31,100.0,61.02,93.0,True,1200.0,117600.0,25.1,8.0,88.0,3.9,,40.0,88.0,,8.0,18.0,,4.0,8.0,,2.8,3.9,,19.0,80.0,,26.0,21.0,,82.0,130.0,,-26.0,-3.0,10.0,21.05,1.37,40.0,4.0,Mar 2024,1.0,sharescart,sharescart,ipowatch,sharescart,,544166.BO,isin_authoritative,ISIN→symbol from official BSE list,match,,Emmforce Autotech Ltd.,Emmforce Autotech Ltd,match
INE0SGR01013,Shivam Chemicals Ltd.,SME,,544165.0,2024-04-23,2024-04-25,2024-04-30,44.0,20.18,Fixed Price,BSE SME,Aryaman Financial,2024,Shreni Shares Ltd.,chittorgarh,19.0,chittorgarh,1.0,chittorgarh,5.0,chittorgarh,,,48.0,chittorgarh,50.4,chittorgarh,45.6,chittorgarh,47.4,chittorgarh,,,20.0,chittorgarh,0.0,4.3,8.9,6.6,0.0,43.7,89.61,133.41,4.55,100.0,31.74,44.0,False,3000.0,132000.0,33.8,2.0,224.0,1.3,157.0,147.0,224.0,6.0,4.0,6.0,4.0,1.0,2.0,3.0,1.0,1.2,14.0,15.0,35.0,7.0,5.0,4.0,31.0,41.0,58.0,9.0,5.0,-15.0,0.68,6.67,0.33,147.0,1.0,Mar 2024,2.0,sharescart,sharescart,ipowatch,sharescart,,544165.BO,isin_authoritative,ISIN→symbol from official BSE list,match,,Shivam Chemicals Ltd.,Shivam Chemicals Ltd,match
INE0R6801013,Varyaa Creations Ltd.,SME,,544168.0,2024-04-22,2024-04-25,2024-04-30,150.0,20.1,Fixed Price,BSE SME,Inventure Merchant Banker,2024,Svcm Securities Pvt.Ltd.,chittorgarh,19.0,chittorgarh,1.0,chittorgarh,5.0,chittorgarh,,,285.0,chittorgarh,299.25,chittorgarh,270.75,chittorgarh,270.75,chittorgarh,To finance the establishment of new showroom a) Capital expenditure cost for the proposed new showroom Purchase of Inventory for the proposed new showroom | To finance the establishment of new showroom b) Purchase of Inventory | General Corporate Purpose,chittorgarh,20.0,chittorgarh,0.0,1.1,6.1,3.6,0.0,10.85,61.2,72.16,,100.0,72.02,150.0,False,1000.0,150000.0,166.7,0.0,31.0,0.9,5.0,21.0,31.0,1.0,4.0,1.0,1.0,3.0,0.0,2.3,8.8,0.9,1.0,4.0,24.0,0.0,0.0,0.0,20.0,9.0,26.0,4.0,-4.0,-19.0,14.29,75.0,0.0,21.0,3.0,Mar 2024,2.0,sharescart,sharescart,,sharescart,,544168.BO,isin_authoritative,ISIN→symbol from official BSE list,match,,Varyaa Creations Ltd.,Varyaa Creations Ltd,match
INE0Q9W01015,Faalcon Concepts Ltd.,SME,,544164.0,2024-04-19,2024-04-23,2024-04-26,62.0,12.09,Fixed Price,BSE SME,Navigant Corporate,2024,Alacrity Securities Ltd.,chittorgarh,11.0,chittorgarh,1.0,chittorgarh,8.3,chittorgarh,,,95.0,chittorgarh,95.0,chittorgarh,90.25,chittorgarh,90.25,chittorgarh,To finance the Capital Expenditure for purchase of façade Structural Equipments | To part finance the requirement of Working Capital | To meet General corporate purposes,chittorgarh,12.0,chittorgarh,0.0,93.3,47.2,71.3,0.0,563.82,285.14,861.78,8.06,100.0,51.4,62.0,False,2000.0,124000.0,15.5,3.0,29.0,4.0,13.0,19.0,29.0,3.0,3.0,5.0,2.0,2.0,3.0,5.6,4.2,3.9,3.0,7.0,22.0,1.0,2.0,4.0,13.0,18.0,39.0,0.0,-3.0,-7.0,10.53,28.57,0.29,19.0,2.0,Mar 2024,2.0,sharescart,sharescart,ipowatch,sharescart,,544164.BO,isin_authoritative,ISIN→symbol from official BSE list,match,,Faalcon Concepts Ltd.,Faalcon Concepts Ltd,match
INE0RJH01010,Ramdevbaba Solvent Ltd.,SME,RBS,,2024-04-15,2024-04-18,2024-04-23,85.0,50.27,Bookbuilding,NSE SME,Choice Capital,2024,Choice Equity Broking Pvt.Ltd.,chittorgarh,48.0,chittorgarh,2.0,chittorgarh,4.0,chittorgarh,14.28,chittorgarh,112.0,chittorgarh,117.6,chittorgarh,111.0,chittorgarh,117.6,chittorgarh,"Setting up of new manufacturing facility | Repayment in full or in part, of certain of our outstanding borrowings | Funding the working capital requirements of our Company; and | General corporate purposes",chittorgarh,50.0,chittorgarh,66.0,314.5,80.0,126.2,1657.51,2370.98,1406.73,6344.02,23.53,81.01,,80.0,True,1600.0,136000.0,12.3,15.0,929.0,6.9,698.0,686.0,929.0,27.0,32.0,33.0,15.0,13.0,15.0,10.7,8.0,6.6,48.0,73.0,151.0,42.0,116.0,197.0,191.0,329.0,482.0,11.0,-23.0,-1.0,1.9,17.81,1.59,686.0,13.0,Mar 2024,2.0,sharescart,sharescart,ipowatch,,RBS.NS,,isin_authoritative,ISIN→symbol from official NSE list,match,,Ramdevbaba Solvent Ltd.,Ramdevbaba Solvent Limited,match
INE0PC901019,Grill Splendour Services Ltd.,SME,BIRDYS,,2024-04-15,2024-04-18,2024-04-23,120.0,16.47,Fixed Price,NSE SME,Inventure Merchant Banker,2024,Rikhav Securities Ltd.,chittorgarh,16.0,chittorgarh,0.0,chittorgarh,0.0,chittorgarh,,,121.3,chittorgarh,127.35,chittorgarh,120.0,chittorgarh,127.35,chittorgarh,"Funding additional Working capital requirements | Pre-payment/Repayment, in full or part, of certain outstanding borrowings availed by our Company; and | General Corporate Purposes",chittorgarh,16.0,chittorgarh,0.0,4.6,12.8,8.7,0.0,37.81,105.27,142.99,6.67,100.0,28.78,120.0,False,1200.0,144000.0,-13.3,-5.0,10.0,-9.0,15.0,13.0,10.0,3.0,1.0,-5.0,2.0,-0.0,-5.0,13.2,-0.6,-9.1,2.0,4.0,23.0,2.0,3.0,3.0,8.0,22.0,28.0,2.0,-0.0,-3.0,-0.0,-0.0,0.75,13.0,-0.0,Mar 2024,2.0,sharescart,sharescart,ipowatch,sharescart,BIRDYS.NS,,isin_authoritative,ISIN→symbol from official NSE list,match,,Grill Splendour Services Ltd.,Grill Splendour Services Limited,match
INE0S0701019,Greenhitech Ventures Ltd.,SME,,544163.0,2024-04-12,2024-04-16,2024-04-22,50.0,6.3,Fixed Price,BSE SME,Beeline Capital,2024,Spread X Securities Pvt.Ltd.,chittorgarh,6.0,chittorgarh,0.0,chittorgarh,0.0,chittorgarh,,,95.0,chittorgarh,99.75,chittorgarh,95.0,chittorgarh,99.75,chittorgarh,To Meet Working Capital Requirement | General Corporate Expenses,chittorgarh,6.0,chittorgarh,0.0,921.6,597.4,770.0,0.0,2903.04,1881.84,4850.69,30.0,100.0,73.19,50.0,False,3000.0,150000.0,15.6,2.0,20.0,3.2,,8.0,20.0,,2.0,3.0,,1.0,2.0,,3.4,3.2,,5.0,12.0,,1.0,0.0,,32.0,24.0,,-8.0,-5.0,12.5,20.0,0.2,8.0,1.0,Mar 2024,1.0,sharescart,sharescart,ipowatch,sharescart,,544163.BO,isin_authoritative,ISIN→symbol from official BSE list,match,,Greenhitech Ventures Ltd.,Greenhitech Ventures Ltd,match
INE0S8401018,DCG Cables & Wires Ltd.,SME,DCG,,2024-04-08,2024-04-10,2024-04-16,100.0,49.99,Fixed Price,NSE SME,Interactive Financial,2024,Nikunj Stock Brokers Ltd.,chittorgarh,47.0,chittorgarh,3.0,chittorgarh,6.0,chittorgarh,,,90.0,chittorgarh,90.0,chittorgarh,85.5,chittorgarh,85.5,chittorgarh,Capital Expenditure for building construction | Long term Working capital requirement | General corporate purposes,chittorgarh,50.0,chittorgarh,0.0,11.5,21.7,17.0,0.0,288.2,542.41,847.86,10.0,100.0,72.45,100.0,False,1200.0,120000.0,22.2,8.0,128.0,4.5,55.0,101.0,128.0,4.0,16.0,17.0,2.0,9.0,8.0,1.3,6.7,4.5,15.0,24.0,79.0,3.0,6.0,3.0,36.0,85.0,121.0,-15.0,4.0,-23.0,8.91,37.5,0.25,101.0,9.0,Mar 2024,2.0,sharescart,sharescart,ipowatch,sharescart,DCG.NS,,isin_authoritative,ISIN→symbol from official NSE list,match,,DCG Cables & Wires Ltd.,DCG Cables & Wires Limited,match
INE0K6601012,Teerth Gopicon Ltd.,SME,TGL,,2024-04-08,2024-04-10,2024-04-16,111.0,44.4,Fixed Price,NSE SME,Interactive Financial,2024,Giriraj Stock Broking Pvt.Ltd.,chittorgarh,42.0,chittorgarh,2.0,chittorgarh,4.5,chittorgarh,,,125.0,chittorgarh,131.25,chittorgarh,123.0,chittorgarh,131.25,chittorgarh,Funding the Working Capital requirement | General corporate purposes,chittorgarh,44.0,chittorgarh,0.0,97.1,44.3,75.5,0.0,2155.85,984.03,3353.64,9.01,96.5,64.33,111.0,False,1200.0,133200.0,10.2,13.0,118.0,10.9,,105.0,118.0,,18.0,28.0,,12.0,13.0,,14.5,10.7,,19.0,76.0,,7.0,12.0,,136.0,175.0,,4.0,-22.0,11.43,63.16,0.37,105.0,12.0,Mar 2024,1.0,sharescart,sharescart,ipowatch,sharescart,TGL.NS,,isin_authoritative,ISIN→symbol from official NSE list,match,,Teerth Gopicon Ltd.,Teerth Gopicon Limited,match
INE0STM01017,Aluwind Architectural Ltd.,SME,ALUWIND,,2024-03-28,2024-04-04,2024-04-09,45.0,29.7,Fixed Price,NSE SME,Corpwis,2024,NNM Securities Pvt.Ltd.,chittorgarh,28.0,chittorgarh,2.0,chittorgarh,6.7,chittorgarh,,,45.0,chittorgarh,47.25,chittorgarh,45.0,chittorgarh,47.25,chittorgarh,Funding of Working Capital requirements | General Corporate Expenses,chittorgarh,30.0,chittorgarh,0.0,5.2,10.7,8.2,0.0,77.67,159.04,243.24,22.22,98.22,72.13,45.0,False,3000.0,135000.0,13.6,8.0,109.0,3.3,49.0,83.0,109.0,5.0,12.0,13.0,3.0,8.0,8.0,1.5,4.1,3.3,17.0,25.0,60.0,1.0,1.0,1.0,41.0,60.0,113.0,1.0,-2.0,-18.0,9.64,32.0,0.04,83.0,8.0,Mar 2024,2.0,sharescart,sharescart,ipowatch,sharescart,ALUWIND.NS,,isin_authoritative,ISIN→symbol from official NSE list,match,,Aluwind Architectural Ltd.,ALUWIND INFRA-TECH LIMITED,match
INE0R7401011,Creative Graphics Solutions India Ltd.,SME,CGRAPHICS,,2024-03-28,2024-04-04,2024-04-09,85.0,54.4,Bookbuilding,NSE SME,Corporate Capitalventures,2024,SS Corporate Securities Ltd.,chittorgarh,52.0,chittorgarh,2.0,chittorgarh,3.7,chittorgarh,15.5,chittorgarh,175.0,chittorgarh,183.75,chittorgarh,167.1,chittorgarh,176.25,chittorgarh,"To meet out the working capital requirements of our company “Creative graphics” | Repayment/prepayment, in part or full, of certain of our borrowings | To meet out the capital expenditure of our company “Creative graphics” | To meet out the inorganic growth through unidentified acquisition for company* | General Corporate Expenses",chittorgarh,54.0,chittorgarh,0.0,0.0,0.0,201.9,0.0,0.0,0.0,10981.18,77.65,100.0,30.43,80.0,True,1600.0,136000.0,9.4,21.0,251.0,9.0,90.0,132.0,251.0,16.0,23.0,38.0,9.0,11.0,21.0,5.2,6.0,8.6,19.0,36.0,107.0,11.0,15.0,16.0,66.0,105.0,218.0,5.0,3.0,-22.0,8.33,30.56,0.42,132.0,11.0,Mar 2024,2.0,sharescart,sharescart,investorgain,sharescart,CGRAPHICS.NS,,isin_authoritative,ISIN→symbol from official NSE list,match,,Creative Graphics Solutions India Ltd.,Creative Graphics Solutions India Limited,match
INE0MSS01019,Jay Kailash Namkeen Ltd.,SME,,544160.0,2024-03-28,2024-04-03,2024-04-08,73.0,11.93,Bookbuilding,BSE SME,Expert Global,2024,Rikhav Securities Ltd.,chittorgarh,11.0,chittorgarh,1.0,chittorgarh,8.3,chittorgarh,,,85.0,chittorgarh,86.9,chittorgarh,80.75,chittorgarh,80.75,chittorgarh,To meet the working capital requirement and | General corporate purpose,chittorgarh,12.0,chittorgarh,2.3,68.9,51.0,40.0,8.3,164.4,304.04,477.25,20.55,71.82,48.33,70.0,True,1600.0,116800.0,30.4,1.0,15.0,2.4,10.0,12.0,15.0,1.0,1.0,4.0,1.0,1.0,1.0,3.0,2.1,2.4,4.0,6.0,18.0,0.0,5.0,5.0,7.0,16.0,33.0,-0.0,0.0,-2.0,8.33,16.67,0.83,12.0,1.0,Mar 2024,2.0,sharescart,sharescart,ipowatch,sharescart,,544160.BO,isin_authoritative,ISIN→symbol from official BSE list,match,,Jay Kailash Namkeen Ltd.,Jay Kailash Namkeen Ltd,match
INE0DEZ01013,K2 Infragen Ltd.,SME,K2INFRA,,2024-03-28,2024-04-03,2024-04-08,119.0,40.54,Bookbuilding,NSE SME,Expert Global,2024,Rikhav Securities Ltd.,chittorgarh,38.0,chittorgarh,3.0,chittorgarh,7.3,chittorgarh,11.27,chittorgarh,167.0,chittorgarh,175.35,chittorgarh,158.65,chittorgarh,173.25,chittorgarh,Working capital requirement | Capital Expenditure; and | General corporate purposes,chittorgarh,41.0,chittorgarh,23.4,114.0,40.7,51.5,473.72,693.13,577.51,2086.64,12.61,100.0,60.65,111.0,True,1200.0,142800.0,12.9,12.0,147.0,9.2,75.0,109.0,147.0,19.0,21.0,20.0,11.0,12.0,12.0,13.0,13.5,9.1,14.0,45.0,76.0,3.0,3.0,3.0,56.0,100.0,182.0,-1.0,5.0,-43.0,11.01,26.67,0.07,109.0,12.0,Mar 2024,2.0,sharescart,sharescart,ipowatch,sharescart,K2INFRA.NS,,isin_authoritative,ISIN→symbol from official NSE list,match,,K2 Infragen Ltd.,K2 Infragen Limited,match
INE0TO601017,Yash Optics & Lens Ltd.,SME,YASHOPTICS,,2024-03-27,2024-04-03,2024-04-08,81.0,53.15,Bookbuilding,NSE SME,Shreni Shares,2024,Rikhav Securities Ltd.,chittorgarh,50.0,chittorgarh,3.0,chittorgarh,5.7,chittorgarh,13.79,chittorgarh,90.0,chittorgarh,94.5,chittorgarh,90.0,chittorgarh,92.7,chittorgarh,Funding of Capital expenditure for setting up a manufacturing unit for backward integration | Purchase of Plant and Machinery at existing manufacturing unit | Repayment/ prepayment of certain borrowings availed by our Company | Funding Working Capital Requirements of our Company and | General corporate purposes,chittorgarh,53.0,chittorgarh,19.9,85.3,32.5,42.2,528.3,679.8,603.83,2241.29,18.52,97.45,71.63,75.0,True,1600.0,129600.0,20.8,10.0,43.0,3.9,40.0,41.0,43.0,13.0,15.0,15.0,8.0,9.0,10.0,4.5,5.0,3.9,19.0,30.0,90.0,11.0,17.0,12.0,34.0,61.0,112.0,-12.0,-12.0,6.0,21.95,30.0,0.57,41.0,9.0,Mar 2024,2.0,sharescart,sharescart,ipowatch,sharescart,YASHOPTICS.NS,,isin_authoritative,ISIN→symbol from official NSE list,match,,Yash Optics & Lens Ltd.,Yash Optics & Lens Limited,match
INE430U01019,Radiowalla Network Ltd.,SME,RADIOWALLA,,2024-03-27,2024-04-02,2024-04-05,76.0,14.25,Bookbuilding,NSE SME,Narnolia Financial,2024,SS Corporate Securities Ltd. Prabhat Financial Services Ltd.,chittorgarh,13.0,chittorgarh,1.0,chittorgarh,7.1,chittorgarh,4.0,chittorgarh,120.15,chittorgarh,126.15,chittorgarh,120.15,chittorgarh,126.15,chittorgarh,Investment in Technology | Capital Expenditure | Working Capital Requirement | General Corporate Purposes | Issue Expenses,chittorgarh,14.0,chittorgarh,88.0,491.9,354.0,307.5,626.78,1051.46,1765.66,4382.91,50.0,100.0,42.42,72.0,True,1600.0,121600.0,76.0,1.0,20.0,1.0,14.0,15.0,20.0,2.0,2.0,2.0,1.0,2.0,1.0,2.2,3.0,1.0,3.0,6.0,19.0,0.0,0.0,0.0,8.0,9.0,24.0,1.0,1.0,1.0,13.33,33.33,0.0,15.0,2.0,Mar 2024,2.0,sharescart,sharescart,investorgain,sharescart,RADIOWALLA.NS,,isin_authoritative,ISIN→symbol from official NSE list,match,,Radiowalla Network Ltd.,Radiowalla Network Limited,match
INE0SOY01013,TAC Infosec Ltd.,SME,TAC,,2024-03-27,2024-04-02,2024-04-05,106.0,29.99,Bookbuilding,NSE SME,Beeline Capital,2024,Spread X Securities Pvt.Ltd.,chittorgarh,28.0,chittorgarh,2.0,chittorgarh,6.7,chittorgarh,8.55,chittorgarh,290.0,chittorgarh,304.5,chittorgarh,290.0,chittorgarh,304.5,chittorgarh,Investment in Human resources and Product Development | General Corporate Purposes | Public Issue Expenses,chittorgarh,30.0,chittorgarh,141.3,768.9,433.8,422.0,2118.91,3459.29,4553.95,12658.27,61.32,100.0,42.88,100.0,True,1200.0,127200.0,7.7,15.0,30.0,13.8,,12.0,30.0,,7.0,17.0,,6.0,15.0,,4.1,6.9,,14.0,55.0,,0.0,0.0,,18.0,71.0,,-2.0,19.0,50.0,42.86,0.0,12.0,6.0,Mar 2024,1.0,sharescart,sharescart,ipowatch,sharescart,TAC.NS,,isin_authoritative,ISIN→symbol from official NSE list,match,,TAC Infosec Ltd.,TAC Infosec Limited,match
INE0SWN01019,Trust Fintech Ltd.,SME,TRUST,,2024-03-26,2024-03-28,2024-04-04,101.0,63.45,Bookbuilding,NSE SME,Corporate Capitalventures,2024,SS Corporate Securities Ltd.,chittorgarh,60.0,chittorgarh,3.0,chittorgarh,4.8,chittorgarh,18.06,chittorgarh,143.25,chittorgarh,150.4,chittorgarh,136.2,chittorgarh,150.4,chittorgarh,"To Setup additional Development facility, instalment of fit outs and interior design works in Nagpur, Maharashtra | Investment in Procuring Hardware and upgrading IT infra | Funding for expenditure related to enhancement and upgrading existing Product | To meet out the Global & Domestic Business Development, Sales and Marketing expenses for the company | General Corporate Expenses *",chittorgarh,63.0,chittorgarh,65.4,244.5,75.1,108.6,2074.12,2326.77,1667.74,6892.38,44.55,93.51,68.85,95.0,True,1200.0,121200.0,29.7,8.0,31.0,3.4,,35.0,31.0,,18.0,13.0,,13.0,8.0,,7.1,3.4,,45.0,110.0,,0.0,0.0,,52.0,118.0,,13.0,-37.0,37.14,28.89,0.0,35.0,13.0,Mar 2024,1.0,sharescart,sharescart,investorgain,sharescart,TRUST.NS,,isin_authoritative,ISIN→symbol from official NSE list,match,,Trust Fintech Ltd.,Trust Fintech Limited,match
INE0OMZ01013,Vruddhi Engineering Works Ltd.,SME,,544157.0,2024-03-26,2024-03-28,2024-04-03,70.0,4.76,Bookbuilding,BSE SME,Fedex Securities,2024,Rikhav Securities Ltd.,chittorgarh,5.0,chittorgarh,0.0,chittorgarh,0.0,chittorgarh,,,71.0,chittorgarh,74.55,chittorgarh,71.0,chittorgarh,74.55,chittorgarh,To meet working capital requirements | General corporate purposes,chittorgarh,5.0,chittorgarh,1.1,28.1,20.1,12.7,2.5,20.09,33.49,60.31,,100.0,41.36,66.0,True,2000.0,140000.0,11.9,1.0,32.0,5.9,13.0,22.0,32.0,1.0,2.0,3.0,1.0,1.0,1.0,7.4,3.1,5.9,2.0,3.0,8.0,1.0,0.0,1.0,8.0,11.0,16.0,-2.0,1.0,-4.0,4.55,33.33,0.0,22.0,1.0,Mar 2024,2.0,sharescart,sharescart,,sharescart,,544157.BO,isin_authoritative,ISIN→symbol from official BSE list,match,,Vruddhi Engineering Works Ltd.,Vruddhi Engineering Works Ltd,match
INE0SAK01011,Blue Pebble Ltd.,SME,BLUEPEBBLE,,2024-03-26,2024-03-28,2024-04-03,168.0,18.14,Bookbuilding,NSE SME,Hem Securities,2024,Hem Finlease Pvt.Ltd.,chittorgarh,17.0,chittorgarh,1.0,chittorgarh,5.6,chittorgarh,5.13,chittorgarh,199.0,chittorgarh,208.95,chittorgarh,189.05,chittorgarh,208.95,chittorgarh,Funding Capital Expenditure towards installation of additional machinery | To meet working capital requirements | General Corporate Purpose,chittorgarh,18.0,chittorgarh,21.8,97.3,58.4,56.3,197.5,264.84,370.86,1021.87,29.76,100.0,42.23,159.0,True,800.0,134400.0,13.5,5.0,46.0,12.4,16.0,22.0,46.0,3.0,5.0,7.0,2.0,4.0,5.0,6.5,12.5,12.4,3.0,7.0,28.0,0.0,0.0,0.0,9.0,10.0,36.0,1.0,2.0,-2.0,18.18,57.14,0.0,22.0,4.0,Mar 2024,2.0,sharescart,sharescart,ipowatch,sharescart,BLUEPEBBLE.NS,,isin_authoritative,ISIN→symbol from official NSE list,match,,Blue Pebble Ltd.,Blue Pebble Limited,match
INE0S7801010,Aspire & Innovative Advertising Ltd.,SME,ASPIRE,,2024-03-26,2024-03-28,2024-04-03,54.0,21.97,Bookbuilding,NSE SME,Hem Securities,2024,Hem Finlease Pvt.Ltd.,chittorgarh,21.0,chittorgarh,1.0,chittorgarh,4.5,chittorgarh,6.24,chittorgarh,56.5,chittorgarh,59.3,chittorgarh,56.25,chittorgarh,59.3,chittorgarh,To meet Working Capital requirements | To finance the cost of establishing new warehouses | General Corporate Purpose,chittorgarh,22.0,chittorgarh,5.2,25.6,16.4,15.2,57.22,84.35,126.01,333.24,7.41,100.0,55.25,51.0,True,2000.0,108000.0,20.8,4.0,167.0,2.6,346.0,384.0,167.0,8.0,14.0,6.0,5.0,9.0,4.0,4.8,8.4,2.6,16.0,37.0,49.0,5.0,7.0,1.0,62.0,116.0,95.0,-13.0,-7.0,1.0,2.34,24.32,0.19,384.0,9.0,Mar 2024,2.0,sharescart,sharescart,investorgain,sharescart,ASPIRE.NS,,isin_authoritative,ISIN→symbol from official NSE list,match,,Aspire & Innovative Advertising Ltd.,Aspire & Innovative Advertising Limited,match
INE0QHY01011,GConnect Logitech & Supply Chain Ltd.,SME,,544156.0,2024-03-26,2024-03-28,2024-04-03,40.0,5.6,Fixed Price,BSE SME,Fedex Securities,2024,Aftertrade Broking Pvt.Ltd.,chittorgarh,5.0,chittorgarh,1.0,chittorgarh,16.7,chittorgarh,,,42.0,chittorgarh,44.1,chittorgarh,42.0,chittorgarh,44.1,chittorgarh,Purchase of Vehicles and Body Building | Finance the Website Development and App Designing; and | General Corporate Purpose,chittorgarh,6.0,chittorgarh,0.0,42.9,71.7,57.4,0.0,120.21,201.02,321.56,22.5,100.0,34.13,40.0,False,3000.0,120000.0,50.0,0.0,5.0,0.8,1.0,4.0,5.0,0.0,0.0,1.0,0.0,0.0,0.0,2.0,1.0,0.7,1.0,4.0,9.0,0.0,0.0,0.0,1.0,4.0,10.0,-1.0,-2.0,-2.0,0.0,0.0,0.0,4.0,0.0,Mar 2024,2.0,sharescart,sharescart,investorgain,sharescart,,544156.BO,isin_authoritative,ISIN→symbol from official BSE list,match,,GConnect Logitech & Supply Chain Ltd.,Gconnect Logitech and Supply Chain Ltd,match
INE0RJM01010,Naman In-Store (India) Ltd.,SME,NAMAN,,2024-03-22,2024-03-27,2024-04-02,89.0,25.35,Bookbuilding,NSE SME,GYR Capital,2024,Giriraj Stock Broking Pvt.Ltd.,chittorgarh,24.0,chittorgarh,1.0,chittorgarh,4.0,chittorgarh,7.22,chittorgarh,125.0,chittorgarh,125.9,chittorgarh,118.75,chittorgarh,118.75,chittorgarh,"Funding capital expenditure of our company to acquire land on leasehold basis at Butibori, MIDC and proposes to shift the existing manufacturing facilities of the company | Construction of factory building | General Corporate Purposes",chittorgarh,25.0,chittorgarh,109.8,528.1,328.8,309.0,1390.93,2007.95,2916.96,7833.05,56.18,100.0,52.11,84.0,True,1600.0,142400.0,16.8,6.0,156.0,5.3,150.0,145.0,156.0,11.0,20.0,16.0,4.0,9.0,6.0,5.7,8.8,4.8,6.0,38.0,79.0,9.0,11.0,7.0,58.0,97.0,118.0,-1.0,7.0,-9.0,6.21,23.68,0.29,145.0,9.0,Mar 2024,2.0,sharescart,sharescart,ipowatch,sharescart,NAMAN.NS,,isin_authoritative,ISIN→symbol from official NSE list,match,,Naman In-Store (India) Ltd.,Naman Industries Proxima Limited,match
INE0S2E01016,Vishwas Agri Seeds Ltd.,SME,VISHWAS,,2024-03-21,2024-03-26,2024-04-01,86.0,25.8,Fixed Price,NSE SME,ISK Advisors,2024,Sunflower Broking Pvt.Ltd.,chittorgarh,24.0,chittorgarh,2.0,chittorgarh,7.7,chittorgarh,,,85.0,chittorgarh,85.7,chittorgarh,80.75,chittorgarh,83.6,chittorgarh,Capital expenditure i). To Furnish the Corporate Office building | Capital expenditure ii). To purchase Equipments for setting up Seed Testing laboratory | Capital expenditure iii) To set-up Greenhouse (Fan-Pad System). | Capital expenditure  iv) To install Roof Top Solar Monocrystalline Panels (129.6KW) | Additional Working Capital Requirement | General Corporate Purpose,chittorgarh,26.0,chittorgarh,0.0,12.8,11.6,12.2,0.0,165.12,149.25,315.02,5.81,100.0,68.58,86.0,False,1600.0,137600.0,12.8,7.0,102.0,6.7,63.0,75.0,102.0,8.0,12.0,15.0,5.0,6.0,7.0,7.7,6.0,6.7,14.0,46.0,50.0,10.0,14.0,8.0,54.0,81.0,106.0,3.0,-18.0,-9.0,7.94,35.71,0.71,63.0,5.0,Mar 2023,1.0,sharescart,sharescart,ipowatch,sharescart,VISHWAS.NS,,isin_authoritative,ISIN→symbol from official NSE list,match,,Vishwas Agri Seeds Ltd.,Vishwas Agri Seeds Limited,match
INE338Y01016,Omfurn India Ltd. FPO,SME,OMFURN,,2024-03-20,2024-03-22,2024-03-28,75.0,27.0,Bookbuilding,NSE SME,Gretex Corporate,2024,,,,,,,,,,,,,,,,,,,,,,,1.0,3.0,6.3,3.6,13.5,12.23,59.82,96.39,,100.0,33.18,71.0,True,2400.0,180000.0,13.6,6.0,84.0,5.5,70.0,80.0,84.0,8.0,8.0,13.0,4.0,4.0,6.0,4.8,3.1,5.5,26.0,52.0,59.0,4.0,1.0,1.0,57.0,84.0,95.0,3.0,5.0,5.0,5.71,15.38,0.15,70.0,4.0,Mar 2023,1.0,sharescart,sharescart,,sharescart,OMFURN.NS,,isin_authoritative,ISIN→symbol from official NSE list,match,,Omfurn India Ltd. FPO,Omfurn India Limited,match
INE0AH901011,Chatha Foods Ltd.,SME,,544151.0,2024-03-19,2024-03-21,2024-03-27,56.0,33.39,Bookbuilding,BSE SME,Indorient Financial,2024,Alacrity Securities Ltd.,chittorgarh,32.0,chittorgarh,1.0,chittorgarh,3.0,chittorgarh,9.51,chittorgarh,73.0,chittorgarh,76.65,chittorgarh,70.37,chittorgarh,76.65,chittorgarh,Setting up the Proposed Manufacturing Unit | General Corporate Purposes,chittorgarh,33.0,chittorgarh,8.5,44.5,14.6,19.3,142.56,222.96,170.61,643.71,8.93,100.0,42.6,53.0,True,2000.0,112000.0,20.7,6.0,157.0,2.7,117.0,134.0,157.0,7.0,12.0,12.0,2.0,6.0,6.0,1.5,2.7,2.5,22.0,58.0,83.0,2.0,1.0,4.0,51.0,84.0,114.0,3.0,5.0,-1.0,1.71,9.09,0.09,117.0,2.0,Mar 2023,1.0,sharescart,sharescart,ipowatch,sharescart,,544151.BO,isin_authoritative,ISIN→symbol from official BSE list,match,,Chatha Foods Ltd.,Chatha Foods Ltd,match
INE0QVH01025,KP Green Engineering Ltd.,SME,,544150.0,2024-03-15,2024-03-19,2024-03-22,144.0,189.5,Bookbuilding,BSE SME,Beeline Capital,2024,Spread X Securities Pvt.Ltd.,chittorgarh,180.0,chittorgarh,10.0,chittorgarh,5.3,chittorgarh,54.0,chittorgarh,200.0,chittorgarh,210.0,chittorgarh,200.0,chittorgarh,210.0,chittorgarh,Part Finance the capital expenditure towards setting up of a new manufacturing unit to expand its current production capabilities as well as expanding our current product portfolio. | General Corporate Purposes,chittorgarh,190.0,chittorgarh,31.9,48.2,20.1,29.5,3018.8,1370.97,1334.49,5590.37,34.72,100.0,56.5,137.0,True,1000.0,144000.0,9.8,73.0,695.0,14.7,114.0,349.0,695.0,22.0,57.0,116.0,12.0,35.0,73.0,3.4,7.0,14.7,33.0,266.0,324.0,5.0,18.0,13.0,95.0,422.0,734.0,12.0,-39.0,19.0,10.53,36.36,0.15,114.0,12.0,Mar 2023,1.0,sharescart,sharescart,investorgain,sharescart,,544150.BO,isin_authoritative,ISIN→symbol from official BSE list,match,,KP Green Engineering Ltd.,KP Green Engineering Ltd,match
INE0S3X01014,Enfuse Solutions Ltd.,SME,ENFUSE,,2024-03-15,2024-03-19,2024-03-22,96.0,22.44,Bookbuilding,NSE SME,Hem Securities,2024,Hem Finlease Pvt.Ltd.,chittorgarh,21.0,chittorgarh,1.0,chittorgarh,4.5,chittorgarh,6.37,chittorgarh,115.0,chittorgarh,120.0,chittorgarh,109.25,chittorgarh,115.45,chittorgarh,Repayment of certain Borrowings availed by the Company | To meet Working Capital requirements | General Corporate Purpose,chittorgarh,22.0,chittorgarh,100.0,953.2,248.4,357.3,1121.71,3208.68,1951.17,8018.38,83.33,100.0,51.13,91.0,True,1200.0,115200.0,25.9,3.0,43.0,3.7,,,43.0,,,12.0,,,3.0,,,3.7,,,35.0,,,6.0,,,69.0,,,-4.0,,,,,,,0.0,sharescart,sharescart,ipowatch,sharescart,ENFUSE.NS,,isin_authoritative,ISIN→symbol from official NSE list,match,,Enfuse Solutions Ltd.,Enfuse Solutions Limited,match
INE0R9I01021,Enser Communications Ltd.,SME,ENSER,,2024-03-15,2024-03-19,2024-03-22,70.0,16.17,Fixed Price,NSE SME,Novus Capital,2024,B.N.Rathi Securities Ltd.,chittorgarh,15.0,chittorgarh,1.0,chittorgarh,6.2,chittorgarh,,,72.0,chittorgarh,74.0,chittorgarh,68.5,chittorgarh,70.1,chittorgarh,Setting up of new service unit | Working Capital Requirement | General Corporate Purposes,chittorgarh,16.0,chittorgarh,0.0,3.6,10.9,7.3,0.0,29.43,88.29,117.88,,100.0,40.67,10.0,True,2000.0,140000.0,70.0,9.0,85.0,1.0,,,85.0,,,15.0,,,9.0,,,1.0,,,34.0,,,3.0,,,79.0,,,-0.0,,,,,,,0.0,sharescart,sharescart,,sharescart,ENSER.NS,,isin_authoritative,ISIN→symbol from official NSE list,match,,Enser Communications Ltd.,Enser Communications Limited,match
INE0R9401019,AVP Infracon Ltd.,SME,AVPINFRA,,2024-03-13,2024-03-15,2024-03-20,75.0,52.34,Bookbuilding,NSE SME,Share India Capital,2024,Share India Securities Ltd.,chittorgarh,47.0,chittorgarh,5.0,chittorgarh,9.6,chittorgarh,14.03,chittorgarh,79.0,chittorgarh,79.0,chittorgarh,75.05,chittorgarh,75.05,chittorgarh,To Purchase Capital Equipment | To Meet Working Capital Requirements | General corporate purposes,chittorgarh,52.0,chittorgarh,0.0,0.0,0.0,21.5,0.0,0.0,0.0,1122.78,40.0,100.0,50.14,71.0,True,1600.0,120000.0,5.6,33.0,293.0,13.3,115.0,161.0,293.0,23.0,36.0,63.0,12.0,19.0,33.0,6.4,7.5,13.3,25.0,94.0,126.0,29.0,25.0,41.0,146.0,228.0,357.0,12.0,-29.0,-16.0,10.43,48.0,1.16,115.0,12.0,Mar 2023,1.0,sharescart,sharescart,ipowatch,sharescart,AVPINFRA.NS,,isin_authoritative,ISIN→symbol from official NSE list,match,,AVP Infracon Ltd.,AVP Infracon Limited,match
INE0RDE01010,Signoria Creation Ltd.,SME,SIGNORIA,,2024-03-12,2024-03-14,2024-03-19,65.0,9.28,Bookbuilding,NSE SME,Holani Consultants,2024,Holani Consultants Pvt.Ltd.,chittorgarh,9.0,chittorgarh,0.0,chittorgarh,0.0,chittorgarh,2.08,chittorgarh,131.0,chittorgarh,137.55,chittorgarh,124.45,chittorgarh,137.55,chittorgarh,Funding working capital requirements of our Company | General corporate purposes,chittorgarh,9.0,chittorgarh,107.6,1290.6,649.9,666.3,499.19,1796.85,2111.27,6184.78,76.92,100.0,52.35,61.0,True,2000.0,130000.0,10.3,3.0,27.0,6.3,19.0,20.0,27.0,4.0,4.0,5.0,2.0,2.0,3.0,6.9,5.1,6.3,6.0,16.0,19.0,9.0,6.0,5.0,23.0,31.0,43.0,-1.0,-1.0,-0.0,10.53,33.33,1.5,19.0,2.0,Mar 2023,1.0,sharescart,sharescart,ipowatch,sharescart,SIGNORIA.NS,,isin_authoritative,ISIN→symbol from official NSE list,match,,Signoria Creation Ltd.,Signoria Creation Limited,match
INE0QQG01019,Royal Sense Ltd.,SME,,544143.0,2024-03-12,2024-03-14,2024-03-19,68.0,9.86,Fixed Price,BSE SME,Expert Global,2024,Rikhav Securities Ltd.,chittorgarh,9.0,chittorgarh,1.0,chittorgarh,10.0,chittorgarh,,,129.2,chittorgarh,129.2,chittorgarh,122.74,chittorgarh,122.74,chittorgarh,Working capital requirement | General corporate purposes | Issue Expenses,chittorgarh,10.0,chittorgarh,0.0,9.7,7.3,8.5,0.0,47.92,36.09,84.01,29.41,100.0,66.57,68.0,False,2000.0,136000.0,5.3,6.0,62.0,12.9,,18.0,62.0,,2.0,9.0,,2.0,6.0,,3.2,12.7,,18.0,28.0,,0.0,0.0,,21.0,36.0,,-4.0,1.0,,,,,,,0.0,sharescart,sharescart,ipowatch,sharescart,,544143.BO,isin_authoritative,ISIN→symbol from official BSE list,match,,Royal Sense Ltd.,Royal Sense Ltd,match
INE0QA601016,Pratham EPC Projects Ltd.,SME,PRATHAM,,2024-03-11,2024-03-13,2024-03-18,75.0,36.0,Bookbuilding,NSE SME,Beeline Capital,2024,Spread X Securities Pvt.Ltd.,chittorgarh,34.0,chittorgarh,2.0,chittorgarh,5.6,chittorgarh,10.25,chittorgarh,113.3,chittorgarh,118.95,chittorgarh,110.0,chittorgarh,118.95,chittorgarh,Purchase of Machinery | To Meet Working Capital Requirements | General Corporate Purpose,chittorgarh,36.0,chittorgarh,70.3,320.5,179.5,178.5,1265.04,1730.86,2261.45,6427.44,36.0,100.0,73.05,71.0,True,1600.0,120000.0,9.7,14.0,119.0,7.7,50.0,70.0,119.0,12.0,17.0,21.0,8.0,10.0,14.0,5.9,5.6,7.7,18.0,61.0,75.0,4.0,3.0,4.0,49.0,80.0,106.0,-7.0,-9.0,-9.0,16.0,44.44,0.22,50.0,8.0,Mar 2023,1.0,sharescart,sharescart,investorgain,sharescart,PRATHAM.NS,,isin_authoritative,ISIN→symbol from official NSE list,match,,Pratham EPC Projects Ltd.,Pratham EPC Projects Limited,match
INE510U01018,Pune E-Stock Broking Ltd.,SME,,544141.0,2024-03-07,2024-03-12,2024-03-15,83.0,38.23,Bookbuilding,BSE SME,Share India Capital,2024,Share India Securities Ltd.,chittorgarh,32.0,chittorgarh,6.0,chittorgarh,15.8,chittorgarh,9.73,chittorgarh,130.0,chittorgarh,136.5,chittorgarh,123.5,chittorgarh,133.18,chittorgarh,To meet working capital requirements | General Corporate Purpose | Public Issue Expenses,chittorgarh,38.0,chittorgarh,123.0,776.0,338.9,371.2,2351.72,4450.28,4535.29,14190.6,84.34,100.0,81.82,78.0,True,1600.0,132800.0,7.1,19.0,63.0,11.7,36.0,66.0,63.0,15.0,19.0,31.0,10.0,13.0,19.0,8.2,7.9,11.7,77.0,127.0,146.0,8.0,8.0,10.0,158.0,269.0,280.0,-4.0,42.0,-59.0,27.78,12.99,0.1,36.0,10.0,Mar 2023,1.0,sharescart,sharescart,ipowatch,sharescart,,544141.BO,isin_authoritative,ISIN→symbol from official BSE list,match,,Pune E-Stock Broking Ltd.,Pune E - Stock Broking Ltd,match
INE0S4Y01010,Shree Karni Fabcom Ltd.,SME,SHREEKARNI,,2024-03-06,2024-03-11,2024-03-14,227.0,42.49,Bookbuilding,NSE SME,Horizon Management,2024,MLB Stock Broking Pvt.Ltd.,chittorgarh,40.0,chittorgarh,2.0,chittorgarh,4.8,chittorgarh,12.09,chittorgarh,260.0,chittorgarh,273.0,chittorgarh,260.0,chittorgarh,273.0,chittorgarh,"Funding the capital expenditure setting up a dyeing unit in Navsari District, Surat, Gujarat | Funding the purchase of new machinery proposed to be installed at our new unit proposed to be set up for manufacturing bags in Palsana, Surat, Gujarat, with an intent to expand our product portfolio | Funding working capital requirements of our Company | General Corporate Purposes",chittorgarh,42.0,chittorgarh,112.9,461.6,330.5,296.4,2399.66,2942.18,4914.8,12596.61,88.11,96.16,70.07,220.0,True,600.0,136200.0,10.1,16.0,167.0,22.5,127.0,137.0,167.0,15.0,27.0,31.0,6.0,15.0,16.0,11.1,20.8,21.4,26.0,68.0,93.0,23.0,22.0,18.0,99.0,164.0,232.0,-0.0,-7.0,-7.0,4.72,23.08,0.88,127.0,6.0,Mar 2023,1.0,sharescart,sharescart,ipowatch,sharescart,SHREEKARNI.NS,,isin_authoritative,ISIN→symbol from official NSE list,match,,Shree Karni Fabcom Ltd.,Shree Karni Fabcom Limited,match
INE0M8R01011,Koura Fine Diamond Jewelry Ltd.,SME,,544139.0,2024-03-06,2024-03-11,2024-03-14,55.0,5.5,Fixed Price,BSE SME,GYR Capital,2024,Giriraj Stock Broking Pvt.Ltd.,chittorgarh,5.0,chittorgarh,1.0,chittorgarh,16.7,chittorgarh,,,75.0,chittorgarh,78.75,chittorgarh,71.25,chittorgarh,78.63,chittorgarh,Funding the working capital requirements of the company | General Corporate Purposes,chittorgarh,6.0,chittorgarh,0.0,373.7,1084.0,733.0,0.0,1027.57,2980.95,4031.55,72.73,100.0,66.51,55.0,False,2000.0,110000.0,110.0,0.0,42.0,0.5,6.0,37.0,42.0,0.0,1.0,1.0,0.0,0.0,0.0,0.5,1.0,0.5,3.0,9.0,9.0,0.0,0.0,0.0,3.0,9.0,14.0,-3.0,-1.0,0.0,0.0,0.0,0.0,6.0,0.0,Mar 2023,1.0,sharescart,sharescart,ipowatch,sharescart,,544139.BO,isin_authoritative,ISIN→symbol from official BSE list,match,,Koura Fine Diamond Jewelry Ltd.,Koura Fine Diamond Jewelry Ltd,match
INE0Q6H01012,Sona Machinery Ltd.,SME,SONAMAC,,2024-03-05,2024-03-07,2024-03-13,143.0,51.82,Bookbuilding,NSE SME,Hem Securities,2024,Hem Finlease Pvt.Ltd.,chittorgarh,49.0,chittorgarh,3.0,chittorgarh,5.8,chittorgarh,14.76,chittorgarh,125.0,chittorgarh,131.25,chittorgarh,118.75,chittorgarh,131.25,chittorgarh,Funding the Capital Expenditure requirements of our company towards setting up of a new manufacturing unit at Ghaziabad | Repayment of the outstanding amount of the Letter of Credit availed by our company for purchase of machinery | General Corporate Purpose,chittorgarh,52.0,chittorgarh,129.7,554.4,235.1,273.5,3361.25,4309.77,4263.55,14173.65,17.48,100.0,43.06,136.0,True,1000.0,143000.0,51.1,4.0,95.0,2.8,81.0,95.0,95.0,12.0,15.0,7.0,8.0,10.0,4.0,7.6,7.6,2.8,11.0,65.0,69.0,1.0,0.0,1.0,28.0,86.0,95.0,12.0,-0.0,-19.0,9.88,72.73,0.09,81.0,8.0,Mar 2023,1.0,sharescart,sharescart,ipowatch,sharescart,SONAMAC.NS,,isin_authoritative,ISIN→symbol from official NSE list,match,,Sona Machinery Ltd.,Sona Machinery Limited,match
INE0QQM01017,V R Infraspace Ltd.,SME,VR,,2024-03-04,2024-03-06,2024-03-12,85.0,20.4,Fixed Price,NSE SME,Beeline Capital,2024,Spread X Securities Pvt.Ltd.,chittorgarh,19.0,chittorgarh,1.0,chittorgarh,5.0,chittorgarh,,,90.0,chittorgarh,91.0,chittorgarh,85.5,chittorgarh,87.4,chittorgarh,Investment into our subsidiary and part financing the construction of VR Vivanta | To Meet Working Capital Requirement | General Corporate Expenses,chittorgarh,20.0,chittorgarh,0.0,85.2,90.6,93.4,0.0,869.14,923.61,1905.56,7.06,100.0,72.97,85.0,False,1600.0,136000.0,37.0,3.0,32.0,2.3,18.0,19.0,32.0,3.0,4.0,6.0,2.0,2.0,3.0,3.8,2.7,2.3,12.0,35.0,36.0,10.0,5.0,17.0,29.0,90.0,102.0,2.0,-3.0,-27.0,11.11,16.67,0.83,18.0,2.0,Mar 2023,1.0,sharescart,sharescart,investorgain,sharescart,VR.NS,,isin_authoritative,ISIN→symbol from official NSE list,match,,V R Infraspace Ltd.,V R Infraspace Limited,match
INE0SGC01015,M.V.K.Agro Food Product Ltd.,SME,MVKAGRO,,2024-02-29,2024-03-04,2024-03-07,120.0,65.88,Fixed Price,NSE SME,Horizon Management,2024,Nikunj Stock Brokers Ltd.,chittorgarh,63.0,chittorgarh,3.0,chittorgarh,4.5,chittorgarh,,,79.0,chittorgarh,82.95,chittorgarh,75.05,chittorgarh,82.95,chittorgarh,"Setting up a greenfield unit in Nanded, Maharashtra for (i) manufacturing Ethanol and (ii) generation and bottling of Bio-CNG and Fertilizer | General corporate purposes",chittorgarh,66.0,chittorgarh,0.0,3.9,13.0,8.5,0.0,128.47,428.55,557.34,,100.0,64.56,120.0,False,1200.0,144000.0,20.0,9.0,150.0,6.0,93.0,141.0,150.0,17.0,26.0,24.0,4.0,9.0,9.0,3.8,5.6,6.0,13.0,80.0,90.0,46.0,43.0,70.0,155.0,282.0,271.0,-10.0,-31.0,51.0,4.3,30.77,3.54,93.0,4.0,Mar 2023,1.0,sharescart,sharescart,,sharescart,MVKAGRO.NS,,isin_authoritative,ISIN→symbol from official NSE list,match,,M.V.K.Agro Food Product Ltd.,M.V.K. Agro Food Product Limited,match
INE0R6C01012,Purv Flexipack Ltd.,SME,PURVFLEXI,,2024-02-27,2024-02-29,2024-03-05,71.0,40.21,Bookbuilding,NSE SME,Holani Consultants,2024,Holani Consultants Pvt.Ltd.,chittorgarh,38.0,chittorgarh,2.0,chittorgarh,5.0,chittorgarh,10.77,chittorgarh,260.0,chittorgarh,273.0,chittorgarh,247.0,chittorgarh,247.0,chittorgarh,Repayment of existing borrowings availed by our company from scheduled commercial banks. | Funding the working Capital Requirements | General corporate purposes* | Total,chittorgarh,40.0,chittorgarh,157.3,690.7,448.7,421.8,3163.26,4166.53,6315.89,16961.63,49.3,92.17,,70.0,True,1600.0,113600.0,14.2,15.0,398.0,5.0,333.0,254.0,398.0,27.0,27.0,43.0,12.0,7.0,15.0,6.6,2.9,5.0,77.0,128.0,137.0,51.0,73.0,72.0,259.0,338.0,397.0,6.0,-6.0,-8.0,3.6,15.58,0.66,333.0,12.0,Mar 2023,1.0,sharescart,sharescart,ipowatch,,PURVFLEXI.NS,,isin_authoritative,ISIN→symbol from official NSE list,match,,Purv Flexipack Ltd.,Purv Flexipack Limited,match
INE0R8M01017,Owais Metal & Mineral Processing Ltd.,SME,OWAIS,,2024-02-26,2024-02-28,2024-03-04,87.0,42.69,Bookbuilding,NSE SME,Gretex Corporate,2024,Gretex Share Broking Pvt.Ltd.,chittorgarh,40.0,chittorgarh,3.0,chittorgarh,7.0,chittorgarh,11.9,chittorgarh,250.0,chittorgarh,262.5,chittorgarh,241.0,chittorgarh,262.5,chittorgarh,Purchase of Equipments to Facilitate Manufacturing | Working Capital Requirements | General Corporate Purposes,chittorgarh,43.0,chittorgarh,92.1,329.4,248.5,221.2,1965.14,2109.19,3713.19,9442.76,114.94,100.0,55.89,83.0,True,1600.0,139200.0,3.4,47.0,213.0,25.9,0.0,80.0,213.0,0.0,23.0,67.0,-0.0,15.0,47.0,-0.6,8.5,25.9,1.0,68.0,112.0,3.0,6.0,19.0,4.0,91.0,198.0,-0.0,-27.0,16.0,,-0.0,3.0,0.0,-0.0,Mar 2023,1.0,sharescart,sharescart,investorgain,sharescart,OWAIS.NS,,isin_authoritative,ISIN→symbol from official NSE list,match,,Owais Metal & Mineral Processing Ltd.,Owais Metal And Mineral Processing Limited,match
INE0K5H01010,Sadhav Shipping Ltd.,SME,SADHAV,,2024-02-23,2024-02-27,2024-03-01,95.0,38.18,Fixed Price,NSE SME,ISK Advisors,2024,Sunflower Broking Pvt.Ltd.,chittorgarh,36.0,chittorgarh,2.0,chittorgarh,5.3,chittorgarh,,,135.0,chittorgarh,141.75,chittorgarh,135.0,chittorgarh,141.75,chittorgarh,"Repayment / Prepayment, in part or full of certain outstanding borrowings availed by the Company | Part funding/ margin money of Capital Expenditure to Purchase/ Acquire additional Boats/ vessels (Pelican Conquest) | Working Capital Requirement | General Corporate Purpose",chittorgarh,38.0,chittorgarh,0.0,184.6,65.5,135.7,0.0,3523.5,1250.73,5180.45,18.95,96.44,69.44,95.0,False,1200.0,114000.0,11.6,12.0,97.0,8.2,78.0,84.0,97.0,18.0,22.0,32.0,8.0,9.0,12.0,7.5,6.4,8.2,41.0,88.0,99.0,47.0,58.0,101.0,116.0,180.0,252.0,21.0,-6.0,55.0,10.26,19.51,1.15,78.0,8.0,Mar 2023,1.0,sharescart,sharescart,ipowatch,sharescart,SADHAV.NS,,isin_authoritative,ISIN→symbol from official NSE list,match,,Sadhav Shipping Ltd.,Sadhav Shipping Limited,match
INE586O01011,Deem Roll Tech Ltd.,SME,DEEM,,2024-02-20,2024-02-22,2024-02-27,129.0,29.26,Fixed Price,NSE SME,Fedex Securities,2024,SS Corporate Securities Ltd.,chittorgarh,28.0,chittorgarh,1.0,chittorgarh,3.4,chittorgarh,,,200.0,chittorgarh,210.0,chittorgarh,190.0,chittorgarh,209.7,chittorgarh,"Funding capital expenditure towards expansion of the existing manufacturing facility at Plot No. 110/1,110/2, New Survey No. 202, Village Ganeshpura, Mehsana, Gujarat, India (“Manufacturing Unit 2”) | Funding the Working Capital Requirements | General corporate purposes",chittorgarh,29.0,chittorgarh,0.0,312.0,180.5,256.6,0.0,4563.39,2640.46,7505.93,60.47,100.0,68.06,129.0,False,1000.0,129000.0,36.9,3.0,93.0,3.5,103.0,101.0,93.0,13.0,14.0,7.0,7.0,8.0,3.0,12.1,9.4,3.5,49.0,84.0,86.0,2.0,2.0,3.0,94.0,133.0,132.0,-2.0,-4.0,-3.0,6.8,14.29,0.04,103.0,7.0,Mar 2023,1.0,sharescart,sharescart,investorgain,sharescart,DEEM.NS,,isin_authoritative,ISIN→symbol from official NSE list,match,,Deem Roll Tech Ltd.,Deem Roll Tech Limited,match
INE0QWN01013,Zenith Drugs Ltd.,SME,ZENITHDRUG,,2024-02-19,2024-02-22,2024-02-27,79.0,40.68,Bookbuilding,NSE SME,Gretex Corporate,2024,Gretex Share Broking Pvt.Ltd.,chittorgarh,34.0,chittorgarh,7.0,chittorgarh,17.1,chittorgarh,10.18,chittorgarh,110.0,chittorgarh,114.5,chittorgarh,104.5,chittorgarh,105.15,chittorgarh,Purchase of Machinery & Equipments for Setting up New Unit | Existing Manufacturing Block Upgradation | Working Capital Requirements | General Corporate Purposes | Total,chittorgarh,41.0,chittorgarh,106.7,368.8,139.3,179.2,2170.45,2249.99,1982.85,7288.24,18.99,100.0,57.53,75.0,True,1600.0,126400.0,18.8,7.0,133.0,4.2,115.0,132.0,133.0,10.0,19.0,16.0,5.0,10.0,7.0,4.1,5.6,4.2,18.0,62.0,69.0,8.0,8.0,13.0,97.0,134.0,161.0,-4.0,-16.0,-5.0,4.35,27.78,0.44,115.0,5.0,Mar 2023,1.0,sharescart,sharescart,ipowatch,sharescart,ZENITHDRUG.NS,,isin_authoritative,ISIN→symbol from official NSE list,match,,Zenith Drugs Ltd.,Zenith Drugs Limited,match
INE0RQZ01017,Esconet Technologies Ltd.,SME,ESCONET,,2024-02-16,2024-02-20,2024-02-23,84.0,28.22,Bookbuilding,NSE SME,Corporate Capitalventures,2024,SS Corporate Securities Ltd.,chittorgarh,27.0,chittorgarh,1.0,chittorgarh,3.6,chittorgarh,8.01,chittorgarh,290.0,chittorgarh,294.95,chittorgarh,275.5,chittorgarh,275.5,chittorgarh,"Working capital requirement of the company “Esconet Technologies Limited | Investment in Wholly Owned Subsidiary, viz. “Zeacloud Services Private Limited”, to fund its capital expenditure expenses. | General Corporate Expenses",chittorgarh,28.0,chittorgarh,156.0,868.1,553.0,507.2,2201.75,3674.98,5462.95,14316.34,30.95,89.18,64.94,80.0,True,1600.0,134400.0,13.8,8.0,230.0,6.1,95.0,141.0,230.0,6.0,10.0,13.0,3.0,5.0,8.0,3.6,4.4,6.1,6.0,37.0,70.0,3.0,2.0,0.0,29.0,75.0,117.0,-2.0,-1.0,2.0,3.16,50.0,0.5,95.0,3.0,Mar 2023,1.0,sharescart,sharescart,ipowatch,sharescart,ESCONET.NS,,isin_authoritative,ISIN→symbol from official NSE list,match,,Esconet Technologies Ltd.,Esconet Technologies Limited,match
INE02M801018,Kalahridhaan Trendz Ltd.,SME,KTL,,2024-02-15,2024-02-20,2024-02-23,45.0,22.49,Fixed Price,NSE SME,Interactive Financial,2024,Sunflower Broking Pvt.Ltd.,chittorgarh,21.0,chittorgarh,1.0,chittorgarh,4.5,chittorgarh,,,47.15,chittorgarh,49.5,chittorgarh,47.15,chittorgarh,49.5,chittorgarh,Working Capital Requirements | General Corporate Purposes,chittorgarh,22.0,chittorgarh,,,,,,,,,6.67,,,,,,,,,,,,,,,,,,,,,,,,,,,,,,,,,,,,,,,,,,,,ipowatch,,KTL.NS,,chittorgarh_symbol,Chittorgarh nse_symbol (ISIN not in NSE exchange list),unchecked,,Kalahridhaan Trendz Ltd.,,no_ref
INE0QJL01014,Thaai Casting Ltd.,SME,TCL,,2024-02-15,2024-02-20,2024-02-23,77.0,47.2,Bookbuilding,NSE SME,GYR Capital,2024,Giriraj Stock Broking Pvt.Ltd. Commodity Mandi Pvt.Ltd.,chittorgarh,45.0,chittorgarh,2.0,chittorgarh,4.3,chittorgarh,13.35,chittorgarh,185.9,chittorgarh,195.15,chittorgarh,176.6,chittorgarh,195.15,chittorgarh,Capital Expenditure | General Corporate Purposes,chittorgarh,47.0,chittorgarh,144.4,729.7,355.7,375.4,3408.4,5166.19,5875.24,17719.52,25.97,100.0,50.93,73.0,True,1600.0,123200.0,16.0,12.0,122.0,4.8,,71.0,122.0,,20.0,31.0,,11.0,12.0,,4.6,4.8,,72.0,83.0,,21.0,46.0,,137.0,204.0,,-25.0,1.0,,,,,,,0.0,sharescart,sharescart,ipowatch,sharescart,TCL.NS,,isin_authoritative,ISIN→symbol from official NSE list,match,,Thaai Casting Ltd.,Thaai Casting Limited,match
INE05DH01017,Atmastco Ltd.,SME,ATMASTCO,,2024-02-15,2024-02-20,2024-02-23,77.0,56.25,Fixed Price,NSE SME,Affinity Global,2024,Asnani Stock Broker Pvt.Ltd.,chittorgarh,39.0,chittorgarh,14.0,chittorgarh,25.0,chittorgarh,,,91.0,chittorgarh,95.55,chittorgarh,90.05,chittorgarh,95.55,chittorgarh,To meet working capital Expenses | To Prepayment and repayment of all a portion of certain Secured and Unsecured loan availed by our company | General Corporate Purposes* | To meet the Offer Related Expenses,chittorgarh,56.0,chittorgarh,0.0,14.9,18.2,17.6,0.0,419.65,513.03,990.62,12.99,97.39,68.43,77.0,False,1600.0,123200.0,9.9,19.0,290.0,7.8,242.0,224.0,290.0,32.0,40.0,45.0,13.0,16.0,19.0,6.6,6.6,7.8,55.0,108.0,127.0,27.0,25.0,26.0,236.0,291.0,422.0,20.0,-20.0,-33.0,5.37,23.64,0.49,242.0,13.0,Mar 2023,1.0,sharescart,sharescart,ipowatch,sharescart,ATMASTCO.NS,,isin_authoritative,ISIN→symbol from official NSE list,match,,Atmastco Ltd.,Atmastco Limited,match
INE0OPC01015,Interiors & More Ltd.,SME,INM,,2024-02-15,2024-02-20,2024-02-23,227.0,42.0,Bookbuilding,NSE SME,Gretex Corporate,2024,Gretex Share Broking Pvt.Ltd.,chittorgarh,40.0,chittorgarh,2.0,chittorgarh,4.8,chittorgarh,11.94,chittorgarh,270.0,chittorgarh,283.5,chittorgarh,270.0,chittorgarh,283.5,chittorgarh,Repayment/Prepayment of Certain Debt Facilities | Working Capital Requirements | General Corporate Purposes,chittorgarh,42.0,chittorgarh,3.5,30.3,7.4,11.2,74.35,191.03,108.94,471.29,2.2,95.08,69.93,216.0,True,600.0,136200.0,13.3,12.0,59.0,17.1,25.0,32.0,59.0,10.0,12.0,18.0,6.0,7.0,12.0,5.9,5.0,8.6,10.0,55.0,67.0,2.0,0.0,16.0,31.0,66.0,107.0,1.0,-10.0,-16.0,24.0,60.0,0.2,25.0,6.0,Mar 2023,1.0,sharescart,sharescart,ipowatch,sharescart,INM.NS,,isin_authoritative,ISIN→symbol from official NSE list,match,,Interiors & More Ltd.,Interiors & More Limited,match
INE623Y01011,Wise Travel India Ltd.,SME,WTICAB,,2024-02-12,2024-02-14,2024-02-19,147.0,94.68,Bookbuilding,NSE SME,Share India Capital,2024,Share India Securities Ltd.,chittorgarh,88.0,chittorgarh,7.0,chittorgarh,7.4,chittorgarh,26.24,chittorgarh,195.0,chittorgarh,204.75,chittorgarh,195.0,chittorgarh,204.75,chittorgarh,To Meet Working Capital Requirement | General Corporate Expenses | To Meet the Issue Expenses,chittorgarh,95.0,chittorgarh,106.7,375.6,108.8,163.5,5050.85,5333.86,3604.19,15476.83,48.3,83.25,60.36,140.0,True,1000.0,147000.0,15.0,23.0,549.0,9.8,250.0,411.0,549.0,19.0,47.0,60.0,10.0,24.0,23.0,5.9,10.0,9.8,41.0,149.0,172.0,17.0,11.0,76.0,117.0,241.0,378.0,-8.0,14.0,0.0,4.0,24.39,0.41,250.0,10.0,Mar 2023,1.0,sharescart,sharescart,investorgain,sharescart,WTICAB.NS,,isin_authoritative,ISIN→symbol from official NSE list,match,,Wise Travel India Ltd.,Wise Travel India Limited,match
INE517M01028,Polysil Irrigation Systems Ltd.,SME,POLYSIL,,2024-02-08,2024-02-13,2024-02-16,54.0,17.43,Fixed Price,NSE SME,Fedex Securities,2024,Market-Hub Stock Broking Pvt.Ltd.,chittorgarh,7.0,chittorgarh,10.0,chittorgarh,58.8,chittorgarh,,,56.0,chittorgarh,58.8,chittorgarh,53.5,chittorgarh,54.25,chittorgarh,Funding the Working Capital Requirements | General corporate purposes,chittorgarh,17.0,chittorgarh,0.0,2.1,11.6,6.9,0.0,18.48,101.31,119.96,,33.79,29.49,54.0,False,2000.0,108000.0,-0.3,-2.0,14.0,-163.0,44.0,44.0,14.0,4.0,6.0,1.0,1.0,2.0,-2.0,0.9,1.8,-1.6,15.0,25.0,23.0,2.0,1.0,1.0,55.0,78.0,89.0,2.0,-6.0,2.0,2.27,6.67,0.13,44.0,1.0,Mar 2023,1.0,sharescart,sharescart,,sharescart,POLYSIL.NS,,isin_authoritative,ISIN→symbol from official NSE list,match,,Polysil Irrigation Systems Ltd.,Polysil Irrigation Systems Limited,match
INE0R4701017,Alpex Solar Ltd.,SME,ALPEXSOLAR,,2024-02-08,2024-02-12,2024-02-15,115.0,74.52,Bookbuilding,NSE SME,Corporate Capitalventures,2024,SS Corporate Securities Ltd.,chittorgarh,71.0,chittorgarh,4.0,chittorgarh,5.3,chittorgarh,21.22,chittorgarh,329.0,chittorgarh,345.45,chittorgarh,329.0,chittorgarh,345.45,chittorgarh,Funding capital expenditure for upgradation and expansion of our existing solar module manufacturing facility by increasing 750 MW | Funding Capital Expenditure towards setting up of a new manufacturing unit for Aluminum frame for our solar module | To Meet Working Capital requirements of the Company | General Corporate Expenses,chittorgarh,75.0,chittorgarh,141.5,502.3,351.9,324.0,5271.54,5614.82,9177.99,24146.72,96.52,75.33,45.12,109.0,True,1200.0,138000.0,3.4,83.0,780.0,34.1,195.0,413.0,780.0,13.0,39.0,128.0,4.0,29.0,83.0,2.1,11.9,34.1,41.0,133.0,216.0,9.0,4.0,14.0,126.0,227.0,470.0,-7.0,-8.0,69.0,2.05,9.76,0.22,195.0,4.0,Mar 2023,1.0,sharescart,sharescart,ipowatch,sharescart,ALPEXSOLAR.NS,,isin_authoritative,ISIN→symbol from official NSE list,match,,Alpex Solar Ltd.,Alpex Solar Limited,match
INE0OYK01010,Rudra Gas Enterprise Ltd.,SME,,544121.0,2024-02-08,2024-02-12,2024-02-15,63.0,14.16,Fixed Price,BSE SME,Beeline Capital,2024,Spread X Securities Pvt.Ltd.,chittorgarh,13.0,chittorgarh,1.0,chittorgarh,7.1,chittorgarh,,,119.7,chittorgarh,125.68,chittorgarh,119.7,chittorgarh,125.68,chittorgarh,To Meet Working Capital Requirements | General Corporate Purposes,chittorgarh,14.0,chittorgarh,0.0,286.6,404.4,350.8,0.0,2029.61,2863.5,4967.46,90.48,40.64,23.86,63.0,False,2000.0,126000.0,8.4,6.0,100.0,7.5,49.0,64.0,100.0,7.0,10.0,13.0,4.0,5.0,6.0,6.9,5.6,7.5,8.0,26.0,32.0,4.0,4.0,5.0,34.0,58.0,74.0,-1.0,-4.0,-5.0,8.16,50.0,0.5,49.0,4.0,Mar 2023,1.0,sharescart,sharescart,investorgain,sharescart,,544121.BO,isin_authoritative,ISIN→symbol from official BSE list,match,,Rudra Gas Enterprise Ltd.,Rudra Gas Enterprise Ltd,match
INE0R7R01018,Italian Edibles Ltd.,SME,ITALIANE,,2024-02-02,2024-02-07,2024-02-12,68.0,26.66,Fixed Price,NSE SME,First Overseas,2024,Nikunj Stock Brokers Ltd.,chittorgarh,25.0,chittorgarh,2.0,chittorgarh,7.4,chittorgarh,,,55.0,chittorgarh,57.75,chittorgarh,52.25,chittorgarh,57.75,chittorgarh,"Repayment/ prepayment, in full or in part of certain outstanding borrowings availed by our Company | Repayment of certain Borrowings | To meet incremental working capital requirements | General Corporate Expenses | To meet the expenses of the Issue | Total",chittorgarh,27.0,chittorgarh,0.0,177.4,120.6,154.4,0.0,2363.99,1607.62,4116.49,29.41,100.0,60.0,68.0,False,2000.0,136000.0,32.4,3.0,85.0,2.1,63.0,74.0,85.0,7.0,8.0,7.0,3.0,3.0,3.0,2.4,2.1,2.1,11.0,41.0,44.0,3.0,3.0,1.0,41.0,70.0,80.0,2.0,-17.0,-3.0,4.76,27.27,0.27,63.0,3.0,Mar 2023,1.0,sharescart,sharescart,ipowatch,sharescart,ITALIANE.NS,,isin_authoritative,ISIN→symbol from official NSE list,match,,Italian Edibles Ltd.,Italian Edibles Limited,match
INE0QZF01012,Gabriel Pet Straps Ltd.,SME,,544108.0,2024-01-31,2024-02-02,2024-02-07,101.0,8.06,Fixed Price,BSE SME,Shreni Shares,2024,Shreni Shares Ltd.,chittorgarh,8.0,chittorgarh,0.0,chittorgarh,0.0,chittorgarh,,,115.0,chittorgarh,120.75,chittorgarh,111.2,chittorgarh,120.75,chittorgarh,"Repayment or prepayment, in full or in part, of borrowings availed by the Company from banks, financial institutions and non-banking financial companies | Acquisition of land | Funding of capital expenditure requirements of the Company towards set up of Solar Power Plant | General Corporate Purpose",chittorgarh,8.0,chittorgarh,0.0,361.6,122.9,246.2,0.0,1457.05,495.36,1984.32,9.9,100.0,49.29,101.0,False,1200.0,121200.0,36.1,2.0,31.0,2.8,,11.0,31.0,,1.0,3.0,,1.0,2.0,,2.5,2.8,,11.0,51.0,,2.0,1.0,,14.0,52.0,,-6.0,-31.0,,,,,,,0.0,sharescart,sharescart,ipowatch,sharescart,,544108.BO,isin_authoritative,ISIN→symbol from official BSE list,match,,Gabriel Pet Straps Ltd.,Gabriel Pet Straps Ltd,match
INE0JFJ01011,Baweja Studios Ltd.,SME,BAWEJA,,2024-01-29,2024-02-01,2024-02-06,180.0,97.2,Bookbuilding,NSE SME,Fedex Securities,2024,NNM Securities Pvt.Ltd.,chittorgarh,67.0,chittorgarh,25.0,chittorgarh,25.8,chittorgarh,5.88,chittorgarh,183.0,chittorgarh,183.0,chittorgarh,173.85,chittorgarh,173.85,chittorgarh,To meet the working capital requirements | General corporate purposes,chittorgarh,97.0,chittorgarh,2.2,1.1,4.2,2.6,105.46,15.75,142.88,254.66,13.89,100.0,35.0,170.0,True,800.0,144000.0,40.0,8.0,76.0,4.5,74.0,64.0,76.0,12.0,12.0,14.0,8.0,8.0,8.0,5.5,4.5,4.5,20.0,96.0,104.0,1.0,1.0,0.0,45.0,124.0,187.0,4.0,-18.0,-70.0,10.81,40.0,0.05,74.0,8.0,Mar 2023,1.0,sharescart,sharescart,ipowatch,sharescart,BAWEJA.NS,,isin_authoritative,ISIN→symbol from official NSE list,match,,Baweja Studios Ltd.,Baweja Studios Limited,match
INE531R01010,Megatherm Induction Ltd.,SME,MEGATHERM,,2024-01-29,2024-01-31,2024-02-05,108.0,53.91,Bookbuilding,NSE SME,Hem Securities,2024,Hem Finlease Pvt.Ltd.,chittorgarh,51.0,chittorgarh,3.0,chittorgarh,5.6,chittorgarh,15.36,chittorgarh,198.0,chittorgarh,207.9,chittorgarh,195.0,chittorgarh,207.9,chittorgarh,Funding capital expenditure towards construction of factory shed and installation of additional plant and machinery | To meet Working Capital requirements | General Corporate Purpose,chittorgarh,54.0,chittorgarh,0.0,0.0,0.0,196.1,0.0,0.0,0.0,10573.0,37.04,100.0,56.26,100.0,True,1200.0,129600.0,9.6,21.0,321.0,11.3,266.0,306.0,321.0,28.0,37.0,39.0,14.0,21.0,21.0,10.1,11.0,11.3,51.0,120.0,142.0,14.0,6.0,3.0,196.0,282.0,298.0,26.0,23.0,16.0,5.26,27.45,0.27,266.0,14.0,Mar 2023,1.0,sharescart,sharescart,ipowatch,sharescart,MEGATHERM.NS,,isin_authoritative,ISIN→symbol from official NSE list,match,,Megatherm Induction Ltd.,Megatherm Induction Limited,match
INE0OLZ01015,Harshdeep Hortico Ltd.,SME,,544105.0,2024-01-29,2024-01-31,2024-02-05,45.0,19.09,Bookbuilding,BSE SME,Hem Securities,2024,Hem Finlease Pvt.Ltd.,chittorgarh,18.0,chittorgarh,1.0,chittorgarh,5.3,chittorgarh,5.43,chittorgarh,70.0,chittorgarh,70.0,chittorgarh,66.5,chittorgarh,66.5,chittorgarh,"Repayment and/or pre-payment, in full or part, of certain borrowings availed by the Company | To meet Working Capital requirements | General Corporate Purpose",chittorgarh,19.0,chittorgarh,213.5,182.0,98.3,131.7,2038.04,520.99,656.42,2513.83,33.33,85.03,63.77,42.0,True,3000.0,135000.0,7.5,10.0,56.0,6.0,0.0,48.0,56.0,-0.0,11.0,15.0,-0.0,7.0,10.0,-0.0,4.1,6.0,0.0,37.0,47.0,0.0,0.0,0.0,0.0,45.0,56.0,-0.0,-15.0,6.0,,,,0.0,-0.0,Mar 2023,1.0,sharescart,sharescart,ipowatch,sharescart,,544105.BO,isin_authoritative,ISIN→symbol from official BSE list,match,,Harshdeep Hortico Ltd.,Harshdeep Hortico Ltd,match
INE0R5Z01015,Mayank Cattle Food Ltd.,SME,,544106.0,2024-01-29,2024-01-31,2024-02-05,108.0,19.44,Fixed Price,BSE SME,Finshore Management,2024,Rikhav Securities Ltd.,chittorgarh,18.0,chittorgarh,1.0,chittorgarh,5.3,chittorgarh,,,116.0,chittorgarh,121.8,chittorgarh,116.0,chittorgarh,119.95,chittorgarh,Funding Capital Expenditure toward purchase of additional plant and machinery | Working Capital Requirement | Issue Related Expenses | General Corporate Expenses,chittorgarh,19.0,chittorgarh,0.0,5.9,11.8,8.8,0.0,57.35,114.4,171.66,13.89,97.5,65.0,108.0,False,1200.0,129600.0,11.6,5.0,392.0,9.3,,,392.0,,,14.0,,,5.0,,,9.3,,,32.0,,,5.0,,,73.0,,,12.0,,,,,,,0.0,sharescart,sharescart,ipowatch,sharescart,,544106.BO,isin_authoritative,ISIN→symbol from official BSE list,match,,Mayank Cattle Food Ltd.,Mayank Cattle Food Ltd,match
INE0Q4701019,Fonebox Retail Ltd.,SME,FONEBOX,,2024-01-25,2024-01-30,2024-02-02,70.0,20.37,Bookbuilding,NSE SME,Beeline Capital,2024,Spread X Securities Pvt.Ltd.,chittorgarh,19.0,chittorgarh,1.0,chittorgarh,5.0,chittorgarh,5.78,chittorgarh,200.0,chittorgarh,210.0,chittorgarh,190.0,chittorgarh,210.0,chittorgarh,To Meet Working Capital Requirement | General corporate purposes | Public Issue Expenses,chittorgarh,20.0,chittorgarh,138.7,820.0,886.3,659.4,1412.56,2505.48,6319.02,13432.39,185.71,61.38,56.12,66.0,True,2000.0,140000.0,15.9,5.0,343.0,4.4,196.0,298.0,343.0,6.0,10.0,12.0,2.0,3.0,5.0,4.6,3.3,4.4,2.0,30.0,34.0,0.0,0.0,0.0,43.0,61.0,85.0,-2.0,-0.0,6.0,1.02,100.0,0.0,196.0,2.0,Mar 2023,1.0,sharescart,sharescart,investorgain,sharescart,FONEBOX.NS,,isin_authoritative,ISIN→symbol from official NSE list,match,,Fonebox Retail Ltd.,Fonebox Retail Limited,match
INE0SK801018,DelaPlex Ltd.,SME,DELAPLEX,,2024-01-25,2024-01-30,2024-02-02,192.0,46.08,Bookbuilding,NSE SME,Shreni Shares,2024,Shreni Shares Ltd.,chittorgarh,32.0,chittorgarh,12.0,chittorgarh,26.1,chittorgarh,13.11,chittorgarh,309.0,chittorgarh,324.45,chittorgarh,293.55,chittorgarh,324.45,chittorgarh,"APAC – Advertisement, Sales and Marketing expenses towards enhancing the awareness | Funding of capital expenditure requirements of our Company towards purchase of Office equipment | Funding Working Capital Requirements of our Company | General corporate purposes and unidentified inorganic acquisition",chittorgarh,46.0,chittorgarh,90.9,335.2,159.9,177.8,2094.57,2317.11,2579.03,8193.02,31.25,100.0,56.14,186.0,True,600.0,115200.0,14.4,12.0,68.0,13.3,,,68.0,,,16.0,,,12.0,,,13.4,,,74.0,,,0.0,,,81.0,,,8.0,,,,,,,0.0,sharescart,sharescart,ipowatch,sharescart,DELAPLEX.NS,,isin_authoritative,ISIN→symbol from official NSE list,match,,DelaPlex Ltd.,Delaplex Limited,match
INE0OGG01015,Docmode Health Technologies Ltd.,SME,DHTL,,2024-01-25,2024-01-30,2024-02-02,79.0,6.71,Fixed Price,NSE SME,Fedex Securities,2024,Rikhav Securities Ltd.,chittorgarh,6.0,chittorgarh,1.0,chittorgarh,14.3,chittorgarh,,,190.25,chittorgarh,199.75,chittorgarh,180.75,chittorgarh,180.75,chittorgarh,Purchase of IT infrastructure and operating system | Meeting incremental working capital requirements | General corporate purposes,chittorgarh,7.0,chittorgarh,0.0,194.9,230.4,215.2,0.0,654.07,773.14,1444.66,12.66,100.0,60.61,79.0,False,1600.0,126400.0,-12.2,-2.0,42.0,-6.5,33.0,40.0,42.0,4.0,2.0,0.0,2.0,0.0,-2.0,8.5,0.6,-6.4,3.0,10.0,8.0,4.0,4.0,1.0,17.0,30.0,39.0,-1.0,5.0,7.0,6.06,66.67,1.33,33.0,2.0,Mar 2023,1.0,sharescart,sharescart,ipowatch,sharescart,DHTL.NS,,isin_authoritative,ISIN→symbol from official NSE list,match,,Docmode Health Technologies Ltd.,Docmode Health Technologies Limited,match
INE0Q6L01014,Brisk Technovision Ltd.,SME,,544101.0,2024-01-23,2024-01-25,2024-01-31,156.0,12.48,Fixed Price,BSE SME,Sun Capital,2024,NNM Securities Pvt.Ltd.,chittorgarh,,,12.0,chittorgarh,100.0,chittorgarh,,,175.0,chittorgarh,183.75,chittorgarh,166.25,chittorgarh,183.75,chittorgarh,,,12.0,chittorgarh,0.0,0.0,0.0,47.1,0.0,0.0,0.0,587.81,22.44,81.08,33.64,156.0,False,800.0,124800.0,32.5,1.0,30.0,4.8,18.0,27.0,30.0,2.0,3.0,1.0,2.0,2.0,1.0,9.2,10.0,4.8,5.0,7.0,7.0,0.0,0.0,0.0,7.0,9.0,12.0,2.0,1.0,2.0,11.11,40.0,0.0,18.0,2.0,Mar 2023,1.0,sharescart,sharescart,ipowatch,sharescart,,544101.BO,isin_authoritative,ISIN→symbol from official BSE list,match,,Brisk Technovision Ltd.,Brisk Technovision Ltd,match
INE0RDH01021,Addictive Learning Technology Ltd.,SME,ADDICTIVE,,2024-01-19,2024-01-24,2024-01-30,140.0,60.16,Bookbuilding,NSE SME,Narnolia Financial,2024,SS Corporate Securities Ltd. Prabhat Financial Services Ltd.,chittorgarh,53.0,chittorgarh,2.0,chittorgarh,3.3,chittorgarh,16.69,chittorgarh,310.0,chittorgarh,320.0,chittorgarh,294.5,chittorgarh,294.5,chittorgarh,Unidentified Acquisition (In India & Abroad) | Identified Acquisition | Investment in Technology | Development of new courses | Branding & Marketing Expenses | Working Capital Requirement | General Corporate Purposes | Issue Expenses#,chittorgarh,60.0,chittorgarh,116.3,414.4,301.7,273.1,3497.29,3739.78,6352.59,16430.35,125.0,100.0,54.31,130.0,True,1000.0,140000.0,20.9,11.0,83.0,6.7,34.0,66.0,83.0,3.0,13.0,22.0,2.0,7.0,11.0,0.2,4.5,6.7,2.0,68.0,79.0,0.0,0.0,0.0,9.0,79.0,92.0,1.0,19.0,17.0,5.88,100.0,0.0,34.0,2.0,Mar 2023,1.0,sharescart,sharescart,investorgain,sharescart,ADDICTIVE.NS,,isin_authoritative,ISIN→symbol from official NSE list,match,,Addictive Learning Technology Ltd.,Addictive Learning Technology Limited,match
INE0QEI01011,Konstelec Engineers Ltd.,SME,KONSTELEC,,2024-01-19,2024-01-24,2024-01-30,70.0,28.7,Bookbuilding,NSE SME,Beeline Capital,2024,Spread X Securities Pvt.Ltd.,chittorgarh,27.0,chittorgarh,2.0,chittorgarh,6.9,chittorgarh,8.16,chittorgarh,210.0,chittorgarh,220.5,chittorgarh,210.0,chittorgarh,220.5,chittorgarh,To Meet Working Capital Requirements | General corporate purposes | Public Issue Expenses,chittorgarh,29.0,chittorgarh,113.8,421.4,437.7,341.8,1633.03,1813.95,4396.4,9809.66,11.43,100.0,60.92,66.0,True,2000.0,140000.0,22.6,5.0,194.0,3.1,153.0,215.0,194.0,16.0,20.0,15.0,7.0,9.0,5.0,6.5,5.9,3.1,62.0,94.0,99.0,6.0,4.0,4.0,146.0,206.0,239.0,-5.0,-27.0,-15.0,4.58,11.29,0.1,153.0,7.0,Mar 2023,1.0,sharescart,sharescart,ipowatch,sharescart,KONSTELEC.NS,,isin_authoritative,ISIN→symbol from official NSE list,match,,Konstelec Engineers Ltd.,Konstelec Engineers Limited,match
INE0PYT01018,Euphoria Infotech (India) Ltd.,SME,,544094.0,2024-01-19,2024-01-24,2024-01-30,100.0,9.6,Bookbuilding,BSE SME,Khandwala Securities,2024,Giriraj Stock Broking Pvt.Ltd.,chittorgarh,9.0,chittorgarh,1.0,chittorgarh,10.0,chittorgarh,,,190.0,chittorgarh,199.5,chittorgarh,180.5,chittorgarh,181.51,chittorgarh,Working Capital | General Corporate Expenses,chittorgarh,10.0,chittorgarh,0.0,280.9,426.7,383.9,0.0,1348.22,2047.92,3685.06,85.0,100.0,,96.0,True,1200.0,120000.0,16.4,2.0,13.0,6.1,7.0,6.0,13.0,2.0,2.0,3.0,1.0,1.0,2.0,6.7,3.2,6.1,4.0,15.0,16.0,0.0,0.0,0.0,8.0,17.0,19.0,0.0,-7.0,-1.0,14.29,25.0,0.0,7.0,1.0,Mar 2023,1.0,sharescart,sharescart,investorgain,,,544094.BO,isin_authoritative,ISIN→symbol from official BSE list,match,,Euphoria Infotech (India) Ltd.,Euphoria Infotech (India) Ltd,match
INE0Q1R01012,Qualitek Labs Ltd.,SME,,544091.0,2024-01-18,2024-01-23,2024-01-29,100.0,19.64,Fixed Price,BSE SME,Oneview Corporate,2024,Nikunj Stock Brokers Ltd.,chittorgarh,19.0,chittorgarh,1.0,chittorgarh,5.0,chittorgarh,,,190.0,chittorgarh,199.5,chittorgarh,190.0,chittorgarh,199.5,chittorgarh,Funding capital expenditure towards installation of plant and machinery for new & existing laboratories and for expansion of laboratories | Repayment of unsecured loan to Promoter | Funding of working capital requirements | General corporate purposes,chittorgarh,20.0,chittorgarh,0.0,69.4,39.2,59.0,0.0,681.35,385.32,1158.01,10.0,73.45,42.64,100.0,False,1200.0,120000.0,14.1,8.0,70.0,7.1,6.0,12.0,70.0,1.0,1.0,17.0,0.0,0.0,8.0,22.3,1.3,6.3,-1.0,1.0,87.0,0.0,0.0,31.0,14.0,21.0,161.0,1.0,-5.0,10.0,0.0,0.0,0.0,12.0,0.0,Mar 2022,2.0,sharescart,sharescart,ipowatch,sharescart,,544091.BO,isin_authoritative,ISIN→symbol from official BSE list,match,,Qualitek Labs Ltd.,Qualitek Labs Ltd,match
INE0ECC01022,Maxposure Ltd.,SME,MAXPOSURE,,2024-01-15,2024-01-17,2024-01-23,33.0,20.26,Bookbuilding,NSE SME,GYR Capital,2024,Giriraj Stock Broking Pvt.Ltd.,chittorgarh,19.0,chittorgarh,1.0,chittorgarh,5.0,chittorgarh,5.61,chittorgarh,145.0,chittorgarh,145.0,chittorgarh,137.75,chittorgarh,137.75,chittorgarh,Funding of expenses proposed to be incurred towards obtaining various certifications from the Federal Aviation Administration (“FAA”) and the European Union Aviation Safety Agency (“EASA”) for Wireless Streaming Server (“AeroHub”) and Patented Inviseo tray table | Funding working capital requirements of the Company for manufacturing the Proposed Products and the working capital requirements of the Company in the ordinary course of business | Prepayment or repayment of all or a portion of certain outstanding borrowings availed by the Company | General corporate purposes,chittorgarh,20.0,chittorgarh,162.4,1947.6,1034.2,987.5,1644.77,5919.19,7334.45,20008.12,60.61,100.0,50.68,31.0,True,4000.0,132000.0,8.9,9.0,63.0,3.7,,47.0,63.0,,12.0,12.0,,8.0,9.0,,3.6,3.7,,57.0,75.0,,1.0,1.0,,74.0,100.0,,0.0,-17.0,,,,,,,0.0,sharescart,sharescart,ipowatch,sharescart,MAXPOSURE.NS,,isin_authoritative,ISIN→symbol from official NSE list,match,,Maxposure Ltd.,Maxposure Limited,match
INE0QIS01011,Shree Marutinandan Tubes Ltd.,SME,,544083.0,2024-01-12,2024-01-16,2024-01-19,143.0,14.3,Fixed Price,BSE SME,Swastika Investmart,2024,Swastika Investmart Ltd.,chittorgarh,14.0,chittorgarh,0.0,chittorgarh,0.0,chittorgarh,,,200.0,chittorgarh,210.0,chittorgarh,200.0,chittorgarh,210.0,chittorgarh,To Meet Incremental Working Capital Requirements | General Corporate Purposes,chittorgarh,14.0,chittorgarh,0.0,32.7,59.7,47.2,0.0,233.59,426.93,674.39,11.89,100.0,59.28,143.0,False,1000.0,143000.0,17.7,3.0,114.0,8.1,47.0,92.0,114.0,4.0,4.0,5.0,2.0,3.0,3.0,8.2,7.6,8.1,3.0,19.0,22.0,2.0,2.0,0.0,16.0,33.0,61.0,-0.0,-7.0,-4.0,4.26,66.67,0.67,47.0,2.0,Mar 2023,1.0,sharescart,sharescart,investorgain,sharescart,,544083.BO,isin_authoritative,ISIN→symbol from official BSE list,match,,Shree Marutinandan Tubes Ltd.,Shree Marutinandan Tubes Ltd,match
INE0GEN01012,New Swan Multitech Ltd.,SME,,544082.0,2024-01-11,2024-01-15,2024-01-18,66.0,33.11,Bookbuilding,BSE SME,Hem Securities,2024,Hem Finlease Pvt.Ltd.,chittorgarh,31.0,chittorgarh,2.0,chittorgarh,6.1,chittorgarh,9.42,chittorgarh,125.4,chittorgarh,131.67,chittorgarh,125.4,chittorgarh,131.67,chittorgarh,"Funding of capital expenditure towards purchase of certain machineries for existing manufacturing unit located at Raian, Ludhiana | Repayment of a portion of certain borrowing availed by the Company | To meet working capital requirements | General Corporate Purpose",chittorgarh,33.0,chittorgarh,110.7,739.7,388.2,384.3,1832.23,3673.33,4498.41,12721.16,53.03,100.0,50.12,62.0,True,2000.0,132000.0,10.8,12.0,160.0,6.1,151.0,153.0,160.0,21.0,23.0,23.0,10.0,9.0,12.0,7.2,4.9,6.1,32.0,68.0,80.0,23.0,17.0,13.0,132.0,157.0,165.0,8.0,-4.0,0.0,6.62,31.25,0.72,151.0,10.0,Mar 2023,1.0,sharescart,sharescart,ipowatch,sharescart,,544082.BO,isin_authoritative,ISIN→symbol from official BSE list,match,,New Swan Multitech Ltd.,New Swan Multitech Ltd,match
INE0P0001010,Australian Premium Solar (India) Ltd.,SME,APS,,2024-01-11,2024-01-15,2024-01-18,54.0,28.08,Bookbuilding,NSE SME,Beeline Capital,2024,Spread X Securities Pvt.Ltd.,chittorgarh,27.0,chittorgarh,1.0,chittorgarh,3.6,chittorgarh,7.99,chittorgarh,140.0,chittorgarh,147.0,chittorgarh,140.0,chittorgarh,147.0,chittorgarh,Funding Capital Expenditure | To Meet Working Capital Requirements | General Corporate Purpos,chittorgarh,28.0,chittorgarh,107.0,772.9,535.8,464.2,1502.56,3255.33,5265.55,13034.46,18.52,54.61,24.94,51.0,True,2000.0,108000.0,2.7,40.0,439.0,20.3,,,439.0,,,59.0,,,40.0,,,20.3,,,88.0,,,8.0,,,212.0,,,24.0,,,,,,,0.0,sharescart,sharescart,ipowatch,sharescart,APS.NS,,isin_authoritative,ISIN→symbol from official NSE list,match,,Australian Premium Solar (India) Ltd.,Australian Premium Solar (India) Limited,match
INE0O7401018,IBL Finance Ltd.,SME,IBLFL,,2024-01-09,2024-01-11,2024-01-16,51.0,33.41,Fixed Price,NSE SME,Fedex Securities,2024,Market-Hub Stock Broking Pvt.Ltd.,chittorgarh,32.0,chittorgarh,1.0,chittorgarh,3.0,chittorgarh,,,56.0,chittorgarh,58.8,chittorgarh,56.0,chittorgarh,58.8,chittorgarh,"Augmenting our Company’s Tier – I capital base to meet the Company’s future capital requirements, arising out of the growth of the business and asset | General corporate purposes",chittorgarh,33.0,chittorgarh,0.0,11.1,24.0,18.0,0.0,190.87,412.08,615.64,7.84,100.0,71.66,51.0,False,2000.0,102000.0,51.0,2.0,13.0,1.0,13.0,14.0,13.0,4.0,4.0,7.0,2.0,2.0,2.0,1.1,0.9,1.0,21.0,56.0,59.0,0.0,0.0,44.0,22.0,66.0,113.0,-8.0,-31.0,-46.0,15.38,9.52,0.0,13.0,2.0,Mar 2023,1.0,sharescart,sharescart,investorgain,sharescart,IBLFL.NS,,isin_authoritative,ISIN→symbol from official NSE list,match,,IBL Finance Ltd.,IBL Finance Limited,match
INE1HK501016,Modern Diagnostic & Research Centre Ltd.,SME,,544673.0,2025-12-31,2026-01-02,2026-01-07,90.0,36.89,Bookbuilding,BSE SME,Beeline Capital,2025,Spread X Securities Pvt.Ltd.,chittorgarh,35.0,chittorgarh,2.0,chittorgarh,5.4,chittorgarh,10.45,chittorgarh,99.5,chittorgarh,100.0,chittorgarh,94.53,chittorgarh,94.99,chittorgarh,Funding capital expenditure for purchase of medical Equipments for diagnostic centre and laboratories | Funding Working Capital Requirement | Repayment of certain outstanding borrowings availed by the Company | General Corporate Expenses,chittorgarh,37.0,chittorgarh,,,,,,,,,,,,,,,,,,,,,,,,,,,,,,,,,,,,,,,,,,,,,,,,,,,,,,,,544673.BO,isin_authoritative,ISIN→symbol from official BSE list,match,,Modern Diagnostic & Research Centre Ltd.,Modern Diagnostic & Research Centre Ltd,match
INE1CEJ01017,E to E Transportation Infrastructure Ltd.,SME,E2ERAIL,,2025-12-26,2025-12-30,2026-01-02,174.0,84.22,Bookbuilding,NSE SME,Hem Securities,2025,Hem Finlease Pvt.Ltd.,chittorgarh,80.0,chittorgarh,4.0,chittorgarh,4.8,chittorgarh,23.97,chittorgarh,330.6,chittorgarh,347.1,chittorgarh,314.2,chittorgarh,327.8,chittorgarh,To meet working capital requirements | General Corporate Purpose,chittorgarh,84.0,chittorgarh,0.0,0.0,0.0,0.0,3779.47,10473.9,15301.34,29554.71,93.1,44.77,32.51,164.0,True,1600.0,278400.0,15.0,14.0,251.0,11.6,135.0,170.0,251.0,16.0,22.0,32.0,8.0,10.0,14.0,12.3,15.4,11.6,57.0,67.0,116.0,9.0,8.0,5.0,145.0,201.0,295.0,-1.0,7.0,-9.0,5.58,12.07,0.04,251.0,14.0,Mar 2025,3.0,sharescart,sharescart,sharescart,sharescart,E2ERAIL.NS,,isin_authoritative,ISIN→symbol from official NSE list,match,,E to E Transportation Infrastructure Ltd.,E To E Transportation Infrastructure Limited,match
INE0X4A01013,Apollo Techno Industries Ltd.,SME,,544671.0,2025-12-23,2025-12-26,2025-12-31,130.0,47.96,Bookbuilding,BSE SME,Beeline Capital,2025,Spread X Securities Pvt.Ltd.,chittorgarh,46.0,chittorgarh,2.0,chittorgarh,4.2,chittorgarh,13.65,chittorgarh,145.0,chittorgarh,152.25,chittorgarh,140.0,chittorgarh,151.95,chittorgarh,To Meet Working Capital Requirements | General Corporate Purpose | Public Issue Expenses,chittorgarh,48.0,chittorgarh,1.5,2.5,1.3,1.7,14.09,23.11,21.45,58.66,6.9,100.0,73.05,123.0,True,2000.0,260000.0,9.4,14.0,99.0,13.8,72.0,69.0,99.0,4.0,8.0,18.0,1.0,3.0,14.0,0.9,3.2,13.8,8.0,12.0,25.0,33.0,21.0,9.0,65.0,67.0,75.0,-1.0,3.0,14.0,14.14,56.0,0.36,99.0,14.0,Mar 2025,3.0,sharescart,sharescart,sharescart,sharescart,,544671.BO,isin_authoritative,ISIN→symbol from official BSE list,match,,Apollo Techno Industries Ltd.,Apollo Techno Industries Ltd,match
INE1IJQ01026,Bai Kakaji Polymers Ltd.,SME,,544670.0,2025-12-23,2025-12-26,2025-12-31,186.0,105.17,Bookbuilding,BSE SME,Hem Securities,2025,Hem Finlease Pvt.Ltd.,chittorgarh,100.0,chittorgarh,5.0,chittorgarh,4.8,chittorgarh,29.91,chittorgarh,190.0,chittorgarh,192.0,chittorgarh,180.5,chittorgarh,188.2,chittorgarh,"Repayment and/or pre-payment, in full or part, of borrowing availed by our Company | Funding capital expenditure for the installation of additional plant & machinery | Funding capital expenditure for setting up a solar power project | General Corporate Purpose",chittorgarh,105.0,chittorgarh,7.9,6.1,3.5,5.4,157.57,122.83,123.47,403.87,1.6,100.0,73.55,177.0,True,1200.0,223200.0,2.3,18.0,325.0,80.8,273.0,295.0,325.0,17.0,23.0,40.0,4.0,9.0,18.0,2.7,6.0,11.5,26.0,35.0,54.0,0.0,8.0,46.0,91.0,98.0,202.0,13.0,21.0,-10.0,5.54,33.33,0.85,325.0,18.0,Mar 2025,3.0,sharescart,sharescart,sharescart,sharescart,,544670.BO,isin_authoritative,ISIN→symbol from official BSE list,match,,Bai Kakaji Polymers Ltd.,Bai-Kakaji Polymers Ltd,match
INE0XLO01010,Admach Systems Ltd.,SME,,544669.0,2025-12-23,2025-12-26,2025-12-31,239.0,42.6,Bookbuilding,BSE SME,Aftertrade Broking,2025,Aftertrade Broking Pvt.Ltd. NNM Securities Pvt.Ltd.,chittorgarh,40.0,chittorgarh,3.0,chittorgarh,7.0,chittorgarh,5.03,chittorgarh,191.2,chittorgarh,200.75,chittorgarh,191.2,chittorgarh,200.75,chittorgarh,Funding of capital expenditure requirements of our Company towards purchase of new machinery and installation cost thereon | Funding Working Capital Requirements of our Company | General corporate purposes,chittorgarh,43.0,chittorgarh,1.5,6.2,3.8,3.9,14.12,69.33,64.85,148.3,4.6,71.87,52.95,227.0,True,1200.0,286800.0,19.0,6.0,53.0,12.6,13.0,20.0,53.0,1.0,6.0,10.0,0.0,3.0,6.0,0.2,5.2,12.2,2.0,6.0,22.0,4.0,3.0,0.0,20.0,36.0,56.0,-2.0,-8.0,0.0,11.32,27.27,0.0,53.0,6.0,Mar 2025,3.0,sharescart,sharescart,sharescart,sharescart,,544669.BO,isin_authoritative,ISIN→symbol from official BSE list,match,,Admach Systems Ltd.,Admach Systems Ltd,match
INE0YJA01011,Nanta Tech Ltd.,SME,,544668.0,2025-12-23,2025-12-26,2025-12-31,220.0,31.81,Bookbuilding,BSE SME,Smart Horizon Capital,2025,Shreni Shares Ltd.,chittorgarh,30.0,chittorgarh,2.0,chittorgarh,6.2,chittorgarh,7.92,chittorgarh,234.0,chittorgarh,245.7,chittorgarh,234.0,chittorgarh,245.7,chittorgarh,Funding capital expenditure requirements of our company towards setting up an experience centre cum product display area | Funding Working Capital Requirements of our Company | General corporate purposes | Total,chittorgarh,32.0,chittorgarh,0.0,0.0,0.0,0.0,0.0,0.32,0.42,0.74,9.1,79.88,57.36,209.0,True,1200.0,264000.0,16.9,5.0,51.0,13.0,,13.0,51.0,,2.0,6.0,,2.0,5.0,,5.3,12.8,,6.0,14.0,,0.0,0.0,,16.0,31.0,,0.0,-2.0,9.8,35.71,0.0,51.0,5.0,Mar 2025,2.0,sharescart,sharescart,sharescart,sharescart,,544668.BO,isin_authoritative,ISIN→symbol from official BSE list,match,,Nanta Tech Ltd.,Nanta Tech Ltd,match
INE2HJL01019,Dhara Rail Projects Ltd.,SME,DHARARAIL,,2025-12-23,2025-12-26,2025-12-31,126.0,50.2,Bookbuilding,NSE SME,Hem Securities,2025,Hem Finlease Pvt.Ltd.,chittorgarh,48.0,chittorgarh,2.0,chittorgarh,4.0,chittorgarh,14.28,chittorgarh,150.0,chittorgarh,157.5,chittorgarh,142.6,chittorgarh,157.5,chittorgarh,"Repayment and/or pre-payment, in full or part, of borrowing availed by our Company | To Meet Working Capital Requirements of our Company | General Corporate Purpose",chittorgarh,50.0,chittorgarh,0.0,0.0,0.0,0.0,679.22,1427.29,1629.18,3735.69,13.1,98.33,72.35,120.0,True,2000.0,252000.0,21.4,7.0,44.0,5.9,27.0,31.0,44.0,2.0,4.0,9.0,1.0,3.0,7.0,1.0,2.7,5.9,3.0,6.0,13.0,0.0,0.0,0.0,34.0,47.0,46.0,-2.0,-2.0,-5.0,15.91,53.85,0.0,44.0,7.0,Mar 2025,3.0,sharescart,sharescart,sharescart,sharescart,DHARARAIL.NS,,isin_authoritative,ISIN→symbol from official NSE list,match,,Dhara Rail Projects Ltd.,Dhara Rail Projects Limited,match
INE0CTB01014,Sundrex Oil Co.Ltd.,SME,SOCL,,2025-12-22,2025-12-24,2025-12-30,86.0,32.24,Bookbuilding,NSE SME,Affinity Global,2025,Sunflower Broking Pvt.Ltd.,chittorgarh,31.0,chittorgarh,1.0,chittorgarh,3.1,chittorgarh,,,68.8,chittorgarh,68.8,chittorgarh,65.4,chittorgarh,65.4,chittorgarh,To meet working capital Expenses | To meet Capital Expenditure | General Corporate Purposes | Prepayment and repayment of all or a portion of certain secured and unsecured loan,chittorgarh,32.0,chittorgarh,0.0,0.0,0.0,0.0,0.65,13.76,34.15,48.56,19.77,100.0,72.01,81.0,True,3200.0,275200.0,10.6,5.0,67.0,8.1,,48.0,67.0,,5.0,9.0,,3.0,5.0,,18.6,5.6,,4.0,15.0,,6.0,11.0,,24.0,39.0,,0.0,-1.0,7.46,33.33,0.73,67.0,5.0,Mar 2025,2.0,sharescart,sharescart,ipowatch,sharescart,SOCL.NS,,isin_authoritative,ISIN→symbol from official NSE list,match,,Sundrex Oil Co.Ltd.,Sundrex Oil Company Limited,match
INE1CRP01016,Shyam Dhani Industries Ltd.,SME,SHYAMDHANI,,2025-12-22,2025-12-24,2025-12-30,70.0,38.49,Bookbuilding,NSE SME,Holani Consultants,2025,Holani Consultants Pvt.Ltd.,chittorgarh,37.0,chittorgarh,1.0,chittorgarh,2.6,chittorgarh,10.92,chittorgarh,133.0,chittorgarh,139.65,chittorgarh,133.0,chittorgarh,139.65,chittorgarh,"Funding the incremental working capital requirements of our company | Repayment/Pre-payment, in full or in part, of certain outstanding borrowings availed by our company. | Brand Creation and Marketing Expenses | Capital Expenditure towards the purchase of new additional machineries to be installed at the existing manufacturing unit | Purchase and installation of Solar Rooftop Plant at the existing manufacturing unit | General Corporate Purposes",chittorgarh,38.0,chittorgarh,0.0,0.0,0.0,0.0,1872.61,8875.15,14561.15,25308.91,97.1,100.0,71.99,65.0,True,4000.0,280000.0,13.0,8.0,125.0,5.4,68.0,108.0,125.0,6.0,11.0,15.0,3.0,6.0,8.0,2.0,4.2,5.4,9.0,16.0,24.0,5.0,6.0,11.0,28.0,53.0,82.0,3.0,-5.0,-6.0,6.4,33.33,0.46,125.0,8.0,Mar 2025,3.0,sharescart,sharescart,sharescart,sharescart,SHYAMDHANI.NS,,isin_authoritative,ISIN→symbol from official NSE list,match,,Shyam Dhani Industries Ltd.,Shyam Dhani Industries Limited,match
INE1F9M01018,Dachepalli Publishers Ltd.,SME,,544667.0,2025-12-22,2025-12-24,2025-12-30,102.0,40.39,Bookbuilding,BSE SME,Synfinx Capital,2025,JSK Securities & Services Pvt.Ltd.,chittorgarh,38.0,chittorgarh,2.0,chittorgarh,5.0,chittorgarh,11.48,chittorgarh,81.6,chittorgarh,85.65,chittorgarh,77.55,chittorgarh,79.15,chittorgarh,"To part finance the requirement of Working Capital | Repayment of certain borrowing availed by our Company, in part or full | To meet General corporate purposes",chittorgarh,40.0,chittorgarh,1.3,2.5,1.9,1.9,9.88,19.55,25.48,54.91,9.8,88.07,64.78,100.0,True,2400.0,244800.0,14.8,8.0,64.0,6.9,45.0,51.0,64.0,3.0,7.0,13.0,0.0,3.0,8.0,0.4,3.0,6.9,16.0,20.0,27.0,28.0,41.0,44.0,80.0,93.0,104.0,1.0,5.0,3.0,12.5,29.63,1.63,64.0,8.0,Mar 2025,3.0,sharescart,sharescart,ipowatch,sharescart,,544667.BO,isin_authoritative,ISIN→symbol from official BSE list,match,,Dachepalli Publishers Ltd.,Dachepalli Publishers Ltd,match
INE1KEC01023,EPW India Ltd.,SME,EPWINDIA,,2025-12-22,2025-12-24,2025-12-30,97.0,31.81,Bookbuilding,NSE SME,GetFive Advisors,2025,SMC Global Securities Ltd.,chittorgarh,30.0,chittorgarh,2.0,chittorgarh,6.2,chittorgarh,9.04,chittorgarh,111.0,chittorgarh,116.55,chittorgarh,111.0,chittorgarh,116.55,chittorgarh,To Meet Working Capital Requirements | Repayment of banking facilities availed by the company | General Corporate Purpose,chittorgarh,32.0,chittorgarh,0.0,0.0,0.0,0.0,7.04,8.56,13.85,29.45,2.6,100.0,71.43,95.0,True,2400.0,232800.0,0.2,4.0,53.0,433.3,7.0,19.0,53.0,0.0,1.0,6.0,0.0,1.0,4.0,0.1,0.9,5.3,0.0,1.0,5.0,0.0,0.0,0.0,6.0,8.0,27.0,0.0,0.0,-11.0,7.55,80.0,0.0,53.0,4.0,Mar 2025,3.0,sharescart,sharescart,sharescart,sharescart,EPWINDIA.NS,,isin_authoritative,ISIN→symbol from official NSE list,match,,EPW India Ltd.,EPW India Limited,match
INE0TD401015,MARC Technocrats Ltd.,SME,MARC,,2025-12-17,2025-12-19,2025-12-24,93.0,42.59,Bookbuilding,NSE SME,Narnolia Financial,2025,Giriraj Stock Broking Pvt.Ltd.,chittorgarh,32.0,chittorgarh,8.0,chittorgarh,18.6,chittorgarh,,,74.4,chittorgarh,74.4,chittorgarh,70.7,chittorgarh,70.7,chittorgarh,Funding capital expenditure requirements for the purchase of equipment/machineries | To meet out the expenses of Working Capital Requirement | To meet out the General Corporate Purposes; | Offer for Sale (OFS),chittorgarh,43.0,chittorgarh,0.0,0.0,0.0,0.0,4.14,181.65,214.92,400.71,4.3,99.99,73.55,88.0,True,2400.0,223200.0,16.9,7.0,48.0,5.5,20.0,26.0,48.0,4.0,6.0,11.0,3.0,3.0,7.0,1.9,2.5,5.5,17.0,20.0,28.0,0.0,1.0,1.0,21.0,26.0,35.0,4.0,5.0,5.0,14.58,25.0,0.04,48.0,7.0,Mar 2025,3.0,sharescart,sharescart,ipowatch,sharescart,MARC.NS,,isin_authoritative,ISIN→symbol from official NSE list,match,,MARC Technocrats Ltd.,Marc Technocrats Limited,match
INE1ITY01011,Global Ocean Logistics India Ltd.,SME,,544665.0,2025-12-17,2025-12-19,2025-12-24,78.0,30.41,Bookbuilding,BSE SME,Marwadi Chandarana Intermediaries,2025,Mansi Share & Stock Broking Pvt.Ltd.,chittorgarh,29.0,chittorgarh,1.0,chittorgarh,3.3,chittorgarh,8.65,chittorgarh,79.2,chittorgarh,82.4,chittorgarh,79.2,chittorgarh,79.29,chittorgarh,Funding working capital requirements of the Company | General corporate purposes,chittorgarh,30.0,chittorgarh,4.8,22.1,11.9,12.8,27.48,129.5,120.58,277.57,,82.0,59.86,74.0,True,3200.0,249600.0,11.1,7.0,191.0,7.0,189.0,102.0,191.0,5.0,4.0,10.0,4.0,3.0,7.0,3.9,2.7,0.7,6.0,9.0,17.0,0.0,0.0,0.0,18.0,24.0,35.0,-0.0,2.0,-2.0,3.66,41.18,0.0,191.0,7.0,Mar 2025,3.0,sharescart,sharescart,,sharescart,,544665.BO,isin_authoritative,ISIN→symbol from official BSE list,match,,Global Ocean Logistics India Ltd.,Global Ocean Logistics India Ltd,match
INE1NQ501012,Neptune Logitek Ltd.,SME,,544663.0,2025-12-15,2025-12-17,2025-12-22,126.0,46.62,Fixed Price,BSE SME,Galactico Corporate,2025,Asnani Stock Broker Pvt.Ltd.,chittorgarh,44.0,chittorgarh,3.0,chittorgarh,6.4,chittorgarh,,,100.8,chittorgarh,100.8,chittorgarh,95.8,chittorgarh,95.8,chittorgarh,Funding capital expenditure requirement of our company towards Purchase of trucks (“Vehicles”) and ancillary equipment | Funding towards Repayment of Loan | Funding expenditure for General Corporate Purpose,chittorgarh,47.0,chittorgarh,0.0,0.0,0.0,0.0,0.0,9.49,64.16,73.65,23.81,99.99,72.99,126.0,False,2000.0,252000.0,13.7,9.0,257.0,9.2,185.0,175.0,257.0,6.0,10.0,22.0,-0.0,0.0,9.0,-0.2,0.0,9.2,11.0,11.0,20.0,22.0,39.0,30.0,75.0,95.0,119.0,-4.0,-1.0,12.0,3.5,45.0,1.5,257.0,9.0,Mar 2025,3.0,sharescart,sharescart,ipowatch,sharescart,,544663.BO,isin_authoritative,ISIN→symbol from official BSE list,match,,Neptune Logitek Ltd.,Neptune Logitek Ltd,match
INE1A6Q01010,Ashwini Container Movers Ltd.,SME,ASHWINI,,2025-12-12,2025-12-16,2025-12-19,142.0,71.0,Bookbuilding,NSE SME,Corporate Professionals,2025,Choice Equity Broking Pvt.Ltd.,chittorgarh,67.0,chittorgarh,4.0,chittorgarh,5.6,chittorgarh,20.11,chittorgarh,147.0,chittorgarh,147.0,chittorgarh,139.65,chittorgarh,140.1,chittorgarh,"Repayment and/or pre-payment, in full or part, of certain borrowings availed by the Company | Funding capital expenditure requirement of the company towards purchase of trucks | General Corporate Purposes.",chittorgarh,71.0,chittorgarh,0.0,0.0,0.0,0.0,17.65,39.36,27.24,84.25,3.5,100.0,66.66,135.0,True,2000.0,284000.0,12.3,11.0,94.0,11.5,77.0,79.0,94.0,12.0,14.0,27.0,2.0,1.0,11.0,2.1,1.4,11.5,8.0,9.0,21.0,31.0,35.0,39.0,66.0,78.0,101.0,10.0,8.0,20.0,11.7,52.38,1.86,94.0,11.0,Mar 2025,3.0,sharescart,sharescart,sharescart,sharescart,ASHWINI.NS,,isin_authoritative,ISIN→symbol from official NSE list,match,,Ashwini Container Movers Ltd.,Ashwini Container Movers Limited,match
INE19I001020,Exim Routes Ltd.,SME,EXIMROUTES,,2025-12-12,2025-12-16,2025-12-19,88.0,43.73,Bookbuilding,NSE SME,Narnolia Financial,2025,Nikunj Stock Brokers Ltd.,chittorgarh,42.0,chittorgarh,2.0,chittorgarh,4.5,chittorgarh,12.42,chittorgarh,110.0,chittorgarh,115.5,chittorgarh,104.5,chittorgarh,115.5,chittorgarh,To meet out the expenses for Development and Maintenance of the ERIS platform | To meet out the expenses for Working Capital to fund business growth | To meet out the expenses for Investment in Office space to accommodate new hires | General Corporate Purposes,chittorgarh,44.0,chittorgarh,0.0,0.0,0.0,0.0,158.2,142.39,144.97,445.56,36.4,71.35,52.44,83.0,True,3200.0,281600.0,16.9,8.0,121.0,5.2,36.0,72.0,121.0,1.0,5.0,11.0,0.0,4.0,8.0,0.3,2.5,4.9,1.0,4.0,21.0,0.0,1.0,2.0,7.0,20.0,47.0,-0.0,-1.0,-5.0,6.61,38.1,0.1,121.0,8.0,Mar 2025,3.0,sharescart,sharescart,sharescart,sharescart,EXIMROUTES.NS,,isin_authoritative,ISIN→symbol from official NSE list,match,,Exim Routes Ltd.,Exim Routes Limited,match
INE16QA01011,Stanbik Agro Ltd.,SME,,544659.0,2025-12-12,2025-12-16,2025-12-19,30.0,12.28,Fixed Price,BSE SME,Grow House Wealth,2025,MNM Stock Broking Pvt.Ltd.,chittorgarh,12.0,chittorgarh,0.0,chittorgarh,0.0,chittorgarh,,,31.75,chittorgarh,33.33,chittorgarh,31.75,chittorgarh,33.33,chittorgarh,Expansion of our Retail Network by launching new Retail Outlets | Brokerage Charges | Security Deposits | To Meet the Working Capital Requirement | General Corporate Purpose,chittorgarh,12.0,chittorgarh,0.0,0.0,0.0,0.0,0.0,7.99,9.94,17.93,,98.92,68.52,30.0,False,8000.0,240000.0,5.9,4.0,52.0,5.1,20.0,27.0,52.0,1.0,2.0,5.0,1.0,2.0,4.0,5.1,9.3,4.0,1.0,3.0,17.0,0.0,0.0,0.0,8.0,17.0,19.0,0.0,0.0,-10.0,7.69,23.53,0.0,52.0,4.0,Mar 2025,3.0,sharescart,sharescart,,sharescart,,544659.BO,isin_authoritative,ISIN→symbol from official BSE list,match,,Stanbik Agro Ltd.,Stanbik Agro Ltd,match
INE1E1V01017,HRS Aluglaze Ltd.,SME,,544656.0,2025-12-11,2025-12-15,2025-12-18,96.0,50.92,Bookbuilding,BSE SME,Cumulative Capital,2025,MNM Stock Broking Pvt.Ltd.,chittorgarh,48.0,chittorgarh,3.0,chittorgarh,5.9,chittorgarh,10.02,chittorgarh,126.0,chittorgarh,132.3,chittorgarh,126.0,chittorgarh,132.3,chittorgarh,"Funding capital expenditure to set up assembly & glass glazing line at Rajoda, Ahmedabad for façade work. | Funding of working capital requirements of the Company | General corporate purposes",chittorgarh,51.0,chittorgarh,19.5,60.5,49.5,42.0,269.99,598.68,849.14,1717.82,25.0,100.0,72.49,94.0,True,2400.0,230400.0,25.3,5.0,42.0,3.8,23.0,27.0,42.0,2.0,4.0,11.0,1.0,2.0,5.0,0.6,1.3,3.7,8.0,10.0,20.0,16.0,17.0,25.0,34.0,42.0,81.0,-2.0,1.0,3.0,11.9,25.0,1.25,42.0,5.0,Mar 2025,3.0,sharescart,sharescart,sharescart,sharescart,,544656.BO,isin_authoritative,ISIN→symbol from official BSE list,match,,HRS Aluglaze Ltd.,HRS Aluglaze Ltd,match
INE14LM01012,Pajson Agro India Ltd.,SME,,544657.0,2025-12-11,2025-12-15,2025-12-18,118.0,74.45,Bookbuilding,BSE SME,Smart Horizon Capital,2025,Giriraj Stock Broking Pvt.Ltd.,chittorgarh,70.0,chittorgarh,4.0,chittorgarh,5.4,chittorgarh,20.91,chittorgarh,124.0,chittorgarh,130.2,chittorgarh,120.05,chittorgarh,130.2,chittorgarh,"Capital Expenditure towards Establishment of a Second Cashew Processing Facility at Vizianagaram, Andhra Pradesh | General Corporate Purpose",chittorgarh,74.0,chittorgarh,10.9,5.2,3.9,6.1,152.3,77.12,95.41,324.83,5.1,85.0,62.47,112.0,True,2400.0,283200.0,10.1,20.0,187.0,11.7,101.0,96.0,187.0,1.0,6.0,30.0,0.0,3.0,20.0,0.0,1.9,11.7,20.0,24.0,44.0,0.0,0.0,0.0,50.0,55.0,66.0,12.0,-9.0,16.0,10.7,45.45,0.0,187.0,20.0,Mar 2025,3.0,sharescart,sharescart,sharescart,sharescart,,544657.BO,isin_authoritative,ISIN→symbol from official BSE list,match,,Pajson Agro India Ltd.,Pajson Agro India Ltd,match
INE0O9L01010,Shipwaves Online Ltd.,SME,,544646.0,2025-12-10,2025-12-12,2025-12-17,12.0,56.35,Fixed Price,BSE SME,Finshore Management,2025,Anant Securities,chittorgarh,54.0,chittorgarh,2.0,chittorgarh,3.6,chittorgarh,,,12.0,chittorgarh,12.0,chittorgarh,11.4,chittorgarh,11.4,chittorgarh,"To meet Working Capital Requirements of Issuer Company | Investment in Subsidiary for funding its working capital requirements | Repayment and/or pre-payment, in full or part, of certain borrowings availed by the Issuer Company | General Corporate Expenses",chittorgarh,56.0,chittorgarh,0.0,0.0,0.0,0.0,0.0,12.49,78.29,90.78,,99.96,66.79,12.0,False,20000.0,240000.0,10.0,12.0,108.0,1.2,69.0,97.0,108.0,4.0,12.0,19.0,2.0,6.0,12.0,0.2,0.6,1.1,9.0,15.0,26.0,0.0,4.0,3.0,26.0,54.0,82.0,2.0,3.0,-0.0,11.11,46.15,0.12,108.0,12.0,Mar 2025,3.0,sharescart,sharescart,,sharescart,,544646.BO,isin_authoritative,ISIN→symbol from official BSE list,match,,Shipwaves Online Ltd.,Shipwaves Online Ltd,match
INE1FHV01026,Unisem Agritech Ltd.,SME,,544648.0,2025-12-10,2025-12-12,2025-12-17,65.0,21.45,Bookbuilding,BSE SME,GetFive Advisors,2025,SMC Global Securities Ltd.,chittorgarh,20.0,chittorgarh,1.0,chittorgarh,4.8,chittorgarh,6.08,chittorgarh,65.0,chittorgarh,66.0,chittorgarh,61.75,chittorgarh,61.75,chittorgarh,To meet the Working Capital requirement | To Repay the Banking Facilities availed by the company | General Corporate Purpose,chittorgarh,21.0,chittorgarh,1.8,1.6,2.3,2.0,7.25,6.57,16.3,30.12,,99.997,70.88,63.0,True,4000.0,260000.0,12.3,4.0,69.0,5.3,47.0,61.0,69.0,3.0,4.0,7.0,1.0,2.0,4.0,1.6,2.7,5.3,4.0,5.0,10.0,1.0,2.0,3.0,26.0,30.0,48.0,1.0,4.0,2.0,5.8,40.0,0.3,69.0,4.0,Mar 2025,3.0,sharescart,sharescart,,sharescart,,544648.BO,isin_authoritative,ISIN→symbol from official BSE list,match,,Unisem Agritech Ltd.,Unisem Agritech Ltd,match
INE1DKT01011,Riddhi Display Equipments Ltd.,SME,,544640.0,2025-12-08,2025-12-10,2025-12-15,100.0,24.68,Bookbuilding,BSE SME,Jawa Capital,2025,Prabhat Financial Services Ltd.,chittorgarh,23.0,chittorgarh,2.0,chittorgarh,8.0,chittorgarh,,,80.0,chittorgarh,80.0,chittorgarh,76.0,chittorgarh,76.0,chittorgarh,"Capital expenditure towards interior work and for purchase of new equipment/machineries for setting up of Manufacturing cum assembly Unit at Lucknow, Uttar Pradesh | Capital expenditure towards purchase of new equipment/machineries/softw are etc. for upgradation of existing Manufacturing Unit of the Company located at Gondal, Rajkot | Capital expenditure towards setting up of Showroom at Gondal, Rajkot | Funding working capital requirements | General Corporate Purpose",chittorgarh,25.0,chittorgarh,2.2,1.8,7.9,4.7,0.55,23.39,92.5,116.44,1.0,99.99,71.43,95.0,True,2400.0,240000.0,14.7,4.0,25.0,6.8,18.0,19.0,25.0,1.0,4.0,7.0,0.0,2.0,4.0,0.6,5.4,6.7,1.0,3.0,10.0,4.0,2.0,5.0,17.0,19.0,32.0,1.0,-0.0,-1.0,16.0,40.0,0.5,25.0,4.0,Mar 2025,3.0,sharescart,sharescart,ipowatch,sharescart,,544640.BO,isin_authoritative,ISIN→symbol from official BSE list,match,,Riddhi Display Equipments Ltd.,Riddhi Display Equipments Ltd,match
INE10XK01019,Prodocs Solutions Ltd.,SME,,544643.0,2025-12-08,2025-12-10,2025-12-15,138.0,27.6,Bookbuilding,BSE SME,Cumulative Capital,2025,Fortune Fiscal Limited,chittorgarh,21.0,chittorgarh,6.0,chittorgarh,21.4,chittorgarh,7.7,chittorgarh,144.0,chittorgarh,151.2,chittorgarh,141.0,chittorgarh,151.2,chittorgarh,"Design, development, implementation & support for a tailored software to meet the specific needs of the Company | Funding capital expenditure towards purchase & installation of IT equipment, computer hardware, and other ancillary equipment | Repayment and/or pre-payment, in full or part, of certain outstanding borrowings availed by the Company | Funding working capital requirements of the Company | General corporate purposes",chittorgarh,28.0,chittorgarh,1.6,3.7,2.4,2.5,8.18,20.48,22.02,50.69,,74.31,51.77,131.0,True,2000.0,276000.0,14.4,5.0,42.0,9.6,37.0,45.0,42.0,2.0,5.0,8.0,2.0,3.0,5.0,3.8,7.8,9.4,3.0,6.0,19.0,0.0,2.0,4.0,8.0,13.0,35.0,3.0,3.0,3.0,11.9,26.32,0.21,42.0,5.0,Mar 2025,3.0,sharescart,sharescart,,sharescart,,544643.BO,isin_authoritative,ISIN→symbol from official BSE list,match,,Prodocs Solutions Ltd.,Prodocs Solutions Ltd,match
INE1IE301018,K.V.Toys India Ltd.,SME,,544641.0,2025-12-08,2025-12-10,2025-12-15,239.0,40.15,Bookbuilding,BSE SME,GYR Capital,2025,Giriraj Stock Broking Pvt.Ltd.,chittorgarh,38.0,chittorgarh,2.0,chittorgarh,5.0,chittorgarh,11.19,chittorgarh,320.0,chittorgarh,336.0,chittorgarh,304.0,chittorgarh,336.0,chittorgarh,Funding working capital requirements of the company | Repayment/prepayment of all or certain of the borrowings availed of by the Company | General corporate purposes,chittorgarh,40.0,chittorgarh,193.3,355.8,376.4,323.4,1443.81,2892.91,5030.64,9367.36,54.0,79.65,58.34,227.0,True,1200.0,286800.0,18.0,5.0,86.0,13.3,,0.0,86.0,,-0.0,6.0,,-0.0,5.0,,-10.7,9.9,,-0.0,9.0,,9.0,13.0,,9.0,48.0,,-0.0,-18.0,5.81,55.56,1.44,86.0,5.0,Mar 2025,2.0,sharescart,sharescart,sharescart,sharescart,,544641.BO,isin_authoritative,ISIN→symbol from official BSE list,match,,K.V.Toys India Ltd.,K. V. Toys India Ltd,match
INE0SQZ01015,Flywings Simulator Training Centre Ltd.,SME,FWSTC,,2025-12-05,2025-12-09,2025-12-12,191.0,57.05,Bookbuilding,NSE SME,Sobhagya Capital,2025,Gretex Share Broking Pvt.Ltd.,chittorgarh,45.0,chittorgarh,9.0,chittorgarh,15.8,chittorgarh,16.24,chittorgarh,195.0,chittorgarh,204.75,chittorgarh,186.0,chittorgarh,204.75,chittorgarh,Capital Expenditure towards Pilot Training Equipments | General Corporate Purposes,chittorgarh,57.0,chittorgarh,0.0,0.0,0.0,0.0,16.89,31.15,18.36,66.4,,85.69,59.87,181.0,True,1200.0,229200.0,13.4,11.0,20.0,14.3,,,20.0,,,18.0,,,11.0,,,14.2,,,39.0,,,8.0,,,64.0,,,9.0,55.0,28.21,0.21,20.0,11.0,Mar 2025,1.0,sharescart,sharescart,,sharescart,FWSTC.NS,,isin_authoritative,ISIN→symbol from official NSE list,match,,Flywings Simulator Training Centre Ltd.,Flywings Simulator Training Centre Limited,match
INE433T01015,Encompass Design India Ltd.,SME,ENCOMPAS,,2025-12-05,2025-12-09,2025-12-12,107.0,40.21,Bookbuilding,NSE SME,3Dimension Capital,2025,Alacrity Securities Ltd.,chittorgarh,38.0,chittorgarh,2.0,chittorgarh,5.0,chittorgarh,11.44,chittorgarh,203.3,chittorgarh,203.3,chittorgarh,193.15,chittorgarh,193.15,chittorgarh,"Funding capital expenditure requirements of our company towards purchasing office, interior work and refurbishment | To Meet Working Capital Requirements of the Company | Repayment/ prepayment of certain borrowings availed by the Company and | General corporate purposes",chittorgarh,40.0,chittorgarh,0.0,0.0,0.0,0.0,9.57,28.43,22.68,60.67,74.77,80.19,58.94,101.0,True,2400.0,256800.0,10.3,11.0,55.0,10.4,22.0,40.0,55.0,1.0,11.0,17.0,-1.0,7.0,11.0,-1.8,8.7,10.4,3.0,10.0,33.0,7.0,6.0,3.0,23.0,23.0,53.0,3.0,7.0,5.0,20.0,33.33,0.09,55.0,11.0,Mar 2025,3.0,sharescart,sharescart,investorgain,sharescart,ENCOMPAS.NS,,isin_authoritative,ISIN→symbol from official NSE list,match,,Encompass Design India Ltd.,Encompass Design India Limited,match
INE0QZR01017,Methodhub Software Ltd.,SME,,544637.0,2025-12-05,2025-12-09,2025-12-12,194.0,102.49,Bookbuilding,BSE SME,Horizon Management,2025,Rikhav Securities Ltd. Giriraj Stock Broking Pvt.Ltd.,chittorgarh,82.0,chittorgarh,15.0,chittorgarh,14.7,chittorgarh,29.17,chittorgarh,155.2,chittorgarh,162.9,chittorgarh,147.45,chittorgarh,162.9,chittorgarh,"Repayment and / or prepayment, in full, of certain outstanding loans (including foreclosure charges, if any) availed by the Company | Augmentation of long-term working capital requirements of the Company | Investment in the wholly owned subsidiary MethodHub Consulting Inc. (USA) for augmentation of long-term working capital requirements in MethodHub Consulting Inc. (USA) | Unidentified inorganic acquisitions and General Corporate Purposes",chittorgarh,102.0,chittorgarh,27.6,35.8,21.5,27.0,565.45,720.55,749.57,2035.57,8.8,35.29,26.55,190.0,True,1200.0,232800.0,6.8,11.0,135.0,28.4,,57.0,135.0,,10.0,19.0,,5.0,11.0,,5.4,9.7,,11.0,43.0,,14.0,6.0,,45.0,94.0,,4.0,5.0,8.15,25.58,0.14,135.0,11.0,Mar 2025,2.0,sharescart,sharescart,sharescart,sharescart,,544637.BO,isin_authoritative,ISIN→symbol from official BSE list,match,,Methodhub Software Ltd.,Methodhub Software Ltd,match
INE1MF401019,Western Overseas Study Abroad Ltd.,SME,,544636.0,2025-12-04,2025-12-08,2025-12-11,56.0,10.07,Fixed Price,BSE SME,Sobhagya Capital,2025,Giriraj Stock Broking Pvt.Ltd.,chittorgarh,10.0,chittorgarh,0.0,chittorgarh,0.0,chittorgarh,,,54.9,chittorgarh,54.9,chittorgarh,52.16,chittorgarh,52.16,chittorgarh,To finance Advertisement expenses towards enhancing the awareness and visibility of our brand | To finance acquisition and installation of Software | Prepayment or repayment of all or a portion of certain outstanding borrowings availed by our Company | To meet General corporate purposes,chittorgarh,10.0,chittorgarh,0.0,0.0,0.0,0.0,0.0,2.35,11.6,13.96,,100.0,70.09,56.0,False,4000.0,224000.0,10.6,2.0,23.0,5.3,10.0,20.0,23.0,1.0,2.0,4.0,0.0,1.0,2.0,1.1,2.8,5.2,3.0,4.0,7.0,0.0,0.0,0.0,5.0,10.0,13.0,1.0,-2.0,-0.0,8.7,28.57,0.0,23.0,2.0,Mar 2025,3.0,sharescart,sharescart,,sharescart,,544636.BO,isin_authoritative,ISIN→symbol from official BSE list,match,,Western Overseas Study Abroad Ltd.,Western Overseas Study Abroad Ltd,match
INE1CJB01013,Luxury Time Ltd.,SME,,544635.0,2025-12-04,2025-12-08,2025-12-11,82.0,18.74,Bookbuilding,BSE SME,GYR Capital,2025,Giriraj Stock Broking Pvt.Ltd.,chittorgarh,13.0,chittorgarh,4.0,chittorgarh,21.1,chittorgarh,5.06,chittorgarh,155.8,chittorgarh,163.59,chittorgarh,155.8,chittorgarh,163.59,chittorgarh,Funding capital expenditure towards setting-up of 04 New Retail Stores | Funding working capital requirements | General Corporate Purpose,chittorgarh,19.0,chittorgarh,205.6,402.5,860.5,553.9,693.17,1742.55,5137.03,7572.75,120.7,95.0,68.43,78.0,True,3200.0,262400.0,12.1,4.0,60.0,6.8,53.0,50.0,60.0,4.0,3.0,6.0,3.0,2.0,4.0,4.2,3.1,6.5,11.0,13.0,19.0,0.0,0.0,0.0,22.0,25.0,30.0,-1.0,3.0,-0.0,6.67,21.05,0.0,60.0,4.0,Mar 2025,3.0,sharescart,sharescart,sharescart,sharescart,,544635.BO,isin_authoritative,ISIN→symbol from official BSE list,match,,Luxury Time Ltd.,Luxury Time Ltd,match
INE1V4601019,Shri Kanha Stainless Ltd.,SME,SHRIKANHA,,2025-12-03,2025-12-05,2025-12-10,90.0,46.28,Fixed Price,NSE SME,Kreo Capital,2025,Giriraj Stock Broking Pvt.Ltd.,chittorgarh,44.0,chittorgarh,2.0,chittorgarh,4.3,chittorgarh,,,88.0,chittorgarh,88.0,chittorgarh,83.6,chittorgarh,83.6,chittorgarh,"Upgradation of existing manufacturing facility by installation of 1150 mm 4- Hi AGC Reversible Rolling Machine | Repayment/pre-payment, in part, of certain secured and unsecured borrowing availed by the Company | Funding of Working Capital Requirement of the Company | General corporate purposes",chittorgarh,46.0,chittorgarh,0.0,0.0,0.0,0.0,2.0,14.23,108.12,124.34,12.22,100.0,67.0,90.0,False,3200.0,288000.0,1.4,6.0,146.0,66.6,135.0,130.0,146.0,6.0,9.0,14.0,1.0,3.0,6.0,0.7,2.5,5.5,4.0,6.0,12.0,5.0,4.0,6.0,57.0,80.0,106.0,2.0,4.0,-8.0,4.11,50.0,0.5,146.0,6.0,Mar 2025,3.0,sharescart,sharescart,ipowatch,sharescart,SHRIKANHA.NS,,isin_authoritative,ISIN→symbol from official NSE list,match,,Shri Kanha Stainless Ltd.,Shri Kanha Stainless Limited,match
INE21UM01018,Neochem Bio Solutions Ltd.,SME,NEOCHEM,,2025-12-02,2025-12-04,2025-12-09,98.0,44.97,Bookbuilding,NSE SME,Vivro Financial,2025,Rikhav Securities Ltd.,chittorgarh,43.0,chittorgarh,2.0,chittorgarh,4.4,chittorgarh,12.77,chittorgarh,108.0,chittorgarh,113.4,chittorgarh,102.6,chittorgarh,111.8,chittorgarh,"Funding the long-term working capital requirements of the Company | Repayment/prepayment, in full or part, of all or certain outstanding borrowings availed by the Company | General Corporate Purposes",chittorgarh,45.0,chittorgarh,0.0,0.0,0.0,0.0,187.6,138.06,140.88,466.54,2.0,91.12,66.7,93.0,True,2400.0,235200.0,14.8,8.0,84.0,6.6,48.0,61.0,84.0,5.0,7.0,15.0,1.0,2.0,8.0,1.1,1.5,6.6,8.0,12.0,20.0,12.0,18.0,14.0,51.0,64.0,79.0,-1.0,2.0,3.0,9.52,40.0,0.7,84.0,8.0,Mar 2025,3.0,sharescart,sharescart,sharescart,sharescart,NEOCHEM.NS,,isin_authoritative,ISIN→symbol from official NSE list,match,,Neochem Bio Solutions Ltd.,Neochem Bio Solutions Limited,match
INE1FJE01010,Helloji Holidays Ltd.,SME,,544630.0,2025-12-02,2025-12-04,2025-12-09,118.0,10.97,Bookbuilding,BSE SME,Khambatta Securities,2025,Prabhat Financial Services Ltd.,chittorgarh,10.0,chittorgarh,1.0,chittorgarh,9.1,chittorgarh,3.12,chittorgarh,118.0,chittorgarh,123.9,chittorgarh,115.0,chittorgarh,123.9,chittorgarh,Working Capital Requirements | Capital expenditure towards purchase of Software | General Corporate Purpose,chittorgarh,11.0,chittorgarh,34.4,30.8,22.8,28.1,71.11,65.96,82.98,220.05,7.6,96.0,70.0,110.0,True,2400.0,283200.0,13.7,2.0,28.0,8.6,17.0,26.0,28.0,0.0,3.0,3.0,0.0,2.0,2.0,2.0,18.8,8.4,0.0,2.0,6.0,0.0,0.0,0.0,3.0,5.0,8.0,-0.0,0.0,2.0,7.14,33.33,0.0,28.0,2.0,Mar 2025,3.0,sharescart,sharescart,sharescart,sharescart,,544630.BO,isin_authoritative,ISIN→symbol from official BSE list,match,,Helloji Holidays Ltd.,Helloji Holidays Ltd,match
INE0W4D01018,Ravelcare Ltd.,SME,,544629.0,2025-12-01,2025-12-03,2025-12-08,130.0,24.1,Bookbuilding,BSE SME,Marwadi Chandarana Intermediaries,2025,SS Corporate Securities Ltd.,chittorgarh,23.0,chittorgarh,1.0,chittorgarh,4.2,chittorgarh,6.83,chittorgarh,201.0,chittorgarh,208.95,chittorgarh,190.95,chittorgarh,190.95,chittorgarh,Marketing and advertisement expenses toward enhancing the awareness and visibility of the brand | Setting up a new manufacturing facility located at Mauje-Peth in Amravati (“Proposed facility”) | General Corporate Purposes,chittorgarh,24.0,chittorgarh,155.9,554.9,463.1,406.7,711.42,2582.63,3732.79,7026.85,57.7,99.96,72.94,123.0,True,2000.0,260000.0,12.4,5.0,25.0,10.5,3.0,22.0,25.0,1.0,7.0,7.0,0.0,5.0,5.0,0.8,10.0,10.5,0.0,5.0,10.0,0.0,0.0,0.0,2.0,9.0,13.0,1.0,6.0,-1.0,20.0,50.0,0.0,25.0,5.0,Mar 2025,3.0,sharescart,sharescart,sharescart,sharescart,,544629.BO,isin_authoritative,ISIN→symbol from official BSE list,match,,Ravelcare Ltd.,Ravelcare Ltd,match
INE1EF801010,Clear Secured Services Ltd.,SME,CSSL,,2025-12-01,2025-12-03,2025-12-08,132.0,85.6,Bookbuilding,NSE SME,Horizon Management,2025,Choice Equity Broking Pvt.Ltd.,chittorgarh,81.0,chittorgarh,5.0,chittorgarh,5.8,chittorgarh,24.39,chittorgarh,119.0,chittorgarh,119.0,chittorgarh,113.05,chittorgarh,113.05,chittorgarh,"Investment in our wholly owned Subsidiary, Comfort Techno Services Private Limited (“CTSPL”) for funding the Purchase of Equipment | Funding for Working Capital Requirement | Repayment or prepayment of Borrowings | General corporate purposes",chittorgarh,86.0,chittorgarh,0.0,0.0,0.0,0.0,162.24,156.87,187.86,506.97,2.3,99.84,73.03,125.0,True,2000.0,264000.0,21.3,10.0,476.0,6.2,309.0,348.0,476.0,18.0,25.0,38.0,7.0,12.0,10.0,4.3,7.6,6.2,75.0,87.0,97.0,13.0,14.0,13.0,150.0,166.0,225.0,-2.0,1.0,-22.0,2.1,10.31,0.13,476.0,10.0,Mar 2025,3.0,sharescart,sharescart,sharescart,sharescart,CSSL.NS,,isin_authoritative,ISIN→symbol from official NSE list,match,,Clear Secured Services Ltd.,Clear Secured Services Limited,match
INE1CW901027,Speb Adhesives Ltd.,SME,SPEB,,2025-12-01,2025-12-03,2025-12-08,56.0,33.73,Bookbuilding,NSE SME,Unistone Capital,2025,Kalpalabdhi Financials Pvt.Ltd.,chittorgarh,24.0,chittorgarh,7.0,chittorgarh,20.6,chittorgarh,8.98,chittorgarh,60.0,chittorgarh,60.0,chittorgarh,57.0,chittorgarh,57.0,chittorgarh,"Part finance the cost of establishing new manufacturing facility to expand the production capabilities of Water based adhesives at Survey no. 120, 121/1 and 121/2, Village Tambati, Taluka Khalapur, District Raigad, Maharashtra, India (“Proposed new facility”); | General corporate purposes",chittorgarh,34.0,chittorgarh,0.0,0.0,0.0,0.0,12.97,21.99,18.91,53.86,,100.0,73.18,52.0,True,4000.0,224000.0,16.5,6.0,45.0,3.4,38.0,43.0,45.0,3.0,7.0,9.0,2.0,5.0,6.0,0.9,2.8,3.3,19.0,19.0,25.0,0.0,0.0,0.0,20.0,21.0,27.0,0.0,4.0,-1.0,13.33,24.0,0.0,45.0,6.0,Mar 2025,3.0,sharescart,sharescart,,sharescart,SPEB.NS,,isin_authoritative,ISIN→symbol from official NSE list,match,,Speb Adhesives Ltd.,Speb Adhesives Limited,match
INE0XJ501010,Invicta Diagnostic Ltd.,SME,INVICTA,,2025-12-01,2025-12-03,2025-12-08,85.0,28.12,Bookbuilding,NSE SME,Socradamus Capital,2025,Nikunj Stock Brokers Ltd.,chittorgarh,27.0,chittorgarh,1.0,chittorgarh,3.6,chittorgarh,6.79,chittorgarh,100.0,chittorgarh,105.0,chittorgarh,95.0,chittorgarh,96.7,chittorgarh,Funding capital expenditure for purchase of medical equipment towards establishment of five new diagnostic centres in Maharashtra; and | General Corporate purposes,chittorgarh,28.0,chittorgarh,0.0,0.0,0.0,0.0,15.94,33.5,37.07,86.51,3.53,91.89,66.69,80.0,True,3200.0,272000.0,14.4,5.0,30.0,5.9,,16.0,30.0,,7.0,9.0,,4.0,5.0,,4.5,5.8,,10.0,15.0,,4.0,4.0,,16.0,21.0,,6.0,7.0,16.67,33.33,0.27,30.0,5.0,Mar 2025,2.0,sharescart,sharescart,ipowatch,sharescart,INVICTA.NS,,isin_authoritative,ISIN→symbol from official NSE list,match,,Invicta Diagnostic Ltd.,Invicta Diagnostic Limited,match
INE0RUY01012,Astron Multigrain Ltd.,SME,,544628.0,2025-12-01,2025-12-03,2025-12-08,63.0,18.4,Fixed Price,BSE SME,Finaax Advisors,2025,Prabhat Financial Services Ltd.,chittorgarh,14.0,chittorgarh,4.0,chittorgarh,22.2,chittorgarh,,,50.4,chittorgarh,50.4,chittorgarh,47.88,chittorgarh,47.88,chittorgarh,Funding Capital Expenditure towards purchase of machinery | To meet working capital requirements | General Corporate Purposes | Total,chittorgarh,18.0,chittorgarh,0.0,0.0,0.0,0.0,0.0,5.28,16.98,22.26,19.05,99.99,71.95,63.0,False,4000.0,252000.0,17.0,2.0,34.0,3.7,19.0,26.0,34.0,3.0,4.0,4.0,1.0,2.0,2.0,2.3,3.2,3.7,4.0,8.0,11.0,3.0,2.0,1.0,15.0,18.0,22.0,3.0,1.0,1.0,5.88,18.18,0.09,34.0,2.0,Mar 2025,3.0,sharescart,sharescart,ipowatch,sharescart,,544628.BO,isin_authoritative,ISIN→symbol from official BSE list,match,,Astron Multigrain Ltd.,Astron Multigrain Ltd,match
INE0VDK01019,Purple Wave Infocom Ltd.,SME,,544627.0,2025-11-28,2025-12-02,2025-12-05,126.0,31.45,Bookbuilding,BSE SME,Smart Horizon Capital,2025,Shreni Shares Ltd.,chittorgarh,30.0,chittorgarh,1.0,chittorgarh,3.2,chittorgarh,7.99,chittorgarh,132.0,chittorgarh,138.0,chittorgarh,130.15,chittorgarh,130.5,chittorgarh,Funding capital expenditure requirements of our company towards purchasing an office space cum product display area. | Repayment/ prepayment of certain borrowings. | General corporate purposes,chittorgarh,31.0,chittorgarh,11.8,6.0,3.8,6.5,71.66,38.22,41.96,151.83,,100.0,71.92,120.0,True,2000.0,252000.0,9.3,9.0,126.0,13.5,70.0,90.0,126.0,2.0,8.0,14.0,1.0,5.0,9.0,1.0,8.1,13.5,3.0,8.0,17.0,2.0,0.0,0.0,27.0,31.0,53.0,4.0,-5.0,1.0,7.14,52.94,0.0,126.0,9.0,Mar 2025,3.0,sharescart,sharescart,,sharescart,,544627.BO,isin_authoritative,ISIN→symbol from official BSE list,match,,Purple Wave Infocom Ltd.,Purple Wave Infocom Ltd,match
INE1BA901016,Logiciel Solutions Ltd.,SME,,544625.0,2025-11-28,2025-12-02,2025-12-05,193.0,39.9,Bookbuilding,BSE SME,Fintellectual Corporate,2025,Prabhat Financial Services Ltd.,chittorgarh,31.0,chittorgarh,7.0,chittorgarh,17.5,chittorgarh,,,154.4,chittorgarh,154.4,chittorgarh,146.7,chittorgarh,146.7,chittorgarh,Capital Expenditure on upgrading physical infrastructure | Investment in Human Resources through Manpower hiring | Capital expenditure towards upgrading IT infrastructure. | Funding for business development and marketing activities | General corporate Purpose,chittorgarh,40.0,chittorgarh,1.3,0.8,3.4,2.0,2.56,15.01,61.81,79.38,20.73,82.78,59.0,183.0,True,1200.0,231600.0,19.3,5.0,21.0,10.0,14.0,17.0,21.0,3.0,6.0,8.0,1.0,4.0,5.0,2.7,7.9,9.5,6.0,10.0,24.0,0.0,0.0,0.0,9.0,13.0,27.0,2.0,-1.0,-2.0,23.81,20.83,0.0,21.0,5.0,Mar 2025,3.0,sharescart,sharescart,ipowatch,sharescart,,544625.BO,isin_authoritative,ISIN→symbol from official BSE list,match,,Logiciel Solutions Ltd.,Logiciel Solutions Ltd,match
INE1E4401010,Exato Technologies Ltd.,SME,,544626.0,2025-11-28,2025-12-02,2025-12-05,140.0,37.45,Bookbuilding,BSE SME,GYR Capital,2025,Giriraj Stock Broking Pvt.Ltd.,chittorgarh,30.0,chittorgarh,6.0,chittorgarh,16.2,chittorgarh,10.65,chittorgarh,266.0,chittorgarh,279.3,chittorgarh,266.0,chittorgarh,279.3,chittorgarh,Funding the working capital requirements of the company; | Investment in Product Development | Repayment/prepayment of all or certain of the borrowings availed of by the Company; and | General Corporate Purposes,chittorgarh,37.0,chittorgarh,327.1,1102.4,1068.7,881.0,2326.23,7963.54,13316.52,23606.28,125.0,77.59,54.73,133.0,True,2000.0,280000.0,10.1,10.0,124.0,13.9,73.0,114.0,124.0,6.0,9.0,16.0,5.0,5.0,10.0,7.3,7.5,12.8,22.0,27.0,42.0,1.0,3.0,8.0,34.0,54.0,95.0,10.0,-14.0,13.0,8.06,23.81,0.19,124.0,10.0,Mar 2025,3.0,sharescart,sharescart,sharescart,sharescart,,544626.BO,isin_authoritative,ISIN→symbol from official BSE list,match,,Exato Technologies Ltd.,Exato Technologies Ltd,match
INE0EOJ01014,K K Silk Mills Ltd.,SME,,544624.0,2025-11-26,2025-11-28,2025-12-03,38.0,28.5,Bookbuilding,BSE SME,Axial Capital,2025,Aftertrade Broking Pvt.Ltd.,chittorgarh,27.0,chittorgarh,2.0,chittorgarh,6.9,chittorgarh,,,32.0,chittorgarh,32.0,chittorgarh,30.4,chittorgarh,30.4,chittorgarh,"Funding towards capital expenditure for replacement of plant & machineries including installation, mechanical and electrical work | Full or part repayment and/or prepayment of certain outstanding secured borrowings availed by our Company | General Corporate Purposes",chittorgarh,29.0,chittorgarh,5.7,1.5,9.7,5.4,1.56,22.8,130.26,154.62,18.42,99.8,66.44,36.0,True,6000.0,228000.0,12.3,5.0,221.0,3.1,189.0,191.0,221.0,9.0,10.0,15.0,1.0,2.0,5.0,0.7,1.5,3.1,33.0,35.0,40.0,5.0,7.0,5.0,103.0,112.0,143.0,8.0,9.0,8.0,2.26,12.5,0.12,221.0,5.0,Mar 2025,3.0,sharescart,sharescart,ipowatch,sharescart,,544624.BO,isin_authoritative,ISIN→symbol from official BSE list,match,,K K Silk Mills Ltd.,K K Silk Mills Ltd,match
INE0UH001016,Mother Nutri Foods Ltd.,SME,,544623.0,2025-11-26,2025-11-28,2025-12-03,117.0,39.59,Bookbuilding,BSE SME,Marwadi Chandarana Intermediaries,2025,Mansi Share & Stock Broking Pvt.Ltd.,chittorgarh,29.0,chittorgarh,8.0,chittorgarh,20.0,chittorgarh,10.99,chittorgarh,118.4,chittorgarh,124.3,chittorgarh,118.4,chittorgarh,124.3,chittorgarh,"Setting up a new manufacturing facility located at Mahuva, Bhavnagar in Gujarat (“Proposed facility”) | General Corporate Purposes",chittorgarh,40.0,chittorgarh,10.1,23.0,11.3,14.4,74.44,192.71,145.51,412.66,,90.98,65.92,111.0,True,2400.0,280800.0,16.5,6.0,90.0,7.1,76.0,81.0,90.0,3.0,9.0,10.0,1.0,5.0,6.0,1.3,5.4,6.6,6.0,10.0,25.0,2.0,1.0,0.0,44.0,48.0,71.0,-21.0,-0.0,-3.0,6.67,24.0,0.0,90.0,6.0,Mar 2025,3.0,sharescart,sharescart,,sharescart,,544623.BO,isin_authoritative,ISIN→symbol from official BSE list,match,,Mother Nutri Foods Ltd.,Mother Nutri Foods Ltd,match
INE1U2R01013,SSMD Agrotech India Ltd.,SME,,544621.0,2025-11-25,2025-11-27,2025-12-02,121.0,34.09,Bookbuilding,BSE SME,3Dimension Capital,2025,Nikunj Stock Brokers Ltd.,chittorgarh,32.0,chittorgarh,2.0,chittorgarh,5.9,chittorgarh,,,73.0,chittorgarh,76.65,chittorgarh,73.0,chittorgarh,76.65,chittorgarh,Funding of Working capital Requirement of the Company | Repayment of portion of certain Borrowings availed by our Company | Capital Expenditure to be incurred by the Company for the setting up of new D2C dark Store factories | Capital Expenditure to be incurred by the Company For purchase of machinery for setting up of Namkeen Plant | General Corporate Purpose,chittorgarh,34.0,chittorgarh,5.3,0.7,2.7,1.7,1.74,12.02,43.12,56.88,4.1,99.99,,114.0,True,2000.0,242000.0,1.2,5.0,99.0,101.1,,2.0,99.0,,0.0,9.0,,0.0,5.0,,1.6,9.2,,0.0,7.0,,0.0,1.0,,1.0,18.0,,0.0,2.0,5.05,71.43,0.14,99.0,5.0,Mar 2025,2.0,sharescart,sharescart,sharescart,,,544621.BO,isin_authoritative,ISIN→symbol from official BSE list,match,,SSMD Agrotech India Ltd.,SSMD Agrotech India Ltd,match
INE0BUQ01012,Gallard Steel Ltd.,SME,,544616.0,2025-11-19,2025-11-21,2025-11-26,150.0,37.5,Bookbuilding,BSE SME,Seren Capital,2025,Asnani Stock Broker Pvt.Ltd.,chittorgarh,36.0,chittorgarh,2.0,chittorgarh,5.3,chittorgarh,10.64,chittorgarh,223.1,chittorgarh,234.25,chittorgarh,223.0,chittorgarh,234.25,chittorgarh,Funding of capital expenditure towards expansion of the existing manufacturing facility and construction of office Building | Repayment of a portion of certain borrowings availed by the Company | General Corporate Purpose,chittorgarh,38.0,chittorgarh,228.5,463.8,351.6,349.4,1624.47,3374.47,4387.71,9386.66,42.0,91.14,67.19,142.0,True,2000.0,300000.0,17.2,6.0,53.0,8.7,,27.0,53.0,,6.0,13.0,,3.0,6.0,,4.6,8.7,,11.0,17.0,,11.0,12.0,,39.0,49.0,,2.0,4.0,11.32,35.29,0.71,53.0,6.0,Mar 2025,2.0,sharescart,sharescart,sharescart,sharescart,,544616.BO,isin_authoritative,ISIN→symbol from official BSE list,match,,Gallard Steel Ltd.,Gallard Steel Ltd,match
INE0U9D01019,Mahamaya Lifesciences Ltd.,SME,,544611.0,2025-11-11,2025-11-13,2025-11-18,114.0,70.44,Bookbuilding,BSE SME,Oneview Corporate,2025,Mansi Share & Stock Broking Pvt.Ltd.,chittorgarh,61.0,chittorgarh,6.0,chittorgarh,8.6,chittorgarh,19.97,chittorgarh,115.0,chittorgarh,117.0,chittorgarh,111.0,chittorgarh,116.0,chittorgarh,Purchase of Equipment for existing Formulation plant | Funding capital expenditure towards setting up of a new technical manufacturing plant | Construction of Warehouse Building and Purchase of Machinery | Funding working capital requirement of our Company | General Corporate purposes,chittorgarh,70.0,chittorgarh,1.2,2.9,1.0,1.6,15.98,40.07,24.02,80.07,,77.27,56.35,108.0,True,2400.0,273600.0,15.0,13.0,264.0,7.6,137.0,162.0,264.0,9.0,15.0,26.0,4.0,5.0,13.0,2.7,3.8,7.3,19.0,25.0,49.0,10.0,9.0,6.0,78.0,112.0,188.0,1.0,-23.0,1.0,4.92,26.53,0.12,264.0,13.0,Mar 2025,3.0,sharescart,sharescart,,sharescart,,544611.BO,isin_authoritative,ISIN→symbol from official BSE list,match,,Mahamaya Lifesciences Ltd.,Mahamaya Lifesciences Ltd,match
INE1I1301016,Workmates Core2Cloud Solution Ltd.,SME,,544610.0,2025-11-11,2025-11-13,2025-11-18,204.0,69.84,Bookbuilding,BSE SME,Horizon Management,2025,Giriraj Stock Broking Pvt.Ltd.,chittorgarh,56.0,chittorgarh,11.0,chittorgarh,15.7,chittorgarh,19.58,chittorgarh,387.6,chittorgarh,405.0,chittorgarh,368.25,chittorgarh,368.25,chittorgarh,Prepayment or repayment of secured loan availed by the Company from Banks / Financial Institutions | Funding of Working Capital requirement of the company. | General corporate purposes,chittorgarh,70.0,chittorgarh,147.0,150.5,111.6,131.6,1986.82,2030.64,2596.35,6613.81,43.1,98.1,72.03,200.0,True,1200.0,244800.0,0.0,14.0,108.0,13927.0,29.0,53.0,108.0,3.0,8.0,19.0,2.0,5.0,14.0,1.9,5.3,13.9,4.0,9.0,23.0,0.0,0.0,9.0,11.0,24.0,62.0,2.0,10.0,5.0,12.96,60.87,0.39,108.0,14.0,Mar 2025,3.0,sharescart,sharescart,sharescart,sharescart,,544610.BO,isin_authoritative,ISIN→symbol from official BSE list,match,,Workmates Core2Cloud Solution Ltd.,Workmates Core2Cloud Solution Ltd,match
INE0D8001018,Shining Tools Ltd.,SME,,544607.0,2025-11-07,2025-11-11,2025-11-14,114.0,17.1,Fixed Price,BSE SME,Sobhagya Capital,2025,Aftertrade Broking Pvt.Ltd.,chittorgarh,16.0,chittorgarh,1.0,chittorgarh,5.9,chittorgarh,,,104.0,chittorgarh,104.0,chittorgarh,98.8,chittorgarh,98.8,chittorgarh,Purchase and installation of plant and machinery for Carbide Precision Tools at Existing Premises | Funding of working capital requirements | General corporate purposes,chittorgarh,17.0,chittorgarh,0.0,0.0,0.0,0.0,0.0,4.32,15.18,19.51,13.2,96.17,70.68,114.0,False,2400.0,273600.0,15.8,3.0,15.0,7.2,10.0,11.0,15.0,2.0,4.0,7.0,-0.0,2.0,3.0,-0.2,3.9,7.0,2.0,4.0,8.0,5.0,4.0,4.0,17.0,15.0,19.0,2.0,4.0,1.0,20.0,37.5,0.5,15.0,3.0,Mar 2025,3.0,sharescart,sharescart,sharescart,sharescart,,544607.BO,isin_authoritative,ISIN→symbol from official BSE list,match,,Shining Tools Ltd.,Shining Tools Ltd,match
INE1BZN01016,Curis Lifesciences Ltd.,SME,CURIS,,2025-11-07,2025-11-11,2025-11-14,128.0,27.52,Bookbuilding,NSE SME,Finaax Advisors,2025,RS Wealth Management Pvt.Ltd.,chittorgarh,26.0,chittorgarh,2.0,chittorgarh,7.1,chittorgarh,7.8,chittorgarh,146.1,chittorgarh,147.9,chittorgarh,138.8,chittorgarh,141.0,chittorgarh,Capital Expenditure towards Upgradation/Improvement of the existing Manufacturing Facilities | Capital Expenditure towards Construction of a Storage Facility | Pre-payment/Repayment of outstanding Secured Loans | Product Registrations in other countries | Funding our Working Capital Requirements | General Corporate Purposes,chittorgarh,28.0,chittorgarh,0.0,0.0,0.0,0.0,503.49,456.59,405.84,1365.91,7.0,92.68,68.03,120.0,True,2000.0,256000.0,12.4,6.0,49.0,10.3,35.0,36.0,49.0,4.0,9.0,10.0,2.0,5.0,6.0,3.4,8.8,10.3,1.0,6.0,16.0,10.0,9.0,7.0,30.0,34.0,43.0,3.0,0.0,-2.0,12.24,37.5,0.44,49.0,6.0,Mar 2025,3.0,sharescart,sharescart,sharescart,sharescart,CURIS.NS,,isin_authoritative,ISIN→symbol from official NSE list,match,,Curis Lifesciences Ltd.,Curis Lifesciences Limited,match
INE0EDU01014,Finbud Financial Services Ltd.,SME,FINBUD,,2025-11-06,2025-11-10,2025-11-13,142.0,71.68,Bookbuilding,NSE SME,SKI Capital,2025,SKI Capital Services Ltd.,chittorgarh,68.0,chittorgarh,4.0,chittorgarh,5.6,chittorgarh,20.41,chittorgarh,157.0,chittorgarh,164.85,chittorgarh,157.0,chittorgarh,164.85,chittorgarh,Working Capital Requirement | Investment In Wholly Owned Subsidiary i.e. LTCV Credit Private Limited | Funding for Business Development and Marketing Activities | Prepayment or repayment of a portion of certain outstanding borrowings availed by our Company | General Corporate Purposes,chittorgarh,72.0,chittorgarh,0.0,0.0,0.0,0.0,58.87,89.28,69.01,217.16,7.7,64.92,47.22,140.0,True,2000.0,284000.0,23.3,8.0,223.0,6.1,135.0,190.0,223.0,4.0,11.0,15.0,2.0,6.0,8.0,1.5,4.5,6.1,6.0,12.0,36.0,6.0,5.0,3.0,27.0,44.0,68.0,3.0,-2.0,-13.0,3.59,22.22,0.08,223.0,8.0,Mar 2025,3.0,sharescart,sharescart,sharescart,sharescart,FINBUD.NS,,isin_authoritative,ISIN→symbol from official NSE list,match,,Finbud Financial Services Ltd.,Finbud Financial Services Limited,match
INE1FL101016,Shreeji Global FMCG Ltd.,SME,SHETHJI,,2025-11-04,2025-11-07,2025-11-12,125.0,85.0,Bookbuilding,NSE SME,Interactive Financial,2025,B.N.Rathi Securities Ltd. Svcm Securities Pvt.Ltd.,chittorgarh,81.0,chittorgarh,4.0,chittorgarh,4.7,chittorgarh,14.53,chittorgarh,100.0,chittorgarh,105.0,chittorgarh,98.0,chittorgarh,101.7,chittorgarh,Capital Expenditure for Factory Premises | Capital Expenditure for Plant and Machineries & Cold storage | Capital Expenditure for Solar Power for internal consumption | Working Capital | General Corporate Purposes | Total,chittorgarh,85.0,chittorgarh,0.0,0.0,0.0,0.0,15.86,90.06,115.38,221.3,8.0,99.99,70.12,120.0,True,2000.0,250000.0,16.4,12.0,649.0,7.6,467.0,588.0,649.0,4.0,11.0,20.0,2.0,5.0,12.0,1.7,3.4,7.6,9.0,17.0,30.0,5.0,6.0,6.0,60.0,117.0,117.0,-6.0,-6.0,-0.0,1.85,40.0,0.2,649.0,12.0,Mar 2025,3.0,sharescart,sharescart,ipowatch,sharescart,SHETHJI.NS,,isin_authoritative,ISIN→symbol from official NSE list,match,,Shreeji Global FMCG Ltd.,Shreeji Global FMCG Limited,match
INE0SVZ01015,Safecure Services Ltd.,SME,,544596.0,2025-10-29,2025-10-31,2025-11-06,102.0,30.6,Fixed Price,BSE SME,Sun Capital,2025,Giriraj Stock Broking Pvt.Ltd.,chittorgarh,29.0,chittorgarh,2.0,chittorgarh,6.5,chittorgarh,,,81.6,chittorgarh,81.6,chittorgarh,77.55,chittorgarh,77.55,chittorgarh,"Repayment / pre-payment, in full or part, of certain borrowings availed by the Company | Repayment / pre-payment, in full or part, of certain borrowings availed by our wholly owned subsidiary (by providing loans and advances by the Company) | General corporate purposes | Funding Working Capital requirements of the Company",chittorgarh,31.0,chittorgarh,0.0,0.0,0.0,0.0,0.0,6.17,48.08,54.25,,94.32,66.14,102.0,False,2400.0,244800.0,11.9,6.0,73.0,8.6,48.0,63.0,73.0,9.0,12.0,13.0,4.0,6.0,6.0,5.6,8.1,8.7,9.0,15.0,21.0,2.0,3.0,6.0,31.0,37.0,53.0,8.0,3.0,-0.0,8.22,28.57,0.29,73.0,6.0,Mar 2025,3.0,sharescart,sharescart,,sharescart,,544596.BO,isin_authoritative,ISIN→symbol from official BSE list,match,,Safecure Services Ltd.,Safecure Services Ltd,match
INE1GUJ01014,Game Changers Texfab Ltd.,SME,,544594.0,2025-10-28,2025-10-30,2025-11-04,102.0,54.84,Bookbuilding,BSE SME,Corpwis,2025,NNM Securities Pvt.Ltd.,chittorgarh,52.0,chittorgarh,3.0,chittorgarh,5.5,chittorgarh,9.13,chittorgarh,104.15,chittorgarh,109.35,chittorgarh,104.15,chittorgarh,109.35,chittorgarh,Funding capital expenditure | Funding overall working capital requirements | General Corporate Purposes including unidentified inorganic acquisitions,chittorgarh,55.0,chittorgarh,1.0,1.4,1.2,1.2,17.0,14.31,21.59,52.9,,98.67,69.02,96.0,True,2400.0,244800.0,10.6,12.0,116.0,9.6,100.0,98.0,116.0,1.0,7.0,19.0,1.0,4.0,12.0,0.4,1367.7,9.6,5.0,9.0,21.0,0.0,0.0,0.0,22.0,41.0,51.0,-2.0,3.0,3.0,10.34,57.14,0.0,116.0,12.0,Mar 2025,3.0,sharescart,sharescart,,sharescart,,544594.BO,isin_authoritative,ISIN→symbol from official BSE list,match,,Game Changers Texfab Ltd.,Game Changers Texfab Ltd,match
INE1AE401014,Jayesh Logistics Ltd.,SME,JAYESH,,2025-10-27,2025-10-29,2025-11-03,122.0,28.63,Bookbuilding,NSE SME,Indcap,2025,Giriraj Stock Broking Pvt.Ltd.,chittorgarh,27.0,chittorgarh,2.0,chittorgarh,6.9,chittorgarh,6.78,chittorgarh,120.0,chittorgarh,121.95,chittorgarh,114.0,chittorgarh,117.8,chittorgarh,Funding the expenditure towards purchase of side wall trailers | Funding the working capital requirements | Funding the implementation for phase 2 of Smart Logistics Application | General Corporate Purpose,chittorgarh,29.0,chittorgarh,0.0,0.0,0.0,0.0,277.17,568.53,492.93,1338.63,7.4,97.57,71.22,116.0,True,2000.0,244000.0,10.5,7.0,112.0,11.6,60.0,88.0,112.0,5.0,10.0,17.0,1.0,3.0,7.0,1.8,5.1,11.3,5.0,8.0,17.0,1.0,14.0,10.0,22.0,48.0,59.0,5.0,3.0,4.0,6.25,41.18,0.59,112.0,7.0,Mar 2025,3.0,sharescart,sharescart,sharescart,sharescart,JAYESH.NS,,isin_authoritative,ISIN→symbol from official NSE list,match,,Jayesh Logistics Ltd.,Jayesh Logistics Limited,match
INE13YH01017,SK Minerals & Additives Ltd.,SME,,544584.0,2025-10-10,2025-10-14,2025-10-17,127.0,41.15,Bookbuilding,BSE SME,Khambatta Securities,2025,Rikhav Securities Ltd.,chittorgarh,39.0,chittorgarh,2.0,chittorgarh,4.9,chittorgarh,11.72,chittorgarh,145.0,chittorgarh,152.25,chittorgarh,145.0,chittorgarh,152.25,chittorgarh,Working Capital Requirement | To fund the expansion plan of the Company i.e. Capital expenditure towards purchase of Plant and Machinery | General Corporate Purpose,chittorgarh,41.0,chittorgarh,1.0,5.6,3.4,3.3,7.9,44.07,46.53,98.5,3.5,100.0,73.53,120.0,True,2000.0,254000.0,10.4,11.0,212.0,12.2,132.0,109.0,212.0,4.0,7.0,20.0,2.0,3.0,11.0,6.6,3.4,12.2,6.0,13.0,24.0,7.0,8.0,7.0,38.0,54.0,75.0,-11.0,-9.0,-3.0,5.19,45.83,0.29,212.0,11.0,Mar 2025,3.0,sharescart,sharescart,sharescart,sharescart,,544584.BO,isin_authoritative,ISIN→symbol from official BSE list,match,,SK Minerals & Additives Ltd.,SK Minerals & Additives Ltd,match
INE0SFA01011,Sihora Industries Ltd.,SME,,544585.0,2025-10-10,2025-10-14,2025-10-17,66.0,10.56,Fixed Price,BSE SME,Sobhagya Capital,2025,Aftertrade Broking Pvt.Ltd.,chittorgarh,10.0,chittorgarh,1.0,chittorgarh,9.1,chittorgarh,,,70.0,chittorgarh,70.0,chittorgarh,66.5,chittorgarh,66.5,chittorgarh,"Funding Capital Expenditure towards purchase of additional plant & machinery | Repayment or prepayment, in full or in part, of borrowings availed by the Company from banks and financial Institutions | To meet additional working capital requirements | General Corporate Purposes",chittorgarh,11.0,chittorgarh,0.0,0.0,0.0,0.0,0.0,6.49,6.86,13.36,2.0,100.0,69.96,66.0,False,4000.0,264000.0,13.2,2.0,15.0,5.0,12.0,6.0,15.0,1.0,1.0,4.0,0.0,0.0,2.0,5.9,0.9,5.0,0.0,3.0,5.0,1.0,2.0,2.0,9.0,7.0,13.0,-0.0,0.0,-0.0,13.33,40.0,0.4,15.0,2.0,Mar 2025,3.0,sharescart,sharescart,sharescart,sharescart,,544585.BO,isin_authoritative,ISIN→symbol from official BSE list,match,,Sihora Industries Ltd.,Sihora Industries Ltd,match
INE833Q01012,Mittal Sections Ltd.,SME,,544575.0,2025-10-07,2025-10-09,2025-10-14,143.0,52.91,Bookbuilding,BSE SME,Wealth Mine Networks,2025,Sunflower Broking Pvt.Ltd.,chittorgarh,50.0,chittorgarh,3.0,chittorgarh,5.7,chittorgarh,,,114.4,chittorgarh,114.4,chittorgarh,108.7,chittorgarh,108.7,chittorgarh,"To Capital expenditure towards Acquisition of Land, Construction of Factory Building and Purchase of Plant & Machineries | To meet Working Capital requirements | Full or part repayment and/or prepayment of certain outstanding secured borrowings availed by the Company | General Corporate Purposes",chittorgarh,53.0,chittorgarh,1.1,0.6,4.1,2.2,2.99,15.79,97.21,115.99,1.6,99.92,67.96,136.0,True,2000.0,286000.0,31.1,4.0,137.0,4.6,167.0,161.0,137.0,3.0,6.0,8.0,1.0,2.0,4.0,0.7,2.4,4.6,5.0,7.0,10.0,8.0,4.0,11.0,33.0,29.0,45.0,-4.0,7.0,0.0,2.92,40.0,1.1,137.0,4.0,Mar 2025,3.0,sharescart,sharescart,sharescart,sharescart,,544575.BO,isin_authoritative,ISIN→symbol from official BSE list,match,,Mittal Sections Ltd.,Mittal Sections Ltd,match
INE1EUB01016,Shlokka Dyes Ltd.,SME,,544582.0,2025-09-30,2025-10-14,2025-10-17,91.0,57.79,Bookbuilding,BSE SME,Interactive Financial,2025,Aftertrade Broking Pvt.Ltd.,chittorgarh,55.0,chittorgarh,3.0,chittorgarh,5.2,chittorgarh,,,90.0,chittorgarh,90.0,chittorgarh,85.5,chittorgarh,85.5,chittorgarh,Capital Expenditure for plant and machineries | Repayment of Debt | Working Capital | General corporate purposes,chittorgarh,58.0,chittorgarh,1.0,2.0,0.7,1.1,5.59,36.09,22.67,64.35,1.2,100.0,71.33,88.0,True,2400.0,218400.0,0.0,10.0,103.0,3696.6,9.0,61.0,103.0,2.0,13.0,19.0,1.0,5.0,10.0,0.5,3.3,6.6,9.0,18.0,27.0,17.0,13.0,12.0,39.0,67.0,92.0,2.0,-11.0,5.0,9.71,37.04,0.44,103.0,10.0,Mar 2025,3.0,sharescart,sharescart,sharescart,sharescart,,544582.BO,isin_authoritative,ISIN→symbol from official BSE list,match,,Shlokka Dyes Ltd.,Shlokka Dyes Ltd,match
INE0PLX01017,Greenleaf Envirotech Ltd.,SME,GREENLEAF,,2025-09-30,2025-10-06,2025-10-09,136.0,21.9,Fixed Price,NSE SME,Smart Horizon Capital,2025,Rikhav Securities Ltd.,chittorgarh,17.0,chittorgarh,4.0,chittorgarh,18.2,chittorgarh,,,134.9,chittorgarh,134.9,chittorgarh,128.15,chittorgarh,132.9,chittorgarh,"Funding of capital expenditure of our Company towards purchase of civil machines and equipments | Funding of capital expenditure of our Company towards purchase of laboratory equipments | Repayment or prepayment, in full or in part, of borrowings availed by our Company from banks, financial institutions and non-banking financial companies | Funding working capital requirements of our Company | General corporate purposes",chittorgarh,22.0,chittorgarh,0.0,0.0,0.0,0.0,0.15,43.26,37.26,80.68,,78.85,56.37,136.0,False,2000.0,272000.0,13.3,5.0,39.0,10.2,26.0,33.0,39.0,2.0,4.0,7.0,1.0,2.0,5.0,2.9,4.9,10.2,3.0,8.0,12.0,3.0,2.0,2.0,13.0,16.0,25.0,2.0,-1.0,6.0,12.82,41.67,0.17,39.0,5.0,Mar 2025,3.0,sharescart,sharescart,,sharescart,GREENLEAF.NS,,isin_authoritative,ISIN→symbol from official NSE list,match,,Greenleaf Envirotech Ltd.,Greenleaf Envirotech Limited,match
INE0QP701017,Valplast Technologies Ltd.,SME,,544565.0,2025-09-30,2025-10-03,2025-10-08,54.0,28.09,Bookbuilding,BSE SME,Fintellectual Corporate,2025,Nikunj Stock Brokers Ltd.,chittorgarh,27.0,chittorgarh,1.0,chittorgarh,3.6,chittorgarh,7.94,chittorgarh,57.0,chittorgarh,59.85,chittorgarh,57.0,chittorgarh,58.63,chittorgarh,Funding the capital expenditure requirements by purchase of Machinery | To meet incremental Working Capital requirements | General Corporate Purposes,chittorgarh,28.0,chittorgarh,1.0,0.8,1.5,1.2,5.56,4.47,13.61,23.64,5.56,86.65,63.68,51.0,True,4000.0,216000.0,12.9,6.0,63.0,4.2,27.0,65.0,63.0,3.0,11.0,14.0,1.0,7.0,6.0,1.0,4.5,4.2,15.0,24.0,30.0,1.0,3.0,10.0,26.0,56.0,74.0,-2.0,2.0,1.0,9.52,20.0,0.33,63.0,6.0,Mar 2025,3.0,sharescart,sharescart,ipowatch,sharescart,,544565.BO,isin_authoritative,ISIN→symbol from official BSE list,match,,Valplast Technologies Ltd.,Valplast Technologies Ltd,match
INE17CQ01015,B.A.G.Convergence Ltd.,SME,BAGDIGITAL,,2025-09-30,2025-10-03,2025-10-08,87.0,48.72,Bookbuilding,NSE SME,Inventure Merchant Banker,2025,ACME Capital Market Ltd.,chittorgarh,46.0,chittorgarh,3.0,chittorgarh,6.1,chittorgarh,13.57,chittorgarh,101.0,chittorgarh,106.05,chittorgarh,101.0,chittorgarh,106.05,chittorgarh,Expansion of Existing Busines | Acquisition/ Production of Content | Brand building expenses | General Corporate Purposes,chittorgarh,49.0,chittorgarh,0.0,0.0,0.0,0.0,12.51,21.46,13.59,47.56,,89.58,,82.0,True,3200.0,278400.0,15.0,9.0,36.0,5.8,25.0,30.0,36.0,6.0,11.0,14.0,5.0,8.0,9.0,3.6,5.7,6.0,-1.0,7.0,22.0,0.0,0.0,0.0,12.0,18.0,44.0,1.0,4.0,4.0,25.0,40.91,0.0,36.0,9.0,Mar 2025,3.0,sharescart,sharescart,,,BAGDIGITAL.NS,,isin_authoritative,ISIN→symbol from official NSE list,match,,B.A.G.Convergence Ltd.,B.A.G. Convergence Limited,match
INE1B3501014,Zelio E-Mobility Ltd.,SME,,544563.0,2025-09-30,2025-10-03,2025-10-08,136.0,78.34,Bookbuilding,BSE SME,Hem Securities,2025,Hem Finlease Pvt.Ltd.,chittorgarh,59.0,chittorgarh,16.0,chittorgarh,20.5,chittorgarh,22.29,chittorgarh,154.9,chittorgarh,162.6,chittorgarh,154.9,chittorgarh,162.6,chittorgarh,"Repayment and/or pre-payment, in full or part, of borrowing availed by the Company | Funding the Capital Expenditure requirements towards setting up of a new manufacturing unit | To Meet Working Capital Requirement | General Corporate Purpose",chittorgarh,78.0,chittorgarh,1.6,1.6,1.3,1.5,23.88,23.6,34.41,81.89,1.47,100.0,72.77,129.0,True,2000.0,272000.0,14.0,16.0,172.0,9.7,51.0,94.0,172.0,4.0,9.0,23.0,3.0,6.0,16.0,1.8,3.8,9.7,4.0,11.0,27.0,4.0,6.0,9.0,15.0,29.0,66.0,-1.0,1.0,-10.0,9.3,59.26,0.33,172.0,16.0,Mar 2025,3.0,sharescart,sharescart,ipowatch,sharescart,,544563.BO,isin_authoritative,ISIN→symbol from official BSE list,match,,Zelio E-Mobility Ltd.,Zelio E Mobility Ltd,match
INE0YJV01017,Sheel Biotech Ltd.,SME,SHEEL,,2025-09-30,2025-10-03,2025-10-08,63.0,34.02,Bookbuilding,NSE SME,Narnolia Financial,2025,Mansi Share & Stock Broking Pvt.Ltd.,chittorgarh,32.0,chittorgarh,2.0,chittorgarh,5.9,chittorgarh,9.6,chittorgarh,91.0,chittorgarh,95.55,chittorgarh,91.0,chittorgarh,95.55,chittorgarh,Capital Expenditure Requirement | Working Capital Requirement | General Corporate Purposes | Issue Expense,chittorgarh,34.0,chittorgarh,0.0,0.0,0.0,0.0,127.54,128.22,108.74,364.49,7.94,96.99,71.26,59.0,True,4000.0,252000.0,8.8,11.0,102.0,7.2,80.0,92.0,102.0,9.0,15.0,15.0,5.0,10.0,11.0,3.5,7.2,7.1,64.0,73.0,84.0,9.0,10.0,5.0,94.0,106.0,113.0,9.0,-1.0,9.0,10.78,13.1,0.06,102.0,11.0,Mar 2025,3.0,sharescart,sharescart,ipowatch,sharescart,SHEEL.NS,,isin_authoritative,ISIN→symbol from official NSE list,match,,Sheel Biotech Ltd.,Sheel Biotech Limited,match
INE16XA01017,Infinity Infoway Ltd.,SME,,544567.0,2025-09-30,2025-10-03,2025-10-08,155.0,24.42,Bookbuilding,BSE SME,Holani Consultants,2025,Holani Consultants Pvt.Ltd.,chittorgarh,23.0,chittorgarh,1.0,chittorgarh,4.2,chittorgarh,6.32,chittorgarh,294.5,chittorgarh,309.2,chittorgarh,294.5,chittorgarh,309.2,chittorgarh,Development of the Product ZEROTOUCH Device as a Service (“DaaS”). | Purchase of new IT Infrastructure and Certification | Funding of Tender Deposits and Earnest Money Deposits (EMD) towards Tenders | Funding the incremental Working Capital Requirements of the Company | General corporate purposes,chittorgarh,24.0,chittorgarh,157.1,397.1,303.2,258.5,664.45,1757.7,2252.29,4675.98,16.13,100.0,68.49,147.0,True,1600.0,248000.0,13.7,4.0,13.0,11.3,5.0,10.0,13.0,2.0,5.0,6.0,1.0,3.0,4.0,2.6,9.6,10.8,2.0,5.0,13.0,0.0,0.0,0.0,3.0,8.0,15.0,1.0,2.0,2.0,30.77,30.77,0.0,13.0,4.0,Mar 2025,3.0,sharescart,sharescart,ipowatch,sharescart,,544567.BO,isin_authoritative,ISIN→symbol from official BSE list,match,,Infinity Infoway Ltd.,Infinity Infoway Ltd,match
INE1K8Y01018,Munish Forge Ltd.,SME,MUNISH,,2025-09-30,2025-10-03,2025-10-08,96.0,73.92,Bookbuilding,NSE SME,Gretex Corporate,2025,Gretex Share Broking Pvt.Ltd. NNM Securities Pvt.Ltd.,chittorgarh,57.0,chittorgarh,13.0,chittorgarh,17.6,chittorgarh,21.06,chittorgarh,105.0,chittorgarh,110.25,chittorgarh,102.0,chittorgarh,110.25,chittorgarh,Capital expenditure towards Civil construction and Purchase of additional Plant & Machinery | Repayment/Pre-payment of Certain Debt Facilities | Working Capital Requirements | General Corporate Purposes | Total,chittorgarh,74.0,chittorgarh,0.0,0.0,0.0,0.0,56.82,55.11,65.3,177.22,7.29,100.0,68.01,91.0,True,2400.0,230400.0,11.0,14.0,175.0,8.7,,,175.0,,,28.0,,,14.0,,,8.1,,,67.0,,,11.0,,,162.0,,,6.0,8.0,20.9,0.16,175.0,14.0,Mar 2025,1.0,sharescart,sharescart,ipowatch,sharescart,MUNISH.NS,,isin_authoritative,ISIN→symbol from official NSE list,match,,Munish Forge Ltd.,Munish Forge Limited,match
INE10CM01027,Sunsky Logistics Ltd.,SME,,544566.0,2025-09-30,2025-10-03,2025-10-08,46.0,16.84,Fixed Price,BSE SME,Nirbhay Capital,2025,Rikhav Securities Ltd.,chittorgarh,16.0,chittorgarh,1.0,chittorgarh,5.9,chittorgarh,,,51.0,chittorgarh,53.55,chittorgarh,50.0,chittorgarh,53.55,chittorgarh,Purchase of Flatbed Trailers | Prepayment or repayment of all or a portion of certain outstanding borrowings availed by the Company. | To meet the working capital requirement | General Corporate Purpose,chittorgarh,17.0,chittorgarh,0.0,0.0,0.0,0.0,0.04,16.82,7.4,24.26,,95.0,67.04,46.0,False,6000.0,276000.0,15.3,3.0,22.0,3.0,19.0,15.0,22.0,1.0,2.0,4.0,0.0,1.0,3.0,0.4,1.4,2.9,1.0,2.0,5.0,1.0,0.0,1.0,3.0,5.0,8.0,0.0,0.0,2.0,13.64,60.0,0.2,22.0,3.0,Mar 2025,3.0,sharescart,sharescart,,sharescart,,544566.BO,isin_authoritative,ISIN→symbol from official BSE list,match,,Sunsky Logistics Ltd.,Sunsky Logistics Ltd,match
INE12P101018,Chiraharit Ltd.,SME,,544561.0,2025-09-29,2025-10-03,2025-10-08,21.0,31.07,Fixed Price,BSE SME,Finshore Management,2025,Anant Securities,chittorgarh,30.0,chittorgarh,1.0,chittorgarh,3.2,chittorgarh,,,16.8,chittorgarh,16.8,chittorgarh,15.96,chittorgarh,15.96,chittorgarh,"Funding Capital Expenditure towards setting up HDPE Ball Valves and Fittings Manufacturing Unit | Repayment and/or pre-payment, in full or part, of certain borrowings | Working Capital Requirements | Issue Related Expenses | General Corporate Expenses",chittorgarh,31.0,chittorgarh,0.0,0.0,0.0,0.0,0.0,12.4,44.76,57.15,19.05,100.0,72.99,21.0,False,12000.0,252000.0,13.1,6.0,60.0,1.6,33.0,31.0,60.0,2.0,2.0,10.0,0.0,1.0,6.0,0.2,0.2,1.6,3.0,3.0,10.0,9.0,8.0,8.0,23.0,26.0,41.0,1.0,2.0,3.0,10.0,60.0,0.8,60.0,6.0,Mar 2025,3.0,sharescart,sharescart,ipowatch,sharescart,,544561.BO,isin_authoritative,ISIN→symbol from official BSE list,match,,Chiraharit Ltd.,Chiraharit Ltd,match
INE0QU501030,Sodhani Capital Ltd.,SME,,544560.0,2025-09-29,2025-10-01,2025-10-07,51.0,10.71,Fixed Price,BSE SME,Bonanza Portfolio,2025,Aikyam Capital Pvt.Ltd.,chittorgarh,8.0,chittorgarh,2.0,chittorgarh,18.2,chittorgarh,,,80.0,chittorgarh,84.0,chittorgarh,76.0,chittorgarh,84.0,chittorgarh,"Acquisition of an Office premises at Mumbai, Maharashtra | Funding expenditure towards enhancement of the brand visibility | Development of Mutual Fund Investment Application | Meeting expenditure for acquiring Information Technology (Hardware including Software) infrastructure for new office premises and existing office premises. | General Corporate Purpose | Interior work for the proposed Office premises",chittorgarh,11.0,chittorgarh,0.0,0.0,0.0,0.0,0.03,24.59,24.75,49.37,,100.0,73.57,51.0,False,4000.0,204000.0,14.6,2.0,4.0,3.5,2.0,3.0,4.0,2.0,3.0,3.0,1.0,2.0,2.0,2.0,3.5,3.5,2.0,5.0,7.0,0.0,0.0,0.0,3.0,6.0,8.0,1.0,1.0,3.0,50.0,28.57,0.0,4.0,2.0,Mar 2025,3.0,sharescart,sharescart,,sharescart,,544560.BO,isin_authoritative,ISIN→symbol from official BSE list,match,,Sodhani Capital Ltd.,Sodhani Capital Ltd,match
INE0WL901019,Vijaypd Ceutical Ltd.,SME,VIJAYPD,,2025-09-29,2025-10-01,2025-10-07,35.0,19.25,Fixed Price,NSE SME,Smart Horizon Capital,2025,Shreni Shares Ltd.,chittorgarh,18.0,chittorgarh,1.0,chittorgarh,5.3,chittorgarh,,,35.0,chittorgarh,36.75,chittorgarh,35.0,chittorgarh,35.9,chittorgarh,"Funding of capital expenditure requirements of the company towards the construction of Pharmaceutical API/ Intermediates and Chemicals manufacturing plant and purchase of machineries in MIDC – Shrirampur, Ahmednagar, Maharashtra | Repayment/prepayment of all or certain of the borrowings availed of by the Company | General corporate purposes",chittorgarh,19.0,chittorgarh,0.0,0.0,0.0,0.0,0.0,17.95,8.12,26.07,,78.3,56.25,35.0,False,8000.0,280000.0,9.2,5.0,107.0,3.8,,,107.0,,,9.0,,,5.0,,,3.4,,,32.0,,,0.0,,,57.0,,,-8.0,4.67,15.62,0.0,107.0,5.0,Mar 2025,1.0,sharescart,sharescart,,sharescart,VIJAYPD.NS,,isin_authoritative,ISIN→symbol from official NSE list,match,,Vijaypd Ceutical Ltd.,Vijaypd Ceutical Limited,match
INE0R8Q01018,Om Metallogic Ltd.,SME,,544559.0,2025-09-29,2025-10-01,2025-10-07,86.0,22.35,Fixed Price,BSE SME,Corporate Makers,2025,Prabhat Financial Services Ltd.,chittorgarh,21.0,chittorgarh,1.0,chittorgarh,4.5,chittorgarh,,,85.0,chittorgarh,85.0,chittorgarh,85.0,chittorgarh,85.0,chittorgarh,"To finance the Modernization and expansion of existing manufacturing unit | To part finance the requirement of Working Capital | Repayment/pre-payment, in full or in part, of certain borrowings availed by the Company | To meet General corporate purposes",chittorgarh,22.0,chittorgarh,0.0,0.0,0.0,0.0,0.0,5.5,26.83,32.34,,88.51,59.26,86.0,False,3200.0,275200.0,11.0,4.0,60.0,7.8,38.0,39.0,60.0,3.0,4.0,7.0,1.0,2.0,4.0,2.3,4.2,7.8,5.0,8.0,12.0,2.0,2.0,2.0,23.0,25.0,31.0,1.0,1.0,2.0,6.67,33.33,0.17,60.0,4.0,Mar 2025,3.0,sharescart,sharescart,,sharescart,,544559.BO,isin_authoritative,ISIN→symbol from official BSE list,match,,Om Metallogic Ltd.,Om Metallogic Ltd,match
INE0RYR01018,Suba Hotels Ltd.,SME,SUBAHOTELS,,2025-09-29,2025-10-01,2025-10-07,111.0,75.47,Bookbuilding,NSE SME,Unistone Capital,2025,NNM Securities Pvt.Ltd.,chittorgarh,72.0,chittorgarh,3.0,chittorgarh,4.0,chittorgarh,21.29,chittorgarh,154.2,chittorgarh,161.9,chittorgarh,154.2,chittorgarh,161.9,chittorgarh,Funding Capital Expenditure Requirements towards upgradation and last-mile funding of hotel premises | General Corporate Purposes,chittorgarh,75.0,chittorgarh,0.0,0.0,0.0,0.0,301.86,245.59,228.84,776.29,6.31,84.69,,105.0,True,2400.0,266400.0,12.8,15.0,79.0,8.7,35.0,52.0,79.0,9.0,14.0,24.0,3.0,9.0,15.0,3.4,5.1,8.7,23.0,32.0,48.0,4.0,11.0,11.0,85.0,100.0,123.0,10.0,11.0,4.0,18.99,31.25,0.23,79.0,15.0,Mar 2025,3.0,sharescart,sharescart,ipowatch,,SUBAHOTELS.NS,,isin_authoritative,ISIN→symbol from official NSE list,match,,Suba Hotels Ltd.,Suba Hotels Limited,match
INE0SPJ01011,Dhillon Freight Carrier Ltd.,SME,,544556.0,2025-09-29,2025-10-01,2025-10-07,72.0,10.08,Fixed Price,BSE SME,Finshore Management,2025,Anant Securities,chittorgarh,10.0,chittorgarh,0.0,chittorgarh,0.0,chittorgarh,,,57.6,chittorgarh,57.6,chittorgarh,54.72,chittorgarh,54.72,chittorgarh,Purchase of Goods Transportation Vehicles and its Fabrication | General Corporate Expenses,chittorgarh,10.0,chittorgarh,,0.96,4.87,2.91,,,,,16.67,,,,,,,,,,,,,,,,,,,,,,,,,,,,,,,,,,,,,,,,,,ipowatch,,ipowatch,,,544556.BO,isin_authoritative,ISIN→symbol from official BSE list,match,,Dhillon Freight Carrier Ltd.,Dhillon Freight Carrier Ltd,match
INE0SUM01015,DSM Fresh Foods Ltd.,SME,,544568.0,2025-09-26,2025-10-06,2025-10-09,100.0,59.06,Bookbuilding,BSE SME,Narnolia Financial,2025,Alacrity Securities Ltd.,chittorgarh,56.0,chittorgarh,3.0,chittorgarh,5.1,chittorgarh,16.67,chittorgarh,120.0,chittorgarh,126.0,chittorgarh,120.0,chittorgarh,126.0,chittorgarh,Capital Expenditure Requirement | Marketing Expenditure | Working Capital Requirement | Unidentified Acquistion and General Corporate Purposes,chittorgarh,59.0,chittorgarh,1.5,1.8,1.0,1.3,17.05,20.59,18.79,56.44,3.0,38.24,28.11,95.0,True,2400.0,240000.0,18.2,9.0,131.0,5.5,56.0,90.0,131.0,3.0,10.0,17.0,3.0,5.0,9.0,2.7,4.3,5.5,17.0,38.0,49.0,0.0,2.0,11.0,12.0,43.0,79.0,-2.0,-13.0,-17.0,6.87,18.37,0.22,131.0,9.0,Mar 2025,3.0,sharescart,sharescart,ipowatch,sharescart,,544568.BO,isin_authoritative,ISIN→symbol from official BSE list,match,,DSM Fresh Foods Ltd.,DSM Fresh Foods Ltd,match
INE163701019,KVS Castings Ltd.,SME,,544554.0,2025-09-26,2025-09-30,2025-10-06,56.0,27.83,Bookbuilding,BSE SME,Narnolia Financial,2025,Prabhat Financial Services Ltd.,chittorgarh,26.0,chittorgarh,2.0,chittorgarh,7.1,chittorgarh,7.9,chittorgarh,66.3,chittorgarh,69.61,chittorgarh,66.3,chittorgarh,69.61,chittorgarh,Capital Expenditures | General Corporate Purposes,chittorgarh,28.0,chittorgarh,6.0,4.0,2.6,3.9,31.79,21.32,24.15,77.26,5.36,96.55,70.96,53.0,True,4000.0,224000.0,11.7,7.0,50.0,4.8,57.0,54.0,50.0,8.0,9.0,10.0,5.0,6.0,7.0,3.6,4.5,4.8,20.0,26.0,34.0,3.0,0.0,0.0,32.0,31.0,48.0,3.0,5.0,11.0,14.0,20.59,0.0,50.0,7.0,Mar 2025,3.0,sharescart,sharescart,ipowatch,sharescart,,544554.BO,isin_authoritative,ISIN→symbol from official BSE list,match,,KVS Castings Ltd.,KVS Castings Ltd,match
INE0S5T01017,Rukmani Devi Garg Agro Impex Ltd.,SME,,544552.0,2025-09-26,2025-09-30,2025-10-06,99.0,23.52,Bookbuilding,BSE SME,Fedex Securities,2025,Sunflower Broking Pvt.Ltd.,chittorgarh,22.0,chittorgarh,2.0,chittorgarh,8.3,chittorgarh,,,79.2,chittorgarh,79.2,chittorgarh,75.24,chittorgarh,77.13,chittorgarh,Funding the working capital requirements | General Corporate Purposes,chittorgarh,24.0,chittorgarh,8.2,57.2,39.8,28.2,91.99,259.58,311.23,662.8,36.36,100.0,73.23,93.0,True,2400.0,237600.0,8.5,8.0,327.0,11.7,248.0,244.0,327.0,4.0,9.0,13.0,0.0,5.0,8.0,0.7,7.7,11.6,20.0,25.0,32.0,5.0,3.0,2.0,46.0,56.0,112.0,-2.0,-7.0,-20.0,2.45,25.0,0.06,327.0,8.0,Mar 2025,3.0,sharescart,sharescart,investorgain,sharescart,,544552.BO,isin_authoritative,ISIN→symbol from official BSE list,match,,Rukmani Devi Garg Agro Impex Ltd.,Rukmani Devi Garg Agro Impex Ltd,match
INE1PJP01015,M P K Steels (I) Ltd.,SME,,544553.0,2025-09-26,2025-09-30,2025-10-06,79.0,25.74,Bookbuilding,BSE SME,Gretex Corporate,2025,Gretex Share Broking Pvt.Ltd.,chittorgarh,24.0,chittorgarh,2.0,chittorgarh,7.7,chittorgarh,,,80.0,chittorgarh,84.0,chittorgarh,80.0,chittorgarh,83.5,chittorgarh,Capital Expenditure towards purchase of Machinery and Dies | Capital Expenditure towards installation of Solar Plant | To meet Working Capital Requirements | General Corporate Purposes,chittorgarh,26.0,chittorgarh,19.9,0.7,0.6,1.5,23.7,6.08,9.23,39.01,,97.82,66.52,75.0,True,3200.0,252800.0,9.1,6.0,207.0,8.7,138.0,187.0,207.0,3.0,6.0,10.0,2.0,3.0,6.0,2.6,4.5,8.7,15.0,18.0,24.0,4.0,6.0,11.0,43.0,55.0,62.0,-4.0,2.0,-14.0,2.9,25.0,0.46,207.0,6.0,Mar 2025,3.0,sharescart,sharescart,,sharescart,,544553.BO,isin_authoritative,ISIN→symbol from official BSE list,match,,M P K Steels (I) Ltd.,M P K Steels (I) Ltd,match
INE14QA01016,Ameenji Rubber Ltd.,SME,,544555.0,2025-09-26,2025-09-30,2025-10-06,100.0,30.0,Bookbuilding,BSE SME,Hem Securities,2025,Hem Finlease Pvt.Ltd.,chittorgarh,28.0,chittorgarh,2.0,chittorgarh,6.7,chittorgarh,8.52,chittorgarh,101.0,chittorgarh,106.05,chittorgarh,96.05,chittorgarh,106.05,chittorgarh,"Funding of Capital Expenditure towards Modernization of Existing Machinery and Procurement of New Machinery for new product Line-Conveyor Belting Unit. | Repayment and/or pre-payment, in full or part, of certain borrowings availed by the Company | General Corporate Purpose",chittorgarh,30.0,chittorgarh,3.8,2.3,1.1,2.1,21.58,13.24,10.78,45.59,,92.24,67.71,95.0,True,2400.0,240000.0,10.3,8.0,94.0,9.7,,83.0,94.0,,13.0,19.0,,5.0,8.0,,5.5,9.7,,14.0,22.0,,18.0,26.0,,76.0,103.0,,-3.0,8.0,8.51,36.36,1.18,94.0,8.0,Mar 2025,2.0,sharescart,sharescart,,sharescart,,544555.BO,isin_authoritative,ISIN→symbol from official BSE list,match,,Ameenji Rubber Ltd.,Ameenji Rubber Ltd,match
INE0U4H01011,Manas Polymers & Energies Ltd.,SME,MPEL,,2025-09-26,2025-09-30,2025-10-06,81.0,23.52,Bookbuilding,NSE SME,Expert Global,2025,,,22.0,chittorgarh,2.0,chittorgarh,8.3,chittorgarh,,,153.9,chittorgarh,153.9,chittorgarh,146.2,chittorgarh,146.2,chittorgarh,Funding of capital expenditure requirements towards setting up of Solar Power Plant | Funding of capital expenditure requirements towards purchase of Fixed Assets | General corporate purposes,chittorgarh,24.0,chittorgarh,0.0,0.0,0.0,0.0,15.02,11.08,2.77,28.87,3.7,99.95,62.6,76.0,True,3200.0,259200.0,9.2,4.0,32.0,8.8,,5.0,32.0,,1.0,7.0,,1.0,4.0,,1.5,8.8,,6.0,10.0,,5.0,1.0,,21.0,30.0,,-2.0,7.0,12.5,40.0,0.1,32.0,4.0,Mar 2025,2.0,sharescart,sharescart,investorgain,sharescart,MPEL.NS,,isin_authoritative,ISIN→symbol from official NSE list,match,,Manas Polymers & Energies Ltd.,Manas Polymers and Energies Limited,match
INE18PB01017,Bhavik Enterprises Ltd.,SME,,544551.0,2025-09-25,2025-09-30,2025-10-06,140.0,77.0,Fixed Price,BSE SME,Smart Horizon Capital,2025,Shreni Shares Ltd.,chittorgarh,59.0,chittorgarh,14.0,chittorgarh,18.2,chittorgarh,,,143.0,chittorgarh,150.15,chittorgarh,143.0,chittorgarh,145.3,chittorgarh,Funding Working Capital Requirements of the Company | General corporate purposes,chittorgarh,77.0,chittorgarh,0.0,0.0,0.0,0.0,,,,,,99.99,72.98,,False,2000.0,0.0,,6.0,527.0,3.6,487.0,494.0,527.0,21.0,11.0,8.0,16.0,8.0,6.0,9.8,5.0,3.6,84.0,92.0,98.0,0.0,0.0,0.0,157.0,137.0,173.0,14.0,-3.0,-33.0,1.14,6.12,0.0,527.0,6.0,Mar 2025,3.0,sharescart,sharescart,,sharescart,,544551.BO,isin_authoritative,ISIN→symbol from official BSE list,match,,Bhavik Enterprises Ltd.,Bhavik Enterprises Ltd,match
INE1B4801017,Chatterbox Technologies Ltd.,SME,,544546.0,2025-09-25,2025-09-29,2025-10-03,115.0,42.86,Bookbuilding,BSE SME,Expert Global,2025,Prabhat Financial Services Ltd.,chittorgarh,41.0,chittorgarh,2.0,chittorgarh,4.7,chittorgarh,12.19,chittorgarh,135.0,chittorgarh,136.0,chittorgarh,128.25,chittorgarh,129.0,chittorgarh,Funding Capital expenditure for Existing business | Funding Capital expenditure for setting up an additional office cum setting up a new studio | Funding Capital expenditure for Brand Building of the own Company | Meeting the incremental working capital requirements of the company | General Corporate Purposes,chittorgarh,43.0,chittorgarh,38.2,61.2,46.9,48.5,310.5,506.49,669.55,1486.54,33.04,82.0,60.39,110.0,True,2400.0,276000.0,13.5,9.0,59.0,8.5,40.0,55.0,59.0,1.0,12.0,12.0,1.0,9.0,9.0,1.2,8.2,8.5,8.0,17.0,26.0,0.0,0.0,0.0,17.0,24.0,40.0,-2.0,4.0,3.0,15.25,34.62,0.0,59.0,9.0,Mar 2025,3.0,sharescart,sharescart,ipowatch,sharescart,,544546.BO,isin_authoritative,ISIN→symbol from official BSE list,match,,Chatterbox Technologies Ltd.,Chatterbox Technologies Ltd,match
INE0SIK01014,Gujarat Peanut & Agri Products Ltd.,SME,,544548.0,2025-09-25,2025-09-29,2025-10-03,80.0,23.81,Fixed Price,BSE SME,Finshore Management,2025,Anant Securities,chittorgarh,23.0,chittorgarh,1.0,chittorgarh,4.2,chittorgarh,,,64.0,chittorgarh,67.2,chittorgarh,61.1,chittorgarh,67.2,chittorgarh,Funding Capital Expenditure towards purchase of additional plant and machinery. | To meet the Working Capital Requirements. | General Corporate Purposes.,chittorgarh,24.0,chittorgarh,0.0,0.0,0.0,0.0,,,,,68.75,98.09,71.0,,False,3200.0,0.0,,6.0,363.0,9.1,148.0,297.0,363.0,3.0,8.0,13.0,1.0,4.0,6.0,1.2,5.6,8.9,6.0,11.0,19.0,7.0,11.0,0.0,31.0,73.0,127.0,0.0,-26.0,7.0,1.65,31.58,0.0,363.0,6.0,Mar 2025,3.0,sharescart,sharescart,investorgain,sharescart,,544548.BO,isin_authoritative,ISIN→symbol from official BSE list,match,,Gujarat Peanut & Agri Products Ltd.,Gujarat Peanut And Agri Products Ltd,match
INE1A8F01035,Earkart Ltd.,SME,,544549.0,2025-09-25,2025-09-29,2025-10-03,135.0,49.26,Fixed Price,BSE SME,Sarthi Capital Advisors,2025,Rikhav Securities Ltd.,chittorgarh,42.0,chittorgarh,5.0,chittorgarh,10.2,chittorgarh,,,135.5,chittorgarh,142.25,chittorgarh,135.5,chittorgarh,142.25,chittorgarh,Funding incremental working capital requirements of our Company | Funding capital expenditure requirements for setting of Shop in Shop (SIS) Business Model in ENT/Ophthalmic Clinics across India and Setting up of Infrastructure for operational activities | General Corporate Purposes,chittorgarh,49.0,chittorgarh,0.0,0.0,0.0,0.0,,,,,,78.75,57.34,,False,2000.0,0.0,,7.0,43.0,6.4,29.0,32.0,43.0,2.0,4.0,10.0,1.0,3.0,7.0,1.7,4.1,6.4,7.0,13.0,20.0,0.0,0.0,0.0,15.0,19.0,30.0,-0.0,-1.0,1.0,16.28,35.0,0.0,43.0,7.0,Mar 2025,3.0,sharescart,sharescart,,sharescart,,544549.BO,isin_authoritative,ISIN→symbol from official BSE list,match,,Earkart Ltd.,Earkart Ltd,match
INE0SRP01014,Telge Projects Ltd.,SME,,544544.0,2025-09-25,2025-09-29,2025-10-03,105.0,27.24,Bookbuilding,BSE SME,Smart Horizon Capital,2025,Shreni Shares Ltd.,chittorgarh,26.0,chittorgarh,1.0,chittorgarh,3.7,chittorgarh,7.7,chittorgarh,108.1,chittorgarh,112.0,chittorgarh,108.1,chittorgarh,110.45,chittorgarh,"Funding of Capital expenditure towards purchase of additional office premises at Pune, Maharashtra; | Funding of capital expenditure requirements towards Purchase of computers, laptops, other related accessories and Purchase of software subscriptions; | Hiring of Manpower in the Company | Investment in subsidiary for hiring Manpower in Telge Projects Inc | General Corporate Purpose",chittorgarh,27.0,chittorgarh,5.4,2.3,1.7,2.9,27.97,12.12,15.78,55.87,,97.28,71.5,95.0,True,2400.0,252000.0,13.8,5.0,25.0,7.6,,12.0,25.0,,4.0,9.0,,3.0,5.0,,3.7,7.2,,5.0,11.0,,1.0,6.0,,10.0,26.0,,3.0,3.0,20.0,45.45,0.55,25.0,5.0,Mar 2025,2.0,sharescart,sharescart,,sharescart,,544544.BO,isin_authoritative,ISIN→symbol from official BSE list,match,,Telge Projects Ltd.,Telge Projects Ltd,match
INE0TI501017,Praruh Technologies Ltd.,SME,,544538.0,2025-09-24,2025-09-26,2025-10-01,63.0,23.5,Bookbuilding,BSE SME,Corporate Makers,2025,SMP Securities Ltd.,chittorgarh,22.0,chittorgarh,1.0,chittorgarh,4.3,chittorgarh,6.69,chittorgarh,63.0,chittorgarh,64.9,chittorgarh,63.0,chittorgarh,64.25,chittorgarh,Repayment of Certain Borrowings | Unidentified acquisitions in India | Funding of Working Capital Requirement of the company | General corporate purposes,chittorgarh,23.0,chittorgarh,1.0,1.8,0.9,1.2,4.51,8.37,7.26,20.13,6.35,100.0,73.22,60.0,True,4000.0,252000.0,9.4,7.0,62.0,6.7,28.0,61.0,62.0,3.0,11.0,12.0,2.0,6.0,7.0,2.1,6.4,6.7,5.0,11.0,18.0,0.0,5.0,4.0,18.0,40.0,57.0,1.0,3.0,4.0,11.29,38.89,0.22,62.0,7.0,Mar 2025,3.0,sharescart,sharescart,ipowatch,sharescart,,544538.BO,isin_authoritative,ISIN→symbol from official BSE list,match,,Praruh Technologies Ltd.,Praruh Technologies Ltd,match
INE1CCX01012,Gurunanak Agriculture India Ltd.,SME,GURUNANAK,,2025-09-24,2025-09-26,2025-10-01,75.0,28.8,Fixed Price,NSE SME,Finshore Management,2025,Anant Securities,chittorgarh,27.0,chittorgarh,2.0,chittorgarh,6.9,chittorgarh,,,60.0,chittorgarh,60.0,chittorgarh,57.0,chittorgarh,57.0,chittorgarh,Funding Capital Expenditure towards setting up Harvester Manufacturing Unit | Working Capital Requirements | Issue Related Expenses | General Corporate Expenses,chittorgarh,29.0,chittorgarh,0.0,0.0,0.0,0.0,,,,,,99.99,68.0,,False,3200.0,0.0,,6.0,44.0,7.4,39.0,44.0,44.0,3.0,6.0,10.0,1.0,2.0,6.0,0.7,3.0,7.4,4.0,6.0,12.0,3.0,3.0,2.0,18.0,22.0,20.0,6.0,1.0,2.0,13.64,50.0,0.17,44.0,6.0,Mar 2025,3.0,sharescart,sharescart,,sharescart,GURUNANAK.NS,,isin_authoritative,ISIN→symbol from official NSE list,match,,Gurunanak Agriculture India Ltd.,Gurunanak Agriculture India Limited,match
INE0W5Q01017,Justo Realfintech Ltd.,SME,,544542.0,2025-09-24,2025-09-26,2025-10-01,127.0,63.0,Bookbuilding,BSE SME,Vivro Financial,2025,Rikhav Securities Ltd.,chittorgarh,60.0,chittorgarh,3.0,chittorgarh,4.8,chittorgarh,17.91,chittorgarh,126.9,chittorgarh,127.0,chittorgarh,121.1,chittorgarh,126.75,chittorgarh,Utilization towards working capital requirements of the Company | Funding investment in IT infrastructure and development of technological platform | Repayment of a portion of certain outstanding borrowings availed by the Company | General Corporate Purposes,chittorgarh,63.0,chittorgarh,7.2,5.3,2.1,4.3,86.3,64.44,44.02,194.75,16.54,51.87,38.18,120.0,True,2000.0,254000.0,10.9,15.0,81.0,11.7,70.0,59.0,81.0,23.0,11.0,22.0,15.0,7.0,15.0,13.7,6.0,11.0,20.0,27.0,52.0,2.0,2.0,4.0,33.0,42.0,76.0,1.0,5.0,-9.0,18.52,28.85,0.08,81.0,15.0,Mar 2025,3.0,sharescart,sharescart,ipowatch,sharescart,,544542.BO,isin_authoritative,ISIN→symbol from official BSE list,match,,Justo Realfintech Ltd.,Justo Realfintech Ltd,match
INE1KLZ01011,Systematic Industries Ltd.,SME,,544541.0,2025-09-24,2025-09-26,2025-10-01,195.0,115.6,Bookbuilding,BSE SME,Hem Securities,2025,Hem Finlease Pvt.Ltd.,chittorgarh,102.0,chittorgarh,8.0,chittorgarh,6.9,chittorgarh,32.91,chittorgarh,193.8,chittorgarh,199.0,chittorgarh,186.0,chittorgarh,196.45,chittorgarh,"Repayment and/or pre-payment, in full or part, of borrowing availed by the Company | General Corporate Purpose",chittorgarh,116.0,chittorgarh,9.9,6.1,3.4,5.8,216.25,136.5,129.14,481.9,5.13,99.95,73.41,185.0,True,1200.0,234000.0,9.7,18.0,447.0,20.1,320.0,370.0,447.0,15.0,27.0,37.0,6.0,12.0,18.0,5.6,7.4,10.7,50.0,62.0,81.0,17.0,21.0,26.0,130.0,162.0,200.0,-7.0,15.0,9.0,4.03,22.22,0.32,447.0,18.0,Mar 2025,3.0,sharescart,sharescart,ipowatch,sharescart,,544541.BO,isin_authoritative,ISIN→symbol from official BSE list,match,,Systematic Industries Ltd.,Systematic Industries Ltd,match
INE0SLP01017,NSB BPO Solutions Ltd.,SME,,544571.0,2025-09-23,2025-10-07,2025-10-10,121.0,64.13,Bookbuilding,BSE SME,Inventure Merchant Banker,2025,Alacrity Securities Ltd.,chittorgarh,61.0,chittorgarh,3.0,chittorgarh,4.7,chittorgarh,,,121.45,chittorgarh,127.5,chittorgarh,121.15,chittorgarh,121.3,chittorgarh,"Re-payment/pre-payment, in full or in part, of certain borrowings availed by the Company | Funding Capital expenditure for new project | Additional Working Capital requirements for the existing business | Long-Term Working Capital requirements for the new project",chittorgarh,64.0,chittorgarh,25.5,0.8,0.2,0.8,18.91,31.07,7.2,57.18,,45.78,33.63,121.0,True,2000.0,280000.0,18.7,9.0,138.0,7.5,285.0,128.0,138.0,12.0,13.0,19.0,2.0,5.0,9.0,4.2,5.7,7.5,102.0,106.0,140.0,17.0,7.0,4.0,208.0,146.0,173.0,28.0,9.0,-7.0,6.52,6.43,0.03,138.0,9.0,Mar 2025,3.0,sharescart,sharescart,,sharescart,,544571.BO,isin_authoritative,ISIN→symbol from official BSE list,match,,NSB BPO Solutions Ltd.,NSB BPO Solutions Ltd,match
INE0VBS01016,Ecoline Exim Ltd.,SME,ECOLINE,,2025-09-23,2025-09-25,2025-09-30,141.0,76.42,Bookbuilding,NSE SME,Hem Securities,2025,Hem Finlease Pvt.Ltd.,chittorgarh,57.0,chittorgarh,15.0,chittorgarh,19.7,chittorgarh,21.76,chittorgarh,140.85,chittorgarh,141.0,chittorgarh,133.8,chittorgarh,140.5,chittorgarh,"Funding the capital expenditure towards construction of building, mechanical and electrical works and procurement of plant and machinery for setting up a new manufacturing facility at Ahmedabad (“Proposed Factory V”) | General Corporate Purpose.",chittorgarh,76.0,chittorgarh,0.0,0.0,0.0,0.0,138.11,62.76,111.02,311.89,3.55,100.0,73.58,134.0,True,2000.0,282000.0,12.2,19.0,269.0,11.6,304.0,272.0,269.0,30.0,34.0,30.0,17.0,22.0,19.0,10.7,13.5,11.6,48.0,70.0,88.0,8.0,3.0,0.0,103.0,126.0,146.0,9.0,19.0,-5.0,7.06,21.59,0.0,269.0,19.0,Mar 2025,3.0,sharescart,sharescart,ipowatch,sharescart,ECOLINE.NS,,isin_authoritative,ISIN→symbol from official NSE list,match,,Ecoline Exim Ltd.,Ecoline Exim Limited,match
INE132901013,Matrix Geo Solutions Ltd.,SME,MGSL,,2025-09-23,2025-09-25,2025-09-30,104.0,40.2,Bookbuilding,NSE SME,Narnolia Financial,2025,Prabhat Financial Services Ltd.,chittorgarh,38.0,chittorgarh,2.0,chittorgarh,5.0,chittorgarh,11.34,chittorgarh,103.9,chittorgarh,103.9,chittorgarh,98.7,chittorgarh,99.15,chittorgarh,Purchase of New drones | Purchase of Survey Equipment and Technologies | Capital expenditure | Funding the Working Capital requirement | General Corporate Purposes,chittorgarh,40.0,chittorgarh,0.0,0.0,0.0,0.0,95.01,53.02,58.91,206.93,9.62,91.52,67.26,98.0,True,2400.0,249600.0,18.2,6.0,22.0,5.7,9.0,14.0,22.0,2.0,5.0,8.0,1.0,3.0,6.0,1.1,3.3,5.5,8.0,11.0,22.0,2.0,2.0,2.0,14.0,16.0,30.0,0.0,2.0,2.0,27.27,27.27,0.09,22.0,6.0,Mar 2025,3.0,sharescart,sharescart,ipowatch,sharescart,MGSL.NS,,isin_authoritative,ISIN→symbol from official NSE list,match,,Matrix Geo Solutions Ltd.,Matrix Geo Solutions Limited,match
INE1LDV01015,True Colors Ltd.,SME,,544531.0,2025-09-23,2025-09-25,2025-09-30,191.0,127.96,Bookbuilding,BSE SME,GYR Capital,2025,Giriraj Stock Broking Pvt.Ltd.,chittorgarh,102.0,chittorgarh,19.0,chittorgarh,14.8,chittorgarh,36.4,chittorgarh,191.0,chittorgarh,191.0,chittorgarh,181.45,chittorgarh,183.05,chittorgarh,Funding working capital requirements of the company | Repayment/prepayment of all or certain of our borrowings availed of by the Company | General corporate purposes,chittorgarh,128.0,chittorgarh,43.4,37.7,44.5,42.4,1053.62,931.56,1893.21,3878.4,18.32,94.86,68.87,181.0,True,1200.0,229200.0,13.8,25.0,234.0,13.8,81.0,160.0,234.0,6.0,15.0,42.0,4.0,8.0,25.0,4.4,9.2,13.0,6.0,15.0,55.0,10.0,23.0,23.0,46.0,106.0,155.0,-20.0,9.0,6.0,10.68,45.45,0.42,234.0,25.0,Mar 2025,3.0,sharescart,sharescart,ipowatch,sharescart,,544531.BO,isin_authoritative,ISIN→symbol from official BSE list,match,,True Colors Ltd.,True Colors Ltd,match
INE15XJ01010,Aptus Pharma Ltd.,SME,,544529.0,2025-09-23,2025-09-25,2025-09-30,70.0,13.02,Bookbuilding,BSE SME,Interactive Financial,2025,Market-Hub Stock Broking Pvt.Ltd.,chittorgarh,12.0,chittorgarh,1.0,chittorgarh,7.7,chittorgarh,3.7,chittorgarh,80.8,chittorgarh,84.84,chittorgarh,80.8,chittorgarh,84.84,chittorgarh,Capital Expenditure for Office Premises with furniture and Industrial Racks | Working Capital | General corporate purposes,chittorgarh,13.0,chittorgarh,1.2,21.5,31.5,20.8,3.05,54.19,136.64,193.89,10.0,100.0,72.88,65.0,True,4000.0,280000.0,10.9,3.0,25.0,6.4,14.0,18.0,25.0,1.0,2.0,5.0,0.0,1.0,3.0,0.5,2.1,0.5,1.0,2.0,7.0,2.0,4.0,3.0,6.0,10.0,22.0,-0.0,-2.0,-2.0,12.0,42.86,0.43,25.0,3.0,Mar 2025,3.0,sharescart,sharescart,ipowatch,sharescart,,544529.BO,isin_authoritative,ISIN→symbol from official BSE list,match,,Aptus Pharma Ltd.,Aptus Pharma Ltd,match
INE0QMV01017,BharatRohan Airborne Innovations Ltd.,SME,,544535.0,2025-09-23,2025-09-25,2025-09-30,85.0,45.04,Bookbuilding,BSE SME,Smart Horizon Capital,2025,Rikhav Securities Ltd.,chittorgarh,43.0,chittorgarh,2.0,chittorgarh,4.4,chittorgarh,12.54,chittorgarh,90.0,chittorgarh,94.5,chittorgarh,90.0,chittorgarh,91.99,chittorgarh,Funding of Capital Expenditure requirements for purchase of new Equipment by the Company | Purchase of Commercial Vehicle | Funding Working Capital Requirement of the Company; | General Corporate Purpose,chittorgarh,45.0,chittorgarh,8.3,12.1,8.5,9.5,70.04,106.75,130.4,307.18,5.88,54.86,40.26,80.0,True,3200.0,272000.0,15.5,8.0,28.0,5.5,,19.0,28.0,,6.0,8.0,,5.0,8.0,,4.0,5.2,,15.0,37.0,,2.0,0.0,,20.0,41.0,,-8.0,-4.0,28.57,21.62,0.0,28.0,8.0,Mar 2025,2.0,sharescart,sharescart,investorgain,sharescart,,544535.BO,isin_authoritative,ISIN→symbol from official BSE list,match,,BharatRohan Airborne Innovations Ltd.,Bharatrohan Airborne Innovations Ltd,match
INE1IIQ01028,Solvex Edibles Ltd.,SME,,544539.0,2025-09-22,2025-09-26,2025-10-01,72.0,18.87,Fixed Price,BSE SME,Corporate Makers,2025,JSK Securities & Services Pvt.Ltd.,chittorgarh,18.0,chittorgarh,1.0,chittorgarh,5.3,chittorgarh,,,68.0,chittorgarh,68.0,chittorgarh,64.6,chittorgarh,64.6,chittorgarh,"To finance the Capital expenditure towards acquisition of new Plant and Machinery at existing plant of the Company | Repayment in full or in part, of certain of the outstanding borrowings | To meet General corporate purposes",chittorgarh,19.0,chittorgarh,0.0,0.0,0.0,0.0,,,,,,100.0,70.72,,False,3200.0,0.0,,4.0,135.0,6.3,,72.0,135.0,,3.0,13.0,,1.0,4.0,,1.7,6.5,,14.0,20.0,,24.0,18.0,,89.0,92.0,,-8.0,1.0,2.96,20.0,0.9,135.0,4.0,Mar 2025,2.0,sharescart,sharescart,,sharescart,,544539.BO,isin_authoritative,ISIN→symbol from official BSE list,match,,Solvex Edibles Ltd.,Solvex Edibles Ltd,match
INE0CQA01020,Prime Cable Industries Ltd.,SME,PRIMECAB,,2025-09-22,2025-09-24,2025-09-29,83.0,40.04,Bookbuilding,NSE SME,Indorient Financial,2025,Alacrity Securities Ltd.,chittorgarh,33.0,chittorgarh,5.0,chittorgarh,12.5,chittorgarh,11.39,chittorgarh,81.0,chittorgarh,81.0,chittorgarh,76.95,chittorgarh,78.3,chittorgarh,Capital Expenditure toward of the civil construction and purchase of the plant and machinery | Repayment of the Term loan of the certain debt Facilities | Working Capital Requirement | General Corporate Purposes,chittorgarh,40.0,chittorgarh,0.0,0.0,0.0,0.0,75.27,55.56,91.66,222.49,2.41,92.92,68.23,78.0,True,3200.0,265600.0,15.1,8.0,141.0,5.5,74.0,83.0,141.0,3.0,5.0,15.0,0.0,2.0,8.0,0.1,1.3,5.5,5.0,7.0,15.0,6.0,13.0,14.0,39.0,49.0,92.0,-1.0,1.0,3.0,5.67,53.33,0.93,141.0,8.0,Mar 2025,3.0,sharescart,sharescart,ipowatch,sharescart,PRIMECAB.NS,,isin_authoritative,ISIN→symbol from official NSE list,match,,Prime Cable Industries Ltd.,Prime Cable Industries Limited,match
INE0SVO01019,Siddhi Cotspin Ltd.,SME,SIDDHICOTS,,2025-09-19,2025-09-23,2025-09-26,108.0,69.85,Bookbuilding,NSE SME,Swastika Investmart,2025,Jevin Stock Broker Pvt.Ltd.,chittorgarh,50.0,chittorgarh,16.0,chittorgarh,22.9,chittorgarh,,,86.4,chittorgarh,86.4,chittorgarh,82.1,chittorgarh,82.1,chittorgarh,Funding the working capital requirements of our Company | Repayment or prepayment of all or a portion of certain outstanding borrowings | General Corporate Purposes,chittorgarh,70.0,chittorgarh,0.0,0.0,0.0,0.0,116.34,89.16,62.67,268.18,,85.57,,102.0,True,2400.0,259200.0,16.1,13.0,725.0,6.7,199.0,581.0,725.0,26.0,35.0,33.0,6.0,12.0,13.0,3.3,6.3,6.7,54.0,66.0,79.0,69.0,39.0,23.0,184.0,181.0,183.0,28.0,19.0,29.0,1.79,16.46,0.29,725.0,13.0,Mar 2025,3.0,sharescart,sharescart,,,SIDDHICOTS.NS,,isin_authoritative,ISIN→symbol from official NSE list,match,,Siddhi Cotspin Ltd.,Siddhi Cotspin Limited,match
INE14VP01014,JD Cables Ltd.,SME,,544524.0,2025-09-18,2025-09-22,2025-09-25,152.0,95.99,Bookbuilding,BSE SME,GYR Capital,2025,Giriraj Stock Broking Pvt.Ltd.,chittorgarh,80.0,chittorgarh,12.0,chittorgarh,12.5,chittorgarh,27.06,chittorgarh,160.0,chittorgarh,160.0,chittorgarh,152.0,chittorgarh,157.9,chittorgarh,Funding working capital requirements of our company; | Repayment/prepayment of all or certain of our borrowings availed of by our Company | General corporate purposes,chittorgarh,96.0,chittorgarh,125.4,133.3,106.9,118.9,2283.49,2485.63,3430.21,8199.33,13.82,97.35,70.0,144.0,True,1600.0,243200.0,0.0,22.0,251.0,4405.0,41.0,101.0,251.0,1.0,7.0,34.0,0.0,5.0,22.0,0.3,2.8,13.3,1.0,8.0,30.0,0.0,0.0,1.0,18.0,45.0,115.0,1.0,-13.0,-18.0,8.76,73.33,0.03,251.0,22.0,Mar 2025,3.0,sharescart,sharescart,ipowatch,sharescart,,544524.BO,isin_authoritative,ISIN→symbol from official BSE list,match,,JD Cables Ltd.,JD Cables Ltd,match
INE10XS01012,Sampat Aluminium Ltd.,SME,,544520.0,2025-09-17,2025-09-19,2025-09-24,120.0,30.53,Bookbuilding,BSE SME,Marwadi Chandarana Intermediaries,2025,Globalworth Securities Ltd.,chittorgarh,29.0,chittorgarh,2.0,chittorgarh,6.5,chittorgarh,8.51,chittorgarh,120.0,chittorgarh,120.0,chittorgarh,114.0,chittorgarh,115.15,chittorgarh,"Setting up a new manufacturing facility located at Borisana, Mehsana in Gujarat (“Proposed facility | General Corporate Purposes",chittorgarh,31.0,chittorgarh,87.0,201.4,161.9,153.8,496.24,1267.46,1622.65,3386.35,15.0,90.96,63.67,114.0,True,2400.0,288000.0,10.2,7.0,133.0,11.8,129.0,147.0,133.0,3.0,10.0,12.0,1.0,6.0,7.0,2.6,11.8,11.7,4.0,13.0,22.0,8.0,12.0,9.0,37.0,52.0,70.0,-6.0,-3.0,-3.0,5.26,31.82,0.41,133.0,7.0,Mar 2025,3.0,sharescart,sharescart,ipowatch,sharescart,,544520.BO,isin_authoritative,ISIN→symbol from official BSE list,match,,Sampat Aluminium Ltd.,Sampat Aluminium Ltd,match
INE0Y5H01014,TechD Cybersecurity Ltd.,SME,TECHD,,2025-09-15,2025-09-17,2025-09-22,193.0,38.99,Bookbuilding,NSE SME,GYR Capital,2025,Giriraj Stock Broking Pvt.Ltd.,chittorgarh,37.0,chittorgarh,2.0,chittorgarh,5.1,chittorgarh,11.09,chittorgarh,366.7,chittorgarh,385.0,chittorgarh,366.7,chittorgarh,385.0,chittorgarh,Investment in Human resources | Capital Expenditure for setting up Global Security Operation Centre (GSOC) at Ahmedabad | General Corporate Purpose,chittorgarh,39.0,chittorgarh,0.0,0.0,0.0,0.0,2106.05,7111.31,9416.72,18634.08,51.81,86.61,63.22,183.0,True,1200.0,231600.0,11.8,8.0,30.0,16.4,8.0,15.0,30.0,1.0,5.0,12.0,1.0,3.0,8.0,2.0,6.8,15.4,2.0,5.0,22.0,1.0,0.0,0.0,7.0,9.0,29.0,0.0,-1.0,-2.0,26.67,36.36,0.0,30.0,8.0,Mar 2025,3.0,sharescart,sharescart,ipowatch,sharescart,TECHD.NS,,isin_authoritative,ISIN→symbol from official NSE list,match,,TechD Cybersecurity Ltd.,TechD Cybersecurity Limited,match
INE0TJ801010,L.T.Elevator Ltd.,SME,,544518.0,2025-09-12,2025-09-16,2025-09-19,78.0,39.37,Bookbuilding,BSE SME,Horizon Management,2025,Rainbow Securities Pvt.Ltd.,chittorgarh,37.0,chittorgarh,2.0,chittorgarh,5.1,chittorgarh,11.21,chittorgarh,136.1,chittorgarh,142.9,chittorgarh,131.15,chittorgarh,142.9,chittorgarh,"Working Capital Requirements | Investment in subsidiary Park Smart Solutions Limited, for funding of its working capital requirement | General corporate purposes",chittorgarh,39.0,chittorgarh,95.1,263.9,158.9,170.2,712.08,2002.19,2080.19,4794.47,57.69,85.14,62.71,76.0,True,3200.0,249600.0,11.8,7.0,55.0,6.6,34.0,40.0,55.0,4.0,7.0,13.0,1.0,3.0,7.0,1.4,3.4,3.3,8.0,11.0,45.0,3.0,1.0,1.0,42.0,42.0,87.0,3.0,-3.0,0.0,12.73,15.56,0.02,55.0,7.0,Mar 2025,3.0,sharescart,sharescart,investorgain,sharescart,,544518.BO,isin_authoritative,ISIN→symbol from official BSE list,match,,L.T.Elevator Ltd.,L. T. Elevator Ltd,match
INE0XBS01012,Airfloa Rail Technology Ltd.,SME,,544516.0,2025-09-11,2025-09-15,2025-09-18,140.0,91.1,Bookbuilding,BSE SME,GYR Capital,2025,Giriraj Stock Broking Pvt.Ltd.,chittorgarh,87.0,chittorgarh,4.0,chittorgarh,4.4,chittorgarh,25.93,chittorgarh,266.0,chittorgarh,279.3,chittorgarh,266.0,chittorgarh,279.3,chittorgarh,Capital expenditure towards purchase of machinery and equipmen | Repayment of a portion of certain outstanding borrowing availed by the company | Funding working capital requirements | General corporate purposes,chittorgarh,91.0,chittorgarh,214.7,259.4,331.5,281.0,3711.3,4561.58,10042.62,18315.5,125.0,74.4,54.2,133.0,True,2000.0,280000.0,9.0,26.0,192.0,15.6,,,192.0,,,49.0,,,26.0,,,14.6,,,111.0,,,1.0,,,257.0,,,-4.0,13.54,23.42,0.01,192.0,26.0,Mar 2025,1.0,sharescart,sharescart,investorgain,sharescart,,544516.BO,isin_authoritative,ISIN→symbol from official BSE list,match,,Airfloa Rail Technology Ltd.,Airfloa Rail Technology Ltd,match
INE09A801015,Galaxy Medicare Ltd.,SME,GML,,2025-09-10,2025-09-12,2025-09-17,54.0,22.31,Bookbuilding,NSE SME,Affinity Global,2025,Prabhat Financial Services Ltd.,chittorgarh,17.0,chittorgarh,4.0,chittorgarh,18.2,chittorgarh,,,54.0,chittorgarh,54.0,chittorgarh,51.3,chittorgarh,51.3,chittorgarh,". Funding Capital Expenditure requirement towards purchase of machinery for the existing manufacturing facility at Bhubaneshwar, Odisha | Funding the working capital requirements | General Corporate Purposes | To meet the offer related expenses",chittorgarh,22.0,chittorgarh,0.0,0.0,0.0,0.0,0.43,13.36,26.16,39.95,1.85,99.57,72.43,51.0,True,4000.0,216000.0,19.3,3.0,39.0,2.8,31.0,36.0,39.0,3.0,6.0,6.0,2.0,4.0,3.0,1.3,3.1,2.8,18.0,21.0,24.0,3.0,2.0,0.0,32.0,32.0,31.0,4.0,3.0,4.0,7.69,12.5,0.0,39.0,3.0,Mar 2025,3.0,sharescart,sharescart,ipowatch,sharescart,GML.NS,,isin_authoritative,ISIN→symbol from official NSE list,match,,Galaxy Medicare Ltd.,Galaxy Medicare Limited,match
INE1DRH01011,Jay Ambe Supermarkets Ltd.,SME,,544514.0,2025-09-10,2025-09-12,2025-09-17,78.0,18.45,Bookbuilding,BSE SME,Beeline Capital,2025,Spread X Securities Pvt.Ltd.,chittorgarh,18.0,chittorgarh,0.0,chittorgarh,0.0,chittorgarh,5.24,chittorgarh,79.0,chittorgarh,82.95,chittorgarh,79.0,chittorgarh,82.95,chittorgarh,"Purchase of existing store of the company located at Nana Chiloda, Ahmedabad | Purchase of fit-outs for Three (3) new stores | To Meet Working Capital Requirements | General Corporate Purposes",chittorgarh,18.0,chittorgarh,16.8,81.9,71.7,59.8,58.89,291.25,439.94,790.08,12.82,71.51,52.46,74.0,True,3200.0,249600.0,17.3,3.0,47.0,4.5,33.0,33.0,47.0,1.0,3.0,5.0,0.0,2.0,3.0,0.7,2.6,4.2,3.0,8.0,14.0,0.0,0.0,0.0,17.0,22.0,27.0,-3.0,-2.0,-3.0,6.38,21.43,0.0,47.0,3.0,Mar 2025,3.0,sharescart,sharescart,ipowatch,sharescart,,544514.BO,isin_authoritative,ISIN→symbol from official BSE list,match,,Jay Ambe Supermarkets Ltd.,Jay Ambe Supermarkets Ltd,match
INE0XWS01018,Taurian MPS Ltd.,SME,TAURIAN,,2025-09-09,2025-09-11,2025-09-16,171.0,42.53,Bookbuilding,NSE SME,Gretex Corporate,2025,Gretex Share Broking Pvt.Ltd. NNM Securities Pvt.Ltd.,chittorgarh,37.0,chittorgarh,6.0,chittorgarh,14.0,chittorgarh,11.2,chittorgarh,210.0,chittorgarh,220.5,chittorgarh,210.0,chittorgarh,220.5,chittorgarh,Acquisition of machineries and equipment’s at existing production facility | Acquisition of equipment’s to improve the Research and Development facilities to promote innovation | To meet Working Capital Requirements | General Corporate Purposes,chittorgarh,43.0,chittorgarh,0.0,0.0,0.0,0.0,118.67,103.02,89.93,311.63,8.77,88.61,63.79,162.0,True,1600.0,273600.0,11.3,9.0,74.0,15.1,11.0,38.0,74.0,2.0,15.0,15.0,0.0,11.0,9.0,0.4,18.9,14.8,8.0,19.0,34.0,2.0,0.0,0.0,29.0,39.0,73.0,-1.0,1.0,0.0,12.16,26.47,0.0,74.0,9.0,Mar 2025,3.0,sharescart,sharescart,ipowatch,sharescart,TAURIAN.NS,,isin_authoritative,ISIN→symbol from official NSE list,match,,Taurian MPS Ltd.,Taurian MPS Limited,match
INE0V8A01016,Karbonsteel Engineering Ltd.,SME,,544511.0,2025-09-09,2025-09-11,2025-09-16,159.0,59.3,Bookbuilding,BSE SME,Seren Capital,2025,SS Corporate Securities Ltd. Rikhav Securities Ltd.,chittorgarh,45.0,chittorgarh,11.0,chittorgarh,18.6,chittorgarh,16.87,chittorgarh,185.1,chittorgarh,194.35,chittorgarh,185.1,chittorgarh,194.35,chittorgarh,Funding of capital expenditure towards expansion of existing Umbergaon facility through construction of new sheds | Repayment of a portion of certain borrowings availed by the Company | To meet the Working Capital requirements | General Corporate Purpose,chittorgarh,59.0,chittorgarh,121.6,63.8,46.9,71.3,1368.96,731.45,923.83,3024.24,9.43,72.17,51.78,151.0,True,1600.0,254400.0,12.4,14.0,273.0,12.8,156.0,218.0,273.0,17.0,27.0,39.0,5.0,9.0,14.0,5.1,8.8,12.8,29.0,44.0,60.0,22.0,19.0,16.0,144.0,176.0,233.0,13.0,6.0,5.0,5.13,23.33,0.27,273.0,14.0,Mar 2025,3.0,sharescart,sharescart,ipowatch,sharescart,,544511.BO,isin_authoritative,ISIN→symbol from official BSE list,match,,Karbonsteel Engineering Ltd.,Karbonsteel Engineering Ltd,match
INE346R01013,Nilachal Carbo Metalicks Ltd.,SME,,544510.0,2025-09-08,2025-09-11,2025-09-16,85.0,56.1,Fixed Price,BSE SME,Sun Capital,2025,NNM Securities Pvt.Ltd.,chittorgarh,19.0,chittorgarh,34.0,chittorgarh,60.7,chittorgarh,,,68.0,chittorgarh,71.4,chittorgarh,64.6,chittorgarh,71.4,chittorgarh,Funding Capital expenditure for installing One Coke Oven Plant for expansion of capacity. | Funding modernization of existing plant | General corporate purposes,chittorgarh,56.0,chittorgarh,0.0,0.0,0.0,0.0,,,,,,99.99,73.52,,False,3200.0,0.0,,14.0,202.0,6.3,266.0,265.0,202.0,22.0,25.0,27.0,15.0,16.0,14.0,6.6,7.1,6.3,48.0,64.0,78.0,7.0,6.0,4.0,93.0,114.0,123.0,-16.0,0.0,3.0,6.93,17.95,0.05,202.0,14.0,Mar 2025,3.0,sharescart,sharescart,,sharescart,,544510.BO,isin_authoritative,ISIN→symbol from official BSE list,match,,Nilachal Carbo Metalicks Ltd.,Nilachal Carbo Metalicks Ltd,match
INE0XZB01017,Krupalu Metals Ltd.,SME,,544509.0,2025-09-08,2025-09-11,2025-09-16,72.0,13.48,Fixed Price,BSE SME,Finshore Management,2025,Anant Securities,chittorgarh,13.0,chittorgarh,0.0,chittorgarh,0.0,chittorgarh,,,57.6,chittorgarh,60.48,chittorgarh,54.72,chittorgarh,60.48,chittorgarh,Funding Capital Expenditure towards purchase of additional plant and machinery | Working Capital Requirements | General Corporate Expenses | Total,chittorgarh,13.0,chittorgarh,0.0,0.0,0.0,0.0,,,,,,100.0,68.12,,False,3200.0,0.0,,2.0,48.0,5.4,34.0,37.0,48.0,1.0,3.0,4.0,0.0,2.0,2.0,1.0,3.9,5.4,3.0,4.0,6.0,3.0,2.0,1.0,15.0,19.0,20.0,1.0,-1.0,2.0,4.17,33.33,0.17,48.0,2.0,Mar 2025,3.0,sharescart,sharescart,,sharescart,,544509.BO,isin_authoritative,ISIN→symbol from official BSE list,match,,Krupalu Metals Ltd.,Krupalu Metals Ltd,match
INE0WRP01016,Vashishtha Luxury Fashion Ltd.,SME,,544508.0,2025-09-05,2025-09-10,2025-09-15,111.0,8.87,Bookbuilding,BSE SME,Expert Global,2025,Nirman Share Brokers Pvt.Ltd.,chittorgarh,8.0,chittorgarh,1.0,chittorgarh,11.1,chittorgarh,,,118.0,chittorgarh,123.0,chittorgarh,112.1,chittorgarh,121.75,chittorgarh,Funding capital expenditure requirement of the Company towards purchase of Embroidery Machines for expansion | Prepayment or repayment of all or a portion of certain outstanding borrowings availed by the company | General Corporate Purposes,chittorgarh,9.0,chittorgarh,1.3,2.3,2.2,2.1,1.07,7.73,9.99,18.78,5.41,100.0,66.08,109.0,True,2400.0,266400.0,10.2,2.0,11.0,10.9,,,11.0,,,3.0,,,2.0,,,9.8,,,5.0,,,0.0,,,8.0,,,-1.0,18.18,40.0,0.0,11.0,2.0,Mar 2025,1.0,sharescart,sharescart,ipowatch,sharescart,,544508.BO,isin_authoritative,ISIN→symbol from official BSE list,match,,Vashishtha Luxury Fashion Ltd.,Vashishtha Luxury Fashion Ltd,match
INE0UJF01018,Sharvaya Metals Ltd.,SME,,544506.0,2025-09-04,2025-09-09,2025-09-12,196.0,58.8,Bookbuilding,BSE SME,Expert Global,2025,Globalworth Securities Ltd.,chittorgarh,46.0,chittorgarh,10.0,chittorgarh,16.9,chittorgarh,16.72,chittorgarh,219.0,chittorgarh,219.0,chittorgarh,208.05,chittorgarh,208.05,chittorgarh,To meet the working capital requirements | To fund capital expenditure for Civil construction and electrification | To fund capital expenditure for purchase of Plant and Machinery | General corporate purposes,chittorgarh,59.0,chittorgarh,1.3,4.8,6.3,4.6,14.31,54.06,123.53,191.9,10.71,88.29,61.3,192.0,True,1200.0,235200.0,11.5,13.0,113.0,17.1,70.0,71.0,113.0,4.0,4.0,20.0,2.0,2.0,13.0,2.7,2.1,16.6,6.0,8.0,23.0,6.0,4.0,5.0,29.0,30.0,48.0,4.0,3.0,2.0,11.5,56.52,0.22,113.0,13.0,Mar 2025,3.0,sharescart,sharescart,ipowatch,sharescart,,544506.BO,isin_authoritative,ISIN→symbol from official BSE list,match,,Sharvaya Metals Ltd.,Sharvaya Metals Ltd,match
INE1DM601016,Vigor Plast India Ltd.,SME,VIGOR,,2025-09-04,2025-09-09,2025-09-12,81.0,25.1,Bookbuilding,NSE SME,Unistone Capital,2025,Alacrity Securities Ltd.,chittorgarh,19.0,chittorgarh,5.0,chittorgarh,20.0,chittorgarh,7.08,chittorgarh,85.0,chittorgarh,89.25,chittorgarh,85.0,chittorgarh,85.7,chittorgarh,"Repayment of certain secured borrowings availed by the Company | Funding capital expenditure towards the development and construction of new warehouse in Ahmedabad, Gujarat | General corporate purposes",chittorgarh,25.0,chittorgarh,0.0,0.0,0.0,0.0,18.83,26.67,20.84,66.34,,99.99,70.05,77.0,True,3200.0,259200.0,12.3,5.0,46.0,6.6,37.0,42.0,46.0,3.0,8.0,13.0,0.0,3.0,5.0,0.4,3.9,6.6,2.0,5.0,13.0,3.0,11.0,10.0,20.0,36.0,41.0,5.0,2.0,15.0,10.87,38.46,0.77,46.0,5.0,Mar 2025,3.0,sharescart,sharescart,,sharescart,VIGOR.NS,,isin_authoritative,ISIN→symbol from official NSE list,match,,Vigor Plast India Ltd.,Vigor Plast India Limited,match
INE104201012,Austere Systems Ltd.,SME,,544505.0,2025-09-03,2025-09-09,2025-09-12,55.0,15.57,Bookbuilding,BSE SME,GYR Capital,2025,Wiinance Financial Services Pvt.Ltd. SKI Capital Services Ltd.,chittorgarh,15.0,chittorgarh,1.0,chittorgarh,6.2,chittorgarh,4.4,chittorgarh,75.55,chittorgarh,79.32,chittorgarh,71.78,chittorgarh,79.32,chittorgarh,Funding the working capital requirements of the company | General Corporate Purposes,chittorgarh,16.0,chittorgarh,236.5,1594.6,1090.9,1001.8,697.19,4823.57,5664.1,11184.85,18.18,91.67,66.8,52.0,True,4000.0,220000.0,10.2,4.0,19.0,5.4,15.0,19.0,19.0,3.0,6.0,6.0,2.0,4.0,4.0,2.5,5.9,5.2,5.0,9.0,16.0,0.0,0.0,0.0,8.0,12.0,18.0,-0.0,3.0,1.0,21.05,25.0,0.0,19.0,4.0,Mar 2025,3.0,sharescart,sharescart,ipowatch,sharescart,,544505.BO,isin_authoritative,ISIN→symbol from official BSE list,match,,Austere Systems Ltd.,Austere Systems Ltd,match
INE15B101011,Optivalue Tek Consulting Ltd.,SME,OPTIVALUE,,2025-09-02,2025-09-04,2025-09-10,84.0,51.82,Bookbuilding,NSE SME,Share India Capital,2025,Choice Equity Broking Pvt.Ltd.,chittorgarh,49.0,chittorgarh,3.0,chittorgarh,5.8,chittorgarh,14.58,chittorgarh,103.6,chittorgarh,107.55,chittorgarh,101.7,chittorgarh,102.6,chittorgarh,To meet the expenses for development of new products | Capital expenditure towards upgrading the existing IT hardware and software for   the Company | Expenditure For Setup Of Branch Office at Bangalore | To meet the working capital requirements | General Corporate Purposes | Total,chittorgarh,52.0,chittorgarh,0.0,0.0,0.0,0.0,483.41,888.95,860.72,2233.08,17.86,87.0,64.07,80.0,True,3200.0,268800.0,11.4,12.0,56.0,7.4,39.0,37.0,56.0,5.0,8.0,17.0,3.0,5.0,12.0,1.8,3.7,7.0,12.0,18.0,32.0,7.0,2.0,1.0,23.0,29.0,47.0,3.0,7.0,-4.0,21.43,37.5,0.03,56.0,12.0,Mar 2025,3.0,sharescart,sharescart,ipowatch,sharescart,OPTIVALUE.NS,,isin_authoritative,ISIN→symbol from official NSE list,match,,Optivalue Tek Consulting Ltd.,Optivalue Tek Consulting Limited,match
INE0ZOM01013,Goel Construction Co.Ltd.,SME,,544504.0,2025-09-02,2025-09-04,2025-09-09,263.0,100.15,Bookbuilding,BSE SME,Srujan Alpha Capital,2025,Choice Equity Broking Pvt.Ltd. Rikhav Securities Ltd.,chittorgarh,76.0,chittorgarh,19.0,chittorgarh,19.0,chittorgarh,27.93,chittorgarh,302.5,chittorgarh,317.6,chittorgarh,302.05,chittorgarh,317.6,chittorgarh,Capital expenditure towards purchase of additional equipments and fleets | Repayment / prepayment of certain outstanding borrowings availed by the company | General corporate purposes,chittorgarh,100.0,chittorgarh,124.2,165.9,88.5,115.8,2313.93,3155.04,2889.63,8360.56,22.05,97.7,91.33,250.0,True,800.0,210400.0,7.8,38.0,590.0,33.7,271.0,386.0,590.0,26.0,39.0,62.0,14.0,23.0,38.0,12.6,19.9,33.7,71.0,93.0,132.0,17.0,17.0,14.0,205.0,220.0,265.0,24.0,48.0,38.0,6.44,28.79,0.11,590.0,38.0,Mar 2025,3.0,sharescart,sharescart,ipowatch,sharescart,,544504.BO,isin_authoritative,ISIN→symbol from official BSE list,match,,Goel Construction Co.Ltd.,Goel Construction Company Ltd,match
INE0ZN101029,Rachit Prints Ltd.,SME,,544503.0,2025-09-01,2025-09-03,2025-09-08,149.0,19.5,Bookbuilding,BSE SME,Khambatta Securities,2025,Prabhat Financial Services Ltd.,chittorgarh,19.0,chittorgarh,1.0,chittorgarh,5.0,chittorgarh,,,119.2,chittorgarh,119.2,chittorgarh,113.25,chittorgarh,113.25,chittorgarh,Working Capital Requirement | To fund the expansion plan of the Company i.e. Capital expenditure towards purchase of Plant and Machinery. | Partial Pre-payment of term loans to bank. | General Corporate Purpose,chittorgarh,20.0,chittorgarh,1.0,1.2,2.7,1.9,0.39,12.28,24.82,37.49,14.09,92.09,67.69,140.0,True,2000.0,298000.0,11.5,5.0,42.0,13.0,32.0,37.0,42.0,2.0,4.0,7.0,0.0,2.0,5.0,1.0,6.1,12.6,3.0,5.0,12.0,6.0,3.0,4.0,23.0,19.0,26.0,-1.0,9.0,0.0,11.9,41.67,0.33,42.0,5.0,Mar 2025,3.0,sharescart,sharescart,ipowatch,sharescart,,544503.BO,isin_authoritative,ISIN→symbol from official BSE list,match,,Rachit Prints Ltd.,Rachit Prints Ltd,match
INE0XX801016,Sugs Lloyd Ltd.,SME,,544501.0,2025-08-29,2025-09-02,2025-09-05,123.0,85.66,Bookbuilding,BSE SME,3Dimension Capital,2025,Aftertrade Broking Pvt.Ltd.,chittorgarh,81.0,chittorgarh,5.0,chittorgarh,5.8,chittorgarh,4.99,chittorgarh,119.9,chittorgarh,125.85,chittorgarh,116.5,chittorgarh,125.85,chittorgarh,To Meet Working Capital Requirement | General Corporate Purposes,chittorgarh,86.0,chittorgarh,2.0,4.7,2.1,3.1,7.11,146.64,97.32,251.07,4.88,99.99,70.0,117.0,True,2000.0,246000.0,11.9,17.0,176.0,10.3,36.0,65.0,176.0,3.0,13.0,27.0,2.0,10.0,17.0,1.4,6.4,10.3,11.0,22.0,39.0,0.0,0.0,0.0,25.0,48.0,133.0,-10.0,-4.0,-44.0,9.66,43.59,0.0,176.0,17.0,Mar 2025,3.0,sharescart,sharescart,ipowatch,sharescart,,544501.BO,isin_authoritative,ISIN→symbol from official BSE list,match,,Sugs Lloyd Ltd.,Sugs Lloyd Ltd,match
INE1OIC01018,Snehaa Organics Ltd.,SME,SNEHAA,,2025-08-29,2025-09-02,2025-09-05,122.0,32.68,Bookbuilding,NSE SME,Novus Capital,2025,Nirman Share Brokers Pvt.Ltd.,chittorgarh,31.0,chittorgarh,2.0,chittorgarh,6.1,chittorgarh,,,122.0,chittorgarh,122.0,chittorgarh,115.9,chittorgarh,115.9,chittorgarh,Working Capital Requirement | To Repayment of loans availed by the Company | General Corporate Purposes | Issue expenses,chittorgarh,33.0,chittorgarh,0.0,0.0,0.0,0.0,64.86,241.07,557.54,863.47,12.3,99.99,73.68,115.0,True,2000.0,244000.0,12.4,7.0,26.0,9.8,14.0,24.0,26.0,4.0,6.0,12.0,3.0,4.0,7.0,3.7,4.9,9.8,4.0,7.0,15.0,4.0,3.0,5.0,11.0,17.0,30.0,1.0,5.0,3.0,26.92,46.67,0.33,26.0,7.0,Mar 2025,3.0,sharescart,sharescart,ipowatch,sharescart,SNEHAA.NS,,isin_authoritative,ISIN→symbol from official NSE list,match,,Snehaa Organics Ltd.,Snehaa Organics Limited,match
INE15MX01014,Abril Paper Tech Ltd.,SME,,544500.0,2025-08-29,2025-09-02,2025-09-05,61.0,13.42,Fixed Price,BSE SME,Interactive Financial,2025,B.N.Rathi Securities Ltd.,chittorgarh,13.0,chittorgarh,0.0,chittorgarh,0.0,chittorgarh,,,48.8,chittorgarh,51.24,chittorgarh,46.37,chittorgarh,49.38,chittorgarh,Capital Expenditure for purchase of machineries | Working Capital | General Corporate Purpose,chittorgarh,13.0,chittorgarh,0.0,0.0,0.0,0.0,,,,,6.56,85.2,61.71,,False,4000.0,0.0,,1.0,61.0,2.5,,7.0,61.0,,1.0,2.0,,0.0,1.0,,0.8,2.4,,7.0,11.0,,0.0,0.0,,8.0,13.0,,-3.0,-3.0,1.64,9.09,0.0,61.0,1.0,Mar 2025,2.0,sharescart,sharescart,ipowatch,sharescart,,544500.BO,isin_authoritative,ISIN→symbol from official BSE list,match,,Abril Paper Tech Ltd.,Abril Paper Tech Ltd,match
INE0RTI01017,Oval Projects Engineering Ltd.,SME,,544498.0,2025-08-28,2025-09-01,2025-09-04,85.0,46.74,Bookbuilding,BSE SME,SMC Capitals,2025,SMC Global Securities Ltd.,chittorgarh,44.0,chittorgarh,3.0,chittorgarh,6.4,chittorgarh,7.96,chittorgarh,85.25,chittorgarh,86.0,chittorgarh,85.0,chittorgarh,85.05,chittorgarh,Utilization towards long-term working capital requirements of the Company | General Corporate Purposes,chittorgarh,47.0,chittorgarh,6.2,0.9,0.8,1.6,32.95,12.68,15.4,61.02,9.41,72.19,53.07,80.0,True,3200.0,272000.0,12.7,9.0,102.0,6.7,59.0,78.0,102.0,9.0,11.0,20.0,3.0,4.0,9.0,5.6,3.2,6.1,18.0,34.0,56.0,7.0,3.0,5.0,82.0,104.0,156.0,12.0,-1.0,-16.0,8.82,16.07,0.09,102.0,9.0,Mar 2025,3.0,sharescart,sharescart,ipowatch,sharescart,,544498.BO,isin_authoritative,ISIN→symbol from official BSE list,match,,Oval Projects Engineering Ltd.,Oval Projects Engineering Ltd,match
INE1CRQ01014,Current Infraprojects Ltd.,SME,CURRENT,,2025-08-26,2025-08-29,2025-09-03,80.0,41.8,Bookbuilding,NSE SME,Holani Consultants,2025,Holani Consultants Pvt.Ltd.,chittorgarh,40.0,chittorgarh,2.0,chittorgarh,4.8,chittorgarh,11.62,chittorgarh,152.0,chittorgarh,159.6,chittorgarh,144.4,chittorgarh,152.75,chittorgarh,"Investment in Equity of the wholly owned subsidiary, Current Infra Dhanbad Solar Private Limited for setting up 1800 KW solar plant under RESCO Model at Indian Institute of Technology (Indian School of Mines) IIT(ISM), Dhanbad, Jharkhand | Funding the working capital requirement of the company | General corporate purposes",chittorgarh,42.0,chittorgarh,0.0,0.0,0.0,0.0,1487.51,3740.48,5410.18,10638.71,18.75,96.96,70.4982,76.0,True,3200.0,256000.0,11.4,9.0,91.0,7.0,,,91.0,,,15.0,,,9.0,,,7.0,,,24.0,,,10.0,,,79.0,,,-1.0,9.89,37.5,0.42,91.0,9.0,Mar 2025,1.0,sharescart,sharescart,ipowatch,sharescart,CURRENT.NS,,isin_authoritative,ISIN→symbol from official NSE list,match,,Current Infraprojects Ltd.,Current Infraprojects Limited,match
INE14DW01018,Sattva Engineering Construction Ltd.,SME,SATTVAENGG,,2025-08-26,2025-08-29,2025-09-03,75.0,35.38,Bookbuilding,NSE SME,Vivro Financial,2025,Rikhav Securities Ltd.,chittorgarh,34.0,chittorgarh,1.0,chittorgarh,2.9,chittorgarh,9.97,chittorgarh,95.1,chittorgarh,99.85,chittorgarh,95.1,chittorgarh,99.85,chittorgarh,To meet long-term working capital requirements | General Corporate Purposes | Total,chittorgarh,35.0,chittorgarh,123.39,351.59,172.89,198.17,,,,,20.0,,,,,,,,,,,,,,,,,,,,,,,,,,,,,,,,,,,,,,,,,,ipowatch,,ipowatch,,SATTVAENGG.NS,,isin_authoritative,ISIN→symbol from official NSE list,match,,Sattva Engineering Construction Ltd.,Sattva Engineering Construction Limited,match
INE12P601017,Globtier Infotech Ltd.,SME,,544494.0,2025-08-25,2025-08-28,2025-09-02,72.0,31.05,Fixed Price,BSE SME,Shannon Advisors,2025,Nikunj Stock Brokers Ltd.,chittorgarh,26.0,chittorgarh,4.0,chittorgarh,12.9,chittorgarh,,,57.6,chittorgarh,57.6,chittorgarh,54.72,chittorgarh,54.72,chittorgarh,"Funding the working capital requirements of the Company | Repayment/prepayment, in full or part, of certain loans availed by the Company | General Corporate Purpose",chittorgarh,31.0,chittorgarh,0.0,0.0,0.0,0.0,,,,,23.61,99.87,71.38,,False,3200.0,0.0,,5.0,94.0,4.9,86.0,88.0,94.0,7.0,8.0,12.0,3.0,4.0,5.0,3.0,3.3,4.9,11.0,15.0,20.0,2.0,2.0,1.0,33.0,43.0,53.0,6.0,0.0,7.0,5.32,25.0,0.05,94.0,5.0,Mar 2025,3.0,sharescart,sharescart,ipowatch,sharescart,,544494.BO,isin_authoritative,ISIN→symbol from official BSE list,match,,Globtier Infotech Ltd.,Globtier Infotech Ltd,match
INE0M3X01010,NIS Management Ltd.,SME,,544495.0,2025-08-25,2025-08-28,2025-09-02,111.0,60.01,Bookbuilding,BSE SME,Share India Capital,2025,Share India Securities Ltd.,chittorgarh,48.0,chittorgarh,8.0,chittorgarh,13.3,chittorgarh,16.72,chittorgarh,108.0,chittorgarh,108.0,chittorgarh,102.6,chittorgarh,102.6,chittorgarh,To Meet Working Capital Requirements | General Corporate Purpose,chittorgarh,60.0,chittorgarh,2.1,6.7,1.1,3.0,23.68,82.24,21.9,127.82,6.31,95.99,69.63,105.0,True,2400.0,266400.0,9.0,19.0,402.0,12.4,341.0,378.0,402.0,30.0,34.0,30.0,16.0,18.0,19.0,11.1,12.6,12.3,115.0,134.0,152.0,23.0,15.0,8.0,225.0,247.0,255.0,11.0,12.0,15.0,4.73,12.5,0.05,402.0,19.0,Mar 2025,3.0,sharescart,sharescart,ipowatch,sharescart,,544495.BO,isin_authoritative,ISIN→symbol from official BSE list,match,,NIS Management Ltd.,NIS Management Ltd,match
INE0VTV01012,Anondita Medicare Ltd.,SME,ANONDITA,,2025-08-22,2025-08-26,2025-09-01,145.0,69.5,Bookbuilding,NSE SME,Narnolia Financial,2025,Mansi Share & Stock Broking Pvt.Ltd.,chittorgarh,66.0,chittorgarh,3.0,chittorgarh,4.3,chittorgarh,19.58,chittorgarh,275.5,chittorgarh,289.25,chittorgarh,261.75,chittorgarh,289.25,chittorgarh,Funding capital expenditure requirements for the purchase of equipment/machineries | Funding the Working Capital requirement | Unidentified Acquisition and General Corporate Purposes,chittorgarh,69.0,chittorgarh,0.0,0.0,0.0,0.0,2010.4,5255.71,6586.51,13852.62,19.31,83.95,61.71,137.0,True,2000.0,290000.0,10.4,16.0,77.0,14.0,,,77.0,,,26.0,,,16.0,,,11.9,,,38.0,,,12.0,,,78.0,,,-10.0,20.78,42.11,0.32,77.0,16.0,Mar 2025,1.0,sharescart,sharescart,ipowatch,sharescart,ANONDITA.NS,,isin_authoritative,ISIN→symbol from official NSE list,match,,Anondita Medicare Ltd.,Anondita Medicare Limited,match
INE1DLF01018,Shivashrit Foods Ltd.,SME,SHIVASHRIT,,2025-08-22,2025-08-26,2025-09-01,142.0,70.03,Bookbuilding,NSE SME,Mark Corporate,2025,Asnani Stock Broker Pvt.Ltd.,chittorgarh,58.0,chittorgarh,9.0,chittorgarh,12.9,chittorgarh,19.92,chittorgarh,148.5,chittorgarh,148.5,chittorgarh,141.1,chittorgarh,141.45,chittorgarh,Capital Expenditure (“Expansion Project”) | Working Capital Requirement for Expansion Project | General Corporate Purpose,chittorgarh,70.0,chittorgarh,0.0,0.0,0.0,0.0,21.1,55.21,61.8,138.11,5.63,100.0,73.0,135.0,True,2000.0,284000.0,16.5,12.0,105.0,8.6,45.0,76.0,105.0,5.0,20.0,24.0,2.0,12.0,12.0,1.1,8.3,8.6,11.0,23.0,35.0,13.0,12.0,9.0,48.0,83.0,109.0,-0.0,5.0,-8.0,11.43,34.29,0.26,105.0,12.0,Mar 2025,3.0,sharescart,sharescart,ipowatch,sharescart,SHIVASHRIT.NS,,isin_authoritative,ISIN→symbol from official NSE list,match,,Shivashrit Foods Ltd.,Shivashrit Foods Limited,match
INE0UQ601012,Classic Electrodes (India) Ltd.,SME,CLASSICEIL,,2025-08-22,2025-08-26,2025-09-01,87.0,41.51,Bookbuilding,NSE SME,GYR Capital,2025,Wiinance Financial Services Pvt.Ltd.,chittorgarh,39.0,chittorgarh,3.0,chittorgarh,7.1,chittorgarh,11.69,chittorgarh,100.0,chittorgarh,101.0,chittorgarh,95.0,chittorgarh,95.0,chittorgarh,Funding capital expenditure of our company to purchase Plant and Machinery | Repayment of a portion of certain outstanding borrowing availed by the company | Funding the working capital requirements of the company | General Corporate Purposes,chittorgarh,42.0,chittorgarh,0.0,0.0,0.0,0.0,664.0,2098.2,2169.1,4931.3,20.69,97.73,71.77,82.0,True,3200.0,278400.0,9.9,12.0,206.0,8.8,151.0,194.0,206.0,9.0,21.0,22.0,2.0,10.0,12.0,1.6,7.2,8.8,22.0,34.0,45.0,4.0,3.0,2.0,77.0,93.0,119.0,2.0,3.0,8.0,5.83,26.67,0.04,206.0,12.0,Mar 2025,3.0,sharescart,sharescart,ipowatch,sharescart,CLASSICEIL.NS,,isin_authoritative,ISIN→symbol from official NSE list,match,,Classic Electrodes (India) Ltd.,Classic Electrodes (India) Limited,match
INE0YDV01010,ARC Insulation & Insulators Ltd.,SME,ARCIIL,,2025-08-21,2025-08-25,2025-08-29,125.0,41.19,Bookbuilding,NSE SME,Gretex Corporate,2025,Gretex Share Broking Pvt.Ltd. Nikunj Stock Brokers Ltd.,chittorgarh,36.0,chittorgarh,3.0,chittorgarh,7.3,chittorgarh,11.71,chittorgarh,145.0,chittorgarh,145.0,chittorgarh,137.75,chittorgarh,137.75,chittorgarh,Capital Expenditure towards set up of Factory shed for New Manufacturing unit | Purchase of New Office Space | Repayment/Pre-payment of Certain Debt Facilities including Bridge Finance | Working Capital Requirements | General Corporate Purposes | Total,chittorgarh,41.0,chittorgarh,0.0,0.0,0.0,0.0,118.34,160.1,237.43,515.86,64.0,94.48,64.11,119.0,True,2000.0,250000.0,10.2,9.0,33.0,12.2,24.0,28.0,33.0,5.0,9.0,13.0,3.0,6.0,9.0,3.9,8.9,11.8,6.0,12.0,25.0,3.0,2.0,3.0,18.0,22.0,39.0,1.0,9.0,0.0,27.27,36.0,0.12,33.0,9.0,Mar 2025,3.0,sharescart,sharescart,investorgain,sharescart,ARCIIL.NS,,isin_authoritative,ISIN→symbol from official NSE list,match,,ARC Insulation & Insulators Ltd.,ARC Insulation & Insulators Limited,match
INE191201016,LGT Business Connextions Ltd.,SME,,544489.0,2025-08-19,2025-08-21,2025-08-26,107.0,28.09,Fixed Price,BSE SME,Mark Corporate,2025,Asnani Stock Broker Pvt.Ltd.,chittorgarh,24.0,chittorgarh,3.0,chittorgarh,10.7,chittorgarh,,,85.6,chittorgarh,85.6,chittorgarh,81.35,chittorgarh,81.35,chittorgarh,Capital Expenditure | Working Capital Requirement | General Corporate Purpose,chittorgarh,28.0,chittorgarh,,,,,,,,,,,,,,,,,,,,,,,,,,,,,,,,,,,,,,,,,,,,,,,,,,,,,,,,544489.BO,isin_authoritative,ISIN→symbol from official BSE list,match,,LGT Business Connextions Ltd.,LGT Business Connextions Ltd,match
INE17VO01028,Studio LSD Ltd.,SME,STUDIOLSD,,2025-08-18,2025-08-20,2025-08-25,54.0,74.25,Bookbuilding,NSE SME,Corpwis,2025,Rikhav Securities Ltd.,chittorgarh,56.0,chittorgarh,15.0,chittorgarh,20.3,chittorgarh,,,43.2,chittorgarh,43.2,chittorgarh,41.05,chittorgarh,41.05,chittorgarh,Capital Expenditure | Working Capital Requirement | General Corporate Purposes,chittorgarh,74.0,chittorgarh,0.0,0.0,0.0,0.0,0.71,38.86,192.07,231.64,48.15,100.0,72.46,51.0,True,4000.0,216000.0,18.6,12.0,104.0,2.9,47.0,102.0,104.0,4.0,15.0,16.0,3.0,11.0,12.0,0.8,3.2,2.9,5.0,16.0,28.0,0.0,0.0,0.0,18.0,36.0,47.0,1.0,8.0,6.0,11.54,42.86,0.0,104.0,12.0,Mar 2025,3.0,sharescart,sharescart,ipowatch,sharescart,STUDIOLSD.NS,,isin_authoritative,ISIN→symbol from official NSE list,match,,Studio LSD Ltd.,Studio LSD Limited,match
INE632Q01018,Mahendra Realtors & Infrastructure Ltd.,SME,MRIL,,2025-08-12,2025-08-14,2025-08-20,85.0,49.45,Bookbuilding,NSE SME,Novus Capital,2025,Rikhav Securities Ltd.,chittorgarh,38.0,chittorgarh,9.0,chittorgarh,18.4,chittorgarh,,,68.0,chittorgarh,68.0,chittorgarh,64.6,chittorgarh,64.6,chittorgarh,Working Capital Requirement | General Corporate Purposes | Issue Expenses,chittorgarh,49.0,chittorgarh,0.0,0.0,0.0,0.0,20.74,624.29,601.2,1246.24,11.76,100.0,73.68,75.0,True,3200.0,272000.0,9.9,15.0,125.0,8.6,63.0,101.0,125.0,9.0,17.0,22.0,4.0,12.0,15.0,2.3,6.7,8.6,44.0,56.0,71.0,0.0,0.0,0.0,98.0,93.0,137.0,10.0,22.0,-6.0,12.0,21.13,0.0,125.0,15.0,Mar 2025,3.0,sharescart,sharescart,investorgain,sharescart,MRIL.NS,,isin_authoritative,ISIN→symbol from official NSE list,match,,Mahendra Realtors & Infrastructure Ltd.,Mahendra Realtors & Infrastructure Limited,match
INE111601014,Icodex Publishing Solutions Ltd.,SME,,544483.0,2025-08-11,2025-08-13,2025-08-19,102.0,42.03,Bookbuilding,BSE SME,Indcap,2025,Giriraj Stock Broking Pvt.Ltd.,chittorgarh,33.0,chittorgarh,7.0,chittorgarh,16.7,chittorgarh,,,81.6,chittorgarh,81.6,chittorgarh,77.55,chittorgarh,77.55,chittorgarh,Purchase of new office premises | Purchase of hardware for new office | Working capital requirement | General Corporate Purpose,chittorgarh,42.0,chittorgarh,33.1,1.5,4.7,3.8,36.44,32.84,90.62,159.9,,88.24,64.44,98.0,True,2400.0,244800.0,14.0,9.0,22.0,7.3,10.0,10.0,22.0,2.0,5.0,14.0,2.0,4.0,9.0,1.5,3.7,7.3,4.0,9.0,19.0,0.0,0.0,0.0,6.0,11.0,25.0,1.0,4.0,6.0,40.91,47.37,0.0,22.0,9.0,Mar 2025,3.0,sharescart,sharescart,,sharescart,,544483.BO,isin_authoritative,ISIN→symbol from official BSE list,match,,Icodex Publishing Solutions Ltd.,Icodex Publishing Solutions Ltd,match
INE0VG001016,ANB Metal Cast Ltd.,SME,AMCL,,2025-08-08,2025-08-12,2025-08-18,156.0,49.92,Bookbuilding,NSE SME,Sun Capital,2025,Pure Broking Pvt.Ltd.,chittorgarh,47.0,chittorgarh,3.0,chittorgarh,6.0,chittorgarh,14.02,chittorgarh,164.0,chittorgarh,172.2,chittorgarh,164.0,chittorgarh,172.2,chittorgarh,Funding capital expenditure requirements for the proposed expansion in existing manufacturing facilities of our Company by constructing additional floor and installation of additional plant and machineries | Part funding long-term working capital requirements | General Corporate Purposes.,chittorgarh,50.0,chittorgarh,0.0,0.0,0.0,0.0,9.75,19.94,39.26,68.95,,91.49,66.75,148.0,True,1600.0,249600.0,12.3,10.0,163.0,12.7,84.0,112.0,163.0,3.0,11.0,18.0,2.0,5.0,10.0,2.5,7.1,11.9,5.0,11.0,34.0,7.0,14.0,7.0,44.0,64.0,98.0,-6.0,-7.0,4.0,6.13,29.41,0.21,163.0,10.0,Mar 2025,3.0,sharescart,sharescart,,sharescart,AMCL.NS,,isin_authoritative,ISIN→symbol from official NSE list,match,,ANB Metal Cast Ltd.,ANB Metal Cast Limited,match
INE0UOY01019,Medistep Healthcare Ltd.,SME,MEDISTEP,,2025-08-08,2025-08-12,2025-08-18,43.0,16.1,Fixed Price,NSE SME,Novus Capital,2025,Nirman Share Brokers Pvt.Ltd.,chittorgarh,15.0,chittorgarh,1.0,chittorgarh,6.2,chittorgarh,,,53.0,chittorgarh,53.0,chittorgarh,50.35,chittorgarh,50.35,chittorgarh,Funding of capital expenditure towards purchase of plant and machineries for expansion at the existing manufacturing facility | Working Capital requirements | General Corporate Purpose,chittorgarh,16.0,chittorgarh,0.0,0.0,0.0,0.0,,,,,27.91,93.62,68.96,,False,6000.0,0.0,,4.0,50.0,4.0,,32.0,50.0,,4.0,6.0,,3.0,4.0,,3.0,4.0,,12.0,17.0,,0.0,0.0,,15.0,23.0,,-7.0,0.0,8.0,23.53,0.0,50.0,4.0,Mar 2025,2.0,sharescart,sharescart,ipowatch,sharescart,MEDISTEP.NS,,isin_authoritative,ISIN→symbol from official NSE list,match,,Medistep Healthcare Ltd.,Medistep Healthcare Limited,match
INE0YG001013,Star Imaging & Path Lab Ltd.,SME,,544482.0,2025-08-08,2025-08-12,2025-08-18,142.0,69.47,Bookbuilding,BSE SME,Share India Capital,2025,Share India Securities Ltd.,chittorgarh,49.0,chittorgarh,14.0,chittorgarh,20.3,chittorgarh,18.52,chittorgarh,142.0,chittorgarh,143.0,chittorgarh,134.9,chittorgarh,135.95,chittorgarh,To Meet Working Capital Requirement | Repayment/prepayment of certain borrowings availed of by the Company | Funding the Capital Expenditure towards purchase of Refurbished Medical Equipment in running facilities | General corporate purposes,chittorgarh,69.0,chittorgarh,12.8,3.0,2.3,5.0,158.87,47.68,50.15,256.93,3.52,100.0,71.92,135.0,True,2000.0,284000.0,12.0,16.0,84.0,11.8,59.0,79.0,84.0,6.0,24.0,29.0,1.0,12.0,16.0,0.4,9.2,11.8,19.0,31.0,47.0,14.0,16.0,15.0,61.0,82.0,98.0,5.0,18.0,-6.0,19.05,34.04,0.32,84.0,16.0,Mar 2025,3.0,sharescart,sharescart,investorgain,sharescart,,544482.BO,isin_authoritative,ISIN→symbol from official BSE list,match,,Star Imaging & Path Lab Ltd.,Star Imaging And Path Lab Ltd,match
INE0EAS01014,Connplex Cinemas Ltd.,SME,CONNPLEX,,2025-08-07,2025-08-11,2025-08-14,177.0,90.27,Bookbuilding,NSE SME,Beeline Capital,2025,Spread X Securities Pvt.Ltd.,chittorgarh,86.0,chittorgarh,4.0,chittorgarh,4.4,chittorgarh,25.7,chittorgarh,195.0,chittorgarh,198.0,chittorgarh,185.25,chittorgarh,186.9,chittorgarh,Funding capital expenditure requirement for purchase of corporate office | Funding capital expenditure requirement of purchase of LED Screens and Projectors | Funding Working Capital Requirement | Funding General Corporate Purposes,chittorgarh,90.0,chittorgarh,0.0,0.0,0.0,0.0,758.13,644.89,743.74,2146.76,16.95,100.0,69.9,168.0,True,1600.0,283200.0,13.0,19.0,96.0,13.6,25.0,60.0,96.0,3.0,7.0,27.0,2.0,4.0,19.0,1.2,2.9,13.6,1.0,5.0,24.0,0.0,0.0,1.0,28.0,36.0,61.0,9.0,4.0,3.0,19.79,79.17,0.04,96.0,19.0,Mar 2025,3.0,sharescart,sharescart,ipowatch,sharescart,CONNPLEX.NS,,isin_authoritative,ISIN→symbol from official NSE list,match,,Connplex Cinemas Ltd.,Connplex Cinemas Limited,match
INE10VS01016,Sawaliya Foods Products Ltd.,SME,SAWALIYA,,2025-08-07,2025-08-11,2025-08-14,120.0,34.83,Bookbuilding,NSE SME,Unistone Capital,2025,Alacrity Securities Ltd.,chittorgarh,29.0,chittorgarh,4.0,chittorgarh,11.4,chittorgarh,9.84,chittorgarh,228.0,chittorgarh,239.4,chittorgarh,216.6,chittorgarh,239.4,chittorgarh,"Funding capital expenditure requirements towards (i) purchase of new machinery and upgradation of existing machinery installed; and (ii) setting up of on-grid rooftop solar PV system of a capacity of 149.04KWp at the existing manufacturing unit | Funding of working capital requirements | Repayment and/or pre-payment, in part or full, of certain borrowings availed by the Company | General corporate purposes",chittorgarh,35.0,chittorgarh,0.0,0.0,0.0,0.0,104.63,103.39,103.31,311.33,25.0,96.0,67.78,114.0,True,2400.0,288000.0,12.6,7.0,34.0,9.5,15.0,23.0,34.0,2.0,6.0,12.0,1.0,3.0,7.0,0.8,4.2,9.5,3.0,6.0,13.0,8.0,6.0,12.0,20.0,25.0,46.0,0.0,1.0,-4.0,20.59,53.85,0.92,34.0,7.0,Mar 2025,3.0,sharescart,sharescart,investorgain,sharescart,SAWALIYA.NS,,isin_authoritative,ISIN→symbol from official NSE list,match,,Sawaliya Foods Products Ltd.,Sawaliya Food Products Limited,match
INE0ZRC01017,Bhadora Industries Ltd.,SME,BHADORA,,2025-08-04,2025-08-06,2025-08-11,103.0,55.62,Bookbuilding,NSE SME,Unistone Capital,2025,NNM Securities Pvt.Ltd.,chittorgarh,53.0,chittorgarh,3.0,chittorgarh,5.4,chittorgarh,15.77,chittorgarh,101.0,chittorgarh,106.05,chittorgarh,101.0,chittorgarh,105.95,chittorgarh,"Part finance the cost of establishing new manufacturing facility to expand our production capabilities of cables at Plot Nos. 188/1, Village Panwa Tehsil Kasrawad, District Khargone, Madhya Pradesh, India (“Proposed new facility”) | Funding working capital requirements of the Company | General Corporate Purposes",chittorgarh,56.0,chittorgarh,0.0,0.0,0.0,0.0,7.17,13.09,18.1,38.35,0.97,95.24,65.59,97.0,True,2400.0,247200.0,12.6,11.0,110.0,8.2,18.0,81.0,110.0,1.0,9.0,18.0,0.0,5.0,11.0,0.1,3.8,8.2,5.0,10.0,21.0,4.0,1.0,5.0,20.0,26.0,49.0,1.0,3.0,2.0,10.0,52.38,0.24,110.0,11.0,Mar 2025,3.0,sharescart,sharescart,ipowatch,sharescart,BHADORA.NS,,isin_authoritative,ISIN→symbol from official NSE list,match,,Bhadora Industries Ltd.,Bhadora Industries Limited,match
INE1H7V01011,Parth Electricals & Engineering Ltd.,SME,PARTH,,2025-08-04,2025-08-06,2025-08-11,170.0,49.67,Bookbuilding,NSE SME,Horizon Management,2025,Shreni Shares Ltd.,chittorgarh,47.0,chittorgarh,3.0,chittorgarh,6.0,chittorgarh,13.8,chittorgarh,174.0,chittorgarh,182.7,chittorgarh,169.0,chittorgarh,182.7,chittorgarh,Establishing GIS manufacturing facility in Gujarat | Establishing manufacturing facility in Odisha | Repayment of Short Term Borrowings | General corporate purposes,chittorgarh,50.0,chittorgarh,,,,,,,,,3.53,,,,,,,,,,,,,,,,,,,,,,,,,,,,,,,,,,,,,,,,,,,,investorgain,,PARTH.NS,,isin_authoritative,ISIN→symbol from official NSE list,match,,Parth Electricals & Engineering Ltd.,Parth Electricals & Engineering Limited,match
INE1M3T01017,Jyoti Global Plast Ltd.,SME,JYOTIGLOBL,,2025-08-04,2025-08-06,2025-08-11,66.0,35.44,Bookbuilding,NSE SME,Unistone Capital,2025,LFC Securities Pvt.Ltd.,chittorgarh,27.0,chittorgarh,7.0,chittorgarh,20.0,chittorgarh,10.06,chittorgarh,65.9,chittorgarh,67.0,chittorgarh,62.6,chittorgarh,65.8,chittorgarh,"Part finance the cost of establishing new manufacturing facility to expand the production capabilities at Plot No. D-61/2, MIDC, Mahad, District Raigad-402309, Maharashtra, India (“Proposed new facility”) | Funding capital expenditure requirements of the Company towards set up of Solar Power Plant | Repayment and/or pre-payment, in part or full, of certain borrowings availed by the Company | General corporate purposes",chittorgarh,35.0,chittorgarh,0.0,0.0,0.0,0.0,12.54,76.11,112.68,201.33,15.15,100.0,72.91,62.0,True,4000.0,264000.0,16.9,6.0,93.0,3.9,89.0,87.0,93.0,6.0,9.0,12.0,2.0,4.0,6.0,1.5,2.3,3.9,12.0,15.0,21.0,3.0,4.0,2.0,44.0,52.0,57.0,-2.0,6.0,8.0,6.45,28.57,0.1,93.0,6.0,Mar 2025,3.0,sharescart,sharescart,ipowatch,sharescart,JYOTIGLOBL.NS,,isin_authoritative,ISIN→symbol from official NSE list,match,,Jyoti Global Plast Ltd.,Jyoti Global Plast Limited,match
INE124401014,Aaradhya Disposal Industries Ltd.,SME,AARADHYA,,2025-08-04,2025-08-06,2025-08-11,116.0,45.1,Bookbuilding,NSE SME,Khambatta Securities,2025,Prabhat Financial Services Ltd.,chittorgarh,43.0,chittorgarh,2.0,chittorgarh,4.4,chittorgarh,,,111.0,chittorgarh,116.55,chittorgarh,110.45,chittorgarh,116.55,chittorgarh,Working Capital Requirement | To fund the expansion plan of the Company i.e. Capital expenditure towards purchase of Plant and Machinery and Civil Work | Prepayment of term loans to banks | General Corporate Purpose,chittorgarh,45.0,chittorgarh,0.0,0.0,0.0,0.0,5.37,27.71,29.84,62.93,,97.36,70.58,110.0,True,2400.0,278400.0,11.5,10.0,114.0,10.1,84.0,74.0,114.0,6.0,9.0,20.0,2.0,4.0,10.0,2.1,4.0,10.0,13.0,17.0,29.0,16.0,14.0,12.0,62.0,71.0,83.0,2.0,3.0,5.0,8.77,34.48,0.41,114.0,10.0,Mar 2025,3.0,sharescart,sharescart,,sharescart,AARADHYA.NS,,isin_authoritative,ISIN→symbol from official NSE list,match,,Aaradhya Disposal Industries Ltd.,Aaradhya Disposal Industries Limited,match
INE0W4K01013,BLT Logistics Ltd.,SME,,544474.0,2025-08-04,2025-08-06,2025-08-11,75.0,9.72,Bookbuilding,BSE SME,Beeline Capital,2025,Spread X Securities Pvt.Ltd.,chittorgarh,9.0,chittorgarh,1.0,chittorgarh,10.0,chittorgarh,2.69,chittorgarh,90.95,chittorgarh,95.49,chittorgarh,90.95,chittorgarh,95.49,chittorgarh,Funding capital expenditure requirement of our company towards purchase of trucks (“Vehicles”) and ancillary equipment (“Equipment”) | To Meet Working Capital Requirements | General Corporate Purpose,chittorgarh,10.0,chittorgarh,81.8,668.9,637.4,504.4,147.24,1380.65,2019.29,3547.18,20.0,99.95,72.94,71.0,True,3200.0,240000.0,6.8,4.0,49.0,11.0,,40.0,49.0,,9.0,10.0,,3.0,4.0,,8.9,11.0,,5.0,9.0,,7.0,7.0,,21.0,26.0,,3.0,3.0,8.16,44.44,0.78,49.0,4.0,Mar 2025,2.0,sharescart,sharescart,ipowatch,sharescart,,544474.BO,isin_authoritative,ISIN→symbol from official BSE list,match,,BLT Logistics Ltd.,BLT Logistics Ltd,match
INE1IBY01019,Essex Marine Ltd.,SME,,544475.0,2025-08-04,2025-08-06,2025-08-11,54.0,23.01,Fixed Price,BSE SME,Khandwala Securities,2025,Gretex Share Broking Pvt.Ltd.,chittorgarh,22.0,chittorgarh,1.0,chittorgarh,4.3,chittorgarh,,,43.2,chittorgarh,43.2,chittorgarh,41.04,chittorgarh,41.04,chittorgarh,"Expansion of existing peeling capacity at existing processing unit at Shankarpur Road, Kaluya Sanda, Kuliyata, West Bengal 721441 | Setting up of “Ready-to-Cook” Section by adding blanching in the existing process at the existing processing unit at Shankarpur Road, Kaluya Sanda, Kuliyata, West Bengal 721441 | Funding of working capital requirements of the Company | Repayment/pre-payment, in full or in part, of certain borrowings availed by the Company | General corporate purposes",chittorgarh,23.0,chittorgarh,0.0,0.0,0.0,0.0,,,,,5.56,100.0,72.07,,False,4000.0,0.0,,4.0,37.0,3.6,22.0,19.0,37.0,6.0,5.0,9.0,2.0,2.0,4.0,1.8,1.7,3.6,11.0,13.0,16.0,12.0,9.0,16.0,41.0,34.0,47.0,8.0,5.0,-5.0,10.81,25.0,1.0,37.0,4.0,Mar 2025,3.0,sharescart,sharescart,ipowatch,sharescart,,544475.BO,isin_authoritative,ISIN→symbol from official BSE list,match,,Essex Marine Ltd.,Essex Marine Ltd,match
INE0VCK01011,Flysbs Aviation Ltd.,SME,FLYSBS,,2025-08-01,2025-08-05,2025-08-08,225.0,102.53,Bookbuilding,NSE SME,Vivro Financial,2025,Giriraj Stock Broking Pvt.Ltd.,chittorgarh,97.0,chittorgarh,6.0,chittorgarh,5.8,chittorgarh,29.16,chittorgarh,427.5,chittorgarh,448.85,chittorgarh,427.5,chittorgarh,448.85,chittorgarh,"Funding capital expenditure towards acquisition of six new aircraft on long term dry lease basis | Repayment/prepayment, in full or part, certain outstanding borrowings availed by the company | General Corporate Purposes",chittorgarh,103.0,chittorgarh,0.0,0.0,0.0,0.0,3738.96,8246.37,9759.01,21744.34,66.67,44.08,32.47,210.0,True,1200.0,270000.0,8.8,28.0,194.0,25.5,34.0,106.0,194.0,5.0,15.0,41.0,3.0,11.0,28.0,5.3,11.7,22.3,12.0,66.0,150.0,0.0,1.0,8.0,20.0,77.0,192.0,4.0,1.0,0.0,14.43,18.67,0.05,194.0,28.0,Mar 2025,3.0,sharescart,sharescart,ipowatch,sharescart,FLYSBS.NS,,isin_authoritative,ISIN→symbol from official NSE list,match,,Flysbs Aviation Ltd.,FlySBS Aviation Limited,match
INE0WL201014,Cash Ur Drive Marketing Ltd.,SME,CUDML,,2025-07-31,2025-08-04,2025-08-07,130.0,60.79,Bookbuilding,NSE SME,Narnolia Financial,2025,Prabhat Financial Services Ltd.,chittorgarh,55.0,chittorgarh,3.0,chittorgarh,4.9,chittorgarh,17.19,chittorgarh,155.0,chittorgarh,160.0,chittorgarh,147.25,chittorgarh,157.45,chittorgarh,Investment in Technology | Capital expenditure | Funding the Working Capital requirement | General Coporate Purposes,chittorgarh,61.0,chittorgarh,0.0,0.0,0.0,0.0,873.63,1168.91,1257.93,3300.47,19.23,78.21,57.23,123.0,True,2000.0,260000.0,9.2,18.0,139.0,14.2,79.0,94.0,139.0,7.0,13.0,24.0,5.0,9.0,18.0,4.3,7.7,13.4,14.0,24.0,56.0,5.0,0.0,0.0,76.0,93.0,94.0,-0.0,24.0,-14.0,12.95,32.14,0.0,139.0,18.0,Mar 2025,3.0,sharescart,sharescart,ipowatch,sharescart,CUDML.NS,,isin_authoritative,ISIN→symbol from official NSE list,match,,Cash Ur Drive Marketing Ltd.,Cash Ur Drive Marketing Limited,match
INE0VZX01015,Renol Polychem Ltd.,SME,RNPL,,2025-07-31,2025-08-04,2025-08-07,105.0,25.77,Bookbuilding,NSE SME,Corporate Makers,2025,Asnani Stock Broker Pvt.Ltd.,chittorgarh,24.0,chittorgarh,2.0,chittorgarh,7.7,chittorgarh,4.03,chittorgarh,105.0,chittorgarh,105.0,chittorgarh,99.75,chittorgarh,99.75,chittorgarh,Capital Expenditure in requirements for the purchase of Machinery | Repayment of certain borrowings | To meet out the Working Capital Requirements | General Corporate Purposes,chittorgarh,26.0,chittorgarh,0.0,0.0,0.0,0.0,22.68,26.81,90.01,139.51,9.52,99.99,69.1,100.0,True,2400.0,252000.0,11.5,5.0,62.0,9.1,,6.0,62.0,,2.0,7.0,,2.0,5.0,,2.8,9.1,,9.0,13.0,,0.0,0.0,,15.0,23.0,,1.0,-1.0,8.06,38.46,0.0,62.0,5.0,Mar 2025,2.0,sharescart,sharescart,ipowatch,sharescart,RNPL.NS,,isin_authoritative,ISIN→symbol from official NSE list,match,,Renol Polychem Ltd.,Renol Polychem Limited,match
INE1LJ801017,B.D.Industries (Pune) Ltd.,SME,,544468.0,2025-07-30,2025-08-01,2025-08-06,108.0,45.36,Bookbuilding,BSE SME,Aryaman Financial,2025,Aryaman Capital Markets Ltd.,chittorgarh,43.0,chittorgarh,2.0,chittorgarh,4.4,chittorgarh,12.91,chittorgarh,108.9,chittorgarh,109.0,chittorgarh,108.0,chittorgarh,108.15,chittorgarh,Repayment or Pre-payment of borrowings of the Company | Funding Working Capital Requirement of the Company | Repayment or Pre-payment of its borrowings | Purchase of Machinery | Funding Working Capital Requirement | General Corporate Purpose,chittorgarh,45.0,chittorgarh,1.3,3.0,1.3,1.8,10.94,25.97,19.93,56.84,,100.0,70.44,102.0,True,2400.0,259200.0,14.0,8.0,82.0,7.7,,,82.0,,,16.0,,,8.0,,,8.2,,,21.0,,,10.0,,,68.0,,,10.0,9.76,38.1,0.48,82.0,8.0,Mar 2025,1.0,sharescart,sharescart,,sharescart,,544468.BO,isin_authoritative,ISIN→symbol from official BSE list,match,,B.D.Industries (Pune) Ltd.,B. D. Industries (Pune) Ltd,match
INE1KH601014,Mehul Colours Ltd.,SME,,544472.0,2025-07-30,2025-08-01,2025-08-06,72.0,21.66,Bookbuilding,BSE SME,Seren Capital,2025,Asnani Stock Broker Pvt.Ltd.,chittorgarh,21.0,chittorgarh,1.0,chittorgarh,4.5,chittorgarh,6.15,chittorgarh,85.0,chittorgarh,89.25,chittorgarh,85.0,chittorgarh,86.03,chittorgarh,Funding of capital expenditure towards setup of a new manufacturing facility | Funding of Working Capital Requirements | General Corporate Purpose,chittorgarh,22.0,chittorgarh,13.5,8.3,3.6,7.5,55.69,34.79,25.87,116.35,8.33,96.86,69.23,68.0,True,3200.0,230400.0,9.9,6.0,23.0,7.3,21.0,22.0,23.0,4.0,5.0,8.0,3.0,3.0,6.0,3.9,4.3,7.3,8.0,12.0,17.0,0.0,0.0,0.0,11.0,14.0,19.0,5.0,2.0,2.0,26.09,35.29,0.0,23.0,6.0,Mar 2025,3.0,sharescart,sharescart,ipowatch,sharescart,,544472.BO,isin_authoritative,ISIN→symbol from official BSE list,match,,Mehul Colours Ltd.,Mehul Colours Ltd,match
INE14OX01013,Takyon Networks Ltd.,SME,,544471.0,2025-07-30,2025-08-01,2025-08-06,54.0,20.48,Bookbuilding,BSE SME,Hem Securities,2025,Hem Finlease Pvt.Ltd.,chittorgarh,19.0,chittorgarh,1.0,chittorgarh,5.0,chittorgarh,5.77,chittorgarh,55.85,chittorgarh,58.0,chittorgarh,53.06,chittorgarh,55.72,chittorgarh,To Meet Working Capital requirements | Repayment of a portion of certain borrowing availed by the Company | General Corporate Purpose,chittorgarh,20.0,chittorgarh,13.3,27.6,20.1,20.3,51.22,110.14,137.92,299.28,,100.0,73.52,51.0,True,4000.0,216000.0,8.2,7.0,103.0,6.6,63.0,108.0,103.0,6.0,11.0,13.0,3.0,5.0,7.0,2.7,5.0,6.6,23.0,28.0,35.0,5.0,3.0,2.0,70.0,73.0,86.0,-14.0,4.0,8.0,6.8,20.0,0.06,103.0,7.0,Mar 2025,3.0,sharescart,sharescart,,sharescart,,544471.BO,isin_authoritative,ISIN→symbol from official BSE list,match,,Takyon Networks Ltd.,Takyon Networks Ltd,match
INE13ZD01013,Kaytex Fabrics Ltd.,SME,KAYTEX,,2025-07-29,2025-07-31,2025-08-05,180.0,69.81,Bookbuilding,NSE SME,Socradamus Capital,2025,Gretex Share Broking Pvt.Ltd.,chittorgarh,54.0,chittorgarh,12.0,chittorgarh,17.1,chittorgarh,16.79,chittorgarh,144.0,chittorgarh,151.2,chittorgarh,136.8,chittorgarh,150.6,chittorgarh,"Funding capital expenditure for construction of additional warehouse facility in Amritsa | Funding capital expenditure for construction of dedicated sales office in Amritsar | Funding capital expenditure towards purchase of advanced fabric processing system for existing printing, dyeing and processing unit in Amritsar | Funding the incremental working capital requirements | General Corporate Purposes | Total",chittorgarh,70.0,chittorgarh,0.0,0.0,0.0,0.0,349.08,632.33,1136.88,2118.3,11.67,100.0,73.61,171.0,True,1600.0,288000.0,12.2,17.0,153.0,14.7,99.0,125.0,153.0,13.0,23.0,31.0,6.0,11.0,17.0,4.9,9.8,14.7,21.0,34.0,50.0,16.0,18.0,15.0,73.0,95.0,124.0,7.0,1.0,13.0,11.11,34.0,0.3,153.0,17.0,Mar 2025,3.0,sharescart,sharescart,ipowatch,sharescart,KAYTEX.NS,,isin_authoritative,ISIN→symbol from official NSE list,match,,Kaytex Fabrics Ltd.,Kaytex Fabrics Limited,match
INE15WN01014,Repono Ltd.,SME,,544463.0,2025-07-28,2025-07-30,2025-08-04,96.0,26.68,Bookbuilding,BSE SME,Wealth Mine Networks,2025,JSK Securities & Services Pvt.Ltd.,chittorgarh,25.0,chittorgarh,2.0,chittorgarh,7.4,chittorgarh,7.6,chittorgarh,89.99,chittorgarh,89.99,chittorgarh,85.5,chittorgarh,87.09,chittorgarh,"Funding Capital Expenditure towards Purchase of Forklift, Hand Pallet Trolley, Reach stacker | Funding of capital expenditure requirements of the Company towards set up of Warehouse Racking System | Funding towards the Development of Software for Warehouse Management | Funding the working capital requirements of the Company | General Corporate Purpose",chittorgarh,27.0,chittorgarh,29.0,79.7,67.4,60.5,147.14,409.39,598.21,1154.74,12.5,99.32,72.47,91.0,True,2400.0,230400.0,13.9,5.0,51.0,6.9,13.0,34.0,51.0,1.0,6.0,9.0,1.0,4.0,5.0,0.8,5.6,6.9,5.0,9.0,14.0,2.0,1.0,1.0,8.0,18.0,26.0,-1.0,-0.0,0.0,9.8,35.71,0.07,51.0,5.0,Mar 2025,3.0,sharescart,sharescart,ipowatch,sharescart,,544463.BO,isin_authoritative,ISIN→symbol from official BSE list,match,,Repono Ltd.,Repono Ltd,match
INE1P1A01018,Umiya Mobile Ltd.,SME,,544464.0,2025-07-28,2025-07-30,2025-08-04,66.0,24.88,Fixed Price,BSE SME,Smart Horizon Capital,2025,Shreni Shares Ltd.,chittorgarh,24.0,chittorgarh,1.0,chittorgarh,4.0,chittorgarh,,,69.0,chittorgarh,70.0,chittorgarh,66.0,chittorgarh,68.78,chittorgarh,"Repayment or prepayment, in full or in part, of borrowings availed by the Company from banks and financial institutions | General corporate purposes",chittorgarh,25.0,chittorgarh,0.0,0.0,0.0,0.0,,,,,6.06,100.0,73.48,,False,4000.0,0.0,,2.0,451.0,2.3,212.0,333.0,451.0,2.0,2.0,6.0,0.0,0.0,2.0,0.2,0.2,2.2,6.0,6.0,8.0,2.0,1.0,1.0,37.0,53.0,67.0,-5.0,-5.0,-7.0,0.44,25.0,0.12,451.0,2.0,Mar 2024,3.0,sharescart,sharescart,ipowatch,sharescart,,544464.BO,isin_authoritative,ISIN→symbol from official BSE list,match,,Umiya Mobile Ltd.,Umiya Mobile Ltd,match
INE0IJF01013,Sellowrap Industries Ltd.,SME,SELLOWRAP,,2025-07-25,2025-07-29,2025-08-01,83.0,30.28,Bookbuilding,NSE SME,Gretex Corporate,2025,Gretex Share Broking Pvt.Ltd.,chittorgarh,29.0,chittorgarh,1.0,chittorgarh,3.3,chittorgarh,8.59,chittorgarh,90.0,chittorgarh,94.5,chittorgarh,85.5,chittorgarh,94.5,chittorgarh,"Capital Expenditure towards purchase of Plant & Machinery, Infrastructure Development and Other Auxiliary Equipments | Funding the Working Capital Requirements of the Company | General Corporate Purposes | Total",chittorgarh,30.0,chittorgarh,0.0,0.0,0.0,0.0,107.62,513.83,713.64,1335.09,12.05,92.18,67.71,79.0,True,3200.0,265600.0,7.9,10.0,162.0,10.5,132.0,138.0,162.0,10.0,15.0,22.0,3.0,6.0,10.0,3.0,6.3,9.9,34.0,40.0,54.0,15.0,11.0,15.0,93.0,99.0,142.0,2.0,11.0,21.0,6.17,18.52,0.28,162.0,10.0,Mar 2025,3.0,sharescart,sharescart,ipowatch,sharescart,SELLOWRAP.NS,,isin_authoritative,ISIN→symbol from official NSE list,match,,Sellowrap Industries Ltd.,Sellowrap Industries Limited,match
INE0FMZ01045,Shree Refrigerations Ltd.,SME,,544458.0,2025-07-25,2025-07-29,2025-07-31,125.0,117.33,Bookbuilding,BSE SME,Narnolia Financial,2025,Mansi Share & Stock Broking Pvt.Ltd.,chittorgarh,89.0,chittorgarh,23.0,chittorgarh,19.7,chittorgarh,33.41,chittorgarh,169.85,chittorgarh,177.7,chittorgarh,161.5,chittorgarh,175.4,chittorgarh,Funding the Working Capital requirement | General Corporate Purposes | Issue Expense,chittorgarh,117.0,chittorgarh,167.3,145.0,195.1,174.2,3726.97,3279.26,7614.82,14621.06,64.0,56.6,44.59,119.0,True,2000.0,250000.0,25.5,13.0,99.0,4.9,51.0,80.0,99.0,13.0,26.0,27.0,3.0,10.0,13.0,1.3,4.2,4.5,45.0,61.0,114.0,5.0,5.0,6.0,94.0,124.0,186.0,-4.0,-5.0,-25.0,13.13,11.4,0.05,99.0,13.0,Mar 2025,3.0,sharescart,sharescart,ipowatch,sharescart,,544458.BO,isin_authoritative,ISIN→symbol from official BSE list,match,,Shree Refrigerations Ltd.,Shree Refrigerations Ltd,match
INE161701011,Patel Chem Specialities Ltd.,SME,,544460.0,2025-07-25,2025-07-29,2025-08-01,84.0,58.8,Bookbuilding,BSE SME,Cumulative Capital,2025,Globalworth Securities Ltd.,chittorgarh,56.0,chittorgarh,3.0,chittorgarh,5.1,chittorgarh,16.69,chittorgarh,110.0,chittorgarh,114.0,chittorgarh,104.5,chittorgarh,104.5,chittorgarh,Funding capital expenditure requirement of the Company | General corporate purposes,chittorgarh,59.0,chittorgarh,105.3,175.0,173.1,155.6,1175.76,1987.43,3390.05,6553.24,14.29,95.13,68.36,82.0,True,3200.0,268800.0,13.8,11.0,105.0,6.1,69.0,82.0,105.0,6.0,12.0,16.0,3.0,8.0,11.0,1.7,4.5,5.9,12.0,20.0,35.0,5.0,7.0,8.0,37.0,47.0,65.0,2.0,6.0,2.0,10.48,31.43,0.23,105.0,11.0,Mar 2025,3.0,sharescart,sharescart,ipowatch,sharescart,,544460.BO,isin_authoritative,ISIN→symbol from official BSE list,match,,Patel Chem Specialities Ltd.,Patel Chem Specialities Ltd,match
INE16VK01010,TSC India Ltd.,SME,TSC,,2025-07-23,2025-07-25,2025-07-30,70.0,25.89,Bookbuilding,NSE SME,Expert Global,2025,Prabhat Financial Services Ltd.,chittorgarh,25.0,chittorgarh,1.0,chittorgarh,3.8,chittorgarh,7.35,chittorgarh,68.0,chittorgarh,71.4,chittorgarh,64.6,chittorgarh,71.4,chittorgarh,Working Capital Requirements of the Company | General Corporate Purposes,chittorgarh,26.0,chittorgarh,0.0,0.0,0.0,0.0,197.27,493.57,574.78,1265.63,14.29,87.04,,68.0,True,4000.0,280000.0,13.7,5.0,26.0,5.1,9.0,19.0,26.0,3.0,8.0,9.0,1.0,5.0,5.0,2.1,8.7,4.7,5.0,9.0,16.0,5.0,5.0,3.0,26.0,53.0,61.0,-1.0,-0.0,-13.0,19.23,31.25,0.19,26.0,5.0,Mar 2025,3.0,sharescart,sharescart,investorgain,,TSC.NS,,isin_authoritative,ISIN→symbol from official NSE list,match,,TSC India Ltd.,TSC India Limited,match
INE0V0L01028,Monarch Surveyors & Engineering Consultants Ltd.,SME,,544453.0,2025-07-22,2025-07-24,2025-07-29,250.0,93.75,Bookbuilding,BSE SME,Beeline Capital,2025,Spread X Securities Pvt.Ltd.,chittorgarh,89.0,chittorgarh,5.0,chittorgarh,5.3,chittorgarh,26.54,chittorgarh,421.25,chittorgarh,435.0,chittorgarh,400.2,chittorgarh,400.2,chittorgarh,Funding capital expenditure requirement for purchase of machinery | Funding Working Capital Requirement of the Company | General Corporate Purposes,chittorgarh,94.0,chittorgarh,179.0,228.6,263.0,231.4,3168.47,4228.24,8158.62,15555.33,84.0,98.42,72.35,237.0,True,1200.0,300000.0,7.5,35.0,154.0,33.5,72.0,139.0,154.0,13.0,45.0,53.0,9.0,30.0,35.0,8.3,28.8,33.5,44.0,74.0,109.0,4.0,10.0,11.0,64.0,102.0,148.0,5.0,35.0,24.0,22.73,32.11,0.1,154.0,35.0,Mar 2025,3.0,sharescart,sharescart,investorgain,sharescart,,544453.BO,isin_authoritative,ISIN→symbol from official BSE list,match,,Monarch Surveyors & Engineering Consultants Ltd.,Monarch Surveyors and Engineering Consultants Ltd,match
INE0PTF01017,Swastika Castal Ltd.,SME,,544452.0,2025-07-21,2025-07-23,2025-07-28,65.0,14.07,Fixed Price,BSE SME,Horizon Management,2025,Horizon Financial Consultants Pvt.Ltd.,chittorgarh,13.0,chittorgarh,1.0,chittorgarh,7.1,chittorgarh,,,67.0,chittorgarh,68.0,chittorgarh,63.65,chittorgarh,66.82,chittorgarh,Capital Expenditure for acquisition of Plant & Machinery and Construction of Shed & Building | Working Capital Requirements | General corporate purposes,chittorgarh,14.0,chittorgarh,0.0,0.0,0.0,0.0,,,,,15.38,100.0,73.49,,False,4000.0,0.0,,3.0,30.0,4.4,24.0,23.0,30.0,2.0,3.0,5.0,1.0,1.0,3.0,1.0,1.1,4.4,7.0,8.0,11.0,4.0,4.0,2.0,26.0,24.0,31.0,1.0,2.0,2.0,10.0,27.27,0.18,30.0,3.0,Mar 2025,3.0,sharescart,sharescart,investorgain,sharescart,,544452.BO,isin_authoritative,ISIN→symbol from official BSE list,match,,Swastika Castal Ltd.,Swastika Castal Ltd,match
INE0UCN01017,Savy Infra & Logistics Ltd.,SME,SAVY,,2025-07-21,2025-07-23,2025-07-28,120.0,69.98,Bookbuilding,NSE SME,Unistone Capital,2025,Globalworth Securities Ltd.,chittorgarh,66.0,chittorgarh,4.0,chittorgarh,5.7,chittorgarh,19.93,chittorgarh,136.5,chittorgarh,143.3,chittorgarh,136.5,chittorgarh,143.3,chittorgarh,Funding working capital requirements of the company | General Corporate Purposes,chittorgarh,70.0,chittorgarh,0.0,0.0,0.0,0.0,1236.3,1963.92,2132.21,5332.42,20.0,86.0,,114.0,True,2400.0,288000.0,7.2,24.0,283.0,16.6,6.0,102.0,283.0,1.0,15.0,36.0,0.0,10.0,24.0,0.3,8.2,15.9,1.0,11.0,52.0,0.0,1.0,35.0,10.0,42.0,186.0,-0.0,-4.0,-18.0,8.48,46.15,0.67,283.0,24.0,Mar 2025,3.0,sharescart,sharescart,investorgain,,SAVY.NS,,isin_authoritative,ISIN→symbol from official NSE list,match,,Savy Infra & Logistics Ltd.,Savy Infra and Logistics Limited,match
INE0LCG01010,Monika Alcobev Ltd.,SME,,544451.0,2025-07-16,2025-07-18,2025-07-23,286.0,165.63,Bookbuilding,BSE SME,Marwadi Chandarana Intermediaries,2025,Bhansali Value Creations Pvt.Ltd.,chittorgarh,125.0,chittorgarh,29.0,chittorgarh,17.5,chittorgarh,46.06,chittorgarh,288.0,chittorgarh,289.95,chittorgarh,274.1,chittorgarh,288.0,chittorgarh,Funding working capital requirements of the Company | Pre-payment or repayment of certain outstanding borrowings availed by the Company | General Corporate Purposes,chittorgarh,166.0,chittorgarh,2.5,6.2,2.9,3.8,78.25,216.18,156.96,451.39,3.5,79.96,62.1,271.0,True,800.0,228800.0,20.6,23.0,236.0,13.9,140.0,189.0,236.0,26.0,35.0,49.0,13.0,17.0,23.0,9.3,10.4,13.9,17.0,59.0,96.0,32.0,15.0,21.0,128.0,216.0,324.0,-6.0,-54.0,-26.0,9.75,23.96,0.22,236.0,23.0,Mar 2025,3.0,sharescart,sharescart,ipowatch,sharescart,,544451.BO,isin_authoritative,ISIN→symbol from official BSE list,match,,Monika Alcobev Ltd.,Monika Alcobev Ltd,match
INE19QH01010,Spunweb Nonwoven Ltd.,SME,SPUNWEB,,2025-07-14,2025-07-16,2025-07-21,96.0,60.98,Bookbuilding,NSE SME,Vivro Financial,2025,Rikhav Securities Ltd.,chittorgarh,58.0,chittorgarh,3.0,chittorgarh,4.9,chittorgarh,17.31,chittorgarh,151.0,chittorgarh,158.55,chittorgarh,151.0,chittorgarh,158.55,chittorgarh,"Funding the working capital requirements of the company | Investment in the wholly owned subsidiary, SIPL, for funding its working capital requirements | Repayment, in full or in part, of certain borrowings availed by the company | General Coporate Purposes",chittorgarh,61.0,chittorgarh,0.0,0.0,0.0,0.0,1915.23,3169.9,5103.15,10188.29,16.67,88.5,65.18,90.0,True,1200.0,115200.0,15.2,11.0,226.0,6.3,116.0,149.0,226.0,13.0,21.0,32.0,1.0,5.0,11.0,0.7,3.3,6.1,20.0,26.0,45.0,34.0,29.0,37.0,93.0,106.0,182.0,17.0,10.0,3.0,4.87,24.44,0.82,226.0,11.0,Mar 2025,3.0,sharescart,sharescart,ipowatch,sharescart,SPUNWEB.NS,,isin_authoritative,ISIN→symbol from official NSE list,match,,Spunweb Nonwoven Ltd.,Spunweb Nonwoven Limited,match
INE0SJX01015,Asston Pharmaceuticals Ltd.,SME,,544445.0,2025-07-09,2025-07-11,2025-07-16,123.0,27.56,Bookbuilding,BSE SME,Sobhagya Capital,2025,JSK Securities & Services Pvt.Ltd.,chittorgarh,26.0,chittorgarh,2.0,chittorgarh,7.1,chittorgarh,7.81,chittorgarh,119.0,chittorgarh,124.95,chittorgarh,113.05,chittorgarh,124.95,chittorgarh,"Funding capital expenditure requirements towards acquiring machinery in the manufacturing unit | Funding the incremental working capital requirements of the Company | Repayment and/or prepayment, in part or full, of certain of the outstanding borrowings availed by the Company | General Corporate Purposes",chittorgarh,28.0,chittorgarh,85.8,261.7,172.1,173.5,448.32,1400.06,1579.44,3427.83,8.13,69.07,50.66,115.0,True,2000.0,246000.0,17.8,4.0,25.0,6.9,7.0,16.0,25.0,2.0,3.0,7.0,1.0,1.0,4.0,1.9,2.2,6.9,2.0,6.0,11.0,2.0,2.0,2.0,14.0,20.0,28.0,-0.0,-4.0,-0.0,16.0,36.36,0.18,25.0,4.0,Mar 2025,3.0,sharescart,sharescart,ipowatch,sharescart,,544445.BO,isin_authoritative,ISIN→symbol from official BSE list,match,,Asston Pharmaceuticals Ltd.,Asston Pharmaceuticals Ltd,match
INE0UMC01019,GLEN Industries Ltd.,SME,,544444.0,2025-07-08,2025-07-10,2025-07-15,97.0,62.94,Bookbuilding,BSE SME,GYR Capital,2025,Giriraj Stock Broking Pvt.Ltd.,chittorgarh,60.0,chittorgarh,3.0,chittorgarh,4.8,chittorgarh,17.46,chittorgarh,157.0,chittorgarh,164.85,chittorgarh,149.5,chittorgarh,152.37,chittorgarh,"Setting Up a new manufacturing facility at Purba Bardhaman, PS – Jamalpur, Gram Panchayat: Jougram, Mouza – Jaugram, JL no 114, West Bengal 713166 | General Corporate Purpose | Public Issue Expense",chittorgarh,63.0,chittorgarh,192.5,350.7,225.1,242.3,2249.15,4188.55,4601.45,11039.69,18.56,100.0,73.0,92.0,True,2400.0,232800.0,9.3,18.0,171.0,10.4,119.0,145.0,171.0,17.0,25.0,41.0,1.0,9.0,18.0,0.8,4.9,10.4,36.0,45.0,58.0,35.0,32.0,49.0,137.0,160.0,214.0,11.0,14.0,5.0,10.53,31.03,0.84,171.0,18.0,Mar 2025,3.0,sharescart,sharescart,ipowatch,sharescart,,544444.BO,isin_authoritative,ISIN→symbol from official BSE list,match,,GLEN Industries Ltd.,Glen Industries Ltd,match
INE14GK01016,Smarten Power Systems Ltd.,SME,SMARTEN,,2025-07-07,2025-07-09,2025-07-14,100.0,50.0,Fixed Price,NSE SME,Arihant Capital,2025,Arihant Capital Markets Ltd.,chittorgarh,38.0,chittorgarh,10.0,chittorgarh,20.0,chittorgarh,,,144.0,chittorgarh,151.2,chittorgarh,143.0,chittorgarh,151.2,chittorgarh,"Purchase of movable assets of the production line of battery manufacturing unit | To meet the working capital requirements | Repayment in full or in part, of the outstanding borrowings | Funding capital expenditure requirements | General corporate purposes",chittorgarh,50.0,chittorgarh,0.0,0.0,0.0,0.0,,,,,9.0,91.67,67.1,,False,2400.0,0.0,,13.0,202.0,8.5,180.0,195.0,202.0,8.0,17.0,18.0,5.0,11.0,13.0,3.4,7.5,8.5,14.0,26.0,39.0,0.0,1.0,2.0,76.0,79.0,97.0,-3.0,0.0,-3.0,6.44,33.33,0.05,202.0,13.0,Mar 2025,3.0,sharescart,sharescart,ipowatch,sharescart,SMARTEN.NS,,isin_authoritative,ISIN→symbol from official NSE list,match,,Smarten Power Systems Ltd.,Smarten Power Systems Limited,match
INE0VWL01017,Chemkart India Ltd.,SME,,544442.0,2025-07-07,2025-07-09,2025-07-14,248.0,80.08,Bookbuilding,BSE SME,Smart Horizon Capital,2025,Alacrity Securities Ltd.,chittorgarh,60.0,chittorgarh,16.0,chittorgarh,20.0,chittorgarh,22.6,chittorgarh,250.0,chittorgarh,262.0,chittorgarh,250.0,chittorgarh,259.45,chittorgarh,"Financing the capital expenditure towards setting up of the Manufacturing Facility through investment in the Wholly-Owned Subsidiary (WOS) Company, Easy Raw Materials Private Limited | Repayment/prepayment of all or certain of the borrowings availed of by the Company | General Corporate Purpose",chittorgarh,80.0,chittorgarh,13.7,4.4,1.6,5.6,207.03,68.88,43.75,319.65,1.21,100.0,73.31,236.0,True,1200.0,297600.0,9.7,24.0,203.0,25.5,131.0,132.0,203.0,11.0,22.0,35.0,8.0,15.0,24.0,8.1,15.3,25.6,14.0,29.0,53.0,0.0,0.0,0.0,37.0,54.0,86.0,0.0,-0.0,4.0,11.82,45.28,0.0,203.0,24.0,Mar 2025,3.0,sharescart,sharescart,investorgain,sharescart,,544442.BO,isin_authoritative,ISIN→symbol from official BSE list,match,,Chemkart India Ltd.,Chemkart India Ltd,match
INE162901016,Meta Infotech Ltd.,SME,,544441.0,2025-07-04,2025-07-08,2025-07-11,161.0,80.15,Bookbuilding,BSE SME,Hem Securities,2025,Hem Finlease Pvt.Ltd.,chittorgarh,16.0,chittorgarh,60.0,chittorgarh,75.0,chittorgarh,22.58,chittorgarh,225.0,chittorgarh,236.25,chittorgarh,225.0,chittorgarh,236.25,chittorgarh,"Repayment in full or in part, of certain of the outstanding borrowings | Funding capital expenditure towards establishment of new office premises at Unit no 911, 9th Floor, MINT Sahar, Andheri - kurla Road, Andheri east, Mumbai | Setup of an interactive experience centre at our registered office situated at Unit no 118 and 119, 1st Floor, Ackruti Star, MIDC, Andheri East, Mumbai 400093 | General Corporate Purpose",chittorgarh,80.0,chittorgarh,147.8,227.8,122.1,155.3,2224.81,3500.6,3218.25,8944.14,24.84,99.03,68.9,153.0,True,1600.0,257600.0,17.1,14.0,219.0,9.4,108.0,152.0,219.0,11.0,17.0,26.0,7.0,11.0,14.0,3.7,6.0,8.1,20.0,30.0,45.0,0.0,1.0,3.0,76.0,59.0,74.0,35.0,-4.0,-13.0,6.39,31.11,0.07,219.0,14.0,Mar 2025,3.0,sharescart,sharescart,ipowatch,sharescart,,544441.BO,isin_authoritative,ISIN→symbol from official BSE list,match,,Meta Infotech Ltd.,Meta Infotech Ltd,match
INE0TLP01015,Happy Square Outsourcing Services Ltd.,SME,WHITEFORCE,,2025-07-03,2025-07-07,2025-07-10,76.0,24.25,Bookbuilding,NSE SME,Corpwis,2025,Giriraj Stock Broking Pvt.Ltd.,chittorgarh,22.0,chittorgarh,2.0,chittorgarh,8.3,chittorgarh,6.6,chittorgarh,77.0,chittorgarh,80.85,chittorgarh,77.0,chittorgarh,80.85,chittorgarh,Funding of working capital requirements of the Company | General corporate purposes,chittorgarh,24.0,chittorgarh,0.0,0.0,0.0,0.0,31.52,9.66,16.44,57.61,6.58,84.0,60.89,72.0,True,1600.0,121600.0,10.9,6.0,97.0,7.0,53.0,69.0,97.0,3.0,7.0,10.0,2.0,4.0,6.0,2.1,5.2,7.0,2.0,7.0,12.0,3.0,3.0,3.0,14.0,28.0,40.0,-1.0,-2.0,-2.0,6.19,50.0,0.25,97.0,6.0,Mar 2025,3.0,sharescart,sharescart,investorgain,sharescart,WHITEFORCE.NS,,isin_authoritative,ISIN→symbol from official NSE list,match,,Happy Square Outsourcing Services Ltd.,Happy Square Outsourcing Services Limited,match
INE0TL001013,Cryogenic OGS Ltd.,SME,,544440.0,2025-07-03,2025-07-07,2025-07-10,47.0,17.77,Bookbuilding,BSE SME,Beeline Capital,2025,Spread X Securities Pvt.Ltd.,chittorgarh,17.0,chittorgarh,1.0,chittorgarh,5.6,chittorgarh,5.05,chittorgarh,89.3,chittorgarh,93.76,chittorgarh,89.3,chittorgarh,93.76,chittorgarh,To Meet Working Capital Requirements | General Corporate Purposes | Public Issue Expenses,chittorgarh,18.0,chittorgarh,209.6,856.1,773.8,646.5,706.31,2933.25,4582.42,8221.98,42.55,100.0,73.53,44.0,True,3000.0,141000.0,8.1,6.0,33.0,5.8,22.0,24.0,33.0,6.0,8.0,9.0,4.0,5.0,6.0,3.9,5.1,5.8,18.0,23.0,29.0,0.0,0.0,0.0,24.0,28.0,34.0,2.0,2.0,2.0,18.18,20.69,0.0,33.0,6.0,Mar 2025,3.0,sharescart,sharescart,ipowatch,sharescart,,544440.BO,isin_authoritative,ISIN→symbol from official BSE list,match,,Cryogenic OGS Ltd.,Cryogenic Ogs Ltd,match
INE0RDJ01019,Vandan Foods Ltd.,SME,,544436.0,2025-06-30,2025-07-02,2025-07-07,115.0,30.36,Fixed Price,BSE SME,Nirbhay Capital,2025,Aftertrade Broking Pvt.Ltd.,chittorgarh,29.0,chittorgarh,1.0,chittorgarh,3.3,chittorgarh,,,125.0,chittorgarh,125.0,chittorgarh,118.75,chittorgarh,118.75,chittorgarh,To Meet Working Capital Requirements | Prepayment or repayment of all or a portion of certain outstanding borrowings availed by the Company | Funding the capital expenditure requirement for expansion of the Dhinoj Facility (CAPEX) | General Corporate Purpose,chittorgarh,30.0,chittorgarh,0.0,0.0,0.0,0.0,,,,,,96.94,66.42,,False,1200.0,0.0,,7.0,108.0,13.8,12.0,49.0,108.0,1.0,3.0,11.0,1.0,2.0,7.0,2.1,4.3,12.0,2.0,9.0,16.0,0.0,0.0,8.0,5.0,12.0,49.0,3.0,1.0,-12.0,6.48,43.75,0.5,108.0,7.0,Mar 2025,3.0,sharescart,sharescart,,sharescart,,544436.BO,isin_authoritative,ISIN→symbol from official BSE list,match,,Vandan Foods Ltd.,Vandan Foods Ltd,match
INE0TBQ01014,Marc Loire Fashions Ltd.,SME,,544437.0,2025-06-30,2025-07-02,2025-07-07,100.0,21.0,Fixed Price,BSE SME,Finshore Management,2025,Black Fox Financial Pvt.Ltd.,chittorgarh,20.0,chittorgarh,1.0,chittorgarh,4.8,chittorgarh,,,80.0,chittorgarh,80.0,chittorgarh,76.0,chittorgarh,76.0,chittorgarh,Funding Capital Expenditure for expansion of the Retail Network by launching 15 new Exclusive Brand Outlets (EBOs) | Funding Capital Expenditure for purchase of Multi-Purpose Racks | Working Capital Requirements | General Corporate Expenses,chittorgarh,21.0,chittorgarh,0.0,0.0,0.0,0.0,,,,,,99.99,70.42,,False,1200.0,0.0,,5.0,42.0,9.4,37.0,40.0,42.0,1.0,6.0,7.0,1.0,4.0,5.0,1.3,8.2,9.4,2.0,6.0,11.0,0.0,0.0,0.0,13.0,17.0,22.0,1.0,-2.0,1.0,11.9,45.45,0.0,42.0,5.0,Mar 2025,3.0,sharescart,sharescart,,sharescart,,544437.BO,isin_authoritative,ISIN→symbol from official BSE list,match,,Marc Loire Fashions Ltd.,Marc Loire Fashions Ltd,match
INE11J101017,Cedaar Textile Ltd.,SME,CEDAAR,,2025-06-30,2025-07-02,2025-07-07,140.0,60.9,Bookbuilding,NSE SME,Novus Capital,2025,NNM Securities Pvt.Ltd.,chittorgarh,58.0,chittorgarh,3.0,chittorgarh,4.9,chittorgarh,9.52,chittorgarh,119.0,chittorgarh,119.0,chittorgarh,113.05,chittorgarh,113.05,chittorgarh,Installation of Grid-tied Solar PV Rooftop System for Captive evacuation | Modernization of the Machines | To meet working capital requirements | General Corporate Purpose; and | Issue Expenses,chittorgarh,61.0,chittorgarh,0.0,0.0,0.0,0.0,276.79,96.88,204.29,577.96,7.14,100.0,68.66,130.0,True,1000.0,140000.0,9.9,12.0,208.0,14.1,160.0,189.0,208.0,20.0,31.0,33.0,5.0,12.0,12.0,6.1,16.1,12.6,14.0,25.0,66.0,79.0,73.0,33.0,176.0,198.0,226.0,-2.0,6.0,17.0,5.77,18.18,0.5,208.0,12.0,Mar 2025,3.0,sharescart,sharescart,ipowatch,sharescart,CEDAAR.NS,,isin_authoritative,ISIN→symbol from official NSE list,match,,Cedaar Textile Ltd.,Cedaar Textile Limited,match
INE154801018,Pushpa Jewellers Ltd.,SME,PUSHPA,,2025-06-30,2025-07-02,2025-07-07,147.0,98.65,Bookbuilding,NSE SME,Affinity Global,2025,Sunflower Broking Pvt.Ltd.,chittorgarh,74.0,chittorgarh,20.0,chittorgarh,20.2,chittorgarh,14.05,chittorgarh,112.0,chittorgarh,117.6,chittorgarh,106.4,chittorgarh,117.6,chittorgarh,To meet working capital Expenses | To Finance Establishment of proposed new showroom - Cost of Capital expenditure for the proposed new showroom | Cost of Inventory for the proposed new showroom | General Corporate Purposes | To meet the Offer Related Expenses | Total,chittorgarh,99.0,chittorgarh,0.0,0.0,0.0,0.0,38.85,40.26,121.55,200.67,19.05,100.0,72.29,143.0,True,1000.0,147000.0,12.5,22.0,281.0,11.8,166.0,255.0,281.0,13.0,20.0,32.0,8.0,14.0,22.0,4.3,7.2,11.8,22.0,36.0,58.0,5.0,5.0,11.0,43.0,51.0,91.0,0.0,9.0,0.0,7.83,37.93,0.19,281.0,22.0,Mar 2025,3.0,sharescart,sharescart,ipowatch,sharescart,PUSHPA.NS,,isin_authoritative,ISIN→symbol from official NSE list,match,,Pushpa Jewellers Ltd.,Pushpa Jewellers Limited,match
INE0SN801015,Silky Overseas Ltd.,SME,SILKY,,2025-06-30,2025-07-02,2025-07-07,161.0,30.68,Bookbuilding,NSE SME,Gretex Corporate,2025,Gretex Share Broking Pvt.Ltd.,chittorgarh,26.0,chittorgarh,5.0,chittorgarh,16.1,chittorgarh,7.68,chittorgarh,171.0,chittorgarh,171.0,chittorgarh,162.45,chittorgarh,162.45,chittorgarh,Setting up of Additional Storage Facility | Repayment/Pre-payment of Certain Debt Facilities | Working Capital Requirement | General Corporate Purposes,chittorgarh,31.0,chittorgarh,0.0,0.0,0.0,0.0,322.93,1661.83,1071.35,3056.1,9.94,86.38,,153.0,True,800.0,128800.0,6.9,10.0,124.0,23.3,68.0,70.0,124.0,5.0,12.0,18.0,1.0,6.0,10.0,2.5,12.7,23.3,5.0,15.0,26.0,5.0,9.0,6.0,40.0,50.0,73.0,4.0,0.0,8.0,8.06,38.46,0.23,124.0,10.0,Mar 2025,3.0,sharescart,sharescart,ipowatch,,SILKY.NS,,isin_authoritative,ISIN→symbol from official NSE list,match,,Silky Overseas Ltd.,Silky Overseas Limited,match
INE0UZO01024,Neetu Yoshi Ltd.,SME,,544434.0,2025-06-27,2025-07-01,2025-07-04,75.0,77.04,Bookbuilding,BSE SME,Horizon Management,2025,NNM Securities Pvt.Ltd. R.K.Stock Holding Pvt.Ltd. Choice Equity Broking Pvt.Ltd.,chittorgarh,73.0,chittorgarh,4.0,chittorgarh,5.2,chittorgarh,21.9,chittorgarh,105.0,chittorgarh,110.25,chittorgarh,100.2,chittorgarh,110.25,chittorgarh,Setting up of new manufacturing facility | General corporate purposes,chittorgarh,77.0,chittorgarh,96.4,189.7,91.2,119.2,1410.73,2825.48,2335.78,6571.99,18.67,95.23,,71.0,True,1600.0,120000.0,12.9,16.0,71.0,5.8,16.0,47.0,71.0,1.0,17.0,23.0,0.0,13.0,16.0,0.3,4.6,5.8,6.0,20.0,45.0,5.0,8.0,6.0,15.0,38.0,64.0,-2.0,8.0,12.0,22.54,35.56,0.13,71.0,16.0,Mar 2025,3.0,sharescart,sharescart,ipowatch,,,544434.BO,isin_authoritative,ISIN→symbol from official BSE list,match,,Neetu Yoshi Ltd.,Neetu Yoshi Ltd,match
INE0W1601012,Adcounty Media India Ltd.,SME,,544435.0,2025-06-27,2025-07-01,2025-07-04,85.0,50.69,Bookbuilding,BSE SME,Narnolia Financial,2025,Prabhat Financial Services Ltd.,chittorgarh,48.0,chittorgarh,3.0,chittorgarh,5.9,chittorgarh,14.33,chittorgarh,130.0,chittorgarh,136.5,chittorgarh,123.5,chittorgarh,136.5,chittorgarh,To meet out the Capital Expenditure requirements of the Company. | To meet out the Working Capital requirements of the Company. | Unidentified Acquisition of the Company and General Corporate Purposes.,chittorgarh,51.0,chittorgarh,137.3,397.9,229.4,251.7,1313.03,3993.9,3843.18,9150.11,38.82,89.14,65.51,80.0,True,1600.0,136000.0,10.1,14.0,69.0,8.4,54.0,43.0,69.0,10.0,11.0,19.0,8.0,8.0,14.0,4.8,5.1,8.3,12.0,20.0,38.0,0.0,0.0,0.0,29.0,32.0,51.0,1.0,4.0,-0.0,20.29,36.84,0.0,69.0,14.0,Mar 2025,3.0,sharescart,sharescart,ipowatch,sharescart,,544435.BO,isin_authoritative,ISIN→symbol from official BSE list,match,,Adcounty Media India Ltd.,Adcounty Media India Ltd,match
INE0XM301010,Moving Media Entertainment Ltd.,SME,MMEL,,2025-06-26,2025-06-30,2025-07-03,70.0,43.4,Bookbuilding,NSE SME,Gretex Corporate,2025,Gretex Share Broking Pvt.Ltd.,chittorgarh,33.0,chittorgarh,10.0,chittorgarh,23.3,chittorgarh,9.87,chittorgarh,71.0,chittorgarh,74.55,chittorgarh,71.0,chittorgarh,74.55,chittorgarh,Investment in Advanced Camera Solutions | Repayment/Pre-payment of Certain Debt Facilities | General Corporate Purposes,chittorgarh,43.0,chittorgarh,0.0,0.0,0.0,0.0,363.38,633.54,705.07,1701.99,7.14,85.58,57.36,66.0,True,2000.0,140000.0,8.2,10.0,37.0,8.5,8.0,23.0,37.0,2.0,16.0,29.0,1.0,10.0,10.0,2.5,16.6,8.2,2.0,12.0,39.0,0.0,5.0,19.0,8.0,33.0,95.0,4.0,7.0,10.0,27.03,25.64,0.49,37.0,10.0,Mar 2025,3.0,sharescart,sharescart,ipowatch,sharescart,MMEL.NS,,isin_authoritative,ISIN→symbol from official NSE list,match,,Moving Media Entertainment Ltd.,Moving Media Entertainment Limited,match
INE130701019,Valencia India Ltd.,SME,,544433.0,2025-06-26,2025-06-30,2025-07-03,110.0,48.95,Bookbuilding,BSE SME,Interactive Financial,2025,Aftertrade Broking Pvt.Ltd.,chittorgarh,42.0,chittorgarh,5.0,chittorgarh,10.2,chittorgarh,,,88.0,chittorgarh,88.0,chittorgarh,83.6,chittorgarh,83.6,chittorgarh,Development of 15 villas and club house | General corporate purposes,chittorgarh,49.0,chittorgarh,1.3,1.2,1.3,1.3,5.93,17.75,38.44,62.12,19.09,86.67,,95.0,True,1200.0,132000.0,45.8,2.0,8.0,2.4,5.0,7.0,8.0,1.0,3.0,4.0,1.0,2.0,2.0,1.9,2.0,2.3,1.0,9.0,11.0,3.0,1.0,5.0,6.0,12.0,20.0,0.0,2.0,3.0,25.0,18.18,0.45,8.0,2.0,Mar 2025,3.0,sharescart,sharescart,ipowatch,,,544433.BO,isin_authoritative,ISIN→symbol from official BSE list,match,,Valencia India Ltd.,Valencia India Ltd,match
INE0S9X01011,Ace Alpha Tech Ltd.,SME,,544431.0,2025-06-26,2025-06-30,2025-07-03,69.0,32.22,Bookbuilding,BSE SME,Narnolia Financial,2025,SS Corporate Securities Ltd.,chittorgarh,23.0,chittorgarh,8.0,chittorgarh,25.0,chittorgarh,9.11,chittorgarh,81.0,chittorgarh,85.05,chittorgarh,77.1,chittorgarh,85.05,chittorgarh,Capital Expenditure | Unidentified Acquisition and General Corporate Purposes | Issue Expenses,chittorgarh,32.0,chittorgarh,67.1,122.4,91.9,93.8,407.17,781.96,979.25,2168.38,18.84,55.8,43.9,65.0,True,2000.0,138000.0,7.9,11.0,16.0,8.7,5.0,15.0,16.0,4.0,14.0,15.0,3.0,10.0,11.0,2.6,7.4,8.0,4.0,22.0,33.0,0.0,0.0,0.0,5.0,23.0,33.0,1.0,10.0,11.0,68.75,33.33,0.0,16.0,11.0,Mar 2025,3.0,sharescart,sharescart,ipowatch,sharescart,,544431.BO,isin_authoritative,ISIN→symbol from official BSE list,match,,Ace Alpha Tech Ltd.,Ace Alpha Tech Ltd,match
INE0VJT01017,PRO FX Tech Ltd.,SME,PROFX,,2025-06-26,2025-06-30,2025-07-03,87.0,40.3,Bookbuilding,NSE SME,Hem Securities,2025,Hem Finlease Pvt.Ltd.,chittorgarh,38.0,chittorgarh,2.0,chittorgarh,5.0,chittorgarh,11.46,chittorgarh,95.0,chittorgarh,99.75,chittorgarh,95.0,chittorgarh,99.75,chittorgarh,Repayment of a portion of certain borrowing availed by the Company | Funding capital expenditure towards setting-up of 3 new Showroom cum experience centres (“Showroom”) | To meet Working Capital requirements | General Corporate Purpose,chittorgarh,40.0,chittorgarh,0.0,0.0,0.0,0.0,168.35,325.3,188.5,682.15,2.3,68.4,50.3,82.0,True,1600.0,139200.0,9.2,12.0,129.0,9.5,96.0,110.0,129.0,11.0,15.0,18.0,6.0,9.0,12.0,4.9,7.3,9.5,15.0,25.0,37.0,0.0,2.0,1.0,36.0,45.0,65.0,-2.0,1.0,3.0,9.3,32.43,0.03,129.0,12.0,Mar 2025,3.0,sharescart,sharescart,ipowatch,sharescart,PROFX.NS,,isin_authoritative,ISIN→symbol from official NSE list,match,,PRO FX Tech Ltd.,Pro FX Tech Limited,match
INE14W901010,Rama Telecom Ltd.,SME,RTL,,2025-06-25,2025-06-27,2025-07-02,68.0,25.13,Bookbuilding,NSE SME,Affinity Global,2025,Asnani Stock Broker Pvt.Ltd.,chittorgarh,24.0,chittorgarh,1.0,chittorgarh,4.0,chittorgarh,,,72.0,chittorgarh,75.0,chittorgarh,68.4,chittorgarh,68.4,chittorgarh,To meet working capital Expenses | To meet Capital Expenditure | General Corporate Purposes | To meet the offer related expenses,chittorgarh,25.0,chittorgarh,0.0,0.0,0.0,0.0,5.0,10.68,23.95,39.63,5.88,98.98,71.28,65.0,True,2000.0,136000.0,11.5,6.0,42.0,5.9,33.0,37.0,42.0,2.0,4.0,8.0,1.0,3.0,6.0,1.1,2.8,5.8,7.0,10.0,16.0,2.0,3.0,1.0,16.0,19.0,29.0,-1.0,1.0,0.0,14.29,37.5,0.06,42.0,6.0,Mar 2025,3.0,sharescart,sharescart,ipowatch,sharescart,RTL.NS,,isin_authoritative,ISIN→symbol from official NSE list,match,,Rama Telecom Ltd.,Rama Telecom Limited,match
INE0SGZ01016,Suntech Infra Solutions Ltd.,SME,SUNTECH,,2025-06-25,2025-06-27,2025-07-02,86.0,44.39,Bookbuilding,NSE SME,GYR Capital,2025,Giriraj Stock Broking Pvt.Ltd.,chittorgarh,32.0,chittorgarh,10.0,chittorgarh,22.7,chittorgarh,12.63,chittorgarh,109.1,chittorgarh,110.0,chittorgarh,103.65,chittorgarh,103.8,chittorgarh,Funding working capital requirements of the company | Funding of capital expenditure requirements of the company towards purchase of Construction Equipments for civil construction business | General corporate purposes,chittorgarh,44.0,chittorgarh,0.0,0.0,0.0,0.0,1035.95,3353.83,2216.2,6605.98,13.95,94.17,74.84,81.0,True,1600.0,137600.0,10.8,12.0,153.0,8.0,86.0,96.0,153.0,20.0,27.0,38.0,6.0,12.0,12.0,4.0,7.8,7.9,26.0,38.0,50.0,17.0,33.0,56.0,100.0,118.0,159.0,30.0,18.0,7.0,7.84,24.0,1.12,153.0,12.0,Mar 2025,3.0,sharescart,sharescart,ipowatch,sharescart,SUNTECH.NS,,isin_authoritative,ISIN→symbol from official NSE list,match,,Suntech Infra Solutions Ltd.,Suntech Infra Solutions Limited,match
INE0SC101013,Supertech EV Ltd.,SME,,544428.0,2025-06-25,2025-06-27,2025-07-02,92.0,29.9,Bookbuilding,BSE SME,Corporate Makers,2025,Asnani Stock Broker Pvt.Ltd.,chittorgarh,28.0,chittorgarh,2.0,chittorgarh,6.7,chittorgarh,,,73.6,chittorgarh,73.6,chittorgarh,69.92,chittorgarh,69.92,chittorgarh,Working capital requirement. | Repayment of portion of certain borrowings availed by the Company. | General corporate purposes.,chittorgarh,30.0,chittorgarh,1.0,2.0,7.1,4.2,1.42,29.73,95.31,126.46,3.26,94.04,,87.0,True,1200.0,110400.0,12.4,6.0,75.0,7.4,2.0,65.0,75.0,0.0,7.0,10.0,0.0,5.0,6.0,0.3,5.5,6.8,1.0,10.0,17.0,0.0,0.0,2.0,5.0,26.0,44.0,-1.0,-7.0,-5.0,8.0,35.29,0.12,75.0,6.0,Mar 2025,3.0,sharescart,sharescart,ipowatch,,,544428.BO,isin_authoritative,ISIN→symbol from official BSE list,match,,Supertech EV Ltd.,Supertech Ev Ltd,match
INE0ZDY01011,Abram Food Ltd.,SME,,544422.0,2025-06-24,2025-06-26,2025-07-01,98.0,13.99,Fixed Price,BSE SME,Corporate Makers,2025,Giriraj Stock Broking Pvt.Ltd.,chittorgarh,13.0,chittorgarh,1.0,chittorgarh,7.1,chittorgarh,,,90.4,chittorgarh,94.92,chittorgarh,86.01,chittorgarh,94.92,chittorgarh,Capital Expenditure for purchase of machineries | Funding of Working Capital Requirement of the company | General corporate purposes | Issue related expenses in relation to Issue,chittorgarh,14.0,chittorgarh,0.0,0.0,0.0,0.0,,,,,5.1,93.14,67.33,,False,1200.0,0.0,,3.0,64.0,9.1,33.0,36.0,64.0,1.0,2.0,5.0,0.0,1.0,3.0,1.4,2.9,8.7,3.0,4.0,8.0,0.0,0.0,0.0,8.0,11.0,17.0,-1.0,-1.0,-1.0,4.69,37.5,0.0,64.0,3.0,Mar 2025,3.0,sharescart,sharescart,ipowatch,sharescart,,544422.BO,isin_authoritative,ISIN→symbol from official BSE list,match,,Abram Food Ltd.,Abram Food Ltd,match
INE0Y0E01012,Icon Facilitators Ltd.,SME,,544426.0,2025-06-24,2025-06-26,2025-07-01,91.0,19.11,Bookbuilding,BSE SME,Khambatta Securities,2025,Nikunj Stock Brokers Ltd.,chittorgarh,18.0,chittorgarh,1.0,chittorgarh,5.3,chittorgarh,,,90.0,chittorgarh,90.0,chittorgarh,85.5,chittorgarh,85.5,chittorgarh,Working Capital Requirement | General Corporate Purpose,chittorgarh,19.0,chittorgarh,2.2,0.9,4.1,2.4,2.0,8.88,35.33,46.2,4.4,95.65,,85.0,True,1200.0,109200.0,11.5,4.0,58.0,7.9,43.0,50.0,58.0,3.0,3.0,7.0,2.0,2.0,4.0,3.5,3.2,7.8,4.0,6.0,13.0,2.0,2.0,4.0,14.0,17.0,24.0,-0.0,4.0,0.0,6.9,30.77,0.31,58.0,4.0,Mar 2025,3.0,sharescart,sharescart,ipowatch,,,544426.BO,isin_authoritative,ISIN→symbol from official BSE list,match,,Icon Facilitators Ltd.,Icon Facilitators Ltd,match
INE0NON01025,Shri Hare-Krishna Sponge Iron Ltd.,SME,SHKSIL,,2025-06-24,2025-06-26,2025-07-01,59.0,29.91,Bookbuilding,NSE SME,Hem Securities,2025,Hem Finlease Pvt.Ltd.,chittorgarh,28.0,chittorgarh,2.0,chittorgarh,6.7,chittorgarh,8.5,chittorgarh,64.8,chittorgarh,65.75,chittorgarh,61.6,chittorgarh,64.55,chittorgarh,Funding of Capital Expenditure requirements of the  company towards setup of Captive Power Plant at Siltara – Raipur | General Corporate Purpose,chittorgarh,30.0,chittorgarh,10.97,10.09,3.1,3.1,,,,,,,,,,,,,,,,,,,,,,,,,,,,,,,,,,,,,,,,,,,,,,,ipowatch,,,,SHKSIL.NS,,isin_authoritative,ISIN→symbol from official NSE list,match,,Shri Hare-Krishna Sponge Iron Ltd.,Shri Hare-Krishna Sponge Iron Limited,match
INE0XRR01010,AJC Jewel Manufacturers Ltd.,SME,,544425.0,2025-06-23,2025-06-26,2025-07-01,95.0,15.39,Bookbuilding,BSE SME,Smart Horizon Capital,2025,Rikhav Securities Ltd.,chittorgarh,15.0,chittorgarh,0.0,chittorgarh,0.0,chittorgarh,4.3,chittorgarh,99.0,chittorgarh,99.0,chittorgarh,94.05,chittorgarh,95.39,chittorgarh,Funding of capital expenditure requirements for purchase of new Equipment by the Company | Repayment/prepayment of all or certain of the borrowings availed of by the Company | General corporate purposes,chittorgarh,15.0,chittorgarh,3.6,1.6,2.9,2.7,10.29,4.84,14.77,29.91,4.21,76.85,,90.0,True,1200.0,114000.0,14.8,3.0,220.0,6.4,194.0,246.0,220.0,4.0,6.0,6.0,2.0,3.0,3.0,7.0,7.3,6.4,7.0,12.0,15.0,1.0,1.0,2.0,36.0,37.0,49.0,-2.0,5.0,-8.0,1.36,20.0,0.13,220.0,3.0,Mar 2025,3.0,sharescart,sharescart,investorgain,,,544425.BO,isin_authoritative,ISIN→symbol from official BSE list,match,,AJC Jewel Manufacturers Ltd.,AJC Jewel Manufacturers Ltd,match
INE1GYP01013,Aakaar Medical Technologies Ltd.,SME,AAKAAR,,2025-06-20,2025-06-24,2025-06-27,72.0,27.0,Bookbuilding,NSE SME,Indorient Financial,2025,Alacrity Securities Ltd.,chittorgarh,26.0,chittorgarh,1.0,chittorgarh,3.7,chittorgarh,7.68,chittorgarh,75.0,chittorgarh,75.0,chittorgarh,71.25,chittorgarh,71.25,chittorgarh,Funding working capital requirements of the Company | General corporate purposes,chittorgarh,27.0,chittorgarh,0.0,0.0,0.0,0.0,17.97,7.07,17.36,42.41,,91.11,67.05,68.0,True,1600.0,115200.0,11.8,6.0,62.0,6.1,33.0,46.0,62.0,4.0,5.0,10.0,2.0,3.0,6.0,2.3,3.0,5.8,10.0,13.0,23.0,0.0,0.0,0.0,23.0,35.0,56.0,-3.0,-8.0,-5.0,9.68,26.09,0.0,62.0,6.0,Mar 2025,3.0,sharescart,sharescart,,sharescart,AAKAAR.NS,,isin_authoritative,ISIN→symbol from official NSE list,match,,Aakaar Medical Technologies Ltd.,Aakaar Medical Technologies Limited,match
INE17D601016,Safe Enterprises Retail Fixtures Ltd.,SME,SAFEENTP,,2025-06-20,2025-06-24,2025-06-27,138.0,169.74,Bookbuilding,NSE SME,Hem Securities,2025,Hem Finlease Pvt.Ltd.,chittorgarh,161.0,chittorgarh,9.0,chittorgarh,5.3,chittorgarh,48.31,chittorgarh,151.0,chittorgarh,158.55,chittorgarh,151.0,chittorgarh,158.55,chittorgarh,"Funding the Capital Expenditure requirements towards setting up of a new manufacturing unit. | Investment in the Subsidiary, Safe Enterprises Retail Technologies Private Limited for financing its capital expenditure requirements in relation towards installation of additional plant and machinery | To Meet Working Capital Requirements of the Company | Investment in the subsidiary Safe Enterprises Retail Technologies Private Limited to meet working capital requirements | General Corporate Purpose",chittorgarh,170.0,chittorgarh,34.31,12.51,4.44,14.7,,,,,17.39,,,,,,,,,,,,,,,,,,,,,,,,,,,,,,,,,,,,,,,,,,ipowatch,,ipowatch,,SAFEENTP.NS,,isin_authoritative,ISIN→symbol from official NSE list,match,,Safe Enterprises Retail Fixtures Ltd.,Safe Enterprises Retail Fixtures Limited,match
INE0ZTO01018,Mayasheel Ventures Ltd.,SME,MAYASHEEL,,2025-06-20,2025-06-24,2025-06-27,47.0,27.28,Bookbuilding,NSE SME,Narnolia Financial,2025,Prabhat Financial Services Ltd.,chittorgarh,26.0,chittorgarh,1.0,chittorgarh,3.7,chittorgarh,7.76,chittorgarh,58.0,chittorgarh,60.9,chittorgarh,58.0,chittorgarh,60.9,chittorgarh,Funding capital expenditure requirements for the purchase of equipment/machineries | Funding the Working Capital requirement | General Corporate Purposes,chittorgarh,27.0,chittorgarh,0.0,0.0,0.0,0.0,509.21,2786.79,931.94,4227.94,10.64,91.97,67.76,44.0,True,3000.0,141000.0,6.5,11.0,171.0,7.2,,,171.0,,,26.0,,,11.0,,,7.0,,,29.0,,,21.0,,,98.0,,,12.0,6.43,37.93,0.72,171.0,11.0,Mar 2025,1.0,sharescart,sharescart,ipowatch,sharescart,MAYASHEEL.NS,,isin_authoritative,ISIN→symbol from official NSE list,match,,Mayasheel Ventures Ltd.,Mayasheel Ventures Limited,match
INE0MYZ01012,Influx Healthtech Ltd.,SME,INFLUX,,2025-06-18,2025-06-20,2025-06-25,96.0,58.57,Bookbuilding,NSE SME,Rarever Financial,2025,R.K.Stock Holding Pvt.Ltd.,chittorgarh,45.0,chittorgarh,11.0,chittorgarh,18.6,chittorgarh,16.67,chittorgarh,132.5,chittorgarh,135.85,chittorgarh,125.9,chittorgarh,126.2,chittorgarh,Funding capital expenditure requirements for setting up of manufacturing facility for Nutraceutical Division | Funding capital expenditure requirements for setting up of manufacturing facility for Veterinary Food Division | Purchase of Machineries for Homecare and Cosmetic Division | General corporate purposes,chittorgarh,59.0,chittorgarh,0.0,0.0,0.0,0.0,1534.26,4021.23,2292.88,7848.37,16.67,99.86,73.53,91.0,True,1200.0,115200.0,13.0,13.0,105.0,7.4,76.0,100.0,105.0,11.0,17.0,21.0,7.0,11.0,13.0,4.0,6.1,7.4,12.0,23.0,36.0,0.0,0.0,0.0,28.0,41.0,70.0,6.0,9.0,7.0,12.38,36.11,0.0,105.0,13.0,Mar 2025,3.0,sharescart,sharescart,ipowatch,sharescart,INFLUX.NS,,isin_authoritative,ISIN→symbol from official NSE list,match,,Influx Healthtech Ltd.,Influx Healthtech Limited,match
INE11HF01010,Eppeltone Engineers Ltd.,SME,EEPL,,2025-06-17,2025-06-19,2025-06-24,128.0,43.96,Bookbuilding,NSE SME,Expert Global,2025,Prabhat Financial Services Ltd.,chittorgarh,42.0,chittorgarh,2.0,chittorgarh,4.5,chittorgarh,12.52,chittorgarh,243.2,chittorgarh,255.35,chittorgarh,243.2,chittorgarh,255.35,chittorgarh,Working Capital Requirements of the Company | Funding Capital Expenditure towards installation of additional machinery at the factory | General Corporate Purposes | Issue Expenses,chittorgarh,44.0,chittorgarh,0.0,0.0,0.0,0.0,1103.58,3936.5,3625.82,8665.89,23.44,83.69,61.51,125.0,True,1000.0,128000.0,10.7,11.0,124.0,12.0,73.0,78.0,124.0,3.0,15.0,19.0,1.0,8.0,11.0,1.4,9.6,11.8,11.0,24.0,40.0,6.0,8.0,18.0,44.0,70.0,124.0,0.0,5.0,-6.0,8.87,27.5,0.45,124.0,11.0,Mar 2025,3.0,sharescart,sharescart,ipowatch,sharescart,EEPL.NS,,isin_authoritative,ISIN→symbol from official NSE list,match,,Eppeltone Engineers Ltd.,Eppeltone Engineers Limited,match
INE17GV01016,Patil Automation Ltd.,SME,PATILAUTOM,,2025-06-16,2025-06-18,2025-06-23,120.0,69.61,Bookbuilding,NSE SME,Seren Capital,2025,Mansi Share & Stock Broking Pvt.Ltd.,chittorgarh,66.0,chittorgarh,4.0,chittorgarh,5.7,chittorgarh,19.81,chittorgarh,155.0,chittorgarh,162.75,chittorgarh,155.0,chittorgarh,162.75,chittorgarh,Funding of capital expenditure towards setup of new manufacturing facility | Repayment of a portion of certain borrowings availed by the Company | General Corporate Purposes,chittorgarh,70.0,chittorgarh,0.0,0.0,0.0,0.0,1096.07,2565.12,1036.37,4697.55,19.17,94.38,,114.0,True,1200.0,144000.0,15.8,12.0,118.0,7.6,78.0,115.0,118.0,10.0,16.0,19.0,4.0,8.0,12.0,2.8,5.2,7.3,24.0,32.0,54.0,0.0,0.0,0.0,94.0,91.0,115.0,0.0,7.0,1.0,10.17,22.22,0.0,118.0,12.0,Mar 2025,3.0,sharescart,sharescart,ipowatch,,PATILAUTOM.NS,,isin_authoritative,ISIN→symbol from official NSE list,match,,Patil Automation Ltd.,Patil Automation Limited,match
INE124101010,Samay Project Services Ltd.,SME,SAMAY,,2025-06-16,2025-06-18,2025-06-23,34.0,14.69,Bookbuilding,NSE SME,Smart Horizon Capital,2025,Shreni Shares Ltd.,chittorgarh,14.0,chittorgarh,1.0,chittorgarh,6.7,chittorgarh,4.08,chittorgarh,36.05,chittorgarh,37.5,chittorgarh,35.9,chittorgarh,36.0,chittorgarh,Funding working capital requirements of the Company | General Corporate Purposes | Total,chittorgarh,15.0,chittorgarh,0.0,0.0,0.0,0.0,61.58,150.39,74.75,286.72,,96.29,,32.0,True,4000.0,136000.0,8.9,4.0,37.0,3.8,20.0,41.0,37.0,4.0,7.0,6.0,3.0,5.0,4.0,3.1,4.2,3.8,11.0,16.0,20.0,0.0,0.0,0.0,21.0,25.0,32.0,-2.0,2.0,2.0,10.81,20.0,0.0,37.0,4.0,Mar 2025,3.0,sharescart,sharescart,,,SAMAY.NS,,isin_authoritative,ISIN→symbol from official NSE list,match,,Samay Project Services Ltd.,Samay Project Services Limited,match
INE0XCV01014,Aten Papers & Foam Ltd.,SME,,544417.0,2025-06-13,2025-06-17,2025-06-20,96.0,31.68,Bookbuilding,BSE SME,Swastika Investmart,2025,Sunflower Broking Pvt.Ltd.,chittorgarh,30.0,chittorgarh,2.0,chittorgarh,6.2,chittorgarh,,,90.0,chittorgarh,90.0,chittorgarh,85.5,chittorgarh,85.5,chittorgarh,Capital Expenditure | Incremental Working Capital Requirements | General Corporate Purpose | Total,chittorgarh,32.0,chittorgarh,0.0,0.0,0.0,0.0,4.32,11.01,31.15,46.48,,99.99,,91.0,True,1200.0,115200.0,9.6,7.0,139.0,10.0,91.0,97.0,139.0,2.0,5.0,11.0,1.0,3.0,7.0,0.7,4.0,10.0,4.0,7.0,14.0,3.0,2.0,1.0,30.0,33.0,35.0,0.0,2.0,5.0,5.04,50.0,0.07,139.0,7.0,Mar 2025,3.0,sharescart,sharescart,,,,544417.BO,isin_authoritative,ISIN→symbol from official BSE list,match,,Aten Papers & Foam Ltd.,Aten Papers & Foam Ltd,match
INE1DV401010,Monolithisch India Ltd.,SME,MONOLITH,,2025-06-12,2025-06-16,2025-06-19,143.0,82.02,Bookbuilding,NSE SME,Hem Securities,2025,Hem Finlease Pvt.Ltd.,chittorgarh,78.0,chittorgarh,4.0,chittorgarh,4.9,chittorgarh,23.35,chittorgarh,231.55,chittorgarh,243.1,chittorgarh,230.0,chittorgarh,243.1,chittorgarh,"Funding capital expenditure towards setting up of a manufacturing facility of the Company by purchase of land, building of factory shed, civil work and installation of additional plant and machinery therein | Investment in our Subsidiary, Metalurgica India Private Limited for financing its capital expenditure towards purchase of land, building of factory shed, civil work and installation of additional plant and machinery therein | To meet working capital requirements | General Corporate Purpose",chittorgarh,82.0,chittorgarh,0.0,0.0,0.0,0.0,2013.88,5384.85,2582.81,9981.54,11.89,100.0,73.61,135.0,True,1000.0,143000.0,15.7,14.0,97.0,9.1,,,97.0,,,21.0,,,14.0,,,9.1,,,35.0,,,0.0,,,56.0,,,4.0,14.43,40.0,0.0,97.0,14.0,Mar 2025,1.0,sharescart,sharescart,ipowatch,sharescart,MONOLITH.NS,,isin_authoritative,ISIN→symbol from official NSE list,match,,Monolithisch India Ltd.,Monolithisch India Limited,match
INE0XIL01012,Jainik Power Cables Ltd.,SME,JAINIK,,2025-06-10,2025-06-12,2025-06-17,110.0,51.3,Bookbuilding,NSE SME,Novus Capital,2025,Rikhav Securities Ltd.,chittorgarh,49.0,chittorgarh,2.0,chittorgarh,3.9,chittorgarh,,,82.0,chittorgarh,86.1,chittorgarh,82.0,chittorgarh,82.85,chittorgarh,Working Capital Requirement | Fund and set up a plant | Repayment of portion of loan availed by the company | General Corporate Purposes,chittorgarh,51.0,chittorgarh,0.0,1.1,2.1,1.5,0.0,9.27,89.62,78.99,6.36,99.79,,100.0,True,1200.0,132000.0,11.0,9.0,352.0,10.0,67.0,339.0,352.0,1.0,9.0,15.0,0.0,5.0,9.0,0.2,6.0,9.5,3.0,8.0,25.0,6.0,7.0,0.0,37.0,35.0,71.0,3.0,7.0,-5.0,2.56,36.0,0.0,352.0,9.0,Mar 2025,3.0,sharescart,sharescart,ipowatch,,JAINIK.NS,,isin_authoritative,ISIN→symbol from official NSE list,match,,Jainik Power Cables Ltd.,Jainik Power Cables Limited,match
INE1ARD01016,Sacheerome Ltd.,SME,SACHEEROME,,2025-06-09,2025-06-11,2025-06-16,102.0,61.62,Bookbuilding,NSE SME,GYR Capital,2025,Giriraj Stock Broking Pvt.Ltd.,chittorgarh,59.0,chittorgarh,3.0,chittorgarh,4.8,chittorgarh,17.54,chittorgarh,153.0,chittorgarh,160.65,chittorgarh,145.35,chittorgarh,160.55,chittorgarh,"Setting Up a new manufacturing facility at 1459b, Sector-32, Yeida, Gautam Buddha Nagar, UP203209 | General Corporate Purpose",chittorgarh,62.0,chittorgarh,173.2,808.6,180.3,312.9,5334.42,7473.05,3887.86,19282.16,21.57,100.0,,96.0,True,1200.0,122400.0,10.4,16.0,108.0,9.8,70.0,85.0,108.0,10.0,16.0,24.0,6.0,11.0,16.0,3.7,6.5,9.8,35.0,46.0,62.0,0.0,0.0,0.0,48.0,62.0,83.0,11.0,10.0,22.0,14.81,25.81,0.0,108.0,16.0,Mar 2025,3.0,sharescart,sharescart,ipowatch,,SACHEEROME.NS,,isin_authoritative,ISIN→symbol from official NSE list,match,,Sacheerome Ltd.,Sacheerome Limited,match
INE0ZI101018,Ganga Bath Fittings Ltd.,SME,GANGABATH,,2025-06-04,2025-06-06,2025-06-11,49.0,32.65,Bookbuilding,NSE SME,Jawa Capital,2025,Rikhav Securities Ltd.,chittorgarh,31.0,chittorgarh,2.0,chittorgarh,6.1,chittorgarh,,,59.0,chittorgarh,59.0,chittorgarh,56.05,chittorgarh,56.05,chittorgarh,"Capital Expenditure towards purchase of equipment/machine ries, etc. | Repayment/prepay ment of certain borrowings availed by the Company | Funding working capital requirements | General Corporate Purpose",chittorgarh,33.0,chittorgarh,2.22,0.73,2.55,1.64,,,,,2.04,,,,,,,,,,,,,,,,,,,,,,,,,,,,,,,,,,,,,,,,,,ipowatch,,ipowatch,,GANGABATH.NS,,isin_authoritative,ISIN→symbol from official NSE list,match,,Ganga Bath Fittings Ltd.,Ganga Bath Fittings Limited,match
INE0TE101010,3B Films Ltd.,SME,,544412.0,2025-05-30,2025-06-03,2025-06-06,50.0,33.75,Fixed Price,BSE SME,Nirbhay Capital,2025,Giriraj Stock Broking Pvt.Ltd.,chittorgarh,16.0,chittorgarh,16.0,chittorgarh,47.1,chittorgarh,,,48.5,chittorgarh,48.5,chittorgarh,46.08,chittorgarh,46.08,chittorgarh,Capital Expenditure | Working Capital Requirements | General Corporate Purposes | Fresh Offer related expenses,chittorgarh,34.0,chittorgarh,,0.85,2.75,1.8,,,,,6.0,,,,,,,,,,,,,,,,,,,,,,,,,,,,,,,,,,,,,,,,,,ipowatch,,ipowatch,,,544412.BO,isin_authoritative,ISIN→symbol from official BSE list,match,,3B Films Ltd.,3B Films Ltd,match
INE104101014,N R Vandana Tex Industries Ltd.,SME,NRVANDANA,,2025-05-28,2025-05-30,2025-06-04,45.0,27.89,Bookbuilding,NSE SME,Marwadi Chandarana Intermediaries,2025,Alacrity Securities Ltd.,chittorgarh,26.0,chittorgarh,2.0,chittorgarh,7.1,chittorgarh,7.92,chittorgarh,45.0,chittorgarh,46.0,chittorgarh,42.75,chittorgarh,43.7,chittorgarh,Funding working capital requirements of the Company | Prepayment/Repayment of Loan. | General Corporate Purposes | Total,chittorgarh,28.0,chittorgarh,,,,,,,,,20.0,,,,,,,,,,,,,,,,,,,,,,,,,,,,,,,,,,,,,,,,,,,,investorgain,,NRVANDANA.NS,,isin_authoritative,ISIN→symbol from official NSE list,match,,N R Vandana Tex Industries Ltd.,N R Vandana Tex Industries Limited,match
INE156901014,Neptune Petrochemicals Ltd.,SME,NEPTUNE,,2025-05-28,2025-05-30,2025-06-04,122.0,73.2,Bookbuilding,NSE SME,Beeline Capital,2025,Spread X Securities Pvt.Ltd.,chittorgarh,70.0,chittorgarh,3.0,chittorgarh,4.1,chittorgarh,20.85,chittorgarh,132.75,chittorgarh,139.35,chittorgarh,132.5,chittorgarh,139.35,chittorgarh,Funding capital expenditure requirement towards installation of additional plant and machinery and related infrastructure | Funding the capital expenditure for purchase of office space | Funding Working Capital Requirement | General Corporate Expenses,chittorgarh,73.0,chittorgarh,7.12,2.91,0.0,4.11,,,,,,,,,,,,,,,,,,,,,,,,,,,,,,,,,,,,,,,,,,,,,,,ipowatch,,,,NEPTUNE.NS,,isin_authoritative,ISIN→symbol from official NSE list,match,,Neptune Petrochemicals Ltd.,Neptune Petrochemicals Limited,match
INE0X3M01010,Blue Water Logistics Ltd.,SME,BLUEWATER,,2025-05-27,2025-05-29,2025-06-03,135.0,40.5,Bookbuilding,NSE SME,Smart Horizon Capital,2025,Shreni Shares Ltd.,chittorgarh,38.0,chittorgarh,3.0,chittorgarh,7.3,chittorgarh,11.27,chittorgarh,141.0,chittorgarh,148.05,chittorgarh,135.2,chittorgarh,148.05,chittorgarh,Funding of capital expenditure requirements by purchase of Vehicles and its body building | Funding working capital requirements of the Company | General Corporate Purposes | Total,chittorgarh,41.0,chittorgarh,14.0,9.9,6.6,9.4,284.31,59.96,92.85,379.08,5.93,89.45,65.59,132.0,True,1000.0,135000.0,10.2,11.0,196.0,13.3,98.0,139.0,196.0,4.0,11.0,19.0,2.0,6.0,11.0,1.9,7.4,13.3,4.0,9.0,20.0,6.0,6.0,14.0,29.0,42.0,76.0,3.0,4.0,-11.0,5.61,55.0,0.7,196.0,11.0,Mar 2025,3.0,sharescart,sharescart,ipowatch,sharescart,BLUEWATER.NS,,isin_authoritative,ISIN→symbol from official NSE list,match,,Blue Water Logistics Ltd.,Blue Water Logistics Limited,match
INE0TG901011,Astonea Labs Ltd.,SME,,544409.0,2025-05-27,2025-05-29,2025-06-03,135.0,37.67,Bookbuilding,BSE SME,Oneview Corporate,2025,Basan Equity Broking Ltd.,chittorgarh,36.0,chittorgarh,2.0,chittorgarh,5.3,chittorgarh,10.67,chittorgarh,137.45,chittorgarh,140.0,chittorgarh,135.0,chittorgarh,135.65,chittorgarh,"Funding of expenses proposed to be incurred towards registration in Bolivia, South America | Purchase and installation of plant and machineries for ointment production for the purpose of export in accordance with the international standards and protocols, on the 2nd floor of the Existing Premises | Advertising, marketing and brand building | Investment in procuring hardware and software | Funding of working capital requirements | General corporate purposes",chittorgarh,38.0,chittorgarh,0.7,5.6,1.7,1.8,13.18,31.64,22.28,67.42,,64.03,51.38,128.0,True,1000.0,135000.0,19.6,5.0,98.0,6.9,67.0,80.0,98.0,7.0,12.0,15.0,1.0,4.0,5.0,0.9,5.4,6.9,8.0,12.0,18.0,19.0,20.0,22.0,64.0,81.0,104.0,-1.0,8.0,9.0,5.1,27.78,1.22,98.0,5.0,Mar 2025,3.0,sharescart,sharescart,,sharescart,,544409.BO,isin_authoritative,ISIN→symbol from official BSE list,match,,Astonea Labs Ltd.,Astonea Labs Ltd,match
INE0FLF01015,Nikita Papers Ltd.,SME,NIKITA,,2025-05-27,2025-05-29,2025-06-03,104.0,67.54,Bookbuilding,NSE SME,Novus Capital,2025,Rikhav Securities Ltd.,chittorgarh,64.0,chittorgarh,4.0,chittorgarh,5.9,chittorgarh,9.04,chittorgarh,90.0,chittorgarh,92.5,chittorgarh,85.5,chittorgarh,90.45,chittorgarh,Capital Expenditure towards setting up of Power Plant | Working Capital Requirement | General Corporate Purposes,chittorgarh,68.0,chittorgarh,0.7,2.1,1.8,1.4,24.99,21.38,43.5,96.58,4.81,80.38,59.22,95.0,True,1200.0,124800.0,8.2,23.0,364.0,12.7,398.0,339.0,364.0,28.0,48.0,60.0,5.0,21.0,23.0,3.3,11.4,12.7,55.0,81.0,104.0,69.0,48.0,77.0,257.0,304.0,383.0,10.0,-12.0,-20.0,6.32,22.12,0.74,364.0,23.0,Mar 2025,3.0,sharescart,sharescart,ipowatch,sharescart,NIKITA.NS,,isin_authoritative,ISIN→symbol from official NSE list,match,,Nikita Papers Ltd.,NIKITA GREENTECH RECYCLING LIMITED,match
INE1ABX01018,Unified Data-Tech Solutions Ltd.,SME,,544406.0,2025-05-22,2025-05-26,2025-05-29,273.0,144.47,Bookbuilding,BSE SME,Hem Securities,2025,Hem Finlease Pvt.Ltd.,chittorgarh,,,137.0,chittorgarh,95.1,chittorgarh,41.14,chittorgarh,285.0,chittorgarh,299.25,chittorgarh,272.5,chittorgarh,299.25,chittorgarh,,,144.0,chittorgarh,83.2,212.4,43.6,91.1,6011.46,4603.52,2205.65,13164.25,19.05,100.0,29.6,260.0,True,400.0,109200.0,16.1,34.0,220.0,17.0,110.0,260.0,220.0,15.0,34.0,45.0,10.0,25.0,34.0,5.2,12.5,17.0,39.0,64.0,98.0,0.0,0.0,0.0,64.0,78.0,146.0,23.0,10.0,49.0,15.45,34.69,0.0,220.0,34.0,Mar 2025,3.0,sharescart,sharescart,investorgain,sharescart,,544406.BO,isin_authoritative,ISIN→symbol from official BSE list,match,,Unified Data-Tech Solutions Ltd.,Unified Data Tech Solutions Ltd,match
INE04Q901010,Dar Credit & Capital Ltd.,SME,DCCL,,2025-05-21,2025-05-23,2025-05-28,60.0,25.66,Bookbuilding,NSE SME,GYR Capital,2025,SMC Global Securities Ltd.,chittorgarh,24.0,chittorgarh,2.0,chittorgarh,7.7,chittorgarh,7.3,chittorgarh,65.15,chittorgarh,66.0,chittorgarh,61.9,chittorgarh,63.95,chittorgarh,Augment the capital base of the Company | General Corporate Purposes,chittorgarh,26.0,chittorgarh,31.3,208.5,104.9,106.1,401.39,802.2,941.78,2721.85,16.67,100.0,,57.0,True,2000.0,120000.0,8.6,7.0,40.0,7.0,25.0,32.0,40.0,16.0,23.0,30.0,3.0,4.0,7.0,2.7,3.7,7.0,62.0,67.0,74.0,72.0,63.0,46.0,187.0,237.0,222.0,-4.0,-21.0,27.0,17.5,9.46,0.62,40.0,7.0,Mar 2025,3.0,sharescart,sharescart,investorgain,,DCCL.NS,,isin_authoritative,ISIN→symbol from official NSE list,match,,Dar Credit & Capital Ltd.,Dar Credit & Capital Limited,match
INE0T8T01010,Accretion Pharmaceuticals Ltd.,SME,ACCPL,,2025-05-14,2025-05-16,2025-05-21,101.0,29.75,Bookbuilding,NSE SME,Jawa Capital,2025,Gretex Share Broking Pvt.Ltd.,chittorgarh,28.0,chittorgarh,2.0,chittorgarh,6.7,chittorgarh,2.13,chittorgarh,79.0,chittorgarh,82.95,chittorgarh,75.05,chittorgarh,82.95,chittorgarh,"Capital expenditure towards purchase of new equipment/ machineries, etc. | Capital expenditure towards upgradation of existing manufacturing facility | Repayment/prepayme nt of certain borrowings availed by the Company | Funding working capital requirements | General Corporate Purpose",chittorgarh,30.0,chittorgarh,12.1,4.3,10.5,7.7,180.61,19.1,109.76,228.22,7.92,100.0,73.48,96.0,True,1200.0,121200.0,11.9,7.0,57.0,8.5,,13.0,57.0,,3.0,12.0,,1.0,7.0,,2.0,8.3,,5.0,15.0,,7.0,1.0,,27.0,40.0,,-12.0,6.0,12.28,46.67,0.07,57.0,7.0,Mar 2025,2.0,sharescart,sharescart,ipowatch,sharescart,ACCPL.NS,,isin_authoritative,ISIN→symbol from official NSE list,match,,Accretion Pharmaceuticals Ltd.,Accretion Pharmaceuticals Limited,match
INE0YSH01017,Integrity Infrabuild Developers Ltd.,SME,INTEGRITY,,2025-05-13,2025-05-15,2025-05-20,100.0,12.0,Fixed Price,NSE SME,Aryaman Financial,2025,Aryaman Capital Markets Ltd.,chittorgarh,11.0,chittorgarh,1.0,chittorgarh,8.3,chittorgarh,,,100.8,chittorgarh,104.85,chittorgarh,100.2,chittorgarh,103.5,chittorgarh,Purchase of machinery and equipment | Funding Working capital requirements | General Corporate Purpose,chittorgarh,12.0,chittorgarh,0.0,2.1,2.3,2.2,0.0,12.54,13.56,26.04,,98.9,74.17,100.0,False,1200.0,120000.0,11.1,3.0,109.0,9.0,,,109.0,,,9.0,,,3.0,,,8.9,,,6.0,,,7.0,,,43.0,,,18.0,2.75,50.0,1.17,109.0,3.0,Mar 2025,1.0,sharescart,sharescart,,sharescart,INTEGRITY.NS,,isin_authoritative,ISIN→symbol from official NSE list,match,,Integrity Infrabuild Developers Ltd.,Integrity Infrabuild Developers Limited,match
INE0VRH01015,Virtual Galaxy Infotech Ltd.,SME,VGINFOTECH,,2025-05-09,2025-05-14,2025-05-19,142.0,93.29,Bookbuilding,NSE SME,Smart Horizon Capital,2025,Alacrity Securities Ltd.,chittorgarh,89.0,chittorgarh,4.0,chittorgarh,4.3,chittorgarh,26.13,chittorgarh,180.0,chittorgarh,189.0,chittorgarh,180.0,chittorgarh,189.0,chittorgarh,"Capital expenditure towards setting up additional development facility in Nagpur, Maharashtra | Repayment/prepayment of certain borrowings availed by the Company | Investment in procuring GPU, server & storage system at Data Centre | Funding of expenditure related to enhancement, maintenance and upgrading existing products through manpower hiring | Funding for business development and marketing activities | General corporate purposes",chittorgarh,93.0,chittorgarh,129.7,590.3,134.0,231.5,6051.05,8260.3,4376.47,21592.9,6.34,100.0,72.0,135.0,True,100.0,14200.0,8.1,32.0,120.0,17.6,58.0,61.0,120.0,13.0,31.0,56.0,2.0,16.0,32.0,1.1,9.9,17.6,25.0,41.0,93.0,31.0,31.0,32.0,87.0,116.0,158.0,8.0,33.0,43.0,26.67,34.41,0.34,120.0,32.0,Mar 2025,3.0,sharescart,sharescart,ipowatch,sharescart,VGINFOTECH.NS,,isin_authoritative,ISIN→symbol from official NSE list,match,,Virtual Galaxy Infotech Ltd.,Virtual Galaxy Infotech Limited,match
INE0MV001018,Manoj Jewellers Ltd.,SME,,544400.0,2025-05-05,2025-05-07,2025-05-12,54.0,16.2,Fixed Price,BSE SME,Jawa Capital,2025,Shreni Shares Ltd.,chittorgarh,15.0,chittorgarh,1.0,chittorgarh,6.2,chittorgarh,,,53.95,chittorgarh,53.95,chittorgarh,51.26,chittorgarh,53.77,chittorgarh,Repayment/ prepayment of certain borrowings availed by the Company | General Corporate Purpose,chittorgarh,16.0,chittorgarh,0.0,1.3,1.0,1.1,0.0,10.29,8.18,18.47,,99.99,,54.0,False,2000.0,108000.0,6.8,5.0,60.0,8.0,14.0,43.0,60.0,2.0,6.0,8.0,1.0,3.0,5.0,1.0,5.4,8.0,7.0,10.0,15.0,5.0,13.0,12.0,13.0,26.0,35.0,5.0,-6.0,-4.0,8.33,33.33,0.8,60.0,5.0,Mar 2025,3.0,sharescart,sharescart,,,,544400.BO,isin_authoritative,ISIN→symbol from official BSE list,match,,Manoj Jewellers Ltd.,Manoj Jewellers Ltd,match
INE0RJ901010,Srigee DLM Ltd.,SME,,544399.0,2025-05-05,2025-05-07,2025-05-12,99.0,16.98,Bookbuilding,BSE SME,GYR Capital,2025,Globalworth Securities Ltd.,chittorgarh,16.0,chittorgarh,1.0,chittorgarh,5.9,chittorgarh,4.8,chittorgarh,188.1,chittorgarh,197.5,chittorgarh,188.1,chittorgarh,197.5,chittorgarh,"To meet out the Capital Expenditure: i.To set up a manufacturing facility at Plot No. 15, Ecotech – X, Industrial Area, Greater Noida, Gautam Budh Nagar, Uttar Pradesh | ii. Acquisition of machineries to be installed at proposed manufacturing facility as mentioned in point i. above | General Corporate Purposes",chittorgarh,17.0,chittorgarh,136.5,1534.7,243.7,490.9,1158.82,3907.98,1448.07,8334.28,8.08,63.44,,94.0,True,1200.0,118800.0,8.4,5.0,71.0,11.8,47.0,54.0,71.0,5.0,5.0,7.0,3.0,3.0,5.0,6.9,6.9,11.8,11.0,14.0,19.0,1.0,0.0,2.0,20.0,25.0,33.0,2.0,1.0,1.0,7.04,26.32,0.11,71.0,5.0,Mar 2025,3.0,sharescart,sharescart,ipowatch,,,544399.BO,isin_authoritative,ISIN→symbol from official BSE list,match,,Srigee DLM Ltd.,Srigee Dlm Ltd,match
INE0AOG01018,Kenrik Industries Ltd.,SME,,544398.0,2025-04-29,2025-05-06,2025-05-09,25.0,8.75,Fixed Price,BSE SME,Turnaround Corporate,2025,MNM Stock Broking Pvt.Ltd.,chittorgarh,8.0,chittorgarh,1.0,chittorgarh,11.1,chittorgarh,,,25.01,chittorgarh,26.26,chittorgarh,25.01,chittorgarh,26.26,chittorgarh,To meet Working Capital Requirements | General Corporate Expenses,chittorgarh,9.0,chittorgarh,0.0,0.2,3.8,2.0,0.0,0.87,16.57,17.49,,94.26,70.69,25.0,False,6000.0,150000.0,22.7,1.0,75.0,1.1,52.0,71.0,75.0,1.0,1.0,2.0,0.0,1.0,1.0,0.5,1.2,1.1,12.0,13.0,14.0,0.0,0.0,0.0,16.0,16.0,18.0,0.0,2.0,-3.0,1.33,7.14,0.0,75.0,1.0,Mar 2025,3.0,sharescart,sharescart,,sharescart,,544398.BO,isin_authoritative,ISIN→symbol from official BSE list,match,,Kenrik Industries Ltd.,Kenrik Industries Ltd,match
INE0TTG01017,Arunaya Organics Ltd.,SME,ARUNAYA,,2025-04-29,2025-05-02,2025-05-07,58.0,33.99,Bookbuilding,NSE SME,Unistone Capital,2025,R.K.Stock Holding Pvt.Ltd.,chittorgarh,29.0,chittorgarh,3.0,chittorgarh,8.8,chittorgarh,,,30.1,chittorgarh,31.6,chittorgarh,29.05,chittorgarh,31.6,chittorgarh,"Setting up of a new manufacturing facility located at D-3/26/3, Dahej III, Industrial Estate, Dahej-392 130, Vagra, Bharuch, Gujarat (“Proposed Greenfield Project”); | Funding working capital requirements of the company | General corporate purposes",chittorgarh,34.0,chittorgarh,1.0,1.5,4.3,2.5,6.87,20.26,58.87,85.99,13.79,91.72,,55.0,True,2000.0,116000.0,16.6,4.0,83.0,3.5,76.0,62.0,83.0,4.0,8.0,7.0,2.0,4.0,4.0,1.5,4.0,3.4,7.0,11.0,17.0,3.0,4.0,6.0,38.0,45.0,61.0,-4.0,2.0,1.0,4.82,23.53,0.35,83.0,4.0,Mar 2025,3.0,sharescart,sharescart,ipowatch,,ARUNAYA.NS,,isin_authoritative,ISIN→symbol from official NSE list,match,,Arunaya Organics Ltd.,Arunaya Organics Limited,match
INE1AII01014,Iware Supplychain Services Ltd.,SME,IWARE,,2025-04-28,2025-04-30,2025-05-06,95.0,27.13,Fixed Price,NSE SME,GetFive Advisors,2025,SMC Global Securities Ltd.,chittorgarh,26.0,chittorgarh,1.0,chittorgarh,3.7,chittorgarh,,,85.05,chittorgarh,89.25,chittorgarh,80.8,chittorgarh,80.9,chittorgarh,Capital expenditure requirement for the construction of new industrial shed | Funding Working capital requirements | General Corporate Purpose,chittorgarh,27.0,chittorgarh,0.0,2.7,3.3,3.0,0.0,35.95,44.5,80.31,2.11,100.0,73.35,95.0,False,1200.0,114000.0,9.3,8.0,86.0,10.2,44.0,59.0,86.0,6.0,11.0,17.0,0.0,4.0,8.0,0.5,5.3,10.2,4.0,8.0,16.0,20.0,14.0,19.0,39.0,47.0,56.0,2.0,10.0,6.0,9.3,50.0,1.19,86.0,8.0,Mar 2025,3.0,sharescart,sharescart,investorgain,sharescart,IWARE.NS,,isin_authoritative,ISIN→symbol from official NSE list,match,,Iware Supplychain Services Ltd.,Iware Supplychain Services Limited,match
INE0Z7N01017,Tankup Engineers Ltd.,SME,TANKUP,,2025-04-23,2025-04-25,2025-04-30,140.0,19.53,Bookbuilding,NSE SME,Hem Securities,2025,Hem Finlease Pvt.Ltd.,chittorgarh,19.0,chittorgarh,1.0,chittorgarh,5.0,chittorgarh,5.39,chittorgarh,175.0,chittorgarh,183.75,chittorgarh,175.0,chittorgarh,183.75,chittorgarh,"Repayment in full or in part, of certain of the outstanding borrowings; | Funding to meet working capital requirements | General Corporate Purpose",chittorgarh,20.0,chittorgarh,43.7,437.6,46.5,124.7,426.24,1282.01,317.92,2434.81,2.86,100.0,73.65,133.0,True,1000.0,140000.0,31.8,2.0,20.0,4.4,12.0,19.0,20.0,1.0,4.0,3.0,1.0,2.0,2.0,2.9,9.0,3.9,1.0,4.0,7.0,1.0,1.0,0.0,9.0,10.0,22.0,-1.0,-1.0,-6.0,10.0,28.57,0.0,20.0,2.0,Mar 2025,3.0,sharescart,sharescart,ipowatch,sharescart,TANKUP.NS,,isin_authoritative,ISIN→symbol from official NSE list,match,,Tankup Engineers Ltd.,Tankup Engineers Limited,match
INE10XX01012,Spinaroo Commercial Ltd.,SME,,544392.0,2025-03-28,2025-04-03,2025-04-08,51.0,10.17,Fixed Price,BSE SME,Finshore Management,2025,Black Fox Financial Pvt.Ltd.,chittorgarh,10.0,chittorgarh,0.0,chittorgarh,0.0,chittorgarh,,,52.85,chittorgarh,55.0,chittorgarh,52.6,chittorgarh,54.44,chittorgarh,Working Capital Requirements | General Corporate Expenses,chittorgarh,10.0,chittorgarh,0.0,1.8,1.2,1.5,0.0,9.36,6.1,15.46,,66.67,47.66,51.0,False,2000.0,102000.0,63.8,1.0,39.0,0.8,41.0,39.0,39.0,3.0,3.0,1.0,1.0,1.0,1.0,2.8,2.9,0.8,6.0,7.0,17.0,1.0,1.0,0.0,19.0,21.0,28.0,1.0,1.0,-6.0,2.56,14.29,0.14,39.0,1.0,Mar 2025,2.0,sharescart,sharescart,,sharescart,,544392.BO,isin_authoritative,ISIN→symbol from official BSE list,match,,Spinaroo Commercial Ltd.,Spinaroo Commercial Ltd,match
INE12IB01015,Infonative Solutions Ltd.,SME,,544393.0,2025-03-28,2025-04-03,2025-04-08,79.0,24.71,Bookbuilding,BSE SME,Share India Capital,2025,Share India Securities Ltd.,chittorgarh,23.0,chittorgarh,2.0,chittorgarh,8.0,chittorgarh,,,63.2,chittorgarh,63.2,chittorgarh,60.04,chittorgarh,60.04,chittorgarh,"To meet the expenses for development of new products, courses and new features in LMS and purchase of laptop | To meet the working capital requirements | General corporate purposes and Unidentified Acquisitions",chittorgarh,25.0,chittorgarh,18.6,2.2,4.3,4.5,229.44,7.97,36.76,111.94,18.99,63.31,47.37,75.0,True,1600.0,126400.0,11.6,6.0,22.0,6.8,21.0,18.0,22.0,2.0,3.0,9.0,1.0,1.0,6.0,1.2,1.7,6.8,9.0,10.0,16.0,0.0,1.0,1.0,13.0,14.0,24.0,0.0,0.0,5.0,27.27,37.5,0.06,22.0,6.0,Mar 2025,3.0,sharescart,sharescart,ipowatch,sharescart,,544393.BO,isin_authoritative,ISIN→symbol from official BSE list,match,,Infonative Solutions Ltd.,Infonative Solutions Ltd,match
INE0KWJ01014,Retaggio Industries Ltd.,SME,,544391.0,2025-03-27,2025-04-02,2025-04-07,25.0,15.5,Fixed Price,BSE SME,Gretex Corporate,2025,Gretex Share Broking Pvt.Ltd.,chittorgarh,14.0,chittorgarh,1.0,chittorgarh,6.7,chittorgarh,,,25.1,chittorgarh,25.5,chittorgarh,23.85,chittorgarh,25.2,chittorgarh,Repayment/Prepayment of Certain Debt Facilities | Working Capital Requirements | Total,chittorgarh,15.0,chittorgarh,0.0,1.2,2.6,1.9,0.0,8.99,19.91,28.82,,99.99,60.18,25.0,False,6000.0,150000.0,9.6,2.0,23.0,2.6,23.0,23.0,23.0,4.0,5.0,4.0,3.0,3.0,2.0,3.3,3.6,2.6,15.0,19.0,21.0,3.0,1.0,3.0,27.0,33.0,39.0,-22.0,7.0,1.0,8.7,9.52,0.14,23.0,2.0,Mar 2025,3.0,sharescart,sharescart,,sharescart,,544391.BO,isin_authoritative,ISIN→symbol from official BSE list,match,,Retaggio Industries Ltd.,Retaggio Industries Ltd,match
INE0PA401012,Identixweb Ltd.,SME,,544388.0,2025-03-26,2025-03-28,2025-04-03,54.0,16.63,Bookbuilding,BSE SME,Beeline Capital,2025,Spread X Securities Pvt.Ltd.,chittorgarh,16.0,chittorgarh,1.0,chittorgarh,5.9,chittorgarh,4.73,chittorgarh,55.0,chittorgarh,57.75,chittorgarh,55.0,chittorgarh,57.75,chittorgarh,Investment in marketing to support organization’s growth plans in India or Outside India | Investment into market research and product development through Talent Hiring for the issuer company | Investment in the Subsidiary for Product Development through Talent Hiring | General Corporate Purposes,chittorgarh,17.0,chittorgarh,11.2,73.5,14.4,26.2,93.06,183.27,83.71,434.93,14.81,89.34,,51.0,True,2000.0,108000.0,12.0,3.0,9.0,4.5,6.0,6.0,9.0,2.0,4.0,6.0,1.0,3.0,3.0,2.0,3.6,5.1,5.0,10.0,19.0,0.0,0.0,0.0,6.0,12.0,22.0,2.0,3.0,3.0,33.33,15.79,0.0,9.0,3.0,Mar 2025,3.0,sharescart,sharescart,ipowatch,,,544388.BO,isin_authoritative,ISIN→symbol from official BSE list,match,,Identixweb Ltd.,Identixweb Ltd,match
INE0DM401012,Shri Ahimsa Naturals Ltd.,SME,SHRIAHIMSA,,2025-03-25,2025-03-27,2025-04-02,119.0,73.81,Bookbuilding,NSE SME,Srujan Alpha Capital,2025,Choice Equity Broking Pvt.Ltd.,chittorgarh,46.0,chittorgarh,24.0,chittorgarh,32.4,chittorgarh,20.88,chittorgarh,140.0,chittorgarh,147.0,chittorgarh,140.0,chittorgarh,147.0,chittorgarh,"Investment in our Wholly-Owned Subsidiary, Shri Ahimsa Healthcare Private Limited (SAHPL) for setting up a manufacturing unit at Sawarda, Jaipur, Rajasthan | General Corporate Purposes",chittorgarh,74.0,chittorgarh,21.2,182.8,35.0,62.7,783.53,2024.18,904.21,4628.83,8.4,77.6,60.0,113.0,True,1200.0,142800.0,10.3,22.0,96.0,11.6,104.0,78.0,96.0,52.0,27.0,32.0,38.0,19.0,22.0,20.9,10.2,9.4,65.0,84.0,155.0,1.0,0.0,0.0,74.0,103.0,193.0,20.0,6.0,44.0,22.92,14.19,0.0,96.0,22.0,Mar 2025,3.0,sharescart,sharescart,ipowatch,sharescart,SHRIAHIMSA.NS,,isin_authoritative,ISIN→symbol from official NSE list,match,,Shri Ahimsa Naturals Ltd.,Shri Ahimsa Naturals Limited,match
INE0V0Q01019,ATC Energies System Ltd.,SME,ATCENERGY,,2025-03-25,2025-03-27,2025-04-02,118.0,63.76,Bookbuilding,NSE SME,Indorient Financial,2025,Alacrity Securities Ltd.,chittorgarh,48.0,chittorgarh,13.0,chittorgarh,20.3,chittorgarh,10.89,chittorgarh,107.0,chittorgarh,107.0,chittorgarh,101.65,chittorgarh,101.65,chittorgarh,"Repayment and/or pre-payment, in full, the borrowing availed by the Company with respect to purchase of the Noida factory | Funding the capital expenditure requirements towards refurbishment, civil and upgradation works at the Noida factory | Funding the capital expenditure requirement towards IT upgradation at the Noida factory and Vasai factory and the registered office | Funding working capital requirements of the Company | General Corporate Purposes",chittorgarh,64.0,chittorgarh,1.4,1.4,2.5,1.6,44.0,13.2,55.57,102.66,3.39,100.0,48.33,112.0,True,1200.0,141600.0,16.6,11.0,51.0,7.1,33.0,51.0,51.0,12.0,15.0,17.0,8.0,10.0,11.0,4.8,6.5,5.6,22.0,33.0,89.0,6.0,6.0,19.0,41.0,50.0,148.0,3.0,3.0,13.0,21.57,12.36,0.21,51.0,11.0,Mar 2025,3.0,sharescart,sharescart,investorgain,sharescart,ATCENERGY.NS,,isin_authoritative,ISIN→symbol from official NSE list,match,,ATC Energies System Ltd.,ATC Energies System Limited,match
INE0TGG01014,Desco Infratech Ltd.,SME,,544387.0,2025-03-24,2025-03-26,2025-04-01,150.0,30.75,Bookbuilding,BSE SME,Smart Horizon Capital,2025,Rikhav Securities Ltd.,chittorgarh,29.0,chittorgarh,2.0,chittorgarh,6.5,chittorgarh,8.66,chittorgarh,160.0,chittorgarh,168.0,chittorgarh,160.0,chittorgarh,168.0,chittorgarh,"Funding of capital expenditure requirements towards setting up of corporate office in Surat, Gujarat. | Funding of capital expenditure requirements towards purchase of machineries. | Funding Working Capital Requirements of the Company. | General Corporate Purposes.",chittorgarh,31.0,chittorgarh,28.8,233.3,50.6,83.8,442.19,1075.91,544.8,2575.31,5.33,79.29,58.12,147.0,True,1000.0,150000.0,9.3,9.0,59.0,16.1,29.0,29.0,59.0,2.0,6.0,14.0,1.0,3.0,9.0,2.7,6.9,11.8,5.0,12.0,59.0,3.0,2.0,4.0,21.0,24.0,82.0,-2.0,-0.0,-12.0,15.25,15.25,0.07,59.0,9.0,Mar 2025,3.0,sharescart,sharescart,ipowatch,sharescart,,544387.BO,isin_authoritative,ISIN→symbol from official BSE list,match,,Desco Infratech Ltd.,Desco Infratech Ltd,match
INE0QX901013,Rapid Fleet Management Services Ltd.,SME,RAPIDFLEET,,2025-03-21,2025-03-25,2025-03-28,192.0,43.87,Bookbuilding,NSE SME,Gretex Corporate,2025,MLB Stock Broking Pvt.Ltd.,chittorgarh,36.0,chittorgarh,8.0,chittorgarh,18.2,chittorgarh,10.73,chittorgarh,195.0,chittorgarh,203.75,chittorgarh,195.0,chittorgarh,200.9,chittorgarh,Purchase of Vehicles (Goods carriages) | Working Capital Requirements | General Corporate Purposes | Total,chittorgarh,44.0,chittorgarh,1.1,4.4,0.8,1.7,23.47,28.82,12.44,72.38,,97.5,67.54,183.0,True,600.0,115200.0,9.6,10.0,172.0,20.0,106.0,116.0,172.0,13.0,18.0,24.0,5.0,8.0,10.0,9.4,16.1,13.8,12.0,20.0,69.0,9.0,8.0,12.0,72.0,71.0,119.0,7.0,6.0,1.0,6.9,40.0,0.4,116.0,8.0,Mar 2024,2.0,sharescart,sharescart,,sharescart,RAPIDFLEET.NS,,isin_authoritative,ISIN→symbol from official NSE list,match,,Rapid Fleet Management Services Ltd.,Rapid Fleet Management Services Limited,match
INE0KLO01025,Active Infrastructures Ltd.,SME,ACTIVEINFR,,2025-03-21,2025-03-25,2025-03-28,181.0,77.83,Bookbuilding,NSE SME,Kreo Capital,2025,Badjate Stock & Shares Pvt.Ltd.,chittorgarh,74.0,chittorgarh,4.0,chittorgarh,5.1,chittorgarh,4.43,chittorgarh,181.0,chittorgarh,181.4,chittorgarh,171.95,chittorgarh,175.6,chittorgarh,Funding Working Capital Requirements of the Company. | Repayment/ Prepayment of Certain Borrowings availed by the Company and Margin Money for obtaining Bank Guarantee. | Capital expenditure towards purchase of construction equipments | General Corporate Purpose,chittorgarh,78.0,chittorgarh,1.0,1.7,0.6,1.1,38.92,19.38,15.53,81.73,0.55,99.99,71.36,178.0,True,600.0,108600.0,20.6,13.0,90.0,8.8,89.0,97.0,90.0,13.0,18.0,24.0,10.0,9.0,13.0,9.2,7.0,6.3,18.0,27.0,112.0,5.0,8.0,4.0,101.0,110.0,197.0,18.0,32.0,5.0,9.28,33.33,0.3,97.0,9.0,Mar 2024,2.0,sharescart,sharescart,investorgain,sharescart,ACTIVEINFR.NS,,isin_authoritative,ISIN→symbol from official NSE list,match,,Active Infrastructures Ltd.,Active Infrastructures Limited,match
INE12E301017,Grand Continent Hotels Ltd.,SME,GCHOTELS,,2025-03-20,2025-03-24,2025-03-27,113.0,74.46,Bookbuilding,NSE SME,Indorient Financial,2025,Alacrity Securities Ltd.,chittorgarh,67.0,chittorgarh,4.0,chittorgarh,5.4,chittorgarh,21.17,chittorgarh,112.9,chittorgarh,112.9,chittorgarh,107.25,chittorgarh,107.25,chittorgarh,"Repayment and/or prepayment, in full or in part, of certain outstanding borrowings availed by the Company | Expansion of the Hotel properties in India | General Corporate Purpose",chittorgarh,74.0,chittorgarh,2.9,1.4,1.3,1.8,109.08,15.52,34.4,133.28,0.88,75.02,,107.0,True,1200.0,135600.0,19.8,11.0,73.0,5.7,17.0,31.0,73.0,7.0,10.0,20.0,1.0,4.0,11.0,2.3,2.3,4.3,1.0,30.0,107.0,33.0,29.0,9.0,42.0,74.0,139.0,8.0,-1.0,6.0,12.9,13.33,0.97,31.0,4.0,Mar 2024,2.0,sharescart,sharescart,investorgain,,GCHOTELS.NS,,isin_authoritative,ISIN→symbol from official NSE list,match,,Grand Continent Hotels Ltd.,Grand Continent Hotels Limited,match
INE0SMW01011,Paradeep Parivahan Ltd.,SME,,544383.0,2025-03-17,2025-03-19,2025-03-24,98.0,44.86,Bookbuilding,BSE SME,Share India Capital,2025,Share India Securities Ltd.,chittorgarh,39.0,chittorgarh,6.0,chittorgarh,13.3,chittorgarh,11.69,chittorgarh,78.4,chittorgarh,82.32,chittorgarh,74.48,chittorgarh,82.32,chittorgarh,To Meet Working Capital Requirements. | General corporate purposes.,chittorgarh,45.0,chittorgarh,1.3,2.7,1.7,1.8,29.83,17.83,26.07,79.86,,100.0,51.87,93.0,True,1200.0,117600.0,4.6,24.0,336.0,21.2,202.0,211.0,336.0,26.0,36.0,44.0,7.0,15.0,24.0,62.4,12.9,15.2,35.0,58.0,127.0,19.0,26.0,36.0,111.0,132.0,238.0,18.0,7.0,4.0,7.11,25.86,0.45,211.0,15.0,Mar 2024,2.0,sharescart,sharescart,,sharescart,,544383.BO,isin_authoritative,ISIN→symbol from official BSE list,match,,Paradeep Parivahan Ltd.,Paradeep Parivahan Ltd,match
INE0NA501011,Divine Hira Jewellers Ltd.,SME,DIVINEHIRA,,2025-03-17,2025-03-19,2025-03-24,90.0,31.84,Fixed Price,NSE SME,Horizon Management,2025,Giriraj Stock Broking Pvt.Ltd.,chittorgarh,30.0,chittorgarh,2.0,chittorgarh,6.2,chittorgarh,,,90.0,chittorgarh,90.0,chittorgarh,85.5,chittorgarh,85.5,chittorgarh,Prepayment or repayment of all or a portion of certain loans availed by the company | Funding of working capital requirements of the Company | General corporate purposes,chittorgarh,32.0,chittorgarh,0.0,1.2,6.6,3.9,0.0,19.1,105.39,125.12,33.33,99.74,72.7,90.0,False,1600.0,144000.0,15.5,6.0,359.0,5.8,125.0,183.0,359.0,2.0,3.0,9.0,1.0,1.0,6.0,0.8,1.6,4.3,8.0,10.0,43.0,0.0,0.0,0.0,23.0,29.0,65.0,-1.0,-1.0,1.0,0.55,10.0,0.0,183.0,1.0,Mar 2024,2.0,sharescart,sharescart,ipowatch,sharescart,DIVINEHIRA.NS,,isin_authoritative,ISIN→symbol from official NSE list,match,,Divine Hira Jewellers Ltd.,Divine Hira Jewellers Limited,match
INE16IQ01014,Super Iron Foundry Ltd.,SME,,544381.0,2025-03-11,2025-03-13,2025-03-19,108.0,68.05,Fixed Price,BSE SME,Horizon Management,2025,Giriraj Stock Broking Pvt.Ltd.,chittorgarh,65.0,chittorgarh,3.0,chittorgarh,4.4,chittorgarh,,,107.95,chittorgarh,107.95,chittorgarh,102.6,chittorgarh,102.6,chittorgarh,"Funding of working capital requirements of the company | Repayment/pre-payment, in full or in part, of certain borrowings availed by the Company | General corporate purposes",chittorgarh,68.0,chittorgarh,0.0,1.3,1.8,1.6,0.0,45.6,60.91,106.16,13.89,96.53,70.53,108.0,False,1200.0,129600.0,23.5,11.0,159.0,4.6,125.0,155.0,159.0,12.0,18.0,28.0,1.0,4.0,11.0,0.8,2.4,4.6,53.0,57.0,173.0,30.0,30.0,14.0,209.0,233.0,310.0,12.0,12.0,6.0,2.58,7.02,0.53,155.0,4.0,Mar 2024,2.0,sharescart,sharescart,ipowatch,sharescart,,544381.BO,isin_authoritative,ISIN→symbol from official BSE list,match,,Super Iron Foundry Ltd.,Super Iron Foundry Ltd,match
INE0ABU01016,PDP Shipping & Projects Ltd.,SME,,544378.0,2025-03-10,2025-03-12,2025-03-18,135.0,12.65,Fixed Price,BSE SME,Sun Capital,2025,Rikhav Securities Ltd.,chittorgarh,12.0,chittorgarh,1.0,chittorgarh,7.7,chittorgarh,,,108.25,chittorgarh,108.25,chittorgarh,102.85,chittorgarh,102.85,chittorgarh,Part funding long-term working capital requirements | General corporate purposes,chittorgarh,13.0,chittorgarh,0.0,0.1,1.9,1.0,0.0,0.89,11.89,12.78,,67.21,50.37,135.0,False,1000.0,135000.0,13.2,2.0,22.0,10.2,22.0,21.0,22.0,2.0,3.0,3.0,2.0,2.0,2.0,8.2,11.4,7.1,4.0,6.0,19.0,0.0,0.0,3.0,7.0,8.0,25.0,1.0,2.0,0.0,9.52,33.33,0.0,21.0,2.0,Mar 2024,2.0,sharescart,sharescart,,sharescart,,544378.BO,isin_authoritative,ISIN→symbol from official BSE list,match,,PDP Shipping & Projects Ltd.,PDP Shipping & Projects Ltd,match
INE0VNH01014,NAPS Global India Ltd.,SME,,544373.0,2025-03-04,2025-03-06,2025-03-11,90.0,11.88,Fixed Price,BSE SME,Aryaman Financial,2025,Aryaman Capital Markets Ltd.,chittorgarh,11.0,chittorgarh,1.0,chittorgarh,8.3,chittorgarh,,,108.0,chittorgarh,108.0,chittorgarh,102.6,chittorgarh,102.6,chittorgarh,Funding Working Capital Requirement | General Corporate Purpose,chittorgarh,12.0,chittorgarh,0.0,0.8,1.6,1.2,0.0,4.63,9.5,14.14,,100.0,70.2,90.0,False,1600.0,144000.0,14.8,2.0,71.0,6.1,26.0,47.0,71.0,1.0,2.0,3.0,0.0,1.0,2.0,1.5,4.7,4.4,1.0,4.0,17.0,0.0,0.0,0.0,6.0,12.0,26.0,0.0,-0.0,-9.0,2.13,25.0,0.0,47.0,1.0,Mar 2024,2.0,sharescart,sharescart,,sharescart,,544373.BO,isin_authoritative,ISIN→symbol from official BSE list,match,,NAPS Global India Ltd.,NAPS Global India Ltd,match
INE0PQ601019,Balaji Phosphates Ltd.,SME,BALAJIPHOS,,2025-02-28,2025-03-04,2025-03-07,70.0,50.11,Bookbuilding,NSE SME,Arihant Capital,2025,NNM Securities Pvt.Ltd.,chittorgarh,39.0,chittorgarh,9.0,chittorgarh,18.0,chittorgarh,4.0,chittorgarh,75.0,chittorgarh,78.0,chittorgarh,73.5,chittorgarh,74.35,chittorgarh,To meet Capital expenditure towards establishing a warehouse at our subsidiaries factory premise & upgradation of existing facilities | To meet the working Capital requirements | General Corporate Purposes,chittorgarh,50.0,chittorgarh,1.3,1.3,1.1,1.2,18.94,26.86,16.38,60.63,,100.0,69.9,66.0,True,2000.0,140000.0,16.3,8.0,127.0,4.3,145.0,152.0,127.0,12.0,12.0,15.0,6.0,6.0,8.0,3.4,3.4,3.3,29.0,35.0,80.0,8.0,7.0,5.0,97.0,89.0,127.0,-4.0,3.0,-36.0,3.95,17.14,0.2,152.0,6.0,Mar 2024,2.0,sharescart,sharescart,,sharescart,BALAJIPHOS.NS,,isin_authoritative,ISIN→symbol from official NSE list,match,,Balaji Phosphates Ltd.,Balaji Phosphates Limited,match
INE0RXS01018,Shreenath Paper Products Ltd.,SME,,544372.0,2025-02-25,2025-02-28,2025-03-05,44.0,23.36,Fixed Price,BSE SME,Galactico Corporate,2025,Pure Broking Pvt.Ltd.,chittorgarh,22.0,chittorgarh,1.0,chittorgarh,4.3,chittorgarh,,,35.2,chittorgarh,35.2,chittorgarh,33.44,chittorgarh,33.44,chittorgarh,Meeting incremental working capital requirements | General Corporate Purpose,chittorgarh,23.0,chittorgarh,0.0,0.5,3.2,1.9,0.0,6.07,37.15,43.22,,99.5,60.77,44.0,False,3000.0,132000.0,22.0,3.0,103.0,2.0,204.0,186.0,103.0,9.0,10.0,7.0,4.0,4.0,3.0,3.3,3.1,1.5,11.0,19.0,45.0,6.0,3.0,3.0,51.0,60.0,83.0,-3.0,-2.0,-7.0,2.15,21.05,0.16,186.0,4.0,Mar 2024,2.0,sharescart,sharescart,,sharescart,,544372.BO,isin_authoritative,ISIN→symbol from official BSE list,match,,Shreenath Paper Products Ltd.,Shreenath Paper Products Ltd,match
INE0VYX01018,Nukleus Office Solutions Ltd.,SME,,544370.0,2025-02-24,2025-02-27,2025-03-04,234.0,31.7,Fixed Price,BSE SME,Sundae Capital,2025,Nikunj Stock Brokers Ltd.,chittorgarh,24.0,chittorgarh,8.0,chittorgarh,25.0,chittorgarh,,,187.2,chittorgarh,196.55,chittorgarh,177.9,chittorgarh,196.55,chittorgarh,"Capital expenditure and security deposit towards establishment of new centres | Building up technology platform, integration of all centres, online client interaction and mobile application | Advertisement expenses towards enhancing the visibility of the brand | General Corporate Purposes | Total",chittorgarh,32.0,chittorgarh,0.0,0.3,1.0,0.7,0.0,4.6,15.06,21.24,,100.0,64.44,234.0,False,600.0,140400.0,31.2,2.0,29.0,7.5,11.0,17.0,29.0,1.0,3.0,7.0,1.0,1.0,2.0,12.9,4.8,5.1,1.0,4.0,39.0,0.0,0.0,10.0,7.0,19.0,59.0,1.0,10.0,-7.0,5.88,25.0,0.0,17.0,1.0,Mar 2024,2.0,sharescart,sharescart,,sharescart,,544370.BO,isin_authoritative,ISIN→symbol from official BSE list,match,,Nukleus Office Solutions Ltd.,Nukleus Office Solutions Ltd,match
INE13VU01016,Beezaasan Explotech Ltd.,SME,,544369.0,2025-02-21,2025-02-25,2025-03-03,175.0,59.93,Bookbuilding,BSE SME,Smart Horizon Capital,2025,Rikhav Securities Ltd.,chittorgarh,57.0,chittorgarh,3.0,chittorgarh,5.0,chittorgarh,16.94,chittorgarh,146.0,chittorgarh,153.3,chittorgarh,146.0,chittorgarh,153.3,chittorgarh,"Funding the Capital expenditure towards civil construction required for Expansion of existing manufacturing unit for Emulsion Explosive-3 Plant, Emulsion Bulk Explosive Plant and Detonating Fuse Plant at the existing Manufacturing facility situated at Bhanthala, Mahisagar, Gujarat | Funding of Capital expenditure towards purchase of Plant and Machineries for Expansion of existing manufacturing unit for Emulsion Explosive-3 Plant, Emulsion Bulk Explosive Plant and Detonating Fuse Plant at the existing Manufacturing facility situated at Bhanthala, Mahisagar, Gujarat | Funding of Capital expenditure towards civil construction required for Expansion of additional magazine (Storage) facility required for Emulsion Cartridge Explosives and Detonating Fuse at the existing location situated at Felsani, Gujarat | Purchase of Commercial Vehicle | Repayment/prepayment of all or certain of our borrowings availed of by our Company | General Corporate Purpose",chittorgarh,60.0,chittorgarh,11.5,4.7,2.3,5.4,345.22,41.8,47.41,325.44,2.86,100.0,66.96,165.0,True,800.0,140000.0,13.1,14.0,215.0,13.4,228.0,188.0,215.0,9.0,12.0,25.0,3.0,5.0,14.0,4.0,5.4,10.2,14.0,24.0,97.0,13.0,13.0,13.0,62.0,71.0,131.0,2.0,7.0,5.0,2.66,20.83,0.54,188.0,5.0,Mar 2024,2.0,sharescart,sharescart,ipowatch,sharescart,,544369.BO,isin_authoritative,ISIN→symbol from official BSE list,match,,Beezaasan Explotech Ltd.,Beezaasan Explotech Ltd,match
INE0VA601019,HP Telecom India Ltd.,SME,HPTL,,2025-02-20,2025-02-24,2025-02-28,108.0,34.23,Fixed Price,NSE SME,Interactive Financial,2025,Aftertrade Broking Pvt.Ltd.,chittorgarh,33.0,chittorgarh,1.0,chittorgarh,2.9,chittorgarh,,,115.05,chittorgarh,118.0,chittorgarh,111.05,chittorgarh,115.05,chittorgarh,Funding the Working Capital requirement | General corporate purposes,chittorgarh,34.0,chittorgarh,0.0,2.0,1.9,1.9,0.0,33.71,31.66,65.37,,99.99,73.4,108.0,False,1200.0,129600.0,7.8,13.0,1596.0,13.9,638.0,1079.0,1596.0,13.0,20.0,28.0,6.0,9.0,13.0,7.3,9.8,10.6,21.0,29.0,75.0,0.0,0.0,0.0,94.0,274.0,271.0,7.0,-26.0,-48.0,0.83,31.03,0.0,1079.0,9.0,Mar 2024,2.0,sharescart,sharescart,,sharescart,HPTL.NS,,isin_authoritative,ISIN→symbol from official NSE list,match,,HP Telecom India Ltd.,HP Telecom India Limited,match
INE0TIR01017,Swasth Foodtech India Ltd.,SME,,544368.0,2025-02-20,2025-02-24,2025-02-28,94.0,14.92,Fixed Price,BSE SME,Horizon Management,2025,Giriraj Stock Broking Pvt.Ltd.,chittorgarh,14.0,chittorgarh,1.0,chittorgarh,6.7,chittorgarh,,,94.0,chittorgarh,94.0,chittorgarh,89.3,chittorgarh,89.3,chittorgarh,Setting up of a packing line at our existing manufacturing unit | Funding of working capital requirements of the Company | General corporate purposes,chittorgarh,15.0,chittorgarh,0.0,2.5,13.1,7.8,0.0,18.88,97.9,116.85,26.6,100.0,72.9,94.0,False,1200.0,112800.0,17.1,2.0,169.0,5.5,100.0,133.0,169.0,2.0,5.0,6.0,0.0,2.0,2.0,0.1,4.5,4.1,3.0,6.0,22.0,5.0,4.0,3.0,31.0,32.0,53.0,-12.0,0.0,-4.0,1.5,33.33,0.67,133.0,2.0,Mar 2024,2.0,sharescart,sharescart,ipowatch,sharescart,,544368.BO,isin_authoritative,ISIN→symbol from official BSE list,match,,Swasth Foodtech India Ltd.,Swasth Foodtech India Ltd,match
INE0EO401019,Royal Arc Electrodes Ltd.,SME,ROYALARC,,2025-02-14,2025-02-18,2025-02-24,120.0,36.0,Bookbuilding,NSE SME,Fedex Securities,2025,Shreni Shares Ltd.,chittorgarh,20.0,chittorgarh,14.0,chittorgarh,38.9,chittorgarh,10.08,chittorgarh,120.0,chittorgarh,122.5,chittorgarh,120.0,chittorgarh,121.3,chittorgarh,"Funding towards the expansion of the existing manufacturing facility situated at Village Zaroli, Umbergaon Valsad, Gujarat, Bharat | Funding of working capital requirements of the Company | General Corporate Purposes",chittorgarh,36.0,chittorgarh,1.0,0.9,2.2,1.6,18.72,4.97,27.72,57.6,,,,114.0,True,1200.0,144000.0,12.6,9.0,102.0,9.5,97.0,100.0,102.0,16.0,18.0,16.0,10.0,12.0,9.0,10.3,13.0,8.1,30.0,42.0,72.0,0.0,0.0,0.0,44.0,52.0,81.0,13.0,6.0,4.0,12.0,28.57,0.0,100.0,12.0,Mar 2024,2.0,sharescart,sharescart,,,ROYALARC.NS,,isin_authoritative,ISIN→symbol from official NSE list,match,,Royal Arc Electrodes Ltd.,Royal Arc Electrodes Limited,match
INE17WC01013,Tejas Cargo India Ltd.,SME,TEJASCARGO,,2025-02-14,2025-02-18,2025-02-24,168.0,105.84,Bookbuilding,NSE SME,New Berry Capitals,2025,New Berry Capitals Pvt.Ltd.,chittorgarh,101.0,chittorgarh,5.0,chittorgarh,4.7,chittorgarh,29.82,chittorgarh,175.0,chittorgarh,175.0,chittorgarh,168.0,chittorgarh,168.0,chittorgarh,"Purchase of additional trailers for the Company | To meet working capital requirements | Repayment and/or pre-payment, in full or part, of certain borrowings availed by the Company | General Corporate Purposes",chittorgarh,106.0,chittorgarh,1.3,1.1,1.1,1.2,70.38,16.99,40.38,121.72,,100.0,,160.0,True,800.0,134400.0,16.0,19.0,501.0,10.5,,419.0,501.0,,69.0,104.0,,13.0,19.0,,7.5,8.0,,55.0,173.0,,80.0,87.0,,236.0,358.0,,48.0,63.0,3.1,23.64,1.45,419.0,13.0,Mar 2024,1.0,sharescart,sharescart,,,TEJASCARGO.NS,,isin_authoritative,ISIN→symbol from official NSE list,match,,Tejas Cargo India Ltd.,Tejas Cargo India Limited,match
INE0FFF01017,L.K.Mehta Polymers Ltd.,SME,,544366.0,2025-02-13,2025-02-17,2025-02-21,71.0,7.38,Fixed Price,BSE SME,Swastika Investmart,2025,Swastika Investmart Ltd.,chittorgarh,7.0,chittorgarh,0.0,chittorgarh,0.0,chittorgarh,,,71.1,chittorgarh,71.1,chittorgarh,67.54,chittorgarh,68.29,chittorgarh,To Meet Incremental Working Capital Requirement | General Corporate Purpose | To Public Issue Expenses,chittorgarh,7.0,chittorgarh,0.0,42.9,46.3,44.6,0.0,158.31,170.75,329.1,14.08,69.42,57.9,71.0,False,1600.0,113600.0,33.8,1.0,19.0,2.1,17.0,19.0,19.0,1.0,2.0,2.0,-0.0,1.0,1.0,-0.0,2.3,1.6,2.0,3.0,11.0,2.0,2.0,2.0,7.0,11.0,18.0,1.0,-2.0,-2.0,5.26,33.33,0.67,19.0,1.0,Mar 2024,2.0,sharescart,sharescart,ipowatch,sharescart,,544366.BO,isin_authoritative,ISIN→symbol from official BSE list,match,,L.K.Mehta Polymers Ltd.,L.K.Mehta Polymers Ltd,match
INE0TD301017,Shanmuga Hospital Ltd.,SME,,544365.0,2025-02-13,2025-02-17,2025-02-21,54.0,20.62,Fixed Price,BSE SME,Finshore Management,2025,Black Fox Financial Pvt.Ltd.,chittorgarh,20.0,chittorgarh,1.0,chittorgarh,4.8,chittorgarh,,,54.0,chittorgarh,54.0,chittorgarh,51.3,chittorgarh,51.3,chittorgarh,Funding Capital Expenditure towards Purchase of additional Medical Equipment | General Corporate Expenses,chittorgarh,21.0,chittorgarh,0.0,0.6,4.4,2.5,0.0,6.19,45.46,51.75,14.81,65.6,45.16,54.0,False,2000.0,108000.0,13.5,4.0,45.0,4.0,37.0,41.0,45.0,7.0,9.0,8.0,5.0,5.0,4.0,4.9,5.4,3.1,12.0,17.0,40.0,4.0,4.0,4.0,23.0,34.0,53.0,3.0,10.0,-13.0,12.2,29.41,0.24,41.0,5.0,Mar 2024,2.0,sharescart,sharescart,ipowatch,sharescart,,544365.BO,isin_authoritative,ISIN→symbol from official BSE list,match,,Shanmuga Hospital Ltd.,Shanmuga Hospital Ltd,match
INE0XUS01012,P S Raj Steels Ltd.,SME,PSRAJ,,2025-02-12,2025-02-14,2025-02-19,140.0,28.28,Bookbuilding,NSE SME,Khambatta Securities,2025,Nikunj Stock Brokers Ltd.,chittorgarh,27.0,chittorgarh,1.0,chittorgarh,3.6,chittorgarh,7.97,chittorgarh,145.0,chittorgarh,152.25,chittorgarh,145.0,chittorgarh,150.6,chittorgarh,Working Capital Requirements,chittorgarh,28.0,chittorgarh,1.2,21.4,10.0,9.8,17.11,90.74,99.38,277.71,2.14,100.0,,132.0,True,1000.0,140000.0,14.3,7.0,266.0,9.8,225.0,298.0,266.0,7.0,11.0,12.0,4.0,6.0,7.0,6.7,11.5,9.8,25.0,31.0,65.0,2.0,0.0,0.0,74.0,52.0,74.0,1.0,3.0,-9.0,2.01,19.35,0.0,298.0,6.0,Mar 2024,2.0,sharescart,sharescart,investorgain,,PSRAJ.NS,,isin_authoritative,ISIN→symbol from official NSE list,match,,P S Raj Steels Ltd.,P S Raj Steels Limited,match
INE241X01014,Voler Car Ltd.,SME,VOLERCAR,,2025-02-12,2025-02-14,2025-02-19,90.0,27.0,Bookbuilding,NSE SME,GYR Capital,2025,Wiinance Financial Services Pvt.Ltd.,chittorgarh,25.0,chittorgarh,2.0,chittorgarh,7.4,chittorgarh,7.5,chittorgarh,90.0,chittorgarh,93.9,chittorgarh,85.5,chittorgarh,91.45,chittorgarh,Funding working capital requirements of the Company | General corporate purposes,chittorgarh,27.0,chittorgarh,9.3,18.6,13.9,13.6,126.09,75.17,131.73,367.74,11.11,71.43,52.18,85.0,True,1600.0,144000.0,17.0,4.0,42.0,5.3,24.0,31.0,42.0,4.0,7.0,5.0,2.0,8.0,4.0,2.7,11.1,4.0,-1.0,3.0,37.0,3.0,0.0,0.0,9.0,10.0,44.0,2.0,3.0,1.0,25.81,266.67,0.0,31.0,8.0,Mar 2024,2.0,sharescart,sharescart,ipowatch,sharescart,VOLERCAR.NS,,isin_authoritative,ISIN→symbol from official NSE list,match,,Voler Car Ltd.,Voler Car Limited,match
INE10A501018,Maxvolt Energy Industries Ltd.,SME,MAXVOLT,,2025-02-12,2025-02-14,2025-02-19,180.0,54.0,Bookbuilding,NSE SME,Smart Horizon Capital,2025,Rikhav Securities Ltd.,chittorgarh,40.0,chittorgarh,11.0,chittorgarh,20.4,chittorgarh,15.32,chittorgarh,180.0,chittorgarh,182.05,chittorgarh,171.0,chittorgarh,180.9,chittorgarh,"Repayment or prepayment, in full or in part, of borrowings availed by our Company from banks, financial institutions and non-banking financial companies | Funding of capital expenditure requirements of our Company towards purchase of Plant and Machineries | General corporate purposes",chittorgarh,54.0,chittorgarh,6.8,1.5,2.0,3.2,182.52,11.74,37.23,174.42,,79.23,71.28,171.0,True,800.0,144000.0,15.4,10.0,107.0,11.7,14.0,48.0,107.0,1.0,7.0,16.0,0.0,5.0,10.0,1.5,6.7,9.3,1.0,12.0,69.0,1.0,1.0,6.0,10.0,32.0,96.0,-0.0,-8.0,-45.0,10.42,41.67,0.08,48.0,5.0,Mar 2024,2.0,sharescart,sharescart,,sharescart,MAXVOLT.NS,,isin_authoritative,ISIN→symbol from official NSE list,match,,Maxvolt Energy Industries Ltd.,Maxvolt Energy Industries Limited,match
INE0B2N01016,Chandan Healthcare Ltd.,SME,CHANDAN,,2025-02-10,2025-02-12,2025-02-17,159.0,107.27,Bookbuilding,NSE SME,Unistone Capital,2025,R.K.Stock Holding Pvt.Ltd.,chittorgarh,65.0,chittorgarh,37.0,chittorgarh,34.6,chittorgarh,29.4,chittorgarh,165.1,chittorgarh,173.35,chittorgarh,165.1,chittorgarh,173.35,chittorgarh,"Setting up of a new Flagship diagnostic centre in Jankipuram, Lucknow, Uttar Pradesh. | Setting up of a new Central Reference laboratory at Ayodhya, Uttar Pradesh. | Setting up of a new Central Reference laboratory at Ashiyana, Lucknow, Uttar Pradesh. | General corporate purposes",chittorgarh,107.0,chittorgarh,7.6,18.9,2.4,7.0,406.88,303.55,91.68,755.79,9.43,74.55,60.1,151.0,True,800.0,127200.0,14.7,24.0,230.0,10.8,137.0,177.0,230.0,10.0,28.0,43.0,4.0,16.0,24.0,1.7,8.1,9.1,27.0,41.0,123.0,8.0,12.0,22.0,98.0,118.0,211.0,4.0,1.0,-29.0,9.04,39.02,0.29,177.0,16.0,Mar 2024,2.0,sharescart,sharescart,ipowatch,sharescart,CHANDAN.NS,,isin_authoritative,ISIN→symbol from official NSE list,match,,Chandan Healthcare Ltd.,Chandan Healthcare Limited,match
INE0R9101015,Eleganz Interiors Ltd.,SME,ELGNZ,,2025-02-07,2025-02-11,2025-02-14,130.0,78.07,Bookbuilding,NSE SME,Vivro Financial,2025,Rikhav Securities Ltd.,chittorgarh,74.0,chittorgarh,4.0,chittorgarh,5.1,chittorgarh,22.23,chittorgarh,122.0,chittorgarh,122.0,chittorgarh,115.9,chittorgarh,116.05,chittorgarh,Repayment of a portion of certain outstanding borrowings availed by our Company | Utilization towards working capital requirements of our Company | General Corporate Purposes,chittorgarh,78.0,chittorgarh,24.5,60.4,21.4,30.7,954.34,707.5,585.8,2392.69,30.77,93.94,,123.0,True,1000.0,130000.0,14.1,21.0,393.0,9.2,190.0,221.0,393.0,14.0,22.0,35.0,10.0,12.0,21.0,6.7,7.9,9.2,39.0,51.0,152.0,7.0,6.0,2.0,116.0,172.0,229.0,1.0,-4.0,4.0,5.43,23.53,0.12,221.0,12.0,Mar 2024,2.0,sharescart,sharescart,ipowatch,,ELGNZ.NS,,isin_authoritative,ISIN→symbol from official NSE list,match,,Eleganz Interiors Ltd.,Eleganz Interiors Limited,match
INE10QL01011,Readymix Construction Machinery Ltd.,SME,READYMIX,,2025-02-06,2025-02-10,2025-02-13,123.0,37.66,Bookbuilding,NSE SME,Hem Securities,2025,Hem Finlease Pvt.Ltd.,chittorgarh,36.0,chittorgarh,2.0,chittorgarh,5.3,chittorgarh,10.71,chittorgarh,123.0,chittorgarh,123.0,chittorgarh,116.85,chittorgarh,116.85,chittorgarh,"Repayment and/or pre-payment, in full or part, of borrowing availed by the Company | To Meet Working Capital Requirement | General Corporate Purpose",chittorgarh,38.0,chittorgarh,5.1,4.8,4.3,4.6,96.04,26.89,56.15,173.62,8.13,100.0,72.06,121.0,True,1000.0,123000.0,11.0,9.0,73.0,11.2,55.0,70.0,73.0,5.0,14.0,15.0,3.0,9.0,9.0,3.5,11.8,8.5,9.0,19.0,61.0,1.0,0.0,1.0,32.0,38.0,85.0,1.0,3.0,-13.0,12.86,47.37,0.0,70.0,9.0,Mar 2024,2.0,sharescart,sharescart,ipowatch,sharescart,READYMIX.NS,,isin_authoritative,ISIN→symbol from official NSE list,match,,Readymix Construction Machinery Ltd.,Readymix Construction Machinery Limited,match
INE0W0H01017,Solarium Green Energy Ltd.,SME,,544354.0,2025-02-06,2025-02-10,2025-02-13,191.0,105.04,Bookbuilding,BSE SME,Beeline Capital,2025,Spread X Securities Pvt.Ltd.,chittorgarh,100.0,chittorgarh,5.0,chittorgarh,4.8,chittorgarh,29.85,chittorgarh,202.0,chittorgarh,212.1,chittorgarh,202.0,chittorgarh,211.9,chittorgarh,To Meet Working Capital Requirements | General Corporate Purposes,chittorgarh,105.0,chittorgarh,8.5,18.0,5.1,8.8,446.96,284.24,186.4,927.52,13.09,78.5,,181.0,True,600.0,114600.0,16.3,19.0,230.0,11.7,,177.0,230.0,,25.0,27.0,,16.0,19.0,,10.5,8.9,,21.0,141.0,,9.0,0.0,,78.0,234.0,,-0.0,-62.0,9.04,76.19,0.43,177.0,16.0,Mar 2024,1.0,sharescart,sharescart,ipowatch,,,544354.BO,isin_authoritative,ISIN→symbol from official BSE list,match,,Solarium Green Energy Ltd.,Solarium Green Energy Ltd,match
INE15DO01012,Ken Enterprises Ltd.,SME,KEN,,2025-02-05,2025-02-07,2025-02-12,94.0,83.65,Fixed Price,NSE SME,Corporate Makers,2025,Giriraj Stock Broking Pvt.Ltd.,chittorgarh,54.0,chittorgarh,25.0,chittorgarh,29.8,chittorgarh,,,85.0,chittorgarh,85.0,chittorgarh,80.75,chittorgarh,80.75,chittorgarh,Unidentified Acquisitions in India and abroad | Purchase of New Machinery | Capital Expenditure for renovation of both manufacturing facilities | To meet working capital requirements | General Corporate Expenses | Issue Expenses,chittorgarh,84.0,chittorgarh,0.0,1.8,6.9,4.4,0.0,73.2,286.93,364.72,10.64,81.21,49.72,94.0,False,1200.0,112800.0,14.7,12.0,483.0,6.4,364.0,402.0,483.0,16.0,27.0,35.0,4.0,9.0,12.0,2.1,4.9,5.0,36.0,45.0,112.0,9.0,4.0,1.0,195.0,242.0,295.0,-2.0,17.0,-11.0,2.24,20.0,0.09,402.0,9.0,Mar 2024,2.0,sharescart,sharescart,ipowatch,sharescart,KEN.NS,,isin_authoritative,ISIN→symbol from official NSE list,match,,Ken Enterprises Ltd.,Ken Enterprises Limited,match
INE0U2L01017,Amwill Health Care Ltd.,SME,,544353.0,2025-02-05,2025-02-07,2025-02-12,111.0,59.98,Bookbuilding,BSE SME,Unistone Capital,2025,Globalworth Securities Ltd.,chittorgarh,46.0,chittorgarh,11.0,chittorgarh,18.3,chittorgarh,,,88.85,chittorgarh,93.25,chittorgarh,84.45,chittorgarh,93.25,chittorgarh,Funding of working capital requirements of the Company | Marketing and brand building activities | General corporate purposes,chittorgarh,60.0,chittorgarh,7.8,5.7,4.8,5.7,93.57,135.79,114.44,343.69,9.01,97.0,,105.0,True,1200.0,133200.0,16.8,11.0,41.0,6.6,30.0,44.0,41.0,4.0,17.0,12.0,3.0,12.0,11.0,3.3,8.0,5.4,5.0,17.0,69.0,0.0,0.0,0.0,12.0,19.0,71.0,5.0,-3.0,6.0,27.27,70.59,0.0,44.0,12.0,Mar 2024,2.0,sharescart,sharescart,ipowatch,,,544353.BO,isin_authoritative,ISIN→symbol from official BSE list,match,,Amwill Health Care Ltd.,Amwill Health Care Ltd,match
INE11HG01018,Chamunda Electrical Ltd.,SME,CHAMUNDA,,2025-02-04,2025-02-06,2025-02-11,50.0,14.6,Bookbuilding,NSE SME,GYR Capital,2025,Wiinance Financial Services Pvt.Ltd.,chittorgarh,14.0,chittorgarh,1.0,chittorgarh,6.7,chittorgarh,4.11,chittorgarh,70.0,chittorgarh,71.0,chittorgarh,66.5,chittorgarh,66.5,chittorgarh,Capital Expenditure (Purchase of New Testing Kit and Equipment’s) | Working Capital | Repayment of Term Loans and Cash Credit | General Corporate Purposes,chittorgarh,15.0,chittorgarh,155.9,1943.1,554.1,738.0,1137.32,4253.91,2830.63,10770.67,40.0,100.0,80.12,47.0,True,3000.0,150000.0,12.2,3.0,25.0,4.1,14.0,20.0,25.0,2.0,5.0,6.0,0.0,2.0,3.0,0.5,3.5,3.0,3.0,6.0,25.0,2.0,2.0,0.0,8.0,11.0,28.0,2.0,2.0,1.0,10.0,33.33,0.33,20.0,2.0,Mar 2024,2.0,sharescart,sharescart,investorgain,sharescart,CHAMUNDA.NS,,isin_authoritative,ISIN→symbol from official NSE list,match,,Chamunda Electrical Ltd.,Chamunda Electrical Limited,match
INE0YON01014,Malpani Pipes & Fittings Ltd.,SME,,544351.0,2025-01-29,2025-01-31,2025-02-04,90.0,25.92,Bookbuilding,BSE SME,Interactive Financial,2025,MNM Stock Broking Pvt.Ltd.,chittorgarh,25.0,chittorgarh,1.0,chittorgarh,3.8,chittorgarh,7.2,chittorgarh,85.9,chittorgarh,90.0,chittorgarh,81.61,chittorgarh,84.04,chittorgarh,Capital Expenditure for plant and machineries | Repayment of Debt | General corporate purposes,chittorgarh,26.0,chittorgarh,58.5,343.1,113.4,146.9,758.03,1334.09,1028.31,3808.43,2.22,100.0,30.9,85.0,True,1600.0,144000.0,9.3,8.0,141.0,9.7,82.0,141.0,141.0,5.0,14.0,15.0,2.0,7.0,8.0,3.3,9.3,7.5,6.0,15.0,47.0,9.0,11.0,11.0,39.0,61.0,112.0,-6.0,-8.0,-14.0,4.96,46.67,0.73,141.0,7.0,Mar 2024,2.0,sharescart,sharescart,investorgain,sharescart,,544351.BO,isin_authoritative,ISIN→symbol from official BSE list,match,,Malpani Pipes & Fittings Ltd.,Malpani Pipes And Fittings Ltd,match
INE0RWU01016,GB Logistics Commerce Ltd.,SME,,544348.0,2025-01-24,2025-01-28,2025-01-31,102.0,25.07,Bookbuilding,BSE SME,SKI Capital,2025,Svcm Securities Pvt.Ltd.,chittorgarh,24.0,chittorgarh,1.0,chittorgarh,4.0,chittorgarh,7.14,chittorgarh,81.6,chittorgarh,85.65,chittorgarh,77.55,chittorgarh,81.75,chittorgarh,Prepayment or repayment of a portion of certain outstanding borrowings availed by our Company | Working Capital Requirements | Fund expenditure towards purchase of truck chassis and truck bodies | General Corporate Purposes,chittorgarh,25.0,chittorgarh,25.1,543.6,121.9,184.6,314.6,2043.82,1069.33,4628.47,15.69,51.29,31.37,95.0,True,1200.0,122400.0,7.1,9.0,206.0,14.3,,116.0,206.0,,9.0,14.0,,5.0,9.0,,8.5,10.7,,18.0,50.0,,1.0,0.0,,58.0,156.0,,-21.0,-11.0,4.31,27.78,0.06,116.0,5.0,Mar 2024,1.0,sharescart,sharescart,investorgain,sharescart,,544348.BO,isin_authoritative,ISIN→symbol from official BSE list,match,,GB Logistics Commerce Ltd.,GB Logistics Commerce Ltd,match
INE0DZD01015,H.M.Electro Mech Ltd.,SME,,544349.0,2025-01-24,2025-01-28,2025-01-31,75.0,27.74,Bookbuilding,BSE SME,Beeline Capital,2025,Spread X Securities Pvt.Ltd.,chittorgarh,26.0,chittorgarh,2.0,chittorgarh,7.1,chittorgarh,7.9,chittorgarh,81.0,chittorgarh,81.0,chittorgarh,76.95,chittorgarh,77.04,chittorgarh,To Meet Working Capital Requirements | General Corporate Purposes | Public Issue Expenses | Total,chittorgarh,28.0,chittorgarh,16.0,183.7,95.6,91.8,222.09,764.28,927.83,2545.51,33.33,100.0,57.68,71.0,True,1600.0,120000.0,9.5,8.0,122.0,7.9,101.0,117.0,122.0,9.0,13.0,13.0,6.0,8.0,8.0,6.0,8.0,6.1,24.0,32.0,65.0,4.0,3.0,0.0,64.0,75.0,97.0,-4.0,3.0,-6.0,6.84,25.0,0.09,117.0,8.0,Mar 2024,2.0,sharescart,sharescart,ipowatch,sharescart,,544349.BO,isin_authoritative,ISIN→symbol from official BSE list,match,,H.M.Electro Mech Ltd.,H.M. Electro Mech Ltd,match
INE0WDX01010,CLN Energy Ltd.,SME,,544347.0,2025-01-23,2025-01-27,2025-01-30,250.0,72.3,Bookbuilding,BSE SME,Aryaman Financial,2025,Aryaman Capital Markets Ltd.,chittorgarh,68.0,chittorgarh,4.0,chittorgarh,5.6,chittorgarh,20.52,chittorgarh,256.0,chittorgarh,268.8,chittorgarh,252.0,chittorgarh,254.15,chittorgarh,Purchase of machinery and equipment | Funding Working capital requirements | General Corporate Purpose,chittorgarh,72.0,chittorgarh,1.1,8.6,6.6,5.4,38.68,93.27,165.75,391.87,,100.0,57.43,235.0,True,600.0,150000.0,15.7,13.0,219.0,15.9,129.0,133.0,219.0,13.0,19.0,26.0,1.0,10.0,13.0,1.0,12.8,12.2,4.0,13.0,94.0,0.0,0.0,0.0,108.0,111.0,196.0,15.0,7.0,-67.0,7.52,76.92,0.0,133.0,10.0,Mar 2024,2.0,sharescart,sharescart,,sharescart,,544347.BO,isin_authoritative,ISIN→symbol from official BSE list,match,,CLN Energy Ltd.,CLN Energy Ltd,match
INE113601012,Rexpro Enterprises Ltd.,SME,REXPRO,,2025-01-22,2025-01-24,2025-01-29,145.0,53.65,Fixed Price,NSE SME,Horizon Management,2025,Giriraj Stock Broking Pvt.Ltd.,chittorgarh,44.0,chittorgarh,7.0,chittorgarh,13.0,chittorgarh,,,117.0,chittorgarh,120.0,chittorgarh,111.15,chittorgarh,111.15,chittorgarh,Purchase of Equipment and Renovation of Factory | Funding of working capital requirements of the Company | Pursuing Inorganic Growth | General Corporate Expenses,chittorgarh,54.0,chittorgarh,0.0,8.2,27.1,17.7,0.0,220.5,727.49,948.0,13.79,86.28,56.77,145.0,False,1000.0,145000.0,15.4,8.0,107.0,9.4,63.0,83.0,107.0,2.0,8.0,13.0,1.0,5.0,8.0,0.8,5.7,7.1,5.0,9.0,62.0,0.0,1.0,0.0,28.0,40.0,102.0,2.0,1.0,-2.0,6.02,55.56,0.11,83.0,5.0,Mar 2024,2.0,sharescart,sharescart,ipowatch,sharescart,REXPRO.NS,,isin_authoritative,ISIN→symbol from official NSE list,match,,Rexpro Enterprises Ltd.,Rexpro Enterprises Limited,match
INE0WXM01011,CapitalNumbers Infotech Ltd.,SME,,544343.0,2025-01-20,2025-01-22,2025-01-27,263.0,169.37,Bookbuilding,BSE SME,GYR Capital,2025,Giriraj Stock Broking Pvt.Ltd.,chittorgarh,76.0,chittorgarh,85.0,chittorgarh,50.3,chittorgarh,48.19,chittorgarh,274.0,chittorgarh,274.0,chittorgarh,260.3,chittorgarh,261.35,chittorgarh,Technical Advancement of Leading-edge Technology; | Increase in Spending on Business Developments; | Investment in Subsidiary | Funding inorganic growth through unidentified acquisitions and other strategic initiatives and general corporate purposes,chittorgarh,169.0,chittorgarh,122.2,297.3,72.0,134.6,10347.78,7553.65,4267.58,22800.86,17.11,100.0,80.0,250.0,True,400.0,105200.0,22.3,26.0,100.0,11.8,93.0,98.0,100.0,25.0,37.0,36.0,17.0,26.0,26.0,6.4,12.3,10.6,60.0,67.0,157.0,1.0,0.0,0.0,68.0,72.0,163.0,16.0,22.0,19.0,26.53,38.81,0.0,98.0,26.0,Mar 2024,2.0,sharescart,sharescart,investorgain,sharescart,,544343.BO,isin_authoritative,ISIN→symbol from official BSE list,match,,CapitalNumbers Infotech Ltd.,Capitalnumbers Infotech Ltd,match
INE0ZOL01023,EMA Partners India Ltd.,SME,EMAPARTNER,,2025-01-17,2025-01-21,2025-01-24,124.0,76.01,Bookbuilding,NSE SME,Indorient Financial,2025,Alacrity Securities Ltd.,chittorgarh,62.0,chittorgarh,10.0,chittorgarh,13.2,chittorgarh,21.65,chittorgarh,156.5,chittorgarh,158.8,chittorgarh,148.7,chittorgarh,148.7,chittorgarh,"Augmenting Leadership Team for (a) the Company and (b) its subsidiaries | Capital expenditure towards upgrading the existing IT infrastructure for (a) the Company and (b) its subsidiaries | Repayment and/or pre-payment, in full, of the borrowing availed by our Company with respect to purchase of office premises | General Corporate Purposes and unidentified inorganic acquisitions",chittorgarh,76.0,chittorgarh,147.7,444.1,167.4,221.1,5613.11,5063.31,4452.21,16803.21,51.61,100.0,82.64,117.0,True,1000.0,124000.0,18.2,12.0,74.0,6.8,50.0,67.0,74.0,5.0,18.0,18.0,3.0,15.0,12.0,1.8,8.4,5.4,40.0,54.0,138.0,0.0,7.0,1.0,53.0,77.0,154.0,3.0,12.0,13.0,22.39,27.78,0.13,67.0,15.0,Mar 2024,2.0,sharescart,sharescart,investorgain,sharescart,EMAPARTNER.NS,,isin_authoritative,ISIN→symbol from official NSE list,match,,EMA Partners India Ltd.,EMA Partners India Limited,match
INE12QA01010,Landmark Immigration Consultants Ltd.,SME,,544341.0,2025-01-16,2025-01-20,2025-01-23,72.0,40.32,Bookbuilding,BSE SME,Shreni Shares,2025,Shreni Shares Ltd.,chittorgarh,38.0,chittorgarh,2.0,chittorgarh,5.0,chittorgarh,6.11,chittorgarh,75.0,chittorgarh,78.75,chittorgarh,75.0,chittorgarh,75.07,chittorgarh,Capital expenditure to be incurred by our Company for setting up new branches. | Advertisement expenses towards enhancing the awareness and visibility of our brand | Pursuing Inorganic growth initiatives through Acquisitions | General corporate purposes,chittorgarh,40.0,chittorgarh,35.6,116.7,81.9,72.8,717.29,705.86,1155.35,2936.91,15.28,97.92,71.31,70.0,True,1600.0,115200.0,8.8,13.0,38.0,8.2,20.0,35.0,38.0,7.0,17.0,19.0,4.0,12.0,13.0,3.0,7.7,6.4,26.0,37.0,84.0,2.0,0.0,0.0,36.0,44.0,91.0,3.0,9.0,-1.0,34.29,32.43,0.0,35.0,12.0,Mar 2024,2.0,sharescart,sharescart,investorgain,sharescart,,544341.BO,isin_authoritative,ISIN→symbol from official BSE list,match,,Landmark Immigration Consultants Ltd.,Landmark Global Learning Ltd,match
INE0XOW01017,Kabra Jewels Ltd.,SME,KKJEWELS,,2025-01-15,2025-01-17,2025-01-22,128.0,40.0,Bookbuilding,NSE SME,Marwadi Chandarana Intermediaries,2025,Giriraj Stock Broking Pvt.Ltd.,chittorgarh,36.0,chittorgarh,4.0,chittorgarh,10.0,chittorgarh,10.87,chittorgarh,243.2,chittorgarh,255.35,chittorgarh,243.2,chittorgarh,255.35,chittorgarh,"Repayment of certain borrowings availed by the Company, in part or full | To meet Working Capital requirements | General Corporate Purpose",chittorgarh,40.0,chittorgarh,154.5,556.9,384.9,356.0,3090.6,3341.4,5388.6,14240.8,39.06,89.12,62.55,121.0,True,1000.0,128000.0,8.9,11.0,211.0,14.4,122.0,164.0,211.0,12.0,22.0,27.0,4.0,9.0,11.0,6.0,12.2,10.9,22.0,31.0,80.0,54.0,50.0,31.0,113.0,141.0,189.0,-12.0,-8.0,-19.0,5.49,29.03,1.61,164.0,9.0,Mar 2024,2.0,sharescart,sharescart,ipowatch,sharescart,KKJEWELS.NS,,isin_authoritative,ISIN→symbol from official NSE list,match,,Kabra Jewels Ltd.,Kabra Jewels Limited,match
INE0CFH01028,Rikhav Securities Ltd.,SME,,544340.0,2025-01-15,2025-01-17,2025-01-22,86.0,88.82,Bookbuilding,BSE SME,Smart Horizon Capital,2025,Shreni Shares Ltd.,chittorgarh,67.0,chittorgarh,17.0,chittorgarh,19.1,chittorgarh,25.11,chittorgarh,163.4,chittorgarh,171.57,chittorgarh,163.4,chittorgarh,171.55,chittorgarh,"Funding our incremental working capital requirements; | Funding of capital expenditure requirements of our Company towards purchase of IT Software, Computers and Laptops | General corporate purposes;",chittorgarh,89.0,chittorgarh,170.9,616.4,251.4,307.0,7590.63,8212.64,7814.1,27267.99,75.58,98.23,66.07,82.0,True,1600.0,137600.0,11.5,24.0,318.0,7.5,49.0,103.0,318.0,28.0,55.0,35.0,20.0,42.0,24.0,6.4,14.1,6.2,95.0,139.0,227.0,0.0,0.0,0.0,188.0,294.0,291.0,-9.0,109.0,-188.0,40.78,30.22,0.0,103.0,42.0,Mar 2024,2.0,sharescart,sharescart,ipowatch,sharescart,,544340.BO,isin_authoritative,ISIN→symbol from official BSE list,match,,Rikhav Securities Ltd.,Rikhav Securities Ltd,match
INE0QX401014,Barflex Polyfilms Ltd.,SME,BARFLEX,,2025-01-10,2025-01-15,2025-01-20,60.0,39.41,Bookbuilding,NSE SME,Almondz Financial,2025,Almondz Global Securities Ltd.,chittorgarh,10.0,chittorgarh,27.0,chittorgarh,69.2,chittorgarh,11.21,chittorgarh,60.0,chittorgarh,63.0,chittorgarh,60.0,chittorgarh,63.0,chittorgarh,Funding capital expenditure towards purchase of additional plant and machinery | General Corporate Purpose,chittorgarh,39.0,chittorgarh,78.2,373.1,98.5,151.5,1541.69,2206.22,1358.7,5972.8,16.67,92.66,,57.0,True,2000.0,120000.0,9.0,15.0,98.0,6.7,,,98.0,,,21.0,,,15.0,,,6.3,,,91.0,,,0.0,,,98.0,,,-5.0,,,,,,,0.0,sharescart,sharescart,ipowatch,,BARFLEX.NS,,isin_authoritative,ISIN→symbol from official NSE list,match,,Barflex Polyfilms Ltd.,Barflex Polyfilms Limited,match
INE0NB801022,Sat Kartar Shopping Ltd.,SME,SATKARTAR,,2025-01-10,2025-01-14,2025-01-17,81.0,33.8,Bookbuilding,NSE SME,Narnolia Financial,2025,Prabhat Financial Services Ltd.,chittorgarh,32.0,chittorgarh,2.0,chittorgarh,5.9,chittorgarh,9.55,chittorgarh,153.9,chittorgarh,161.55,chittorgarh,146.2,chittorgarh,161.55,chittorgarh,To meet out the expenses of Unidentified Acquisition (In India or Abroad); | To meet out the expenses Marketing and Advertisement; | To meet out the Capital Expenditure; | To meet out the expenditure on Investment in Technology; and | To meet out the General Corporate Purposes,chittorgarh,34.0,chittorgarh,124.8,808.3,250.4,332.8,2108.26,4098.04,2961.61,11247.86,12.35,100.0,65.0,77.0,True,1600.0,129600.0,10.9,10.0,163.0,7.4,83.0,128.0,163.0,5.0,10.0,15.0,3.0,6.0,10.0,2.2,5.6,6.2,3.0,9.0,52.0,2.0,1.0,2.0,14.0,21.0,64.0,8.0,7.0,-5.0,4.69,66.67,0.11,128.0,6.0,Mar 2024,2.0,sharescart,sharescart,ipowatch,sharescart,SATKARTAR.NS,,isin_authoritative,ISIN→symbol from official NSE list,match,,Sat Kartar Shopping Ltd.,Sat Kartar Life Limited,match
INE0NQ401024,Avax Apparels & Ornaments Ltd.,SME,,544337.0,2025-01-07,2025-01-09,2025-01-14,70.0,1.92,Fixed Price,BSE SME,SKI Capital,2025,SKI Capital Services Ltd.,chittorgarh,2.0,chittorgarh,0.0,chittorgarh,0.0,chittorgarh,,,133.0,chittorgarh,139.65,chittorgarh,133.0,chittorgarh,139.65,chittorgarh,To meet out the Working Capital requirements of the Company | To meet out the General Corporate Purposes; and,chittorgarh,2.0,chittorgarh,0.0,140.5,372.4,260.4,0.0,134.7,357.08,499.49,28.57,57.0,41.97,70.0,False,2000.0,140000.0,3.5,2.0,34.0,19.8,15.0,22.0,34.0,1.0,2.0,3.0,1.0,1.0,2.0,1.1,2.3,2.0,2.0,3.0,7.0,0.0,0.0,0.0,3.0,5.0,9.0,-0.0,0.0,-1.0,4.55,33.33,0.0,22.0,1.0,Mar 2024,2.0,sharescart,sharescart,investorgain,sharescart,,544337.BO,isin_authoritative,ISIN→symbol from official BSE list,match,,Avax Apparels & Ornaments Ltd.,Avax Apparels and Ornaments Ltd,match
INE0XRN01019,Delta Autocorp Ltd.,SME,DELTIC,,2025-01-07,2025-01-09,2025-01-14,130.0,54.6,Bookbuilding,NSE SME,GYR Capital,2025,Giriraj Stock Broking Pvt.Ltd.,chittorgarh,47.0,chittorgarh,4.0,chittorgarh,7.3,chittorgarh,15.21,chittorgarh,175.0,chittorgarh,183.75,chittorgarh,166.25,chittorgarh,167.25,chittorgarh,Funding of Expenditure towards Setting up an Electric Three-Wheeler Fabrication Plant & Painting Plant; | Investment in New Product Development | Funding of working capital requirement | General corporate purposes,chittorgarh,55.0,chittorgarh,178.6,624.3,314.3,342.1,4876.87,5112.85,6006.85,18678.66,42.31,100.0,40.45,123.0,True,1000.0,130000.0,23.6,8.0,83.0,5.5,,63.0,83.0,,10.0,12.0,,7.0,8.0,,6.0,5.5,,18.0,73.0,,0.0,0.0,,35.0,88.0,,-14.0,-13.0,11.11,38.89,0.0,63.0,7.0,Mar 2024,1.0,sharescart,sharescart,ipowatch,sharescart,DELTIC.NS,,isin_authoritative,ISIN→symbol from official NSE list,match,,Delta Autocorp Ltd.,Delta Autocorp Limited,match
INE00ST01011,B.R.Goyal Infrastructure Ltd.,SME,,544335.0,2025-01-07,2025-01-09,2025-01-14,135.0,85.21,Bookbuilding,BSE SME,Beeline Capital,2025,Spread X Securities Pvt.Ltd.,chittorgarh,81.0,chittorgarh,4.0,chittorgarh,4.7,chittorgarh,24.11,chittorgarh,135.75,chittorgarh,142.5,chittorgarh,135.0,chittorgarh,142.5,chittorgarh,Funding capital expenditure requirement | Funding Working Capital Requirement | Funding expenditure for inorganic growth through acquisitions & other strategic initiatives and General Corporate Purposes,chittorgarh,85.0,chittorgarh,69.9,256.9,88.3,118.1,2977.31,3283.64,2632.58,10061.83,8.89,100.0,73.47,128.0,True,1000.0,135000.0,10.1,25.0,510.0,13.4,346.0,589.0,510.0,35.0,42.0,48.0,17.0,22.0,25.0,10.0,12.6,10.6,105.0,127.0,229.0,18.0,16.0,25.0,197.0,239.0,373.0,23.0,12.0,-36.0,3.74,17.32,0.13,589.0,22.0,Mar 2024,2.0,sharescart,sharescart,investorgain,sharescart,,544335.BO,isin_authoritative,ISIN→symbol from official BSE list,match,,B.R.Goyal Infrastructure Ltd.,B.R.Goyal Infrastructure Ltd,match
INE0FK501019,Indobell Insulations Ltd.,SME,,544334.0,2025-01-06,2025-01-08,2025-01-13,46.0,10.14,Fixed Price,BSE SME,Finshore Management,2025,Black Fox Financial Pvt.Ltd.,chittorgarh,10.0,chittorgarh,0.0,chittorgarh,0.0,chittorgarh,,,87.4,chittorgarh,91.77,chittorgarh,83.03,chittorgarh,91.77,chittorgarh,Funding Capital Expenditure towards purchase of additional plant and machinery | To meet the Working Capital Requirements | General Corporate Purposes,chittorgarh,10.0,chittorgarh,0.0,51.3,52.4,54.1,0.0,260.22,265.59,549.04,32.61,99.78,74.83,46.0,False,3000.0,138000.0,13.1,2.0,26.0,3.5,21.0,18.0,26.0,2.0,2.0,4.0,1.0,1.0,2.0,2.2,2.5,3.5,5.0,6.0,15.0,1.0,1.0,0.0,12.0,15.0,25.0,3.0,0.0,-4.0,5.56,16.67,0.17,18.0,1.0,Mar 2024,2.0,sharescart,sharescart,ipowatch,sharescart,,544334.BO,isin_authoritative,ISIN→symbol from official BSE list,match,,Indobell Insulations Ltd.,Indobell Insulations Ltd,match
INE0HSD01011,Fabtech Technologies Cleanrooms Ltd.,SME,,544332.0,2025-01-03,2025-01-07,2025-01-10,85.0,27.74,Bookbuilding,BSE SME,Vivro Financial,2025,Rikhav Securities Ltd.,chittorgarh,26.0,chittorgarh,2.0,chittorgarh,7.1,chittorgarh,7.89,chittorgarh,161.5,chittorgarh,169.57,chittorgarh,161.5,chittorgarh,169.57,chittorgarh,For meeting long-term working capital requirements; | Proposed acquisition of equity shares of Kelvin Air Conditioning and Ventilation Systems Private Limited; and | General Corporate Purposes,chittorgarh,28.0,chittorgarh,224.5,1485.5,715.1,740.4,3114.26,6182.14,6943.42,20540.83,123.53,93.07,,80.0,True,1600.0,136000.0,7.9,12.0,150.0,10.8,125.0,97.0,150.0,13.0,9.0,17.0,8.0,5.0,12.0,9.5,6.7,10.8,46.0,52.0,94.0,0.0,1.0,0.0,80.0,89.0,124.0,8.0,3.0,3.0,5.15,9.62,0.02,97.0,5.0,Mar 2024,2.0,sharescart,sharescart,investorgain,,,544332.BO,isin_authoritative,ISIN→symbol from official BSE list,match,,Fabtech Technologies Cleanrooms Ltd.,Fabtech Technologies Cleanrooms Ltd,match
INE0Q2L01013,Davin Sons Retail Ltd.,SME,,544331.0,2025-01-02,2025-01-06,2025-01-09,55.0,8.78,Fixed Price,BSE SME,Navigant Corporate,2025,Aftertrade Broking Pvt.Ltd.,chittorgarh,8.0,chittorgarh,1.0,chittorgarh,11.1,chittorgarh,,,44.0,chittorgarh,46.2,chittorgarh,41.9,chittorgarh,46.2,chittorgarh,To finance the Capital Expenditure for purchase of Warehouse; | To part finance the requirement of Working Capital; | General corporate purposes,chittorgarh,9.0,chittorgarh,0.0,66.1,164.8,120.8,0.0,290.11,723.22,1060.38,9.09,100.0,45.94,55.0,False,2000.0,110000.0,13.4,2.0,14.0,4.1,4.0,13.0,14.0,1.0,2.0,3.0,1.0,2.0,2.0,2.9,4.5,3.2,1.0,6.0,16.0,1.0,0.0,0.0,5.0,9.0,19.0,-0.0,-1.0,-1.0,15.38,33.33,0.0,13.0,2.0,Mar 2024,2.0,sharescart,sharescart,investorgain,sharescart,,544331.BO,isin_authoritative,ISIN→symbol from official BSE list,match,,Davin Sons Retail Ltd.,Davin Sons Retail Ltd,match
INE0QQJ01021,Parmeshwar Metal Ltd.,SME,,544330.0,2025-01-02,2025-01-06,2025-01-09,61.0,24.74,Bookbuilding,BSE SME,Beeline Capital,2025,Spread X Securities Pvt.Ltd.,chittorgarh,23.0,chittorgarh,2.0,chittorgarh,8.0,chittorgarh,7.04,chittorgarh,84.5,chittorgarh,88.72,chittorgarh,81.05,chittorgarh,88.72,chittorgarh,"Setting up a new manufacturing facility at Gandhinagar, Dehgam, Gujarat for manufacturing of Bunched copper wire and 1.6 MM Copper Wire (“Proposed project”) | Funding of capital expenditure for Furnace renovation | To Meet Working Capital Requirements | General Corporate Purpose",chittorgarh,25.0,chittorgarh,177.3,1202.8,597.1,607.1,2193.59,4463.99,5170.54,15019.88,32.79,96.33,70.81,57.0,True,2000.0,122000.0,6.8,11.0,1382.0,9.0,972.0,1100.0,1382.0,14.0,13.0,18.0,9.0,7.0,11.0,0.8,6.3,7.2,30.0,37.0,71.0,10.0,4.0,0.0,54.0,68.0,89.0,-2.0,2.0,-4.0,0.64,18.92,0.11,1100.0,7.0,Mar 2024,2.0,sharescart,sharescart,ipowatch,sharescart,,544330.BO,isin_authoritative,ISIN→symbol from official BSE list,match,,Parmeshwar Metal Ltd.,Parmeshwar Metal Ltd,match
INE0RH001011,Leo Dryfruits & Spices Trading Ltd.,SME,,544329.0,2025-01-01,2025-01-03,2025-01-08,52.0,25.12,Bookbuilding,BSE SME,Shreni Shares,2025,Rikhav Securities Ltd.,chittorgarh,24.0,chittorgarh,1.0,chittorgarh,4.0,chittorgarh,6.88,chittorgarh,68.0,chittorgarh,71.4,chittorgarh,64.6,chittorgarh,71.36,chittorgarh,"Funding working capital requirements of the company; | Branding, Advertisement and Marketing activities; | General corporate purposes.",chittorgarh,25.0,chittorgarh,68.1,394.6,154.5,181.8,854.7,1486.58,1358.15,4565.34,30.77,100.0,74.88,51.0,True,2000.0,104000.0,9.0,8.0,87.0,5.8,36.0,62.0,87.0,6.0,11.0,15.0,4.0,7.0,8.0,4.0,5.2,4.6,5.0,34.0,64.0,7.0,1.0,3.0,27.0,52.0,117.0,-8.0,-14.0,-31.0,11.29,20.59,0.03,62.0,7.0,Mar 2024,2.0,sharescart,sharescart,investorgain,sharescart,,544329.BO,isin_authoritative,ISIN→symbol from official BSE list,match,,Leo Dryfruits & Spices Trading Ltd.,Leo Dryfruits & Spices Trading Ltd,match
