scrip_id,Scrip_Name,ISIN_NUMBER,GROUP
ABB,ABB India Ltd,INE117A01022,A
AEGISLOG,Aegis Logistics Ltd,INE208C01025,A
ARE&M,Amara Raja Energy & Mobility Ltd,INE885A01032,A
AMBALALSA,Ambalal Sarabhai Enterprises Ltd,INE432A01017,B
ANDHRAPET,Andhra Petrochemicals Ltd,INE714B01016,X
ANSALAPI,Ansal Properties & Infrastructure Ltd,INE436A01026,Z
UTIQUE,Utique Enterprises Ltd,INE096A01010,X
ARUNAHTEL,Aruna Hotels Ltd,INE957C01019,X
BOMDYEING,Bombay Dyeing & Manufacturing Company Ltd,INE032A01023,A
ASIANHOTNR,Asian Hotels (North) Ltd,INE363A01022,B
ATUL,Atul Ltd,INE100A01010,A
ATVPR,ATV Projects India Ltd,INE447A01015,X
BAJAJELEC,Bajaj Electricals Ltd-$,INE193E01025,A
BAJAJHIND,Bajaj Hindusthan Sugar Ltd,INE306A01021,A
FORCEMOT,Force Motors Ltd-$,INE451A01017,A
BAJFINANCE,Bajaj Finance Ltd,INE296A01032,A
BALRAMCHIN,Balrampur Chini Mills Ltd,INE119A01028,A
BANCOINDIA,Banco Products (India) Ltd-$,INE213C01025,A
ABREL,Aditya Birla Real Estate Ltd,INE055A01016,A
BANARISUG,Bannari Amman Sugars Ltd,INE459A01010,B
BASF,BASF India Ltd,INE373A01013,A
BATAINDIA,Bata India Ltd,INE176A01028,A
BEML,BEML Ltd,INE258A01024,A
BEL,Bharat Electronics Ltd,INE263A01024,A
BHAGGAS,Bhagawati Gas Ltd,INE099C01010,XT
BEPL,Bhansali Engineering Polymers Ltd-$,INE922A01025,B
BIHSPONG,Bihar Sponge Iron Ltd,INE819C01011,X
BIRLACABLE,Birla Cable Ltd,INE800A01015,T
BLUESTARCO,Blue Star Ltd,INE472A01039,A
DISAQ,Disa India Ltd,INE131C01011,B
QUESTCAP,Quest Capital Markets Ltd,INE418C01012,X
BPL,BPL Ltd,INE110A01019,B
OAL,Oriental Aromatics Ltd-$,INE959C01023,B
CENTEXT,Century Extrusions Ltd,INE281A01026,B
CESC,CESC Ltd,INE486A01021,A
CHAMBLFERT,Chambal Fertilisers & Chemicals Ltd,INE085A01013,A
EXIDEIND,Exide Industries Ltd,INE302A01020,A
CIPLA,Cipla Ltd,INE059A01026,A
DICIND,DIC India Ltd,INE303A01010,B
CRISIL,CRISIL Ltd,INE007A01025,A
CGPOWER,CG Power and Industrial Solutions Ltd,INE067A01029,A
DABUR,Dabur India Ltd,INE016A01026,A
DALMIASUG,Dalmia Bharat Sugar and Industries Ltd,INE495A01022,B
ARVIND,Arvind Ltd,INE034A01011,A
BHEL,Bharat Heavy Electricals Ltd,INE257A01026,A
HINDPETRO,Hindustan Petroleum Corporation Ltd,INE094A01015,A
IFCI,IFCI Ltd,INE039A01010,A
MTNL,Mahanagar Telephone Nigam Ltd,INE153A01019,B
MRPL,Mangalore Refinery and Petrochemicals Ltd,INE103A01014,A
CHENNPETRO,Chennai Petroleum Corporation Ltd,INE178A01016,A
SBIN,State Bank of India,INE062A01020,A
SAIL,Steel Authority of India Ltd,INE114A01011,A
TITAN,Titan Company Ltd,INE280A01028,A
IDBI,IDBI Bank Ltd,INE008A01015,A
DCW,DCW Ltd,INE500A01029,B
DHAMPURSUG,Dhampur Sugar Mills Ltd,INE041A01016,B
DIAMINESQ,Diamines & Chemicals Ltd-$,INE591D01014,B
ELANTAS,Elantas Beck India Ltd-$,INE280B01018,B
DRREDDY,Dr Reddys Laboratories Ltd,INE089A01031,A
EIDPARRY,EID Parry India Ltd,INE126A01031,A
PGHL,Procter & Gamble Health Ltd,INE199A01012,A
ELECTCAST,Electrosteel Castings Ltd,INE086A01029,A
ESABINDIA,Esab India Ltd,INE284A01012,A
EPL,EPL Ltd,INE255A01020,A
ESTER,Ester Industries Ltd,INE778B01029,B
FGP,FGP Ltd,INE512A01016,X
PHCAP,PH Capital Ltd,INE160F01013,XT
FINCABLES,Finolex Cables Ltd,INE235A01022,A
COCKERILL,John Cockerill India Ltd-$,INE515A01019,B
UFLEX,Uflex Ltd,INE516A01017,B
FOSECOIND,Foseco India Ltd,INE519A01011,B
GOLDENTOBC,Golden Tobacco Ltd,INE973A01010,Z
GANESHBE,Ganesh Benzoplast Ltd,INE388A01029,B
METROGLOBL,Metroglobal Ltd,INE085D01033,B
GTL,GTL Ltd,INE043A01012,B
GODFRYPHLP,Godfrey Phillips India Ltd,INE260B01028,A
GODREJIND,Godrej Industries Ltd,INE233A01035,A
KANSAINER,Kansai Nerolac Paints Ltd,INE531A01024,A
GOODRICKE,Goodricke Group Ltd,INE300A01016,X
GOODYEAR,Goodyear India Ltd,INE533A01012,B
GTNINDS,GTN Industries Ltd,INE537A01013,X
GHCL,GHCL Ltd,INE539A01019,A
GFLLIMITED,GFL Ltd,INE538A01037,B
GLFL,Gujarat Lease Financing Ltd,INE540A01017,T
HCL-INSYS,HCL Infosystems Ltd,INE236A01020,B
HDFCBANK,HDFC Bank Ltd,INE040A01034,A
HEROMOTOCO,Hero MotoCorp Ltd,INE158A01026,A
HFCL,HFCL Ltd,INE548A01028,A
HSCL,Himadri Speciality Chemical Ltd,INE019C01026,A
HCC,Hindustan Construction Company Ltd,INE549A01026,A
HINDOILEXP,Hindustan Oil Exploration Company Ltd,INE345A01011,B
AGI,Agi Greenpac Ltd,INE415A01038,A
HINDZINC,Hindustan Zinc Ltd,INE267A01025,A
NDLVENTURE,NDL Ventures Ltd,INE353A01023,B
HMT,HMT Ltd,INE262A01018,Z
PRAGBOS,Prag Bosimi Synthetics Ltd,INE962B01011,X
HLVLTD,HLV Ltd,INE102A01024,B
IGPL,IG Petrochemicals Ltd,INE204A01010,B
INDIAGLYCO,India Glycols Ltd,INE560A01023,B
INDLEASE,India Lease Development Ltd,INE333C01013,X
MARGOFIN,Margo Finance Ltd,INE680B01019,X
INDORAMA,Indo Rama Synthetics (India) Ltd,INE156A01020,B
INFY,Infosys Ltd,INE009A01021,A
INGERRAND,Ingersoll-Rand (India) Ltd,INE177A01018,A
ITHL,International Travel House Ltd-$,INE262B01016,X
IONEXCHANG,Ion Exchange India Ltd-$,INE570A01022,A
SUNDROP,Sundrop Brands Ltd,INE209A01019,B
JISLJALEQS,Jain Irrigation Systems Ltd,INE175A01038,A
JASCH,Jasch Industries Ltd,INE711C01028,X
JINDALPOLY,Jindal Poly Films Ltd,INE197D01010,B
JSWSTEEL,JSW Steel Ltd,INE019A01038,A
KAJARIACER,Kajaria Ceramics Ltd,INE217B01036,A
KAKATCEM,Kakatiya Cement Sugar & Industries Ltd,INE437B01014,T
KSL,Kalyani Steels Ltd,INE907A01026,B
WHIRLPOOL,Whirlpool of India Ltd,INE716A01013,A
KGDENIM,KG Denim Ltd,INE104A01012,X
KINETICENG,Kinetic Engineering Ltd,INE266B01017,X
KIRLOSBROS,Kirloskar Brothers Ltd-$,INE732A01036,A
KIRLOSIND,Kirloskar Industries Ltd,INE250A01039,B
KIRLFER,Kirloskar Ferrous Industries Ltd,INE884B01025,B
ENVAIREL,Envair Electrodyne Ltd,INE601C01013,XT
KOTAKBANK,Kotak Mahindra Bank Ltd,INE237A01036,A
KRIFILIND,Krishna Filament Industries Ltd,INE073A01019,XT
KSB,KSB Ltd,INE999A01023,A
LGBBROSLTD,LG Balakrishnan & Bros Ltd,INE337A01034,B
TRENT,Trent Ltd,INE849A01020,A
LMW,LMW Ltd,INE269B01029,A
LICHSGFIN,LIC Housing Finance Ltd,INE115A01026,A
LUPIN,Lupin Ltd,INE326A01037,A
LYKALABS,Lyka Labs Ltd,INE933A01014,B
RAMCOCEM,The Ramco Cements Ltd,INE331A01037,A
HYBRIDFIN,Hybrid Financial Services Ltd,INE965B01022,B
MAFATIND,Mafatlal Industries Ltd-$,INE270B01035,B
MAHSEAMLES,Maharashtra Seamless Ltd,INE271B01025,A
MAHSCOOTER,Maharashtra Scooters Ltd,INE288A01013,A
MAJESAUT,Majestic Auto Ltd-$,INE201B01022,B
MANALIPETC,Manali Petrochemicals Ltd,INE201A01024,B
BARODARY,Baroda Rayon Corporation Ltd,INE461A01024,X
MFSL,Max Financial Services Ltd,INE180A01020,A
MIDINDIA,Mid India Industries Ltd,INE401C01018,X
MIRCELECTR,Mirc Electronics Ltd,INE831A01028,T
CENTENKA,Century Enka Ltd,INE485A01015,B
MODTHREAD,Modern Thread India Ltd,INE794W01014,B
LORDSCHLO,Lords Chloro Alkali Ltd,INE846D01012,B
SPICEJET,Spicejet Ltd,INE285B01017,A
MOREPENLAB,Morepen Laboratories Ltd,INE083A01026,A
MRF,MRF Ltd,INE883A01011,A
HEIDELBERG,HeidelbergCement India Ltd,INE578A01017,B
NCC,NCC Ltd,INE868B01028,A
VEDL,Vedanta Ltd,INE205A01025,A
NAHARSPING,Nahar Spinning Mills Ltd,INE290A01027,T
NAPEROL,Naperol Investments Ltd,INE585A01020,X
GRASIM,Grasim Industries Ltd,INE047A01021,A
NIITLTD,NIIT Ltd,INE161A01038,B
JAYKAY,Jaykay Enterprises Ltd,INE903A01025,B
NIRLON,Nirlon Ltd,INE910A01012,B
ONGC,Oil and Natural Gas Corporation Ltd,INE213A01029,A
OILCOUNTUB,Oil Country Tubular Ltd,INE591A01010,T
ORIENTHOT,Oriental Hotels Ltd,INE750A01020,B
OSWALAGRO,Oswal Agro Mills Ltd,INE142A01012,T
INDSUCR,Indian Sucrose Ltd,INE557C01017,X
PANCM,Panyam Cements & Mineral Industries Ltd,INE167E01037,XT
RELIANCE,Reliance Industries Ltd,INE002A01018,A
PILITA,Pil Italica Lifestyle Ltd,INE600A01035,T
RAYMOND,Raymond Ltd,INE301A01014,A
PIDILITIND,Pidilite Industries Ltd,INE318A01026,A
PIXTRANS,Pix Transmissions Ltd,INE751B01018,B
BIRLACORPN,Birla Corporation Ltd,INE340A01012,A
SURYAROSNI,Surya Roshni Ltd,INE335A01020,A
PRIMESECU,Prime Securities Ltd,INE032B01021,B
PRSMJOHNSN,Prism Johnson Ltd,INE010A01011,B
RAIN,Rain Industries Ltd,INE855B01025,A
PRUDMOULI,Prudential Sugar Corporation Ltd,INE024D01016,B
AMJLAND,AMJ Land Holdings Ltd,INE606A01024,B
PUNJCOMMU,Punjab Communications Ltd-$,INE609A01010,B
RSWM,RSWM Ltd,INE611A01016,B
RAJSREESUG,Rajshree Sugars & Chemicals Ltd,INE562B01019,B
RALLIS,Rallis India Ltd,INE613A01020,A
RAMANEWS,Shree Rama Newsprint Ltd,INE278B01020,B
RAMAPPR-B,Rama Paper Mills Ltd,INE425E01013,Z
RAPICUT,Rapicut Carbides Ltd,INE350D01015,X
WELSPLSOL,Welspun Specialty Solutions Ltd,INE731F01037,B
RUBFILA,Rubfila International Ltd,INE642C01025,B
PATANJALI,Patanjali Foods Ltd,INE619A01035,A
SALORAINTL,Salora International Ltd,INE924A01013,X
SAMTELIN,Samtel India Ltd-$,INE538C01017,XT
JINDALSAW,Jindal Saw Ltd,INE324A01032,A
JKLAKSHMI,JK Lakshmi Cement Ltd,INE786A01032,A
SHREECEM,Shree Cement Ltd,INE070A01015,A
SKPMIL,Shree Krishna Paper Mills & Industries Ltd,INE970C01012,X
SILVERLINE,Silverline Technologies Ltd,INE368A01021,X
TATAPOWER,Tata Power Company Ltd,INE245A01021,A
SPMLINFRA,SPML Infra Ltd,INE937A01023,B
SUNDRMFAST,Sundram Fasteners Ltd,INE387A01021,A
SUNFLAG,Sunflag Iron & Steel Company Ltd,INE947A01014,B
SPLPETRO,Supreme Petrochem Ltd,INE663A01033,A
SWARAJENG,Swaraj Engines Ltd,INE277A01016,B
TATAELXSI,Tata Elxsi Ltd,INE670A01012,A
ACC,ACC Ltd,INE012A01025,A
THERMAX,Thermax Ltd,INE152A01029,A
TIRUMALCHM,Thirumalai Chemicals Ltd,INE338A01024,B
THOMASCOOK,Thomas Cook (India) Ltd,INE332A01027,A
TIMEX,Timex Group India Ltd-$,INE064A01026,B
TOKYOPLAST,Tokyo Plast International Ltd,INE932C01012,T
TORNTPHARM,Torrent Pharmaceuticals Ltd,INE685A01028,A
TPINDIA,TPI India Ltd,INE578C01021,X
TRANSCHEM,Transchem Ltd-$,INE019B01010,X
AMBUJACEM,Ambuja Cements Ltd,INE079A01024,A
UTLINDS,UTL Industries Ltd,INE184E01024,X
UNIENTER,Uniphos Enterprises Ltd,INE037A01022,B
VHL,Vardhman Holdings Ltd,INE701A01023,B
HINDALCO,Hindalco Industries Ltd,INE038A01020,A
WSTCSTPAPR,West Coast Paper Mills Ltd,INE976A01021,B
HOCL,Hindustan Organic Chemicals Ltd,INE048A01011,B
MPILCORPL,MPIL Corporation Ltd,INE844C01027,XT
PASUPTAC,Pasupati Acrylon Ltd,INE818B01023,B
TEAM24,Team24 Consumer Products Ltd,INE601A01017,X
PGHH,Procter & Gamble Hygiene and Health Care Ltd,INE179A01014,A
MUKANDLTD,Mukand Ltd,INE304A01026,B
BBOX,Black Box Ltd,INE676A01027,A
UCAL,Ucal  Ltd,INE139B01016,B
HARRMALAYA,Harrisons Malayalam Ltd,INE544A01019,B
FEDERALBNK,Federal Bank Ltd,INE171A01029,A
TATASTEEL,Tata Steel Ltd,INE081A01020,A
SKFINDIA,SKF India Ltd,INE640A01023,A
ASHOKLEY,Ashok Leyland Ltd,INE208A01029,A
CUMMINSIND,Cummins India Ltd,INE298A01020,A
TATACOMM,Tata Communications Ltd,INE151A01013,A
ABBOTINDIA,Abbott India Ltd,INE358A01014,A
BAJAJHLDNG,Bajaj Holdings & Investment Ltd,INE118A01012,A
BHARATFORG,Bharat Forge Ltd,INE465A01025,A
ESCORTS,Escorts Kubota Ltd,INE042A01014,A
HINDMOTORS,Hindustan Motors Ltd,INE253A01025,XT
LT,Larsen & Toubro Ltd,INE018A01030,A
M&M,Mahindra & Mahindra Ltd,INE101A01026,A
BOSCHLTD,Bosch Ltd,INE323A01026,A
PREMIER,Premier Ltd,INE342A01018,T
BPCL,Bharat Petroleum Corporation Ltd,INE029A01011,A
SIEMENS,Siemens Ltd,INE003A01024,A
TMPV,Tata Motors Passenger Vehicles Ltd,INE155A01022,A
VOLTAS,Voltas Ltd,INE226A01021,A
GESHIP,Great Eastern Shipping Company Ltd,INE017A01032,A
DEEPAKFERT,Deepak Fertilisers & Petrochemicals Corporation Ltd,INE501A01019,A
EXCELINDUS,Excel Industries Ltd,INE369A01029,B
GRWRHITECH,Garware Hi-Tech Films Ltd,INE291A01017,A
GLAXO,GlaxoSmithKline Pharmaceuticals Ltd,INE159A01016,A
GNFC,Gujarat Narmada Valley Fertilizers & Chemicals Ltd,INE113A01013,A
NOVARTIND,Novartis India Ltd,INE234A01025,B
SANOFI,Sanofi India Ltd,INE058A01010,A
PFIZER,Pfizer Ltd,INE182A01018,A
GSFC,Gujarat State Fertilizers & Chemicals Ltd,INE026A01025,A
HINDUNILVR,Hindustan Unilever Ltd,INE030A01027,A
JSWDULUX,JSW Dulux Ltd,INE133A01011,A
NOCIL,NOCIL Ltd,INE163A01018,B
TATACHEM,Tata Chemicals Ltd,INE092A01019,A
TNPETRO,Tamilnadu Petroproducts Ltd,INE148A01019,B
ZUARIIND,Zuari Industries Ltd,INE217A01012,B
NESTLEIND,Nestle India Ltd,INE239A01024,A
TATACONSUM,Tata Consumer Products Ltd,INE192A01025,A
ASIANPAINT,Asian Paints Ltd,INE021A01026,A
BRITANNIA,Britannia Industries Ltd,INE216A01030,A
COLPAL,Colgate Palmolive (India) Ltd,INE259A01022,A
EIHOTEL,EIH Ltd,INE230A01023,A
INDHOTEL,Indian Hotels Company Ltd,INE053A01029,A
CASTROLIND,Castrol India Ltd,INE172A01027,A
ITC,ITC Ltd,INE154A01025,A
APOLLOTYRE,Apollo Tyres Ltd,INE438A01022,A
CEATLTD,Ceat Ltd,INE482A01020,A
MODIRUBBER,Modi Rubber Ltd,INE832A01018,B
FINPIPE,Finolex Industries Ltd,INE183A01024,A
SUNRINV,Sunrise Industrial Traders Ltd,INE371U01015,XT
ZGOLDINV,Gold Rock Investments Ltd,INE598F01014,XT
DSINVEST,Dalal Street Investments Ltd,INE422D01012,XT
CENTRUM,Centrum Capital Ltd,INE660C01027,B
KARTKIN,Kartik Investments Trust Ltd,INE524U01019,XT
TCIFINANCE,TCI Finance Ltd,INE911B01018,B
ANTARIKSH,Antariksh Industries Ltd,INE825M01017,XT
IITL,Industrial Investment Trust Ltd,INE886A01014,B
INDPRUD,Industrial & Prudential Investment Company Ltd,INE620D01011,B
TATAINVEST,Tata Investment Corporation Ltd,INE672A01026,A
JAYBHCR,Jayabharat Credit Ltd-$,INE998D01011,XT
PRISMX,Prismx Global Ventures Ltd,INE286N01028,X
MOTOGENFIN,Motor & General Finance Ltd,INE861B01023,B
RAPIDIN,Rapid Investments Ltd,INE154M01012,XT
WALCHPF,Walchand Peoplefirst Ltd,INE695D01021,X
EENTER,E & E Enterprises Ltd,INE094R01019,XT
WHBRADY,WH Brady & Company Ltd,INE855A01019,X
TECHNVISN,TechNVision Ventures Ltd,INE314H01012,B
SHAILY,Shaily Engineering Plastics Ltd,INE151G01028,A
BBTC,The Bombay Burmah Trading Corporation Ltd,INE050A01025,A
BOMBCYC,Bombay Cycle & Motor Agency Ltd,INE691K01017,X
GREAVESCOT,Greaves Cotton Ltd,INE224A01026,A
MULLER,Muller & Phipps India Ltd,INE003F01015,X
SFTL,Springform Technology Ltd,INE02ZA01012,P
AMALGAM,Amalgamated Electricity Company Ltd,INE492N01022,XT
ANANDPROJ,Anand Projects Ltd,INE134R01013,XT
INDIANVSH,IndiaNivesh Ltd,INE131H01028,X
COASTCORP,Coastal Corporation Ltd,INE377E01024,B
CHOWGULSTM,Chowgule Steamships Ltd,INE490A01015,X
GARWAOFFS,Garware Offshore Services Ltd-$,INE446C01013,X
DHENUBUILD,Dhenu Buildcon Infra Ltd,INE758D01027,Z
ASIIL,ASI Industries Ltd,INE443A01030,X
SAGCEM,Sagar Cements Ltd-$,INE229C01021,B
DECCANCE,Deccan Cements Ltd-$,INE583C01021,B
MANGLMCEM,Mangalam Cement Ltd,INE347A01017,B
NCLIND,NCL Industries Ltd-$,INE732C01016,B
SAURASHCEM,Saurashtra Cement Ltd,INE626A01014,B
SHREDIGCEM,Shree Digvijay Cement Company Ltd-$,INE232A01011,B
BORORENEW,Borosil Renewables Ltd,INE666D01022,A
LERTHAI,Lerthai Finance Ltd,INE347D01011,XT
TRIVENIGQ,Triveni Glass Ltd-$,INE094C01011,X
NILACHAL,Nilachal Refractories Ltd,INE416N01013,X
ANDHRAPAP,Andhra Paper Ltd,INE435A01051,B
BALKRISIND,Balkrishna Industries Ltd-$,INE787D01026,A
ORIENTPPR,Orient Paper & Industries Ltd,INE592A01026,B
CITADEL,Citadel Realty and Developers Ltd,INE906D01014,X
ROLLT,Rollatainers Ltd,INE927A01040,T
SESHAPAPER,Seshasayee Paper and Boards Ltd,INE630A01024,B
NATHIND,Nath Industries Ltd,INE777A01023,X
VAPIENTER,Vapi Enterprise Ltd,INE464D01014,X
DCM,DCM Ltd,INE498A01018,B
ZGAEKWAR,Gaekwar Mills Ltd,INE837X01027,X
FORBESCO,Forbes & Company Ltd-$,INE518A01013,X
HPCOTTON,HP Cotton Textile Mills Ltd,INE950C01014,X
UNITEDINT,United Interactive Ltd,INE706D01018,X
JAMSHRI,Jamshri Realty Ltd-$,INE462D01034,X
KATRSPG,Katare Spinning Mills Ltd,INE498G01015,X
KESORAMIND,Kesoram Industries Ltd,INE087A01019,T
LAKSHMIMIL,Lakshmi Mills Company Ltd-$,INE938C01019,X
VTL,Vardhman Textiles Ltd,INE825A01020,A
PENINLAND,Peninsula Land Ltd,INE138A01028,T
PASUSPG,Pasupati Spinning & Weaving Mills Ltd,INE909B01020,X
PHOENIXLTD,The Phoenix Mills Ltd,INE211B01039,A
MARATHON,Marathon Nextgen Realty Ltd,INE182D01020,B
RAJABAH,Raja Bahadur International Ltd,INE491N01016,X
RELCHEMQ,Reliance Chemotex Industries Ltd-$,INE750D01016,B
RUBYMILLS,Ruby Mills Ltd,INE301D01026,B
SIMPLXREA,Simplex Realty Ltd,INE167H01014,X
SWANCORP,Swan Corp Ltd,INE665A01038,A
VICTMILL,Victoria Mills Ltd,INE203D01016,X
ZSVTRADI,SV Trading & Agencies Ltd,INE404N01019,XT
ZSVARAJT,Svaraj Trading & Agencies Ltd,INE406N01014,X
MANGLAM,Manglam Global Corporations Ltd,INE733N01011,X
SALSAIN,Shree Salasar Investments Ltd,INE315N01017,XT
APOLLOIN,Apollo Ingredients Ltd,INE314N01028,XT
ZODIACVEN,Zodiac Ventures Ltd,INE945J01027,XT
VEERENRGY,Veer Energy & Infrastructure Ltd,INE255E01030,X
TILAK,Tilak Ventures Ltd,INE026L01022,XT
UNIJOLL,Unijolly Investments Company Ltd,INE130N01010,XT
WAGEND,Wagend Infra Venture Ltd,INE786K01023,X
ELCIDIN,EL CID Investments Ltd,INE927X01018,B
MEDIAONE,Mediaone Global Entertainment Ltd,INE828I01019,Z
HEALINV,Healthy Investments Ltd,INE160N01017,XT
SHRENTI,Shreenath Investment Company Ltd,INE475V01012,XT
BANSWRAS,Banswara Syntex Ltd-$,INE629D01020,B
MODWOOL,Modella Woollens Ltd,INE380D01012,X
MODIPON,Modipon Ltd,INE170C01019,XT
SHRIDINE,Shri Dinesh Mills Ltd-$,INE204C01024,X
SRF,SRF Ltd,INE647A01010,A
SIYSIL,Siyaram Silk Mills Ltd-$,INE076B01028,B
SWADPOL,Swadeshi Polytex Ltd,INE243N01029,X
SHRAJSYNQ,Shree Rajasthan Syntex Ltd-$,INE796C01011,X
SHRMFGC,Shree Manufacturing Company Ltd,INE632A01012,X
ZSATYASL,Satyam Silk Mills Ltd,INE07MC01015,XT
BBL,Bharat Bijlee Ltd-$,INE464A01036,A
ELPROINTL,Elpro International Ltd,INE579B01039,B
GEE,GEE Ltd,INE064H01021,X
HIRECT,Hind Rectifiers Ltd,INE835D01023,B
NIPPOBATRY,Indo National Ltd,INE567A01028,B
ZENSARTECH,Zensar Technologies Ltd,INE520A01027,A
JYOTI,Jyoti Ltd-$,INE511D01012,X
JSLINDL,JSL Industries Ltd,INE581L01018,X
KAYCEEI,Kaycee Industries Ltd,INE813G01023,X
INDOKEM,Indokem Ltd,INE716F01012,T
PANAENERG,Panasonic Energy India Company Ltd-$,INE795A01017,X
NELCO,Nelco Ltd,INE045B01015,B
PERMAGN,Permanent Magnets Ltd-$,INE418E01018,X
HIGHENE,High Energy Batteries India Ltd,INE783E01023,X
STDBAT,Standard Batteries Ltd,INE502C01039,X
UNIVCABLES,Universal Cables Ltd,INE279A01012,B
WSI,W. S. Industries (India) Ltd-$,INE100D01014,B
DLTNCBL,Delton Cables Ltd,INE872E01016,X
LAKSELEC,Lakshmi Electrical Control Systems Ltd,INE284C01018,X
MODULEX,Modulex Construction Technologies Ltd,INE064R01012,Z
DELTAMAGNT,Delta Manufacturing Ltd,INE393A01011,B
LONGSPUR,Longspur International Ventures Ltd,INE180M01033,X
RELTD,Ravindra Energy Ltd,INE206N01018,B
EMPOWER,Empower India Ltd,INE507F01023,T
ZMULTIPU,Multipurpose Trading & Agencies Ltd,INE017P01014,XT
RIDHISYN,Ridhi Synthetics Ltd,INE07LK01010,XT
GRANDMA,Grandma Trading & Agencies Ltd,INE927M01029,X
ZARDIINV,Ardi Investments & Trading Company Ltd,INE0LKP01014,XT
IDREAM,IDream Film Infrastructure Company Ltd,INE459E01012,P
NYSSACORP,Nyssa Corporation Ltd,INE812K01027,X
FLOMIC,Flomic Global Logistics Ltd,INE952M01019,X
KRISHNA,Krishna Ventures Ltd,INE537L01010,XT
GANHOLD,Ganesh Holdings Ltd,INE932M01011,XT
UNIABEXAL,Uni Abex Alloy Products Ltd,INE361D01012,X
SARDAEN,Sarda Energy & Minerals Ltd-$,INE385C01021,A
BGWTATO,Bhagwati Autocast Ltd,INE106G01014,X
BOMBWIR,Bombay Wire Ropes Ltd,INE089T01023,X
GALADA,Galada Power & Telecommunication Ltd,INE255C01026,XT
AZADIND,Azad India Mobility Ltd,INE566M01017,X
INDIANHUME,Indian Hume Pipe Company Ltd,INE323C01030,B
INLCM,Indian Link Chain Manufacturers Ltd,INE359D01024,X
INVPRECQ,Investment & Precision Castings Ltd,INE155E01016,B
INFORTEC,Informed Technologies India Ltd,INE123E01014,X
KAIRA,Kaira Can Company Ltd,INE375D01012,X
ORIENTCER,Orient Ceratech Ltd-$,INE569C01020,B
NATIONSTD,National Standard (India) Ltd,INE166R01015,B
RATHIST,Rathi Steel & Power Ltd-$,INE336C01016,X
DUNCANENG,Duncan Engineering Ltd-$,INE340F01011,X
SANDUMA,Sandur Manganese & Iron Ores Ltd,INE149K01016,B
STOVACQ,Stovec Industries Ltd,INE755D01015,X
CHOLAHLDNG,Cholamandalam Financial Holdings Ltd,INE149A01033,A
ZWELCAST,Welcast Steels Ltd,INE380G01015,X
WMINIMT,Western Ministil Ltd,INE187U01015,P
AUTOAXLES,Automotive Axles Ltd,INE449A01011,B
ATLASCYCLE,Atlas Cycles (Haryana) Ltd,INE446A01025,B
AUTOPRD,Automobile Products of India Ltd,INE0NY101012,XT
ACGL,Automobile Corporation of Goa Ltd-$,INE451C01013,B
SETCO,Setco Automotive Ltd,INE878E01021,T
INRADIA,India Radiators Ltd,INE461Y01016,XT
TALBROAUTO,Talbros Automotive Components Ltd,INE187D01029,B
ZFSTEERING,ZF Steering Gear India Ltd-$,INE116C01012,B
SMLMAH,SML Mahindra Ltd,INE294B01019,B
TIL,TIL Ltd,INE806C01018,B
EICHERMOT,Eicher Motors Ltd,INE066A01021,A
JAINEX,Jainex Aamcol Ltd,INE280F01019,X
ALFREDHE,Alfred Herbert India Ltd,INE782D01027,X
VELJAN,Veljan Denison Ltd,INE232E01013,B
DYNAMATECH,Dynamatic Technologies Ltd-$,INE221B01012,B
GGDPROP,G. G. Dandekar Properties Ltd,INE631D01026,X
GMMPFAUDLR,GMM Pfaudler Ltd,INE541A01023,A
KIRLPNU,Kirloskar Pneumatic Company Ltd,INE811A01020,A
TULIVE,Tulive Developers Ltd,INE637D01015,XT
KPT,KPT Industries Ltd,INE731D01024,X
LAKSHMIEW,Lakshmi Engineering And Warehousing Ltd,INE718M01022,X
MANUGRAPH,Manugraph India Ltd-$,INE867A01022,B
HARSHILAGR,Harshil Agrotech Ltd,INE098E01026,XT
MONOT,Monotype India Ltd,INE811D01024,X
NESCO,NESCO Ltd,INE317F01035,B
INTEGRAEN,Integra Engineering India Ltd,INE984B01023,X
SEMAC,Semac Construction Ltd-$,INE617A01013,T
TEXINFRA,Texmaco Infrastructure & Holdings Ltd,INE435C01024,B
WENDT,Wendt (India) Ltd,INE274C01019,B
PSITINFRA,PS IT Infrastructure & Services Ltd,INE953M01033,XT
GHVINFRA,GHV Infra Projects Ltd,INE809Q01020,X
RESPONIND,Responsive Industries Ltd,INE688D01026,B
SHYMINV,Shyamkamal Investments Ltd,INE203N01015,X
ZHEMHOLD,Hem Holdings & Trading Ltd,INE721U01011,XT
MAHACORP,Maharashtra Corporation Ltd,INE272E01027,X
DOLATALGO,Dolat Algotech Ltd,INE966A01022,B
WESTLIFE,Westlife Foodworld Ltd,INE274F01020,A
ZEEL,Zee Entertainment Enterprises Ltd,INE256A01028,A
ZKOVALIN,Kovalam Investment & Trading Company Ltd,INE735U01011,X
SVPGLOB,SVP Global Textiles Ltd,INE308E01029,T
MULTIIN,Multiplus Holdings Ltd,INE886E01016,XT
SKYLMILAR,Skyline Millars Ltd,INE178E01026,X
BIMETAL,Bimetal Bearings Ltd-$,INE469A01019,B
TAPARIA,Taparia Tools Ltd,INE614R01014,XT
BHARATGEAR,Bharat Gears Ltd,INE561C01019,B
BRADYM,Brady & Morris Engineering Company Ltd,INE856A01017,X
LATIMMETAL,La Tim Metal & Industries Ltd,INE501N01020,X
ELECON,Elecon Engineering Company Ltd,INE205B01031,A
GRAUWEIL,Grauer & Weil India Ltd-$,INE266D01021,B
HIMTEK,Him Teknoforge Ltd,INE705G01021,X
GABRIEL,Gabriel India Ltd-$,INE524A01029,A
HERCULES,Hercules Investments Ltd,INE688E01024,X
ALGOQUANT,Algoquant Fintech Ltd,INE598D01035,B
IFBIND,IFB Industries Ltd,INE559A01017,B
SINGERIND,Singer India Ltd,INE638A01035,B
INTLCOMBQ,International Combustion India Ltd,INE403C01014,X
FMGOETZE,Federal-Mogul Goetze (India) Ltd,INE529A01010,B
JOSTS,Josts Engineering Company Ltd,INE636D01041,X
SCHAEFFLER,Schaeffler India Ltd,INE513A01022,A
RANEHOLDIN,Rane Holdings Ltd,INE384A01010,B
ROLCOEN,Rolcon Engineering Company Ltd,INE775R01013,P
SNL,SNL Bearings Ltd,INE568F01017,X
JAIPAN,Jaipan Industries Ltd,INE058D01030,X
MANCREDIT,Mangal Credit and Fincorp Ltd,INE545L01039,B
TRF,TRF Ltd-$,INE391D01019,B
WPIL,WPIL Ltd,INE765D01022,B
KENNAMET,Kennametal India Ltd-$,INE717A01029,B
HINDHARD,Hindustan Hardy Ltd,INE724D01011,X
TRITONV,Triton Valves Ltd,INE440G01017,X
SUDAI,Sudal Industries Ltd,INE618D01015,X
PRAKASH,Prakash Industries Ltd,INE603A01013,B
HVL,Hariyana Ventures Ltd,INE219D01012,ZP
ZPRBHSTE,Prabhu Steel Industries Ltd,INE821R01015,XT
ARSHIYA,Arshiya Ltd,INE968D01022,Z
GRINDWELL,Grindwell Norton Ltd-$,INE536A01023,A
LAKPRE,Lakshmi Precision Screws Ltd,INE651C01018,Z
STANROS,Stanrose Mafatlal Investments & Finance Ltd,INE441L01015,X
GENESYS,Genesys International Corporation Ltd,INE727B01026,B
ALNATRD,Alna Trading & Exports Ltd,INE07I701011,P
VOLKAI,Kairosoft AI Solutions Ltd,INE820M01018,XT
PARNAXLAB,Parnax Lab Ltd,INE383L01019,X
GOURMET,Gourmet Gateway India Ltd,INE512D01028,X
VIVIDHA,Visagar Polytex Ltd,INE370E01029,B
ISHWATR,Ishwarshakti Holdings & Traders Ltd,INE073I01012,XT
TERRAFORM,Terraform Magnum Ltd,INE122V01010,P
APIS,Apis India Ltd,INE070K01014,X
VELOX,Velox Shipping and Logistics Ltd,INE092P01017,XT
EMERGENT,Emergent Industrial Solutions Ltd,INE668L01013,XT
KANANIIND,Kanani Industries Ltd,INE879E01037,B
GSLTD,Galaxy Supermarket Ltd-$,INE403B01016,X
ZSARVAMA,Sarvamangal Mercantile Company Ltd,INE978L01016,XT
ARIHANTSUP,Arihant Superstructures Ltd,INE643K01018,B
VIKSHEN,Viksit Engineering Ltd,INE965V01020,XT
BLISSGVS,Bliss GVS Pharma Ltd,INE416D01022,B
STYRENIX,Styrenix Performance Materials Ltd,INE189B01011,A
ALEMBICLTD,Alembic Ltd,INE426A01027,B
AMNPLST,Amines & Plasticizers Ltd,INE275D01022,B
ANUHPHR,Anuh Pharma Ltd,INE489G01022,B
MODISONLTD,Modison Ltd-$,INE737D01021,B
BAYERCROP,Bayer CropScience Ltd,INE462A01022,A
STARSOURCE,Star Source Multi Trade Ltd,INE320M01019,X
CITURGIA,Citurgia Biochemicals Ltd,INE795B01031,X
SUDARCOLOR,Sudarshan Colorants India Ltd,INE492A01029,B
COROMANDEL,Coromandel International Ltd,INE169A01031,A
DEEPAKNTR,Deepak Nitrite Ltd-$,INE288B01029,A
DMCC,DMCC Speciality Chemicals Ltd,INE505A01010,B
FERMENTA,Fermenta Biotech Ltd,INE225B01021,B
GOCLCORP,GOCL Corporation Ltd-$,INE077F01035,B
JAYCH,Jayshree Chemicals Ltd,INE693E01016,X
KANORICHEM,Kanoria Chemicals & Industries Ltd,INE138C01024,T
KELENRG,KELTECH Energies Ltd,INE881E01017,X
KEMP,Kemp & Company Ltd,INE060E01018,X
NITTAGELA,Nitta Gelatin India Ltd-$,INE265B01019,B
MPAGI,MP Agro Industries Ltd,INE468C01017,X
AGVENTURES,AG Ventures Ltd-$,INE321D01016,X
PBGLOBAL,PB Global Ltd,INE615W01011,XT
PCBL,PCBL Chemical Ltd,INE602A01031,A
AMAL,Amal Ltd,INE841D01013,B
POLYCHEM,Polychem Ltd,INE752B01024,X
PUNJABCHEM,Punjab Chemicals & Crop Protection Ltd-$,INE277B01014,B
ZR2,ZR2 Bioenergy Ltd,INE218N01021,XT
SADHNANIQ,Sadhana Nitro Chem Ltd,INE888C01040,T
SUDARSCHEM,Sudarshan Chemical Industries Ltd,INE659A01023,A
TECILCHEM,Tecil Chemicals & Hydro Power Ltd,INE014B01011,B
ULTRAMAR,Ultramarine & Pigments Ltd-$,INE405A01021,B
TRANSPEK,Transpek Industry Ltd-$,INE687A01016,B
UNICHEMLAB,Unichem Laboratories Ltd,INE351A01035,B
MYSORPETRO,Mysore Petro Chemicals Ltd-$,INE741A01011,X
ALKYLAMINE,Alkyl Amines Chemicals Ltd-$,INE150B01039,A
TUTIALKA,Tuticorin Alkali Chemicals And Fertilizers Ltd,INE400A01014,X
ASTRAZEN,AstraZeneca Pharma India Ltd,INE203A01020,A
PRIMO,Primo Chemicals Ltd,INE607A01022,B
TANFACIND,TANFAC Industries Ltd-$,INE639B01023,B
GUJPETR,Gujarat Petrosynthese Ltd,INE636P01011,X
SWADEIN,Swadeshi Industries & Leasing Ltd,INE716M01034,XT
GUJTHEM,Gujarat Themis Biosyn Ltd,INE942C01045,B
SCBL,Saptak Chem And Business Ltd,INE467X01023,XT
MAKERSL,Makers Laboratories Ltd-$,INE987A01010,X
CONTCHM,Continental Chemicals Ltd,INE423K01015,X
JBCHEPHARM,JB Chemicals & Pharmaceuticals Ltd,INE572A01036,A
IGLFXPL-B,Indo Gulf Industries Ltd,INE684U01011,P
ADVPETR-B,Advance Petrochemicals Ltd,INE334N01018,XT
RAJSPTR,Rajasthan Petro Synthetics Ltd,INE374C01017,P
APTPACK,Apt Packaging Ltd,INE046E01025,XT
BLUECHIPT,Bluechip Tex Industries Ltd,INE472D01017,X
JAGAJITIND,Jagatjit Industries Ltd,INE574A01016,X
KESARENT,Kesar Enterprises Ltd-$,INE133B01027,X
TI,Tilaknagar Industries Ltd-$,INE133E01013,A
EMERALL,Emerald Leisures Ltd,INE044N01021,X
RAVALSUGAR,The Ravalgaon Sugar Farm Ltd,INE615A01025,X
SAKHTISUG,Sakthi Sugars Ltd,INE623A01011,B
WALCHANNAG,Walchandnagar Industries Ltd,INE711A01022,B
IFBAGRO,IFB Agro Industries Ltd,INE076C01018,T
KFBL,Kothari Fermentation & Biochem Ltd,INE991B01010,X
CAPRO,Caprolactam Chemicals Ltd,INE470N01010,X
GMBREW,GM Breweries Ltd,INE075D01018,B
RANASUG,Rana Sugars Ltd,INE625B01014,B
PICCASUG,Piccadily Sugar & Allied Industries Ltd,INE544C01023,X
SDBL,Som Distilleries & Breweries Ltd,INE480C01038,B
CJGEL,CJ Gelatine Products Ltd,INE557D01015,X
ASALCBR,Associated Alcohols & Breweries Ltd,INE073G01016,B
THAKKERS,Thakkers Group Ltd,INE04VT01017,X
CORAGRO,Coromandel Agro Products & Oils Ltd,INE495D01018,P
FOODSIN,Foods & Inns Ltd,INE976E01023,B
IVP,IVP Ltd,INE043C01018,B
KLRFM,Kovilpatti Lakshmi Roller Flour Mills Ltd,INE014E01015,X
OLYOI,Olympic Oil Industries Ltd,INE286E01019,X
MLKFOOD,Milkfood Ltd,INE588G01021,X
POLSON,Polson Ltd,INE339F01021,X
SIGNGCL,Signature Green Corporation Ltd,INE131O01024,X
WIPRO,Wipro Ltd,INE075A01022,A
ORIBEVER,Orient Beverages Ltd,INE247F01018,X
DHANUKA,Dhanuka Agritech Ltd,INE435G01025,B
TTKHLTCARE,TTK Healthcare Ltd-$,INE910C01018,B
TGVSL,TGV Sraac Ltd,INE284B01028,B
LIMECHM,Lime Chemicals Ltd,INE891G01011,X
KANPRPLA,Kanpur Plastipack Ltd,INE694E01014,B
TAINWALCHM,Tainwala Chemicals and Plastics (India) Ltd,INE123C01018,B
JAGSNPHARM,Jagsonpal Pharmaceuticals Ltd,INE048B01035,B
KHAICHEM,Khaitan Chemicals & Fertilizers Ltd,INE745B01028,T
UNTTEMI,United Leasing & Industries Ltd,INE357P01014,P
NOL,National Oxygen Ltd,INE296D01010,X
GILLETTE,Gillette India Ltd,INE322A01010,A
WIREFABR,Wires & Fabriks SA Ltd,INE469D01013,X
ANSALHSG,Ansal Housing Ltd-$,INE880B01015,X
COMPUPN,Computer Point Ltd,INE607B01012,X
MCCHRLS-B,Mac Charles India Ltd,INE435D01014,B
ADDIND,Addi Industries Ltd-$,INE757C01021,X
PIONRINV,Pioneer Investcorp Ltd,INE746D01014,B
ASHNOOR,Ashnoor Textile Mills Ltd,INE372I01018,X
UNITECH,Unitech Ltd,INE694A01020,B
VIPIND,VIP Industries Ltd-$,INE054A01027,A
FIBERWEB,Fiberweb India Ltd,INE296C01020,B
GYFTR,Gyftr Ltd,INE724A01017,B
EASTBUILD,East Buildtech Ltd,INE706N01017,X
MNPLFIN,Manipal Finance Corporation Ltd,INE798E01013,P
BAJAJST,Bajaj Steel Industries Ltd,INE704G01024,B
KIDUJA,Kiduja India Ltd,INE845A01028,X
KEYCORP,Key Corporation Ltd,INE130F01016,X
SHIKHARLETR,Shikhar Leasing & Trading Ltd,INE02BV01019,XT
GUJHOTE,Gujarat Hotels Ltd,INE621C01011,X
FYNX,Fynx Capital Ltd,INE455H01021,X
RASRESOR,Ras Resorts & Apart Hotels Ltd,INE651D01016,X
JOLYPLS,Jolly Plastic Industries Ltd,INE289M01016,XT
PARMCOS-B,Paramount Cosmetics India Ltd,INE143I01013,X
JINDHOT,Jindal Hotels Ltd,INE726D01016,X
DESIFARMS,Desi Farms India Ltd,INE358F01013,XT
JPTRLES,Jupiter Industries & Leasing Ltd,INE990E01016,P
SIMMOND,Simmonds Marshall Ltd,INE657D01021,XT
BNALTD,B & A Ltd,INE489D01011,B
HAWKINCOOK,Hawkins Cookers Ltd-$,INE979B01015,B
WARRENTEA,Warren Tea Ltd-$,INE712A01012,X
COCHMAL,Cochin Malabar Estates & Industries Ltd,INE788M01017,X
BESTEAST,Best Eastern Hotels Ltd,INE553F01035,X
NEAGI,Neelamalai Agro Industries Ltd,INE605D01012,B
ISTLTD,I S T Ltd,INE684B01029,B
COSMOFIRST,Cosmo First Ltd,INE757A01017,B
NEWMKTAVE,New Markets Avenue Ltd,INE800K01014,XT
APOLLOHOSP,Apollo Hospitals Enterprise Ltd,INE437A01024,A
NITINCAST,Nitin Castings Ltd,INE861H01020,X
NEXOME,Nexome Capital Markets Ltd,INE641A01013,X
EVERESTIND,Everest Industries Ltd,INE295A01018,B
IRONWOOD,Ironwood Education Ltd,INE791H01011,X
AYMSYNTEX,AYM Syntex Ltd,INE193B01039,B
PANCARBON,Panasonic Carbon India Company Ltd-$,INE013E01017,X
FINKURVE,Finkurve Financial Services Ltd,INE734I01027,B
HBLEAS,HB Leasing & Finance Company Ltd,INE549B01016,X
SHRICON,Shricon Industries Ltd,INE753D01010,XT
SULABEN,Sulabh Engineers & Services Ltd,INE673M01029,X
FRONTCAP,Frontier Capital Ltd,INE977E01013,X
NAVNETEDUL,Navneet Education Ltd,INE060A01024,B
KEDIACN,Kedia Construction Company Ltd,INE511J01027,XT
TRANOCE,Transoceanic Properties Ltd,INE074J01018,XT
AUSOMENT,AuSom Enterprise Ltd,INE218C01016,T
THAKRAL,Thakral Services India Ltd,INE190F01028,X
RUCHINFRA,Ruchi Infrastructure Ltd,INE413B01023,B
GOLDLEG,Golden Legand Leasing & finance Ltd,INE088E01019,X
VJTFEDU,VJTF Eduservices Ltd,INE117F01013,X
VOLLF,Voltaire Leasing & Finance Ltd,INE763D01019,X
NETLINK,Netlink Solutions India Ltd,INE040F01033,X
TRILIANCE,Triliance Polymers Ltd,INE778N01016,XT
LANCORHOL,Lancor Holdings Ltd,INE572G01025,B
INDINFO,Indian Infotech & Software Ltd,INE300B01022,X
BANASFN,Banas Finance Ltd,INE521L01030,X
VISAKAIND,Visaka Industries Ltd,INE392A01021,B
INFOMEDIA,Infomedia Press Ltd,INE669A01022,B
HATHWAYB,Hathway Bhawani Cabletel & Datacom Ltd,INE525B01016,X
GUFICBIO,Gufic Biosciences Ltd,INE742B01025,B
GRPLTD,GRP Ltd,INE137I01015,B
INDAG,Indag Rubber Ltd-$,INE802D01023,X
MMRUBBR-B,MM Rubber Company Ltd,INE159E01026,X
PTL,PTL Enterprises Ltd-$,INE034D01049,B
TVSSRICHAK,TVS Srichakra Ltd-$,INE421C01016,B
SEL,Sanathnagar Enterprises Ltd,INE367E01033,X
BENARAS,Benares Hotels Ltd,INE664D01019,B
BHAGWOX,Bhagawati Oxygen Ltd,INE026I01010,X
BOMOXY-B1,Bombay Oxygen Investments Ltd,INE01TL01014,X
CRAVATEX,Cravatex Ltd,INE145E01017,X
BERGEPAINT,Berger Paints India Ltd,INE463A01038,A
CAPRIHANS,Caprihans India Ltd-$,INE479A01018,X
GRAPHITE,Graphite India Ltd,INE371A01025,A
CEMPRO,Cemindia Projects Ltd,INE686A01026,A
EMPIND,Empire Industries Ltd,INE515H01014,X
GRAVISSHO,Graviss Hospitality Ltd,INE214F01026,B
GARFIBRES,Garware Technical Fibres Ltd,INE276A01018,A
GARWAMAR,Garware Marine Industries Ltd,INE925D01014,X
GOACARBON,Goa Carbon Ltd-$,INE426D01013,B
HARDCAS,Hardcastle & Waud Manufacturing Company Ltd,INE722D01015,X
HEG,HEG Ltd,INE545A01024,A
HINDCOMPOS,Hindustan Composites Ltd,INE310C01029,B
ZHINDHSG,Hindustan Housing Company Ltd,INE083O01019,XT
BIRLANU,Birlanu Ltd,INE557A01011,B
INDIANCARD,Indian Card Clothing Company Ltd,INE061A01014,B
INTLCONV,International Conveyors Ltd,INE575C01027,B
JAYSREETEA,Jay Shree Tea & Industries Ltd,INE364A01020,B
KOTIC,Kothari Industrial Corporation Ltd,INE972A01020,B
MODRNSH,Modern Shares & Stockbrokers Ltd,INE370A01019,X
MAPROIN,Mapro Industries Ltd,INE848M01019,X
OSEASPR,Oseaspre Consultants Ltd,INE880P01015,XT
HUHTAMAKI,Huhtamaki India Ltd,INE275B01026,B
PREMSYN,Premier Synthetics Ltd,INE940N01012,X
RJSHAH,RJ Shah & Company Ltd,INE712Z01019,P
SHAHCON,Shah Construction Company Ltd,INE02C301011,X
SHALPAINTS,Shalimar Paints Ltd-$,INE849C01026,B
SINNAR,Sinnar Bidi Udyog Ltd,INE896E01023,XT
HINDMILL,Hindoostan Mills Ltd,INE832D01020,X
ZSOUTGAS,Southern Gas Ltd,INE532U01012,P
TECHCON,Technojet Consultants Ltd,INE881P01013,XT
SUPREMEIND,Supreme Industries Ltd,INE195A01028,A
THACKER,Thacker & Company Ltd,INE077P01034,B
TRADWIN,Trade Wings Ltd,INE961E01017,XT
UPHOT,UP Hotels Ltd,INE726E01014,X
VSTIND,VST Industries Ltd,INE710A01016,B
SWASTIVI,Swasti Vinayaka Synthetics Ltd,INE804A01025,X
MADHUSE,Madhusudan Securities Ltd,INE856D01011,X
YAMNINV,Yamini Investments Company Ltd,INE457N01025,XT
PREMCAP,Premier Capital Services Ltd,INE946K01023,X
ZMILGFIN,Milgrey Finance & Investments Ltd,INE679T01013,X
JINDRILL,Jindal Drilling & Industries Ltd,INE742C01031,B
ZARCOLEA,Arco Leasing Ltd,INE955S01019,XT
KUSUMEL,Kusam Electrical Industries Ltd,INE175Q01018,XT
JUMBFNL,Jumbo Finance Ltd,INE122N01017,XT
SAKTHIFIN,Sakthi Finance Ltd,INE302E01014,X
EASYFIN,Easy Fincorp Ltd,INE407F01018,Z
AEROENTER,Aeroflex Enterprises Ltd-$,INE065D01027,B
JMDVL,JMD Ventures Ltd,INE047E01031,X
TVOLCON,Tivoli Construction Ltd,INE747V01014,XT
SHIVATEX,Shiva Texyarn Ltd,INE705C01020,B
VBDESAI,V B Desai Financial Services Ltd,INE848D01018,X
QUADRANT,Quadrant Televentures Ltd-$,INE527B01020,XT
1STCUS,First Custodian Fund India Ltd,INE609B01018,X
KAMANWALA,Kamanwala Housing Construction Ltd,INE344D01018,X
WSFX,WSFx Global Pay Ltd,INE549D01012,X
ANJANIFOODS,Anjani Foods Ltd,INE096I01021,X
RKDAGRRTL,RKD Agri & Retail Ltd,INE552N01023,XT
PARSHWANA,Parshwanath Corporation Ltd,INE635I01018,X
RAJVI,Rajvi Logitrade Ltd,INE381N01019,X
MILLENNIUM,Millennium Online Solutions ( India ) Ltd,INE570N01025,X
ICDSLTD,ICDS Ltd,INE613B01010,B
CANFINHOME,Can Fin Homes Ltd,INE477A01020,A
MUNCAPM,Munoth Capital Markets Ltd,INE910G01027,XT
IVC,IL&FS Investment Managers Ltd,INE050B01023,B
SHRIRAMFIN,Shriram Finance Ltd,INE721A01047,A
CHOLAFIN,Cholamandalam Investment and Finance Company Ltd,INE121A01024,A
BOMTALKIES,Bombay Talkies Ltd,INE910D01024,X
SAGARSYST,Sagar Systech Ltd,INE771Z01015,XT
ICONIKSPEV,Iconik Sports And Events Ltd,INE088P01015,X
VLSFINANCE,VLS Finance Ltd,INE709A01018,B
INDCEMCAP,India Cements Capital Ltd,INE429D01017,X
ADMANUM,Ad-Manum Finance Ltd,INE556D01017,X
MEHIF,Mehta Integrated Finance Ltd,INE240B01012,X
INTRGLB,Inter Globe Finance Ltd,INE661M01016,X
MCLTD,Munoth Communication Ltd,INE410E01015,X
SHRISTI,Shristi Infrastructure Development Corporation Ltd,INE472C01027,X
CREST,Crest Ventures Ltd,INE559D01011,B
VAKRANGEE,Vakrangee Ltd-$,INE051B01021,B
GUJCRED,Gujarat Credit Corporation Ltd,INE034B01019,X
SYLPH,Sylph Industries Ltd,INE706F01021,XT
DHARFIN,Dharani Finance Ltd,INE899D01011,X
ALEXANDER,Alexander Stamps And Coin Ltd,INE191N01012,X
INDBANK,Indbank Merchant Banking Services Ltd,INE841B01017,B
SHRYDUS,Shrydus Industries Ltd,INE488C01015,X
BHARAT,Bharat Bhushan Finance & Commodity Brokers Ltd,INE900A01013,X
CAPTRUST,Capital Trust Ltd,INE707C01018,T
USHAKIRA,Ushakiran Finance Ltd,INE697C01011,X
VIVOBIOT,Vivo Bio Tech Ltd,INE380K01017,X
VEERHEALTH,Veerhealth Care Ltd,INE882C01035,X
PANINDIAC,Pan India Corporation Ltd,INE376A01032,X
SAHARAHOUS,Sahara Housingfina Corporation Ltd,INE135C01012,X
NDASEC,NDA Securities Ltd,INE026C01013,XT
SUPRATRE,Supra Trends Ltd,INE533B01028,X
GSBFIN,GSB Finance Ltd,INE777C01011,X
MORARKFI,Morarka Finance Ltd,INE367A01015,X
MONARCH,Monarch Networth Capital Ltd,INE903D01011,B
PROFINC,Pro Fin Capital Services Ltd,INE732K01027,Z
TEAMGTY,Team India Guaranty Ltd,INE289C01025,B
SANCF,Sanchay Finvest Ltd,INE654D01010,Z
CRESCENTIS,Crescentis Capital Ltd,INE754C01010,X
MANTRA,Mantra Capital Ltd,INE304E01010,X
BEFOUNDMOL,Befound Movement Ltd,INE425F01028,X
AVONMORE,Avonmore Capital & Management Services Ltd,INE323B01024,B
LIBORDFIN,Libord Finance Ltd,INE212B01011,X
YASHMGM,Yash Management & Satellite Ltd,INE216B01012,X
ARIHANTCAP,Arihant Capital Markets Ltd,INE420B01036,B
ISLCONSUL,ISL Consulting Ltd,INE569B01022,X
DCMFINSERV,DCM Financial Services Ltd,INE891B01012,T
RRFIN,RR Financial Consultants Ltd,INE229D01011,X
FEDDERSHOL,Fedders Holding Ltd,INE417D01020,B
SAMBHAAV,Sambhaav Media Ltd,INE699B01027,B
DJSSS,DJS Stock & Shares Ltd,INE234E01027,X
SUGALDAM,Sugal & Damani Share Brokers Ltd,INE309D01011,X
NETTLINX,Nettlinx Ltd,INE027D01019,X
BGIL,BGIL Films & Technologies Ltd,INE443D01018,X
SCANSTL,Scan Steels Ltd,INE099G01011,B
GICHSGFIN,GIC Housing Finance Ltd,INE289B01019,B
AJCON,Ajcon Global Services Ltd,INE759C01027,X
CHRTEDCA,Chartered Capital & Investment Ltd,INE953B01010,X
STANCAP,Standard Capital Markets Ltd,INE625D01028,X
YOGI,YOGI Ltd,INE290E01011,X
CUBIFIN,Cubical Financial Services Ltd,INE717D01023,XT
RELICTEC,Relic Technologies Ltd,INE452B01013,X
NIMBSPROJ,Nimbus Projects Ltd,INE875B01015,T
INVIGO,Invigorated Business Consulting Ltd,INE359A01012,X
BAIDFIN,Baid Finserv Ltd,INE020D01022,B
VIPULLTD,Vipul Ltd,INE946H01037,B
KZLFIN,KZ Leasing & Finance Ltd,INE006C01015,X
MEHSECU,Mehta Securities Ltd,INE241B01010,X
RFL,Ruparel Food Products Ltd,INE239B01014,XT
UGROCAP,Ugro Capital Ltd,INE583D01011,B
SAHLIBHFI,Shalibhadra Finance Ltd,INE861D01011,B
ABIRAFN,Abirami Financial Services India Ltd,INE195I01013,Z
MANSIFIN,Mansi Finance (Chennai) Ltd,INE094E01017,X
AASTAFIN,Aastamangalam Finance Ltd,INE819K01014,X
MUTHOOTCAP,Muthoot Capital Services Ltd,INE296G01013,B
MASTERTR,Master Trust Ltd,INE677D01037,B
ZNILKENG,Nilkanth Engineering Ltd,INE582V01015,P
EFCIL,EFC (I) Ltd,INE886D01026,B
SOBME,Sobhagya Mercantile Ltd,INE754D01018,X
TTGIL,Tomorrow Technologies Global Innovations Ltd,INE135H01029,X
ZSARACOM,Saraswati Commercial India Ltd,INE967G01019,B
WINROC,Winro Commercial India Ltd,INE837E01019,XT
ASGARD,Asgard Alcobev Ltd,INE767M01029,X
VEGA,Vega Jewellers Ltd,INE603D01017,XT
SKYBIOTECH,Skybiotech Healthcare Ltd,INE393H01016,X
TCC,TCC Concept Ltd,INE887D01016,B
ROYALIND,Royal India Corporation Ltd,INE510H01015,XT
DHANSAFAL,Dhansafal Finserve Ltd,INE195E01020,X
SHYAM,Ventura Guaranty Ltd,INE139J01019,P
TANDHANIN,Tandhan Industries Ltd,INE896J01014,XT
WARDHEALTH,Wardwizard Healthcare Ltd,INE048E01013,P
VISVEN,Vishvprabha Ventures Ltd,INE762D01011,X
MRUTR,Mrugesh Trading Ltd,INE738D01029,XT
DECNGOLD,Deccan Gold Mines Ltd,INE945F01025,B
UPL,UPL Ltd,INE628A01036,A
GDIL,Global Defence Industries Ltd,INE425H01016,XT
CRANESSOFT,Cranes Software International Ltd,INE234B01023,Z
SAICOM,Saianand Commercial Ltd,INE092G01024,X
EY,Eyantra Ventures Ltd,INE750G01019,XT
TRIPR,Triochem Products Ltd,INE331E01013,XT
NIDHGRN,Nidhi Granites Ltd,INE276H01013,XT
AVIVA,Aviva Industries Ltd,INE461H01011,X
ROSEMER,Rose Merc Ltd,INE649C01012,X
TWIROST,Twin Roses Trades & Agencies Ltd,INE436U01016,XT
SIGIND,Signet Industries Ltd,INE529F01035,B
KAJALSY,Kajal Synthetics & Silk Mills Ltd,INE956V01011,XT
AVANCE,Avance Technologies Ltd,INE758A01072,X
MLINDLTD,M Lakhamsi Industries Ltd,INE808W01012,XT
TERRAREAL,Terraform Realstate Ltd,INE123V01018,P
SECURKLOUD,Securekloud Technologies Ltd,INE650K01021,B
ABANSENT,Abans Enterprises Ltd,INE365O01028,T
VAMA,Vama Industries Ltd,INE685D01022,X
SUNTECK,Sunteck Realty Ltd,INE805D01034,A
BENTCOM,Bentley Commercial Enterprises Ltd,INE496M01017,P
SILVERO,Silveroak Commercials Ltd,INE798C01017,Z
CLASELE,Classic Electricals Ltd,INE02BR01017,XT
PRISMMEDI,Prism Medico and Pharmacy Ltd,INE730E01016,XT
SPVGLOBAL,SPV Global Trading Ltd,INE177E01010,XT
VERITAS,Veritas (India) Ltd,INE379J01029,XT
JAICORPLTD,Jai Corp Ltd,INE070D01027,B
ZNIVITRD,Nivi Trading Ltd,INE552F01011,P
ASHCAP,Ashirwad Capital Ltd,INE894A01026,X
SVARTCORP,Swasti Vinayaka Art And Heritage Corporation Ltd,INE895A01023,X
BAJGLOB,Bajaj Global Ltd,INE553H01015,XT
AVONMERC,Avon Mercantile Ltd,INE471D01019,XT
MMWL,Media Matrix Worldwide Ltd,INE200D01020,T
TASHIND,Tashi India Ltd,INE552H01017,XT
AUTOINT,Autoriders International Ltd,INE340U01010,X
ZSPEEDCO,Speedage Commercials Ltd,INE497M01015,P
BHAGYANGR,Bhagyanagar India Ltd,INE458B01036,T
CHMBBRW,Chambal Breweries & Distilleries Ltd,INE417N01011,XT
ZMANSOON,Mansoon Trading Company Ltd,INE776V01013,P
TYPHOON,Typhoon Holdings Ltd,INE2L3M01012,XT
SGMART,SG Mart Ltd,INE385F01024,B
ARAVALIS,Aravali Securities & Finance Ltd,INE068C01015,X
LEXGLOBAL,Lexora Global Ltd,INE745A01012,XT
CUPIDALBV,Cupid Breweries And Distilleries Ltd,INE108G01010,XT
ZSHERAPR,Sheraton Properties & Finance Ltd,INE495M01019,P
MAGANTR,Magnanimous Trade & finance Ltd,INE664N01018,XT
CRSL,Cressanda Railway Solutions Ltd,INE716D01033,X
STARTECK,Starteck Finance Ltd,INE992I01013,B
SHARDUL,Shardul Securities Ltd,INE037B01020,B
SERA,Sera Investments & Finance India Ltd,INE017I01027,X
BENGALS,Bengal Steel Industries Ltd,INE523W01017,P
UNIWSEC,Uniworth Securities Ltd,INE728J01019,XT
MERCTRD,Mercury Trade Links Ltd,INE319T01016,X
NIRAVCOM,Nirav Commercials Ltd,INE242B01018,X
WHITHAL,White Hall Commercial Company Ltd,INE416X01012,XT
ASUTENT,Asutosh Enterprise Ltd,INE508W01018,P
APOLLOFI,Apollo Finvest India Ltd,INE412D01013,X
ESQRMON,Esquire Money Guarantees Ltd,INE0HMN01013,XT
ENBETRD,Enbee Trade & Finance Ltd,INE993I01029,X
GANONPRO,Ganon Products Ltd,INE162L01017,X
DEVITRD,Devinsu Trading Ltd,INE07LH01016,XT
SHRJAGP,Shri Jagdamba Polymers Ltd,INE564J01026,X
LLOYDSME,Lloyds Metals and Energy Ltd,INE281B01032,A
PUNCTRD,Punctual Trading Ltd,INE07NX01019,P
LLOYDSENT,Lloyds Enterprises Ltd,INE080I01025,A
BETXIND,Betex India Ltd,INE765L01017,X
VIRYA,Virya Resources Ltd,INE661K01010,XT
DHANCOT,Dhanlaxmi Cotex Ltd,INE977F01010,XT
OASISEC,Oasis Securities Ltd,INE876A01023,XT
GARNETINT,Garnet International Ltd,INE590B01010,X
SHALPRO,Shalimar Productions Ltd,INE435E01020,X
MEENST,Meenakshi Steel Industries Ltd,INE721V01019,Z
VARUNME,Varun Mercantile Ltd,INE442U01014,XT
VINVANI,Vinayak Vanijya Ltd,INE132V01019,XT
DONEAR,Donear Industries Ltd-$,INE668D01028,B
SUPER,Super Sales India Ltd-$,INE091C01017,X
VIYASH,Viyash Scientific Ltd,INE807F01027,B
STCINDIA,State Trading Corporation of India Ltd,INE655A01013,B
ZENITHEXPO,Zenith Exports Ltd,INE058B01018,B
KOHINOOR,Kohinoor Foods Ltd,INE080B01012,B
NEELKANTH,Neelkanth Ltd-$,INE581D01015,X
AVANTIFEED,Avanti Feeds Ltd-$,INE871C01038,A
ZODJRDMKJ,Zodiac-JRD-MKJ Ltd,INE077B01018,X
SITAENT,Sita Enterprises Ltd,INE579D01019,X
PULSRIN,Pulsar International Ltd,INE183U01022,X
MANBRO,Manbro Industries Ltd,INE348N01042,X
KEYFINSERV,Keynote Financial Services Ltd,INE681C01015,B
ADANIENT,Adani Enterprises Ltd,INE423A01024,A
ASTALLTD,Astal Laboratories Ltd,INE307N01014,X
HARIAEXPO,Haria Exports Ltd-$,INE772B01014,X
BHANDARI,Bhandari Hosiery Exports Ltd,INE474E01029,T
RLF,RLF Ltd,INE629C01014,X
REGENTRP,Regent Enterprises Ltd,INE769D01016,X
ORBTEXP,Orbit Exports Ltd,INE231G01010,B
SAVERA,Savera Industries Ltd,INE104E01014,X
CHROME,Chrome Silicon Ltd-$,INE114E01013,X
ZJEETMAC,Jeet Machine Tools Ltd,INE987E01012,XT
NAVA,Nava Ltd,INE725A01030,A
ZHINUDYP,Hindusthan Udyog Ltd,INE582K01018,XT
REMIEDEL,Remi Edelstahl Tubulars Ltd,INE158G01015,X
GSAUTO,GS Auto International Ltd,INE736H01024,X
TRANSFRE,Trans Freight Containers Ltd,INE360D01014,X
SBCL,Shivalik Bimetal Controls Ltd,INE386D01027,B
GANDHITUBE,Gandhi Special Tubes Ltd-$,INE524B01027,B
AMFORG,Amforge Industries Ltd,INE991A01020,X
ORICONENT,Oricon Enterprises Ltd-$,INE730A01022,B
ACROW,Acrow India Ltd,INE950D01012,X
STLSTRINF,Steel Strips Infrastructures Ltd,INE205F01016,X
PENIND,Pennar Industries Ltd-$,INE932A01024,B
JYOTISTRUC,Jyoti Structures Ltd,INE197A01024,A
JAYUSH,Jay Ushin Ltd,INE289D01015,X
SSWL,Steel Strips Wheels Ltd-$,INE802C01033,B
MANINDS,Man Industries (India) Ltd-$,INE993A01026,B
IMEC,Imec Services Ltd,INE611C01020,X
MDRNSTL,Modern Steels Ltd-$,INE001F01019,X
BELDING,Belding India Ltd,INE363L01045,X
GUJTLRM,Gujarat Toolroom Ltd,INE145J01032,B
AJMERA,Ajmera Realty & Infra India Ltd,INE298G01035,B
COCHINM,Cochin Minerals & Rutiles Ltd-$,INE105D01013,X
INDIAHOMES,India Homes Ltd,INE072A01029,XT
KVFORGE,Krishanveer Forge Ltd,INE013J01016,X
CARBORUNIV,Carborundum Universal Ltd,INE120A01034,A
MMTC,MMTC Ltd,INE123F01029,A
VALLABHSQ,Vallabh Steels Ltd-$,INE457E01016,X
SMFIL,Smiths & Founders (India) Ltd,INE728B01032,X
BLOIN,Bloom Industries Ltd,INE373E01015,X
MAITRI,Maitri Enterprises Ltd,INE501L01024,XT
SHAHALLOYS,Shah Alloys Ltd,INE640C01011,B
ELANGO,Elango Industries Ltd,INE594D01018,XT
KANSHST,Kanishk Steel Industries Ltd,INE791E01018,X
MAHALXSE,Mahalaxmi Seamless Ltd-$,INE257F01017,Z
SIMPLEXCAS,Simplex Castings Ltd,INE658D01011,X
SSWRL,Shree Steel Wire Ropes Ltd,INE387D01025,X
SIZEMASTER,Sizemasters Technology Ltd,INE235U01012,XT
SOUTHMG,Southern Magnesium & Chemicals Ltd,INE308N01012,X
BAROEXT,Baroda Extrusion Ltd,INE927K01023,X
GUJCONT,Gujarat Containers Ltd,INE276I01011,P
KALYANIFRG,Kalyani Forge Ltd,INE314G01014,B
PANCHMAHQ,Panchmahal Steel Ltd,INE798F01010,X
ADITYA,Aditya Ispat Ltd,INE570B01012,X
STEELCAS,Steelcast Ltd,INE124E01038,B
PITTIENG,Pitti Engineering Ltd-$,INE450D01021,B
GLITTEKG,Glittek Granites Ltd,INE741B01027,XT
PRADPME,Pradeep Metals Ltd,INE770A01010,B
GNRL,Gujarat Natural Resources Ltd,INE207H01018,B
TNSTLTU,Tamilnadu Steel Tubes Ltd,INE176E01012,P
MSCTC,Mardia Samyoung Capillary Tubes Company Ltd,INE277E01026,X
SHRDAIS,Sharda Ispat Ltd,INE385M01012,X
MAHASTEEL,Mahamaya Steel Industries Ltd,INE451L01014,T
NOVIS,Nova Iron & Steel Ltd,INE608C01026,X
STERPOW,Sterling Powergensys Ltd,INE067E01013,XT
HINDCOPPER,Hindustan Copper Ltd,INE531E01026,A
TULSYAN,Tulsyan NEC Ltd-$,INE463D01016,XT
AXELPOLY,Axel Polymers Ltd,INE197C01012,X
NLCINDIA,NLC India Ltd,INE589A01014,A
SPECTRA,Spectra Industries Ltd,INE848B01012,Z
KAJARIR,KIC Metaliks Ltd,INE434C01027,X
SOLIDSTON,Solid Stone Company Ltd,INE584G01012,X
SHILGRAVQ,Shilp Gravures Ltd-$,INE960A01017,X
WHITEORG,White Organic Agro Ltd,INE146C01019,X
MFSINTRCRP,MFS Intercorp Ltd,INE614F01019,XT
AROGRANITE,Aro Granite Industries Ltd-$,INE210C01013,B
RUDRAECO,Rudra Ecovation Ltd,INE723D01021,X
RAJKSYN,Rajkamal Synthetics Ltd,INE376L01013,X
DEEPAKSP,Deepak Spinners Ltd-$,INE272C01013,X
LOYALTEX,Loyal Textile Mills Ltd-$,INE970D01010,T
HIMATSEIDE,Himatsingka Seide Ltd,INE049A01027,B
BSL,BSL Ltd,INE594B01012,B
NEWTRAC,Newtrac Foods & Beverages Ltd,INE229N01010,X
PBMPOLY,PBM Polytex Ltd-$,INE501F01018,X
ADINATH,Adinath Textiles Ltd,INE207C01019,XT
SURYALA,Suryalata Spinning Mills Ltd-$,INE132C01027,B
TTL,T T Ltd-$,INE592B01024,B
WELSPUNLIV,Welspun Living Ltd,INE192B01031,A
INDIANACRY,Indian Acrylics Ltd,INE862B01013,X
GANECOS,Ganesha Ecosphere Ltd,INE845D01014,A
CEETAIN,Ceeta Industries Ltd,INE760J01012,X
VARDMNPOLY,Vardhman Polytex Ltd,INE835A01029,T
BLACKROSE,Black Rose Industries Ltd,INE761G01016,B
STCORP,S & T Corporation Ltd,INE110Q01023,XT
SUMEETINDS,Sumeet Industries Ltd-$,INE235C01036,B
RAMGOPOLY,Ramgopal Polytex Ltd,INE410D01017,XT
SANGAMIND,Sangam India Ltd,INE495C01010,B
TTLEL,TTL Enterprises Ltd,INE664X01025,XT
MKVENTURES,Mkventures Capital Ltd,INE874A01010,X
KUSHIND,Kush Industries Ltd,INE979D01011,X
SRECR,Sreechem Resins Ltd,INE377C01010,P
SURBHIN,Surbhi Industries Ltd,INE899E01019,XT
SEASONST,Seasons Textiles Ltd-$,INE707B01010,X
ZENIFIB,Zenith Fibres Ltd-$,INE106C01013,X
BHILSPIN,Bhilwara Spinners Ltd,INE436C01014,X
VGL,Varvee Global Ltd,INE273D01027,B
SANTETX,Sanrhea Technical Textiles Ltd,INE589J01015,X
ASHIMASYN,Ashima Ltd,INE440A01010,B
PIONEEREMB,Pioneer Embroideries Ltd-$,INE156C01018,B
VIPPYSP,Vippy Spinpro Ltd,INE660D01017,X
JAIHIND,Jaihind Industries Ltd,INE156E01014,X
RAGHUSYN,Raghuvir Synthetics Ltd,INE969C01022,X
JATTAINDUS,Jattashankar Industries Ltd,INE722N01014,X
KAMADGIRI,Kamadgiri Fashion Ltd-$,INE535C01013,XT
OMNITEX,Omnitex Industries India Ltd,INE814D01010,XT
PATSPINLTD,Patspin India Ltd,INE790C01014,X
ONEGLOBAL,One Global Service Provider Ltd,INE670O01013,X
NEOINFRA,Neo Infracon Ltd,INE216I01017,X
CCME,CCME Global Ltd,INE194N01016,XT
WINSOME,Winsome Yarns Ltd,INE784B01035,Z
PREMIERPOL,Premier Polyfilm Ltd,INE309M01020,T
EVERFIN,Everlon Financials Ltd,INE339D01034,X
KRRAIL,K&R Rail Engineering Ltd,INE078T01026,X
YARNSYN,Yarn Syndicate Ltd,INE564C01013,X
GUJCOTEX,Gujarat Cotex Ltd,INE004C01028,XT
GARWSYN,Garware Synthetics Ltd,INE340D01016,X
ECOHOTELS,Eco Hotels And Resorts Ltd,INE638N01012,XT
SARUPINDUS,Sarup Industries Ltd-$,INE305D01019,XT
OXFORDIN,Oxford Industries Ltd,INE114D01015,XT
MANORG,Mangalam Organics Ltd,INE370D01013,T
HINDADH,Hindustan Adhesives Ltd,INE074C01013,X
BPAGRI,Blue Pearl Agriventures Ltd,INE439N01031,B
SRIKPRIND,Sri KPR Industries Ltd,INE009C01019,X
JYOTIRES,Jyoti Resins & Adhesives Ltd,INE577D01013,B
MHLXMIRU,Mahalaxmi Rubtech Ltd,INE112D01035,B
SOUTLAT,Southern Latex Ltd,INE410M01018,X
WINSOMTX,Winsome Textile Industries Ltd-$,INE837B01031,B
MODINSU,Modern Insulators Ltd,INE219W01012,XT
REGENCERAM,Regency Ceramics Ltd,INE277C01012,B
ASAHIINDIA,Asahi India Glass Ltd,INE439A01020,A
MURUDCERA,Murudeshwar Ceramics Ltd,INE692B01014,B
SEKURITIND,Saint Gobain Sekurit India Ltd,INE068B01017,B
ANANTRAJ,Anant Raj Ltd-$,INE242C01024,A
MADHUDIN,Madhusudan Industries Ltd,INE469C01023,X
RESTILE,Restile Ceramics Ltd,INE298E01022,X
MADHAV,Madhav Marbles & Granites Ltd,INE925C01016,B
HALDYNGL,Haldyn Glass Ltd-$,INE506D01020,B
DUROPLY,Duroply Industries Ltd,INE932D01010,X
SHREYANIND,Shreyans Industries Ltd-$,INE231C01019,B
AGIOPAPER,Agio Paper & Industries Ltd-$,INE112C01011,X
STARPAPER,Star Paper Mills Ltd,INE733A01018,B
PAKKA,Pakka Ltd-$,INE551D01018,B
TAHMARENT,Tahmar Enterprises Ltd,INE385D01029,X
KSSMART,KS Smart Technologies Ltd,INE737E01011,X
NATPLY,National Plywood Industries Ltd,INE497C01016,Z
ARROWGREEN,Arrow Greentech Ltd,INE570D01018,B
VISHNU,Vishnu Chemicals Ltd,INE270I01022,B
JUMBO,Jumbo Bag Ltd,INE699D01015,X
NRAIL,NR Agarwal Industries Ltd,INE740D01017,B
3PLAND,3P Land Holdings Ltd,INE105C01023,B
SANPA,Sangal Papers Ltd,INE384D01022,X
VENTURA,Ventura Textiles Ltd,INE810C01044,X
SHKARTP,Shree Karthik Papers Ltd,INE538D01015,X
STHINPA,South India Paper Mills Ltd,INE088G01014,X
FAMILYCARE,Family Care Hospitals Ltd,INE146N01016,X
VINDHYATEL,Vindhya Telelinks Ltd,INE707A01012,B
RIR,RIR Power Electronics Ltd,INE302D01024,B
ADOR,Ador Welding Ltd,INE045A01017,B
IDM,International Data Management Ltd,INE649R01010,XT
SALZERELEC,Salzer Electronics Ltd-$,INE457F01013,B
JETKINGQ,Jetking Infotrain Ltd,INE919C01019,X
INDAGIV,Ind Agiv Commerce Ltd,INE115E01010,X
APLAB,Aplab Ltd-$,INE273A01015,XT
PCS,PCS Technology Ltd,INE834B01012,X
USHAMART,Usha Martin Ltd,INE228A01035,A
SPELS,SPEL Semiconductor Ltd,INE252A01019,X
SUBROS,Subros Ltd,INE287B01021,B
EDVENSWA,Edvenswa Enterprises Ltd,INE125G01014,XT
PERVASIVE,Pervasive Commodities Ltd,INE443P01038,XT
HONAUT,Honeywell Automation India Ltd,INE671A01010,A
SWITCHTE,Switching Technologies Gunther Ltd,INE311D01017,X
LUMAXIND,Lumax Industries Ltd,INE162B01018,B
DIGISPICE,Digispice Technologies Ltd-$,INE927C01020,T
CALCOM,Calcom Vision Ltd,INE216C01010,X
DYNAVSN,Dynavision Ltd,INE083E01010,X
BCCFUBA,BCC Fuba India Ltd,INE788D01016,XT
PRECISIO,Precision Electronics Ltd,INE143C01024,X
FINELINE,Fine Line Circuits Ltd,INE087E01011,X
HBLENGINE,HBL Engineering Ltd-$,INE292B01021,A
S&SPOWER,S&S Power Switchgear Ltd,INE902B01017,T
RNITAI,Rnit Ai Solutions Ltd,INE335Q01026,XT
GUJARATPOLY,Gujarat Poly Electronics Ltd,INE541F01022,X
GIPCL,Gujarat Industries Power Company Ltd,INE162A01010,B
MAGNUS,Magnus Steel and Infra Ltd,INE898E01011,XT
MOTHERSON,Samvardhana Motherson International Ltd,INE775A01035,A
MODMA,Modern Malleables Ltd,INE834C01028,P
MINDTECK,Mindteck (India) Ltd,INE110B01017,B
HAVELLS,Havells India Ltd,INE176B01034,A
ACIIN,ACI Infocom Ltd,INE167B01025,X
SBECSYS,SBEC Systems India Ltd,INE689V01018,X
INCAP,Incap Ltd,INE437C01012,X
GUJINTRX,Gujarat Intrux Ltd-$,INE877E01015,X
IGARASHI,Igarashi Motors India Ltd,INE188B01013,B
SYMPHONY,Symphony Ltd,INE225D01027,B
REGANTO,Reganto Enterprises Ltd,INE043B01028,Z
PANELEC,Pan Electronics India Ltd,INE648E01010,X
VXLINSTR,VXL Instruments Ltd,INE756A01019,XT
SHYAMTEL,Shyam Telecom Ltd,INE635A01023,T
LEENEE,Lee & Nee Softwares Exports Ltd,INE791B01014,X
PATELSAI,Patels Airtemp India Ltd,INE082C01024,XT
BUTTERFLY,Butterfly Gandhimathi Appliances Ltd,INE295F01017,B
ATHENAGLO,Athena Global Technologies Ltd-$,INE576B01019,XT
NARMP,Narmada Macplast Drip Irrigation Systems Ltd,INE060D01028,X
DUTRON,Dutron Polymers Ltd-$,INE940C01015,X
RSSOFTWARE,R.S. Software (India) Ltd,INE165B01029,T
MAGNAELQ,Magna Electro Castings Ltd-$,INE437D01010,XT
MARSONS,Marsons Ltd,INE415B01044,B
ELNET,Elnet Technologies Ltd-$,INE033C01019,X
ACCEL,Accel Ltd,INE258C01038,X
WEBELSOLAR,Websol Energy System Ltd,INE855C01023,A
ROTO,Roto Pumps Ltd,INE535D01037,B
TTKPRESTIG,TTK Prestige Ltd,INE690A01028,A
DHINDIA,D & H India Ltd-$,INE589D01018,XT
RAJRATAN,Rajratan Global Wire Ltd,INE451D01029,B
SURANAT&P,Surana Telecom and Power Ltd,INE130B01031,B
ONWARDTEC,Onward Technologies Ltd,INE229A01017,B
CENTUM,Centum Electronics Ltd,INE320B01020,B
ALFATRAN,Alfa Transformers Ltd,INE209C01015,XT
NHCFOODS,NHC Foods Ltd,INE141C01036,XT
PVP,PVP Ventures Ltd,INE362A01016,B
TRIGYN,Trigyn Technologies Ltd,INE948A01012,B
KEI,KEI Industries Ltd,INE878B01027,A
KEERTHI,Keerthi Industries Ltd,INE145L01012,X
SRICC,Sri Chakra Cement Ltd,INE827D01020,X
SURAJ,Suraj Products Ltd,INE069E01019,Z
APCL,Anjani Portland Cement Ltd-$,INE071F01012,B
MODINATUR,Modi Naturals Ltd,INE537F01012,T
PRSNTIN,Prashant India Ltd,INE100E01012,X
TASTYBITE,Tasty Bite Eatables Ltd,INE488B01017,B
RITESHIN,Ritesh International Ltd,INE534D01014,X
AVTNPL,AVT Natural Products Ltd,INE488D01021,B
HNDFDS,Hindustan Foods Ltd,INE254N01026,B
NAHARINDUS,Nahar Industrial Enterprises Ltd-$,INE289A01011,B
VADILENT,Vadilal Enterprises Ltd,INE693D01018,X
VADILALIND,Vadilal Industries Ltd-$,INE694D01016,B
ASHAI,Ashiana Agro Industries Ltd,INE709D01012,XT
ADFFOODS,Adf Foods Ltd-$,INE982B01027,B
RGRL,Retro Green Revolution Ltd,INE601N01010,Z
WILLIMFI,Williamson Financial Services Ltd,INE188E01017,X
AJANTSOY,Ajanta Soya Ltd,INE601B01023,X
WILLAMAGOR,Williamson Magor & Company Ltd,INE210A01017,B
KISAAN,Kisaan Parivar Industries Ltd,INE102C01020,X
SIEL,Superior Industrial Enterprises Ltd,INE843L01012,X
SPTRSHI,Saptarishi Agro Industries Ltd,INE233P01017,X
SANWARIA,Sanwaria Consumer Ltd-$,INE890C01046,Z
PRIMAGR,Prima Agro Ltd,INE297D01018,X
TARAI,Tarai Foods Ltd,INE906C01016,Z
MODAIRY,Modern Dairies Ltd,INE617B01011,X
BAMBINO,Bambino Agro Industries Ltd,INE921D01013,X
PRIMIND,Prime Industries Ltd,INE543F01028,XT
VIKASWSP,Vikas WSP Ltd,INE706A01022,Z
VSFPROJ,VSF Projects Ltd,INE923K01014,X
BANSTEA,Bansisons Tea Industries Ltd,INE856E01019,ZP
POONADAL,Poona Dal & Oil Industries Ltd,INE809E01018,X
TRANSFD,Transglobe Foods Ltd,INE213P01027,X
ANIKINDS,Anik Industries Ltd,INE087B01017,T
SHINDL,Sharat Industries Ltd,INE220Z01013,B
DATIWARE,Datiware Maritime Infra Ltd,INE673U01014,P
KMGMILK,KMG Milk Food Ltd,INE873N01015,P
KSE,KSE Ltd-$,INE953E01022,X
VIRATCRA,Virat Crane Industries Ltd,INE295C01014,X
IBINFO,IB Infotech Enterprises Ltd,INE678B01039,XT
AMBARPIL,Ambar Protein Industries Ltd,INE072V01017,X
CHORDIA,Chordia Food Products Ltd,INE975C01011,X
CIANAGRO,CIAN Agro Industries & Infrastructure Ltd,INE052V01019,T
OMEAG,Omega Ag-Seeds Punjab Ltd,INE112B01013,X
TAIIND,TAI Industries Ltd-$,INE358D01018,XT
NKIND,NK Industries Ltd,INE542C01019,B
BKV,BKV Industries Ltd,INE356C01022,X
NCCBLUE,NCC Bluewater Products Ltd,INE630N01019,P
NORBTEAEXP,Norben Tea & Exports Ltd,INE369C01017,B
ASIANTNE,Asian Tea & Exports Ltd-$,INE822B01017,X
HERITGFOOD,Heritage Foods Ltd,INE978A01027,A
SIMRAN,Simran Farms Ltd,INE354D01017,X
HINDUST,Hindustan Agrigenetics Ltd,INE092301014,X
CCL,CCL Products (India) Ltd,INE421D01022,A
KELLTONTEC,Kellton Tech Solutions Ltd,INE164B01030,B
SURFI,Suryo Foods & Industries Ltd,INE565E01016,X
INTEGFD,Integrated Proteins Ltd,INE177M01013,XT
LAKESHORE,Lake Shore Realty Ltd,INE734D01010,X
RICOAUTO,Rico Auto Industries Ltd,INE209B01025,B
OMAXAUTO,Omax Autos Ltd,INE090B01011,T
MUNJALSHOW,Munjal Showa Ltd,INE577A01027,B
JAMNAAUTO,Jamna Auto Industries Ltd,INE039C01032,B
TVSHLTD,TVS Holdings Ltd,INE105A01035,A
JTEKTINDIA,Jtekt India Ltd,INE643A01035,B
MUNJALAU,Munjal Auto Industries Ltd,INE672B01032,B
JAYBARMARU,Jay Bharat Maruti Ltd,INE571B01036,B
RACLGEAR,RACL Geartech Ltd,INE704B01017,B
SAMKRG,Samkrg Pistons & Rings Ltd-$,INE706B01012,X
ECSTSTL,Eastcoast Steel Ltd,INE315F01013,P
SICALLOG,Sical Logistics Ltd,INE075B01020,T
RATNAMANI,Ratnamani Metals & Tubes Ltd-$,INE703B01027,A
VESUVIUS,Vesuvius India Ltd,INE386A01023,A
ASAL,Automotive Stampings and Assemblies Ltd,INE900C01027,B
ARCEEIN,Arcee Industries Ltd,INE276D01012,XT
ABCINDQ,ABC India Ltd-$,INE125D01011,X
BALTE,Balurghat Technologies Ltd,INE654B01014,X
COARO,Coastal Roadways Ltd,INE229E01019,P
SIBARAUT,Sibar Auto Parts Ltd,INE441C01014,X
TRANSWORLD,Transworld Shipping Lines Ltd,INE757B01015,B
STARLOG,Starlog Enterprises Ltd,INE580C01019,X
SHVSUIT,Shiva Suitings Ltd,INE02Z901011,P
TITANIN,Titan Intech Ltd,INE807M01031,X
EUROTEXIND,Eurotex Industries and Exports Ltd,INE022C01012,B
ICIL,Indo Count Industries Ltd,INE483B01026,A
MARALOVER,Maral Overseas Ltd,INE882A01013,T
SOMATEX,Soma Textiles & Industries Ltd,INE314C01013,B
SOURCEIND,Source Industries (India) Ltd,INE695C01015,XT
ADVLIFE,Advance Lifestyles Ltd,INE900E01015,X
KAKTEX,Kakatiya Textiles Ltd,INE092E01011,X
OCTAVE,Perfect-Octave Media Projects Ltd,INE814L01013,X
TRIDENT,Trident Ltd,INE064C01022,A
HISARSP,Hisar Spinning Mills Ltd,INE689E01014,P
ALOKINDS,Alok Industries Ltd,INE270A01029,A
PASARI,Pasari Spinning Mills Ltd,INE604F01010,X
AMARJOTHI,Amarjothi Spinning Mills Ltd,INE484D01012,X
OLYMPTX,Olympia Industries Ltd,INE482O01021,X
NAGREEKEXP,Nagreeka Exports Ltd-$,INE123B01028,B
SUDTIND-B,Suditi Industries Ltd,INE691D01012,X
SBFL,Shree Bhavya Fabrics Ltd,INE363D01018,X
GEMSPIN,Gem Spinners India Ltd,INE165F01020,P
EUREKAI,Eureka Industries Ltd,INE958A01011,XT
ADITYASP,Aditya Spinners Ltd,INE122D01026,X
PRIMEURB,Prime Urban Development India Ltd,INE419E01024,X
DHANFAB,Dhanlaxmi Fabrics Ltd,INE953D01016,X
SLSTLQ,Sri Lakshmi Saraswathi Textiles Arni Ltd-$,INE456D01010,X
ZODIACLOTH,Zodiac Clothing Company Ltd,INE206B01013,B
SRMCL,Sri Ramakrishna Mills Coimbatore Ltd-$,INE306D01017,XT
SUPERSPIN,Super Spinning Mills Ltd,INE662A01027,B
SILINV,SIL Investments Ltd,INE923A01015,B
SURYALAXMI,Suryalakshmi Cotton Mills Ltd,INE713B01026,B
SAMTEX,Samtex Fashions Ltd-$,INE931D01020,X
CITYMAN,Cityman Ltd,INE117C01010,X
DHANROTO,Dhanalaxmi Roto Spinners Ltd,INE220C01012,X
DAMODARIND,Damodar Industries Ltd-$,INE497D01022,B
SANBLUE,Sanblue Corporation Ltd,INE602D01027,XT
UNIROYAL,Uniroyal Industries Ltd,INE980D01019,X
TATIAGLOB,Tatia Global Vennture Ltd,INE083G01031,X
SUNILTX,Sunil Industries Ltd,INE124M01015,P
SRINACHA,Sri Nachammai Cotton Mills Ltd-$,INE443E01016,X
BGDL,Bharat Global Developers Ltd,INE893C01032,B
SAMBANDAM,Sambandam Spinning Mills Ltd-$,INE304D01012,X
KANDAGIRI,Kandagiri Spinning Mills Ltd-$,INE292D01019,XT
MKPMOB,MKP Mobility Ltd,INE676G01024,X
PARASPETRO,Paras Petrofils Ltd,INE162C01024,B
KITEX,Kitex Garments Ltd,INE602G01020,A
CRANEX,Cranex Ltd,INE608B01010,X
BATLIBOI,Batliboi Ltd-$,INE177C01022,B
AUSTENG,Austin Engineering Company Ltd,INE759F01012,X
UNIDT,United Drilling Tools Ltd,INE961D01019,B
FLUIDOM,Fluidomat Ltd,INE459C01016,X
EMAINDIA,EMA India Ltd,INE279D01016,XT
WINDMACHIN,Windsor Machines Ltd,INE052A01021,B
SHANTIGEAR,Shanthi Gears Ltd,INE631A01022,B
MIVENMACH,Miven Machine Tools Ltd,INE338P01014,X
HONDAPOWER,Honda India Power Products Ltd,INE634A01018,B
HITECHGEAR,The Hi-Tech Gears Ltd,INE127B01011,T
ELGIEQUIP,Elgi Equipments Ltd,INE285A01027,A
UVDRHOR,United Van Der Horst Ltd,INE890G01047,XT
KLBRENG-B,Kilburn Engineering Ltd,INE338F01015,B
BIRLAPREC,Birla Precision Technologies Ltd,INE372E01025,B
YUKEN,Yuken India Ltd-$,INE384C01016,B
TIMKEN,Timken India Ltd,INE325A01013,A
VOITHPAPR,Voith Paper Fabrics India Ltd-$,INE285C01015,X
ARTSON,Artson Ltd,INE133D01023,X
SOLIMAC,Solitaire Machine Tools Ltd,INE410A01013,X
DIACABS,Diamond Power Infrastructure Ltd-$,INE989C01038,B
INDSILHYD,Indsil Hydro Power and Manganese Ltd-$,INE867D01018,X
ITL,ITL Industries Ltd-$,INE478D01014,X
FRONTSP,Frontier Springs Ltd,INE572D01014,B
PRAJIND,Praj Industries Ltd,INE074A01025,A
RASANDIK,Rasandik Engineering Industries India Ltd-$,INE682D01011,X
YOGISUNG,Yogi Sungwon (India) Ltd,INE429B01011,XT
HLEGLAS,HLE Glascoat Ltd,INE461D01028,B
GUJAPOLLO,Gujarat Apollo Industries Ltd,INE826C01016,B
TANAA,Taneja Aerospace & Aviation Ltd-$,INE692C01020,X
CONART,Conart Engineers Ltd-$,INE714D01020,X
MINALIND,Minal Industries Ltd,INE097E01028,X
SHIVAGR,Shivagrico Implements Ltd,INE092H01014,X
MMFL,MM Forgings Ltd-$,INE227C01017,B
MAYURUNIQ,Mayur Uniquoters Ltd-$,INE040D01038,B
CENLUB,Cenlub Industries Ltd,INE627F01011,X
RAJOOENG,Rajoo Engineers Ltd-$,INE535F01024,B
DOLPHIN,Dolphin Offshore Enterprises (India) Ltd-$,INE920A01037,B
VJLAXMIE,Veejay Lakshmi Engineering Works Ltd-$,INE466D01019,X
AHMDSTE,Ahmedabad Steelcraft Ltd,INE868C01018,XT
GVTD,GE Vernova T&D India Ltd,INE200A01026,A
RAMRAT,Ram Ratna Wires Ltd-$,INE207E01023,B
JAYNECOIND,Jayaswal Neco Industries Ltd,INE854B01010,B
KPIL,Kalpataru Projects International Ltd,INE220B01022,A
NMSGLOBAL,NMS Global Ltd,INE169F01014,X
CANDOUR,Candour Techtex Ltd,INE713D01055,X
TIGLOB,T & I Global Ltd,INE811B01010,X
CONTROLPR,Control Print Ltd-$,INE663B01015,B
BEMHY,Bemco Hydraulics Ltd,INE142E01022,X
ANSALBU,Ansal Buildwell Ltd-$,INE030C01015,X
WEIZMANIND,Weizmann Ltd,INE080A01014,B
BNRSEC,BN Rathi Securities Ltd,INE710D01028,X
RISHITECH,Rishi Techtex Ltd,INE989D01010,X
SINCLAIR,Sinclairs Hotels Ltd-$,INE985A01022,B
SAFARI,Safari Industries India Ltd,INE429E01023,A
ADSDIAG,A D S Diagnostics Ltd,,Y
ZBINTXPP,Binayak Tex Processors Ltd,INE626H01019,XT
JJFINCOR,JJ Finance Corporation Ltd,INE584C01011,X
COSMOFE,Cosmo Ferrites Ltd-$,INE124B01018,X
CROPSTER,Cropster Agro Ltd,INE293E01031,B
FUTURSEC,Futuristic Securities Ltd,INE425D01015,XT
SANCTRN,Sanco Trans Ltd,INE391G01012,X
THRIVE,Thrive Future Habitats Ltd,INE628D01014,X
EIHAHOTELS,EIH Associated Hotels Ltd-$,INE276C01014,B
MEDICAPQ,Medi Caps Ltd-$,INE442D01010,X
FOSECOC,Foseco Crucible (India) Ltd,INE599F01020,X
BAPACK,B&A Packaging India Ltd,INE00FM01013,X
KOKUYOCMLN,Kokuyo Camlin Ltd-$,INE760A01029,B
BHARATSE,Bharat Seats Ltd-$,INE415D01024,B
CONTPTR,Continental Petroleums Ltd,INE369D01023,X
NBFOOT,NB Footwear Ltd,INE006F01018,P
MACPLASQ,Machino Plastics Ltd-$,INE082B01018,X
PEARLPOLY,PEARL Polymers Ltd,INE844A01013,T
VENKEYS,Venkys (India) Ltd,INE398A01010,B
ADVANIHOTR,Advani Hotels & Resorts (India) Ltd,INE199C01026,B
SUPERHOUSE,Superhouse Ltd,INE712B01010,B
RAMAVISION,Rama Vision Ltd,INE763B01013,X
TCPLPACK,TCPL Packaging Ltd-$,INE822C01015,B
SHRIGANG,Shri Gang Industries & Allied Products Ltd,INE241V01018,X
PURITY,Purity Flexpack Ltd,INE898O01010,P
BALMLAWRIE,Balmer Lawrie & Company Ltd,INE164A01016,B
KOVAI,Kovai Medical Center & Hospital Ltd,INE177F01017,B
ELDEHSG,Eldeco Housing & Industries Ltd,INE668G01021,B
MICROSE,Microse India Ltd,INE809F01015,XT
STDSHOE,Standard Shoe Sole and Mould (India) Ltd,INE888N01013,P
DCMSHRIRAM,DCM Shriram Ltd,INE499A01024,A
DCMSRIND,DCM Shriram Industries Ltd-$,INE843D01027,B
MAWANASUG,Mawana Sugars Ltd,INE636A01039,T
MINID,Mini Diamonds India Ltd,INE281E01028,X
MAHAPEXLTD,Maha Rashtra Apex Corporation Ltd,INE843B01013,B
NILKAMAL,Nilkamal Ltd,INE310A01015,B
HOM,HOMRE Ltd,INE982C01033,XT
NAHARPOLY,Nahar Polyfilms Ltd,INE308A01027,B
3MINDIA,3M India Ltd,INE470A01017,A
BOSCH-HCIL,Bosch Home Comfort India Ltd,INE782A01015,B
JMFINANCIL,JM Financial Ltd-$,INE780C01023,A
ADCINDIA,ADC India Communications Ltd-$,INE833A01016,XT
TNTELE,Tamilnadu Telecommunications Ltd,INE141D01018,B
SUNRAJDI,Sunraj Diamond Exports Ltd,INE459D01014,XT
RIIL,Reliance Industrial Infrastructure Ltd,INE046A01015,B
SHARP,Sharp India Ltd,INE207B01011,XT
LINDEINDIA,Linde India Ltd,INE473A01011,A
INDBNK,Ind Bank Housing Ltd,INE969D01012,B
JAIMATAG,Jai Mata Glass Ltd,INE250C01027,XT
LOTUSCHO,Lotus Chocolate Company Ltd,INE026D01011,B
PACIFICI,Pacific Industries Ltd,INE883C01025,X
CMMHOSP,Chennai Meenakshi Multispeciality Hospital Ltd-$,INE889F01017,X
APMIN,APM Industries Ltd-$,INE170D01025,X
PRECWIRE,Precision Wires India Ltd,INE372C01037,B
KRYPTONQ,Krypton Industries Ltd,INE951B01014,X
SWISSMLTRY,Swiss Military Consumer Goods Ltd,INE010C01025,X
MARBU,Martin Burn Ltd,INE199D01016,X
FEL,Future Enterprises Ltd,INE623B01027,Z
INDTONER,Indian Toners & Developers Ltd-$,INE826B01018,X
KUNSTOFF,Kunststoffe Industries Ltd,INE638D01021,X
SCI,Shipping Corporation of India Ltd,INE109A01011,A
SIKA,Sika Interplant Systems Ltd,INE438E01032,B
ITI,ITI Ltd,INE248A01017,A
DREDGECORP,Dredging Corporation of India Ltd,INE506A01018,B
PHRMASI,Phaarmasia Ltd,INE486I01016,X
NFL,National Fertilizers Ltd,INE870D01012,B
IPRINGLTD,IP Rings Ltd-$,INE558A01019,X
PIIND,PI Industries Ltd,INE603J01030,A
PLASTIBLEN,Plastiblends India Ltd-$,INE083C01022,B
YASHINNO,Yash Innoventures Ltd,INE823D01011,X
KKPLASTICK,Kkalpana Plastick Ltd,INE465K01016,X
WATERBASE,Waterbase Ltd,INE054C01015,X
FLEXFO,Flex Foods Ltd-$,INE954B01018,X
GOLKUNDIA,Golkunda Diamonds & Jewellery Ltd,INE798D01015,X
APCOTEXIND,Apcotex Industries Ltd,INE116A01032,B
FORTISMLR,Fortis Malar Hospitals Ltd,INE842B01015,X
MASTEK,Mastek Ltd,INE759A01021,A
EIMCOELECO,Eimco Elecon (India) Ltd,INE158B01016,B
SAYAJIHOTL,Sayaji Hotels Ltd,INE318C01014,B
ASHIANA,Ashiana Housing Ltd-$,INE365D01021,B
SVAMSOF,Svam Software Ltd,INE119B01018,XT
ECOBOAR,Ecoboard Industries Ltd,INE866A01016,X
DVL,Dhunseri Ventures Ltd-$,INE477B01010,B
TIHIL,Trans India House Impex Ltd,INE502D01011,X
MAHEPC,Mahindra EPC Irrigation Ltd,INE215D01010,B
MITSHI,Mitshi India Ltd,INE844D01017,X
SHUKJEW,Shukra Jewellery Ltd,INE344E01016,P
MAZDA,Mazda Ltd-$,INE885E01042,B
VHLTD,Viceroy Hotels Ltd,INE048C01025,T
SOVERDIA,Sovereign Diamonds Ltd,INE959D01013,X
MENONBE,Menon Bearings Ltd-$,INE071D01033,B
MUKATPIP,Mukat Pipes Ltd-$,INE862C01029,XT
GUJRAFFIA,Gujarat Raffia Industries Ltd,INE610B01024,B
SIMPLEXINF,Simplex Infrastructures Ltd,INE059B01024,B
INNOVTEC,Innovative Tech Pack Ltd,INE965C01038,X
SUPTANERY,Super Tannery Ltd,INE460D01038,X
CONSTRONIC,Constronics Infra Ltd,INE537B01011,X
AXTEL,Axtel Industries Ltd,INE767C01012,X
GRANDOAK,Grand Oak Canyons Distillery Ltd,INE926B01016,B
EASTINDIA,East India Drums and Barrels Manufacturing Ltd,INE191C01023,XT
VRWODAR,VR Woodart Ltd,INE317D01014,XT
POONAWALLA,Poonawalla Fincorp Ltd,INE511C01022,A
KINGFA,Kingfa Science & Technology (India) Ltd-$,INE473D01015,B
PATIDAR,Patidar Buildcon Ltd,INE637N01014,X
RAMAPHO,Rama Phosphates Ltd,INE809A01032,B
VENLONENT,Venlon Enterprises Ltd,INE204D01022,X
PETPLST,Pet Plastics Ltd,INE704F01018,XT
POLYPLEX,Polyplex Corporation Ltd,INE633B01018,B
PANIDPR,Panther Industrial Products Ltd,INE181D01014,XT
ALBERTDAVD,Albert David Ltd-$,INE155C01010,B
HARLETH,Haryana Leather Chemicals Ltd,INE681F01018,X
CARYSIL,Carysil Ltd,INE482D01024,B
KABRAEXTRU,Kabra Extrusiontechnik Ltd,INE900B01029,B
VINYLINDIA,Vinyl Chemicals (India) Ltd,INE250B01029,B
PCCOSMA,Pee Cee Cosma Sope Ltd,INE417E01010,X
TCMLMTD,TCM Ltd,INE034F01010,X
IOLCP,IOL Chemicals & Pharmaceuticals Ltd,INE485C01029,B
KESARPE,Kesar Petroproducts Ltd,INE133C01033,X
VINATIORGA,Vinati Organics Ltd-$,INE410B01037,A
LACTOSE,Lactose India Ltd,INE058I01013,X
TEEAI,Teesta Agro Industries Ltd,INE757D01011,X
AARTIIND,Aarti Industries Ltd,INE769A01020,A
PNTKYOR,Pentokey Organy India Ltd,INE702E01015,X
WANBURY,Wanbury Ltd,INE107F01022,T
RESONANCE,Resonance Specialties Ltd-$,INE486D01017,X
GAEL,Gujarat Ambuja Exports Ltd,INE036B01030,B
RCF,Rashtriya Chemicals and Fertilizers Ltd,INE027A01015,A
GUJINJEC,Gujarat Inject Kerala Ltd,INE659F01014,XT
KOPRAN,Kopran Ltd,INE082A01010,B
AIMCOPEST,Aimco Pesticides Ltd,INE008B01013,X
GUJTERC,Gujarat Terce Laboratories Ltd,INE499G01013,X
KABRADG,Kabra Drugs Ltd,INE323K01017,X
SEYAIND,Seya Industries Ltd,INE573R01012,T
JAYAGROGN,Jayant Agro Organics Ltd,INE785A01026,B
BCLIND,BCL Industries Ltd-$,INE412G01024,B
SHHARICH,Shree Hari Chemicals Export Ltd,INE065E01017,X
INDOBORAX,Indo Borax & Chemicals Ltd-$,INE803D01021,B
AARTIDRUGS,Aarti Drugs Ltd,INE767A01016,B
BODALCHEM,Bodal Chemicals Ltd,INE338D01028,T
ORCHPHARMA,Orchid Pharma Ltd,INE191A01027,B
VIMTALABS,Vimta Labs Ltd-$,INE579C01029,B
BIOFILCHEM,Biofil Chemicals & Pharmaceuticals Ltd,INE829A01014,B
ISHITADR,Ishita Drugs & Industries Ltd,INE806D01016,X
MARKSANS,Marksans Pharma Ltd,INE750C01026,A
UNIVSTAR,Universal Starch Chem Allied Ltd,INE113E01015,X
AAREYDRUGS,Aarey Drugs & Pharmaceuticals Ltd,INE198H01019,T
NORRIS,Norris Medicines Ltd,INE744C01029,X
ASINPET,Asian Petroproducts & Exports Ltd,INE810M01019,X
CAMEXLTD,Camex Ltd,INE198C01010,X
EVEXIA,Evexia Lifecare Ltd,INE313M01030,XT
INDOEURO,Indo Euro Indchem Ltd,INE319N01019,X
SYNCOMF,Syncom Formulations India Ltd-$,INE312C01025,B
RIDDHI,Riddhi Siddhi Gluco Biols Ltd-$,INE249D01019,X
SVCIND,SVC INDUSTRIES Ltd,INE038B01010,X
IPCALAB,Ipca Laboratories Ltd,INE571A01038,A
KILITCH,Kilitch Drugs India Ltd,INE729D01010,B
RAAJMEDI,Raaj Medisafe India Ltd,INE548H01015,P
CORALAB,Coral Laboratories Ltd,INE683E01017,X
TULASEEBIOE,Tulasee Bio Ethanol Ltd,INE276N01011,ZP
BACPHAR,Bacil Pharma Ltd,INE711D01018,X
KREBSBIO,Krebs Biochemicals & Industries Ltd-$,INE268B01013,B
KMCSHIL,KMC Speciality Hospitals (India) Ltd,INE879K01018,B
LAFFANSQ,Laffans Petrochemicals Ltd-$,INE919B01011,X
BHASKAGR,Bhaskar Agrochemicals Ltd,INE972C01018,XT
SUKHJITS,Sukhjit Starch & Chemicals Ltd-$,INE450E01029,B
SHARMEH,Sharma East India Hospitals & Medical Research Ltd,INE465H01012,X
NEULANDLAB,Neuland Laboratories Ltd,INE794A01010,A
GAYATRIBI,Gayatri BioOrganics Ltd,INE052E01015,XT
PODDARMENT,Poddar Pigments Ltd-$,INE371C01013,B
PHARMAID,Pharmaids Pharmaceuticals Ltd,INE117D01018,X
VIVIDIND,Vivid Global Industries Ltd,INE737C01023,X
PRIYALT,Priya Ltd-$,INE686C01014,X
TIRUSTA,Tirupati Starch & Chemicals Ltd,INE314D01011,X
HEMORGANIC,Hemo Organic Ltd,INE422G01015,XT
JAYSYNTH,Jaysynth Orgochem Ltd,INE263B01022,X
AEONXDIGI,Aeonx Digital Technology Ltd,INE994D01010,X
AKSHARCHEM,AksharChem India Ltd-$,INE542B01011,B
BANDARAM,Bandaram Pharma Packtech Ltd,INE875N01036,X
ADLINE,Adline Chem Lab Ltd,INE276T01018,P
BERLDRG,Beryl Drugs Ltd,INE415H01017,X
INDXTRA,IEL Ltd,INE056E01024,X
ISTRNETWK,iStreet Network Ltd,INE532B01020,XT
GAGAN,Gagan Gases Ltd,INE076D01016,XT
PARKERAC,Parker Agrochem Exports Ltd-$,INE750B01010,X
SHUKRAPHAR,Shukra Pharmaceuticals Ltd,INE551C01044,B
ALUFLUOR,Alufluoride Ltd,INE058F01019,X
OXYGENTAPH,Oxygenta Pharmaceutical Ltd,INE102E01018,X
ARCHITORG,Archit Organosys Ltd,INE078I01011,X
SIKOZY,Sikozy Realtors Ltd,INE528E01022,X
INDOAMIN,Indo Amines Ltd-$,INE760F01028,B
NATCAPSUQ,Natural Capsules Ltd,INE936B01015,B
WELCURE,Welcure Drugs & Pharmaceuticals Ltd,INE331C01025,X
BIBCL,Bharat Immunologicals & Biologicals Corporation Ltd-$,INE994B01014,B
SOTL,Savita Oil Technologies Ltd,INE035D01020,B
HESTERBIO,Hester Biosciences Ltd,INE782E01017,B
KABSON,Kabsons Industries Ltd,INE645C01010,XT
BASANTGL,Basant Agro Tech India Ltd-$,INE473E01021,X
SANDUPHQ,Sandu Pharmaceuticals Ltd,INE751D01014,X
NACLIND,NACL Industries Ltd,INE295D01020,B
VISTAPH,Vista Pharmaceuticals Ltd,INE427C01021,X
SUNPHARMA,Sun Pharmaceutical Industries Ltd,INE044A01036,A
TITANBIO,Titan Biotech Ltd,INE150C01029,XT
JENBURPH,Jenburkt Pharmaceuticals Ltd,INE354A01013,X
HIKAL,Hikal Ltd,INE475B01022,B
CAPLIPOINT,Caplin Point Laboratories Ltd,INE475E01026,A
FISCHER,Fischer Medical Ventures Ltd,INE771F01041,B
LINKPH,Link Pharma Chem Ltd,INE302F01011,X
DECIPHER,Decipher Labs Ltd,INE643N01012,X
EMMESSA,Emmessar Biotech & Nutrition Ltd,INE634B01016,X
NGLFINE,NGL Fine Chem Ltd,INE887E01022,B
EVERESTO,Everest Organics Ltd,INE334C01029,X
AUROPHARMA,Aurobindo Pharma Ltd,INE406A01037,A
PHYTO,Phyto Chem India Ltd,INE037C01010,X
NATCOPHARM,Natco Pharma Ltd,INE987B01026,A
DYNAMIND,Dynamic Industries Ltd-$,INE457C01010,X
PANAMAPET,Panama Petrochem Ltd,INE305C01029,B
BALPHARMA,Bal Pharma Ltd,INE083D01012,B
BDH,BDH Industries Ltd,INE278D01018,X
JAUSPOL,Jauss Polymers Ltd,INE593O01017,XT
GLOBUSCON,Globus Constructors & Developers Ltd,INE064L01015,X
CUBEXTUB,Cubex Tubings Ltd,INE144D01012,B
POLYCHMP,Polymechplast Machines Ltd,INE809B01014,X
STELLANT,Stellant Securities (India) Ltd,INE395F01023,XT
GALXBRG,Galaxy Bearings Ltd,INE020S01012,X
VINRKLB,Rekvina Laboratories Ltd,INE092O01028,XT
SCAGRO,SC Agrotech Ltd,INE895E01017,X
RALEGRA,Ravileela Granites Ltd,INE427E01027,X
UNRYLMA,Uniroyal Marine Exports Ltd,INE602H01010,X
KARANWO,Karan Woo Sin Ltd,INE327D01013,X
SHERVANI,Shervani Industrial Syndicate Ltd,INE011D01013,X
BNAGROCHEM,BN Agrochem Ltd,INE00HZ01011,T
SUPERTEX,Supertex Industries Ltd,INE881B01054,X
SHETR,Shetron Ltd,INE278C01010,X
TRABI,Transgene Biotek Ltd,INE773D01018,X
MPL,Mpl Plastics Ltd,INE343A01016,X
NIKHILAD,Nikhil Adhesives Ltd-$,INE926C01022,X
SPENTA,Spenta International Ltd,INE175C01018,X
MULTIBASE,Multibase India Ltd,INE678F01014,X
ANDREWYU,Andrew Yule & Company Ltd,INE449C01025,B
LUDLOWJUT,Ludlow Jute & Specialities Ltd,INE983C01015,XT
ASHRAM,Ashram Online.Com Ltd,INE293C01019,X
ROYALCU,Royal Cushion Vinyl Products Ltd-$,INE618A01011,X
SURJIND,Suraj Industries Ltd,INE170U01011,X
HITECHCORP,Hitech Corporation Ltd-$,INE120D01012,B
BLOOM,Bloom Dekor Ltd-$,INE253C01013,XT
FILATEX,Filatex India Ltd-$,INE816B01035,B
STDSFAC,Standard Surfactants Ltd,INE307D01015,X
MORGAN,Morgan Ventures Ltd,INE902C01015,X
AMRAPLIN,Amrapali Industries Ltd,INE762C01021,X
PREMEXPLN,Premier Explosives Ltd,INE863B01029,A
MIDEASTP,Mid East Portfolio Management Ltd,INE033E01015,XT
MOLDTECH,Mold-Tek Technologies Ltd,INE835B01035,B
CRSTCHM,Crestchem Ltd,INE293N01016,X
MPHASIS,Mphasis Ltd,INE356A01018,A
DIVSHKT,Divyashakti Ltd,INE410G01010,X
ORIENTLTD,Orient Press Ltd,INE609C01024,B
ADVMULT,Advance Multitech Ltd,INE875S01019,XT
SHREYASI,Shreyas Intermediates Ltd,INE115F01017,X
PANJON,Panjon Ltd,INE744D01019,X
NIRBHAYIND,Nirbhay Colours India Ltd,INE218T01010,Z
DUROPACK,Duro Pack Ltd,INE138B01018,X
SWARNSAR,Swarnsarita Jewels India Ltd,INE967A01012,X
GANESHHOU,Ganesh Housing Ltd-$,INE460C01014,A
NMDC,NMDC Ltd,INE584A01023,A
CINDHO,Cindrella Hotels Ltd-$,INE908C01012,X
PATINTLOG,Patel Integrated Logistics Ltd-$,INE529D01014,B
ALPHAGEO,Alphageo (India) Ltd-$,INE137C01018,B
HAMPTON,Hampton Sky Realty Ltd,INE299D01022,X
KKALPANAIND,Kkalpana Industries (India) Ltd,INE301C01028,X
OKPLA,OK Play India Ltd,INE870B01024,X
KRITI,Kriti Industries India Ltd-$,INE479D01038,T
WELTI,Welterman International Ltd,INE662D01013,XT
ASMTEC,ASM Technologies Ltd,INE867C01010,B
PERFEPA,Perfectpac Ltd,INE759I01024,X
AMBIT,Ambitious Plastomac Company Ltd,INE267C01013,X
VISIONCINE,Vision Cinemas Ltd,INE515B01025,X
AEIM,Artificial Electronics Intelligent Material Ltd,INE072B01027,X
INDRANIB,Indrayani Biotech Ltd,INE007C01021,XT
EUROLED,Euro Leder Fashion Ltd,INE940E01011,X
WINSOMBR,Winsome Breweries Ltd,INE391C01011,X
ELEFLOR,Elegant Floriculture & Agrotech India Ltd,INE152E01013,X
SKYIND,Sky Industries Ltd-$,INE765B01018,X
PHOENXINTL,Phoenix International Ltd,INE245B01011,X
BHUDEVI,Bhudevi Infra Projects Ltd,INE432N01010,XT
PRATIK,Pratik Panels Ltd,INE206C01029,X
RISHIROOP,Rishiroop Ltd,INE582D01013,X
PROMACT,Promact Plastics Ltd,INE818D01011,X
STRGRENWO,Sterling Green Woods Ltd,INE398F01019,X
SYSTMTXC,Systematix Corporate Services Ltd,INE356B01024,B
SHAHISHIP,Shahi Shipping Ltd-$,INE825D01016,X
ALPINEHOU,Alpine Housing Development Corporation Ltd,INE840D01015,X
WWALUM,Worldwide Aluminium Ltd,INE550D01010,X
IIRM,IIRM Holdings India Ltd,INE670C01026,X
SFPIL,Square Four Projects India Ltd,INE716K01020,X
SGLRES,SGL Resources Ltd,INE967B01028,XT
CHOKSILA,Choksi Laboratories Ltd,INE493D01013,XT
CCHHL,Country Club Hospitality & Holidays Ltd,INE652F01027,B
SALGUTI,Salguti Industries Ltd,INE159C01012,X
MIDWEST,Midwest Gold Ltd,INE519N01014,T
ENTRINT,Enterprise International Ltd,INE439G01019,X
TPLPLASTEH,TPL Plastech Ltd,INE413G01022,B
WIMPLAST,Wim Plast Ltd-$,INE015B01018,B
PHOTOQUP,Photoquip India Ltd,INE813B01016,X
LIBERTSHOE,Liberty Shoes Ltd,INE557B01019,B
LIPPISYS,Lippi Systems Ltd-$,INE845B01018,XT
ELECTHERM,Electrotherm (India) Ltd,INE822G01016,B
BLUEDART,Blue Dart Express Ltd,INE233B01017,A
EXPOEAPL,Expo Engineering And Projects Ltd,INE561D01025,X
NATPLAS,National Plastic Industries Ltd,INE233D01013,X
MFLINDIA,MFL India Ltd,INE244C01020,X
AJWAFUN,Ajwa Fun World & Resort Ltd,INE863E01015,P
TEXELIN,Texel Industries Ltd,INE594V01028,X
RAYALEMA,Royale Manor Hotels & Industries Ltd,INE008C01011,X
MIRZAINT,Mirza International Ltd,INE771A01026,B
TFCILTD,Tourism Finance Corporation of India Ltd,INE305A01023,B
THAKDEV,Thakkers Developers Ltd,INE403F01017,B
ARENTERP,Rajdarshan Industries Ltd,INE610C01014,B
BIL,Bhartiya International Ltd,INE828A01016,B
KAMATHOTEL,Kamat Hotels (India) Ltd,INE967C01018,B
TIRTPLS,Tirth Plastic Ltd,INE008N01018,X
KEEPLEARN,DSJ keep Learning Ltd,INE055C01020,B
ECOPLAST,Ecoplast Ltd-$,INE423D01010,X
ELEMARB,Elegant Marbles & Grani Industries Ltd,INE095B01010,X
BITS,Bits Ltd,INE839A01021,X
ADARSHPL,Adarsh Plant Protect Ltd,INE627D01016,X
HPBL,HCP Plastene Bulkpack Ltd,INE136C01044,XT
NICCOPAR,Nicco Parks & Resorts Ltd-$,INE653C01022,X
NTCIND,NTC Industries Ltd,INE920C01017,X
SANDESH,Sandesh Ltd,INE583B01015,B
GARNET,Garnet Construction Ltd,INE797D01017,X
GOLDIAM,Goldiam International Ltd,INE025B01025,A
BRIGHTBR,Bright Brothers Ltd-$,INE630D01010,X
SHAWGELTIN,Narmada Gelatines Ltd,INE869A01010,X
PGFOILQ,PG Foils Ltd,INE078D01012,X
GRATEXI,Gratex Industries Ltd,INE915E01013,X
VELHO,Velan Hotels Ltd,INE548D01014,X
HOWARHO,Howard Hotels Ltd,INE931B01016,X
VALIANT,Valiant Communications Ltd-$,INE760B01019,X
DRAGARWQ,Dr Agarwals Eye Hospital Ltd-$,INE934C01018,B
MHSGRMS,Mahasagar Travels Ltd,INE007G01014,ZP
GREENPLY,Greenply Industries Ltd,INE461C01038,B
SEAMECLTD,Seamec Ltd,INE497B01018,B
RAGHUNAT,Raghunath International Ltd,INE753B01014,X
CHEVIOT,Cheviot Company Ltd-$,INE974B01016,B
DAICHI,Dai-Ichi Karkaria Ltd-$,INE928C01010,B
RAJINFRA,Rajeswari Infrastructure Ltd,INE016C01014,Z
SPICEISLIN,Spice Islands Industries Ltd-$,INE882D01017,X
CONFIPET,Confidence Petroleum India Ltd,INE552D01024,B
SIPL,Shelter Infra Projects Ltd-$,INE413C01013,X
SHAKTIPR,Shakti Press Ltd,INE794C01016,XT
ASHSI,Ashirwad Steels & Industries Ltd,INE338C01012,X
BANARBEADS,Banaras Beads Ltd,INE655B01011,B
AREXMIS,Arex Industries Ltd,INE480H01011,X
BI,Bilcare Ltd-$,INE986A01012,B
ISFL,ISF Ltd,INE973B01026,X
RISHILASE,Rishi Laser Ltd,INE988D01012,X
JAINCO,Jainco Projects India Ltd,INE966C01010,X
KUMPFIN,Kumbhat Financial Services Ltd,INE795E01019,X
INTECCAP,Intec Capital Ltd,INE017E01018,X
RAJSEC,Rajasthan Securities Ltd,INE184D01026,X
SIDDHEGA,Siddheswari Garments Ltd,INE797C01019,X
63MOONS,63 Moons Technologies Ltd,INE111B01023,A
SHIKHAR,Shikhar Consultants Ltd,INE641B01011,XT
SARLAPOLY,Sarla Performance Fibers Ltd-$,INE453D01025,B
INDOCRED,Indo Credit Capital Ltd,INE147D01015,XT
MKTCREAT,Market Creators Ltd,INE944C01017,X
HFIL,Himalaya Food International Ltd,INE552B01010,X
SONALAD,Sonal Adhesives Ltd,INE344I01017,X
PADMAIND,Padmanabh Industries Ltd,INE743D01011,XT
21STCENMGM,Twentyfirst Century Management Services Ltd,INE253B01015,B
HRYNSHP,Hariyana Ship Breakers Ltd-$,INE400G01011,X
KALIND,Kalind Ltd,INE377D01018,XT
VAICC,Vaishno Cement Company Ltd,INE116E01018,P
TYROON,Tyroon Tea Company Ltd,INE945B01016,X
LAOPALA,La Opala RG Ltd,INE059D01020,B
STYLAMIND,Stylam Industries Ltd,INE239C01020,B
VENUSREM,Venus Remedies Ltd,INE411B01019,B
LASTMILE,Last Mile Enterprises Ltd,INE404B01022,XT
GUJCRAFT,Gujarat Craft Industries Ltd,INE372D01019,X
HEERAISP,Heera Ispat Ltd,INE025D01013,X
DHOOTIN,Dhoot Industrial Finance Ltd,INE313G01016,X
CRIMSON,Crimson Metal Engineering Company Ltd,INE318P01016,P
SHBAJRG,Shri Bajrang Alliance Ltd,INE402H01015,B
URJA,Urja Global Ltd,INE550C01020,B
ASHAPURMIN,Ashapura Minechem Ltd,INE348A01023,A
SHREEPAC,Shree Pacetronix Ltd,INE847D01010,X
GUJALKALI,Gujarat Alkalies and Chemicals Ltd,INE186A01019,B
INDIACEM,India Cements Ltd,INE383A01012,A
JKTYRE,JK Tyre & Industries Ltd,INE573A01042,A
SIL,Standard Industries Ltd,INE173A01025,B
JUBLPHARMA,Jubilant Pharmova Ltd,INE700A01033,A
THEINVEST,The Investment Trust Of India Ltd,INE924D01017,B
SAMYAKINT,Samyak International Ltd,INE607G01011,X
AADIIND,Aadi Industries Ltd,INE563D01013,X
SPARKLEGR,Sparkle Gold Rock Ltd,INE618F01010,X
ACKNIT,Acknit Industries Ltd,INE326C01017,X
TITANSEC,Titan Securities Ltd,INE090D01017,X
REALECO,Real Eco-Energy Ltd,INE055E01034,X
VIVANZA,Vivanza Biosciences Ltd,INE984E01035,X
YASHRAJC,Yashraj Containeurs Ltd,INE095C01018,XT
LORDSHOTL,Lords Ishwar Hotels Ltd,INE689J01013,X
CSLFINANCE,CSL Finance Ltd,INE718F01018,B
SANGHVIMOV,Sanghvi Movers Ltd,INE989A01032,B
ANTELOPUS,Antelopus Selan Energy Ltd-$,INE818A01017,B
PURETROP,Puretrop Fruits  Ltd,INE795D01011,X
FAZE3Q,Faze Three Ltd-$,INE963C01033,B
ANUPAM,Anupam Finserv Ltd,INE069B01023,X
RAJPACK,Raj Packaging Industries Ltd,INE639C01013,X
PRIVISCL,Privi Speciality Chemicals Ltd,INE959A01019,A
NATRAJPR,Natraj Proteins Ltd,INE444D01016,X
SAMRATPH,Samrat Pharmachem Ltd-$,INE103E01016,X
NPRFIN,NPR Finance Ltd,INE446D01011,X
NILE,Nile Ltd,INE445D01013,B
AMCOIND,Amco India Ltd-$,INE924B01011,X
OPTIEMUS,Optiemus Infracom Ltd,INE350C01017,B
KREONFIN,Kreon Finnancial Services Ltd,INE302C01018,X
GYANDEV,Gyan Developers & Builders Ltd,INE487G01018,XT
KISAN,Kisan Mouldings Ltd-$,INE017C01012,X
KERALAYUR,Kerala Ayurveda Ltd,INE817B01025,X
MONGIPA,Moongipa Capital Finance Ltd,INE153K01018,X
MOHITPPR,Mohit Paper Mills Ltd,INE388C01017,X
DAULAT,Daulat Securities Ltd,INE108C01019,X
ODYSSEY,Odyssey Technologies Ltd-$,INE213B01019,X
VKGLOBAL,VK Global Industries Ltd,INE758B01013,XT
RSCINT,RSC International Ltd,INE015F01019,X
SURATRAML,Surat Trade and Mercantile Ltd,INE936A01025,X
ATHARVENT,Atharv Enterprises Ltd,INE354E01031,X
FUNDVISER,Fundviser Capital (India) Ltd,INE365H01014,XT
THEMISMED,Themis Medicare Ltd,INE083B01024,B
KALLAM,Kallam Textiles Ltd-$,INE629F01025,XT
BRAWN,Brawn Biotech Ltd,INE899B01015,X
FORINTL,Fortune International Ltd,INE501D01013,X
KINGSINFR,Kings Infra Ventures Ltd,INE050N01010,X
SWOJAS,Swojas Foods Ltd,INE295B01016,X
SUBSM,Subhash Silk Mills Ltd,INE690D01014,XT
AUROLAB,Auro Laboratories Ltd,INE292C01011,X
KJMCFIN,KJMC Financial Services Ltd,INE533C01018,X
SUVEN,Suven Life Sciences Ltd,INE495B01038,B
ARYAMAN,Aryaman Financial Services Ltd,INE032E01017,X
BRIDGESE,Bridge Securities Ltd,INE958C01025,XT
RISAINTL,Risa International Ltd,INE001O01029,X
RAJTUBE,Rajasthan Tube Manufacturing Company Ltd,INE497E01020,X
KAYPOWR,Kay Power and Paper Ltd,INE961B01013,X
INTSTOIL,Inter State Oil Carrier Ltd,INE003B01014,X
GLOBALCA,Global Capital Markets Ltd,INE062C01042,X
SAINIK,Sainik Finance & Industries Ltd,INE584B01013,X
ARIGATO,Arigato Universe Ltd,INE021N01011,XT
RICHUNV,Rich Universe Network Ltd,INE652D01014,XT
QUANTDIA,Quantum Digital Vision India Ltd,INE373C01019,X
SPCAPIT,SP Capital Financing Ltd,INE102F01015,X
PAOS,Paos Industries Ltd,INE791C01012,XT
SHRAJOI,Shree Rajiv Lochan Oil Extraction Ltd,INE418K01015,X
KOTHARIPRO,Kothari Products Ltd,INE823A01017,B
PICCADIL,Piccadily Agro Industries Ltd,INE546C01010,B
CLSEL,Chaman Lal Setia Exports Ltd-$,INE419D01026,B
CHANDRAP,Chandra Prabhu International Ltd-$,INE368D01025,XT
KIMIABL,Kimia Biosciences Ltd,INE285U01025,X
HINDTIN,Hindustan Tin Works Ltd-$,INE428D01019,X
GODAVARI,Godavari Drugs Ltd,INE362C01012,X
PREMCO,Premco Global Ltd-$,INE001E01012,B
MUKESHB,Mukesh Babu Financial Services Ltd,INE596B01017,X
GENUSPOWER,Genus Power Infrastructures Ltd-$,INE955D01029,A
ASIANENE,Asian Energy Services Ltd,INE276G01015,B
KBSINDIA,KBS India Ltd,INE883D01023,X
PRABHHANS,Prabhhans Industries Ltd,INE428P01013,X
UGARSUGAR,Ugar Sugar Works Ltd-$,INE071E01023,B
ORIENTBELL,Orient Bell Ltd-$,INE607D01018,B
NRBBEARING,NRB Bearings Ltd,INE349A01021,B
VAMSHIRU,Vamshi Rubber Ltd,INE380C01014,X
NILAINFRA,Nila Infrastructures Ltd,INE937C01029,B
DBSTOCKBRO,DB International Stock Brokers Ltd,INE921B01025,B
VINYOFL,Vinyoflex Ltd,INE526H01011,X
JINDCAP,Jindal Capital Ltd,INE356F01017,X
EPIC,EPIC Energy Ltd-$,INE932F01015,X
SUMEDHA,Sumedha Fiscal Services Ltd,INE886B01012,X
KUWERIN,Kuwer Industries Ltd,INE430F01010,X
CHOKSI,Choksi Asia Ltd,INE865B01016,XT
ASHISHPO,Ashish Polyplast Ltd,INE831C01016,X
SHIVAAGRO,Shiva Global Agro Industries Ltd,INE960E01019,X
SIDDHA,Siddha Ventures Ltd,INE140C01012,X
KIRANSY-B,Kiran Syntex Ltd,INE293D01017,X
SUMERUIND,Sumeru Industries Ltd,INE764B01029,X
RUNGTAIR,Rungta Irrigation Ltd,INE347C01013,X
GTTDATA,GTT Data Solutions Ltd,INE959B01017,X
VALSONQ,Valson Industries Ltd-$,INE808A01018,X
SABOOSOD,Saboo Sodium Chloro Ltd,INE440C01016,X
GSLSEC,GSL Securities Ltd,INE721D01017,XT
TINNARUBR,Tinna Rubber and Infrastructure Ltd,INE015C01016,B
VIKRAMTH,Vikram Thermo India Ltd,INE337E01010,X
STRATMONT,Stratmont Industries Ltd,INE473C01025,XT
AKCAPIT,AK Capital Services Ltd,INE701G01012,B
RELAXO,Relaxo Footwears Ltd-$,INE131B01039,A
VIRAT,Virat Industries Ltd,INE467D01017,X
RRETAIL,Rajnish Retail Ltd,INE786J01033,X
TERAI,Terai Tea Company Ltd,INE390D01011,X
MANRAJH,Manraj Housing Finance Ltd,INE948I01015,XT
COSCO,Cosco India Ltd-$,INE949B01018,X
KENFIN,Ken Financial Services Ltd,INE395E01018,X
SHILPAMED,Shilpa Medicare Ltd,INE790G01031,A
PARACABLES,Paramount Communications Ltd-$,INE074B01023,B
NCLRESE,NCL Research & Financial Services Ltd,INE132F01038,X
EXPLICITFIN,Explicit Finance Ltd,INE335G01019,X
LADDERUP,Ladderup Finance Ltd,INE519D01015,X
UYFINCORP,U. Y. Fincorp Ltd,INE152C01025,B
EKAMLEA,Ekam Leasing & Finance Company Ltd,INE906L01025,XT
SWASTIKA,Swastika Investmart Ltd,INE691C01022,X
PRIMAPLA,Prima Plastics Ltd,INE573B01016,X
TELECANOR,TeleCanor Global Ltd,INE381G01013,X
JAGSONSER,Jagsonpal Services Ltd,INE582C01015,X
GARGFUR,Garg Furnace Ltd,INE194E01015,X
SAMPRE,Sampre Nutritions Ltd,INE375C01022,X
AAIL,Akar Auto Industries Ltd,INE864E01021,X
VIPULORG,Vipul Organics Ltd,INE834D01018,X
ECORECO,Eco Recycling Ltd,INE316A01038,T
GOODLUCK,Goodluck India Ltd,INE127I01024,B
GOYALASS,Goyal Associates Ltd,INE912B01032,X
ZENITHHE,Zenith Healthcare Ltd,INE812B01026,X
YORKEXP,York Exports Ltd,INE057Q01018,X
SUPREME,Supreme Holdings & Hospitality (India) Ltd,INE822E01011,B
LYKISLTD,Lykis Ltd,INE624M01014,X
PRIMEPRO,Prime Property Development Corporation Ltd-$,INE233C01023,X
ZENLABS,Zenlabs Ethica Ltd,INE546F01013,XT
RAJRILTD,Raj Rayon Industries Ltd-$,INE533D01032,T
ANIRIT,Anirit Ventures Ltd,INE161F01011,XT
GOWRALE,Gowra Leasing & Finance Ltd,INE225G01012,X
JAGANLAM,Jagan Lamps Ltd,INE144C01014,X
ASITCFIN,Asit C Mehta Financial Services Ltd,INE041B01014,X
ENCODE,Encode Packaging India Ltd,INE900O01014,X
SUPERBAK,Super Bakers India Ltd,INE897A01011,X
OVOBELE,Ovobel Foods Ltd,INE812S01012,X
ACSTECH,ACS Technologies Ltd,INE366C01021,B
CHALLANI,Challani Capital Ltd,INE807A01010,X
CORNE,Coral Newsprints Ltd,INE715D01019,X
SHENTRA,Shentracon Chemicals Ltd,INE0OUS01011,XT
STERTOOLS,Sterling Tools Ltd-$,INE334A01023,B
AGARWAL,Agarwal Fortune India Ltd,INE510B01018,X
DYNAMICP,Dynamic Portfolio Management & Services Ltd,INE118C01018,X
INLANPR,Inland Printers Ltd,INE055O01033,XT
CEEJAY,Ceejay Finance Ltd,INE358C01010,X
SUNCITYSY,Suncity Synthetics Ltd,INE584D01019,XT
SHGANEL,Shree Ganesh Elastoplast Ltd,INE400N01017,X
ANNAINFRA,Anna Infrastructures Ltd,INE336D01014,X
BHAGERIA,Bhageria Industries Ltd,INE354C01027,B
OIVL,Onesource Industries And Ventures Ltd,INE125F01032,XT
BNRUDY,BNR Udyog Ltd,INE355C01016,X
KRBL,KRBL Ltd,INE001B01026,A
SSPDL,SSPDL Ltd-$,INE838C01011,X
DAIKAFFI,Daikaffil Chemicals India Ltd,INE789B01018,X
CILSEC,Cil Securities Ltd,INE830A01012,X
CLIOINFO,Clio Infotech Ltd,INE011B01017,XT
CUPID,Cupid Ltd-$,INE509F01029,B
SUNSHIEL,Sunshield Chemicals Ltd,INE199E01014,X
HIPOLIN,Hipolin Ltd,INE963A01011,XT
GDLLEAS,GDL Leasing & Finance Ltd,INE545E01018,XT
CHEMBOND,Chembond Material Technologies Ltd-$,INE995D01025,T
CIFL,Capital India Finance Ltd,INE345H01024,B
ABVL,Arunjyoti Bio Ventures Ltd,INE485K01022,X
SUCROSA,Super Crop Safe Ltd,INE366G01022,X
NGIND,NG Industries Ltd-$,INE825C01018,X
ASIAPAK,Asia Pack Ltd,INE784M01016,X
SICAPIT,SI Capital & Financial Services Ltd,INE417F01017,X
ERPSOFT,ERP Soft Systems Ltd,INE308B01017,X
RRSECUR,RR Securities Ltd,INE474H01014,P
REMSONSIND,Remsons Industries Ltd,INE474C01023,B
INTETHR,Integrated Thermoplastics Ltd,INE038N01015,P
RAMSONS,Ramsons Projects Ltd,INE609D01014,XT
HARAFIN,Haryana Financial Corporation Ltd,INE737G01016,ZP
STANPACK,Stanpacks India Ltd,INE457D01018,X
AQYLON,Aqylon Nexus Ltd,INE416A01051,B
RAMINFO,Raminfo Ltd,INE357B01022,X
SUNILAGR,Sunil Agro Foods Ltd-$,INE224D01012,X
DIANATEA,Diana Tea Company Ltd,INE012E01035,X
VIKASECO,Vikas EcoTech Ltd,INE806A01020,B
IOC,Indian Oil Corporation Ltd,INE242A01010,A
ALFAICA,Alfa Ica India Ltd,INE042C01010,X
SKCIL,Shri Keshav Cements And Infra Ltd,INE260E01014,X
INDIAHOME,India Home Loan Ltd,INE274E01015,X
ROOPAIND,Roopa Industries Ltd,INE443C01010,X
SARTHAKGL,Sarthak Global Ltd,INE075H01019,XT
UNIQUEO,Unique Organics Ltd,INE333E01019,X
BALAMINES,Balaji Amines Ltd-$,INE050E01027,B
SWRNASE,Swarna Securities Ltd,INE595G01018,X
VENMAX,Venmax Drugs and Pharmaceuticals Ltd,INE154G01022,X
ARISE,Arihants Securities Ltd,INE190D01015,X
VISAGAR,Visagar Financial Services Ltd,INE309H01038,X
LIBORD,Libord Securities Ltd,INE267E01019,X
REGAL,Regal Entertainment & Consultants Ltd,INE101E01010,X
EBIX,Eraaya Lifespaces Ltd,INE432F01032,XT
SWADHATURE,Swadha Nature Ltd,INE0P4R01017,XT
COMPEAU,Competent Automobiles Company Ltd,INE823B01015,X
ZDHJERK,Dhanvantri Jeevan Rekha Ltd,INE239F01015,X
NEELKAN,Neelkanth Rockminerals Ltd,INE741D01015,Z
VINTAGES,Vintage Securities Ltd,INE153C01015,X
CONTILI,Contil India Ltd,INE080G01029,X
VIJSOLX,Vijay Solvex Ltd,INE362D01010,XT
SHRIKRISH,Shri Krishna Devcon Ltd,INE997I01012,B
ALANKIT,Alankit Ltd,INE914E01040,B
NIHARINF,Nihar Info Global Ltd,INE876E01033,XT
UNITDCR,United Credit Ltd,INE858C01027,X
OMINFRAL,OM Infra Ltd,INE239D01028,B
CENTUPLE,Centuple Global Ltd,INE396H01019,X
ISHANCH,Ishan Dyes and Chemicals Ltd,INE561M01018,B
GOTHIPL,Gothi Plascon India Ltd,INE538G01018,P
BALUFORGE,Balu Forge Industries Ltd,INE011E01029,A
CEENIK,Ceenik Exports India Ltd,INE418D01010,X
PATELENG,Patel Engineering Ltd-$,INE244B01030,A
KATIPATANG,Kati Patang Lifestyle Ltd,INE237C01016,X
MENAMANI,Mena Mani Industries Ltd,INE148B01033,XT
INANI,Inani Marbles & Industries Ltd,INE635D01027,X
GEMSI,Gemstone Investments Ltd,INE503D01027,X
ELFORGE,El Forge Ltd-$,INE158F01017,X
MEDICAMEQ,Medicamen Biotech Ltd-$,INE646B01010,B
ALICON,Alicon Castalloy Ltd,INE062D01024,B
DILIGENT,Diligent Industries Ltd,INE650C01036,X
EPSOMPRO,Epsom Properties Ltd,INE601F01016,X
ALFAVIO,Alfavision Overseas India Ltd,INE883B01027,XT
ORGCOAT,Organic Coatings Ltd,INE412E01011,X
CATVISION,Catvision Ltd,INE660B01011,X
ABMKNO,ABM Knowledgeware Ltd,INE850B01026,B
EMAMILTD,Emami Ltd-$,INE548C01032,A
KEMISTAR,Kemistar Corporation Ltd,INE971L01029,X
ASSOCER,Associated Ceramics Ltd,INE771E01010,X
SKPSEC,SKP Securities Ltd,INE709B01016,X
SYSCHEM,Syschem India Ltd,INE121D01036,X
MEFCOMCAP,Mefcom Capital Markets Ltd,INE186C01023,X
HEMANG,Hemang Resources Ltd,INE930A01010,XT
ARMANFIN,Arman Financial Services Ltd,INE109C01017,B
EFORU,Eforu Entertainment Ltd,INE355H01015,X
GLANCE,Glance Finance Ltd,INE580D01017,X
SHILCTECH,Shilchar Technologies Ltd,INE024F01011,B
TRADEWELL,Tradewell Holdings Ltd,INE819G01012,X
SPRIGHT,Spright Agro Ltd,INE179O01031,XT
NUCLEUS,Nucleus Software Exports Ltd,INE096B01018,B
COLINZ,Colinz Laboratories Ltd,INE923C01011,X
NLFL,Nalin Lease Finance Ltd,INE606C01012,X
MANAPPURAM,Manappuram Finance Ltd,INE522D01027,A
RTSPOWR,RTS Power Corporation Ltd,INE005C01017,X
COMFINTE,Comfort Intech Ltd-$,INE819A01049,B
SHYAMACOMP,Shyama Computronics and Services Ltd,INE861E01019,P
MAYURFL,Mayur Floorings Ltd,INE262W01012,XT
ANJANI,Anjani Synthetics Ltd-$,INE364D01032,X
XTGLOBAL,Xtglobal Infotech Ltd,INE547B01028,B
DECOMIC,Deco Mica Ltd,INE907E01010,X
RANDER,Rander Corporation Ltd,INE821D01031,X
RASIELEC,Rasi Electrodes Ltd,INE822D01021,X
SCOOBEEDAY,Scoobee Day Garments (India) Ltd,INE962E01015,X
CITIPOR,Citi Port Financial Services Ltd,INE494D01011,XT
DHRUVCA,Dhruva Capital Services Ltd,INE972E01014,XT
LINC,Linc Ltd-$,INE802B01027,B
PRIMAIN,Prima Industries Ltd,INE723N01012,X
INDGELA,India Gelatine & Chemicals Ltd-$,INE342D01012,X
OPTIFIN,Optimus Finance Ltd,INE031G01022,X
PARAGONF,Paragon Finance Ltd,INE015E01012,X
PRATIKSH,Pratiksha Chemicals Ltd,INE530D01012,X
EQUILATERA,Equilateral Enterprises Ltd,INE060N01019,X
VSTTILLERS,VST Tillers Tractors Ltd-$,INE764D01017,B
B2BSOFT,B2B Software Technologies Ltd,INE151B01011,X
NIKKIGL,Nikki Global Finance Ltd,INE526C01012,XT
RADHEDE,Radhe Developers India Ltd,INE986B01044,X
KINETRU,Kinetic Trust Ltd,INE674M01019,X
ELIXIR,Elixir Capital Ltd,INE785D01012,X
TRISHAKT,Trishakti Industries Ltd,INE238C01022,X
PANKAJPO,Pankaj Polymers Ltd,INE698B01011,XT
MARBLE,Marble City India Ltd,INE807H01023,X
CINDRELL,Cindrella Financial Services Ltd,INE897D01015,X
ADHHATA,Adhata Global Ltd,INE586D01014,XT
NATPLASTI,National Plastic Technologies Ltd,INE896D01017,X
LEADFIN,Lead Financial Services Ltd,INE531D01010,X
NATFIT,National Fittings Ltd,INE643C01015,X
ARTEFACT,Artefact Projects Ltd,INE885B01014,X
TUSALDAH,Tusaldah Ltd,INE319M01011,XT
NUTECGLOB,Nutech Global Ltd,INE960H01012,X
DHPIND,DHP India Ltd,INE590D01016,X
RRIL,RRIL Ltd,INE951M01037,B
AVAILFC,Available Finance Ltd,INE325G01010,B
INTCAPL,Integra Capital  Ltd,INE366H01012,X
MGIL,Maruti Global Industries Ltd,INE368C01019,XT
HAVISHA,Sri Havisha Hospitality And Infrastructure Ltd,INE293B01029,B
JAYIND,Jayatma Industries Ltd,INE250D01017,X
ROSELABS,Roselabs Finance Ltd,INE475C01012,X
KRETTOSYS,Kretto Syscon Ltd,INE128R01023,XT
VIKALPS,Vikalp Securities Ltd,INE186E01011,X
ZYDUSWELL,Zydus Wellness Ltd-$,INE768C01028,A
MILESTONE,Milestone Global Ltd,INE151H01018,X
BERVINL,Bervin Investment & Leasing Ltd,INE348I01018,X
GUJINV,Gujarat Investa Ltd,INE373D01017,X
CONCOR,Container Corporation of India Ltd,INE111A01025,A
EASTRED,Eastern Treads Ltd,INE500D01015,X
PANACEABIO,Panacea Biotec Ltd,INE922B01023,B
PEETISEC,Peeti Securities Ltd,INE328D01011,X
MERCURYEV,Mercury Ev-Tech Ltd,INE763M01028,XT
CHOICEIN,Choice International Ltd,INE102B01014,A
SRAMSET,Shriram Asset Management Company Ltd,INE777G01012,X
GOLECHA,Golechha Global Finance Ltd,INE427D01011,XT
EKANSH,Ekansh Concepts Ltd,INE005E01013,X
SPAR,Sparc Electrex Ltd,INE960B01015,XT
BYKE,The Byke Hospitality Ltd,INE319B01014,B
CSURGSU,Centenial Surgical Suture Ltd,INE405H01018,X
ARIHANT,Arihant Foundations & Housing Ltd-$,INE413D01011,B
HASTIFIN,Hasti Finance Ltd,INE671D01014,X
UPSURGE,Upsurge Investment & Finance Ltd,INE890B01014,X
PADAMCO,Padam Cotton Yarns Ltd,INE448D01025,X
WOMENNET,Women Networks Ltd,INE905B01010,X
POLYCON,Polycon International Ltd,INE262C01014,X
SOURCENTRL,Source Natural Foods and Herbal Supplements Ltd,INE679C01027,X
GGAUTO,GG Automotive Gears Ltd,INE493B01017,X
ALMONDZ,Almondz Global Securities Ltd,INE326B01035,B
LWSKNIT,LWS Knitwear Ltd,INE281M01013,X
ANSINDUS,ANS Industries Ltd,INE234J01018,XT
TUNITEX,Tuni Textile Mills Ltd,INE560D01027,X
RADIXIND,Radix Industries (India) Ltd,INE576N01014,XT
NARPROP,Narendra Properties Ltd,INE603F01012,X
MEGACOR,Mega Corporation Ltd,INE804B01023,XT
BMBMUMG,BMB Music & Magnetics Ltd,INE644K01016,X
TNPL,Tamil Nadu Newsprint & Papers Ltd,INE107A01015,B
SHAKTIPUMP,Shakti Pumps India Ltd-$,INE908D01010,A
SYTIXSE,Systematix Securities Ltd,INE07P301011,X
SUNGOLD,Sungold Capital Ltd,INE271D01013,XT
SAFFRON,Saffron Industries Ltd,INE474D01013,X
PWASML,Prakash Woollen & Synthetic Mills Ltd,INE523I01016,X
GOLDTECH,Aion-Tech Solutions Ltd,INE805A01014,B
LYONSCO,Lyons Corporate Market Ltd,INE100F01019,X
GRMOVER,GRM Overseas Ltd,INE192H01020,B
MOHITIND,Mohit Industries Ltd-$,INE954E01012,B
POLYLINK,Polylink Polymers India Ltd,INE323D01020,X
MINAXI,Minaxi Textiles Ltd,INE952C01028,X
BOSTON,Boston Commerce Ltd,INE109B01019,XT
CONTICON,Continental Controls Ltd,INE545B01022,X
GBLINFRA,Global Infratech & Finance Ltd,INE377M01043,XT
NOUVEAU,Nouveau Global Ventures Ltd,INE317B01042,X
DUKEOFS,Duke Offshore Ltd,INE397G01019,XT
CYBELEIND,Cybele Industries Ltd,INE183D01010,X
FILME,Filmcity Media Ltd,INE600B01033,XT
CGVAK,CG Vak Software & Exports Ltd,INE084D01010,X
NAVKARURB,Navkar Urbanstructure Ltd,INE268H01044,B
BLUECOAST,Blue Coast Hotels Ltd,INE472B01011,T
MADHUCON,Madhucon Projects Ltd-$,INE378D01032,B
SYBLY,Sybly Industries Ltd-$,INE080D01042,Z
RAJESHEXPO,Rajesh Exports Ltd,INE343B01030,Z
ESARIND,Esaar India Ltd,INE404L01039,X
MARIS,Maris Spinners Ltd-$,INE866D01010,X
INDERGR,Indergiri Finance Ltd,INE628F01019,XT
SKRABUL,Shukra Bullions Ltd,INE561E01015,XT
EVEREADY,Eveready Industries India Ltd,INE128A01029,B
STEP2COR,Step Two Corporation Ltd,INE623D01015,X
ORIENTTR,Orient Tradelink Ltd,INE681D01039,X
VIKASPROP,Vikas Proppant & Granite Ltd,INE767B01022,Z
DESHRAK,Desh Rakshak Aushdhalaya Ltd,INE971E01016,P
ACESOFT,ACE Software Exports Ltd-$,INE849B01010,X
SOFTRAKV,Softrak Venture Investment Ltd,INE562E01021,X
HATSUN,Hatsun Agro Product Ltd,INE473B01035,A
ACCEDERE,Accedere Ltd,INE578B01015,X
MIZVEN,Mizzen Ventures Ltd,INE681K01026,X
RISHDIGA,Rishabh Digha Steel & Allied Products Ltd-$,INE864D01015,X
MAINFRA,Maruti Infrastructure Ltd,INE392G01028,XT
KOBO,Kobo Biotech Ltd-$,INE881A01015,Z
JINDWORLD,Jindal Worldwide Ltd,INE247D01039,B
SOMANYCERA,Somany Ceramics Ltd,INE355A01028,B
JHACC,Jhaveri Credits & Capital Ltd,INE865D01012,X
RAGHUTOB,Raghunath Tobacco Company Ltd,INE754B01012,X
DRL,Disha Resources Ltd,INE193D01019,XT
CORALFINAC,Coral India Finance & Housing Ltd,INE558D01021,B
AMITSEC,Amit Securities Ltd,INE137E01014,X
PUSHPIN,Pushpsons Industries Ltd,NA,Y
ASHUTPM,Ashutosh Paper Mills Ltd,INE723K01018,X
SANJIVIN,Sanjivani Paranteral Ltd,INE860D01013,X
RANJITSE,Ranjit Securities Ltd,INE863D01017,XT
KMFBLDR,KMF Builders & Developers Ltd,INE580H01026,X
BERYLSE,Beryl Securities Ltd,INE508J01015,XT
RAP,Rap Corp Ltd,INE483D01014,X
DEVINE,Devine Impex Ltd,INE455C01014,X
BAMPSL,Bampsl Securities Ltd,INE802A01037,X
GENPHARMA,Genpharmasec Ltd,INE861N01036,X
INCON,Incon Engineers Ltd,INE507D01010,X
CGCL,Capri Global Capital Ltd,INE180C01042,A
MIDPOLY,Midland Polymers Ltd,INE046M01036,XT
FDC,FDC Ltd,INE258B01022,B
GOGIACAPGL,Gogia Capital Growth Ltd,INE832C01014,X
GORANIN,Gorani Industries Ltd,INE792J01015,XT
KGPETRO,KG Petrochem Ltd,INE902G01016,X
UFMINDL,UFM Industries Ltd,INE832E01010,XT
MAL,Meyer Apparel Ltd,INE100C01024,XT
STARCOM,Starcom Information Technology Ltd,INE347I01010,X
COUNCODOS,Country Condos Ltd,INE695B01025,B
OROSMITHS,Orosil Smiths India Ltd-$,INE628B01034,X
TEJASSVI,Tejassvi Aaharam Ltd,INE173E01019,XT
LINCOLN,Lincoln Pharmaceuticals Ltd,INE405C01035,B
SILVOAK,Silver Oak India Ltd,INE870J01019,X
PRAVEG,Praveg Ltd,INE722B01019,B
SURAJLTD,Suraj Ltd-$,INE713C01016,B
SICL,Suvidha Infraestate Corporation Ltd,INE936N01010,P
MARICO,Marico Ltd,INE196A01026,A
TOKYOFIN,Tokyo Finance Ltd,INE546D01018,X
NATGENI,National General Industries Ltd,INE654H01011,XT
UVS,UVS Hospitality And Services Ltd,INE528C01018,X
ABATEAS,Abate As Industries Ltd,INE454E01013,X
HITTCO,Hittco Tools Ltd,INE863C01019,X
YUVRAAJHPL,Yuvraaj Hygiene Products Ltd,INE139D01020,XT
RRMETAL,RR MetalMakers India Ltd,INE117K01013,X
VISIONCO,Vision Corporation Ltd,INE661D01015,X
KARNAWATI,Karnawati Innovation Ltd,INE214D01021,XT
INANISEC,Inani Securities Ltd,INE224C01014,XT
ANKIN,Anka India Ltd,INE067C01025,X
EMROCK,Emrock Corporation Ltd,INE554H01021,XT
MAYUR,Mayur Leather Products Ltd,INE799E01011,X
AMERISE,Amerise Biosciences Ltd,INE673C01020,X
FRONTFN,Frontline Financial Services Ltd,INE776R01011,XT
PRITHVIEXCH,Prithvi Exchange (India) Ltd,INE621B01021,X
KHYATI,Khyati Multimedia Entertainment Ltd,INE593B01030,X
RAINBOWF,Rainbow Foundations Ltd,INE230F01014,X
VSDCONF,VSD Confin Ltd,INE489F01016,XT
TRICOMFRU,Tricom Fruit Products Ltd,INE843F01014,XT
VIDHIING,Vidhi Specialty Food Ingredients Ltd-$,INE632C01026,B
BHAGCHEM,Bhagiradha Chemicals & Industries Ltd,INE414D01027,B
GATECH,GACM Technologies Ltd,INE224E01028,B
PANCHSHEEL,Panchsheel Organics Ltd,INE316G01019,X
MENNPIS,Menon Pistons Ltd,INE650G01029,B
PRISMFN,Prism Finance Ltd,INE429Q01019,P
GREENCREST,Greencrest Financial Services Ltd,INE414C01045,X
GENNEX,Gennex Laboratories Ltd,INE509C01026,X
HIRAUTO,Hira Automobiles Ltd,INE258Z01013,P
GINISILK,Gini Silk Mills Ltd-$,INE548B01018,X
PRAENG,Prajay Engineers Syndicate Ltd,INE505C01016,B
BIOGEN,Biogen Pharmachem Industries Ltd,INE703D01023,X
GKCONS,GK Consultants Ltd,INE131D01019,X
APOLLOPIPE,Apollo Pipes Ltd,INE126J01016,B
UNJHAFOR,Unjha Formulations Ltd,INE576D01015,X
POLYMED,Poly Medicure Ltd,INE205C01021,A
PFLINFOTC,PFL Infotech Ltd,INE600F01018,XT
SHRADDHA,Shraddha Prime Projects Ltd,INE311M01018,X
KACHCHH,Kachchh Minerals Ltd,INE059E01010,XT
PADALPO,Padmanabh Alloys & Polymers Ltd,INE630U01014,X
KACL,Kaiser Corporation Ltd,INE229G01022,XT
KCLINFRA,KCL Infra Projects Ltd,INE469F01026,X
ATULAUTO,Atul Auto Ltd-$,INE951D01028,B
SCANPRO,Scan Projects Ltd,INE393D01015,XT
PRERINFRA,Prerna Infrabuild Ltd,INE426H01014,X
METALCO,Metal Coatings India Ltd,INE161E01014,X
SGNTE,SGN Telecoms Ltd,INE266C01023,X
GANGAPA,Ganga Papers India Ltd,INE278O01015,X
TIRSARJ,Tirupati Sarjan Ltd,INE297J01023,X
MUNOTHFI,Munoth Financial Services Ltd,INE348D01019,XT
RODIUM,Rodium Realty Ltd,INE513E01024,X
NAGTECH,Nagarjuna Agri Tech Ltd,INE793H01017,XT
NATHUEC,Natura Hue Chem Ltd,INE487B01019,XT
IECEDU,IEC Education Ltd,INE172B01017,X
INDUSFINL,Indus Finance Ltd,INE935D01013,XT
LAHOTIOV,Lahoti Overseas Ltd-$,INE515C01023,B
ZENITHSTL,Zenith Steel Pipes & Industries Ltd-$,INE318D01020,B
TRINITYLEA,Trinity League India Ltd,INE884X01011,X
ASTAR,Asian Star Company Ltd-$,INE194D01017,B
ORIRAIL,Oriental Rail Infrastructure Ltd,INE457G01029,B
JOINDRE,Joindre Capital Services Ltd,INE024B01010,X
BHARATAGRI,Bharat Agri Fert & Realty Ltd,INE842D01029,X
UNITINT,Unitech International Ltd,INE929K01011,Z
SACHEMT,Sacheta Metals Ltd,INE433G01020,X
POPULARES,Popular Estate Management Ltd,INE370C01015,X
ANJANIFIN,Anjani Finance Ltd,INE283D01018,X
SVAINDIA,SVA India Ltd,INE763K01014,P
REXNORD,Rexnord Electronics & Controls Ltd,INE687C01012,X
NWIL,Nurture Well Industries Ltd,INE882B01037,X
KHANDSE,Khandwala Securities Ltd,INE060B01014,B
SAWACA,Sawaca Enterprises Ltd,INE248B01023,X
CCLINTER,CCL International Ltd,INE778E01031,X
GALLOPENT,Gallops Enterprise Ltd,INE755J01012,X
CROISSANCE,Croissance Ltd,INE587J01027,X
JOJO,JOJO Ltd,INE312M01016,X
GALAGEX,Galaxy Agrico Exports Ltd,INE803L01016,X
CASTORA,Castora Agri Commodities Ltd,INE641H01018,XT
HINDAPL,Hindustan Appliances Ltd,INE02XD01011,XT
AGARIND,Agarwal Industrial Corporation Ltd,INE204E01012,B
DHAMPURE,Dhampure Specialty Sugars Ltd,INE956B01013,X
SHAQUAK,Shantanu Sheorey Aquakult Ltd,INE545N01019,X
SARTHAKIND,Sarthak Industries Ltd,INE074H01012,X
SAICAPI,Sai Capital Ltd,INE531X01018,X
BLUECHIP,Blue Chip India Ltd,INE657B01025,B
LEXORAA,Lexoraa Industries Ltd,INE185D01015,X
CHADPAP,Chadha Papers Ltd,INE669W01018,X
VERTEX,Vertex Securities Ltd,INE316D01024,X
RIBATEX,Riba Textiles Ltd,INE811H01017,X
NEWINFRA,Newtime Infrastructure Ltd,INE997D01021,X
SHREMETAL,Shree Metalloys Ltd,INE914B01012,X
IITLPROJ,IITL Projects Ltd,INE786E01018,X
HARIGOV,Hari Govind International Ltd,INE167F01018,XT
CHLOGIST,Chartered Logistics Ltd,INE558F01026,X
AMBIKCO,Ambika Cotton Mills Ltd,INE540G01014,B
HINDALUMI,Hind Aluminium Industries Ltd-$,INE227B01019,X
SPECFOOD,Spectrum Foods Ltd,INE547C01018,X
DECPO,Deccan Polypacks Ltd,INE132E01015,XT
AMRAAGRI,Amraworld Agrico Ltd,INE735C01027,X
ODYCORP,Odyssey Corporation Ltd,INE839E01023,X
IKOMA,Ikoma Technologies Ltd,INE164D01010,XT
INDCTST,Inducto Steel Ltd,INE146H01018,X
SAMINDUS,Sam Industries Ltd,INE653D01012,X
SHVFL,Shree Vatsaa Finance & leasing Ltd,INE981C01019,X
POOJAENT,Vashu Bhagnani Industries Ltd,INE147C01017,XT
GRAVITY,Gravity India Ltd-$,INE995A01013,XT
ESPIRE,Espire Hospitality Limited,INE176O01011,X
LCCINFOTEC,LCC Infotech Ltd,INE938A01021,T
FILATFASH,Filatex Fashions Ltd,INE185E01021,T
AARCON,Aarcon Facilities Ltd,INE056J01015,P
SINDHUTRAD,Sindhu Trade Links Ltd,INE325D01025,B
ZENOTECH,Zenotech Laboratories Ltd,INE486F01012,X
HINDBIO,Hindustan Bio Sciences Ltd,INE597C01021,XT
FRONTCORP,Frontline Corporation Ltd,INE092D01013,X
SWELECTES,Swelect Energy Systems Ltd-$,INE409B01013,B
WALLFORT,Wallfort Financial Services Ltd,INE121B01014,X
KDDL,KDDL Ltd-$,INE291D01011,B
TRUSTEDGE,Trustedge Capital Ltd,INE398H01015,X
ABHICAP,Abhinav Capital Services Ltd,INE516F01016,X
3BBLACKBIO,3B BlackBio Dx Ltd,INE994E01018,B
GUJJUBHAI,Gujjubhai Industries Ltd,INE311N01016,X
MONIND,Monind Ltd,INE407E01029,XT
SHKALYN,Shri Kalyan Holdings Ltd,INE079N01019,XT
ATVOENT,Atvo Enterprises Ltd,INE219M01021,XT
EPUJA,Epuja Spiritech Ltd,INE807D01030,X
INDOCITY,Indo City Infotech Ltd-$,INE456B01014,X
SBECSUG,SBEC Sugar Ltd,INE948G01019,X
BRIJLEAS,Brijlaxmi Leasing & Finance Ltd,INE957E01031,X
BSELALGO,BSEL Algo Ltd,INE395A01016,X
RELIABVEN,Reliable Ventures India Ltd,INE419H01019,X
TRIUMPIN,Triumph International Finance India Ltd,INE382B01012,XT
BANKBARODA,Bank of Baroda,INE028A01039,A
SMCREDT,SMC Credits Ltd,INE440E01012,XT
MOHITE,Mohite Industries Ltd,INE154B01023,X
ACL,Andhra Cements Ltd,INE666E01020,B
SKMEGGPROD,SKM Egg Products Export (India) Ltd,INE411D01023,B
WELCORP,Welspun Corp Ltd,INE191B01025,A
HOTLSILV,H S India Ltd,INE731B01010,X
BANKINDIA,Bank of India,INE084A01016,A
INDRAMEDCO,Indraprastha Medical Corporation Ltd,INE681B01017,B
JOHNPHARMA,Johnson Pharmacare Ltd,INE560F01022,X
GAIL,Gail (India) Ltd,INE129A01019,A
VAIBHAVGBL,Vaibhav Global Ltd,INE884A01027,B
TRESCON,Trescon Ltd,INE088D01011,X
GUJSTATFIN,Gujarat State Financial Corporation,INE944A01011,B
JKPAPER,JK Paper Ltd,INE789E01012,A
SAREGAMA,Saregama India Ltd,INE979A01025,A
OMKARPH,Omkar Pharmachem Ltd,INE501C01015,X
ADROITINFO,Adroit Infotech Ltd,INE737B01033,B
CYBERTECH,CyberTech Systems and Software Ltd,INE214A01019,B
ICICIBANK,ICICI Bank Ltd,INE090A01021,A
CYIENT,Cyient Ltd,INE136B01020,A
ENGINERSIN,Engineers India Ltd,INE510A01028,A
DHANBANK,Dhanlaxmi Bank Ltd,INE680A01011,B
GMDCLTD,Gujarat Mineral Development Corporation Ltd,INE131A01031,A
GAYATRI,Gayatri Sugars Ltd,INE622E01023,X
INDUSINDBK,Indusind Bank Ltd,INE095A01012,A
ITDC,India Tourism Development Corporation Ltd,INE353K01014,B
J&KBANK,Jammu & Kashmir Bank Ltd,INE168A01041,A
CUB,City Union Bank Ltd,INE491A01021,A
ARCHIES,Archies Ltd,INE731A01020,B
AXISBANK,AXIS Bank Ltd,INE238A01034,A
HBSL,HB Stockholdings Ltd,INE550B01022,T
CMXLTD,CMX Holdings Ltd,INE027F01014,X
SOUTHBANK,South Indian Bank Ltd,INE683A01023,A
ENERGYDEV,Energy Development Company Ltd,INE306C01019,B
SONATSOFTW,Sonata Software Ltd,INE269A01021,A
BENGALT,Bengal Tea & Fabrics Ltd,INE665D01016,X
NATIONALUM,National Aluminium Company Ltd,INE139A01034,A
INDNIPPON,India Nippon Electricals Ltd,INE092B01025,B
NSIL,Nalwa Sons Investments Ltd,INE023A01030,B
APARINDS,Apar Industries Ltd,INE372A01015,A
TCIIND,TCI Industries Ltd,INE920B01019,X
ACCELYA,Accelya Solutions India Ltd,INE793A01012,B
ORCHASP,Orchasp Ltd,INE215B01022,B
LANDMARC,Landmarc Leisure Corporation Ltd,INE394C01023,X
HCLTECH,HCL Technologies Ltd,INE860A01027,A
TCFCFINQ,TCFC Finance Ltd,INE389D01013,X
GEOJITFSL,Geojit Financial Services Ltd,INE007B01023,B
JINDALSTEL,Jindal Steel Ltd,INE749A01030,A
BLBLIMITED,BLB Ltd,INE791A01024,T
GLENMARK,Glenmark Pharmaceuticals Ltd,INE935A01035,A
WOCKPHARMA,Wockhardt Ltd,INE049B01025,A
INTEGHIT,Integrated Hitech Ltd,INE934A01012,XT
KJMCCORP,KJMC Corporate Advisors (India) Ltd,INE602C01011,X
INDSWFTLAB,Ind-Swift Laboratories Ltd,INE915B01019,B
GVPIL,GE Power India Ltd,INE878A01011,B
SHREERAMA,Shree Rama Multi-Tech Ltd,INE879A01019,B
MAHLIFE,Mahindra Lifespace Developers Ltd,INE813A01018,A
GROARC,Groarc Industries India Ltd,INE042B01012,X
VAARAD,Vaarad Ventures Ltd,INE418B01048,X
ZYDUSLIFE,Zydus Lifesciences Ltd,INE010B01027,A
SHIVACEM,Shiva Cement Ltd,INE555C01029,X
CINEVISTA,Cinevista Ltd,INE039B01026,B
INTENTECH,Intense Technologies Ltd-$,INE781A01025,B
DANLAW,Danlaw Technologies India Ltd-$,INE310B01013,X
AJANTPHARM,Ajanta Pharma Ltd,INE031B01049,A
CURAA,Cura Technologies Ltd,INE117B01020,T
HBPOR,HB Portfolio Ltd,INE638B01025,X
HBESD,HB Estate Developers Ltd,INE640B01021,B
AMBICAAGAR,Ambica Agarbathies & Aroma Industries Ltd,INE792B01012,B
COMPUSOFT,Compucom Software Ltd-$,INE453B01029,B
OMNIAX,Omni AXs Software Ltd,INE369B01019,X
IZMO,IZMO Ltd-$,INE848A01014,B
TVSMOTOR,TVS Motor Company Ltd,INE494B01023,A
MADALA,Madala Holdings Ltd,INE002B01016,X
SUBEXLTD,Subex Ltd,INE754A01055,T
TCI,Transport Corporation of India Ltd,INE688A01022,B
PADMALAYAT,Padmalaya Telefilms Ltd,INE243B01016,Z
AKSHOPTFBR,Aksh Optifibre Ltd,INE523B01011,T
VIRGOGLOB,Virgo Global Ltd,INE400B01020,XT
PICTUREHS,Picturehouse Media Ltd,INE448B01029,XT
TRIVENI,Triveni Engineering & Industries Ltd,INE256C01024,A
MUKTAARTS,Mukta Arts Ltd,INE374B01019,B
HITKITGLO,Hit Kit Global Solutions Ltd,INE309B01023,XT
NAGPI,Nagpur Power & Industries Ltd,INE099E01016,X
DSSL,Dynacons Systems & Solutions Ltd,INE417B01040,B
PNBGILTS,PNB Gilts Ltd,INE859A01011,B
BCG,Brightcom Group Ltd,INE425B01027,B
RAMCOIND,Ramco Industries Ltd,INE614A01028,B
RAMCOSYS,Ramco Systems Ltd,INE246B01019,B
TTML,Tata Teleservices (Maharashtra) Ltd,INE517B01013,A
VIRINCHI,Virinchi Ltd,INE539B01017,B
WEPSOLN,WEP Solutions Ltd,INE434B01029,X
STLTECH,Sterlite Technologies Ltd,INE089C01029,T
TIPSMUSIC,Tips Music Ltd,INE716B01029,A
UMIYA-MRO,Umiya Buildcon Ltd,INE398B01018,B
UNIVARTS,Universal Arts Ltd,INE464B01018,X
FIRSTFIN,First Fintec Ltd,INE683B01047,X
BABA,Baba Arts Ltd-$,INE893A01036,X
BALAJITELE,Balaji Telefilms Ltd,INE794B01026,B
TYCHE,Tyche Industries Ltd,INE443B01012,X
CALSOFT,California Software Company Ltd,INE526B01014,T
PNC,Pritish Nandy Communications Ltd,INE392B01011,B
IOB,Indian Overseas Bank,INE565A01014,A
TAJGVK,Taj Gvk Hotels & Resorts Ltd,INE586B01026,B
CREATIVEYE,Creative Eye Ltd,INE230B01021,B
AXISCADES,Axiscades Technologies Ltd,INE555B01013,B
KONNDOR,Konndor Industries Ltd,INE971A01014,X
UMESLTD,Usha Martin Education & Solutions Ltd,INE240C01028,T
BSOFT,Birlasoft Ltd,INE836A01035,A
USGTECH,USG Tech Solutions Ltd,INE718B01017,XT
7TEC,Saven Technologies Ltd,INE856B01023,X
AVANTEL,Avantel Ltd,INE005B01027,A
MOSCHIP,Moschip Technologies Ltd,INE935B01025,A
SIGMAADV,Sigma Advanced Systems Ltd,INE933B01012,B
TRANSCOR,Transcorp International Ltd,INE330E01023,X
CEREBRAINT,Cerebra Integrated Technologies Ltd,INE345B01019,Z
NEXTMEDIA,Next Mediaworks Ltd,INE747B01016,B
SMARTLINK,Smartlink Holdings Ltd,INE178C01020,T
GODREJCP,Godrej Consumer Products Ltd,INE102D01028,A
GENUSPRIME,Genus Prime Infra Ltd,INE256D01014,XT
BFUTILITIE,BF Utilities Ltd-$,INE243D01012,B
UNITDSPR,United Spirits Ltd,INE854D01024,A
SANINFRA,Sanmit Infra Ltd,INE799C01049,XT
OLECTRA,Olectra Greentech Ltd,INE260D01016,A
MPSLTD,MPS Ltd,INE943D01017,B
CERA,Cera Sanitaryware Ltd,INE739E01017,A
TSPIRITUAL,T Spiritual World Ltd,INE541C01037,XT
BHARTIARTL,Bharti Airtel Ltd,INE397D01024,A
SHALIWIR,Shalimar Wires Industries Ltd,INE655D01025,X
COMPINFO,Compuage Infocom Ltd,INE070C01037,Z
GULPOLY,Gulshan Polyols Ltd,INE255D01024,B
PONNIERODE,Ponni Sugars (Erode) Ltd,INE838E01017,B
PNB,Punjab National Bank,INE160A01022,A
OFSS,Oracle Financial Services Software Ltd,INE881D01027,A
HAZOOR,Hazoor Multi Projects Ltd-$,INE550F01049,B
KAMAHOLD,Kama Holdings Ltd-$,INE411F01010,A
MPFSL,MPF Systems Ltd,INE095E01022,XT
APTECHT,Aptech Ltd,INE266F01018,B
UNIONBANK,Union Bank of India,INE692A01016,A
UBL,United Breweries Ltd-$,INE686F01025,A
NOIDATOLL,Noida Toll Bridge Company Ltd,INE781B01015,T
GRANULES,Granules India Ltd-$,INE101D01020,A
CANBK,Canara Bank,INE476A01022,A
BLIL,Balmer Lawrie Investments Ltd,INE525F01025,B
POKARNA,Pokarna Ltd,INE637C01025,B
DIVISLAB,Divis Laboratories Ltd,INE361B01024,A
ASTRAMICRO,Astra Microwave Products Ltd,INE386C01029,A
RADICO,Radico Khaitan Ltd,INE944F01028,A
MARUTI,Maruti Suzuki India Ltd,INE585B01010,A
RAJPALAYAM,Rajapalayam Mills Ltd-$,INE296E01026,B
NAVINFLUOR,Navin Fluorine International Ltd-$,INE048G01026,A
UCOBANK,UCO Bank,INE691A01018,A
BAGFILMS,B.A.G. Films and Media Ltd,INE116D01028,B
JSL,Jindal Stainless Ltd,INE220G01021,A
SUPRAJIT,Suprajit Engineering Ltd-$,INE399C01030,B
TVSELECT,TVS Electronics Ltd,INE236G01019,B
IGL,Indraprastha Gas Ltd,INE203G01027,A
TVTODAY,TV Today Network Ltd,INE038F01029,B
PALREDTEC,Palred Technologies Ltd,INE218G01033,T
PETRONET,Petronet LNG Ltd,INE347G01014,A
BIOCON,Biocon Ltd,INE376G01013,A
PTC,PTC India Ltd,INE877F01012,A
MAHABANK,Bank of Maharashtra,INE457A01014,A
RKFORGE,Ramkrishna Forgings Ltd,INE399G01023,A
DATAMATICS,Datamatics Global Services Ltd,INE365B01017,B
NDTV,New Delhi Television Ltd,INE155G01029,B
STAR,Strides Pharma Science Ltd,INE939A01011,A
ULTRACEMCO,UltraTech Cement Ltd,INE481G01011,A
UNOMINDA,UNO Minda Ltd-$,INE405E01023,A
TCS,Tata Consultancy Services Ltd,INE467B01029,A
COFORGE,Coforge Ltd,INE591G01025,A
GULFPETRO,GP Petroleums Ltd,INE586G01017,B
CENTURYPLY,Century Plyboards (India) Ltd-$,INE348B01021,A
WELENT,Welspun Enterprises Ltd,INE625G01013,A
NTPC,NTPC Ltd,INE733E01010,A
SALSTEEL,S.A.L. Steel Ltd,INE658G01014,T
JBMA,JBM Auto Ltd,INE927D01051,A
DWARKESH,Dwarikesh Sugar Industries Ltd,INE366A01041,B
INDOCO,Indoco Remedies Ltd,INE873D01024,B
VIPCLOTHNG,VIP Clothing Ltd,INE450G01024,T
IMPEXFERRO,Impex Ferro Tech Ltd,INE691G01015,Z
XCHANGING,Xchanging Solutions Ltd,INE692G01013,B
MORARJEE,Morarjee Textiles Ltd,INE161G01027,Z
JINDALPHOT,Jindal Photo Ltd,INE796G01012,B
POCL,Pondy Oxides & Chemicals Ltd,INE063E01053,B
JPPOWER,Jaiprakash Power Ventures Ltd,INE351F01018,A
3IINFOLTD,3i Infotech Ltd,INE748C01038,B
GOKEX,Gokaldas Exports Ltd,INE887G01027,A
ALLDIGI,Alldigi Tech Ltd,INE835G01018,B
IIFL,IIFL Finance Ltd,INE530B01024,A
MANGALAM,Mangalam Drugs & Organics Ltd,INE584F01014,T
SHOPERSTOP,Shoppers Stop Ltd,INE498B01024,B
CYBERMEDIA,Cyber Media India Ltd,INE278G01037,T
NDL,Nandan Denim Ltd,INE875G01048,B
JSWHL,JSW Holdings Ltd,INE824G01012,A
JKCEMENT,JK Cement Ltd,INE823G01014,A
BEEYU,Beeyu Overseas Ltd,INE052B01011,X
YESBANK,Yes Bank Ltd,INE528G01035,A
NECLIFE,Nectar Lifesciences Ltd,INE023H01027,T
MSPL,MSP Steel & Power Ltd,INE752G01015,B
SPLIL,SPL Industries Ltd,INE978G01016,B
KTKBANK,Karnataka Bank Ltd,INE614B01018,A
MCLEODRUSS,Mcleod Russel India Ltd,INE942G01012,T
FACORALL,Facor Alloys Ltd,INE828G01013,X
VIVIMEDLAB,Vivimed Labs Ltd,INE526G01021,T
RML,Rane (Madras) Ltd,INE050H01012,B
HTMEDIA,HT Media Ltd,INE501G01024,B
SASKEN,Sasken Technologies Ltd,INE231F01020,B
FCSSOFT,FCS Software Solutions Ltd,INE512B01022,T
SUZLON,Suzlon Energy Ltd,INE040H01021,A
AURIONPRO,Aurionpro Solutions Ltd,INE132H01018,A
RENUKA,Shree Renuka Sugars Ltd,INE087H01022,A
KMSUGAR,K M Sugar Mills Ltd,INE157H01023,B
BASML,Bannari Amman Spinning Mills Ltd,INE186H01022,B
PBAINFRA,PBA Infrastructure Ltd,INE160H01019,X
AIAENG,AIA Engineering Ltd,INE212H01026,A
EKC,Everest Kanto Cylinder Ltd,INE184H01027,B
KERNEX,Kernex Microsystems India Ltd,INE202H01019,B
REPRO,Repro India Ltd,INE461B01014,B
PVRINOX,PVR Inox Ltd,INE191H01014,A
ASMS,Bartronics India Ltd,INE855F01042,B
CELEBRITY,Celebrity Fashions Ltd,INE185H01016,B
NITINSPIN,Nitin Spinners Ltd,INE229H01012,B
ROHLTD,Royal Orchid Hotels Ltd,INE283H01019,B
ENIL,Entertainment Network (India) Ltd,INE265F01028,B
CELLA,Cella Space Ltd,INE266H01014,Z
JAGRAN,Jagran Prakashan Ltd,INE199G01027,B
DYNPRO,Dynemic Products Ltd,INE256H01015,B
GVKPIL,GVK Power & Infrastructure Ltd,INE251H01024,T
SADBHAV,Sadbhav Engineering Ltd,INE226H01026,T
RCOM,Reliance Communications Ltd,INE330H01018,T
SAKUMA,Sakuma Exports Ltd,INE190H01024,T
KEC,KEC International Ltd,INE389H01022,A
GILLANDERS,Gillanders Arbuthnot & Company Ltd,INE047B01011,B
INDOTECH,Indo Tech Transformers Ltd,INE332H01014,T
BLKASHYAP,B. L. Kashyap and Sons Ltd,INE350H01032,B
M&MFIN,Mahindra & Mahindra Financial Services Ltd,INE774D01024,A
VISACHROME,VISA Chrome Ltd,INE286H01012,T
NITCO,Nitco Ltd,INE858F01012,B
MPDL,MPDL Ltd,INE493H01014,X
SOLARINDS,Solar Industries India Ltd,INE343H01029,A
GALLANTT,Gallantt Ispat Ltd,INE297H01019,B
MALUPAPER,Malu Paper Mills Ltd,INE383H01017,B
UTTAMSUGAR,Uttam Sugar Mills Ltd,INE786F01031,B
SGL,STL Global Ltd,INE353H01010,B
KKCL,Kewal Kiran Clothing Ltd,INE401H01017,B
SUNTV,Sun TV Network Ltd,INE424H01027,A
GPIL,Godawari Power and Ispat Ltd,INE177H01039,A
RSYSTEMS,R Systems International Ltd,INE411H01032,B
EMKAY,Emkay Global Financial Services Ltd,INE296H01011,B
TICL,Twamev Construction And Infrastructure Ltd,INE388G01026,B
LOKESHMACH,Lokesh Machines Ltd,INE397H01017,T
KAMDHENU,Kamdhenu Ltd,INE390H01020,B
PAUSHAKLTD,Paushak Ltd,INE111F01024,B
GTNTEX,GTN Textiles Ltd,INE302H01017,X
PFOCUS,Prime Focus Ltd,INE367G01038,T
ALLCARGO,Allcargo Logistics Ltd,INE418H01029,B
GMRAIRPORT,GMR Airports Ltd,INE776C01039,A
TECHM,Tech Mahindra Ltd,INE669C01036,A
CIEINDIA,CIE Automotive India Ltd,INE536H01010,A
VOLTAMP,Voltamp Transformers Ltd,INE540H01012,A
ATLANTAA,Atlantaa Ltd,INE285H01022,B
HGM,HandsOn Global Management (HGM)Ltd,INE596H01014,B
ACE,Action Construction Equipment Ltd,INE731H01025,A
GEECEE,GeeCee Ventures Ltd,INE916G01016,B
GAYAPROJ,Gayatri Projects Ltd,INE336H01023,T
FIEMIND,Fiem Industries Ltd,INE737H01014,B
JHS,JHS Svendgaard Laboratories Ltd,INE544H01014,B
DCBBANK,DCB Bank Ltd,INE503A01015,A
GLOBALVECT,Global Vectra Helicorp Ltd,INE792H01019,B
INSPIRISYS,Inspirisys Solutions Ltd,INE020G01017,T
GTLINFRA,GTL Infrastructure Ltd,INE221H01019,B
SHIVAMAUTO,Shivam Autotech Ltd,INE637H01024,T
NAUKRI,Info Edge (India) Ltd,INE663F01032,A
TORNTPOWER,Torrent Power Ltd,INE813H01021,A
PARSVNATH,Parsvnath Developers Ltd,INE561H01026,T
SUTLEJTEX,Sutlej Textiles and Industries Ltd,INE645H01027,B
LTFOODS,LT Foods Ltd,INE818H01020,A
SOBHA,Sobha Ltd,INE671H01015,A
RUCHIRA,Ruchira Papers Ltd,INE803H01014,B
TANLA,Tanla Platforms Ltd,INE483C01032,A
ZEEMEDIA,Zee Media Corporation Ltd,INE966H01019,B
SITINET,Siti Networks Ltd,INE965H01011,Z
LUMAXTECH,Lumax Auto Technologies Ltd,INE872H01027,A
AUTOIND,Autoline Industries Ltd,INE718H01014,T
NETWORK18,Network 18 Media & Investments Ltd,INE870H01013,A
HUBTOWN,Hubtown Ltd,INE703H01016,B
CTE,Cambridge Technology Enterprises Ltd,INE627H01017,B
TIIL,Technocraft Industries (India) Ltd,INE545H01011,B
REDINGTON,Redington Ltd,INE891D01026,A
AICHAMP,AI Champdany Industries Ltd,INE768E01024,X
CINELINE,Cineline India Ltd,INE704H01022,B
PGIL,Pearl Global Industries Ltd,INE940H01022,A
FSL,Firstsource Solutions Ltd,INE684F01012,A
PFC,Power Finance Corporation Ltd,INE134E01011,A
AHLUCONT,Ahluwalia Contracts (India) Ltd,INE758C01029,B
TFL,Transwarranty Finance Ltd,INE804H01012,B
INDIANB,Indian Bank,INE562A01011,A
SMSPHARMA,SMS Pharmaceuticals Ltd,INE812G01025,B
ORIENTALTL,Oriental Trimex Ltd,INE998H01012,B
ELAND,E-Land Apparel Ltd,INE311H01018,X
IDEA,Vodafone Idea Ltd,INE669E01016,A
JAGJANANI,Jagjanani Textiles Ltd,INE702H01018,X
RAJTV,Raj Television Network Ltd,INE952H01027,B
PAGEIND,Page Industries Ltd,INE761H01022,A
AMDIND,AMD Industries Ltd,INE005I01014,B
LEHAR,Lehar Footwears Ltd,INE976H01018,X
ASTRAL,Astral Ltd,INE006I01046,A
EMBDL,Embassy Developments Ltd,INE069I01010,A
CAMLINFINE,Camlin Fine Sciences Ltd,INE052I01032,A
ICRA,ICRA Ltd,INE725G01011,B
DISHTV,Dish TV India Ltd,INE836F01026,T
SAHYADRI,Sahyadri Industries Ltd,INE280H01015,B
SRHHYPOLTD,Sree Rayalaseema Hi-Strength Hypo Ltd,INE917H01012,B
FORTIS,Fortis Healthcare Ltd,INE061F01013,A
TGBHOTELS,TGB Banquets and Hotels Ltd,INE797H01018,B
HILTON,Hilton Metal Forging Ltd,INE788H01017,T
DELTACORP,Delta Corp Ltd,INE124G01033,A
MICEL,MIC Electronics Ltd,INE287C01037,B
INSECTICID,Insecticides (India) Ltd,INE070I01018,B
ASAHISONG,Asahi Songwon Colors Ltd,INE228I01012,B
HARYNACAP,Haryana Capfin Ltd,INE928H01019,X
TIMETECHNO,Time Technoplast Ltd,INE508G01029,A
HGS,Hinduja Global Solutions Ltd,INE170I01016,B
NELCAST,Nelcast Ltd,INE189I01024,B
V2RETAIL,V2 Retail Ltd,INE945H01021,B
DLF,DLF Ltd,INE271C01023,A
TARMAT,Tarmat Ltd,INE924H01018,B
ANKITMETAL,Ankit Metal & Power Ltd,INE106I01010,Z
SPARC,Sun Pharma Advanced Research Company Ltd,INE232I01014,B
HDIL,Housing Development and Infrastructure Ltd,INE191I01012,Z
ADSL,Allied Digital Services Ltd,INE102I01027,B
ALPA,Alpa Laboratories Ltd,INE385I01010,B
SSLEL,Sir Shadi Lal Enterprises Ltd,INE117H01019,X
OMAXE,Omaxe Ltd,INE800H01010,B
REFEX,Refex Industries Ltd,INE056I01025,A
CENTRALBK,Central Bank of India,INE483A01010,A
SELMC,SEL Manufacturing Company Ltd,INE105I01020,B
ASIANTILES,Asian Granito India Ltd,INE022I01019,B
KPRMILL,K.P.R. Mill Limited,INE930H01031,A
TAKE,Take Solutions Ltd,INE142I01023,T
PURVA,Puravankara Ltd,INE323I01011,B
MOTILALOFS,Motilal Oswal Financial Services Ltd,INE338I01027,A
VTMLTD,VTM Ltd,INE222F01029,X
INDOWIND,Indowind Energy Ltd,INE227G01018,T
NAGREEKCAP,Nagreeka Capital & Infrastructure Ltd,INE245I01016,T
MAGNUM,Magnum Ventures Ltd,INE387I01016,B
POWERGRID,Power Grid Corporation of India Ltd,INE752E01010,A
KSCL,Kaveri Seed Company Ltd,INE455I01029,A
PAISALO,Paisalo Digital Ltd,INE420C01059,A
CCCL,Consolidated Construction Consortium Ltd,INE429I01024,B
SUPREMEINF,Supreme Infrastructure India Ltd,INE550H01011,B
MAANALU,Maan Aluminium Ltd,INE215I01027,B
IL&FSENGG,IL&FS Engineering and Construction Company Ltd,INE369I01014,Z
PARLEIND,Parle Industries Ltd,INE272G01014,X
RELIGARE,Religare Enterprises Ltd,INE621H01010,A
BVCL,Barak Valley Cements Ltd,INE139I01011,B
RATHIBAR,Rathi Bars Ltd,INE575I01016,X
ADANIPORTS,Adani Ports and Special Economic Zone Ltd,INE742F01042,A
EDELWEISS,Edelweiss Financial Services Ltd,INE532F01054,A
RGL,Renaissance Global Ltd,INE722H01024,B
KOLTEPATIL,Kolte-Patil Developers Ltd,INE094I01018,B
KAUSHALYA,Kaushalya Infrastructure Development Corporation Ltd,INE234I01028,B
JYOTHYLAB,Jyothy Labs Ltd,INE668F01031,A
ECLERX,eClerx Services Ltd,INE738I01010,A
TARIL,Transformers and Rectifiers (India) Ltd,INE763I01026,A
BRIGADE,Brigade Enterprises Ltd,INE791I01019,A
BGRENERGY,BGR Energy Systems Ltd,INE661I01014,T
MANAKSIA,Manaksia Ltd,INE015D01022,B
PORWAL,Porwal Auto Components Ltd,INE386I01018,X
PPAP,PPAP Automotive Ltd,INE095I01015,B
ARIES,Aries Agro Ltd,INE298I01015,B
KUANTUM,Kuantum Papers Ltd,INE529I01021,B
RPOWER,Reliance Power Ltd,INE614G01033,A
JKIL,J. Kumar Infraprojects Ltd,INE576I01022,A
CORDSCABLE,Cords Cable Industries Ltd,INE792I01017,B
KNRCON,KNR Constructions Ltd,INE634I01029,A
ONMOBILE,OnMobile Global Ltd,INE809I01019,B
SEPC,SEPC Ltd,INE964H01014,B
BANG,Bang Overseas Ltd,INE863I01016,B
IRB,IRB Infrastructure Developers Ltd,INE821I01022,A
GSS,GSS Infotech Ltd,INE871H01011,T
NAHARCAP,Nahar Capital and Financial Services Ltd,INE049I01012,B
VGUARD,V-Guard Industries Ltd,INE951I01027,A
RECLTD,REC Ltd,INE020B01018,A
GOKAKTEX,Gokak Textiles Ltd,INE642I01014,X
TITAGARH,Titagarh Rail Systems Ltd,INE615H01020,A
KIRIINDUS,Kiri Industries Ltd,INE415I01015,A
BIRLAMONEY,Aditya Birla Money Ltd-$,INE865C01022,B
TELOGICA,Telogica Ltd,INE778I01024,XT
JAIBALAJI,Jai Balaji Industries Ltd,INE091G01026,T
BAJAJ-AUTO,Bajaj Auto Ltd,INE917I01010,A
BAJAJFINSV,Bajaj Finserv Ltd,INE918I01026,A
GOKUL,Gokul Refoils & Solvent Ltd,INE020J01029,B
RPGLIFE,RPG Life Sciences Ltd,INE105J01010,B
SENSEX1,Kotak S&P BSE Sensex ETF,INF174KA1JD7,A
NIRAJ,Niraj Cement Structurals Ltd,INE368I01016,T
BAFNAPH,Bafna Pharmaceuticals Ltd,INE878I01022,B
CHLLTD,CHL Ltd,INE790D01020,X
SEJALLTD,Sejal Glass Ltd,INE955I01044,T
ARCHIDPLY,Archidply Industries Ltd,INE877I01016,B
LOTUSEYE,Lotus Eye Hospital And Institute Ltd,INE947I01017,B
SOMICONVEY,Somi Conveyor Beltings Ltd,INE323J01019,B
LGBFORGE,LGB Forge Ltd,INE201J01017,XT
LPDC,Landmark Property Development Company Ltd,INE197J01017,B
SICAGEN,Sicagen India Ltd,INE176J01011,B
SIMPLXPAP,Simplex Papers Ltd,INE456H01029,X
20MICRONS,20 Microns Ltd,INE144J01027,B
ZFCVINDIA,ZF Commercial Vehicle Control Systems India Ltd,INE342J01019,A
ALKALI,Alkali Metals Ltd,INE773I01017,B
ISGEC,ISGEC Heavy Engineering Ltd,INE858B01029,A
IMFA,Indian Metals & Ferro Alloys Ltd,INE919H01018,B
TPHQ,Teamo Productions HQ Ltd,INE065J01024,B
VEDAVAAG,VEDAVAAG Systems Ltd,INE359B01010,X
MOLDTKPAC,Mold-Tek Packaging Ltd,INE893J01029,B
MHRIL,Mahindra Holidays & Resorts India Ltd,INE998I01010,B
LANDSMILL,Landsmill Green Ltd,INE688J01023,B
ROML,Raj Oil Mills Ltd,INE294G01026,B
BENGALASM,Bengal & Assam Company Ltd,INE083K01017,B
ADANIPOWER,Adani Power Ltd,INE814H01029,A
NHPC,NHPC Ltd,INE848E01016,A
PEIL,Premier Energy and Infrastructure Ltd,INE429K01012,X
SURYAAMBA,Suryaamba Spinning Mills Ltd,INE360J01011,X
GLOBUSSPR,Globus Spirits Ltd,INE615I01010,B
OIL,Oil India Ltd,INE274J01014,A
SWANDEF,Swan Defence And Heavy Industries Ltd,INE542F01020,T
BTTL,Bhilwara Technical Textiles Ltd,INE274K01012,B
SPSL,Shree Precoated Steels Ltd,INE318K01025,X
EXPLEOSOL,Expleo Solutions Ltd,INE201K01015,B
RTNPOWER,RattanIndia Power Ltd,INE399K01017,A
DEN,Den Networks Ltd,INE947J01015,B
ASTEC,Astec Lifesciences Ltd,INE563J01010,B
DLINKINDIA,D-Link (India) Ltd,INE250K01012,B
JSWENERGY,JSW Energy Ltd,INE121E01018,A
YUNIKM,Yunik Managing Advisors Ltd,INE143K01019,X
GODREJPROP,Godrej Properties Ltd,INE484J01027,A
DBCORP,D. B. Corp Ltd,INE950I01011,B
MBLINFRA,MBL Infrastructure Ltd,INE912H01013,B
JUBLFOOD,Jubilant FoodWorks Ltd,INE797F01020,A
VASCONEQ,Vascon Engineers Ltd,INE893I01013,T
THANGAMAYL,Thangamayil Jewellery Ltd,INE085J01014,A
DBREALTY,Valor Estate Ltd,INE879I01012,T
EMMBI,Emmbi Industries Ltd,INE753K01015,B
HATHWAY,Hathway Cable & Datacom Ltd,INE982F01036,B
TEXMOPIPES,Texmo Pipes and Products Ltd,INE141K01013,B
SUNDARAM,Sundaram Multi Pap Ltd,INE108E01023,B
COROENGG,Coromandel Engineering Company Ltd,INE312J01012,X
ROSSELLIND,Rossell India Ltd,INE847C01020,B
MANINFRA,Man Infraconstruction Ltd,INE949H01023,A
TAMBOLIIN,Tamboli Industries Ltd,INE864J01012,B
IL&FSTRANS,IL&FS Transportation Networks Ltd,INE975G01012,Z
PERSISTENT,Persistent Systems Ltd,INE262H01021,A
ISFT,Intrasoft Technologies Ltd,INE566K01011,B
KCPSUGIND,KCP Sugar & Industries Corporation Ltd,INE790B01024,B
KECL,Kirloskar Electric Company Ltd,INE134B01017,T
SATCH,Satchmo Holdings Ltd,INE639K01016,XT
TARAPUR,Tarapur Transformers Ltd,INE747K01017,B
SJVN,SJVN Ltd,INE002L01015,A
EMAMIPAP,Emami Paper Mills Ltd,INE830C01026,B
KRITINUT,Kriti Nutrients Ltd,INE798K01010,T
GKB,GKB Ophthalmics Ltd,INE265D01015,X
HMVL,Hindustan Media Ventures Ltd,INE871K01015,B
EMAMIREAL,Emami Realty Ltd,INE778K01012,T
AHLWEST,Asian Hotels (West) Ltd,INE915K01010,T
AHLEAST,Asian Hotels (East) Ltd,INE926K01017,B
BAJAJCON,Bajaj Consumer Care Ltd,INE933K01021,B
PRAKASHSTL,Prakash Steelage Ltd,INE696K01024,B
GPPL,Gujarat Pipavav Port Ltd,INE517F01014,A
WELINV,Welspun Investments and Commercials Ltd,INE389K01018,T
WAAREEINDO,Indosolar Ltd,INE866K01023,T
HEALTHX,Health X Platform Ltd,INE019J01013,B
CPCAP,CP Capital Ltd,INE521J01018,T
RAMKY,Ramky Infrastructure Ltd,INE874I01013,B
GREENPOWER,Orient Green Power Company Ltd,INE999K01014,B
CANTABIL,Cantabil Retail India Ltd,INE068L01024,B
SEATV,Sea TV Network Ltd,INE351L01016,X
WABAG,VA Tech Wabag Ltd,INE956G01038,A
BEDMUTHA,Bedmutha Industries Ltd,INE844K01012,B
ASHOKA,Ashoka Buildcon Ltd,INE442H01029,A
JWL,Jupiter Wagons Ltd,INE209L01016,A
OBEROIRLTY,Oberoi Realty Ltd,INE093I01010,A
PRESTIGE,Prestige Estates Projects Ltd,INE811K01011,A
SHAH,Shah Metacorp Ltd,INE482J01021,B
COALINDIA,Coal India Ltd,INE522F01014,A
GRAVITA,Gravita India Ltd,INE024L01027,A
RPPINFRA,R P P Infra Projects Ltd,INE324L01013,B
RDBIPL,RDB Infrastructure And Power Ltd,INE245L01028,X
MOIL,Moil Ltd,INE490G01020,A
ZEELEARN,Zee Learn Ltd,INE565L01011,B
KTIL,Kesar Terminals & Infrastructure Ltd,INE096L01025,X
A2ZINFRA,A2Z Infra Engineering Ltd,INE619I01012,B
KIRLOSENG,Kirloskar Oil Engines Ltd,INE146L01010,A
RKDL,Ravi Kumar Distilleries Ltd,INE722J01012,B
PSB,Punjab & Sind Bank,INE608A01012,B
FMNL,Future Market Networks Ltd,INE360L01017,T
SURANASOL,Surana Solar Ltd,INE272L01022,B
SHEKHAWATI,Shekhawati Industries Ltd,INE268L01046,T
KICL,Kalyani Investment Company Ltd,INE029L01018,B
BFINVEST,BF Investment Ltd,INE878K01010,B
SUMMITSEC,Summit Securities Ltd,INE519C01017,B
INOVSYNTH,Innovassynth Technologies (India) Ltd,INE690J01011,X
STEL,STEL Holdings Ltd,INE577L01016,B
TEXRAIL,Texmaco Rail & Engineering Ltd,INE621L01012,A
INDTERRAIN,Indian Terrain Fashions Ltd,INE611L01021,B
FCL,Fineotex Chemical Ltd,INE045J01034,B
DHUNINV,Dhunseri Investments Ltd,INE320L01011,B
ZENTEC,ZEN Technologies Ltd,INE251B01027,A
LOVABLE,Lovable Lingerie Ltd,INE597L01014,B
PFS,PTC India Financial Services Ltd,INE560K01014,B
MUTHOOTFIN,Muthoot Finance Ltd,INE414G01012,A
TRUEGREEN,True Green Bio Energy Ltd,INE672K01025,XT
VMS,VMS Industries Ltd,INE932K01015,X
KARMAENG,Karma Energy Ltd,INE725L01011,B
DELPHIFX,Delphi World Money Ltd,INE726L01027,B
RUSHIL,Rushil Decor Ltd,INE573K01025,B
ENKEIWHEL,Enkei Wheels (India) Ltd,INE130L01014,X
KRIDHANINF,Kridhan Infra Ltd,INE524L01026,B
INVENTURE,Inventure Growth & Securities Ltd,INE878H01024,B
LTF,L&T Finance Ltd,INE498L01015,A
IBULLSLTD,Indiabulls Ltd,INE126M01010,T
TREEHOUSE,Tree House Education & Accessories Ltd,INE040M01013,B
BROOKS,Brooks Laboratories Ltd,INE650L01011,T
RUPA,Rupa & Company Ltd,INE895B01021,B
TDPOWERSYS,TD Power Systems Ltd,INE419M01027,A
APLLTD,Alembic Pharmaceuticals Ltd,INE901L01018,A
VASWANI,Vaswani Industries Ltd,INE590L01019,B
PGEL,PG Electroplast Ltd,INE457L01029,A
LESHAIND,Lesha Industries Ltd,INE050L01048,X
RDBRL,RDB Rasayans Ltd,INE123M01017,X
TIJARIA,Tijaria Polypipes Ltd,INE440L01017,T
ONELIFECAP,Onelife Capital Advisors Ltd,INE912L01015,T
FLEXITUFF,Flexituff Ventures International Ltd,INE060J01017,B
UEL,Ujaas Energy Ltd,INE899L01030,B
TRITURBINE,Triveni Turbine Ltd,INE152M01016,A
INDOTHAI,Indo Thai Securities Ltd,INE337M01021,B
ESSARSHPNG,Essar Shipping Ltd,INE122M01019,B
APLAPOLLO,APL Apollo Tubes Ltd,INE702C01027,A
GPTINFRA,GPT Infraprojects Ltd,INE390G01014,B
FERVENTSYN,Fervent Synergies Ltd,INE258M01011,X
THOMASCOTT,Thomas Scott (India) Ltd,INE480M01011,B
TERASOFT,Tera Software Ltd,INE482B01010,B
PMCFIN,PMC Fincorp Ltd,INE793G01035,X
FUTSOL,Futuristic Solutions Ltd,INE241F01011,X
AIML,Alliance Integrated Metaliks Ltd,INE123D01024,X
RHIM,Rhi Magnesita India Ltd,INE743M01012,A
MCX,Multi Commodity Exchange of India Ltd,INE745G01043,A
PYXISFIN,Pyxis Finvest Ltd,INE883L01018,MT
SCHNEIDER,Schneider Electric Infrastructure Ltd,INE839M01018,A
OLPCL,Olympic Cards Ltd,INE550L01013,X
NBCC,NBCC (India) Ltd,INE095N01031,A
MTEDUCARE,MT Educare Ltd,INE472M01018,T
HEXATRADEX,Hexa Tradex Ltd,INE750M01017,B
MAXHEIGHTS,Max heights Infrastucture Ltd,INE393F01010,X
TBZ,Tribhovandas Bhimji Zaveri Ltd,INE760L01018,B
VSSL,Vardhman Special Steels Ltd,INE050M01012,B
LOOKS,Looks Health Services Ltd,INE204N01013,X
SPECIALITY,Speciality Restaurants Ltd,INE247M01014,B
LYPSAGEMS,Lypsa Gems & Jewellery Ltd,INE142K01011,B
RTNINDIA,Rattanindia Enterprises Ltd,INE834M01019,A
SAMPANN,Sampann Utpadan India Ltd,INE735M01018,B
JTLIND,JTL Industries Ltd,INE391J01032,B
AMTL,Advance Metering Technology Ltd,INE436N01029,X
NECCLTD,North Eastern Carrying Corporation Ltd,INE553C01016,B
WAAREERTL,Waaree Renewable Technologies Ltd,INE299N01021,A
JUPITERIN,Jupiter Infomedia Ltd,INE524N01014,XT
VINAYAKPOL,Vinayak Polycon International Ltd,INE581M01016,X
JOINTECAED,Jointeca Education Solutions Ltd,INE131N01018,MT
DUCON,Ducon Infratechnologies Ltd,INE741L01018,T
PROZONER,Prozone Realty Ltd,INE195N01013,B
SRGHFL,SRG Housing Finance Ltd,INE559N01010,B
COMCL,Comfort Commotrade Ltd,INE456N01019,XT
SHANTIGURU,Shanti Guru Industries Ltd,INE892L01019,M
CASPIAN,Caspian Corporate Services Ltd,INE176N01039,XT
AERPACE,Aerpace Industries Ltd,INE175N01023,X
VIRTUALG,Virtual Global Education Ltd,INE247C01023,X
ZUARI,Zuari Agro Chemicals Ltd,INE840M01016,B
STEELXIND,Steel Exchange India Ltd,INE503B01021,B
TRIOMERC,Trio Mercantile & Trading Ltd,INE234G01022,X
CDG,CDG Petchem Ltd,INE198N01017,XT
CARERATING,CARE Ratings Ltd,INE752H01013,A
PCJEWELLER,PC Jeweller Ltd,INE785M01021,A
INDUSTOWER,Indus Towers Ltd,INE121J01017,A
COVIDH,Covidh Technologies Ltd,INE899M01020,XT
VMART,V-Mart Retail Ltd,INE665J01013,A
NIBE,NIBE Ltd,INE149O01018,B
MUKTA,Mukta Agriculture Ltd,INE160O01031,X
MYSTICELE,Mystic Electronics Ltd,INE159O01033,X
COMFINCAP,Comfort Fincap Ltd,INE274M01026,X
SBISENSEX,SBI Mutual Fund - SBI Sensex ETF,INF200K01VT2,A
BMAL,Bothra Metals & Alloys Ltd,INE583M01012,M
REPCOHOME,Repco Home Finance Ltd,INE612J01015,B
LAKHOTIA,Lakhotia Polyesters (India) Ltd,INE191O01010,X
GCMSECU,GCM Securities Ltd,INE168O01026,B
NIBL,NRB Industrial Bearings Ltd,INE047O01014,B
PRIMECAPM,Prime Capital Market Ltd,INE748D01010,X
KIFS,KIFS Financial Services Ltd,INE902D01013,X
SREEL,Sreeleathers Ltd,INE099F01013,B
SHARDAMOTR,Sharda Motor Industries Ltd,INE597I01028,B
BINNYMILLS,Binny Mills Ltd,INE160L01011,XT
SVGLOBAL,S V Global Mill Ltd,INE159L01013,X
SDC,SDC Techmedia Ltd,INE807O01011,MT
JUSTDIAL,Just Dial Ltd,INE599M01018,A
OONE,ObjectOne Information Systems Ltd,INE860E01011,X
IFINSEC,India Finsec Ltd,INE474O01010,X
BRAHMINFRA,Brahmaputra Infrastructure Ltd,INE320I01017,X
AMPVOLTS,Ampvolts Ltd,INE989J01017,XT
KHOOBSURAT,Khoobsurat Ltd,INE731G01027,X
ORIENTCEM,Orient Cement Ltd,INE876N01018,A
ABFRL,Aditya Birla Fashion and Retail Ltd,INE647O01011,A
SAMMAANCAP,Sammaan Capital Ltd,INE148I01020,A
MMLF,Money Masters Leasing & Finance Ltd,INE340O01021,B
ALSL,Alacrity Securities Ltd,INE030P01017,B
GCMCOMM,GCM Commodity & Derivatives Ltd,INE200P01016,M
ESSENTIA,Integra Essentia Ltd,INE418N01035,T
JULIEN,Julien Agro Infratech Ltd,INE890N01027,X
TIGERLOGS,Tiger Logistics (India) Ltd,INE906O01029,T
JKAGRI,JK Agri Genetics Ltd,INE690O01011,X
FLFL,Future Lifestyle Fashions Ltd,INE452O01016,Z
NOVELIX,Novelix Pharmaceuticals Ltd,INE314I01036,X
PVVINFRA,PVV Infra Ltd,INE428B01021,X
VCU,VCU Data Management Ltd,INE962O01014,XT
INDRENEW,IND Renewable Energy Ltd,INE138O01029,Z
SRGFFL,SRG Fingrow Finance Ltd,INE326P01019,M
ACFSL,Amrapali Capital and Finance Services Ltd,INE218P01018,MT
STELLAR,Stellar Capital Services Ltd,INE325P01011,M
JPOLYINVST,Jindal Poly Investment and Finance Company Ltd,INE147P01019,B
YURANUS,Yuranus Infrastructure Ltd,INE156M01017,XT
MOM100,Motilal Oswal Nifty Midcap 100 ETF,INF247L01023,B
CPL,Captain Polyplast Ltd,INE536P01021,X
NIFTYIETF,ICICI Prudential Nifty 50 ETF,INF109K012R6,B
NIF100IETF,ICICI Prudential Nifty 100 ETF,INF109KC16V9,B
ARNOLD,Arnold Holdings Ltd,INE185K01036,X
SUNLOC,Sunil Healthcare Ltd,INE671C01016,X
SUYOG,Suyog Telematics Ltd,INE442P01014,B
NATHBIOGEN,Nath Bio-Genes (India) Ltd,INE448G01010,B
AGRITECH,Agri- Tech (India) Ltd,INE449G01018,B
CHEMTECH,Chemtech Industrial Valves Ltd,INE212P01011,X
NIF100BEES,NIPPON INDIA ETF NIFTY 100,INF204K014N5,B
DENISCHEM,Denis Chem Lab Ltd,INE051G01012,X
POLYMAC,Polymac Thermoformers Ltd,INE826P01018,M
UNISHIRE,Unishire Urban Infra Ltd,INE210P01015,MT
LAXMIPATI,Laxmipati Engineering Works Ltd,INE920P01019,M
LADDU,Laddu Gopal Online Services Ltd,INE546I01025,XT
NIFTY1,Kotak Nifty 50 ETF,INF174K014P6,B
HANSUGAR,Shree Hanuman Sugar & Industries Ltd,INE101H01013,XT
KIRANVYPAR,Kiran Vyapar Ltd,INE555P01013,B
BCP,B.C. Power Controls Ltd,INE905P01028,X
KCSL,Karnimata Cold Storage Ltd,INE576P01019,M
RACE,Race Eco Chain Ltd,INE084Q01012,T
MANGIND,Mangalam Industrial Finance Ltd,INE717C01025,X
VIJIFIN,Viji Finance Ltd,INE159N01027,T
HBGHOTELS,HBG Hotels Ltd,INE977M01024,X
RAUNAQ,Raunaq International Ltd,INE523K01012,X
INFRONICS,Infronics Systems Ltd,INE463B01036,X
CPSEETF,CPSE ETF,INF457M01133,A
HARIAAPL,Haria Apparels Ltd,INE493N01012,X
VASUPRADA,Shri Vasuprada Plantations Ltd,INE574G01013,X
RNBDENIMS,R&B Denims Ltd,INE012Q01039,B
SHARPINV,Sharp Investments Ltd,INE909D01026,X
WONDERLA,Wonderla Holidays Ltd,INE066O01014,B
RESPONSINF,Response Informatics Ltd,INE401B01010,X
GCMCAPI,GCM Capital Advisors Ltd,INE191P01017,MT
AFEL,A.F. Enterprises Ltd,INE663P01015,Z
INCREDIBLE,Incredible Industries Ltd,INE452L01012,B
WESTLEIRES,West Leisure Resorts Ltd,INE266P01017,X
NAM,Nam Securities Ltd,INE792G01011,X
METSL,Maestros Electronics & Telecommunications Systems Ltd,INE318N01011,X
JACKSON,Jackson Investments Ltd,INE508N01025,X
MONEYBOXX,Moneyboxx Finance Ltd,INE296Q01012,B
WORTH,Worth Investment & Trading Co Ltd,INE114O01020,XT
TPROJECT,Thirani Projects Ltd,INE901C01017,X
AMARSEC,Amarnath Securities Ltd,INE745P01010,X
CTL,Capital Trade Links Ltd,INE172D01021,X
TARINI,Tarini International Ltd,INE849M01017,M
YAANENT,Yaan Enterprises Ltd,INE969E01010,X
ANVRDHI,Annvrridhhi  Ventures Ltd,INE075K01013,X
RLFL,Ramchandra Leasing & Finance Ltd,INE516P01015,XT
BRPL,Bansal Roofing Products Ltd,INE319Q01012,B
ARMAN,Arman Holdings Ltd,INE510P01018,X
SKIPPER,Skipper Ltd,INE439E01022,A
SMTEL,SMT Engineering Ltd,INE673E01018,XT
JAMESWARREN,James Warren Tea Ltd,INE718P01017,X
VISTARAMAR,Vistar Amar Ltd,INE878P01019,XT
GULFOILLUB,Gulf Oil Lubricants India Ltd,INE635Q01029,B
FRUTION,Fruition Venture Ltd,INE836C01015,X
TRIVENIENT,Triveni Enterprises Ltd,INE916P01025,X
BHANDERI,Bhanderi Infracon Ltd,INE336Q01016,MT
ZINEMA,Zinema Media And Entertainment Ltd,INE641Q01019,MT
CEMAINFRA,Cemantic Infra-Tech Ltd,INE222B01028,X
TTIENT,TTI Enterprise Ltd,INE404F01031,XT
VISHAL,Vishal Fabrics Ltd,INE755Q01025,B
TOYAMSL,Toyam Sports Ltd,INE457P01020,X
GAJANANSEC,Gajanan Securities Services Ltd,INE868G01019,X
UNISON,Unison Metals Ltd,INE099D01026,X
RTFL,Real Touch Finance Ltd,INE840I01014,Z
VRL,Vasundhara Rasayans Ltd,INE406F01010,X
SNOWMAN,Snowman Logistics Ltd,INE734N01019,B
QGO,QGO Finance Ltd,INE837C01013,X
PURSHOTTAM,Purshottam Investofin Ltd,INE729C01020,X
HCLTD,Hind Commerce Ltd,INE691J01019,X
SHARDACROP,Sharda Cropchem Ltd,INE221J01015,A
SIROHIA,Sirohia & Sons Ltd,INE785O01019,MT
MIIL,Meghna Infracon Infrastructure Ltd,INE898Q01015,B
CITYONLINE,City Online Services Ltd,INE158C01014,Z
SENSEXBEES,Nippon India ETF S&P BSE Sensex,INF204KA1UN7,A
SHEMAROO,Shemaroo Entertainment Ltd,INE363M01019,B
ULTRACAB,Ultracab (India) Ltd,INE010R01023,X
RCCL,Rajasthan Cylinders & Containers Ltd,INE929D01016,X
ETIL,Econo Trade (India) Ltd,INE937K01014,X
ATISHAY,Atishay Ltd,INE011R01013,X
SANGAMFIN,Sangam Finserv Ltd,INE475D01010,X
DHABRIYA,Dhabriya Polywood Ltd,INE260R01016,X
ARYACAPM,Aryaman Capital Markets Ltd,INE229R01011,B
PDSL,PDS Ltd,INE111Q01021,B
HANMAN,Hanman Fit Ltd,INE982Q01017,M
VGCL,Vibrant Global Capital Ltd,INE761Q01015,XT
CEINSYS,Ceinsys Tech Ltd,INE016Q01014,B
PANABYTE,Panabyte Technologies Ltd,INE516E01019,X
MUDUNURU,Mudunuru Ltd,INE491C01027,XT
JSHL,JLA Infraville Shoppers Ltd,INE401Q01018,M
CRANEINFRA,Crane Infrastructure Ltd,INE176L01017,X
NIYOGIN,Niyogin Fintech Ltd,INE480D01010,X
ASIACAP,Asia Capital Ltd,INE131Q01011,XT
KALYANCAP,Kalyan Capitals Ltd,INE149Q01021,XT
GBFL,Goenka Business & Finance Ltd,INE997C01015,XT
GILADAFINS,Gilada Finance & Investments Ltd,INE918C01029,X
JETSOLAR,Jet Solar Ltd,INE155R01018,M
SAPPL,Shree Ajit Pulp And Paper Ltd,INE185C01017,B
CAPPIPES,Captain Pipes Ltd,INE513R01026,B
KAIZENAGRO,Kaizen Agro Infrabuild Ltd,INE891N01017,X
JMJFIN,JMJ Fintech Ltd,INE242Q01016,X
INTELLECT,Intellect Design Arena Ltd,INE306R01017,A
MONTECARLO,Monte Carlo Fashions Ltd,INE950M01013,B
JSTL,Jeevan Scientific Technology Ltd,INE237B01018,X
ICL,Indo Cotspin Ltd,INE407P01017,XT
SCC,Scintilla Commercial & Credit Ltd,INE892C01018,XT
PANAFIC,Panafic Industrials Ltd,INE655P01029,XT
MYMONEY,My Money Securities Ltd,INE232L01018,X
AMARNATH,Sri Amarnath Finance Ltd,INE985Q01010,X
CSL,Continental Securities Ltd,INE183Q01020,X
NEXUSSURGL,Nexus Surgical And Medicare Ltd,INE370Q01015,X
SELLWIN,Sellwin Traders Ltd,INE195F01027,X
GALADAFIN,Galada Finance Ltd,INE243E01010,XT
EMERALD,Emerald Finance Ltd,INE030Q01015,X
MKEXIM,M.K. Exim (India) Ltd,INE227F01010,X
MCLOUD,Magellanic Cloud Ltd,INE613C01026,B
OCTAL,Octal Credit Capital Ltd,INE513C01010,X
MIHIKA,Mihika Industries Ltd,INE779Q01017,XT
KANCHI,Kanchi Karpooram Ltd,INE081G01019,T
DTIL,Dhunseri Tea & Industries Ltd,INE341R01014,B
VANICOM,Vani Commercials Ltd,INE661Q01017,X
SKILVEN,Skyline Ventures India Ltd,INE055Q01012,Z
VINCOFE,Vintage Coffee And Beverages Ltd,INE498Q01014,B
RAFL,Raghuvansh Agrofarms Ltd,INE865P01016,M
COSYN,COSYN Ltd,INE029B01019,X
SOFCOM,Sofcom Systems Ltd,INE499Q01012,X
NAPL,Naturite Agro Products Ltd,INE223R01014,X
KARNAVATI,Karnavati Finance Ltd,INE554R01020,X
ABHIFIN,Abhishek Finlease Ltd,INE723C01015,XT
MERCANTILE,Mercantile Ventures Ltd,INE689O01013,B
SONAL,Sonal Mercantile Ltd,INE321M01017,B
ALFL,Abhinav Leasing & Finance Ltd,INE211D01027,X
GENUSPAPER,Genus Paper & Boards Ltd,INE949P01018,B
MINDACORP,Minda Corporation Ltd,INE842C01021,A
MERCURYLAB,Mercury Laboratories Ltd,INE947G01011,X
CONCORD,Concord Drugs Ltd,INE858L01010,X
WARDINMOBI,Wardwizard Innovations & Mobility Ltd,INE945P01024,XT
SHREESEC,Shree Securities Ltd,INE397C01026,Z
GREENLAM,Greenlam Industries Ltd,INE544R01021,B
TALBROSENG,Talbros Engineering Ltd,INE717E01013,X
SAPL,SAR Auto Products Ltd,INE002E01010,X
PUROHITCON,Purohit Construction Ltd,INE147J01012,XT
JAYATMA,Jayatma Enterprises Ltd,INE246D01015,XT
PTCIL,PTC Industries Ltd,INE596F01018,A
CHENFERRO,Chennai Ferrous Industries Ltd,INE777O01016,X
MEGRISOFT,Megri Soft Ltd,INE756R01013,X
GITARENEW,Gita Renewable Energy Ltd,INE776O01018,X
KALPACOMME,Kalpa Commercial Ltd,INE059Q01014,X
ORTEL,Ortel Communications Ltd,INE849L01019,Z
NEIL,Neil Industries Ltd,INE396C01010,X
STARHFL,Star Housing Finance Ltd,INE526R01028,X
BEEKAY,Beekay Steel Industries Ltd,INE213D01015,B
SSPNFIN,SSPN Finance Ltd,INE820R01017,M
SETFBSE100,SBI Mutual Fund - SBI - ETF BSE 100,INF200KA1572,A
TIRUPATIIN,Tirupati Innovar Ltd,INE812Q01016,XT
GANVERSE,Ganesha Ecoverse Ltd,INE369Q01017,M
AGIIL,AGI Infra Ltd,INE976R01033,B
MANAKSTEEL,Manaksia Steels Ltd,INE824Q01011,T
MANAKALUCO,Manaksia Aluminium Company Ltd,INE859Q01017,B
MANAKCOAT,Manaksia Coated Metals & Industries Ltd,INE830Q01018,B
IMAGICAA,Imagicaaworld Entertainment Ltd,INE172N01012,B
INOXWIND,Inox Wind Ltd,INE066P01011,A
RAJPUTANA,Rajputana Investment and Finance Ltd,INE751R01014,X
CCDL,Consecutive Commodities Ltd,INE187R01029,X
URSUGAR,UR Sugar Industries Ltd,INE904R01027,B
FILTRA,Filtra Consultants and Engineers Ltd,INE541R01019,M
ATHCON,Athena Constructions Ltd,INE291R01011,M
NORTHLINK,Northlink Fiscal and Capital Services Ltd,INE736P01019,Z
SHESHAINDS,Sheshadri Industries Ltd,INE193R01019,X
SAB,SAB Industries Ltd,INE137M01017,X
PML,Paul Merchants Ltd,INE291E01019,B
ALANSCOTT,Alan Scott Enterprises Ltd,INE273F01022,X
OPCHAINS,O. P. Chains Ltd,INE118Q01018,MT
SUJALA,Sujala Trading & Holdings Ltd,INE029H01016,X
VRLLOG,VRL Logistics Ltd,INE366I01010,B
JAINMARMO,Jain Marmo Industries Ltd,INE780Q01015,X
GRAMEVA,Grameva Ltd,INE578R01011,X
PALCO,Palco Metals Ltd,INE239L01013,X
BODHTREE,Bodhtree Consulting Ltd,INE104F01029,XT
VBIND,V B Industries Ltd,INE334E01017,X
SARVOTTAM,Sarvottam Finvest Ltd,INE822Q01015,X
MEP,MEP Infrastructure Developers Ltd,INE776I01010,Z
WARDWIZFBL,Wardwizard Foods and Beverages Ltd,INE761D01021,X
UFO,UFO Moviez India Ltd,INE527H01019,B
PANTH,Panth Infinity Ltd,INE945O01019,XT
SHIVALIK,Shivalik Rasayan Ltd,INE788J01021,B
ICSL,Integrated Capital Services Ltd,INE682B01023,X
PNCINFRA,PNC Infratech Ltd,INE195J01029,A
ARFIN,Arfin India Ltd,INE784R01023,B
VLL,Virat Leasing Ltd,INE347L01022,XT
HELPAGE,Helpage Finlease Ltd,INE738P01015,X
HAWAENG,Hawa Engineers Ltd,INE230I01018,X
AIIL,Authum Investment & Infrastructure Ltd,INE206F01022,A
ADHBHUTIN,Adhbhut Infrastructure Ltd,INE578L01014,X
DFL,Decillion Finance Ltd,INE848N01017,X
POEL,POCL Enterprises Ltd,INE035S01028,X
AEL,Amba Enterprises Ltd,INE829P01020,X
SGFIN,SG Finserve Ltd,INE618R01015,B
NOBPOL,Noble Polymers Ltd,INE203Q01026,XT
SATIA,Satia Industries Ltd,INE170E01023,B
GVBL,Genomic Valley Biotech Ltd,INE574D01010,X
GARMNTMNTR,Garment Mantra Lifestyle Ltd,INE653S01028,X
SRESTHA,Srestha Finvest Ltd,INE606K01049,X
SAUMYA,Saumya Consultants Ltd,INE563C01015,X
MUL,Mauria Udyog Ltd,INE150D01027,X
MISHKA,Mishka Exim Ltd,INE540S01019,X
SPORTKING,Sportking India Ltd,INE885H01029,B
GROWINGTON,Growington Ventures India Ltd,INE451S01027,T
RUDRA,Rudra Global Infra Products Ltd,INE027T01023,T
LOYAL,Loyal Equipments Ltd,INE876S01017,X
GGPL,Gala Global Products Ltd,INE480S01026,Z
CHEMIESYNT,Chemiesynth (Vapi) Ltd,INE829R01018,X
BALKRISHNA,Balkrishna Paper Mills Ltd,INE875R01011,B
SHYAMCENT,Shyam Century Ferrous Ltd,INE979R01011,B
SURYAINDIA,Surya India Ltd,INE446E01019,X
ADANIENSOL,Adani Energy Solutions Ltd,INE931S01010,A
STARDELTA,Star Delta Transformers Ltd,INE541K01014,X
AMRAFIN,Amrapali Fincap Ltd,INE990S01016,MT
SAMSRITA,Samsrita Labs Ltd,INE579N01018,X
SYNGENE,Syngene International Ltd,INE398R01022,A
PECOS,Pecos Hotels and Pubs Ltd,INE484S01010,M
MSL,Mangalam Seeds Ltd,INE829S01016,X
KAYA,Kaya Ltd,INE587G01015,B
SYMBIOX,Symbiox Investment & Trading Company Ltd,INE653R01012,X
ORTINGLOBE,Ortin Global Ltd,INE749B01020,B
AVI,AVI Polymers Ltd,INE897N01014,XT
AURUM,Aurum PropTech Ltd,INE898S01029,B
OSWALGREEN,Oswal Greentech Ltd,INE143A01010,B
SUNRAKSHAK,Sunrakshakk Industries India Ltd,INE671K01027,X
ARVSMART,Arvind SmartSpaces Ltd,INE034S01021,B
POWERMECH,Power Mech Projects Ltd,INE211R01019,A
RAMASTEEL,Rama Steel Tubes Ltd,INE230R01035,B
THINKINK,Thinkink Picturez Ltd,INE365S01045,XT
SENSEXBETA,UTI BSE SENSEX ETF,INF789FB1X58,A
NIFTYBETA,UTI NIFTY 50 ETF,INF789F1AZC0,B
UNIAUTO,Universal Autofoundry Ltd,INE203T01012,B
VETO,Veto Switchgears and Cables Ltd,INE918N01018,B
NAVKARCORP,Navkar Corporation Ltd,INE278M01019,B
SHREEPUSHK,Shree Pushkar Chemicals & Fertilisers Ltd,INE712K01011,B
CALLISTA,Callista Industries Ltd,INE714Q01014,XT
GUJGASLTD,Gujarat Gas Ltd,INE844O01030,A
WAAREE,Waaree Technologies Ltd,INE725P01012,MT
SADBHIN,Sadbhav Infrastructure Project Ltd,INE764L01010,B
PBFL,P. B. Films Ltd,INE212Q01019,MT
SALAUTO,Sal Automotive Ltd,INE724G01014,X
POLYSPIN,Polyspin Exports Ltd,INE914G01029,X
PRITIKAUTO,Pritika Auto Industries Ltd,INE583R01029,B
ACME,Acme Resources Ltd,INE636B01011,Z
KCL,Kabra Commercial Ltd,INE926E01010,XT
VISHALBL,Vishal Bearings Ltd,INE060T01024,B
BELLACASA,Bella Casa Fashion & Retail Ltd,INE344T01014,B
MALLCOM,Mallcom (India) Ltd,INE389C01015,B
PJL,Patdiam Jewellery Ltd,INE473T01011,M
NAKSH,Naksh Precious Metals Ltd,INE256S01012,T
SATIN,Satin Creditcare Network Ltd,INE836B01017,B
DITCO,Decorous Investment & Trading Co Ltd,INE183R01010,X
SWAGTAM,Swagtam Trading & Services Ltd,INE150R01019,X
GENCON,Generic Engineering Construction and Projects Ltd,INE854S01022,B
KUBERJI,Kuber Udyog Ltd,INE594R01018,XT
NEERAJ,Neeraj Paper Marketing Ltd,INE894J01019,X
TEJNAKSH,Tejnaksh Healthcare Ltd,INE030T01027,X
BRIPORT,Brilliant Portfolios Ltd,INE661F01010,X
RFSL,Richfield Financial Services Ltd,INE201C01012,X
COFFEEDAY,Coffee Day Enterprises Ltd,INE335K01011,B
IDFCFIRSTB,IDFC First Bank Ltd,INE092T01019,A
INDIGO,InterGlobe Aviation Ltd,INE646L01027,A
IGCIL,IGC Industries Ltd,INE099S01016,X
SHK,S H Kelkar and Company Ltd,INE500L01026,B
ARYAVAN,Aryavan Enterprise Ltd,INE360S01012,X
TFSL,Typhoon Financial Services Ltd,INE761R01013,X
PANORAMA,Panorama Studios International Ltd,INE258R01028,B
SHREEGANES,Shree Ganesh Biotech (India) Ltd,INE051N01026,X
GTV,GTV Engineering Ltd,INE910R01024,X
LICNETFN50,LIC MF EXCHANGE TRADED FUND- NIFTY 50,INF767K01OS7,B
LICNETFSEN,LIC MF EXCHANGE TRADED FUND- SENSEX,INF767K01OT5,A
TFLL,Tirupati Finlease Ltd,INE027S01017,XT
GARBIFIN,Garbi Finvest Ltd,INE721C01019,X
SMARTFIN,Smart Finsec Ltd,INE766D01020,X
RAJKOTINV,Rajkot Investment Trust Ltd,INE176R01014,X
ADCON,Adcon Capital Services Ltd,INE805Q01028,X
QUINT,Quint Digital Ltd,INE641R01017,B
HDFCNIFTY,HDFC NIFTY 50 ETF,INF179KC1965,B
HDFCSENSEX,HDFC BSE SENSEX ETF,INF179KC1HX2,A
UDAYJEW,Uday Jewellery Industries Ltd,INE551B01012,X
SATTVASUKU,Sattva Sukun Lifecare Ltd,INE280E01038,X
NAVIGANT,Navigant Corporate Advisors Ltd,INE364T01012,MT
GROVY,Grovy India Ltd,INE343C01012,X
ALKEM,Alkem Laboratories Ltd,INE540L01014,A
LALPATHLAB,Dr. Lal PathLabs Ltd,INE600L01024,A
SCTL,Suncare Traders Ltd,INE452S01025,X
CREATIVE,Creative Castings Ltd,INE146E01015,X
AAYUSH,Aayush Wellness Ltd,INE430R01023,X
ELITECON,Elitecon International Ltd,INE669R01026,B
LUXIND,Lux Industries Ltd,INE150G01020,B
VALLEY,Valley Magnesite Company Ltd,INE834E01016,X
ABHIINFRA,Abhishek Infraventures Ltd,INE281P01016,X
APOORVA,Apoorva Leasing Finance and Investment Company Ltd,INE217S01014,X
AGRIBIO,Agribio Spirits Ltd,INE679E01015,X
NH,Narayana Hrudayalaya Ltd,INE410P01011,A
FMEC,F Mec International Financial Services Ltd,INE108T01021,X
DEEPAI,Deep Health AI India Ltd,INE005G01026,X
ABHIJIT,Abhijit Trading Company Ltd,INE994N01019,XT
AARNAV,Aarnav Fashions Ltd,INE750R01016,B
SHIVA,Shivansh Finserve Ltd,INE728Q01014,XT
MISHTANN,Mishtann Foods Ltd,INE094S01041,X
DELTA,Delta Industrial Resources Ltd,INE681Q01015,X
CGFL,Credent Global Finance Ltd,INE727C01024,X
KEL,Kotia Enterprises Ltd,INE079C01012,X
BLUECLOUDS,Blue Cloud Softech Solutions Ltd,INE373T01047,B
KEIL,Kanoria Energy & Infrastructure Ltd,INE534E01020,X
PRECAM,Precision Camshafts Ltd,INE484I01029,B
TEAMLEASE,TeamLease Services Ltd,INE985S01024,B
KAMATS,Vikram Kamats Hospitality Ltd,INE564S01019,B
BESTAGRO,Best Agrolife Ltd,INE052T01021,B
ACEMEN,Ace Men Engg Works Ltd,INE023R01018,X
BFLAFL,BFL Asset Finvest Ltd,INE948Q01018,X
RGF,RGF Capital Markets Ltd,INE684D01025,X
RCL,Radhagobind Commercial Ltd,INE792P01020,Z
QUICKHEAL,Quick Heal Technologies Ltd,INE306L01010,B
KAPILRAJ,Kapil Raj Finance Ltd,INE332Q01023,X
GANGAPHARM,Ganga Pharmaceuticals Ltd,INE615T01017,M
DAL,Dynamic Archistructures Ltd,INE874E01012,X
MOBAVENUE,Mobavenue AI Tech Ltd,INE622Q01019,B
SHIVKAMAL,Shivkamal Impex Ltd,INE429R01017,XT
KPEL,K.P. Energy Ltd,INE127T01021,B
RGCORP,Real Growth Corporation Ltd,INE836D01013,XT
IFINSER,Interactive Financial Services Ltd,INE064T01018,X
HILIKS,Hiliks Technologies Ltd,INE966Q01010,X
HYPERSOFT,Hypersoft Technologies Ltd,INE039D01014,XT
GOKULAGRO,Gokul Agro Resources Ltd,INE314T01033,B
FREDUN,Fredun Pharmaceuticals Ltd,INE194R01017,X
RELICAB,Relicab Cable Manufacturing Ltd,INE773T01014,B
VKAL,Vantage Knowledge Academy Ltd,INE427T01025,XT
MEAPL,Modern Engineering And Projects Ltd,INE250S01015,X
MNIL,Mega Nirman and Industries Ltd,INE216Q01010,X
DARJEELING,Darjeeling Industriies Ltd,INE830S01014,XT
ADVIKCA,Advik Capital Ltd,INE178T01024,X
LICNFNHGP,LIC MF Exchange Traded Fund- NIFTY 100,INF767K01PC8,B
PDMJEPAPER,Pudumjee Paper Products Ltd,INE865T01018,B
HCG,HealthCare Global Enterprises Ltd,INE075I01017,A
KDML,Khemani Distributors & Marketing Ltd,INE030U01025,MT
UMIYA,Umiya Tubes Ltd,INE173U01015,X
BHARATWIRE,Bharat Wire Ropes Ltd,INE316L01019,B
CHDCHEM,CHD Chemicals Ltd,INE043U01010,X
CCAVENUE,AvenuesAI Ltd,INE483S01020,A
LELAVOIR,LE Lavoir Ltd,INE204S01012,X
MUDRA,Mudra Financial Services Ltd,INE967S01014,X
BALGOPAL,Balgopal Commercial Ltd,INE119R01014,X
SUPERIOR,Superior Finlease Ltd,INE574R01028,X
RPEL,Raghav Productivity Enhancers Ltd,INE912T01018,B
FRANKLIN,Franklin Leasing and Finance Ltd,INE399S01010,M
LANCER,Lancer Container Lines Ltd,INE359U01028,X
NINSYS,NINtec Systems Ltd,INE395U01014,T
HALDER,Halder Venture Ltd,INE115S01010,B
GHUSHINE,Ghushine Fintrrade Ocean Ltd,INE009U01011,M
THYROCARE,Thyrocare Technologies Ltd,INE594H01019,B
BAJAJHCARE,Bajaj Healthcare Ltd,INE411U01027,B
RSDFIN,RSD Finance Ltd,INE616F01022,B
CROMPTON,Crompton Greaves Consumer Electricals Ltd,INE299U01018,A
PILANIINVS,Pilani Investment and Industries Corporation Ltd,INE417C01014,B
DARSHANORNA,Darshan Orna Ltd,INE671T01028,X
PARAGMILK,Parag Milk Foods Ltd,INE883N01014,B
MADHAVIPL,Madhav Infra Projects Ltd,INE631R01026,B
SPICELOUNG,Spice Lounge Food Works Ltd,INE631E01024,B
DIDL,Dalmia Industrial Development Ltd,INE642P01019,X
SNIM,Svarnim Trade Udyog Ltd,INE730R01042,X
SEIL,Shanti Educational Initiatives Ltd,INE440T01028,B
RGIL,Rotographics (India) Ltd,INE364S01014,XT
LIKHAMI,Likhami Consulting Ltd,INE920T01011,X
MIL,Medico Intercontinental Ltd,INE858Q01019,X
YASHCHEM,Yash Chemex Ltd,INE571U01010,X
NV20IETF,ICICI Prudential Nifty50 Value 20 ETF,INF109KC11V0,B
BAZELINTER,Bazel International Ltd,INE217E01014,X
TAALTECH,TAAL Tech Ltd,INE524T01011,B
MGL,Mahanagar Gas Ltd,INE002S01010,A
ZEAL,Zeal Aqua Ltd,INE819S01025,XT
QUESS,Quess Corp Ltd,INE615P01015,A
DIGJAMLMTD,Digjam Ltd,INE731U01028,B
MIDSELIETF,ICICI Prudential BSE Midcap Select ETF,INF109KC10W0,B
SIDH,Sidh Automobiles Ltd,INE403L01015,XT
TITAANIUM,Titaanium Ten Enterprise Ltd,INE120V01014,M
COMSYN,Commercial Syn Bags Ltd,INE073V01015,B
CFEL,Confidence Futuristic Energetech Ltd,INE700F01024,X
LLOYDSENGG,Lloyds Engineering Works Ltd,INE093R01011,A
KPL,Kwality Pharmaceuticals Ltd,INE552U01010,B
LTM,LTM Ltd,INE214T01019,A
EASTWEST,East West Freight Carriers Ltd,INE595R01023,XT
BSLSENETFG,Aditya Birla Sun Life BSE Sensex ETF,INF209KB10E8,A
COLORCHIPS,Colorchips New Media Ltd,INE621I01042,X
ADVENZYMES,Advanced Enzyme Technologies Ltd,INE837H01020,B
LAHL,Ladam Affordable Housing Ltd,INE213U01019,X
DBL,Dilip Buildcon Ltd,INE917M01012,A
SPAL,S.P. Apparels Ltd,INE212I01016,B
BIGBLOC,Bigbloc Construction Ltd,INE412U01025,B
GOLDENCREST,Golden Crest Education & Services Ltd,INE222U01010,X
ECS,ECS Biztech Ltd,INE925Q01024,X
RBLBANK,RBL Bank Ltd,INE976G01028,A
AMS,AMS Polymers Ltd,INE345U01019,XT
SHIVAEXPO,Shiva Granito Export Ltd,INE191V01015,MT
BLS,BLS International Services Ltd,INE153T01027,A
MITSU,Mitsu Chem Plast Ltd,INE317V01016,XT
SPRAYKING,Sprayking Ltd,INE537U01037,B
DHATRE,Dhatre Udyog Ltd,INE715T01031,X
RSTL,Riddhi Steel and Tube Ltd,INE367U01013,MT
TVVISION,TV Vision Ltd,INE871L01013,B
GAMCO,Gamco Ltd,INE890S01026,X
LTTS,L&T Technology Services Ltd,INE010V01017,A
GNA,G N A Axles Ltd,INE934S01014,B
RADHIKAJWE,Radhika Jeweltech Ltd,INE583V01021,B
SIIL,Sabrimala Industries India Ltd,INE400R01018,X
ICICIPRULI,ICICI Prudential Life Insurance Company Ltd,INE726G01019,A
IISL,Ishaan Infrastructures and Shelters Ltd,INE818R01011,XT
ARCFIN,ARC Finance Ltd,INE202R01026,X
HPL,HPL Electric & Power Ltd,INE495S01016,B
SAGARSOFT,Sagarsoft (India) Ltd,INE184B01012,X
DRA,DRA Consultants Ltd,INE746V01016,M
VALIANTORG,Valiant Organics Ltd,INE565V01010,B
ACML,Aditya Consumer Marketing Ltd,INE427V01013,M
SHASHIJIT,Shashijit Infraprojects Ltd,INE700V01021,X
BINDALEXPO,Bindal Exports Ltd,INE564V01013,MT
MHEL,Mewar Hi-Tech Engineering Ltd,INE957U01011,MT
DIKSAT,Diksat Transworld Ltd,INE942P01013,MT
ENDURANCE,Endurance Technologies Ltd,INE913H01037,A
IDFSENSEXE,Bandhan S&P BSE SENSEX ETF,INF194KA1T91,A
PURPLE,Purple Agrotech Industries Ltd,INE905R01016,X
SUPRAPFSL,Supra Pacific Financial Services Ltd,INE268T01015,X
PNBHOUSING,PNB Housing Finance Ltd,INE572E01012,A
SOUTHERNIN,Southern Infoconsultants Ltd,INE298B01010,X
REGENCY,Regency Fincorp Ltd,INE964R01013,X
VBL,Varun Beverages Ltd,INE200M01039,A
SALEM,Salem Erode Investments Ltd,INE894E01028,X
UPROTECH,Unipro Technologies Ltd,INE448F01012,XT
FRANKLININD,Franklin Industries Ltd,INE789R01022,XT
LKPSEC,LKP Securities Ltd,INE341H01023,XT
OSIAJEE,Osiajee Texfab Ltd,INE186R01013,X
CMBL,Corporate Merchant Bankers Ltd,INE850R01014,X
SFL,Sheela Foam Ltd,INE916U01025,A
EIKO,Eiko Lifesciences Ltd,INE666Q01016,X
AVL,Aditya Vision Ltd,INE679V01027,A
HEADSUP,Heads UP Ventures Ltd,INE759V01019,B
TCIEXP,TCI Express Ltd,INE586V01016,B
SHASHANK,Shashank Traders Ltd,INE508R01018,XT
LAURUSLABS,Laurus Labs Ltd,INE947Q01028,A
NEWLIGHT,New Light Industries Ltd,INE835U01027,X
VSL,Viram Suvarn Ltd,INE607V01028,B
MTPL,Marg Techno Projects Ltd,INE245H01018,XT
SHANGAR,Shangar Decor Ltd,INE118R01032,X
GLCL,Globe Commercials Ltd,INE804Q01013,XT
FLORACORP,Flora Corporation Ltd,INE318U01016,X
TRU,TruCap Finance Ltd,INE615R01029,B
SKL,Super Fine Knitters Ltd,INE459U01018,MT
RAIDEEPIND,Raideep Industries Ltd,INE923R01019,XT
PRICOLLTD,Pricol Ltd,INE726V01018,A
JITFINFRA,JITF Infralogistics Ltd,INE863T01013,T
SUERYAAKNI,Sueryaa Knitwear Ltd,INE249U01013,XT
TANVI,Tanvi Foods (India) Ltd,INE978V01015,M
RMC,RMC Switchgears Ltd,INE655V01019,T
PARMAX,Parmax Pharma Ltd,INE240T01014,X
LLFICL,Leading Leasing Finance And Investment Company Ltd,INE715Q01029,B
DANUBE,Danube Industries Ltd,INE575D01041,X
RADIOCITY,Music Broadcast Ltd,INE919I01024,B
DMART,Avenue Supermarts Ltd,INE192R01011,A
IFL,IFL Enterprises Ltd,INE714U01024,B
ONTIC,Ontic Finserve Ltd,INE989S01042,X
SMLT,Sarthak Metals Ltd,INE017W01010,B
CHEMCRUX,Chemcrux Enterprises Ltd,INE298W01016,B
MANOMAY,Manomay Tex India Ltd,INE784W01015,B
MAXIMUS,Maximus International Ltd,INE544W01021,X
MANAS,Manas Properties Ltd,INE800W01019,MT
CLEDUCATE,CL Educate Ltd,INE201M01029,T
PRIMEFRESH,Prime Fresh Ltd,INE442V01012,B
OCEANIC,Oceanic Foods Ltd,INE711V01010,X
OCTAWARE,Octaware Technologies Ltd,INE208U01019,MT
SHANKARA,Shankara Building Products Ltd,INE274V01019,T
ESCORP,Escorp Asset Management Ltd,INE953W01016,B
PARMSILK,Parmeshwari Silk Mills Ltd,INE808R01012,X
KMSMEDI,KMS Medisurgi Ltd,INE870V01014,MT
CLFL,Classic Leasing & Finance Ltd,INE949C01016,X
STARLENT,Starlineps Enterprises Ltd,INE594W01042,T
SCHAND,S Chand and Company Ltd,INE807K01035,B
KANUNGO,Kanungo Financiers Ltd,INE453S01015,X
MEERA,Meera Industries Ltd,INE343X01026,T
HUDCO,Housing & Urban Development Corporation Ltd,INE031A01017,A
PSPPROJECT,PSP Projects Ltd,INE488V01015,B
GKL,Guru Krupa Gems and Jewellery Ltd,INE986W01016,X
YUG,Yug Decor Ltd,INE796W01019,M
VARIMAN,Variman Global Enterprises Ltd,INE717F01028,XT
STARCEMENT,Star Cement Ltd,INE460H01021,A
RIDDHICORP,Riddhi Corporate Services Ltd,INE325X01015,X
TEJASNET,Tejas Networks Ltd,INE010J01012,A
ERIS,Eris Lifesciences Ltd,INE406M01024,A
CONTAINER,Containerway International Ltd,INE319U01022,X
GTPL,GTPL Hathway Ltd,INE869I01013,B
AUBANK,AU Small Finance Bank Ltd,INE949L01017,A
LOWVOLIETF,ICICI Prudential Nifty 100 Low Volatility 30 ETF,INF109KC19U5,B
GEL,Gautam Exim Ltd,INE721X01023,M
GGENG,G G Engineering Ltd,INE694X01030,X
7NR,7NR Retail Ltd,INE413X01035,XT
SALASAR,Salasar Techno Engineering Ltd,INE170V01027,B
GANGESSECU,Ganges Securities Ltd,INE335W01016,B
PALASHSECU,Palash Securities Ltd,INE471W01019,B
AVADHSUGAR,Avadh Sugar & Energy Ltd,INE349W01017,T
MAGADSUGAR,Magadh Sugar & Energy Ltd,INE347W01011,B
JIGAR,Jigar Cables Ltd,INE943X01015,M
CTCL,Captain Technocast Ltd,INE931X01010,M
GSTL,Globalspace Technologies Ltd,INE632W01016,XT
NEXT50BETA,UTI Nifty Next 50 ETF,INF789F1AUW9,B
SIS,SIS Ltd,INE285J01028,B
COCHINSHIP,Cochin Shipyard Ltd,INE704P01025,A
HALEOSLABS,Haleos Labs Ltd,INE320X01016,B
KIOCL,KIOCL Ltd,INE880L01014,A
CHOTHANI,Chothani Foods Ltd,INE344X01016,M
SMRUTHIORG,Smruthi Organics Ltd,INE172E01011,X
ABCAPITAL,Aditya Birla Capital Ltd,INE674K01013,A
APEX,Apex Frozen Foods Ltd,INE346W01013,B
SHISHIND,Shish Industries Ltd,INE145Y01023,B
ANG,ANG Lifesciences India Ltd,INE236W01016,B
KCDGROUP,KCD Industries India Ltd,INE185U01035,X
DIXON,Dixon Technologies (India) Ltd,INE935N01020,A
BRNL,Bharat Road Network Ltd,INE727S01012,B
DCAL,Dishman Carbogen Amcis Ltd,INE385W01011,B
LASA,Lasa Supergenerics Ltd,INE670X01014,B
PROCLB,Pro Clb Global Ltd,INE438C01010,XT
MATRIMONY,Matrimony.com Ltd,INE866R01028,B
RHFL,Reliance Home Finance Ltd,INE217K01011,Z
CAPACITE,Capacite Infraprojects Ltd,INE264T01014,B
ICICIGI,ICICI Lombard General Insurance Company Ltd,INE765G01017,A
PQIF,Polo Queen Industrial and Fintech Ltd,INE689M01025,B
AAYUSHBULL,Aayush Art And Bullion Ltd,INE777X01017,M
SBILIFE,SBI Life Insurance Company Ltd,INE123W01016,A
DIAMONDYD,Prataap Snacks Ltd,INE393P01035,B
SHAREINDIA,Share India Securities Ltd,INE932X01026,B
TTFL,Trident Texofab Ltd,INE071Y01013,B
POOJA,Poojawestern Metaliks Ltd,INE973X01012,B
SAYAJIIND,Sayaji Industries Ltd,INE327G01032,X
VANTABIO,Vanta Bioscience Ltd,INE695X01011,MT
MEHAI,Mehai Technology Ltd,INE062Y01020,XT
IRIS,IRIS RegTech Solutions Ltd,INE864K01010,B
SGRL,Shree Ganesh Remedies Ltd,INE414Y01015,X
STL,Shreeji Translogistics Ltd,INE402Y01028,B
GODREJAGRO,Godrej Agrovet Ltd,INE850D01014,A
MASFIN,MAS Financial Services Ltd,INE348L01012,B
IEX,Indian Energy Exchange Ltd,INE022Q01020,A
GICRE,General Insurance Corporation of India,INE481Y01014,A
KAARYAFSL,Kaarya Facilities and Services Ltd,INE282Y01016,MT
SCPL,Sheetal Cool Products Ltd,INE501Y01019,T
TIINDIA,Tube Investments of India Ltd,INE974X01010,A
NAM-INDIA,Nippon Life India Asset Management Ltd,INE298J01013,A
MAHLOG,Mahindra Logistics Ltd,INE766P01016,B
NIACL,The New India Assurance Company Ltd,INE470Y01017,A
IFGLEXPOR,IFGL Refractories Ltd,INE133Y01011,B
KHADIM,Khadim India Ltd,INE834I01025,B
5PAISA,5paisa Capital Ltd,INE618L01018,B
HDFCLIFE,HDFC Life Insurance Company Ltd,INE795G01014,A
SBRANDS,Sanghvi Brands Ltd,INE204Y01010,MT
SHARIKA,Sharika Enterprises Ltd,INE669Y01022,B
ICICIB22,BHARAT 22 ETF - ICICI Prudential AMC,INF109KB15Y7,A
ASPIRA,Aspira Pathlab & Diagnostics Ltd,INE500C01017,XT
DNAMEDIA,Diligent Media Corporation Ltd,INE016M01021,B
DYCL,Dynamic Cables Ltd,INE600Y01019,B
RATNABHUMI,Ratnabhumi Developers Ltd,INE821Y01011,B
SHALBY,Shalby Ltd,INE597J01018,B
MRCAGRO,MRC Agrotech Ltd,INE333Y01017,B
DML,Diggi Multitrade Ltd,INE158R01012,MT
CRYSTAL,Crystal Business System Ltd,INE994R01028,XT
ASTRON,Astron Paper & Board Mill Ltd,INE646X01014,T
CHANDRIMA,Chandrima Mercantiles Ltd,INE371F01024,X
RITHWIKFMS,Rithwik Facility Management Services Ltd,INE819Y01015,MT
JFL,Jhandewalas Foods Ltd,INE841Y01019,MT
7SEASL,7Seas Entertainment Ltd,INE454F01010,X
APOLLO,Apollo Micro Systems Ltd,INE713T01028,A
NEWGEN,Newgen Software Technologies Ltd,INE619B01017,A
PRAXIS,Praxis Home Retail Ltd,INE546Y01022,T
AMBER,Amber Enterprises India Ltd,INE371P01015,A
TIRUFOAM,Tirupati Foam Ltd,INE115G01015,X
SRUSTEELS,SRU Steels Ltd,INE425C01017,X
ASHOKAMET,Ashoka Metcast Ltd,INE760Y01011,B
GALAXYSURF,Galaxy Surfactants Ltd,INE600K01018,A
GGL,Gautam Gems Ltd,INE063Z01017,X
MEDICO,Medico Remedies Ltd,INE630Y01024,B
GUJHYSPIN,Gujarat Hy-Spin Ltd,INE578V01013,M
LAL,Lorenzini Apparels Ltd,INE740X01023,B
KENVI,Kenvi Jewels Ltd,INE923Y01023,B
IWP,The Indian Wood Products Company Ltd,INE586E01020,B
BHATIA,Bhatia Communications & Retail (India) Ltd,INE341Z01025,X
SHIVAMILLS,Shiva Mills Ltd,INE644Y01017,T
ASTERDM,Aster DM Healthcare Ltd,INE914M01019,A
YSL,The Yamuna Syndicate Ltd,INE868X01014,X
KANCOTEA,Kanco Tea & Industries Ltd,INE398L01017,X
ANGEL,Angel Fibers Ltd,INE339Z01011,M
HGINFRA,H.G. Infra Engineering Ltd,INE926X01010,B
INFLAME,Inflame Appliances Ltd,INE464Z01017,M
BPLPHARMA,Bharat Parenterals Ltd,INE365Y01019,X
SHREESHAY,Shreeshay Engineers Ltd,INE452Z01012,M
ACFL,Apex Capital And Finance Ltd,INE758W01019,XT
BDL,Bharat Dynamics Ltd,INE171Z01026,A
ACTIVE,Active Clothing Co Ltd,INE380Z01015,B
GOYALALUM,Goyal Aluminiums Ltd,INE705X01026,B
BANDHANBNK,Bandhan Bank Ltd,INE545U01014,A
HAL,Hindustan Aeronautics Ltd,INE066F01020,A
SANDHAR,Sandhar Technologies Ltd,INE278H01035,B
YASHO,Yasho Industries Ltd,INE616Z01012,B
BENARA,Benara Bearings and Pistons Ltd,INE495Z01011,MT
MIDHANI,Mishra Dhatu Nigam Ltd,INE099Z01011,A
LEX,Lex Nimble Solutions Ltd,INE860Y01019,MT
OBCL,Orissa Bengal Carrier Ltd,INE426Z01016,B
TRL,Taylormade Renewables Ltd,INE459Z01017,B
LEMONTREE,Lemon Tree Hotels Ltd,INE970X01018,A
CHEMFAB,Chemfab Alkalis Ltd,INE783X01023,T
HARDWYN,Hardwyn India Ltd,INE626Z01029,B
DLCL,Dr Lalchandani Labs Ltd,INE871Z01013,M
ORIENTELEC,Orient Electric Ltd,INE142Z01019,B
DHRUV,Dhruv Consultancy Services Ltd,INE506Z01015,T
AKSHAR,Akshar Spintex Ltd,INE256Z01025,B
INDOUS,Indo Us Bio-Tech Ltd,INE250Z01010,B
BSE500IETF,ICICI Prudential BSE 500 ETF,INF109KC1V59,A
INDOSTAR,Indostar Capital Finance Ltd,INE896L01010,B
MILEFUR,Milestone Furniture Ltd,INE424Z01011,MT
UHZAVERI,U. H. Zaveri Ltd,INE556Z01010,B
PARVATI,Parvati Sweetners and Power Ltd,INE295Z01015,X
MEGASTAR,Megastar Foods Ltd,INE00EM01016,B
INNOVATORS,Innovators Facade Systems Ltd,INE870Z01015,M
UCIL,Unifinz Capital India Ltd,INE926R01012,X
ZIMLAB,Zim Laboratories Ltd,INE518E01015,T
AFFORDABLE,Affordable Robotic & Automation Ltd,INE692Z01013,T
DOLLAR,Dollar Industries Ltd,INE325C01035,B
NGIL,Nakoda Group of Industries Ltd,INE236Y01012,T
PALMJEWELS,Palm Jewels Ltd,INE838Z01012,B
WAA,Waa Solar Ltd,INE799N01012,M
ADANIGREEN,Adani Green Energy Ltd,INE364U01010,A
UNICK,Unick Fix-A-Form And Printers Ltd,INE250G01010,X
SOLARA,Solara Active Pharma Sciences Ltd,INE624Z01016,B
GAYAHWS,Gayatri Highways Ltd,INE287Z01012,B
RITES,RITES Ltd,INE320J01015,A
FINEORG,Fine Organic Industries Ltd,INE686Y01026,A
VARROC,Varroc Engineering Ltd,INE665L01035,A
RAJNISH,Rajnish Wellness Ltd,INE685Z01033,B
GUJWIND,Gujarat Winding Systems Ltd,INE173V01013,X
STRAEXPO,Sophia Traexpo Ltd,INE268X01017,XT
RAWEDGE,Raw Edge Industrial Solutions Ltd,INE960Z01014,B
SUPERSHAKT,Supershakti Metaliks Ltd,INE00SY01011,M
ASHNI,Ashnisha Industries Ltd,INE694W01024,X
RACONTEUR,Raconteur Global Resources Ltd,INE00WY01013,M
HDFCAMC,HDFC Asset Management Company Ltd,INE127D01025,A
VIVANTA,Vivanta Industries Ltd,INE299W01022,X
FRATELLI,Fratelli Vineyards Ltd,INE401Z01019,X
CREDITACC,CreditAccess Grameen Ltd,INE741K01010,A
AMINTAN,Amin Tannery Ltd,INE572Z01017,XT
DEEP,Deep Polymers Ltd,INE00IY01012,B
SMEL,Sungold Media and Entertainment Ltd,INE266S01011,MT
NEXT50IETF,ICICI Prudential Nifty Next 50 ETF,INF109KC1NS5,B
ASRL,Add-Shop ERetail Ltd,INE01B501018,B
SPACEINCUBA,Space Incubatrics Technologies Ltd,INE797Z01028,X
SGIL,Synergy Green Industries Ltd,INE00QT01015,B
RANJEET,Ranjeet Mechatronics Ltd,INE01A501027,M
IRCON,IRCON International Ltd,INE962Y01021,A
SKYGOLD,Sky Gold And Diamonds Ltd,INE01IU01018,A
SETFSN50,SBI - ETF - SENSEX NEXT 50,INF200KA1VQ2,A
MACH,Mac Hotels Ltd,INE004Z01011,M
MANORAMA,Manorama Industries Ltd,INE00VM01036,A
INNOVATIVE,Innovative Ideals and Services (India) Ltd,INE492Y01011,MT
AAVAS,AAVAS Financiers Ltd,INE216P01012,A
GRSE,Garden Reach Shipbuilders & Engineers Ltd,INE382Z01011,A
A1L,A-1 Ltd,INE911Z01025,B
DOLFIN,Dolfin Rubbers Ltd,INE666Y01010,B
SHUBHAM,Shubham Polyspin Ltd,INE01J501010,X
AKI,AKI India Ltd,INE642Z01026,B
SUNRETAIL,Sun Retail Ltd,INE206Z01020,M
SMGOLD,S. M. Gold Ltd,INE00Q901014,B
VIVIDM,Vivid Mercantile Ltd,INE647Z01025,B
BCPL,BCPL Railway Infrastructure Ltd,INE00SW01015,B
ATGL,Adani Total Gas Ltd,INE399L01023,A
PHOSPHATE,The Phosphate Company Ltd,INE398C01016,X
NIFTYETF,MIRAE ASSET NIFTY 50 ETF (MAN50ETF),INF769K01EG9,B
TECHNOE,Techno Electric & Engineering Company Ltd,INE285K01026,A
RONI,Roni Households Ltd,INE02AP01013,M
SKIFL,Shree Krishna Infrastructure Ltd,INE951Z01013,MT
DGL,Diksha Greens Ltd,INE01GR01018,MT
ARYAN,Aryan Share and Stock Brokers Ltd,INE016X01010,X
NIVAKA,Nivaka Fashions Ltd,INE139E01028,X
DALBHARAT,Dalmia Bharat Ltd,INE00R701025,A
ABSLNN50ET,Aditya Birla Sun Life Nifty Next 50 ETF,INF209KB16D7,B
NILASPACES,Nila Spaces Ltd,INE00S901012,B
SRD,Shankar Lal Rampal Dye-Chem Ltd,INE01NE01012,B
TREJHARA,Trejhara Solutions Ltd,INE00CA01015,B
DECCAN,Deccan Health Care Ltd,INE452W01019,B
AXITA,Axita Cotton Ltd,INE02EZ01022,B
KPIGREEN,KPI Green Energy Ltd,INE542W01025,A
HIKLASS,Hi-Klass Trading and Investment Ltd,INE302R01024,XT
RPSGVENT,RPSG Ventures Ltd,INE425Y01011,B
SPENCERS,Spencers Retail Ltd,INE020801028,B
GLOSTERLTD,Gloster Ltd,INE350Z01018,B
XELPMOC,Xelpmoc Design and Tech Ltd,INE01P501012,B
SPACAPS,SPA Capital Services Ltd,INE726X01014,XT
RITCO,Ritco Logistics Ltd,INE01EG01016,B
CHALET,Chalet Hotels Ltd,INE427F01016,A
ANMOL,Anmol India Ltd,INE02AR01019,B
JONJUA,Jonjua Overseas Ltd,INE793Z01027,MT
KRANTI,Kranti Industries Ltd,INE911T01010,B
ANUP,The Anup Engineering Ltd,INE294Z01018,A
GLAAMUP,Glaam Up Jwel Ltd,INE03CM01014,MT
ARVINDFASN,Arvind Fashions Ltd,INE955V01021,A
MAHIP,Mahip Industries Ltd,INE00CX01017,MT
SNXT50BETA,UTI BSE Sensex Next 50 ETF,INF789F1AUU3,A
AIHL,Ambassador Intra Holdings Ltd,INE342U01016,XT
JYOTIN,Jyot International Marketing Ltd,INE043R01016,XT
AGOL,Ashapuri Gold Ornament Ltd,INE05FR01029,B
AARTECH,Aartech Solonics Ltd,INE01C001026,B
HBEL,Humming Bird Education Ltd,INE02PC01027,MT
MSTCLTD,MSTC Ltd,INE255X01014,B
ROOPSHRI,Roopshri Resorts Ltd,INE03WT01017,MT
CHANDNIMACH,Chandni Machines Ltd,INE01GZ01011,X
NSL,Northern Spirits Ltd,INE01BL01012,B
RVNL,Rail Vikas Nigam Ltd,INE415G01027,A
METROPOLIS,Metropolis Healthcare Ltd,INE112L01020,A
KPITTECH,KPIT Technologies Ltd,INE04I401011,A
POLYCAB,Polycab India Ltd,INE455K01017,A
VRFILMS,V R Films & Studios Ltd,INE06LG01010,B
VIKASLIFE,Vikas Lifecare Ltd,INE161L01027,B
NEOGEN,Neogen Chemicals Ltd,INE136S01016,B
GKP,G. K. P. Printing & Packaging Ltd,INE05QJ01015,B
EVANS,Evans Electric Ltd,INE06TD01010,M
BMW,BMW Industries Ltd,INE374E01021,B
AEPL,Artemis Electricals and Projects Ltd,INE757T01025,B
CHCL,Cian Healthcare Ltd,INE05BN01027,MT
DEL,Dhanashree Electronics Ltd,INE413F01016,X
HARISH,Harish Textile Engineers Ltd,INE01K301012,X
PPL,Prakash Pipes Ltd,INE050001010,B
DGCONTENT,Digicontent Ltd,INE03JI01017,B
PARSHVA,Parshva Enterprises Ltd,INE05MV01019,B
ARL,Anand Rayons Ltd,INE02GA01012,B
SBC,SBC Exports Ltd,INE04AK01028,B
INDIAMART,IndiaMART InterMESH Ltd,INE933S01016,A
CPML,City Pulse Multiventures Ltd,INE056001014,M
SKIEL,SK International Export Ltd,INE04ST01013,MT
DCMNVL,DCM Nouvelle Ltd,INE08KP01019,T
BANKIETF,ICICI Prudential Nifty Bank ETF,INF109KC15I8,B
SNXT50BEES,Nippon India ETF S&P BSE Sensex Next 50,INF204KB15D0,A
AFFLE,Affle 3I Ltd,INE00WC01027,A
PVTBANIETF,ICICI Prudential Nifty Private Bank ETF,INF109KC18U7,B
SPANDANA,Spandana Sphoorty Financial Ltd,INE572J01011,B
SWSOLAR,Sterling and Wilson Renewable Energy Ltd,INE00M201021,A
TRANSPACT,Transpact Enterprises Ltd,INE06YD01010,TS
ALPHALOGIC,Alphalogic Techsys Ltd,INE08E401029,T
NOVATEOR,Novateor Research Laboratories Ltd,INE08JY01013,MT
360ONE,360 ONE WAM LTD,INE466L01038,A
IIFLCAPS,IIFL Capital Services Ltd,INE489L01022,A
MUFIN,Mufin Green Finance Ltd,INE08KJ01020,B
MISQUITA,Misquita Engineering Ltd,INE957W01025,M
GALACTICO,Galactico Corporate Services Ltd,INE906Y01028,B
VEL,Vaxfab Enterprises Ltd,INE560T01015,X
FLUOROCHEM,Gujarat Fluorochemicals Ltd,INE09N301011,A
IRCTC,Indian Railway Catering and Tourism Corporation Ltd,INE335Y01020,A
GOBLIN,Goblin India Ltd,INE492Z01018,MT
VISHWARAJ,Vishwaraj Sugar Industries Ltd,INE430N01022,B
GREENPANEL,Greenpanel Industries Ltd,INE08ZM01014,B
SHAHLON,Shahlon Silk Industries Ltd,INE052001026,X
ABSLBANETF,Aditya Birla Sun Life Nifty Bank ETF,INF209KB17D5,B
MOUNT,Mount Housing and Infrastructure Ltd,INE444X01014,XT
ANUROOP,Anuroop Packaging Ltd,INE490Z01012,B
CSBBANK,CSB Bank Ltd,INE679A01013,A
UJJIVANSFB,Ujjivan Small Finance Bank Ltd,INE551W01018,A
HINDWAREAP,Hindware Home Innovation Ltd,INE05AN01011,B
EASUN,Easun Capital Markets Ltd,INE771C01014,XT
PRINCEPIPE,Prince Pipes and Fittings Ltd,INE689W01016,B
VALENCIA,Valencia Nutrition Ltd,INE08RT01016,MS
ASSAMENT,Assam Entrade Ltd,INE165G01010,X
GIANLIFE,Gian Life Care Ltd,INE063601012,Z
ARTEMISMED,Artemis Medicare Services Ltd,INE025R01021,B
SUMICHEM,Sumitomo Chemical India Ltd,INE258G01013,A
MIDCAPIETF,ICICI Prudential Nifty Midcap 150 ETF,INF109KC11W8,B
NEXT50,Mirae Asset Nifty Next 50 ETF (MANXT50ETF),INF769K01FN2,B
TRANWAY21,Tranway21 Technologies Ltd,INE0BIW01023,MS
VARDHANCFL,Vardhan Capital & Finance Ltd,INE128G01018,XT
UNIVPHOTO,Universus Photo Imagings Ltd,INE03V001013,T
CBPL,Chandra Bhagat Pharma Ltd,INE07QQ01016,M
OCTAVIUSPL,Octavius Plantations Ltd,INE117S01016,X
COHANCE,Cohance Lifesciences Ltd,INE03QK01018,A
SMAUTO,SM Auto Stamping Ltd,INE0C4I01011,MT
SBICARD,SBI Cards and Payment Services Ltd,INE018E01016,A
08MPD,NIPPON INDIA EQUITY SAVINGS FUND -  SEGREGATED PORTFOLIO 2 - MONTHLY DIVIDEND PLAN(Issue Price: 0.01),INF204KB11T5,B
08ADR,NIPPON INDIA EQUITY SAVINGS FUND -  SEGREGATED PORTFOLIO 2 - DIRECT DIVIDEND PLAN(Issue Price: 0.01),INF204KB12S5,B
08MPR,NIPPON INDIA EQUITY SAVINGS FUND -  SEGREGATED PORTFOLIO 2 - MONTHLY DIVIDEND PLAN(Issue Price: 0.01),INF204KB12T3,B
08AMD,NIPPON INDIA EQUITY SAVINGS FUND -  SEGREGATED PORTFOLIO 2 - DIRECT MONTHLY DIVIDEND PLAN(Issue Price: 0.01),INF204KB13S3,B
08AMR,NIPPON INDIA EQUITY SAVINGS FUND -  SEGREGATED PORTFOLIO 2 - DIRECT MONTHLY DIVIDEND PLAN(Issue Price: 0.01),INF204KB14S1,B
08BPB,NIPPON INDIA EQUITY SAVINGS FUND -  SEGREGATED PORTFOLIO 2 - BONUS PLAN(Issue Price: 0.01),INF204KB15S8,B
08GPG,NIPPON INDIA EQUITY SAVINGS FUND -  SEGREGATED PORTFOLIO 2 - GROWTH PLAN(Issue Price: 0.01),INF204KB16S6,B
08ABB,NIPPON INDIA EQUITY SAVINGS FUND -  SEGREGATED PORTFOLIO 2 - DIRECT BONUS PLAN(Issue Price: 0.01),INF204KB17R6,B
08QPD,NIPPON INDIA EQUITY SAVINGS FUND -  SEGREGATED PORTFOLIO 2 - QUARTERLY DIVIDEND PLAN(Issue Price: 0.01),INF204KB17S4,B
08AGG,NIPPON INDIA EQUITY SAVINGS FUND -  SEGREGATED PORTFOLIO 2 - DIRECT GROWTH PLAN(Issue Price: 0.01),INF204KB18R4,B
08QPR,NIPPON INDIA EQUITY SAVINGS FUND -  SEGREGATED PORTFOLIO 2 - QUARTERLY DIVIDEND PLAN(Issue Price: 0.01),INF204KB18S2,B
08AQD,NIPPON INDIA EQUITY SAVINGS FUND -  SEGREGATED PORTFOLIO 2 - DIRECT QUARTERLY DIVIDEND PLAN(Issue Price: 0.01),INF204KB19R2,B
08DPD,NIPPON INDIA EQUITY SAVINGS FUND -  SEGREGATED PORTFOLIO 2 - DIVIDEND PLAN(Issue Price: 0.01),INF204KB19S0,B
08AQR,NIPPON INDIA EQUITY SAVINGS FUND -  SEGREGATED PORTFOLIO 2 - DIRECT QUARTERLY DIVIDEND PLAN(Issue Price: 0.01),INF204KB10S9,B
08DPR,NIPPON INDIA EQUITY SAVINGS FUND -  SEGREGATED PORTFOLIO 2 - DIVIDEND PLAN(Issue Price: 0.01),INF204KB10T7,B
08ADD,NIPPON INDIA EQUITY SAVINGS FUND -  SEGREGATED PORTFOLIO 2 - DIRECT DIVIDEND PLAN(Issue Price: 0.01),INF204KB11S7,B
ROJL,RO Jewels Ltd,INE0BDU01028,B
COSPOWER,Cospower Engineering Ltd,INE0CQB01010,M
11DPR,NIPPON INDIA EQUITY HYBRID FUND -  SEGREGATED PORTFOLIO 2DIVIDEND PLANDIVIDEND REINVESTMENT,INF204KB14U7,B
11GPG,NIPPON INDIA EQUITY HYBRID FUND -  SEGREGATED PORTFOLIO 2GROWTH PLAN GROWTH OPTIONGROWTH,INF204KB10U5,B
11MPD,NIPPON INDIA EQUITY HYBRID FUND -  SEGREGATED PORTFOLIO 2MONTHLY DIVIDEND PLANDIVIDEND PAYOUT,INF204KB15U4,B
11MPR,NIPPON INDIA EQUITY HYBRID FUND -  SEGREGATED PORTFOLIO 2MONTHLY DIVIDEND PLANREINVESTMENT,INF204KB16U2,B
11QPD,NIPPON INDIA EQUITY HYBRID FUND -  SEGREGATED PORTFOLIO 2QUARTERLY DIVIDEND PLANDIVIDEND PAYOUT,INF204KB11U3,B
11QPR,NIPPON INDIA EQUITY HYBRID FUND -  SEGREGATED PORTFOLIO 2QUARTERLY DIVIDEND PLANREINVESTMENT,INF204KB12U1,B
11ADD,NIPPON INDIA EQUITY HYBRID FUND -  SEGREGATED PORTFOLIO 2DIRECT PLAN DIVIDEND PLANDIVIDEND PAYOUT,INF204KB16T4,B
11ADR,NIPPON INDIA EQUITY HYBRID FUND -  SEGREGATED PORTFOLIO 2DIRECT PLAN DIVIDEND PLANDIVIDEND REINVESTMENT,INF204KB17T2,B
11AGG,NIPPON INDIA EQUITY HYBRID FUND -  SEGREGATED PORTFOLIO 2DIRECT GROWTH PLAN GROWTH OPTIONGROWTH,INF204KB13T1,B
11AMD,NIPPON INDIA EQUITY HYBRID FUND -  SEGREGATED PORTFOLIO 2DIRECT MONTHLY DIVIDEND PLANDIVIDEND PAYOUT,INF204KB18T0,B
11AMR,NIPPON INDIA EQUITY HYBRID FUND -  SEGREGATED PORTFOLIO 2DIRECT MONTHLY DIVIDEND PLANREINVESTMENT,INF204KB19T8,B
11AQD,NIPPON INDIA EQUITY HYBRID FUND -  SEGREGATED PORTFOLIO 2DIRECT QUARTERLY DIVIDEND PLANDIVIDEND PAYOUT,INF204KB14T9,B
11AQR,NIPPON INDIA EQUITY HYBRID FUND -  SEGREGATED PORTFOLIO 2DIRECT QUARTERLY DIVIDEND PLANREINVESTMENT,INF204KB15T6,B
11DPD,NIPPON INDIA EQUITY HYBRID FUND -  SEGREGATED PORTFOLIO 2DIVIDEND PLANDIVIDEND PAYOUT,INF204KB13U9,B
POWERINDIA,Hitachi Energy India Ltd,INE07Y701011,A
DJML,DJ Mediaprint & Logistics Ltd,INE0B1K01014,B
NIRMITEE,Nirmitee Robotics India Ltd,INE0CPQ01010,MS
NATURAL,Natural Biocon (India) Ltd,INE06MM01016,XT
REGIS,Regis Industries Ltd,INE745R01024,X
BILLWIN,Billwin Industries Ltd,INE0CRS01012,M
AARTISURF,Aarti Surfactants Ltd,INE09EO01013,B
BONLON,Bonlon Industries Ltd,INE0B9A01018,B
BOROLTD,Borosil Ltd,INE02PY01013,B
ROSSARI,Rossari Biotech Ltd,INE02A801020,B
NDRAUTO,NDR Auto Components Ltd,INE07OG01012,B
SBGLP,Suratwwala Business Group Ltd,INE05ST01028,B
ALPL30IETF,ICICI Prudential Nifty Alpha Low- Volatility 30 ETF,INF109KC17V7,B
MAXHEALTH,Max Healthcare Institute Ltd,INE027H01010,A
ITIETF,ICICI Prudential Nifty IT ETF,INF109KC16I6,B
MAXIND,Max India Ltd,INE0CG601016,B
HDFCNIFBAN,HDFC Nifty Banking ETF,INF179KC1HY0,B
BANKBETA,UTI NIFTY BANK ETF,INF789F1AUV1,B
HAPPSTMNDS,Happiest Minds Technologies Ltd,INE419U01012,A
ROUTE,Route Mobile Ltd,INE450U01017,B
SAMRATFORG,Samrat Forgings Ltd,INE412J01010,X
ADVAIT,Advait Energy Transitions Ltd,INE0ALI01010,B
ADL,Archidply Decor Ltd,INE0CHO01012,B
CAMS,Computer Age Management Services Ltd,INE596I01020,A
CHEMCON,Chemcon Speciality Chemicals Ltd,INE03YM01018,B
SECMARK,SecMark Consultancy Ltd,INE0BTM01013,B
ANGELONE,Angel One Ltd,INE732I01021,A
ATAM,Atam Valves Ltd,INE09KD01013,B
MAZDOCK,Mazagon Dock Shipbuilders Ltd,INE249Z01020,A
UTIAMC,UTI Asset Management Company Ltd,INE094J01016,A
GMPL,G M Polyplast Ltd,INE0E2801015,M
LIKHITHA,Likhitha Infrastructure Ltd,INE060901027,T
VGIL,Veer Global Infraconstruction Ltd,INE244W01010,T
HEMIPROP,Hemisphere Properties India Ltd,INE0AJG01018,B
EQUITASBNK,Equitas Small Finance Bank Ltd,INE063P01018,A
SHINEFASH,Shine Fashions (India) Ltd,INE0BLY01023,MT
GLAND,Gland Pharma Ltd,INE068V01023,A
ESG,Mirae Asset Nifty 100 ESG Sector Leaders ETF,INF769K01GS9,B
NETPIX,Net Pix Shorts Digital Media Ltd,INE0D5F01013,TS
RBA,Restaurant Brands Asia Ltd,INE07T201019,A
TARC,Tarc Ltd,INE0EK901012,B
RVHL,Ravinder Heights Ltd,INE09E501017,B
FAIRCHEMOR,Fairchem Organics Ltd,INE0DNW01011,B
BECTORFOOD,Mrs. Bectors Food Specialities Ltd,INE495P01020,A
AWHCL,Antony Waste Handling Cell Ltd,INE01BK01022,B
INFRABEES,Nippon India ETF Nifty Infrastructure BeES,INF732E01268,B
RFLL,Rita Finance and Leasing Ltd,INE018S01016,X
IRFC,Indian Railway Finance Corporation Ltd,INE053F01010,A
INDIGOPNTS,Indigo Paints Ltd,INE09VQ01012,B
HOMEFIRST,Home First Finance Company India Ltd,INE481N01025,A
STOVEKRAFT,Stove Kraft Ltd,INE00IN01015,B
MRP,MRP Agro Ltd,INE0D7801012,M
SMCGLOBAL,SMC Global Securities Ltd,INE103C01036,B
NURECA,Nureca Ltd,INE0DSF01015,B
RAILTEL,RailTel Corporation of India Ltd,INE0DD101019,A
HERANBA,Heranba Industries Ltd,INE694N01015,B
DAVANGERE,Davangere Sugar Company Ltd,INE179G01029,B
DRCSYSTEMS,DRC Systems India Ltd,INE03RS01027,B
MTARTECH,MTAR Technologies Ltd,INE864I01014,A
JUBLINGREA,Jubilant Ingrevia Ltd,INE0BY001018,A
EASEMYTRIP,Easy Trip Planners Ltd,INE07O001026,A
KMEW,Knowledge Marine & Engineering Works Ltd,INE0CJD01029,B
ANURAS,Anupam Rasayan India Ltd,INE930P01018,A
CRAFTSMAN,Craftsman Automation Ltd,INE00LO01017,A
LXCHEM,Laxmi Organic Industries Ltd,INE576O01020,A
KALYANKJIL,Kalyan Jewellers India Ltd,INE303R01014,A
SURYODAY,Suryoday Small Finance Bank Ltd,INE428Q01011,B
NAZARA,Nazara Technologies Ltd,INE418L01047,A
SUVIDHAA,Suvidhaa Infoserve Ltd,INE018401013,B
NIKSTECH,Niks Technology Ltd,INE0GX601011,TS
UFBL,United Foodbrands Ltd,INE382M01027,B
EKI,EKI Energy Services Ltd,INE0CPR01018,B
RCAN,Rajeshwari Cans Ltd,INE0CQ101015,M
JETMALL,Jetmall Spices and Masala Ltd,INE0D9X01018,MT
LODHA,Lodha Developers Ltd,INE670K01029,A
DEEPINDS,Deep Industries Ltd,INE0FHS01024,B
KGES,Kuberan Global Edu Solutions Ltd,INE04CO01018,TS
MAFANG,Mirae Asset NYSE FANG+ ETF,INF769K01HF4,B
HEALTHIETF,ICICI Prudential Nifty Healthcare ETF,INF109KC1Q72,B
VINEETLAB,Vineet Laboratories Ltd,INE505Y01010,T
SHYAMMETL,Shyam Metalics and Energy Ltd,INE810G01011,A
SONACOMS,Sona BLW Precision Forgings Ltd,INE073K01018,A
DODLA,Dodla Dairy Ltd,INE021O01019,A
KIMS,Krishna Institute of Medical Sciences Ltd,INE967H01025,A
ADESHWAR,Adeshwar Meditex Ltd,INE0H8J01015,M
TIMESGREEN,Times Green Energy (India) Ltd,INE0B6101012,M
IPL,India Pesticides Ltd,INE0D6701023,B
FOCUS,Focus Business Solution Ltd,INE0DXR01010,M
GRINFRA,G R Infraprojects Ltd,INE201P01022,A
CLEAN,Clean Science and Technology Ltd,INE227W01023,A
AAPLUSTRAD,AA Plus Tradelink Ltd,INE0C5901022,M
ETERNAL,Eternal Ltd,INE758T01015,A
TATVA,Tatva Chintan Pharma Chem Ltd,INE0GK401011,B
ALIVUS,Alivus Life Sciences Ltd,INE03Q201024,A
BFSI,Mirae Asset Nifty Financial Services ETF,INF769K01HI8,B
GCSL,Gretex Corporate Services Ltd,INE199P01028,B
ROLEXRINGS,Rolex Rings Ltd,INE645S01024,B
FMCGIETF,ICICI Prudential Nifty FMCG ETF,INF109KC19V3,B
EXXARO,Exxaro Tiles Ltd,INE0GFE01026,B
KRSNAA,Krsnaa Diagnostics Ltd,INE08LI01020,B
WINDLAS,Windlas Biotech Ltd,INE0H5O01029,B
DEVYANI,Devyani International Ltd,INE872J01023,A
MOL,Meghmani Organics Ltd,INE0CT101020,B
EPIGRAL,Epigral Ltd,INE071N01016,A
CARTRADE,CarTrade Tech Ltd,INE290S01011,A
NUVOCO,Nuvoco Vistas Corporation Ltd,INE118D01016,A
APTUS,Aptus Value Housing Finance India Ltd,INE852O01025,A
CHEMPLASTS,Chemplast Sanmar Ltd,INE488A01050,B
SHARPLINE,Sharpline Broadcast Ltd,INE647W01014,X
AASHKA,Aashka Hospitals Ltd,INE0EAX01014,M
AXISTECETF,Axis NIFTY IT ETF,INF846K01Y96,B
AXISHCETF,Axis NIFTY Healthcare ETF,INF846K01Z12,B
ACUTAAS,Acutaas Chemicals Ltd,INE00FF01025,A
VIJAYA,Vijaya Diagnostic Centre Ltd,INE043W01024,A
NBL,Naapbooks Ltd,INE0GOA01018,MS
POBS,PlatinumOne Business Services Ltd,INE0DTJ01015,M
AXISCETF,Axis NIFTY India Consumption ETF,INF846K016C7,B
SANSERA,Sansera Engineering Ltd,INE953O01021,A
PREVEST,Prevest Denpro Ltd,INE0GAO01018,M
MARKOLINES,Markolines Pavement Technologies Ltd,INE0FW001016,B
MASPTOP50,Mirae Asset S&P 500 Top 50 ETF,INF769K01HP3,B
SBLI,SBL Infratech Ltd,INE0DLM01024,MT
PARAS,Paras Defence and Space Technologies Ltd,INE045601023,A
GETALONG,Getalong Enterprise Ltd,INE0H1201020,M
SVRL,Shri Venkatesh Refineries Ltd,INE0HLJ01013,MT
ABSLAMC,Aditya Birla Sun Life AMC Ltd,INE404A01024,A
PROMAX,Promax Power Ltd,INE0I2F01015,M
SAMOR,Samor Reality Ltd,INE0GD201014,B
ADISHAKTI,Adishakti Loha and Ispat Ltd,INE0CWK01019,M
CWD,CWD Ltd,INE0H8H01019,MS
CONSUMIETF,ICICI Prudential Nifty India Consumption ETF,INF109KC1V42,B
NYKAA,FSN E-Commerce Ventures Ltd,INE388Y01029,A
FINOPB,Fino Payments Bank Ltd,INE02NC01014,B
SJS,S.J.S. Enterprises Ltd,INE284S01014,A
EQUAL50ADD,DSP Nifty 50 Equal Weight ETF,INF740KA1QK2,B
SIGACHI,Sigachi Industries Ltd,INE0D0K01022,T
POLICYBZR,PB Fintech Ltd,INE417T01026,A
SGFRL,Suyog Gurbaxani Funicular Ropeways Ltd,INE07GA01011,M
PAYTM,One 97 Communications Ltd,INE982J01020,A
SAPPHIRE,Sapphire Foods India Ltd,INE806T01020,A
LATENTVIEW,Latent View Analytics Ltd,INE0I7C01011,A
TARSONS,Tarsons Products Ltd,INE144Z01023,B
OMNIPOTENT,Omnipotent Industries Ltd,INE0JFE01012,M
GOCOLORS,Go Fashion (India) Ltd,INE0BJS01011,B
DMR,DMR Engineering Ltd,INE07L501010,M
HITECH,Hi-Tech Pipes Ltd,INE106T01025,B
STARHEALTH,Star Health and Allied Insurance Company Ltd,INE575P01011,A
TEGA,Tega Industries Ltd,INE011K01018,A
MAHKTECH,Mirae Asset Hang Seng TECH ETF,INF769K01HS7,B
ANANDRATHI,Anand Rathi Wealth Ltd,INE463V01026,A
ZODIAC,Zodiac Energy Ltd,INE761Y01019,T
RATEGAIN,RateGain Travel Technologies Ltd,INE0CLI01024,A
SHRIRAMPPS,Shriram Properties Ltd,INE217L01019,B
JETFREIGHT,Jet Freight Logistics Ltd,INE982V01025,B
MAPMYINDIA,C.E. Info Systems Ltd,INE0BV301023,A
METROBRAND,Metro Brands Ltd,INE317I01021,A
MEDPLUS,Medplus Health Services Ltd,INE804L01022,A
DATAPATTNS,Data Patterns (India) Ltd,INE0IX101010,A
HPAL,HP Adhesives Ltd,INE0GSL01024,B
SUPRIYA,Supriya Lifescience Ltd,INE07RO01027,A
CLARA,Clara Industries Ltd,INE0JJS01014,M
WITS,Wherrelz IT Solutions Ltd,INE0IM001015,TS
MONQ50,Motilal Oswal Nasdaq Q 50 ETF,INF247L01AU3,B
MIDQ50ADD,DSP Nifty Midcap 150 Quality 50 ETF,INF740KA1QL0,B
NIFTYADD,DSP Nifty 50 ETF,INF740KA1CL0,B
CMSINFO,CMS Info Systems Ltd,INE925R01014,A
BCONCEPTS,Brand Concepts Ltd,INE977Y01011,B
ASCENSIVE,Ascensive Educare Ltd,INE0E4I01027,MS
FABINO,Fabino Enterprises Ltd,INE0DRT01018,MT
WEL,Wonder Electricals Ltd,INE02WG01024,B
AUTOIETF,ICICI Prudential Nifty Auto ETF,INF109KC10V2,B
ALKOSIGN,Alkosign Ltd,INE0KA601012,M
MAKEINDIA,Mirae Asset Nifty India Manufacturing ETF,INF769K01IB1,B
AWL,AWL Agri Business Ltd,INE699H01024,A
QRIL,Quality RO Industries Ltd,INE0KAF01018,M
SSTL,Safa Systems & Technologies Ltd,INE0JNA01014,M
DEVIT,Dev Information Technology Ltd,INE060X01034,B
MANYAVAR,Vedant Fashions Ltd,INE825V01034,A
SPITZE,Maruti Interior Products Ltd,INE0JSJ01014,MT
MOMOMENTUM,Motilal Oswal Nifty 200 Momentum 30 ETF,INF247L01BK2,B
SOFTTECH,Softtech Engineers Ltd,INE728Z01015,T
TECH,Aditya Birla Sunlife Nifty IT ETF,INF209KB11D8,B
HEALTHY,Aditya Birla Sun Life Nifty Healthcare ETF,INF209KB10C2,B
BSLNIFTY,Aditya Birla Sun Life Nifty 50 ETF,INF209KB19D1,B
EKENNIS,Ekennis Software Service Ltd,INE0KCM01010,MT
MIDCAPETF,Mirae Asset Nifty Midcap 150 ETF,INF769K01IC9,B
EUREKAFORB,Eureka Forbes Ltd,INE0KCE01017,A
GATEWAY,Gateway Distriparks Ltd,INE079J01017,B
GMRP&UI,GMR Power and Urban Infra Ltd,INE0CU601026,A
BCCL,Bhatia Colour Chem Ltd,INE0KQ001017,M
MSUMI,Motherson Sumi Wiring India Ltd,INE0FS801015,A
ACHYUT,Achyut Healthcare Ltd,INE0K1401020,B
EVOQ,Evoq Remedies Ltd,INE0JVD01011,M
MOLOWVOL,Motilal Oswal BSE Low Volatility ETF,INF247L01BL0,B
AVROIND,Avro India Ltd,INE652Z01025,B
UMAEXPORTS,Uma Exports Ltd,INE0GIU01018,B
VERANDA,Veranda Learning Solutions Ltd,INE0IQ001011,B
SEML,Sunrise Efficient Marketing Ltd,INE0KPY01017,M
DHYAANITR,Dhyaani Tradeventtures Ltd,INE0K5F01014,M
HARIOMPIPE,Hariom Pipe Industries Ltd,INE00EV01017,B
EIGHTY,Eighty Jewellers Ltd,INE0KSN01014,M
SFSL,Shashwat Furnishing Solutions Ltd,INE0JMN01019,M
GLHRL,Global Longlife Hospital and Research Ltd,INE0J2K01014,MT
FONE4,Fone4 Communications (India) Ltd,INE0L3H01014,M
NVENTURES,Nanavati Ventures Ltd,INE0E5R01017,M
CAMPUS,Campus Activewear Ltd,INE278Y01022,A
RAINBOW,Rainbow Children's Medicare Ltd,INE961O01016,A
SILVERTUC,Silver Touch Technologies Ltd,INE625X01026,B
LICI,Life Insurance Corporation of India,INE0J1Y01017,A
PRUDENT,Prudent Corporate Advisory Services Ltd,INE00F201020,A
VENUSPIPES,Venus Pipes & Tubes Ltd,INE0JA001018,B
DELHIVERY,Delhivery Ltd,INE148O01028,A
PARADEEP,Paradeep Phosphates Ltd,INE088F01024,A
TIERRA,Tierra Agrotech Ltd,INE05CY01014,X
ETHOSLTD,Ethos Ltd,INE04TZ01018,A
EMUDHRA,eMudhra Ltd,INE01QM01018,B
AETHER,Aether Industries Ltd,INE0BWX01014,A
WEWIN,We Win Ltd,INE082W01014,T
SILVERPRL,Silver Pearl Hospitality & Luxury Spaces Ltd,INE0KXN01014,M
SCARNOSE,Scarnose International Ltd,INE0IXR01019,M
GOEL,Goel Food Products Ltd,INE0K6L01010,MT
MODIS,Modis Navnirman Ltd,INE0L0L01012,B
PGCRL,Pearl Green Clubs and Resorts Ltd,INE0GTX01019,M
SAILANI,Sailani Tours N Travels Ltd,INE0KHQ01010,M
KESAR,Kesar India Ltd,INE0L1C01019,M
BRRL,B-Right Realestate Ltd,INE0IZQ01016,M
JAYANT,Jayant Infratech Ltd,INE0KR801019,M
VEERKRUPA,Veerkrupa Jewellers Ltd,INE0ID001024,M
HEALTHYLIFE,Healthy Life Agritec Ltd,INE0L3501015,M
DDEVPLSTIK,Ddev Plastiks Industries Ltd,INE0HR601026,B
MOHEALTH,Motilal Oswal BSE Healthcare ETF,INF247L01BB1,B
MOM30IETF,ICICI Prudential Nifty 200 Momentum 30 ETF,INF109KC17C7,B
HDFCNIF100,HDFC NIFTY 100 ETF,INF179KC1HR4,B
HDFCNEXT50,HDFC Mutual Fund,INF179KC1HS2,B
INFRAIETF,ICICI Prudential Nifty Infrastructure ETF,INF109KC16E5,B
SYRMA,Syrma SGS Technology Ltd,INE0DYJ01015,A
NIFTYQLITY,Aditya Birla Sun Life Nifty 200 Quality 30 ETF,INF209KB15K4,B
MOMENTUM,Aditya Birla Sun Life Nifty 200 Momentum 30 ETF,INF209KB14K7,B
MOVALUE,Motilal Oswal BSE Enhanced Value ETF,INF247L01BE5,B
MOQUALITY,Motilal Oswal BSE Quality ETF,INF247L01BH8,B
OLATECH,Olatech Solutions Ltd,INE0M3901015,M
RHETAN,Rhetan TMT Ltd,INE0KKN01029,B
DREAMFOLKS,Dreamfolks Services Ltd,INE0JS101016,B
DBOL,Dhampur Bio Organics Ltd,INE0I3401014,T
DPL,Dipna Pharmachem Ltd,INE0MC401013,M
EPBIO,EP Biocomposites Ltd,INE0D2I01014,M
TMB,Tamilnad Mercantile Bank Ltd,INE668A01016,A
VOEPL,Virtuoso Optoelectronics Ltd,INE0I0T01010,M
SISL,Shantidoot Infra Services Ltd,INE0LU301014,MT
KSOLVES,Ksolves India Ltd,INE0D6I01023,B
HARSHA,Harsha Engineers International Ltd,INE0JUS01029,B
HDFCQUAL,HDFC NIFTY100 Quality 30 ETF,INF179KC1DL6,B
CONTAINE,Containe Technologies Ltd,INE0M8901010,MT
HDFCGROWTH,HDFC NIFTY Growth Sectors 15 ETF,INF179KC1DJ0,B
HDFCVALUE,HDFC NIFTY50 Value 20 ETF,INF179KC1DK8,B
MAFIA,Mafia Trends Ltd,INE0KQQ01011,M
TIPSFILMS,Tips Films Ltd,INE0LQS01015,B
SRSOLTD,Silicon Rental Solutions Ltd,INE0MNV01014,MT
TLL,Trident Lifeline Ltd,INE0MKA01014,M
REETECH,Reetech International Ltd,INE0MKO01015,M
CARGOTRANS,Cargotrans Maritime Ltd,INE0M4L01013,M
CNCRD,Concord Control Systems Ltd,INE0N0J01014,M
INA,Insolation Energy Ltd,INE0LGX01024,B
CARGOSOL,Cargosol Logistics Ltd,INE0KZM01011,M
STML,Steelman Telecom Ltd,INE0MSK01016,M
VEDANTASSET,Vedant Asset Ltd,INE0NC801013,MT
EMIL,Electronics Mart India Ltd,INE02YR01019,A
HDFCLOWVOL,HDFC NIFTY100 Low Volatility 30 ETF,INF179KC1HU8,B
HDFCMOMENT,HDFC NIFTY200 Momentum 30 ETF,INF179KC1HV6,B
PPLPHARMA,Piramal Pharma Ltd,INE0DK501011,A
DCI,Dc Infotech and Communication Ltd,INE0A1101019,T
PACE,Pace E-Commerce Ventures Ltd,INE0N1L01018,MT
TRACXN,Tracxn Technologies Ltd,INE0HMF01019,B
NARMADA,Narmada Agrobase Ltd,INE117Z01011,B
INFOBEAN,Infobeans Technologies Ltd,INE344S01016,B
HPIL,Hindprakash Industries Ltd,INE05X901010,B
DCXINDIA,DCX Systems Ltd,INE0KL801015,B
DAPS,DAPS Advertising Ltd,INE975Z01012,MT
FUSION,Fusion Finance Ltd,INE139R01012,B
BIKAJI,Bikaji Foods International Ltd,INE00E101023,A
MEDANTA,Global Health Ltd,INE474Q01031,A
TECHNOPACK,Technopack Polymers Ltd,INE0MXP01015,M
ACI,Archean Chemical Industries Ltd,INE128X01021,A
FIVESTAR,Five-Star Business Finance Ltd,INE128S01021,A
KAYNES,Kaynes Technology India Ltd,INE918Z01012,A
HDFCNIFIT,HDFC NIFTY IT ETF,INF179KC1IA8,B
HDFCPVTBAN,HDFC NIFTY Private Bank ETF,INF179KC1HZ7,B
INOXGREEN,Inox Green Energy Services Ltd,INE510W01014,A
BBTCL,B&B Triplewall Containers Ltd,INE01EE01011,B
RUSTOMJEE,Keystone Realtors Ltd,INE263M01029,B
VINNY,Vinny Overseas Ltd,INE01KI01027,B
AAATECH,AAA Technologies Ltd,INE0D0U01013,B
FINIETF,ICICI Prudential Nifty Financial Services Ex-Bank ETF,INF109KC17L8,B
AMBOAGRI,Ambo Agritec Ltd,INE0N6V01016,M
SIRCA,Sirca Paints India Ltd,INE792Z01011,B
DHARMAJ,Dharmaj Crop Guard Ltd,INE00OQ01016,B
SARVESHWAR,Sarveshwar Foods Ltd,INE324X01026,T
UNIPARTS,Uniparts India Ltd,INE244O01017,B
GARGI,PNGS Gargi Fashion Jewellery Ltd,INE0NT601018,M
COMMOIETF,ICICI Prudential Nifty Commodities ETF,INF109KC19O8,B
SULA,Sula Vineyards Ltd,INE142Q01026,A
AFSL,Abans Financial Services Ltd,INE00ZE01026,B
DRONACHRYA,Droneacharya Aerial Innovations Ltd,INE0MQD01015,M
LANDMARK,Landmark Cars Ltd,INE559R01029,B
KFINTECH,KFin Technologies Ltd,INE138Y01010,A
ELIN,Elin Electronics Ltd,INE050401020,B
RADIANTCMS,Radiant Cash Management Services Ltd,INE855R01021,B
AVEER,Aveer Foods Ltd,INE09BN01011,X
BANKADD,DSP Nifty Bank ETF,INF740KA1RX3,B
AERONEU,Aeroflex Neu Ltd,INE035801013,B
REXSEAL,Rex Sealing and Packing Industries Ltd,INE0MFT01014,M
SVS,SVS Ventures Ltd,INE0MID01012,M
LOGICA,Logica Infoway Ltd,INE0BSU01018,M
KAMOPAINTS,Kamdhenu Ventures Ltd,INE0BTI01037,B
AARTIPHARM,Aarti Pharmalabs Ltd,INE0LRU01027,A
DHARNI,Dharni Capital Services Ltd,INE0M9Q01011,M
TRANSVOY,Transvoy Logistics India Ltd,INE0MPU01011,M
EARTH,Earthstahl & Alloys Ltd,INE0O4V01010,M
ASHIKA,Ashika Credit Capital Ltd,INE094B01013,B
BTML,Bodhi Tree Multimedia Ltd,INE0EEJ01023,B
NSLNISP,NMDC Steel Ltd,INE0NNS01018,A
INDONG,Indong Tea Company Ltd,INE0KN201016,M
HDFCBSE500,HDFC BSE 500 ETF,INF179KC1EZ4,B
HDFCSML250,HDFC NIFTY Smallcap 250 ETF,INF179KC1FB2,B
HDFCMID150,HDFC NIFTY Midcap 150 ETF,INF179KC1HT0,B
SEALMATIC,Sealmatic India Ltd,INE0O4601016,M
ROBU,Macfos Ltd,INE0OLH01013,M
PATRON,Patron Exim Ltd,INE0NPA01011,MT
SVJ,S. V. J. ENTERPRISES Ltd,INE0JZS01010,M
AMANAYA,Amanaya Ventures Ltd,INE0G1V01016,M
RESGEN,Resgen Ltd,INE0NYN01016,M
ITCONS,ITCONS E-Solutions Ltd,INE0O6A01019,MT
AIRAN,Airan Ltd,INE645W01026,B
DIVGIITTS,DIVGI TORQTRANSFER SYSTEMS Ltd,INE753U01022,B
PCL,Prospect Consumer Products Ltd,INE0OKG01017,M
PSUBNKIETF,ICICI Prudential Nifty PSU Bank ETF,INF109KC10S8,B
SUDARSHAN,Sudarshan Pharma Industries Ltd,INE00TV01023,MT
GSLSU,Global Surfaces Ltd,INE0JSX01015,B
LABELKRAFT,Labelkraft Technologies Ltd,INE0NLJ01011,M
BRIGHT,Bright Outdoor Media Ltd,INE0OMI01019,M
COMMAND,Command Polymers Ltd,INE0LKQ01012,MT
DEVLAB,Dev Labtech Venture Ltd,INE0NIJ01025,MT
AXSENSEX,AXIS S&P BSE SENSEX ETF,INF846K010Q0,B
LOWVOL,Mirae Asset Nifty 100 Low Volatility 30 ETF,INF769K01JU9,B
JAFINANCE,J.A. Finance Ltd,INE825B01010,XT
USK,Udayshivakumar Infra Ltd,INE0N0Y01013,B
MAIDEN,Maiden Forgings Ltd,INE0O1T01010,M
EXHICON,Exhicon Events Media Solutions Ltd,INE0O8901016,M
AVALON,Avalon Technologies Ltd,INE0LCL01028,A
SANCODE,Sancode Technologies Ltd,INE0P7001013,MT
BLAL,BEML Land Assets Ltd,INE0N7W01012,B
RHL,Robust Hotels Ltd,INE508K01013,B
RETINA,Retina Paints Ltd,INE0NTC01019,M
MANKIND,Mankind Pharma Ltd,INE634S01028,A
INNOKAIZ,Innokaiz India Ltd,INE0LDI01022,MT
AVG,AVG Logistics Ltd,INE680Z01018,B
ATALREAL,Atal Realtech Ltd,INE0ALR01029,B
PIGL,Power and Instrumentation (Gujarat) Ltd,INE557Z01018,B
SWATIPRO,Swati Projects Ltd,INE210F01016,X
PAVNAIND,Pavna Industries Ltd,INE07S101038,T
HSIL,Hemant Surgical Industries Ltd,INE0GYI01028,MT
SIGMA,Sigma Solve Ltd,INE0A0S01028,B
GHCLTEXTIL,GHCL Textiles Ltd,INE0PA801013,B
MKPL,M. K. Proteins Ltd,INE964W01021,B
CFF,CFF Fluid Control Ltd,INE0NJ001013,M
COMRADE,Comrade Appliances Ltd,INE0NXA01015,M
IKIO,IKIO Technologies Ltd,INE0LOJ01019,B
SONALIS,Sonalis Consumer Products Ltd,INE0N5O01013,M
BIZOTIC,Bizotic Commercial Ltd,INE0OJ401014,MT
ASIAN,Asian Warehousing Ltd,INE04Z101016,X
COSMICCRF,Cosmic CRF Ltd,INE0ORA01015,M
HMAAGRO,HMA Agro Industries Ltd,INE0ECP01024,B
URAVIDEF,Uravi Defence and Technology Ltd,INE568Z01015,B
VEEFIN,Veefin Solutions Ltd,INE0Q0M01015,M
IDEAFORGE,Ideaforge Technology Ltd,INE349Y01013,T
CYIENTDLM,Cyient DLM Ltd,INE055S01018,B
MACIND,Machhar Industries Ltd,INE01BT01015,X
ITADD,DSP Nifty IT ETF,INF740KA1SX1,B
SENCO,Senco Gold Ltd,INE602W01027,A
ALPHAIND,Alphalogic Industries Ltd,INE0NZF01019,M
ACCELERATE,Acceleratebs India Ltd,INE0POP01017,MT
KAKA,Kaka Industries Ltd,INE0P3N01018,M
JIOFIN,Jio Financial Services Ltd,INE758E01017,A
AHASOLAR,Ahasolar Technologies Ltd,INE0NEV01011,M
UTKARSHBNK,Utkarsh Small Finance Bank Ltd,INE735W01017,B
ASARFI,Asarfi Hospital Ltd,INE0DN001027,M
BANKETF,Mirae Asset Nifty Bank ETF,INF769K01KR3,B
NETWEB,Netweb Technologies India Ltd,INE0NT901020,A
SENSEXADD,DSP BSE Sensex ETF,INF740KA1SZ6,A
PSUBANKADD,DSP Nifty PSU Bank ETF,INF740KA1SY9,B
PVTBANKADD,DSP Nifty Private Bank ETF,INF740KA1TA7,B
YATHARTH,Yatharth Hospital & Trauma Care Services Ltd,INE0JO301016,A
NIITMTS,NIIT Learning Systems Ltd,INE342G01023,A
KHAZANCHI,Khazanchi Jewellers Ltd,INE0OWC01011,M
ATL,Allcargo Terminals Ltd,INE0NN701020,B
TREL,Transindia Real Estate Ltd,INE0O3901029,B
QUAL30IETF,ICICI Prudential Nifty 200 Quality 30 ETF,INF109KC18V5,B
REDTAPE,Redtape Ltd,INE0LXT01019,B
VLEGOV,VL E-Governance & IT Solutions Ltd,INE03HW01020,T
SBFC,SBFC Finance Ltd,INE423Y01016,A
CONCORDBIO,Concord Biotech Ltd,INE338H01029,A
DPWIRES,D.P. Wires Ltd,INE864X01013,B
SHELTER,Shelter Pharma Ltd,INE013V01011,M
TVSSCS,TVS Supply Chain Solutions Ltd,INE395N01027,A
PYRAMID,Pyramid Technoplast Ltd,INE0MIS01010,B
SHOORA,Shoora Designs Ltd,INE0OJZ01019,MT
BONDADA,Bondada Engineering Ltd,INE0Q8P01029,M
AEROFLEX,Aeroflex Industries Ltd,INE024001021,B
VPRPL,Vishnu Prakash R Punglia Ltd,INE0AE001013,T
MIDCAPBETA,UTI NIFTY MIDCAP 150 ETF,INF789F1AYX9,B
SHRAAITECH,Shradha AI Technologies Ltd,INE489B01031,X
RISHABH,Rishabh Instruments Ltd,INE0N2P01017,B
RATNAVEER,Ratnaveer Precision Engineering Ltd,INE05CZ01011,B
KAHAN,Kahan Packaging Ltd,INE04T901017,M
JLHL,Jupiter Life Line Hospitals Ltd,INE682M01012,A
RRKABEL,R R Kabel Ltd,INE777K01022,A
QUESTFLOW,Quest Flow Controls Ltd,INE0OYE01013,MT
EMSLIMITED,EMS Ltd,INE0OV601013,B
SAMHI,Samhi Hotels Ltd,INE08U801020,A
ZAGGLE,Zaggle Prepaid Ocean Services Ltd,INE07K301024,A
SOUTHWEST,South West Pinnacle Exploration Ltd,INE980Y01015,B
NUVAMA,Nuvama Wealth Management Ltd,INE531F01023,A
KALAMANDIR,Sai Silks (Kalamandir) Ltd,INE438K01021,B
SIGNATURE,Signatureglobal (India) Ltd,INE903U01023,A
TECHKGREEN,Techknowgreen Solutions Ltd,INE0P4P01011,M
YATRA,Yatra Online Ltd,INE0JR601024,B
ARCL,ARCL Organics Ltd,INE372M01010,X
JSWINFRA,JSW Infrastructure Ltd,INE880J01026,A
MVGJL,Manoj Vaibhav Gems N Jewellers Ltd,INE0KNT01012,B
UDS,Updater Services Ltd,INE851I01011,B
ORGANICREC,Organic Recycling Systems Ltd,INE0MIO01019,M
VALIANTLAB,Valiant Laboratories Ltd,INE0JWS01017,T
SENSEXETF,Mirae Asset S&P BSE Sensex ETF,INF769K01KT9,A
CCAL,City Crops Agro Ltd,INE0M7501019,MT
SUNITATOOL,Sunita Tools Ltd,INE0Q1S01010,MT
VIVAA,Vivaa Tradecom Ltd,INE0PA601017,M
PLAZACABLE,Plaza Wires Ltd,INE0INJ01017,T
IRMENERGY,IRM Energy Ltd,INE07U701015,B
ITETF,Mirae Asset Nifty IT ETF,INF769K01KV5,B
ALPHAETF,Mirae Asset Nifty 200 Alpha 30 ETF,INF769K01KU7,B
MAXESTATES,Max Estates Ltd,INE03EI01018,B
BLUEJET,Blue Jet Healthcare Ltd,INE0KBH01020,A
VPL,Vrundavan Plantation Ltd,INE0Q6901013,M
CELLO,Cello World Ltd,INE0LMW01024,A
KKSHL,KK Shah Hospitals Ltd,INE0OH401016,M
HONASA,Honasa Consumer Ltd,INE0J5401028,A
MISHDESIGN,Mish Designs Ltd,INE0QI101019,M
ESAFSFB,ESAF Small Finance Bank Ltd,INE818W01011,B
PROTEAN,Protean eGov Technologies Ltd,INE004A01022,A
ASKAUTOLTD,ASK Automotive Ltd,INE491J01022,B
KALYANI,Kalyani Cast-Tech Ltd,INE0N6U01018,MT
ARROWHEAD,Arrowhead Seperation Engineering Ltd,INE0PP401015,M
IREDA,Indian Renewable Energy Development Agency Ltd,INE202E01016,A
FEDFINA,Fedbank Financial Services Ltd,INE007N01010,B
TATATECH,Tata Technologies Ltd,INE142M01025,A
GANDHAR,Gandhar Oil Refinery (India) Ltd,INE717W01049,B
FLAIR,Flair Writing Industries Ltd,INE00Y201027,B
SPL,Swashthik Plascon Ltd,INE0RDR01012,M
DEEPAKCHEM,Deepak Chemtex Ltd,INE0RDM01013,M
AMIC,Amic Forging Ltd,INE0P9J01013,M
BAJEL,Bajel Projects Ltd,INE0KQN01018,B
INDIASHLTR,India Shelter Finance Corporation Ltd,INE922K01024,A
DOMS,DOMS Industries Ltd,INE321T01012,A
INOXINDIA,INOX India Ltd,INE616N01034,A
SIYARAM,Siyaram Recycling Industries Ltd,INE0QSK01017,MT
BENCHMARK,Benchmark Computer Solutions Ltd,INE0Q2Z01013,M
MOTISONS,Motisons Jewellers Ltd,INE0FRK01020,B
SURAJEST,Suraj Estate Developers Ltd,INE843S01025,B
MUTHOOTMF,Muthoot Microfin Ltd,INE046W01019,B
SMARITIME,Sahara Maritime Ltd,INE0PSJ01011,M
HAPPYFORGE,Happy Forgings Ltd,INE330T01021,B
MUFTI,Credo Brands Marketing Ltd,INE220Q01020,B
SHANTIDENM,Shanti Spintex Ltd,INE0QZQ01019,M
RBZJEWEL,RBZ Jewellers Ltd,INE0PEQ01016,B
AZAD,Azad Engineering Ltd,INE02IJ01035,A
SUNCLAY,Sundaram-Clayton Ltd,INE0Q3R01026,B
INNOVACAP,Innova Captab Ltd,INE0DUT01020,B
AIKPIPES,AIK Pipes and Polymers Ltd,INE0QFT01015,MT
MCPL,Manoj Ceramic Ltd,INE0A6N01026,MT
SBVCL,Shri Balaji Valve Components Ltd,INE0RNZ01014,M
DIGIDRIVE,Digidrive Distributors Ltd,INE0PSC01024,B
SHILINDORE,Sayaji Hotels (Indore) Ltd,INE0MGS01014,X
JYOTICNC,Jyoti CNC Automation Ltd,INE980O01024,A
SWANAGRO,New Swan Multitech Ltd,INE0GEN01012,M
SHREE,Shree Marutinandan Tubes Ltd,INE0QIS01011,M
MEDIASSIST,Medi Assist Healthcare Services Ltd,INE456Z01021,A
SHPLPUNE,Sayaji Hotels (Pune) Ltd,INE07G501017,X
QLL,Qualitek Labs Ltd,INE0Q1R01012,M
NIFTYBETF,Bajaj Finserv Nifty 50 ETF,INF0QA701722,B
BANKBETF,Bajaj Finserv Nifty Bank ETF,INF0QA701714,B
EUPHORIAIT,Euphoria Infotech (India) Ltd,INE0PYT01018,M
EPACK,EPACK Durable Ltd,INE0G5901015,A
NOVAAGRI,Nova Agritech Ltd,INE02H701025,B
BRISK,Brisk Technovision Ltd,INE0Q6L01014,M
ITBETA,UTI NIFTY IT ETF,INF789F1AZD8,B
HARSHDEEP,Harshdeep Hortico Ltd,INE0OLZ01015,M
MCFL,Mayank Cattle Food Ltd,INE0R5Z01015,M
BLSE,BLS E-Services Ltd,INE0NLT01010,B
GPSL,Gabriel Pet Straps Ltd,INE0QZF01012,M
HEALTHADD,DSP Nifty Healthcare ETF,INF740KA1UF4,B
HDFCPSUBK,HDFC Nifty PSU Bank ETF,INF179KC1HW4,B
PARKHOTELS,Apeejay Surrendra Park Hotels Ltd,INE988S01028,B
JGTL,Jasch Gauging Technologies Ltd,INE0QXV01014,X
SIGNPOST,Signpost India Ltd,INE0KGZ01021,B
JSFB,Jana Small Finance Bank Ltd,INE953L01027,A
RPTECH,Rashi Peripherals Ltd,INE0J1F01024,B
CAPITALSFB,Capital Small Finance Bank Ltd,INE646H01017,B
RUDRAGAS,Rudra Gas Enterprise Ltd,INE0OYK01010,M
ENTERO,Entero Healthcare Solutions Ltd,INE010601016,B
LICNMID100,LIC MF Nifty Midcap 100 ETF,INF767K01RN1,B
VSTL,Vibhor Steel Tubes Ltd,INE0QTF01015,B
JUNIPER,Juniper Hotels Ltd,INE696F01016,B
SMALLCAP,Mirae Asset Nifty Smallcap 250 Momentum Quality 100 ETF,INF769K01LC3,B
GPTHEALTH,GPT Healthcare Ltd,INE486R01017,B
EXICOM,Exicom Tele-Systems Ltd,INE777F01014,B
PLATIND,Platinum Industries Ltd,INE0PT501018,B
MUKKA,Mukka Proteins Ltd,INE0CG401037,B
RKSWAMY,R K Swamy Ltd,INE0NQ801033,B
JGCHEM,J.G.Chemicals Ltd,INE0MB501011,B
KOURA,Koura Fine Diamond Jewelry Ltd,INE0M8R01011,M
GOPAL,Gopal Snacks Ltd,INE0L9R01028,B
PESB,Pune E - Stock Broking Ltd,INE510U01018,MT
SCILAL,Shipping Corporation of India Land and Assets Ltd,INE0PB301013,B
ROYAL,Royal Sense Ltd,INE0QQG01019,M
PVSL,Popular Vehicles and Services Ltd,INE772T01024,B
KRYSTAL,Krystal Integrated Services Ltd,INE0QN801017,B
KPGEL,KP Green Engineering Ltd,INE0QVH01025,M
CHATHA,Chatha Foods Ltd,INE0AH901011,M
GCONNECT,Gconnect Logitech and Supply Chain Ltd,INE0QHY01011,M
VRUDDHI,Vruddhi Engineering Works Ltd,INE0OMZ01013,M
SRM,SRM Contractors Ltd,INE0R6Z01013,B
JAYKAILASH,Jay Kailash Namkeen Ltd,INE0MSS01019,MT
DPABHUSHAN,D.P. Abhushan Ltd,INE266Y01019,B
BHARTIHEXA,Bharti Hexacom Ltd,INE343G01021,A
GVL,Greenhitech Ventures Ltd,INE0S0701019,M
FAALCON,Faalcon Concepts Ltd,INE0Q9W01015,M
SHIVAM,Shivam Chemicals Ltd,INE0SGR01013,M
EMMFORCE,Emmforce Autotech Ltd,INE0SDC01012,M
JNKINDIA,JNK India Ltd,INE0OAF01028,B
VARYAA,Varyaa Creations Ltd,INE0R6801013,M
AMKAY,Amkay Products Ltd,INE0QSB01016,M
DKUAL,Dolphin Kitchen Utensils and Appliances Ltd,INE0QXT01018,M
STAL,Storage Technologies and Automation Ltd,INE0RGM01016,M
INDGN,Indegene Ltd,INE065X01017,A
FTL,Finelistings Technologies Ltd,INE0QOQ01013,MT
TBOTEK,TBO TEK Ltd,INE673O01025,A
TGIF,TGIF Agribusiness Ltd,INE0SMU01015,M
AADHARHFC,Aadhar Housing Finance Ltd,INE883F01010,A
AZTEC,Aztec Fluids & Machinery Ltd,INE0SCB01016,M
PIOTEX,Piotex Industries Ltd,INE0R4W01015,M
GODIGIT,Go Digit General Insurance Ltd,INE03JT01014,A
MIDSMALL,Mirae Asset Nifty Midsmallcap400 Momentum Quality 100 ETF,INF769K01LJ8,B
AWFIS,Awfis Space Solutions Ltd,INE108V01019,A
ASSOCIATED,Associated Coaters Ltd,INE0RIQ01013,M
BOROSCI,Borosil Scientific Ltd,INE02L001032,B
ADTECH,Adtech Systems Ltd,INE257C01014,X
TOTEM,Forbes Precision Tools and Machine Parts Ltd,INE0TT901016,X
KRONOX,Kronox Lab Sciences Ltd,INE0ATZ01017,B
MAGENTA,Magenta Lifecare Ltd,INE0QZ901011,M
SATTRIX,Sattrix Information Security Ltd,INE0QUV01010,MT
3CIT,3C IT Solutions and Telecoms (India) Ltd,INE0R7D01018,M
PURPLEFIN,Purple Finance Ltd,INE0CYK01015,X
IXIGO,Le Travenues Technology Ltd,INE0HV901016,A
MID150CASE,ZERODHA NIFTY MIDCAP 150 ETF,INF0R8F01059,B
TOP100CASE,ZERODHA NIFTY 100 ETF,INF0R8F01067,B
COTFAB,United Cotfab Ltd,INE0S0I01011,M
BBNPNBETF,Baroda BNP Paribas Nifty Bank ETF,INF251K01TL6,B
RETAIL,JHS Svendgaard Retail Ventures Ltd,INE03DD01011,B
DEEDEV,Dee Development Engineers Ltd,INE841L01016,T
GEMENVIRO,GEM Enviro Management Ltd,INE0RUJ01013,M
AFIL,Akme Fintrade (India) Ltd,INE916Y01027,T
DFPL,Dindigul Farm Product Ltd,INE0S6R01027,MT
STANLEY,Stanley Lifestyles Ltd,INE01A001028,B
ABDL,Allied Blenders and Distillers Ltd,INE552Z01027,A
VRAJ,Vraj Iron And Steel Ltd,INE0S2V01010,B
NPL,National Peroxide Ltd,INE0PO601011,XT
RELIABLE,Reliable Data Services Ltd,INE375Y01018,B
BANSALWIRE,Bansal Wire Industries Ltd,INE0B9K01025,B
EMCURE,Emcure Pharmaceuticals Ltd,INE168P01015,A
EVINDIA,Mirae Asset Nifty EV and New Age Automotive ETF,INF769K01LQ3,B
ACLD,Aelea Commodities Ltd,INE0T3401029,M
THREEMPAPE,Three M Paper Boards Ltd,INE0UK501010,M
SBINEQWETF,SBI NIFTY50 EQUAL WEIGHT ETF,INF200KB1282,B
OILIETF,ICICI Prudential Nifty Oil & Gas ETF,INF109KC18W3,B
SANSTAR,Sanstar Ltd,INE08NE01025,B
ABSLPSE,Aditya Birla Sun Life Nifty PSE ETF,INF209KB19Z4,B
VVIPIL,VVIP Infratech Ltd,INE0MNP01016,M
CTLLAB,Clinitech Laboratory Ltd,INE0QMR01015,M
KIZI,Kizi Apparels Ltd,INE0RMR01013,M
AKUMS,Akums Drugs and Pharmaceuticals Ltd,INE09XN01023,B
CEIGALL,Ceigall India Ltd,INE0AG901020,B
AFCOM,Afcom Holdings Ltd,INE0OXY01013,M
OLAELEC,Ola Electric Mobility Ltd,INE0LXG01040,A
FIRSTCRY,Brainbees Solutions Ltd,INE02RE01045,A
UNIECOM,Unicommerce Esolutions Ltd,INE00U401027,B
METALIETF,ICICI Prudential Nifty Metal ETF,INF109KC19W1,B
SSDL,Saraswati Saree Depot Ltd,INE0PQ101010,B
BROACH,Broach Lifecare Hospital Ltd,INE0SFZ01018,M
INTERARCH,Interarch Building Solutions Ltd,INE00M901018,B
MFML,Mahalaxmi Fabric Mills Ltd,INE0US801024,B
GLOBALE,Globale Tessile Ltd,INE0URU01010,T
ORIENTTECH,Orient Technologies Ltd,INE0PPK01015,B
RAL,Resourceful Automobile Ltd,INE0SK201011,MT
RAPID,Rapid Multimodal logistics Ltd,INE0QA901010,MT
PREMIERENE,Premier Energies Ltd,INE0BS701011,A
ECOSMOBLTY,ECOS (India) Mobility & Hospitality Ltd,INE06HJ01020,B
RAYMONDLSL,Raymond Lifestyle Ltd,INE02ID01020,A
MULTICAP,Mirae Asset Nifty500 Multicap 50:25:25 ETF,INF769K01LX9,B
TRAVELS,Travels & Rentals Ltd,INE0SG001011,MT
STYLEBAAZA,Baazar Style Retail Ltd,INE01FR01028,T
GALAPREC,Gala Precision Engineering Ltd,INE0RE001014,B
NHL,Naturewings Holidays Ltd,INE0N4701016,M
RVTH,Revathi Equipment India Ltd,INE0DAB01012,B
TOP10ADD,DSP Nifty Top 10 Equal Weight ETF,INF740KA1UR9,B
MCEL,Mach Conferences And Events Ltd,INE0UYT01018,M
BALAJEE,Shree Tirupati Balajee Agro Trading Company Ltd,INE0S2G01011,B
SANOFICONR,Sanofi Consumer Healthcare India Ltd,INE0UOS01011,A
SSL,Share Samadhan Ltd,INE0LY301010,M
BAJAJHFL,Bajaj Housing Finance Ltd,INE377Y01014,A
KROSS,Kross Ltd,INE0O6601022,B
TOLINS,Tolins Tyres Ltd,INE0RWQ01014,B
PNGJL,P N Gadgil Jewellers Ltd,INE953R01016,B
SAFE,Sodhani Academy of Fintech Enablers Ltd,INE0Q3401017,M
WCIL,Western Carriers (India) Ltd,INE0CJF01024,B
PFL,Popular Foundations Ltd,INE0PZB01013,M
NORTHARC,Northern Arc Capital Ltd,INE850M01015,A
ARKADE,Arkade Developers Ltd,INE0QRL01017,B
MANBA,Manba Finance Ltd,INE939X01013,B
KRN,KRN Heat Exchanger And Refrigeration Ltd,INE0Q3J01015,T
DIFFNKG,Diffusion Engineers Ltd,INE184O01015,B
NEXXUS,Nexxus Petro Industries Ltd,INE0QUL01011,M
BANKPSU,Mirae Asset Nifty PSU Bank ETF,INF769K01LZ4,B
SUBAM,Subam Papers Ltd,INE0U6201010,M
METAL,Mirae Asset Nifty Metal ETF,INF769K01LY7,B
NPFL,Neopolitan Pizza And Foods Ltd,INE471R01019,M
KGVL,Khyati Global Ventures Ltd,INE0S9501014,M
GARUDA,Garuda Construction and Engineering Ltd,INE0JVO01026,B
SHIVTEXCHEM,Shiv Texchem Ltd,INE0YRO01015,MT
MGEL,Mangalam Global Enterprise Ltd,INE0APB01032,B
HYUNDAI,Hyundai Motor India Ltd,INE0V6F01027,A
VAL30IETF,ICICI Prudential Nifty200 Value 30 ETF,INF109KC16X5,B
DBEIL,Deepak Builders and Engineers India Ltd,INE0OPA01019,B
WAAREEENER,Waaree Energies Ltd,INE377N01017,A
OCCLLTD,OCCL Ltd,INE0PK601023,B
GODAVARIB,Godavari Biorefineries Ltd,INE497S01012,B
AFCONS,Afcons Infrastructure Ltd,INE101I01011,A
ABINFRA,A B Infrabuild Ltd,INE00YB01025,B
SAGILITY,Sagility Ltd,INE0W2G01015,A
ACMESOLAR,ACME Solar Holdings Ltd,INE622W01025,A
SWIGGY,Swiggy Ltd,INE00H001014,A
NIVABUPA,Niva Bupa Health Insurance Company Ltd,INE995S01015,A
MANGALCOMP,Mangal Compusolution Ltd,INE0RU901015,M
BLACKBUCK,Black Buck Ltd,INE0UIZ01018,A
NTPCGREEN,NTPC Green Energy Ltd,INE0ONG01011,A
EIEL,Enviro Infra Engineers Ltd,INE0LLY01014,A
RAJESH,Rajesh Power Services Ltd,INE0VN801010,M
ONESOURCE,Onesource Specialty Pharma Ltd,INE013P01021,A
SURAKSHA,Suraksha Diagnostic Ltd,INE877V01027,B
ROSSTECH,Rossell Techsys Ltd,INE0OJW01016,B
NISUS,Nisus Finance Services Co Ltd,INE0DQN01013,M
ODIGMA,Odigma Consultancy Solutions Ltd,INE054301028,B
INNOVANA,Innovana Thinklabs Ltd,INE403Y01018,B
TTC,Toss The Coin Ltd,INE0XAY01012,M
JUNGLECAMP,Jungle Camps India Ltd,INE0WCH01015,M
MOBIKWIK,One Mobikwik Systems Ltd,INE0HLU01028,B
SAILIFE,Sai Life Sciences Ltd,INE570L01029,A
VMM,Vishal Mega Mart Ltd,INE01EA01019,A
HILLTONE,Hilltone Software and Gases Ltd,INE168C01013,X
IKS,Inventurus Knowledge Solutions Ltd,INE115Q01022,A
YASHHV,Yash Highvoltage Ltd,INE00GK01023,M
IGIL,International Gemological Institute Ltd,INE0Q9301021,A
HAMPS,Hamps Bio Ltd,INE0QBD01018,MT
NACDAC,NACDAC Infrastructure Ltd,INE0LB101011,M
SANATHAN,Sanathan Textiles Ltd,INE0JPD01013,B
CEWATER,Concord Enviro Systems Ltd,INE037Z01029,B
DAMCAPITAL,DAM Capital Advisors Ltd,INE284H01025,B
TRANSRAILL,Transrail Lighting Ltd,INE454P01035,A
MAMATA,Mamata Machinery Ltd,INE0TO701015,B
SENORES,Senores Pharmaceuticals Ltd,INE0RB801010,B
CARRARO,Carraro India Ltd,INE0V7W01012,B
VENTIVE,Ventive Hospitality Ltd,INE781S01027,B
UNIMECH,Unimech Aerospace and Manufacturing Ltd,INE0U3I01011,B
CONSUMER,Mirae Asset Nifty India New Age Consumption ETF,INF769K01NS5,B
CITICHEM,Citichem India Ltd,INE0A8401016,M
ITCHOTELS,ITC Hotels Ltd,INE379A01028,A
ECAPINSURE,Edelweiss BSE Capital Markets & Insurance ETF,INF754K01TX4,B
TECHNICHEM,Technichem Organics Ltd,INE0ZHT01012,M
INDOFARM,Indo Farm Equipment Ltd,INE622H01018,B
VANDU,Leo Dryfruits & Spices Trading Ltd,INE0RH001011,M
PARMESHWAR,Parmeshwar Metal Ltd,INE0QQJ01021,MT
DAVIN,Davin Sons Retail Ltd,INE0Q2L01013,M
FABCLEAN,Fabtech Technologies Cleanrooms Ltd,INE0HSD01011,M
SETL,Standard Engineering Technology Ltd,INE0M4D01010,B
INDOBELL,Indobell Insulations Ltd,INE0FK501019,MT
BRGIL,B.R.Goyal Infrastructure Ltd,INE00ST01011,M
QUADFUTURE,Quadrant Future Tek Ltd,INE0LRY01011,B
AVAX,Avax Apparels and Ornaments Ltd,INE0NQ401024,MT
LAXMIDENTL,Laxmi Dental Ltd,INE0WO601020,B
RIKHAV,Rikhav Securities Ltd,INE0CFH01028,M
LGLL,Landmark Global Learning Ltd,INE12QA01010,M
STALLION,Stallion India Fluorochemicals Ltd,INE0RYC01010,B
CNINFOTECH,Capitalnumbers Infotech Ltd,INE0WXM01011,M
SHRIPISTON,Shriram Pistons & Rings Ltd,INE526E01018,A
DENTA,Denta Water and Infra Solutions Ltd,INE0R4L01018,B
RRECL,RDB Real Estate Constructions Ltd,INE0AK901016,X
CLN,CLN Energy Ltd,INE0WDX01010,M
GBLOGISTIC,GB Logistics Commerce Ltd,INE0RWU01016,M
HMEML,H.M. Electro Mech Ltd,INE0DZD01015,M
AGARWALEYE,Dr. Agarwals Health Care Ltd,INE943P01029,A
MALPANI,Malpani Pipes And Fittings Ltd,INE0YON01014,M
NEXT30ADD,DSP BSE Sensex Next 30 ETF,INF740KA1VE5,B
AMWILL,Amwill Health Care Ltd,INE0U2L01017,MT
SOLARIUM,Solarium Green Energy Ltd,INE0W0H01017,M
JUBLCPL,Jubilant Agri and Consumer Products Ltd,INE03CC01015,B
AJAXENGG,AJAX Engineering Ltd,INE274Y01021,B
COVANCE,Covance Softsol Ltd,INE0R8101016,XT
HEXT,Hexaware Technologies Ltd,INE093A01041,A
BAJAJINDEF,Indef Manufacturing Ltd,INE0O9T01021,B
SHANMUGA,Shanmuga Hospital Ltd,INE0TD301017,M
LKMEHTA,L.K.Mehta Polymers Ltd,INE0FFF01017,M
QPOWER,Quality Power Electrical Equipments Ltd,INE0SII01026,T
SWASTH,Swasth Foodtech India Ltd,INE0TIR01017,M
BEEZAASAN,Beezaasan Explotech Ltd,INE13VU01016,M
NUKLEUS,Nukleus Office Solutions Ltd,INE0VYX01018,M
VIKRAMAR,Vikram Aroma Ltd,INE0NR501012,X
SHREENATH,Shreenath Paper Products Ltd,INE0RXS01018,M
NAPSGLOBAL,NAPS Global India Ltd,INE0VNH01014,M
SELECTIPO,Mirae Asset BSE Select IPO ETF,INF769K01ON4,B
EQUAL200,Mirae Asset BSE 200 Equal Weight ETF,INF769K01OA1,B
PSPL,PDP Shipping & Projects Ltd,INE0ABU01016,M
PRABHA,Prabha Energy Ltd,INE0I0M01023,B
SUPERIRON,Super Iron Foundry Ltd,INE16IQ01014,MT
AXISVALUE,Axis Nifty500 Value 50 ETF,INF846KA1119,B
PPARIVAH,Paradeep Parivahan Ltd,INE0SMW01011,M
SBIBPB,SBI BSE PSU BANK ETF,INF200KB1712,B
SPECTRUM,Spectrum Electrical Industries Ltd,INE01EO01010,B
DESCO,Desco Infratech Ltd,INE0TGG01014,MT
IDENTIXWEB,Identixweb Ltd,INE0PA401012,M
ENRIN,Siemens Energy India Ltd,INE1NPP01017,B
RETAGGIO,Retaggio Industries Ltd,INE0KWJ01014,MT
SPINAROO,Spinaroo Commercial Ltd,INE10XX01012,MT
INFONATIVE,Infonative Solutions Ltd,INE12IB01015,M
EVIETF,ICICI Prudential Nifty EV & New Age Automotive ETF,INF109K1A153,B
STLNETWORK,STL Networks Ltd,INE1VXE01018,T
NPST,Network People Services Technologies Ltd,INE0FFK01017,B
ATHERENERG,Ather Energy Ltd,INE0LEZ01016,B
KENRIK,Kenrik Industries Ltd,INE0AOG01018,M
SRIGEE,Srigee Dlm Ltd,INE0RJ901010,M
MANOJJEWEL,Manoj Jewellers Ltd,INE0MV001018,M
EQUAL50,Mirae Asset Nifty50 Equal Weight ETF,INF769K01OO2,B
JASH,Jash Engineering Ltd,INE039O01029,B
ABLBL,Aditya Birla Lifestyle Brands Ltd,INE14LE01019,B
BORANA,Borana Weaves Ltd,INE16SF01016,B
BELRISE,Belrise Industries Ltd,INE894V01022,B
UNIFIED,Unified Data Tech Solutions Ltd,INE1ABX01018,M
AEGISVOPAK,Aegis Vopak Terminals Ltd,INE0INX01018,B
THELEELA,Leela Palaces Hotels & Resorts Ltd,INE0AQ201015,B
ASTONEALAB,Astonea Labs Ltd,INE0TG901011,M
PROSTARM,Prostarm Info Systems Ltd,INE0BX301013,B
SCODATUBES,Scoda Tubes Ltd,INE090501011,B
3BFILMS,3B Films Ltd,INE0TE101010,MT
DIGITIDE,Digitide Solutions Ltd,INE0U4701011,B
BLUSPRING,Bluspring Enterprises Ltd,INE0U4101014,B
SNXT30BEES,Nippon India BSE Sensex Next 30 ETF,INF204KC1EZ3,B
KRISHIVAL,Krishival Foods Ltd,INE0GGO01015,B
ATENPAPERS,Aten Papers & Foam Ltd,INE0XCV01014,MT
OSWALPUMPS,Oswal Pumps Ltd,INE0BYP01024,B
ARIS,ArisInfra Solutions Ltd,INE0H9P01028,B
RAYMONDREL,Raymond Realty Ltd,INE1SY401010,B
ELLEN,Ellenbarrie Industrial Gases Ltd,INE236E01022,B
ABRFL,Abram Food Ltd,INE0ZDY01011,M
KALPATARU,Kalpataru Ltd,INE227J01012,B
GLOBECIVIL,Globe Civil Projects Ltd,INE0V3U01015,T
AJCJEWEL,AJC Jewel Manufacturers Ltd,INE0XRR01010,M
ICON,Icon Facilitators Ltd,INE0Y0E01012,MT
TOP15IETF,ICICI Prudential Nifty Top 15 Equal Weight ETF,INF109K1A344,B
SEVL,Supertech Ev Ltd,INE0SC101013,M
HDBFS,HDB Financial Services Ltd,INE756I01012,B
SAMBHV,Sambhv Steel Tubes Ltd,INE12NJ01018,B
ACEALPHA,Ace Alpha Tech Ltd,INE0S9X01011,M
IGCL,Indogulf Cropsciences Ltd,INE05J901018,B
VALINDIA,Valencia India Ltd,INE130701019,M
NEETUYOSHI,Neetu Yoshi Ltd,INE0UZO01024,M
ADCOUNTY,Adcounty Media India Ltd,INE0W1601012,M
VANDAN,Vandan Foods Ltd,INE0RDJ01019,M
MARCLOIRE,Marc Loire Fashions Ltd,INE0TBQ01014,MT
INTERNET,Mirae Asset Nifty India Internet ETF,INF769K01PB6,B
CRIZAC,Crizac Ltd,INE0S4R01014,B
CRYOGENIC,Cryogenic Ogs Ltd,INE0TL001013,M
METAINFO,Meta Infotech Ltd,INE162901016,M
CHEMKART,Chemkart India Ltd,INE0VWL01017,MT
TRAVELFOOD,Travel Food Services Ltd,INE103V01028,B
GLEN,Glen Industries Ltd,INE0UMC01019,M
APL,Asston Pharmaceuticals Ltd,INE0SJX01015,M
ADVENTHTL,Advent Hotels International Ltd,INE28GN01010,B
SMARTWORKS,Smartworks Coworking Spaces Ltd,INE0NAZ01010,B
PASHUPATI,Pashupati Cotspin Ltd,INE124Y01028,B
ANTHEM,Anthem Biosciences Ltd,INE0CZ201020,B
CHEMBONDCH,Chembond Chemicals Ltd,INE0TGX01019,T
MONIKA,Monika Alcobev Ltd,INE0LCG01010,M
SWASTIKAAL,Swastika Castal Ltd,INE0PTF01017,M
MSECL,Monarch Surveyors and Engineering Consultants Ltd,INE0V0L01028,MT
INDIQUBE,Indiqube Spaces Ltd,INE06ST01018,B
EBGNG,GNG Electronics Ltd,INE18JU01028,B
RMDRIP,R M Drip and Sprinklers Systems Ltd,INE219Y01026,B
BRIGHOTEL,Brigade Hotel Ventures Ltd,INE03NU01014,B
SHREEREF,Shree Refrigerations Ltd,INE0FMZ01045,M
SHANTIGOLD,Shanti Gold International Ltd,INE06ZD01017,B
PATELCHEM,Patel Chem Specialities Ltd,INE161701011,M
EUROBOND,Euro Panel Products Ltd,INE505V01016,B
REPONO,Repono Ltd,INE15WN01014,M
UML,Umiya Mobile Ltd,INE1P1A01018,M
LAXMIINDIA,Laxmi India Finance Ltd,INE06WU01026,T
CPPLUS,Aditya Infotech Ltd,INE819V01029,B
NSDL,National Securities Depository Ltd,INE301O01023,B
BDI,B. D. Industries (Pune) Ltd,INE1LJ801017,M
LOTUSDEV,Sri Lotus Developers and Realty Ltd,INE0V9Q01010,B
MBEL,M & B Engineering Ltd,INE08N601015,B
TAKYON,Takyon Networks Ltd,INE14OX01013,M
MEHUL,Mehul Colours Ltd,INE1KH601014,M
GROWWPOWER,Groww BSE Power ETF,INF666M01LM6,B
BLT,BLT Logistics Ltd,INE0W4K01013,M
ESSEX,Essex Marine Ltd,INE1IBY01019,MT
JSLL,Jeena Sikho Lifecare Ltd,INE0J5801029,B
HILINFRA,Highway Infrastructure Ltd,INE00RL01028,T
ALLTIME,All Time Plastics Ltd,INE0GV601021,B
JSWCEMENT,JSW Cement Ltd,INE718I01012,B
STARIMAGIN,Star Imaging And Path Lab Ltd,INE0YG001013,MT
ICODEX,Icodex Publishing Solutions Ltd,INE111601014,M
BLUESTONE,BlueStone Jewellery and Lifestyle Ltd,INE304W01038,B
REGAAL,Regaal Resources Ltd,INE0MHO01029,T
PATELRMART,Patel Retail Ltd,INE0R8B01010,B
VIKRAMSOLR,Vikram Solar Ltd,INE078V01014,B
LGT,LGT Business Connextions Ltd,INE191201016,M
SHREEJISPG,Shreeji Shipping Global Ltd,INE1B6101010,B
GEMAROMA,Gem Aromatics Ltd,INE06XZ01023,T
MEIL,Mangal Electrical Industries Ltd,INE0PKD01011,T
MANUFGBEES,Nippon India Nifty India Manufacturing ETF,INF204KC1GH6,B
GLOBTIER,Globtier Infotech Ltd,INE12P601017,MT
NISMGMT,NIS Management Ltd,INE0M3X01010,M
VIKRAN,Vikran Engineering Ltd,INE01R501028,B
AHCL,Anlon Healthcare Ltd,INE0Y8W01025,B
OVAL,Oval Projects Engineering Ltd,INE0RTI01017,M
CPEDU,Career Point Edutech Ltd,INE0P6P01016,B
ABRIL,Abril Paper Tech Ltd,INE15MX01014,M
SUGSLLOYD,Sugs Lloyd Ltd,INE0XX801016,MT
AMANTA,Amanta Healthcare Ltd,INE084K01015,B
RACHIT,Rachit Prints Ltd,INE0ZN101029,MT
GOELCONS,Goel Construction Company Ltd,INE0ZOM01013,M
AUSTERE,Austere Systems Ltd,INE104201012,M
SHARVAYA,Sharvaya Metals Ltd,INE0UJF01018,M
SML100CASE,Zerodha Nifty Smallcap 100 ETF,INF0R8F01141,B
VASHISHTHA,Vashishtha Luxury Fashion Ltd,INE0WRP01016,M
KRUPALU,Krupalu Metals Ltd,INE0XZB01017,M
NCML,Nilachal Carbo Metalicks Ltd,INE346R01013,M
KARBON,Karbonsteel Engineering Ltd,INE0V8A01016,M
SHRINGARMS,Shringar House of Mangalsutra Ltd,INE1B3L01017,B
DEVX,Dev Accelerator Ltd,INE0VOV01021,B
CITYSQUARE,Jay Ambe Supermarkets Ltd,INE1DRH01011,MT
URBANCO,Urban Company Ltd,INE0CAZ01013,B
AIRFLOA,Airfloa Rail Technology Ltd,INE0XBS01012,M
BUILDPRO,Shankara Buildpro Ltd,INE24OJ01011,B
LTELEVATOR,L. T. Elevator Ltd,INE0TJ801010,M
EUROPRATIK,Euro Pratik Sales Ltd,INE198501012,B
SAMPAT,Sampat Aluminium Ltd,INE10XS01012,M
VMSTMT,VMS TMT Ltd,INE0SJA01013,T
ABCOTS,A B Cotspin India Ltd,INE08PH01015,B
IVALUE,Ivalue Infosolutions Ltd,INE056801025,B
JDCABLES,JD Cables Ltd,INE14VP01014,M
GKENERGY,GK Energy Ltd,INE1AG301022,B
SAATVIKGL,Saatvik Green Energy Ltd,INE13B501022,B
ATLANTAELE,Atlanta Electricals Ltd,INE0Z4F01028,B
GANESHCP,Ganesh Consumer Products Ltd,INE652V01016,B
APPL,Aptus Pharma Ltd,INE15XJ01010,MT
ARSSBL,Anand Rathi Share And Stock Brokers Ltd,INE549H01021,B
TRUECOLORS,True Colors Ltd,INE1LDV01015,M
SOLARWORLD,Solarworld Energy Solutions Ltd,INE0TY101024,B
STYL,Seshaasai Technologies Ltd,INE04VU01023,B
JARO,Jaro Institute of Technology Management and Research Ltd,INE00YJ01010,B
BHARATROHAN,Bharatrohan Airborne Innovations Ltd,INE0QMV01017,M
WEALTH,Wealth First Portfolio Managers Ltd,INE658T01017,B
JAINREC,Jain Resource Recycling Ltd,INE0YD401026,B
PRARUH,Praruh Technologies Ltd,INE0TI501017,M
SOLVEX,Solvex Edibles Ltd,INE1IIQ01028,MT
EPACKPEB,Epack Prefab Technologies Ltd,INE0MLS01022,B
SYSTEMATIC,Systematic Industries Ltd,INE1KLZ01011,MT
JUSTO,Justo Realfintech Ltd,INE0W5Q01017,M
BMWVENTLTD,BMW Ventures Ltd,INE965W01036,B
TELGE,Telge Projects Ltd,INE0SRP01014,M
TRUALT,Trualt Bioenergy Ltd,INE0MWH01014,B
CHTR,Chatterbox Technologies Ltd,INE1B4801017,MT
JKIPL,Jinkushal Industries Ltd,INE1FF001016,T
GPAPL,Gujarat Peanut And Agri Products Ltd,INE0SIK01014,M
EARKART,Earkart Ltd,INE1A8F01035,M
PACEDIGITK,Pace Digitek Ltd,INE0S3G01027,B
BHAVIK,Bhavik Enterprises Ltd,INE18PB01017,M
RDGAIL,Rukmani Devi Garg Agro Impex Ltd,INE0S5T01017,M
MPKSTEELS,M P K Steels (I) Ltd,INE1PJP01015,M
KVSCASTING,KVS Castings Ltd,INE163701019,M
AMEENJI,Ameenji Rubber Ltd,INE14QA01016,M
DHILLON,Dhillon Freight Carrier Ltd,INE0SPJ01011,M
GLOTTIS,Glottis Ltd,INE0TQE01026,T
FABTECH,Fabtech Technologies Ltd,INE0HF201011,B
OML,Om Metallogic Ltd,INE0R8Q01018,MT
SODHACAP,Sodhani Capital Ltd,INE0QU501030,M
CHIRAHARIT,Chiraharit Ltd,INE12P101018,MT
ADVANCE,Advance Agrolife Ltd,INE1B0W01010,B
ZELIO,Zelio E Mobility Ltd,INE1B3501014,MT
OMFREIGHT,Om Freight Forwarders Ltd,INE1BZC01019,B
VALPLAST,Valplast Technologies Ltd,INE0QP701017,M
SUNSKY,Sunsky Logistics Ltd,INE10CM01027,M
INFINITY,Infinity Infoway Ltd,INE16XA01017,M
ZAPPFRESH,DSM Fresh Foods Ltd,INE0SUM01015,M
TMCV,Tata Motors Ltd,INE1TAE01010,B
WEWORK,WeWork India Management Ltd,INE085001019,B
NSBBPO,NSB BPO Solutions Ltd,INE0SLP01017,M
SKFINDUS,SKF India (Industrial) Ltd,INE2J8701016,B
TATACAP,Tata Capital Ltd,INE976I01016,A
MITTALSTL,Mittal Sections Ltd,INE833Q01012,MT
LGEINDIA,LG Electronics India Ltd,INE324D01010,B
WORTHPERI,Worth Peripherals Ltd,INE196Y01018,B
RUBICON,Rubicon Research Ltd,INE506V01022,B
CRAMC,Canara Robeco Asset Management Company Ltd,INE218I01013,B
FLEXIADD,DSP Nifty500 Flexicap Quality 30 ETF,INF740KA1WU9,B
SHLOKKA,Shlokka Dyes Ltd,INE1EUB01016,MT
CANHLIFE,Canara HSBC Life Insurance Company Ltd,INE01TY01017,B
SKM,SK Minerals & Additives Ltd,INE13YH01017,MT
SIHORA,Sihora Industries Ltd,INE0SFA01011,M
NIFTYCASE,Zerodha Nifty 50 ETF,INF0R8F01166,B
MIDWESTLTD,Midwest Ltd,INE0XAD01024,B
MHLSRG,SBI Mutual Fund,INF200K30015,B
MHLSRD,SBI Mutual Fund,INF200K30023,B
MHLSRDR,SBI Mutual Fund,INF200K30031,B
MHLSDG,SBI Mutual Fund,INF200K30049,B
MHLSDD,SBI Mutual Fund,INF200K30056,B
MHLSDDR,SBI Mutual Fund,INF200K30064,B
TRADEUNO,Game Changers Texfab Ltd,INE1GUJ01014,M
ORKLAINDIA,Orkla India Ltd,INE16NZ01023,B
SAFECURE,Safecure Services Ltd,INE0SVZ01015,M
PIRAMALFIN,Piramal Finance Ltd,INE202B01038,B
ACCURACY,Accuracy Shipping Ltd,INE648Z01023,B
STUDDS,Studds Accessories Ltd,INE00Q601028,B
LENSKART,Lenskart Solutions Ltd,INE956O01016,B
GROWW,Billionbrains Garage Ventures Ltd,INE0HOQ01053,B
ENERGY,Mirae Asset Nifty Energy ETF,INF769K01PR2,B
SMALL250,Mirae Asset Nifty Smallcap 250 ETF,INF769K01PQ4,B
PINELABS,Pine Labs Ltd,INE15B701018,B
SHTL,Shining Tools Ltd,INE0D8001018,MT
EMMVEE,Emmvee Photovoltaic Power Ltd,INE1C6T01020,B
PWL,Physicswallah Ltd,INE0LP301011,B
WORKMATES,Workmates Core2Cloud Solution Ltd,INE1I1301016,M
MAHALIFE,Mahamaya Lifesciences Ltd,INE0U9D01019,M
TENNIND,Tenneco Clean Air India Ltd,INE19RI01016,B
UTLSOLAR,Fujiyama Power Systems Ltd,INE12UR01024,B
CAPILLARY,Capillary Technologies India Ltd,INE0ILV01024,B
KSR,KSR Footwear Ltd,INE1SPP01016,T
GALLARD,Gallard Steel Ltd,INE0BUQ01012,M
EXCELSOFT,Excelsoft Technologies Ltd,INE606N01019,B
ESENSEX,Edelweiss BSE Sensex ETF,INF754K01VY8,B
SUDEEPPHRM,Sudeep Pharma Ltd,INE0QPI01025,B
MSCIADD,MSCIADD,INF740KA1WV7,B
SSMD,SSMD Agrotech India Ltd,INE1U2R01013,MT
KWIL,Kwality Walls (India) Ltd,INE2KCE01013,B
MNFL,Mother Nutri Foods Ltd,INE0UH001016,M
KKSILK,K K Silk Mills Ltd,INE0EOJ01014,M
LOGICIEL,Logiciel Solutions Ltd,INE1BA901016,MT
EXATO,Exato Technologies Ltd,INE1E4401010,M
PURPLEWAVE,Purple Wave Infocom Ltd,INE0VDK01019,M
ASTRONMULT,Astron Multigrain Ltd,INE0RUY01012,MT
RAVEL,Ravelcare Ltd,INE0W4D01018,M
HELLOJI,Helloji Holidays Ltd,INE1FJE01010,M
CNL,Creative Newtech Ltd,INE985W01018,B
MEESHO,Meesho Ltd,INE0VDM01015,B
VIDYAWIRES,Vidya Wires Ltd,INE14UN01029,B
AEQUS,Aequs Ltd,INE947N01017,B
LUXURY,Luxury Time Ltd,INE1CJB01013,MT
WOSAL,Western Overseas Study Abroad Ltd,INE1MF401019,MT
METHODHUB,Methodhub Software Ltd,INE0QZR01017,M
RDEL,Riddhi Display Equipments Ltd,INE1DKT01011,MT
KVTOYS,K. V. Toys India Ltd,INE1IE301018,M
WAKEFIT,Wakefit Innovations Ltd,INE0E7301029,B
PRODOCS,Prodocs Solutions Ltd,INE10XK01019,M
CORONA,Corona Remedies Ltd,INE02ZQ01018,B
PARKHOSPS,Park Medi World Ltd,INE119201023,B
SHIPWAVES,Shipwaves Online Ltd,INE0O9L01010,MT
NEPHROPLUS,Nephrocare Health Services Ltd,INE428V01029,B
UNISEM,Unisem Agritech Ltd,INE1FHV01026,M
TSIFDG,Titanium Hybrid Long-Short Fund Direct Plan Growth,INF277K30047,B
TSIFDIR,Titanium Hybrid Long-Short Fund Direct Plan IDCW Reinvestment,INF277K30054,B
TSIFRG,Titanium Hybrid Long-Short Fund Regular Plan Growth,INF277K30013,B
TSIFRIP,Titanium Hybrid Long-Short Fund Regular Plan IDCW Payout,INF277K30039,B
TSIFRIR,Titanium Hybrid Long-Short Fund Regular Plan IDCW Reinvestment,INF277K30021,B
SMALLADD,DSP Nifty Smallcap 250 ETF,INF740KA1WX3,B
MIDCAPADD,DSP Nifty Midcap 150 ETF,INF740KA1WW5,B
HRS,HRS Aluglaze Ltd,INE1E1V01017,M
PAJSON,Pajson Agro India Ltd,INE14LM01012,M
ICICIAMC,ICICI Prudential Asset Management Company Ltd,INE346A01027,A
STANBIK,Stanbik Agro Ltd,INE16QA01011,M
TOP20,Mirae Asset Nifty Top 20 Equal Weight ETF,INF769K01PZ5,B
DIVIDEND,Mirae Asset BSE 500 Dividend Leaders 50 ETF,INF769K01PY8,B
SIMANDHAR,Simandhar Impex Ltd,INE0VI201010,XT
NEPLOG,Neptune Logitek Ltd,INE1NQ501012,M
KSHINTL,KSH International Ltd,INE987S01020,B
GLOBALLOG,Global Ocean Logistics India Ltd,INE1ITY01011,M
GKSL,Gujarat Kidney and Super Speciality Ltd,INE0V0W01025,B
DACHEPALLI,Dachepalli Publishers Ltd,INE1F9M01018,MT
NANTA,Nanta Tech Ltd,INE0YJA01011,MT
ADMACH,Admach Systems Ltd,INE0XLO01010,M
BAIKAKAJI,Bai-Kakaji Polymers Ltd,INE1IJQ01026,M
ATIL,Apollo Techno Industries Ltd,INE0X4A01013,M
MDRC,Modern Diagnostic & Research Centre Ltd,INE1HK501016,M
NEXT50ADD,DSP Nifty Next 50 ETF,INF740KA1XU7,B
GTIL,Gabion Technologies India Ltd,INE1H1501013,M
YAJUR,Yajur Fibres Ltd,INE0CNJ01010,M
DEFRAIL,Defrail Technologies Ltd,INE0ZE201010,M
BHARATCOAL,Bharat Coking Coal Ltd,INE05XR01022,B
AMAGI,Amagi Media Labs Ltd,INE121R01077,B
NARMADESH,Narmadesh Brass Industries Ltd,INE0S1B01014,MT
INDOSMC,INDO SMC Ltd,INE0WKY01013,MT
GRERENEW,GRE Renew Enertech Ltd,INE0U8P01015,MT
ARITAS,Aritas Vinyl Ltd,INE1D8001016,MT
DIGILOGIC,Digilogic Systems Ltd,INE1OOT01028,M
SHADOWFAX,Shadowfax Technologies Ltd,INE12UN01015,B
SHAYONAENG,Shayona Engineering Ltd,INE0UCL01011,M
HANNAH,Hannah Joseph Hospital Ltd,INE0JVH01012,M
KASTURI,Kasturi Metal Composite Ltd,INE0T1301023,M
ARSIFHRG,Arudha Hybrid Long- Short Fund Regular Plan-Growth,INF194K30010,B
ARSIFHRMD,Arudha Hybrid Long- Short Fund Regular Plan-Monthly IDCW,INF194K30051,B
ARSIFHDG,Arudha Hybrid Long- Short Fund Direct Plan-Growth,INF194K30184,B
ARSIFHRHD,Arudha Hybrid Long- Short Fund Direct Plan-Half yearly IDCW,INF194K30242,B
KANISHK,Kanishk Aluminium India Ltd,INE163401016,MT
ANL,Accretion Nutraveda Ltd,INE1KVQ01019,MT
MSAFE,Msafe Equipments Ltd,INE2B5L01011,M
ISIFHLSG,iSIF Hybrid Long-Short Fund - Growth,INF109K30018,B
ISIFHLSDG,iSIF Hybrid Long-Short Fund - Direct Plan - Growth,INF109K30026,B
PANHR,PAN HR Solution Ltd,INE1N9E01015,MT
AYE,Aye Finance Ltd,INE501X01029,B
FRACTAL,Fractal Analytics Ltd,INE212S01015,B
HEALTHCARE,Mirae Asset Nifty 500 Healthcare ETF,INF769K01QA6,B
DCMSIL,DCM Shriram International Ltd,INE0OU201013,T
DSFCL,DCM Shriram Fine Chemicals Ltd,INE0OFM01015,B
INFRA,Mirae Asset Nifty India Infrastructure & LogisticsETF,INF769K01QB4,B
DEFENCE,Mirae Asset BSE India Defence ETF,INF769K01QC2,B
ABSLMSCIN,Aditya Birla Sun Life MSCI India ETF,INF209KC1662,B
FIL,Fractal Industries Ltd,INE1W3Q01011,M
YASHHTEJ,Yashhtej Industries (India) Ltd,INE1O6P01016,MT
GAUDIUMIVF,Gaudium IVF and Women Health Ltd,INE0P8B01020,T
ACCORDTS,Accord Transformer & Switchgear Ltd,INE132201018,M
KIAASA,Kiaasa Retail Ltd,INE1C3F01018,M
SRTL,Shree Ram Twistex Ltd,INE19GK01015,B
CLEANMAX,Clean Max Enviro Energy Solutions Ltd,INE647U01026,B
PNGSREVA,PNGS Reva Diamond Jewellery Ltd,INE1RDG01013,B
ABSL10BANK,Aditya Birla Sun Life BSE Top 10 Banks ETF,INF209KC1670,B
OMNI,Omnitech Engineering Ltd,INE0UH301010,B
GROWWHOSPI,Groww BSE Hospitals ETF,INF666M01OD9,B
SBIMIDMOM,SBI Nifty Midcap 150 Momentum 50 ETF,INF200KB1AJ0,B
SEDEMAC,Sedemac Mechatronics Ltd,INE00XB01019,B
ELFIN,Elfin Agro India Ltd,INE1FEW01013,MT
BANK10ADD,DSP BSE Top 10 Banks ETF,INF740KA1YH2,B
KOTYARK,Kotyark Industries Ltd,INE0J0B01017,B
RSL,Rajputana Stainless Ltd,INE313L01016,B
INNOVISION,Innovision Ltd,INE0ADB01012,B
GSPCROP,GSP Crop Science Ltd,INE713R01022,B
NOVUS,Novus Loyalty Ltd,INE1TFS01019,M
VALUE,Mirae Asset Nifty 500 Value 50 ETF,INF769K01QV2,B
SPML,Speciality Medicines Ltd,INE0R0M01014,MT
CMPDI,Central Mine Planning & Design Institute Ltd,INE05HV01027,B
TIPCO,Tipco Engineering India Ltd,INE1U6D01014,MT
HIGHNESS,Highness Microelectronics Ltd,INE1KI801019,M
SAIPARENT,Sai Parenterals Ltd,INE0H9F01037,B
AMIRCHAND,Amir Chand Jagdish Kumar (Exports) Ltd,INE05TO01019,B
POWERICA,Powerica Ltd,INE921L01032,B
SBINMID150,SBI Nifty Midcap 150 ETF,INF200KB1AK8,B
SCDL,Safety Controls & Devices Ltd,INE0UMH01018,M
EMIAC,Emiac Technologies Ltd,INE1OSW01015,M
ONEPOINT,One Point One Solutions Ltd,INE840Y01029,B
ARSIFHDAD,Arudha Hybrid Long- Short Fund Direct Plan-Annual IDCW,INF194K30259,B
OMPOWER,Om Power Transmission Ltd,INE25E901019,B
MTL,Mehul Telecom Ltd,INE1K0V01011,M
KISSHT,OnEMI Technology Solutions Ltd,INE12F801023,B
RECODE,Recode Studios Ltd,INE2B6701015,M
UNITEDPOLY,United Polyfab Gujarat Ltd,INE368U01029,T
BSHSL,Bombay Super Hybrid Seeds Ltd,INE032Z01020,T
GLPL,Goldline Pharmaceutical Ltd,INE1CLW01015,MT
FMCGADD,DSP Nifty FMCG ETF,INF740KA1ZA4,B
ENEXT50,Edelweiss Nifty Next 50 ETF,INF754K01XF3,B
SBIVALETF,SBI Nifty200 Value 30 ETF,INF200KB1AX1,B
SBISMLETF,SBI Nifty Smallcap 250 ETF,INF200KB1AY9,B
MWL,Mangalam Worldwide Ltd,INE0JYY01011,B
VPAL,Vegorama Punjabi Angithi Ltd,INE1L3801017,MT
MSCI360,360 ONE MSCI India ETF,INF579M01BP5,B
AFLTD,Autofurnish Ltd,INE18HI01019,MT
SENSEXIETF,ICICI Prudential BSE Sensex ETF,INF346A01034,A
FELDVR,Future Enterprises Ltd_DVR,IN9623B01058,Z
JISLDVREQS,Jain Irrigation Systems Ltd_DVR,IN9175A01010,B
GATECHDVR,GACM Technologies Ltd,INE224E01036,B
KARURVYSYA,Karur Vysya Bank Ltd,INE036D01028,B
VEEDOL,Veedol Corporation Ltd,INE484C01030,B
AMRUTANJAN,Amrutanjan Health Care Ltd-$,INE098F01031,B
XPROINDIA,Xpro India Ltd,INE445C01015,B
HISARMETAL,Hisar Metal Industries Ltd-$,INE598C01011,B
BHARATRAS,Bharat Rasayan Ltd,INE838B01021,B
EASTSILK,Eastern Silk Industries Ltd,INE962C01035,T
FACT,Fertilizers and Chemicals Travancore Ltd,INE188A01015,B
GINNIFILA,Ginni Filaments Ltd,INE424C01010,B
SPIC,Southern Petrochemicals Industries Corporation Ltd,INE147A01011,B
DENORA,De Nora India Ltd,INE244A01016,B
KAVDEFENCE,Kavveri Defence & Wireless Technologies Ltd-$,INE641C01019,B
SAKSOFT,Saksoft Ltd,INE667G01023,B
SALONA,Salona Cotspin Ltd,INE498E01010,B
EQUIPPP,Equippp Social Impact Technologies Ltd,INE217G01035,T
ANDHRSUGAR,Andhra Sugars Ltd,INE715B01021,B
IMPAL,India Motor Parts & Accessories Ltd,INE547E01014,B
KCP,KCP Ltd,INE805C01028,B
KHAITANLTD,Khaitan (India) Ltd,INE731C01018,T
RADAAN,Radaan Mediaworks India Ltd,INE874F01027,B
SUNDARMFIN,Sundaram Finance Ltd,INE660A01013,B
SUNDRMBRAK,Sundaram Brake Linings Ltd,INE073D01013,B
WHEELS,Wheels India Ltd,INE715A01015,B
LAMBODHARA,Lambodhara Textile Ltd-$,INE112F01022,B
MAITHANALL,Maithan Alloys Ltd,INE683C01011,B
ORISSAMINE,Orissa Minerals Development Company Ltd,INE725E01024,B
NIFTYBEES,Nippon India ETF Nifty 50 BeES,INF204KB14I2,B
JUNIORBEES,Nippon India ETF Nifty Next 50 Junior BeES,INF732E01045,B
BANKBEES,Nippon India ETF Nifty Bank BeES,INF204KB15I9,B
PSUBANK,Kotak Nifty PSU Bank ETF,INF373I01023,B
PSUBNKBEES,Nippon India ETF Nifty PSU Bank BeES,INF204KB16I7,B
SHARIABEES,Nippon India ETF Nifty 50 Shariah BeES,INF732E01128,B
QNIFTY,Quantum Nifty 50 ETF,INF082J01499,B
MOM50,Motilal Oswal Nifty 50 ETF,INF247L01536,B
MADRASFERT,Madras Fertilizers Ltd,INE414A01015,B
BANKNIFTY1,Kotak Nifty Bank ETF,INF174KA1ZB7,B
SETFNIFBK,SBI-ETF NIFTY BANK,INF200KA1580,B
SETFNIF50,SBI-ETF NIFTY 50,INF200KA1FS1,B
LIQUID1,Kotak Nifty 1D Rate Liquid ETF,INF174KA1LV5,B
ITBEES,Nippon India ETF Nifty IT,INF204KB15V2,B
PHARMABEES,Nippon India Nifty Pharma ETF,INF204KC1089,B
MID150BEES,Nippon India ETF Nifty Midcap 150,INF204KB1V68,B
MOSMALL250,Motilal Oswal Nifty Smallcap 250 ETF,INF247L01CH6,B
MOCAPITAL,Motilal Oswal Nifty Capital Market ETF,INF247L01EV3,B
MOREALTY,Motilal Oswal Nifty Realty ETF,INF247L01CI4,B
MOMENTUM50,Motilal Oswal Nifty 500 Momentum 50 ETF,INF247L01DK8,B
MODEFENCE,Motilal Oswal Nifty India Defence ETF,INF247L01DJ0,B
MONIFTY500,Motilal Oswal Nifty 500 ETF,INF247L01BU1,B
ALPHA,Kotak Nifty Alpha 50 ETF,INF174KA1IA5,B
GROWWDEFNC,Groww Nifty India Defence ETF,INF666M01IO8,B
GROWWRAIL,Groww Nifty India Railways PSU ETF,INF666M01JJ6,B
NETF,Tata Nifty 50 Exchange Traded Fund,INF277K015R5,B
DHAN-RE,Dhanlaxmi Bank Ltd,INE680A20011,R
STEEL-RE,Steelco Gujarat Ltd,INE629B20016,R
ESSEN-RE3,Integra Essentia Ltd,INE418N20043,R
HASJUICE,Has Lifestyle Ltd,INE888Q01016,IP
WEBSL,Web Element Solutions Ltd,INE562Q01017,IP
ADHIRAJ,Adhiraj Distributors Ltd,INE067R01015,IP
APLABPP,Aplab Ltd,IN9273A01047,XT
SSFLPP,Spandana Sphoorty Financial Ltd,IN9572J01019,B
SURAJINDPP,Suraj Industries Ltd,IN9170U01035,X
ATLPP,Allcargo Terminals Ltd,IN90NN701011,B
ANNVRPP,ANNVRRIDHHI VENTURES Ltd,IN9075K01029,X
ACESEPP,Ace Software Exports ltd,IN9849B01026,X
ANIRITPP,ANIRIT VENTURES Ltd,IN9161F01019,XT
KRISHPP,KRISHIVAL FOODS Ltd,IN90GGO01013,B
VERTEXPP,Vertex Securities Ltd,IN9316D01014,X
TILPP,TIL Ltd,IN9806C01016,B
